dataset,model,spot,fov,pearson_r,jsd,rmse,cells
seqFISH+ cortex/SVZ,marker_only,1,0,0.8055750920479516,0.3056483611123229,0.15863526175605697,17
seqFISH+ cortex/SVZ,marker_only,2,0,0.6087135697135598,0.23710757832232818,0.15730380250632156,13
seqFISH+ cortex/SVZ,marker_only,3,0,0.4864434728231558,0.428770585643888,0.14213381090374028,6
seqFISH+ cortex/SVZ,marker_only,4,0,-0.1936491673103708,0.8032223212740381,0.25843829535236884,7
seqFISH+ cortex/SVZ,marker_only,5,0,0.2085144140570748,0.4387038388365104,0.1859044938711073,11
seqFISH+ cortex/SVZ,marker_only,6,0,0.8062552222347565,0.24902249956730618,0.1477097891751993,5
seqFISH+ cortex/SVZ,marker_only,7,0,0.168105349713061,0.4942553862355422,0.22222222222222224,9
seqFISH+ cortex/SVZ,marker_only,8,0,0.4620013783873818,0.36170223254235434,0.17407765595569782,12
seqFISH+ cortex/SVZ,marker_only,9,0,0.9999999999999998,0.0,0.0,2
seqFISH+ cortex/SVZ,marker_only,10,1,-0.027399831217559515,0.6037593748197109,0.23570226039551584,6
seqFISH+ cortex/SVZ,marker_only,11,1,0.3338916490308828,0.48323902705803984,0.20100756305184245,12
seqFISH+ cortex/SVZ,marker_only,12,1,0.011587244366483077,0.5778195311147832,0.21976226824788314,8
seqFISH+ cortex/SVZ,marker_only,13,1,0.1979166666666667,0.47548875021634684,0.2256304299271065,5
seqFISH+ cortex/SVZ,marker_only,14,1,0.046584749531245674,0.557262351386333,0.2,10
seqFISH+ cortex/SVZ,marker_only,15,1,-0.2821202522590215,0.6666666666666666,0.2436050786486898,12
seqFISH+ cortex/SVZ,marker_only,16,1,-0.23103442669455734,0.8278195311147832,0.2870302486435247,8
seqFISH+ cortex/SVZ,marker_only,17,1,0.39658191140998983,0.5343461999172839,0.22994715856656844,14
seqFISH+ cortex/SVZ,marker_only,18,1,-0.23049760605134342,0.7028195311147831,0.22613350843332272,8
seqFISH+ cortex/SVZ,marker_only,19,2,0.306381676672686,0.3746508927026095,0.14920941939059815,7
seqFISH+ cortex/SVZ,marker_only,20,2,0.7986239047530057,0.27042604148637767,0.10050378152592121,6
seqFISH+ cortex/SVZ,marker_only,21,2,0.01785714285714287,0.5000000000000001,0.1685499656158105,8
seqFISH+ cortex/SVZ,marker_only,22,2,0.8534606386520678,0.1957096287997309,0.1005037815259212,6
seqFISH+ cortex/SVZ,marker_only,23,2,-0.16772557387550685,0.660365178416895,0.21101398453599896,7
seqFISH+ cortex/SVZ,marker_only,24,2,0.355934248407187,0.4370927081530443,0.15891043154093204,6
seqFISH+ cortex/SVZ,marker_only,25,2,0.5556410716886805,0.2641604167868593,0.15713484026367722,9
seqFISH+ cortex/SVZ,marker_only,26,2,0.3529014383686371,0.5408520829727552,0.21320071635561044,6
seqFISH+ cortex/SVZ,marker_only,27,2,-0.0656532164298613,0.5175080355597523,0.1722921969015792,7
seqFISH+ cortex/SVZ,marker_only,28,3,0.4183300132670376,0.5487949406953986,0.26111648393354675,4
seqFISH+ cortex/SVZ,marker_only,29,3,0.04282429436422071,0.557262351386333,0.20449494325821807,10
seqFISH+ cortex/SVZ,marker_only,30,3,-0.235302425908485,0.8278195311147832,0.26111648393354675,8
seqFISH+ cortex/SVZ,marker_only,31,3,-0.004797943082914438,0.4999999999999999,0.2,10
seqFISH+ cortex/SVZ,marker_only,32,3,-0.0026374301584773524,0.6783045955913718,0.27524094128159016,12
seqFISH+ cortex/SVZ,marker_only,33,3,0.24618298195866553,0.3700777022761952,0.17763789471243532,11
seqFISH+ cortex/SVZ,marker_only,34,3,0.23904572186687878,0.25,0.14101901870444156,8
seqFISH+ cortex/SVZ,marker_only,35,3,0.44744645862195986,0.22222222222222215,0.12535023884839247,9
seqFISH+ cortex/SVZ,marker_only,36,3,0.22558590307832557,0.44396269048501513,0.21320071635561044,8
seqFISH+ cortex/SVZ,marker_only,37,4,0.6638357975446149,0.22957395851362242,0.12309149097933274,6
seqFISH+ cortex/SVZ,marker_only,38,4,0.650976463168882,0.2971804688852168,0.1685499656158105,8
seqFISH+ cortex/SVZ,marker_only,39,4,0.8532818336519589,0.31127812445913294,0.1767766952966369,8
seqFISH+ cortex/SVZ,marker_only,40,4,0.8739087503548764,0.0764896232170104,0.06810447066039944,14
seqFISH+ cortex/SVZ,marker_only,41,4,0.24579802006254378,0.39463350265334673,0.18349396085439346,9
seqFISH+ cortex/SVZ,marker_only,42,4,0.03310145946876718,0.5772421958646217,0.20651563939657447,9
seqFISH+ cortex/SVZ,marker_only,43,4,0.24056261216234412,0.5136173609909184,0.16412198797244365,9
seqFISH+ cortex/SVZ,marker_only,44,4,0.019418390934515473,0.40563906222956647,0.1685499656158105,8
seqFISH+ cortex/SVZ,marker_only,45,4,-0.2973176584988665,0.6622556248918267,0.2174229226018436,10
seqFISH+ cortex/SVZ,marker_only,46,5,0.06539685511376775,0.5715779392329162,0.21976226824788314,8
seqFISH+ cortex/SVZ,marker_only,47,5,-0.3051856533288596,0.5582031747964366,0.17727200782610347,36
seqFISH+ cortex/SVZ,marker_only,48,5,0.6617941660233858,0.2690471748460828,0.17082358106351275,9
seqFISH+ cortex/SVZ,marker_only,49,5,0.12974683544303794,0.32665138265937965,0.12541218609153554,17
seqFISH+ cortex/SVZ,marker_only,50,5,-0.3896943278350679,0.5990943086128094,0.16828922296513538,29
seqFISH+ cortex/SVZ,marker_only,51,5,0.35856858280031817,0.30704034100743033,0.128564869306645,11
seqFISH+ cortex/SVZ,marker_only,52,5,-0.081287373892406,0.5719210521380922,0.19671939172084305,29
seqFISH+ cortex/SVZ,marker_only,53,5,-0.11932096668274622,0.5064184388677286,0.16700388666306074,37
seqFISH+ cortex/SVZ,marker_only,54,5,0.36039927920216247,0.39315587846583216,0.1767766952966369,8
seqFISH+ cortex/SVZ,marker_only,55,6,0.21926450482675724,0.6548575458269755,0.2842676218074806,6
seqFISH+ cortex/SVZ,marker_only,56,6,0.5854908226556832,0.393555357451924,0.20203050891044214,7
seqFISH+ cortex/SVZ,marker_only,57,6,-0.3486083443891982,0.8888888888888888,0.26801008406912324,9
seqFISH+ cortex/SVZ,marker_only,58,6,-0.23904572186687875,1.0,0.337099931231621,8
seqFISH+ cortex/SVZ,marker_only,59,6,0.11303108084324884,0.637259721501066,0.2551379987942442,18
seqFISH+ cortex/SVZ,marker_only,60,6,0.31304951684997046,0.5487949406953986,0.2820380374088831,4
seqFISH+ cortex/SVZ,marker_only,61,6,-0.2366877793714464,0.8571428571428571,0.29213563322602576,7
seqFISH+ cortex/SVZ,marker_only,62,6,-0.28133442034726747,0.7983896184625486,0.2642598738097505,17
seqFISH+ cortex/SVZ,marker_only,63,6,0.2564992625656802,0.6000000000000001,0.20449494325821804,10
seqFISH+ cortex/SVZ,logreg_only,1,0,0.9965596785424681,0.007995152472456956,0.025082437218307115,17
seqFISH+ cortex/SVZ,logreg_only,2,0,0.8636446660455054,0.15099869534050134,0.1037230557635757,13
seqFISH+ cortex/SVZ,logreg_only,3,0,0.7474619216550931,0.1991966271302657,0.10050378152592121,6
seqFISH+ cortex/SVZ,logreg_only,4,0,0.9583937179043475,0.08893660698832367,0.06091449038731726,7
seqFISH+ cortex/SVZ,logreg_only,5,0,0.9780192938436517,0.056596022628933276,0.03876376661011099,11
seqFISH+ cortex/SVZ,logreg_only,6,0,0.9462129411718868,0.11034030477602405,0.0852802865422442,5
seqFISH+ cortex/SVZ,logreg_only,7,0,0.9897542950999353,0.05822919557085847,0.04737793696791341,9
seqFISH+ cortex/SVZ,logreg_only,8,0,0.9898302737557874,0.04367189667814378,0.035533452725935055,12
seqFISH+ cortex/SVZ,logreg_only,9,0,0.9999999999999998,0.0,0.0,2
seqFISH+ cortex/SVZ,logreg_only,10,1,1.0,0.0,0.0,6
seqFISH+ cortex/SVZ,logreg_only,11,1,0.9811145452839297,0.005660774347998603,0.03553345272593509,12
seqFISH+ cortex/SVZ,logreg_only,12,1,0.884551765490997,0.10060252965230074,0.09231861823449955,8
seqFISH+ cortex/SVZ,logreg_only,13,1,0.9462129411718868,0.11034030477602405,0.0852802865422442,5
seqFISH+ cortex/SVZ,logreg_only,14,1,0.9709316831442536,0.062255624891826546,0.04264014327112209,10
seqFISH+ cortex/SVZ,logreg_only,15,1,1.0,0.0,0.0,12
seqFISH+ cortex/SVZ,logreg_only,16,1,0.9999999999999998,0.0,0.0,8
seqFISH+ cortex/SVZ,logreg_only,17,1,1.0,0.0,0.0,14
seqFISH+ cortex/SVZ,logreg_only,18,1,0.9743808478295162,0.01942376072437565,0.05330017908890261,8
seqFISH+ cortex/SVZ,logreg_only,19,2,0.932212098479592,0.0818033591233326,0.06091449038731726,7
seqFISH+ cortex/SVZ,logreg_only,20,2,0.9036961141150638,0.19704399805002334,0.12309149097933274,6
seqFISH+ cortex/SVZ,logreg_only,21,2,0.7834548185980502,0.23345859334434965,0.14101901870444156,8
seqFISH+ cortex/SVZ,logreg_only,22,2,0.968962790249909,0.09002628845466677,0.07106690545187017,6
seqFISH+ cortex/SVZ,logreg_only,23,2,0.9284769758863484,0.10968618237784605,0.10550699226799948,7
seqFISH+ cortex/SVZ,logreg_only,24,2,1.0,0.0,0.0,6
seqFISH+ cortex/SVZ,logreg_only,25,2,0.9860406186017733,0.05864128460533155,0.04737793696791344,9
seqFISH+ cortex/SVZ,logreg_only,26,2,0.9501192571463303,0.09195025398002003,0.07106690545187014,6
seqFISH+ cortex/SVZ,logreg_only,27,2,0.9497611434631532,0.07881450341144577,0.06091449038731726,7
seqFISH+ cortex/SVZ,logreg_only,28,3,0.9999999999999997,0.0,0.0,4
seqFISH+ cortex/SVZ,logreg_only,29,3,0.9826858043207378,0.015032781036625018,0.04264014327112208,10
seqFISH+ cortex/SVZ,logreg_only,30,3,0.9026872737417256,0.1916042296095925,0.09231861823449955,8
seqFISH+ cortex/SVZ,logreg_only,31,3,0.9800250020524475,0.053283383687673866,0.04264014327112208,10
seqFISH+ cortex/SVZ,logreg_only,32,3,0.9949880547234067,0.0430984531470803,0.035533452725935055,12
seqFISH+ cortex/SVZ,logreg_only,33,3,1.0,0.0,0.0,11
seqFISH+ cortex/SVZ,logreg_only,34,3,0.9999999999999999,0.0,0.0,8
seqFISH+ cortex/SVZ,logreg_only,35,3,0.9999999999999998,0.0,0.0,9
seqFISH+ cortex/SVZ,logreg_only,36,3,0.9860604553917957,0.06597144518099801,0.05330017908890261,8
seqFISH+ cortex/SVZ,logreg_only,37,4,0.9999999999999998,0.0,0.0,6
seqFISH+ cortex/SVZ,logreg_only,38,4,0.9799320082338995,0.0666042296095924,0.05330017908890261,8
seqFISH+ cortex/SVZ,logreg_only,39,4,0.9999999999999997,0.0,0.0,8
seqFISH+ cortex/SVZ,logreg_only,40,4,0.8951004520594925,0.06497109045056998,0.05275349613399974,14
seqFISH+ cortex/SVZ,logreg_only,41,4,1.0,0.0,0.0,9
seqFISH+ cortex/SVZ,logreg_only,42,4,0.953943401266822,0.08259374544570533,0.08206099398622183,9
seqFISH+ cortex/SVZ,logreg_only,43,4,0.8352851818726265,0.17241128043112447,0.08206099398622183,9
seqFISH+ cortex/SVZ,logreg_only,44,4,1.0,0.0,0.0,8
seqFISH+ cortex/SVZ,logreg_only,45,4,0.969136997197515,0.062255624891826546,0.04264014327112209,10
seqFISH+ cortex/SVZ,logreg_only,46,5,0.48361941016437066,0.27439747034769935,0.15990053726670783,8
seqFISH+ cortex/SVZ,logreg_only,47,5,-0.21417835522582973,0.6623783851011832,0.21221138054701502,36
seqFISH+ cortex/SVZ,logreg_only,48,5,0.5123065554127967,0.39335085896977773,0.17082358106351275,9
seqFISH+ cortex/SVZ,logreg_only,49,5,0.13493073104939574,0.3278013831684311,0.13965310007701173,17
seqFISH+ cortex/SVZ,logreg_only,50,5,-0.17522825645558746,0.7076071628301421,0.2277856065778677,29
seqFISH+ cortex/SVZ,logreg_only,51,5,0.2958039891549808,0.36817570318681253,0.15982710418027862,11
seqFISH+ cortex/SVZ,logreg_only,52,5,-0.2162546426421603,0.6991048518386722,0.21358064071342728,29
seqFISH+ cortex/SVZ,logreg_only,53,5,-0.41050944305427584,0.8444624999415279,0.2186594148529434,37
seqFISH+ cortex/SVZ,logreg_only,54,5,0.36039927920216236,0.40563906222956647,0.1767766952966369,8
seqFISH+ cortex/SVZ,logreg_only,55,6,0.9999999999999997,0.0,0.0,6
seqFISH+ cortex/SVZ,logreg_only,56,6,1.0,0.0,0.0,7
seqFISH+ cortex/SVZ,logreg_only,57,6,0.9770833333333337,0.11111111111111113,0.047377936967913425,9
seqFISH+ cortex/SVZ,logreg_only,58,6,0.9999999999999997,0.0,0.0,8
seqFISH+ cortex/SVZ,logreg_only,59,6,0.9977909541642794,0.007415968340648281,0.02368896848395672,18
seqFISH+ cortex/SVZ,logreg_only,60,6,0.9999999999999997,0.0,0.0,4
seqFISH+ cortex/SVZ,logreg_only,61,6,1.0,0.0,0.0,7
seqFISH+ cortex/SVZ,logreg_only,62,6,0.971656827912702,0.11122382907030805,0.056086034661505434,17
seqFISH+ cortex/SVZ,logreg_only,63,6,0.97770931504071,0.05517015238801204,0.0426401432711221,10
seqFISH+ cortex/SVZ,linear_svm,1,0,0.9932762836185817,0.01441838222567833,0.025082437218307108,17
seqFISH+ cortex/SVZ,linear_svm,2,0,0.9166182643470342,0.15099869534050134,0.09277272140854265,13
seqFISH+ cortex/SVZ,linear_svm,3,0,0.7474619216550931,0.1991966271302657,0.10050378152592121,6
seqFISH+ cortex/SVZ,linear_svm,4,0,0.9285716829466477,0.1661019970923237,0.08614609845078962,7
seqFISH+ cortex/SVZ,linear_svm,5,0,0.9555330859059096,0.11319204525786652,0.0548202444686843,11
seqFISH+ cortex/SVZ,linear_svm,6,0,0.9462129411718868,0.11034030477602405,0.0852802865422442,5
seqFISH+ cortex/SVZ,linear_svm,7,0,0.954166666666667,0.2222222222222222,0.0670025210172808,9
seqFISH+ cortex/SVZ,linear_svm,8,0,0.9739214598468648,0.09195025398002003,0.06154574548966636,12
seqFISH+ cortex/SVZ,linear_svm,9,0,0.9999999999999998,0.0,0.0,2
seqFISH+ cortex/SVZ,linear_svm,10,1,0.9320987654320989,0.16666666666666652,0.07106690545187014,6
seqFISH+ cortex/SVZ,linear_svm,11,1,0.8578503758112297,0.1767322883410903,0.09401267913629437,12
seqFISH+ cortex/SVZ,linear_svm,12,1,0.884551765490997,0.10060252965230074,0.09231861823449955,8
seqFISH+ cortex/SVZ,linear_svm,13,1,0.8580066500456939,0.310340304776024,0.12060453783110547,5
seqFISH+ cortex/SVZ,linear_svm,14,1,0.8916681643888692,0.11452470277266567,0.08528028654224416,10
seqFISH+ cortex/SVZ,linear_svm,15,1,1.0,0.0,0.0,12
seqFISH+ cortex/SVZ,linear_svm,16,1,0.8669859202629814,0.22485854058705992,0.14101901870444156,8
seqFISH+ cortex/SVZ,linear_svm,17,1,0.9912219088628689,0.07611911955381986,0.052753496133999725,14
seqFISH+ cortex/SVZ,linear_svm,18,1,0.9743808478295162,0.01942376072437565,0.05330017908890261,8
seqFISH+ cortex/SVZ,linear_svm,19,2,1.0,0.0,0.0,7
seqFISH+ cortex/SVZ,linear_svm,20,2,0.9036961141150638,0.19704399805002334,0.12309149097933274,6
seqFISH+ cortex/SVZ,linear_svm,21,2,0.7834548185980502,0.23345859334434965,0.14101901870444156,8
seqFISH+ cortex/SVZ,linear_svm,22,2,0.968962790249909,0.09002628845466677,0.07106690545187017,6
seqFISH+ cortex/SVZ,linear_svm,23,2,0.9698864318463735,0.0771653901040001,0.06091449038731728,7
seqFISH+ cortex/SVZ,linear_svm,24,2,0.9019752336033948,0.03252996046359906,0.07106690545187015,6
seqFISH+ cortex/SVZ,linear_svm,25,2,0.9860406186017733,0.05864128460533155,0.04737793696791344,9
seqFISH+ cortex/SVZ,linear_svm,26,2,0.9501192571463303,0.09195025398002003,0.07106690545187014,6
seqFISH+ cortex/SVZ,linear_svm,27,2,0.9497611434631532,0.07881450341144577,0.06091449038731726,7
seqFISH+ cortex/SVZ,linear_svm,28,3,0.9999999999999997,0.0,0.0,4
seqFISH+ cortex/SVZ,linear_svm,29,3,0.9803614520381428,0.053283383687673866,0.04264014327112208,10
seqFISH+ cortex/SVZ,linear_svm,30,3,0.944689404198106,0.1431558784658321,0.09231861823449955,8
seqFISH+ cortex/SVZ,linear_svm,31,3,0.8863741433293344,0.11452470277266567,0.08528028654224416,10
seqFISH+ cortex/SVZ,linear_svm,32,3,0.9753091510727658,0.08935462167682648,0.07106690545187014,12
seqFISH+ cortex/SVZ,linear_svm,33,3,0.9860533131446984,0.04797923285890771,0.038763766610110995,11
seqFISH+ cortex/SVZ,linear_svm,34,3,0.9999999999999999,0.0,0.0,8
seqFISH+ cortex/SVZ,linear_svm,35,3,0.9100137361600645,0.06917291654647398,0.047377936967913425,9
seqFISH+ cortex/SVZ,linear_svm,36,3,0.9860604553917957,0.06597144518099801,0.05330017908890261,8
seqFISH+ cortex/SVZ,linear_svm,37,4,0.7919082295744861,0.26210391897722146,0.10050378152592121,6
seqFISH+ cortex/SVZ,linear_svm,38,4,0.9799320082338995,0.0666042296095924,0.05330017908890261,8
seqFISH+ cortex/SVZ,linear_svm,39,4,0.989762410697451,0.06550784501721567,0.05330017908890261,8
seqFISH+ cortex/SVZ,linear_svm,40,4,0.8580850198314687,0.11589687492273329,0.06091449038731726,14
seqFISH+ cortex/SVZ,linear_svm,41,4,0.7046778563471778,0.24945694420405903,0.1340050420345616,9
seqFISH+ cortex/SVZ,linear_svm,42,4,0.9375033156440042,0.12837667619944493,0.0670025210172808,9
seqFISH+ cortex/SVZ,linear_svm,43,4,0.7052727217133422,0.20197066796665103,0.1059402876939547,9
seqFISH+ cortex/SVZ,linear_svm,44,4,0.9294871794871798,0.12500000000000003,0.05330017908890261,8
seqFISH+ cortex/SVZ,linear_svm,45,4,0.9696132596685081,0.1,0.04264014327112209,10
seqFISH+ cortex/SVZ,linear_svm,46,5,0.3614842312201868,0.3459754095806154,0.1685499656158105,8
seqFISH+ cortex/SVZ,linear_svm,47,5,-0.11437577455191913,0.5118224347451846,0.19245008972987526,36
seqFISH+ cortex/SVZ,linear_svm,48,5,0.4294913638549117,0.44444444444444453,0.17082358106351275,9
seqFISH+ cortex/SVZ,linear_svm,49,5,0.18500769741085316,0.2736215878817644,0.11494216716686993,17
seqFISH+ cortex/SVZ,linear_svm,50,5,-0.20982863114663636,0.6991048518386722,0.21609640049672835,29
seqFISH+ cortex/SVZ,linear_svm,51,5,0.13693063937629157,0.45454545454545464,0.16896734132447,11
seqFISH+ cortex/SVZ,linear_svm,52,5,-0.31043621335297006,0.7102266201209069,0.19998919006566246,29
seqFISH+ cortex/SVZ,linear_svm,53,5,-0.4203533844703983,0.7105723345163193,0.20060337962604616,37
seqFISH+ cortex/SVZ,linear_svm,54,5,0.3078215365445631,0.45020428236688215,0.1994310088043664,8
seqFISH+ cortex/SVZ,linear_svm,55,6,0.9999999999999997,0.0,0.0,6
seqFISH+ cortex/SVZ,linear_svm,56,6,0.9692737430167602,0.14285714285714282,0.06091449038731726,7
seqFISH+ cortex/SVZ,linear_svm,57,6,0.9770833333333337,0.11111111111111113,0.047377936967913425,9
seqFISH+ cortex/SVZ,linear_svm,58,6,0.9748243359065808,0.13792538097003,0.09231861823449955,8
seqFISH+ cortex/SVZ,linear_svm,59,6,0.9956530124173009,0.03458645827323699,0.023688968483956713,18
seqFISH+ cortex/SVZ,linear_svm,60,6,0.9999999999999997,0.0,0.0,4
seqFISH+ cortex/SVZ,linear_svm,61,6,1.0,0.0,0.0,7
seqFISH+ cortex/SVZ,linear_svm,62,6,0.9466001920527466,0.17011026771421825,0.07094384578300321,17
seqFISH+ cortex/SVZ,linear_svm,63,6,0.9822018526991491,0.053283383687673866,0.04264014327112208,10
seqFISH+ cortex/SVZ,pca_knn,1,0,0.9938956131635266,0.03965441029957626,0.0434440556397645,17
seqFISH+ cortex/SVZ,pca_knn,2,0,0.9924633586864522,0.010888296317801638,0.032800110208555465,13
seqFISH+ cortex/SVZ,pca_knn,3,0,0.9096243177544772,0.09543725231055479,0.07106690545187015,6
seqFISH+ cortex/SVZ,pca_knn,4,0,0.9745839010884121,0.02219858368500076,0.06091449038731725,7
seqFISH+ cortex/SVZ,pca_knn,5,0,0.9730672655996825,0.030501566502595636,0.06714081326145424,11
seqFISH+ cortex/SVZ,pca_knn,6,0,0.9462129411718867,0.11034030477602405,0.0852802865422442,5
seqFISH+ cortex/SVZ,pca_knn,7,0,0.9770833333333336,0.11111111111111113,0.047377936967913425,9
seqFISH+ cortex/SVZ,pca_knn,8,0,0.989039008994658,0.007820989143820864,0.03553345272593508,12
seqFISH+ cortex/SVZ,pca_knn,9,0,0.9999999999999998,0.0,0.0,2
seqFISH+ cortex/SVZ,pca_knn,10,1,0.9441175904999111,0.19087450462110958,0.12309149097933274,6
seqFISH+ cortex/SVZ,pca_knn,11,1,0.9359156715911412,0.07808842073725601,0.09401267913629437,12
seqFISH+ cortex/SVZ,pca_knn,12,1,0.9802276595759094,0.0666042296095924,0.05330017908890261,8
seqFISH+ cortex/SVZ,pca_knn,13,1,0.9036961141150641,0.23645279766002797,0.1477097891751993,5
seqFISH+ cortex/SVZ,pca_knn,14,1,0.9462129411718867,0.11034030477602405,0.0852802865422442,10
seqFISH+ cortex/SVZ,pca_knn,15,1,0.9938091624956634,0.043249300267762844,0.03553345272593508,12
seqFISH+ cortex/SVZ,pca_knn,16,1,0.9999999999999998,0.0,0.0,8
seqFISH+ cortex/SVZ,pca_knn,17,1,1.0,0.0,0.0,14
seqFISH+ cortex/SVZ,pca_knn,18,1,0.9539709877353517,0.09291796362641859,0.09231861823449955,8
seqFISH+ cortex/SVZ,pca_knn,19,2,0.8784790995606271,0.11497431960262953,0.10550699226799949,7
seqFISH+ cortex/SVZ,pca_knn,20,2,0.9036961141150638,0.19704399805002334,0.12309149097933274,6
seqFISH+ cortex/SVZ,pca_knn,21,2,0.7834548185980502,0.23345859334434965,0.14101901870444156,8
seqFISH+ cortex/SVZ,pca_knn,22,2,0.968962790249909,0.09002628845466677,0.07106690545187017,6
seqFISH+ cortex/SVZ,pca_knn,23,2,0.9284769758863484,0.10968618237784605,0.10550699226799948,7
seqFISH+ cortex/SVZ,pca_knn,24,2,1.0,0.0,0.0,6
seqFISH+ cortex/SVZ,pca_knn,25,2,0.9750597449482259,0.12260033864002674,0.08206099398622183,9
seqFISH+ cortex/SVZ,pca_knn,26,2,0.8791559897067684,0.1341367062030676,0.12309149097933274,6
seqFISH+ cortex/SVZ,pca_knn,27,2,0.8784790995606268,0.11497431960262938,0.10550699226799949,7
seqFISH+ cortex/SVZ,pca_knn,28,3,0.9999999999999997,0.0,0.0,4
seqFISH+ cortex/SVZ,pca_knn,29,3,0.9826858043207378,0.015032781036625018,0.04264014327112208,10
seqFISH+ cortex/SVZ,pca_knn,30,3,0.9860604553917958,0.06597144518099801,0.05330017908890261,8
seqFISH+ cortex/SVZ,pca_knn,31,3,0.9999999999999999,0.0,0.0,10
seqFISH+ cortex/SVZ,pca_knn,32,3,1.0,0.0,0.0,12
seqFISH+ cortex/SVZ,pca_knn,33,3,1.0,0.0,0.0,11
seqFISH+ cortex/SVZ,pca_knn,34,3,0.9999999999999999,0.0,0.0,8
seqFISH+ cortex/SVZ,pca_knn,35,3,0.9999999999999998,0.0,0.0,9
seqFISH+ cortex/SVZ,pca_knn,36,3,0.9860604553917957,0.06597144518099801,0.05330017908890261,8
seqFISH+ cortex/SVZ,pca_knn,37,4,0.9999999999999998,0.0,0.0,6
seqFISH+ cortex/SVZ,pca_knn,38,4,0.9860604553917957,0.06597144518099801,0.05330017908890261,8
seqFISH+ cortex/SVZ,pca_knn,39,4,0.9999999999999997,0.0,0.0,8
seqFISH+ cortex/SVZ,pca_knn,40,4,0.8092477811673077,0.1289157312298862,0.08058229640253803,14
seqFISH+ cortex/SVZ,pca_knn,41,4,0.9683908045977014,0.11111111111111113,0.047377936967913425,9
seqFISH+ cortex/SVZ,pca_knn,42,4,0.8916681643888693,0.2356430511214536,0.1059402876939547,9
seqFISH+ cortex/SVZ,pca_knn,43,4,0.949423529706153,0.06362483487370311,0.047377936967913425,9
seqFISH+ cortex/SVZ,pca_knn,44,4,1.0,0.0,0.0,8
seqFISH+ cortex/SVZ,pca_knn,45,4,0.969136997197515,0.062255624891826546,0.04264014327112209,10
seqFISH+ cortex/SVZ,pca_knn,46,5,0.20720720720720723,0.5000000000000001,0.21320071635561044,8
seqFISH+ cortex/SVZ,pca_knn,47,5,-0.17933926292106597,0.7245567608557132,0.23924685418842448,36
seqFISH+ cortex/SVZ,pca_knn,48,5,0.4303178724427839,0.5044619700808889,0.1953442384425628,9
seqFISH+ cortex/SVZ,pca_knn,49,5,-0.005809068398754433,0.4933424675242837,0.1826028992402553,17
seqFISH+ cortex/SVZ,pca_knn,50,5,-0.09211370207125977,0.7644117201811442,0.27507725352326406,29
seqFISH+ cortex/SVZ,pca_knn,51,5,0.28603877677367767,0.38137997843469046,0.150131422517231,11
seqFISH+ cortex/SVZ,pca_knn,52,5,-0.2812947311258349,0.7660988487586918,0.21858320733241776,29
seqFISH+ cortex/SVZ,pca_knn,53,5,-0.23843484784226027,0.8684413852228433,0.2638047278912934,37
seqFISH+ cortex/SVZ,pca_knn,54,5,0.13587324409735152,0.5243974703476995,0.1994310088043664,8
seqFISH+ cortex/SVZ,pca_knn,55,6,0.9999999999999997,0.0,0.0,6
seqFISH+ cortex/SVZ,pca_knn,56,6,1.0,0.0,0.0,7
seqFISH+ cortex/SVZ,pca_knn,57,6,0.9330243986908685,0.2222222222222222,0.08206099398622183,9
seqFISH+ cortex/SVZ,pca_knn,58,6,0.9999999999999997,0.0,0.0,8
seqFISH+ cortex/SVZ,pca_knn,59,6,0.992161709624073,0.057914261762502306,0.04737793696791344,18
seqFISH+ cortex/SVZ,pca_knn,60,6,0.9999999999999997,0.0,0.0,4
seqFISH+ cortex/SVZ,pca_knn,61,6,1.0,0.0,0.0,7
seqFISH+ cortex/SVZ,pca_knn,62,6,0.9541666666666668,0.1398496324165726,0.06636189115503133,17
seqFISH+ cortex/SVZ,pca_knn,63,6,0.7766849698921529,0.21951797627815944,0.12792042981336627,10
seqFISH+ cortex/SVZ,extra_trees,1,0,0.9908397479357179,0.04461610829117847,0.035471922891501605,17
seqFISH+ cortex/SVZ,extra_trees,2,0,0.9924633586864522,0.010888296317801638,0.032800110208555465,13
seqFISH+ cortex/SVZ,extra_trees,3,0,0.9096243177544772,0.09543725231055479,0.07106690545187015,6
seqFISH+ cortex/SVZ,extra_trees,4,0,0.9745839010884121,0.02219858368500076,0.06091449038731725,7
seqFISH+ cortex/SVZ,extra_trees,5,0,0.9873639431445171,0.013329000823271863,0.038763766610110995,11
seqFISH+ cortex/SVZ,extra_trees,6,0,0.8062552222347565,0.24902249956730618,0.1477097891751993,5
seqFISH+ cortex/SVZ,extra_trees,7,0,1.0,0.0,0.0,9
seqFISH+ cortex/SVZ,extra_trees,8,0,0.989039008994658,0.007820989143820864,0.03553345272593508,12
seqFISH+ cortex/SVZ,extra_trees,9,0,0.9999999999999998,0.0,0.0,2
seqFISH+ cortex/SVZ,extra_trees,10,1,0.968962790249909,0.0900262884546667,0.07106690545187017,6
seqFISH+ cortex/SVZ,extra_trees,11,1,0.9359156715911412,0.07808842073725601,0.09401267913629437,12
seqFISH+ cortex/SVZ,extra_trees,12,1,1.0,0.0,0.0,8
seqFISH+ cortex/SVZ,extra_trees,13,1,0.9462129411718868,0.11034030477602405,0.0852802865422442,5
seqFISH+ cortex/SVZ,extra_trees,14,1,0.9462129411718867,0.11034030477602405,0.0852802865422442,10
seqFISH+ cortex/SVZ,extra_trees,15,1,0.9938091624956634,0.043249300267762844,0.03553345272593508,12
seqFISH+ cortex/SVZ,extra_trees,16,1,0.9999999999999998,0.0,0.0,8
seqFISH+ cortex/SVZ,extra_trees,17,1,1.0,0.0,0.0,14
seqFISH+ cortex/SVZ,extra_trees,18,1,0.9539709877353517,0.09291796362641859,0.09231861823449955,8
seqFISH+ cortex/SVZ,extra_trees,19,2,0.8514693182963199,0.1677511103997695,0.0861460984507896,7
seqFISH+ cortex/SVZ,extra_trees,20,2,0.9036961141150638,0.19704399805002334,0.12309149097933274,6
seqFISH+ cortex/SVZ,extra_trees,21,2,0.7834548185980502,0.23345859334434965,0.14101901870444156,8
seqFISH+ cortex/SVZ,extra_trees,22,2,0.968962790249909,0.09002628845466677,0.07106690545187017,6
seqFISH+ cortex/SVZ,extra_trees,23,2,0.9284769758863484,0.10968618237784605,0.10550699226799948,7
seqFISH+ cortex/SVZ,extra_trees,24,2,1.0,0.0,0.0,6
seqFISH+ cortex/SVZ,extra_trees,25,2,0.9750597449482259,0.12260033864002674,0.08206099398622183,9
seqFISH+ cortex/SVZ,extra_trees,26,2,0.8791559897067684,0.1341367062030676,0.12309149097933274,6
seqFISH+ cortex/SVZ,extra_trees,27,2,0.8784790995606268,0.11497431960262938,0.10550699226799949,7
seqFISH+ cortex/SVZ,extra_trees,28,3,0.9999999999999997,0.0,0.0,4
seqFISH+ cortex/SVZ,extra_trees,29,3,0.9826858043207378,0.015032781036625018,0.04264014327112208,10
seqFISH+ cortex/SVZ,extra_trees,30,3,0.9860604553917958,0.06597144518099801,0.05330017908890261,8
seqFISH+ cortex/SVZ,extra_trees,31,3,0.9999999999999999,0.0,0.0,10
seqFISH+ cortex/SVZ,extra_trees,32,3,1.0,0.0,0.0,12
seqFISH+ cortex/SVZ,extra_trees,33,3,1.0,0.0,0.0,11
seqFISH+ cortex/SVZ,extra_trees,34,3,0.9999999999999999,0.0,0.0,8
seqFISH+ cortex/SVZ,extra_trees,35,3,0.9999999999999998,0.0,0.0,9
seqFISH+ cortex/SVZ,extra_trees,36,3,0.9860604553917957,0.06597144518099801,0.05330017908890261,8
seqFISH+ cortex/SVZ,extra_trees,37,4,0.906779661016949,0.16666666666666666,0.07106690545187014,6
seqFISH+ cortex/SVZ,extra_trees,38,4,1.0,0.0,0.0,8
seqFISH+ cortex/SVZ,extra_trees,39,4,0.9999999999999997,0.0,0.0,8
seqFISH+ cortex/SVZ,extra_trees,40,4,0.853899862373554,0.11836849104429914,0.07460470969529907,14
seqFISH+ cortex/SVZ,extra_trees,41,4,0.9683908045977013,0.11111111111111113,0.047377936967913425,9
seqFISH+ cortex/SVZ,extra_trees,42,4,0.8916681643888693,0.2356430511214536,0.1059402876939547,9
seqFISH+ cortex/SVZ,extra_trees,43,4,1.0,0.0,0.0,9
seqFISH+ cortex/SVZ,extra_trees,44,4,1.0,0.0,0.0,8
seqFISH+ cortex/SVZ,extra_trees,45,4,0.9999999999999999,0.0,0.0,10
seqFISH+ cortex/SVZ,extra_trees,46,5,0.20720720720720723,0.5000000000000001,0.21320071635561044,8
seqFISH+ cortex/SVZ,extra_trees,47,5,-0.14909758211895202,0.84278112623469,0.31180478223116176,36
seqFISH+ cortex/SVZ,extra_trees,48,5,0.42949136385491166,0.44444444444444453,0.17082358106351275,9
seqFISH+ cortex/SVZ,extra_trees,49,5,-0.09100873824715279,0.5235373252876544,0.1893682482312917,17
seqFISH+ cortex/SVZ,extra_trees,50,5,-0.054515083486295524,0.7500088568916216,0.3063130658383977,29
seqFISH+ cortex/SVZ,extra_trees,51,5,0.2901905000440047,0.3571950249965322,0.17763789471243532,11
seqFISH+ cortex/SVZ,extra_trees,52,5,-0.21939157392446373,0.9525019396178714,0.33205172857342596,29
seqFISH+ cortex/SVZ,extra_trees,53,5,-0.20826671086471138,1.0,0.3385496187349412,37
seqFISH+ cortex/SVZ,extra_trees,54,5,0.008671099695241234,0.5778195311147832,0.24425210522959862,8
seqFISH+ cortex/SVZ,extra_trees,55,6,0.9999999999999997,0.0,0.0,6
seqFISH+ cortex/SVZ,extra_trees,56,6,1.0,0.0,0.0,7
seqFISH+ cortex/SVZ,extra_trees,57,6,0.9770833333333336,0.11111111111111113,0.047377936967913425,9
seqFISH+ cortex/SVZ,extra_trees,58,6,0.9999999999999997,0.0,0.0,8
seqFISH+ cortex/SVZ,extra_trees,59,6,0.9977909541642794,0.007415968340648281,0.02368896848395672,18
seqFISH+ cortex/SVZ,extra_trees,60,6,0.9999999999999997,0.0,0.0,4
seqFISH+ cortex/SVZ,extra_trees,61,6,1.0,0.0,0.0,7
seqFISH+ cortex/SVZ,extra_trees,62,6,0.9541666666666668,0.1398496324165726,0.06636189115503133,17
seqFISH+ cortex/SVZ,extra_trees,63,6,0.9777093150407101,0.05517015238801192,0.0426401432711221,10
seqFISH+ cortex/SVZ,singler_native,1,0,0.9965596785424681,0.007995152472456956,0.025082437218307115,17
seqFISH+ cortex/SVZ,singler_native,2,0,0.9889049990093798,0.007219374594296004,0.03280011020855544,13
seqFISH+ cortex/SVZ,singler_native,3,0,0.9096243177544772,0.09543725231055479,0.07106690545187015,6
seqFISH+ cortex/SVZ,singler_native,4,0,0.9745839010884121,0.02219858368500076,0.06091449038731725,7
seqFISH+ cortex/SVZ,singler_native,5,0,0.9780192938436517,0.056596022628933276,0.03876376661011099,11
seqFISH+ cortex/SVZ,singler_native,6,0,0.9999999999999999,0.0,0.0,5
seqFISH+ cortex/SVZ,singler_native,7,0,1.0,0.0,0.0,9
seqFISH+ cortex/SVZ,singler_native,8,0,0.9682577013645416,0.06049660805654219,0.06154574548966636,12
seqFISH+ cortex/SVZ,singler_native,9,0,0.9999999999999998,0.0,0.0,2
seqFISH+ cortex/SVZ,singler_native,10,1,0.968962790249909,0.0900262884546667,0.07106690545187017,6
seqFISH+ cortex/SVZ,singler_native,11,1,0.9705109461892987,0.053508854797678286,0.061545745489666355,12
seqFISH+ cortex/SVZ,singler_native,12,1,1.0,0.0,0.0,8
seqFISH+ cortex/SVZ,singler_native,13,1,0.9462129411718868,0.11034030477602405,0.0852802865422442,5
seqFISH+ cortex/SVZ,singler_native,14,1,0.9826858043207378,0.015032781036625018,0.04264014327112208,10
seqFISH+ cortex/SVZ,singler_native,15,1,1.0,0.0,0.0,12
seqFISH+ cortex/SVZ,singler_native,16,1,0.9999999999999998,0.0,0.0,8
seqFISH+ cortex/SVZ,singler_native,17,1,1.0,0.0,0.0,14
seqFISH+ cortex/SVZ,singler_native,18,1,0.9743808478295162,0.01942376072437565,0.05330017908890261,8
seqFISH+ cortex/SVZ,singler_native,19,2,0.932212098479592,0.0818033591233326,0.06091449038731726,7
seqFISH+ cortex/SVZ,singler_native,20,2,0.9036961141150638,0.19704399805002334,0.12309149097933274,6
seqFISH+ cortex/SVZ,singler_native,21,2,0.7440483996873345,0.2727829985375175,0.11918282365569904,8
seqFISH+ cortex/SVZ,singler_native,22,2,0.968962790249909,0.09002628845466677,0.07106690545187017,6
seqFISH+ cortex/SVZ,singler_native,23,2,0.9698864318463735,0.0771653901040001,0.06091449038731728,7
seqFISH+ cortex/SVZ,singler_native,24,2,1.0,0.0,0.0,6
seqFISH+ cortex/SVZ,singler_native,25,2,0.9860406186017733,0.05864128460533155,0.04737793696791344,9
seqFISH+ cortex/SVZ,singler_native,26,2,0.9501192571463303,0.09195025398002003,0.07106690545187014,6
seqFISH+ cortex/SVZ,singler_native,27,2,0.9497611434631532,0.07881450341144577,0.06091449038731726,7
seqFISH+ cortex/SVZ,singler_native,28,3,0.9999999999999997,0.0,0.0,4
seqFISH+ cortex/SVZ,singler_native,29,3,0.9999999999999998,0.0,0.0,10
seqFISH+ cortex/SVZ,singler_native,30,3,0.9860604553917958,0.06597144518099801,0.05330017908890261,8
seqFISH+ cortex/SVZ,singler_native,31,3,0.9999999999999999,0.0,0.0,10
seqFISH+ cortex/SVZ,singler_native,32,3,1.0,0.0,0.0,12
seqFISH+ cortex/SVZ,singler_native,33,3,1.0,0.0,0.0,11
seqFISH+ cortex/SVZ,singler_native,34,3,0.9999999999999999,0.0,0.0,8
seqFISH+ cortex/SVZ,singler_native,35,3,0.9999999999999998,0.0,0.0,9
seqFISH+ cortex/SVZ,singler_native,36,3,0.9860604553917957,0.06597144518099801,0.05330017908890261,8
seqFISH+ cortex/SVZ,singler_native,37,4,0.9999999999999998,0.0,0.0,6
seqFISH+ cortex/SVZ,singler_native,38,4,1.0,0.0,0.0,8
seqFISH+ cortex/SVZ,singler_native,39,4,0.989762410697451,0.06550784501721567,0.05330017908890261,8
seqFISH+ cortex/SVZ,singler_native,40,4,0.8379630250151799,0.12342954283273815,0.07460470969529907,14
seqFISH+ cortex/SVZ,singler_native,41,4,0.7528235483957427,0.13834583309294787,0.12535023884839247,9
seqFISH+ cortex/SVZ,singler_native,42,4,0.8307692307692306,0.2913951387686962,0.09475587393582685,9
seqFISH+ cortex/SVZ,singler_native,43,4,1.0,0.0,0.0,9
seqFISH+ cortex/SVZ,singler_native,44,4,1.0,0.0,0.0,8
seqFISH+ cortex/SVZ,singler_native,45,4,0.9999999999999999,0.0,0.0,10
seqFISH+ cortex/SVZ,singler_native,46,5,0.5707645756108212,0.27439747034769935,0.14101901870444156,8
seqFISH+ cortex/SVZ,singler_native,47,5,-0.29329290128643953,0.5729402691399165,0.18727773957312277,36
seqFISH+ cortex/SVZ,singler_native,48,5,0.37588652482269497,0.44444444444444453,0.1895117478716537,9
seqFISH+ cortex/SVZ,singler_native,49,5,0.4589614031923089,0.16677664491879235,0.09384988649617243,17
seqFISH+ cortex/SVZ,singler_native,50,5,-0.4612715781759064,0.7263051210184964,0.19283456425366394,29
seqFISH+ cortex/SVZ,singler_native,51,5,0.4183300132670379,0.29047088752559946,0.12258179317513491,11
seqFISH+ cortex/SVZ,singler_native,52,5,-0.05648492694833372,0.6398457480828712,0.2658854264406273,29
seqFISH+ cortex/SVZ,singler_native,53,5,-0.38002202413997016,0.7540972149415135,0.19076215178163805,37
seqFISH+ cortex/SVZ,singler_native,54,5,0.4084219761941048,0.34436093777043364,0.21320071635561044,8
seqFISH+ cortex/SVZ,singler_native,55,6,0.9999999999999997,0.0,0.0,6
seqFISH+ cortex/SVZ,singler_native,56,6,1.0,0.0,0.0,7
seqFISH+ cortex/SVZ,singler_native,57,6,0.9770833333333337,0.11111111111111113,0.047377936967913425,9
seqFISH+ cortex/SVZ,singler_native,58,6,0.9999999999999997,0.0,0.0,8
seqFISH+ cortex/SVZ,singler_native,59,6,0.992161709624073,0.057914261762502306,0.04737793696791344,18
seqFISH+ cortex/SVZ,singler_native,60,6,0.9999999999999997,0.0,0.0,4
seqFISH+ cortex/SVZ,singler_native,61,6,1.0,0.0,0.0,7
seqFISH+ cortex/SVZ,singler_native,62,6,0.984063795075663,0.05821044056759046,0.06636189115503133,17
seqFISH+ cortex/SVZ,singler_native,63,6,0.9999999999999998,0.0,0.0,10
seqFISH+ cortex/SVZ,spatial_smoothing,1,0,0.7869894679117915,0.22528694373224936,0.1462544848254261,17
seqFISH+ cortex/SVZ,spatial_smoothing,2,0,0.5536934555266363,0.19789411645102534,0.16400055104277725,13
seqFISH+ cortex/SVZ,spatial_smoothing,3,0,0.7474619216550931,0.1991966271302657,0.10050378152592121,6
seqFISH+ cortex/SVZ,spatial_smoothing,4,0,-0.15256428831468233,0.8032223212740381,0.27241788264159783,7
seqFISH+ cortex/SVZ,spatial_smoothing,5,0,0.31434730673096584,0.34589274883803683,0.1899028974062158,11
seqFISH+ cortex/SVZ,spatial_smoothing,6,0,0.8062552222347565,0.24902249956730618,0.1477097891751993,5
seqFISH+ cortex/SVZ,spatial_smoothing,7,0,0.19920476822239894,0.4670206642537054,0.22222222222222227,9
seqFISH+ cortex/SVZ,spatial_smoothing,8,0,0.13618726455589325,0.5314536459234779,0.22473328748774735,12
seqFISH+ cortex/SVZ,spatial_smoothing,9,0,0.9999999999999998,0.0,0.0,2
seqFISH+ cortex/SVZ,spatial_smoothing,10,1,0.06415002990995844,0.5629072918469558,0.23570226039551584,6
seqFISH+ cortex/SVZ,spatial_smoothing,11,1,0.38495243583151845,0.4343170282144423,0.22190634114964863,12
seqFISH+ cortex/SVZ,spatial_smoothing,12,1,0.011587244366483077,0.5778195311147832,0.21976226824788314,8
seqFISH+ cortex/SVZ,spatial_smoothing,13,1,0.1979166666666667,0.47548875021634684,0.2256304299271065,5
seqFISH+ cortex/SVZ,spatial_smoothing,14,1,0.2254250239912185,0.45517015238801206,0.2088931871468374,10
seqFISH+ cortex/SVZ,spatial_smoothing,15,1,-0.13903017140231752,0.6310519594886107,0.251259453814803,12
seqFISH+ cortex/SVZ,spatial_smoothing,16,1,-0.11681277400841036,0.8278195311147832,0.32856437033638547,8
seqFISH+ cortex/SVZ,spatial_smoothing,17,1,0.36170458169920156,0.5073859319828743,0.22994715856656844,14
seqFISH+ cortex/SVZ,spatial_smoothing,18,1,-0.23049760605134342,0.7028195311147831,0.22613350843332272,8
seqFISH+ cortex/SVZ,spatial_smoothing,19,2,0.33620689655172414,0.3396348215831049,0.16116459280507606,7
seqFISH+ cortex/SVZ,spatial_smoothing,20,2,0.5919212470522277,0.3250112108241772,0.1421338109037403,6
seqFISH+ cortex/SVZ,spatial_smoothing,21,2,0.09834947405868039,0.4693609377704336,0.1767766952966369,8
seqFISH+ cortex/SVZ,spatial_smoothing,22,2,0.7962962962962963,0.15485754582697564,0.12309149097933274,6
seqFISH+ cortex/SVZ,spatial_smoothing,23,2,0.2930045193365596,0.46358749969093316,0.20203050891044214,7
seqFISH+ cortex/SVZ,spatial_smoothing,24,2,0.5416666666666666,0.3658632937969323,0.1421338109037403,6
seqFISH+ cortex/SVZ,spatial_smoothing,25,2,0.20826554958879198,0.3673987806715099,0.1953442384425628,9
seqFISH+ cortex/SVZ,spatial_smoothing,26,2,0.4657780077916656,0.45914791702724483,0.25623537159526916,6
seqFISH+ cortex/SVZ,spatial_smoothing,27,2,-0.043103448275862113,0.606444642548076,0.20203050891044216,7
seqFISH+ cortex/SVZ,spatial_smoothing,28,3,-0.17888543819998312,1.0,0.3535533905932738,4
seqFISH+ cortex/SVZ,spatial_smoothing,29,3,0.10767638041163319,0.5245112497836532,0.21320071635561044,10
seqFISH+ cortex/SVZ,spatial_smoothing,30,3,-0.235302425908485,0.8278195311147832,0.26111648393354675,8
seqFISH+ cortex/SVZ,spatial_smoothing,31,3,0.11661758018626435,0.46225562489182653,0.20449494325821804,10
seqFISH+ cortex/SVZ,spatial_smoothing,32,3,0.04000616922738629,0.6426898884133162,0.28203803740888306,12
seqFISH+ cortex/SVZ,spatial_smoothing,33,3,0.06741998624632423,0.4768284088942301,0.21231789386223351,11
seqFISH+ cortex/SVZ,spatial_smoothing,34,3,0.23904572186687878,0.25,0.14101901870444156,8
seqFISH+ cortex/SVZ,spatial_smoothing,35,3,0.5268321206355335,0.20197066796665103,0.11605177063713189,9
seqFISH+ cortex/SVZ,spatial_smoothing,36,3,0.1957464531221301,0.515540629717931,0.2323300943211463,8
seqFISH+ cortex/SVZ,spatial_smoothing,37,4,0.4948891332786447,0.32984633500279853,0.21320071635561044,6
seqFISH+ cortex/SVZ,spatial_smoothing,38,4,0.2425553875643786,0.39054062971793113,0.22613350843332272,8
seqFISH+ cortex/SVZ,spatial_smoothing,39,4,0.0711068194709966,0.7169171866886994,0.3153281119434456,8
seqFISH+ cortex/SVZ,spatial_smoothing,40,4,0.7264032700039814,0.2995512385596945,0.1775947315737317,14
seqFISH+ cortex/SVZ,spatial_smoothing,41,4,-0.15207018804111258,0.5974937501201927,0.2222222222222222,9
seqFISH+ cortex/SVZ,spatial_smoothing,42,4,-0.09248043889897672,0.7833258594505484,0.250700477696785,9
seqFISH+ cortex/SVZ,spatial_smoothing,43,4,0.28487818435609863,0.4499925261172153,0.1953442384425628,9
seqFISH+ cortex/SVZ,spatial_smoothing,44,4,0.4312246170265219,0.1493974703476993,0.14101901870444156,8
seqFISH+ cortex/SVZ,spatial_smoothing,45,4,-0.1310292211878146,0.5867668746754798,0.2256304299271065,10
seqFISH+ cortex/SVZ,spatial_smoothing,46,5,0.06539685511376775,0.5715779392329162,0.21976226824788314,8
seqFISH+ cortex/SVZ,spatial_smoothing,47,5,-0.18316276012062233,0.53961889852117,0.183875842559571,36
seqFISH+ cortex/SVZ,spatial_smoothing,48,5,0.6590881300103708,0.35686714873036746,0.2171129824263099,9
seqFISH+ cortex/SVZ,spatial_smoothing,49,5,0.018686692922007753,0.4513228814101884,0.15863526175605697,17
seqFISH+ cortex/SVZ,spatial_smoothing,50,5,-0.18874786692778808,0.6169516796271359,0.191710154876748,29
seqFISH+ cortex/SVZ,spatial_smoothing,51,5,0.47434164902525694,0.25425582015605913,0.12258179317513493,11
seqFISH+ cortex/SVZ,spatial_smoothing,52,5,-0.027186703065057754,0.6533370985192976,0.26302416255050826,29
seqFISH+ cortex/SVZ,spatial_smoothing,53,5,-0.07313601291816862,0.4905398415415357,0.16460082775866564,37
seqFISH+ cortex/SVZ,spatial_smoothing,54,5,0.4498028241853994,0.318962690485015,0.19217652869645185,8
seqFISH+ cortex/SVZ,spatial_smoothing,55,6,0.21926450482675724,0.6548575458269755,0.2842676218074806,6
seqFISH+ cortex/SVZ,spatial_smoothing,56,6,0.24535758955858145,0.47236986086336974,0.2511568779975807,7
seqFISH+ cortex/SVZ,spatial_smoothing,57,6,-0.21988001778747937,0.7777777777777778,0.27625847133691606,9
seqFISH+ cortex/SVZ,spatial_smoothing,58,6,-0.23904572186687875,1.0,0.337099931231621,8
seqFISH+ cortex/SVZ,spatial_smoothing,59,6,-0.04415882879637111,0.6797579921882725,0.2721655269759086,18
seqFISH+ cortex/SVZ,spatial_smoothing,60,6,-0.17888543819998312,1.0,0.3535533905932738,4
seqFISH+ cortex/SVZ,spatial_smoothing,61,6,-0.18647176806452204,0.8571428571428571,0.3045724519365863,7
seqFISH+ cortex/SVZ,spatial_smoothing,62,6,-0.24397803771124854,0.7761870448695054,0.26662996496936703,17
seqFISH+ cortex/SVZ,spatial_smoothing,63,6,0.39675148729719323,0.5145247027726656,0.20449494325821804,10
seqFISH+ cortex/SVZ,spatial_smoothing_random_graph,1,0,0.6322382790315707,0.28050856781016575,0.17011736599558144,17
seqFISH+ cortex/SVZ,spatial_smoothing_random_graph,2,0,0.3635810794769688,0.30812245235616875,0.1855454428170853,13
seqFISH+ cortex/SVZ,spatial_smoothing_random_graph,3,0,0.25675675675675685,0.4999999999999999,0.15891043154093204,6
seqFISH+ cortex/SVZ,spatial_smoothing_random_graph,4,0,-0.23237900077244497,0.8032223212740381,0.25115687799758074,7
seqFISH+ cortex/SVZ,spatial_smoothing_random_graph,5,0,-0.04256282653793742,0.5975112285330298,0.21231789386223354,11
seqFISH+ cortex/SVZ,spatial_smoothing_random_graph,6,0,0.8062552222347565,0.24902249956730618,0.1477097891751993,5
seqFISH+ cortex/SVZ,spatial_smoothing_random_graph,7,0,0.20928947258123928,0.4942553862355424,0.2171129824263099,9
seqFISH+ cortex/SVZ,spatial_smoothing_random_graph,8,0,0.24639507269384112,0.42606510371594414,0.19462473604038072,12
seqFISH+ cortex/SVZ,spatial_smoothing_random_graph,9,0,0.9999999999999998,0.0,0.0,2
seqFISH+ cortex/SVZ,spatial_smoothing_random_graph,10,1,0.06415002990995844,0.5629072918469558,0.23570226039551584,6
seqFISH+ cortex/SVZ,spatial_smoothing_random_graph,11,1,0.3338916490308828,0.48323902705803984,0.20100756305184245,12
seqFISH+ cortex/SVZ,spatial_smoothing_random_graph,12,1,0.011587244366483077,0.5778195311147832,0.21976226824788314,8
seqFISH+ cortex/SVZ,spatial_smoothing_random_graph,13,1,0.09491579957524995,0.5245112497836532,0.2256304299271065,5
seqFISH+ cortex/SVZ,spatial_smoothing_random_graph,14,1,0.046584749531245605,0.557262351386333,0.2,10
seqFISH+ cortex/SVZ,spatial_smoothing_random_graph,15,1,-0.2821202522590215,0.6666666666666666,0.2436050786486898,12
seqFISH+ cortex/SVZ,spatial_smoothing_random_graph,16,1,-0.1328723291340236,0.7971804688852169,0.2919371040605711,8
seqFISH+ cortex/SVZ,spatial_smoothing_random_graph,17,1,0.024480416257528063,0.5735385964480834,0.25843829535236884,14
seqFISH+ cortex/SVZ,spatial_smoothing_random_graph,18,1,-0.1292611223882469,0.6556390622295666,0.22613350843332272,8
seqFISH+ cortex/SVZ,spatial_smoothing_random_graph,19,2,0.33620689655172414,0.3396348215831049,0.16116459280507606,7
seqFISH+ cortex/SVZ,spatial_smoothing_random_graph,20,2,0.5416666666666666,0.3658632937969323,0.14213381090374028,6
seqFISH+ cortex/SVZ,spatial_smoothing_random_graph,21,2,0.014164817491751868,0.5000000000000001,0.19217652869645185,8
seqFISH+ cortex/SVZ,spatial_smoothing_random_graph,22,2,0.5560384374855327,0.24004871010302103,0.18802535827258873,6
seqFISH+ cortex/SVZ,spatial_smoothing_random_graph,23,2,0.19270515954324857,0.5103747876947612,0.20203050891044214,7
seqFISH+ cortex/SVZ,spatial_smoothing_random_graph,24,2,0.6169526972391244,0.3333333333333333,0.12309149097933274,6
seqFISH+ cortex/SVZ,spatial_smoothing_random_graph,25,2,-0.06131086079941069,0.6394319446848299,0.23688968483956713,9
seqFISH+ cortex/SVZ,spatial_smoothing_random_graph,26,2,0.3761012983890467,0.5408520829727553,0.20100756305184242,6
seqFISH+ cortex/SVZ,spatial_smoothing_random_graph,27,2,0.512095088152918,0.2317937498454666,0.12182898077463453,7
seqFISH+ cortex/SVZ,spatial_smoothing_random_graph,28,3,-0.17888543819998312,1.0,0.3535533905932738,4
seqFISH+ cortex/SVZ,spatial_smoothing_random_graph,29,3,-0.03699477177502422,0.6000000000000001,0.23741027013091992,10
seqFISH+ cortex/SVZ,spatial_smoothing_random_graph,30,3,-0.2969292517416597,0.875,0.26650089544451305,8
seqFISH+ cortex/SVZ,spatial_smoothing_random_graph,31,3,0.13653339484319638,0.4440292260618125,0.21320071635561044,10
seqFISH+ cortex/SVZ,spatial_smoothing_random_graph,32,3,-0.0033140937891738866,0.6783045955913718,0.27061471362866285,12
seqFISH+ cortex/SVZ,spatial_smoothing_random_graph,33,3,1.3877787807814457e-17,0.5066021376239389,0.21231789386223354,11
seqFISH+ cortex/SVZ,spatial_smoothing_random_graph,34,3,0.23904572186687878,0.25,0.14101901870444156,8
seqFISH+ cortex/SVZ,spatial_smoothing_random_graph,35,3,0.44744645862195986,0.22222222222222215,0.12535023884839247,9
seqFISH+ cortex/SVZ,spatial_smoothing_random_graph,36,3,-0.035853443828919,0.6493974703476991,0.26650089544451305,8
seqFISH+ cortex/SVZ,spatial_smoothing_random_graph,37,4,0.7203389830508473,0.09543725231055479,0.12309149097933274,6
seqFISH+ cortex/SVZ,spatial_smoothing_random_graph,38,4,0.29648432976008493,0.3967822215997981,0.20643070596119262,8
seqFISH+ cortex/SVZ,spatial_smoothing_random_graph,39,4,-0.2025478734167333,1.0,0.3454246398538787,8
seqFISH+ cortex/SVZ,spatial_smoothing_random_graph,40,4,0.7679699612913145,0.19300209530331214,0.10550699226799948,14
seqFISH+ cortex/SVZ,spatial_smoothing_random_graph,41,4,-0.08773280079294957,0.5408520829727552,0.2171129824263099,9
seqFISH+ cortex/SVZ,spatial_smoothing_random_graph,42,4,0.03310145946876718,0.5772421958646217,0.20651563939657447,9
seqFISH+ cortex/SVZ,spatial_smoothing_random_graph,43,4,0.3444444444444445,0.37527152789797047,0.15713484026367722,9
seqFISH+ cortex/SVZ,spatial_smoothing_random_graph,44,4,0.44662299149385504,0.1800365325772657,0.13055824196677338,8
seqFISH+ cortex/SVZ,spatial_smoothing_random_graph,45,4,0.21520819301827396,0.32241905078533223,0.2,10
seqFISH+ cortex/SVZ,spatial_smoothing_random_graph,46,5,0.06539685511376775,0.5715779392329162,0.21976226824788314,8
seqFISH+ cortex/SVZ,spatial_smoothing_random_graph,47,5,-0.18308678360084069,0.5285150728991067,0.18079820524917925,36
seqFISH+ cortex/SVZ,spatial_smoothing_random_graph,48,5,0.6409145156931292,0.38780277729700696,0.1953442384425628,9
seqFISH+ cortex/SVZ,spatial_smoothing_random_graph,49,5,-0.1902877307580591,0.49942499974547433,0.14408763192842225,17
seqFISH+ cortex/SVZ,spatial_smoothing_random_graph,50,5,-0.2922933486733098,0.6029360073459817,0.17397413072741827,29
seqFISH+ cortex/SVZ,spatial_smoothing_random_graph,51,5,0.282842712474619,0.36363636363636365,0.128564869306645,11
seqFISH+ cortex/SVZ,spatial_smoothing_random_graph,52,5,-0.07599896194081249,0.5737886373927179,0.21154649302574283,29
seqFISH+ cortex/SVZ,spatial_smoothing_random_graph,53,5,-0.12384399647502853,0.527774649341897,0.17209543988046647,37
seqFISH+ cortex/SVZ,spatial_smoothing_random_graph,54,5,0.42712109808862464,0.35221700146248247,0.1767766952966369,8
seqFISH+ cortex/SVZ,spatial_smoothing_random_graph,55,6,0.21926450482675724,0.6548575458269755,0.2842676218074806,6
seqFISH+ cortex/SVZ,spatial_smoothing_random_graph,56,6,0.24291640514437926,0.5073859319828742,0.24365796154926905,7
seqFISH+ cortex/SVZ,spatial_smoothing_random_graph,57,6,-0.3103305196827101,0.8888888888888888,0.2721655269759087,9
seqFISH+ cortex/SVZ,spatial_smoothing_random_graph,58,6,-0.23904572186687875,1.0,0.337099931231621,8
seqFISH+ cortex/SVZ,spatial_smoothing_random_graph,59,6,0.11303108084324884,0.637259721501066,0.2551379987942442,18
seqFISH+ cortex/SVZ,spatial_smoothing_random_graph,60,6,0.31304951684997046,0.5487949406953986,0.2820380374088831,4
seqFISH+ cortex/SVZ,spatial_smoothing_random_graph,61,6,-0.2366877793714464,0.8571428571428571,0.29213563322602576,7
seqFISH+ cortex/SVZ,spatial_smoothing_random_graph,62,6,-0.2762029964321445,0.7647058823529411,0.2557916736492278,17
seqFISH+ cortex/SVZ,spatial_smoothing_random_graph,63,6,0.33368367913881775,0.5540157730728,0.20449494325821804,10
seqFISH+ cortex/SVZ,learned_neighborhood,1,0,0.5714343640746651,0.36335839788494184,0.1826028992402553,17
seqFISH+ cortex/SVZ,learned_neighborhood,2,0,-0.22299639541254085,0.6632735576090976,0.24103060055404316,13
seqFISH+ cortex/SVZ,learned_neighborhood,3,0,0.2567567567567568,0.5000000000000001,0.15891043154093204,6
seqFISH+ cortex/SVZ,learned_neighborhood,4,0,-0.35143737771141365,1.0,0.27241788264159783,7
seqFISH+ cortex/SVZ,learned_neighborhood,5,0,-0.031434730673096566,0.5975112285330298,0.22932953595886954,11
seqFISH+ cortex/SVZ,learned_neighborhood,6,0,0.8062552222347565,0.24902249956730618,0.1477097891751993,5
seqFISH+ cortex/SVZ,learned_neighborhood,7,0,-0.21988001778747937,0.7777777777777778,0.27625847133691606,9
seqFISH+ cortex/SVZ,learned_neighborhood,8,0,0.051107145278399796,0.5774287729134879,0.22473328748774735,12
seqFISH+ cortex/SVZ,learned_neighborhood,9,0,0.9999999999999998,0.0,0.0,2
seqFISH+ cortex/SVZ,learned_neighborhood,10,1,-0.027399831217559515,0.6037593748197109,0.23570226039551584,6
seqFISH+ cortex/SVZ,learned_neighborhood,11,1,0.30037324051869563,0.4806502730537436,0.1978418917757666,12
seqFISH+ cortex/SVZ,learned_neighborhood,12,1,0.012926112238824672,0.5778195311147832,0.21320071635561044,8
seqFISH+ cortex/SVZ,learned_neighborhood,13,1,0.15235632103615132,0.639035952556319,0.26967994498529685,5
seqFISH+ cortex/SVZ,learned_neighborhood,14,1,0.12751534261266767,0.5145247027726656,0.2,10
seqFISH+ cortex/SVZ,learned_neighborhood,15,1,-0.24884033725644983,0.6870927081530442,0.2537596094612761,12
seqFISH+ cortex/SVZ,learned_neighborhood,16,1,-0.16135456161451733,0.875,0.3242123322201615,8
seqFISH+ cortex/SVZ,learned_neighborhood,17,1,-0.3276609560622986,0.8571428571428571,0.2873330764913972,14
seqFISH+ cortex/SVZ,learned_neighborhood,18,1,-0.17960228768048717,0.7028195311147831,0.2383656473113981,8
seqFISH+ cortex/SVZ,learned_neighborhood,19,2,0.3362068965517242,0.339634821583105,0.16116459280507606,7
seqFISH+ cortex/SVZ,learned_neighborhood,20,2,0.3287689032885369,0.42877058564388826,0.20100756305184245,6
seqFISH+ cortex/SVZ,learned_neighborhood,21,2,0.012683657235796043,0.5943609377704336,0.20643070596119262,8
seqFISH+ cortex/SVZ,learned_neighborhood,22,2,0.7763285511641872,0.1446114577924663,0.12309149097933272,6
seqFISH+ cortex/SVZ,learned_neighborhood,23,2,-0.23586408826243152,0.8032223212740381,0.2279211529192759,7
seqFISH+ cortex/SVZ,learned_neighborhood,24,2,0.3559342484071871,0.4370927081530443,0.15891043154093204,6
seqFISH+ cortex/SVZ,learned_neighborhood,25,2,0.10527936095153946,0.5896210028937323,0.20100756305184242,9
seqFISH+ cortex/SVZ,learned_neighborhood,26,2,0.06779661016949154,0.6666666666666666,0.22473328748774735,6
seqFISH+ cortex/SVZ,learned_neighborhood,27,2,-0.06565321642986131,0.5175080355597523,0.1722921969015792,7
seqFISH+ cortex/SVZ,learned_neighborhood,28,3,0.3130495168499705,0.5487949406953986,0.2820380374088831,4
seqFISH+ cortex/SVZ,learned_neighborhood,29,3,-0.04246038878042232,0.6000000000000001,0.2256304299271065,10
seqFISH+ cortex/SVZ,learned_neighborhood,30,3,0.08378904971480662,0.6161431593702318,0.22613350843332272,8
seqFISH+ cortex/SVZ,learned_neighborhood,31,3,0.25908892647738624,0.33065890260435876,0.17580981459830652,10
seqFISH+ cortex/SVZ,learned_neighborhood,32,3,-0.1857382491723853,0.9166666666666666,0.3295236844080537,12
seqFISH+ cortex/SVZ,learned_neighborhood,33,3,-0.07537783614444088,0.5454545454545454,0.21928097787473716,11
seqFISH+ cortex/SVZ,learned_neighborhood,34,3,0.022222222222222185,0.4221804688852169,0.15075567228888181,8
seqFISH+ cortex/SVZ,learned_neighborhood,35,3,0.3236415901363411,0.27114358451312504,0.14982219165849825,9
seqFISH+ cortex/SVZ,learned_neighborhood,36,3,-0.27070308369399076,0.8278195311147832,0.2556186790727725,8
seqFISH+ cortex/SVZ,learned_neighborhood,37,4,0.2033277886745302,0.5000000000000001,0.18802535827258873,6
seqFISH+ cortex/SVZ,learned_neighborhood,38,4,0.19608535492373752,0.44396269048501513,0.21976226824788314,8
seqFISH+ cortex/SVZ,learned_neighborhood,39,4,-0.13046561461068845,1.0,0.3843530573929037,8
seqFISH+ cortex/SVZ,learned_neighborhood,40,4,0.7861499299380458,0.18665557514908412,0.11396057645963796,14
seqFISH+ cortex/SVZ,learned_neighborhood,41,4,0.2339541354478655,0.3673987806715099,0.18951174787165373,9
seqFISH+ cortex/SVZ,learned_neighborhood,42,4,0.2706659809803834,0.40805433155257803,0.16412198797244365,9
seqFISH+ cortex/SVZ,learned_neighborhood,43,4,0.2833333333333334,0.4863826390090817,0.16412198797244365,9
seqFISH+ cortex/SVZ,learned_neighborhood,44,4,0.09834947405868047,0.37499999999999994,0.1767766952966369,8
seqFISH+ cortex/SVZ,learned_neighborhood,45,4,-0.185410135523436,0.8000000000000002,0.24494897427831783,10
seqFISH+ cortex/SVZ,learned_neighborhood,46,5,0.13341685846488355,0.6250000000000001,0.24425210522959862,8
seqFISH+ cortex/SVZ,learned_neighborhood,47,5,-0.29861111111111116,0.5715143394138412,0.18877001607101776,36
seqFISH+ cortex/SVZ,learned_neighborhood,48,5,0.6590881300103708,0.35686714873036746,0.2171129824263099,9
seqFISH+ cortex/SVZ,learned_neighborhood,49,5,0.26008603521129636,0.29535320762176326,0.11764705882352941,17
seqFISH+ cortex/SVZ,learned_neighborhood,50,5,-0.2013225964145015,0.6203092174082234,0.1905791116435193,29
seqFISH+ cortex/SVZ,learned_neighborhood,51,5,0.28284271247461906,0.3425275706040838,0.128564869306645,11
seqFISH+ cortex/SVZ,learned_neighborhood,52,5,-0.24747457326582223,0.6895843343800059,0.20479602471549938,29
seqFISH+ cortex/SVZ,learned_neighborhood,53,5,0.10136274957704186,0.49353708925157347,0.17248087247945204,37
seqFISH+ cortex/SVZ,learned_neighborhood,54,5,0.4498028241853994,0.318962690485015,0.19217652869645185,8
seqFISH+ cortex/SVZ,learned_neighborhood,55,6,0.28867513459481287,0.6548575458269755,0.27524094128159016,6
seqFISH+ cortex/SVZ,learned_neighborhood,56,6,-0.23668777937144653,0.8571428571428571,0.29213563322602576,7
seqFISH+ cortex/SVZ,learned_neighborhood,57,6,-0.3420074356231241,0.7777777777777778,0.259499648053841,9
seqFISH+ cortex/SVZ,learned_neighborhood,58,6,0.747017880833996,0.418821231072075,0.21320071635561044,8
seqFISH+ cortex/SVZ,learned_neighborhood,59,6,0.47514526744598284,0.4878177250625764,0.22597835677976863,18
seqFISH+ cortex/SVZ,learned_neighborhood,60,6,-0.17888543819998312,1.0,0.3535533905932738,4
seqFISH+ cortex/SVZ,learned_neighborhood,61,6,-0.18647176806452204,0.8571428571428571,0.3045724519365863,7
seqFISH+ cortex/SVZ,learned_neighborhood,62,6,-0.15334790207607873,0.6562506597457258,0.2392712012962256,17
seqFISH+ cortex/SVZ,learned_neighborhood,63,6,0.11501568094107775,0.655170152388012,0.2174229226018436,10
seqFISH+ cortex/SVZ,learned_random_graph,1,0,0.08209139757009998,0.5765359668181261,0.23124864503144013,17
seqFISH+ cortex/SVZ,learned_random_graph,2,0,0.2804999163024568,0.5277188348387337,0.18842228790639828,13
seqFISH+ cortex/SVZ,learned_random_graph,3,0,0.30629229310410144,0.37418541630608854,0.14213381090374028,6
seqFISH+ cortex/SVZ,learned_random_graph,4,0,-0.4217248532536965,1.0,0.26552010779559576,7
seqFISH+ cortex/SVZ,learned_random_graph,5,0,-0.04256282653793744,0.5975112285330298,0.21231789386223354,11
seqFISH+ cortex/SVZ,learned_random_graph,6,0,0.8062552222347565,0.24902249956730618,0.1477097891751993,5
seqFISH+ cortex/SVZ,learned_random_graph,7,0,0.4211628481408209,0.4648484410699416,0.20100756305184242,9
seqFISH+ cortex/SVZ,learned_random_graph,8,0,0.15164930740959862,0.4737837298712214,0.2010075630518424,12
seqFISH+ cortex/SVZ,learned_random_graph,9,0,0.9999999999999998,0.0,0.0,2
seqFISH+ cortex/SVZ,learned_random_graph,10,1,-0.20082135869223644,0.6666666666666666,0.22473328748774735,6
seqFISH+ cortex/SVZ,learned_random_graph,11,1,0.42823492671350083,0.3638249964941346,0.17041245271518168,12
seqFISH+ cortex/SVZ,learned_random_graph,12,1,-0.04767045442765852,0.6249999999999999,0.2323300943211463,8
seqFISH+ cortex/SVZ,learned_random_graph,13,1,0.08333333333333333,0.6754887502163468,0.24120907566221092,5
seqFISH+ cortex/SVZ,learned_random_graph,14,1,-0.070243935868627,0.6000000000000001,0.2,10
seqFISH+ cortex/SVZ,learned_random_graph,15,1,-0.30047512634643675,0.7185463540765221,0.2537596094612761,12
seqFISH+ cortex/SVZ,learned_random_graph,16,1,-0.20082135869223647,0.8278195311147832,0.2919371040605711,8
seqFISH+ cortex/SVZ,learned_random_graph,17,1,-0.050328203473231185,0.6310257562493982,0.25663730968012344,14
seqFISH+ cortex/SVZ,learned_random_graph,18,1,-0.2433321316961439,0.827819531114783,0.24425210522959862,8
seqFISH+ cortex/SVZ,learned_random_graph,19,2,-0.06565321642986122,0.5175080355597522,0.1722921969015792,7
seqFISH+ cortex/SVZ,learned_random_graph,20,2,0.5802919799991053,0.428770585643888,0.12309149097933274,6
seqFISH+ cortex/SVZ,learned_random_graph,21,2,0.022917462425705228,0.5000000000000001,0.15075567228888181,8
seqFISH+ cortex/SVZ,learned_random_graph,22,2,0.6758625033664688,0.31127812445913305,0.14213381090374028,6
seqFISH+ cortex/SVZ,learned_random_graph,23,2,-0.03441163563272294,0.7142857142857143,0.2279211529192759,7
seqFISH+ cortex/SVZ,learned_random_graph,24,2,0.6952725759026166,0.26210391897722135,0.12309149097933274,6
seqFISH+ cortex/SVZ,learned_random_graph,25,2,0.10527936095153946,0.5057446137644577,0.20100756305184242,9
seqFISH+ cortex/SVZ,learned_random_graph,26,2,0.06779661016949157,0.6666666666666666,0.22473328748774735,6
seqFISH+ cortex/SVZ,learned_random_graph,27,2,-0.06565321642986131,0.5175080355597523,0.17229219690157924,7
seqFISH+ cortex/SVZ,learned_random_graph,28,3,-0.17888543819998312,1.0,0.3535533905932738,4
seqFISH+ cortex/SVZ,learned_random_graph,29,3,-0.06185895741317411,0.6000000000000001,0.20449494325821807,10
seqFISH+ cortex/SVZ,learned_random_graph,30,3,-0.3585560775748344,1.0,0.2717786532523045,8
seqFISH+ cortex/SVZ,learned_random_graph,31,3,-0.06371092682118558,0.5377443751081734,0.2,10
seqFISH+ cortex/SVZ,learned_random_graph,32,3,0.2707265899725786,0.5497143319588584,0.2537596094612761,12
seqFISH+ cortex/SVZ,learned_random_graph,33,3,0.15990053726670786,0.40439077055635264,0.1859044938711073,11
seqFISH+ cortex/SVZ,learned_random_graph,34,3,-0.11504474832710561,0.45281953111478324,0.15075567228888181,8
seqFISH+ cortex/SVZ,learned_random_graph,35,3,0.3984374999999999,0.2641604167868593,0.12535023884839247,9
seqFISH+ cortex/SVZ,learned_random_graph,36,3,-0.1998046570122312,0.7028195311147831,0.25,8
seqFISH+ cortex/SVZ,learned_random_graph,37,4,0.2033277886745302,0.5000000000000001,0.18802535827258873,6
seqFISH+ cortex/SVZ,learned_random_graph,38,4,-0.1736756000753104,0.7028195311147831,0.2556186790727725,8
seqFISH+ cortex/SVZ,learned_random_graph,39,4,0.13987572123604705,0.7169171866886994,0.2870302486435247,8
seqFISH+ cortex/SVZ,learned_random_graph,40,4,0.733777609627418,0.23685480163390546,0.09631426606617743,14
seqFISH+ cortex/SVZ,learned_random_graph,41,4,0.7628361563512716,0.16558055507478472,0.12535023884839247,9
seqFISH+ cortex/SVZ,learned_random_graph,42,4,-0.22698143635726029,0.8197159723424148,0.23210354127426377,9
seqFISH+ cortex/SVZ,learned_random_graph,43,4,0.2833333333333334,0.4863826390090817,0.16412198797244365,9
seqFISH+ cortex/SVZ,learned_random_graph,44,4,-0.23609608232494286,0.5000000000000001,0.1767766952966369,8
seqFISH+ cortex/SVZ,learned_random_graph,45,4,-0.26868481264321525,0.724511249783653,0.22156468376279892,10
seqFISH+ cortex/SVZ,learned_random_graph,46,5,0.20720720720720723,0.5000000000000001,0.21320071635561044,8
seqFISH+ cortex/SVZ,learned_random_graph,47,5,-0.1077635135458192,0.43075772582968364,0.1683417506313026,36
seqFISH+ cortex/SVZ,learned_random_graph,48,5,0.6617941660233858,0.2690471748460828,0.17082358106351275,9
seqFISH+ cortex/SVZ,learned_random_graph,49,5,-0.3566680774726239,0.5408929272224468,0.14188769156600642,17
seqFISH+ cortex/SVZ,learned_random_graph,50,5,-0.025821319558365436,0.5537396568464583,0.17521239639476013,29
seqFISH+ cortex/SVZ,learned_random_graph,51,5,0.5020790110464024,0.25498365792894606,0.128564869306645,11
seqFISH+ cortex/SVZ,learned_random_graph,52,5,-0.1179916126780143,0.5065211572332731,0.16635108666359372,29
seqFISH+ cortex/SVZ,learned_random_graph,53,5,-0.22077317776374122,0.5615199780341985,0.16620672752125565,37
seqFISH+ cortex/SVZ,learned_random_graph,54,5,0.42712109808862464,0.35221700146248247,0.1767766952966369,8
seqFISH+ cortex/SVZ,learned_random_graph,55,6,0.2192645048267573,0.6548575458269755,0.2842676218074806,6
seqFISH+ cortex/SVZ,learned_random_graph,56,6,0.20928182597054212,0.5613064678516932,0.24365796154926905,7
seqFISH+ cortex/SVZ,learned_random_graph,57,6,0.4183300132670379,0.5067866356345786,0.20100756305184242,9
seqFISH+ cortex/SVZ,learned_random_graph,58,6,0.38245085529570705,0.5487949406953986,0.26650089544451305,8
seqFISH+ cortex/SVZ,learned_random_graph,59,6,0.589489601038195,0.4878177250625764,0.21968245627203584,18
seqFISH+ cortex/SVZ,learned_random_graph,60,6,-0.17888543819998312,1.0,0.3535533905932738,4
seqFISH+ cortex/SVZ,learned_random_graph,61,6,0.20928182597054218,0.5613064678516935,0.24365796154926905,7
seqFISH+ cortex/SVZ,learned_random_graph,62,6,0.18401748249129446,0.5118379979881337,0.21722027819882245,17
seqFISH+ cortex/SVZ,learned_random_graph,63,6,0.24255538756437842,0.6000000000000001,0.2088931871468374,10
seqFISH+ cortex/SVZ,learned_permuted_prior,1,0,0.6912149443372761,0.28050856781016575,0.16447654009871335,17
seqFISH+ cortex/SVZ,learned_permuted_prior,2,0,-0.04435749319487529,0.5847410968411583,0.24979819719568883,13
seqFISH+ cortex/SVZ,learned_permuted_prior,3,0,0.8513513513513515,0.16666666666666666,0.07106690545187014,6
seqFISH+ cortex/SVZ,learned_permuted_prior,4,0,-0.12990381056766573,0.8032223212740381,0.28571428571428575,7
seqFISH+ cortex/SVZ,learned_permuted_prior,5,0,-0.13987572123604702,0.6363636363636362,0.21582751830083627,11
seqFISH+ cortex/SVZ,learned_permuted_prior,6,0,0.8062552222347565,0.24902249956730618,0.1477097891751993,5
seqFISH+ cortex/SVZ,learned_permuted_prior,7,0,-0.0968962790249909,0.6883533069757326,0.26378918903435544,9
seqFISH+ cortex/SVZ,learned_permuted_prior,8,0,-0.2528791535542053,0.7295739585136226,0.23570226039551584,12
seqFISH+ cortex/SVZ,learned_permuted_prior,9,0,0.9999999999999998,0.0,0.0,2
seqFISH+ cortex/SVZ,learned_permuted_prior,10,1,0.37446435997331384,0.3029560019499767,0.18802535827258873,6
seqFISH+ cortex/SVZ,learned_permuted_prior,11,1,0.7408660442603465,0.116034485711918,0.12811768579763458,12
seqFISH+ cortex/SVZ,learned_permuted_prior,12,1,0.41585133260225066,0.3812415918818671,0.1685499656158105,8
seqFISH+ cortex/SVZ,learned_permuted_prior,13,1,0.07516460280028292,0.6754887502163468,0.25584085962673253,5
seqFISH+ cortex/SVZ,learned_permuted_prior,14,1,0.3160977114088217,0.39291452749618533,0.17056057308448835,10
seqFISH+ cortex/SVZ,learned_permuted_prior,15,1,0.05213631427586908,0.47125183600446624,0.23300843180651057,12
seqFISH+ cortex/SVZ,learned_permuted_prior,16,1,-0.09437719641603845,0.7971804688852169,0.3153281119434456,8
seqFISH+ cortex/SVZ,learned_permuted_prior,17,1,-0.07800871538350831,0.6485337918091503,0.2584382953523688,14
seqFISH+ cortex/SVZ,learned_permuted_prior,18,1,-0.2802476371884733,0.7028195311147831,0.21976226824788314,8
seqFISH+ cortex/SVZ,learned_permuted_prior,19,2,-0.036701263719669,0.6253491072973907,0.21963031851023068,7
seqFISH+ cortex/SVZ,learned_permuted_prior,20,2,0.12264447262990152,0.674988789175823,0.26590801173915524,6
seqFISH+ cortex/SVZ,learned_permuted_prior,21,2,0.10611626162285515,0.45281953111478324,0.1685499656158105,8
seqFISH+ cortex/SVZ,learned_permuted_prior,22,2,0.3268602252303067,0.4696226686166433,0.18802535827258876,6
seqFISH+ cortex/SVZ,learned_permuted_prior,23,2,0.2684107579352389,0.45645425182594207,0.19262853213235487,7
seqFISH+ cortex/SVZ,learned_permuted_prior,24,2,0.6952725759026166,0.26210391897722135,0.12309149097933274,6
seqFISH+ cortex/SVZ,learned_permuted_prior,25,2,0.10527936095153947,0.5057446137644578,0.20100756305184242,9
seqFISH+ cortex/SVZ,learned_permuted_prior,26,2,0.06779661016949153,0.6666666666666666,0.22473328748774735,6
seqFISH+ cortex/SVZ,learned_permuted_prior,27,2,0.16508332072280238,0.5246412834247434,0.2279211529192759,7
seqFISH+ cortex/SVZ,learned_permuted_prior,28,3,-0.14907119849998596,1.0,0.3692744729379982,4
seqFISH+ cortex/SVZ,learned_permuted_prior,29,3,0.2557314034776286,0.3501768788825182,0.1954016841836789,10
seqFISH+ cortex/SVZ,learned_permuted_prior,30,3,0.07283170325738819,0.6161431593702318,0.2323300943211463,8
seqFISH+ cortex/SVZ,learned_permuted_prior,31,3,-0.1103526909070348,0.5622556248918266,0.2088931871468374,10
seqFISH+ cortex/SVZ,learned_permuted_prior,32,3,0.39769125470086436,0.5497143319588584,0.2436050786486898,12
seqFISH+ cortex/SVZ,learned_permuted_prior,33,3,6.938893903907228e-18,0.506602137623939,0.20874927174074526,11
seqFISH+ cortex/SVZ,learned_permuted_prior,34,3,0.019920476822239915,0.4221804688852169,0.15990053726670783,8
seqFISH+ cortex/SVZ,learned_permuted_prior,35,3,0.1735912687073534,0.36056805531517017,0.1340050420345616,9
seqFISH+ cortex/SVZ,learned_permuted_prior,36,3,0.17577511955725486,0.5383236282554485,0.22613350843332272,8
seqFISH+ cortex/SVZ,learned_permuted_prior,37,4,0.3529014383686371,0.5408520829727552,0.21320071635561044,6
seqFISH+ cortex/SVZ,learned_permuted_prior,38,4,0.17577511955725486,0.5383236282554485,0.22613350843332272,8
seqFISH+ cortex/SVZ,learned_permuted_prior,39,4,0.8532818336519589,0.31127812445913294,0.1767766952966369,8
seqFISH+ cortex/SVZ,learned_permuted_prior,40,4,0.7048484003074937,0.37097980998826596,0.1827434711619518,14
seqFISH+ cortex/SVZ,learned_permuted_prior,41,4,-0.078099581095797,0.5555555555555556,0.2222222222222222,9
seqFISH+ cortex/SVZ,learned_permuted_prior,42,4,0.1891511969643836,0.42974097186164406,0.1895117478716537,9
seqFISH+ cortex/SVZ,learned_permuted_prior,43,4,0.28487818435609863,0.4499925261172153,0.1953442384425628,9
seqFISH+ cortex/SVZ,learned_permuted_prior,44,4,0.930537331478284,0.021782221599798212,0.05330017908890261,8
seqFISH+ cortex/SVZ,learned_permuted_prior,45,4,-0.33761905162269795,0.6622556248918267,0.21320071635561044,10
seqFISH+ cortex/SVZ,learned_permuted_prior,46,5,-0.07134308374544915,0.6721804688852168,0.2820380374088831,8
seqFISH+ cortex/SVZ,learned_permuted_prior,47,5,0.1986678162638787,0.3941283536157664,0.1469861839480328,36
seqFISH+ cortex/SVZ,learned_permuted_prior,48,5,0.6590881300103708,0.35686714873036746,0.2171129824263099,9
seqFISH+ cortex/SVZ,learned_permuted_prior,49,5,0.027287389727190914,0.3180267350678509,0.1278958368246139,17
seqFISH+ cortex/SVZ,learned_permuted_prior,50,5,-0.21314946002205193,0.4732518895982094,0.15209416264210912,29
seqFISH+ cortex/SVZ,learned_permuted_prior,51,5,0.474341649025257,0.2840295488857681,0.12258179317513493,11
seqFISH+ cortex/SVZ,learned_permuted_prior,52,5,0.04395353671901813,0.5503758614721465,0.20213967329346091,29
seqFISH+ cortex/SVZ,learned_permuted_prior,53,5,-0.13576822681879822,0.5731917712773796,0.18546707092644346,37
seqFISH+ cortex/SVZ,learned_permuted_prior,54,5,0.280989722019502,0.446577939232916,0.1767766952966369,8
seqFISH+ cortex/SVZ,learned_permuted_prior,55,6,0.5881716976750461,0.45914791702724483,0.23570226039551584,6
seqFISH+ cortex/SVZ,learned_permuted_prior,56,6,0.29149968617325517,0.5073859319828742,0.23592080681279157,7
seqFISH+ cortex/SVZ,learned_permuted_prior,57,6,-0.20533697960620362,0.7777777777777778,0.2802916550608406,9
seqFISH+ cortex/SVZ,learned_permuted_prior,58,6,-0.21854334588326121,1.0,0.3412876685836638,8
seqFISH+ cortex/SVZ,learned_permuted_prior,59,6,-0.33837753678630256,0.8888888888888888,0.2930163576638442,18
seqFISH+ cortex/SVZ,learned_permuted_prior,60,6,0.3130495168499705,0.5487949406953986,0.2820380374088831,4
seqFISH+ cortex/SVZ,learned_permuted_prior,61,6,-0.10614525139664807,0.8571428571428571,0.3654869423239036,7
seqFISH+ cortex/SVZ,learned_permuted_prior,62,6,-0.12948309934455932,0.6706690419714042,0.24830346024051123,17
seqFISH+ cortex/SVZ,learned_permuted_prior,63,6,0.39675148729719323,0.5145247027726656,0.20449494325821804,10
seqFISH+ cortex/SVZ,context_specific,1,0,0.6832695789358155,0.40776354507102813,0.1791244302079596,17
seqFISH+ cortex/SVZ,context_specific,2,0,0.024220438335771283,0.48289063699783547,0.20744611152715142,13
seqFISH+ cortex/SVZ,context_specific,3,0,0.8513513513513515,0.16666666666666666,0.07106690545187014,6
seqFISH+ cortex/SVZ,context_specific,4,0,-0.27687593064516425,0.9999999999999998,0.2857142857142857,7
seqFISH+ cortex/SVZ,context_specific,5,0,0.028915746598312045,0.5677374998033211,0.22932953595886954,11
seqFISH+ cortex/SVZ,context_specific,6,0,0.8062552222347565,0.24902249956730618,0.1477097891751993,5
seqFISH+ cortex/SVZ,context_specific,7,0,0.040577153379014734,0.6473046919112906,0.23210354127426383,9
seqFISH+ cortex/SVZ,context_specific,8,0,0.13940773849783114,0.4737837298712214,0.20412414523193148,12
seqFISH+ cortex/SVZ,context_specific,9,0,0.9999999999999998,0.0,0.0,2
seqFISH+ cortex/SVZ,context_specific,10,1,-0.027399831217559515,0.6037593748197109,0.23570226039551584,6
seqFISH+ cortex/SVZ,context_specific,11,1,0.2361123631178369,0.5135594983038556,0.1978418917757666,12
seqFISH+ cortex/SVZ,context_specific,12,1,0.011587244366483077,0.5778195311147832,0.21976226824788314,8
seqFISH+ cortex/SVZ,context_specific,13,1,0.09491579957524995,0.5245112497836532,0.2256304299271065,5
seqFISH+ cortex/SVZ,context_specific,14,1,-0.055901699437494685,0.6000000000000001,0.2088931871468374,10
seqFISH+ cortex/SVZ,context_specific,15,1,-0.1936491673103708,0.6666666666666666,0.2562353715952691,12
seqFISH+ cortex/SVZ,context_specific,16,1,0.35267280792929906,0.570134965088901,0.2383656473113981,8
seqFISH+ cortex/SVZ,context_specific,17,1,-0.3475487644381492,0.8301825892084476,0.2824488723497603,14
seqFISH+ cortex/SVZ,context_specific,18,1,-0.2433321316961439,0.827819531114783,0.24425210522959862,8
seqFISH+ cortex/SVZ,context_specific,19,2,0.6674743670369229,0.14285714285714296,0.10550699226799948,7
seqFISH+ cortex/SVZ,context_specific,20,2,-0.2004688434686201,0.8333333333333334,0.26590801173915524,6
seqFISH+ cortex/SVZ,context_specific,21,2,0.017857142857142863,0.5000000000000001,0.1685499656158105,8
seqFISH+ cortex/SVZ,context_specific,22,2,0.44670897448141916,0.3029560019499767,0.17407765595569785,6
seqFISH+ cortex/SVZ,context_specific,23,2,-0.3983482379543288,0.8571428571428571,0.2279211529192759,7
seqFISH+ cortex/SVZ,context_specific,24,2,0.07516460280028286,0.6666666666666666,0.21320071635561044,6
seqFISH+ cortex/SVZ,context_specific,25,2,0.1509925234518742,0.47850989178262093,0.20100756305184242,9
seqFISH+ cortex/SVZ,context_specific,26,2,0.06779661016949154,0.6666666666666666,0.22473328748774735,6
seqFISH+ cortex/SVZ,context_specific,27,2,-0.054711013691551076,0.6253491072973907,0.1827434711619518,7
seqFISH+ cortex/SVZ,context_specific,28,3,0.4183300132670376,0.5487949406953986,0.26111648393354675,4
seqFISH+ cortex/SVZ,context_specific,29,3,-0.04246038878042232,0.6000000000000001,0.2256304299271065,10
seqFISH+ cortex/SVZ,context_specific,30,3,-0.2661737524724145,0.875,0.2717786532523045,8
seqFISH+ cortex/SVZ,context_specific,31,3,-0.004797943082914452,0.4999999999999999,0.2,10
seqFISH+ cortex/SVZ,context_specific,32,3,0.23090940212921324,0.5811679778823363,0.2586874405903617,12
seqFISH+ cortex/SVZ,context_specific,33,3,-0.2014557410063451,0.6363636363636362,0.22602965836656763,11
seqFISH+ cortex/SVZ,context_specific,34,3,0.0222222222222222,0.40563906222956647,0.15075567228888181,8
seqFISH+ cortex/SVZ,context_specific,35,3,0.2489660221569988,0.3333333333333334,0.1340050420345616,9
seqFISH+ cortex/SVZ,context_specific,36,3,-0.23530242590848502,0.8278195311147832,0.26111648393354675,8
seqFISH+ cortex/SVZ,context_specific,37,4,0.2033277886745302,0.5000000000000001,0.18802535827258873,6
seqFISH+ cortex/SVZ,context_specific,38,4,0.23101872856096356,0.4133236282554486,0.21976226824788314,8
seqFISH+ cortex/SVZ,context_specific,39,4,0.07595545253127502,0.7169171866886993,0.3107907802540305,8
seqFISH+ cortex/SVZ,context_specific,40,4,0.867469879518072,0.026037712614305798,0.06091449038731728,14
seqFISH+ cortex/SVZ,context_specific,41,4,0.1974297207201994,0.39463350265334673,0.18951174787165373,9
seqFISH+ cortex/SVZ,context_specific,42,4,-0.07093169886164384,0.6464151124110956,0.2171129824263099,9
seqFISH+ cortex/SVZ,context_specific,43,4,0.07530800950958873,0.5080692793181476,0.15713484026367722,9
seqFISH+ cortex/SVZ,context_specific,44,4,0.012820512820512856,0.5243974703476995,0.1994310088043664,8
seqFISH+ cortex/SVZ,context_specific,45,4,-0.004104155344628666,0.6245112497836531,0.2088931871468374,10
seqFISH+ cortex/SVZ,context_specific,46,5,0.006922446149029857,0.6965779392329161,0.27695585470349865,8
seqFISH+ cortex/SVZ,context_specific,47,5,-0.0657931188333218,0.42014138608279744,0.15935123802306567,36
seqFISH+ cortex/SVZ,context_specific,48,5,0.6590881300103708,0.35686714873036746,0.2171129824263099,9
seqFISH+ cortex/SVZ,context_specific,49,5,0.06639898710740817,0.4432709737229321,0.16060596168643002,17
seqFISH+ cortex/SVZ,context_specific,50,5,0.0158388148406235,0.4408153270340877,0.15630032429238758,29
seqFISH+ cortex/SVZ,context_specific,51,5,0.6363961030678927,0.16524872833635085,0.09495144870310791,11
seqFISH+ cortex/SVZ,context_specific,52,5,-0.07482424098861773,0.5374323892532683,0.16699963137137558,29
seqFISH+ cortex/SVZ,context_specific,53,5,-0.13975015974804683,0.5828975017595984,0.1736320367966069,37
seqFISH+ cortex/SVZ,context_specific,54,5,0.42712109808862464,0.35221700146248247,0.1767766952966369,8
seqFISH+ cortex/SVZ,context_specific,55,6,-0.19364916731037085,1.0,0.34815531191139565,6
seqFISH+ cortex/SVZ,context_specific,56,6,-0.15877498923540798,0.8571428571428571,0.31652097680399843,7
seqFISH+ cortex/SVZ,context_specific,57,6,-0.14927123313507748,0.7086048612313037,0.26378918903435544,9
seqFISH+ cortex/SVZ,context_specific,58,6,0.5368754921931593,0.5487949406953986,0.25,8
seqFISH+ cortex/SVZ,context_specific,59,6,0.5894896010381951,0.4878177250625764,0.2196824562720358,18
seqFISH+ cortex/SVZ,context_specific,60,6,-0.17888543819998312,1.0,0.3535533905932738,4
seqFISH+ cortex/SVZ,context_specific,61,6,-0.16817289586918557,0.8032223212740381,0.2857142857142857,7
seqFISH+ cortex/SVZ,context_specific,62,6,-0.20438346036325072,0.6706690419714042,0.23795289263408545,17
seqFISH+ cortex/SVZ,context_specific,63,6,-0.043130880352904154,0.724511249783653,0.23354968324845687,10
seqFISH+ cortex/SVZ,gated_spatial_smoothing,1,0,0.817163927084811,0.23970532595792773,0.14408763192842222,17
seqFISH+ cortex/SVZ,gated_spatial_smoothing,2,0,0.5536934555266363,0.19789411645102534,0.16400055104277725,13
seqFISH+ cortex/SVZ,gated_spatial_smoothing,3,0,0.4864434728231558,0.428770585643888,0.14213381090374028,6
seqFISH+ cortex/SVZ,gated_spatial_smoothing,4,0,-0.15256428831468233,0.8032223212740381,0.27241788264159783,7
seqFISH+ cortex/SVZ,gated_spatial_smoothing,5,0,0.2797514424720942,0.39985143100590387,0.1818181818181818,11
seqFISH+ cortex/SVZ,gated_spatial_smoothing,6,0,0.8062552222347565,0.24902249956730618,0.1477097891751993,5
seqFISH+ cortex/SVZ,gated_spatial_smoothing,7,0,0.19920476822239894,0.4670206642537054,0.22222222222222227,9
seqFISH+ cortex/SVZ,gated_spatial_smoothing,8,0,0.2920408301622846,0.37351823168094234,0.19784189177576655,12
seqFISH+ cortex/SVZ,gated_spatial_smoothing,9,0,0.9999999999999998,0.0,0.0,2
seqFISH+ cortex/SVZ,gated_spatial_smoothing,10,1,0.06415002990995844,0.5629072918469558,0.23570226039551584,6
seqFISH+ cortex/SVZ,gated_spatial_smoothing,11,1,0.3338916490308828,0.48323902705803984,0.20100756305184245,12
seqFISH+ cortex/SVZ,gated_spatial_smoothing,12,1,0.011587244366483077,0.5778195311147832,0.21976226824788314,8
seqFISH+ cortex/SVZ,gated_spatial_smoothing,13,1,0.1979166666666667,0.47548875021634684,0.2256304299271065,5
seqFISH+ cortex/SVZ,gated_spatial_smoothing,14,1,0.19107174951190053,0.481773601169986,0.2,10
seqFISH+ cortex/SVZ,gated_spatial_smoothing,15,1,-0.13903017140231752,0.6310519594886107,0.251259453814803,12
seqFISH+ cortex/SVZ,gated_spatial_smoothing,16,1,-0.14279768098449105,0.8278195311147832,0.3107907802540305,8
seqFISH+ cortex/SVZ,gated_spatial_smoothing,17,1,0.36170458169920156,0.5073859319828743,0.22994715856656844,14
seqFISH+ cortex/SVZ,gated_spatial_smoothing,18,1,-0.23049760605134342,0.7028195311147831,0.22613350843332272,8
seqFISH+ cortex/SVZ,gated_spatial_smoothing,19,2,0.33620689655172414,0.3396348215831049,0.16116459280507606,7
seqFISH+ cortex/SVZ,gated_spatial_smoothing,20,2,0.5919212470522277,0.3250112108241772,0.1421338109037403,6
seqFISH+ cortex/SVZ,gated_spatial_smoothing,21,2,0.09834947405868039,0.4693609377704336,0.1767766952966369,8
seqFISH+ cortex/SVZ,gated_spatial_smoothing,22,2,0.7962962962962963,0.15485754582697564,0.12309149097933274,6
seqFISH+ cortex/SVZ,gated_spatial_smoothing,23,2,-0.16772557387550685,0.660365178416895,0.21101398453599896,7
seqFISH+ cortex/SVZ,gated_spatial_smoothing,24,2,0.5416666666666666,0.3658632937969323,0.1421338109037403,6
seqFISH+ cortex/SVZ,gated_spatial_smoothing,25,2,0.20826554958879198,0.3673987806715099,0.1953442384425628,9
seqFISH+ cortex/SVZ,gated_spatial_smoothing,26,2,0.4308446572072906,0.49651300166946516,0.22473328748774735,6
seqFISH+ cortex/SVZ,gated_spatial_smoothing,27,2,-0.047882529281755695,0.5175080355597524,0.1926285321323549,7
seqFISH+ cortex/SVZ,gated_spatial_smoothing,28,3,-0.17888543819998312,1.0,0.3535533905932738,4
seqFISH+ cortex/SVZ,gated_spatial_smoothing,29,3,0.04282429436422068,0.557262351386333,0.20449494325821807,10
seqFISH+ cortex/SVZ,gated_spatial_smoothing,30,3,-0.235302425908485,0.8278195311147832,0.26111648393354675,8
seqFISH+ cortex/SVZ,gated_spatial_smoothing,31,3,0.044106392970449895,0.4950067264945063,0.2,10
seqFISH+ cortex/SVZ,gated_spatial_smoothing,32,3,0.02256054916438155,0.6578785541049943,0.27752513763657877,12
seqFISH+ cortex/SVZ,gated_spatial_smoothing,33,3,0.06741998624632423,0.4768284088942301,0.21231789386223351,11
seqFISH+ cortex/SVZ,gated_spatial_smoothing,34,3,0.23904572186687878,0.25,0.14101901870444156,8
seqFISH+ cortex/SVZ,gated_spatial_smoothing,35,3,0.5268321206355335,0.20197066796665103,0.11605177063713189,9
seqFISH+ cortex/SVZ,gated_spatial_smoothing,36,3,0.22558590307832557,0.44396269048501513,0.21320071635561044,8
seqFISH+ cortex/SVZ,gated_spatial_smoothing,37,4,0.38521858935144976,0.4287705856438881,0.17407765595569785,6
seqFISH+ cortex/SVZ,gated_spatial_smoothing,38,4,0.25771218075691216,0.4133236282554486,0.21320071635561044,8
seqFISH+ cortex/SVZ,gated_spatial_smoothing,39,4,0.38245085529570694,0.5487949406953986,0.26650089544451305,8
seqFISH+ cortex/SVZ,gated_spatial_smoothing,40,4,0.7627867603007066,0.20226386712311012,0.15228622596829314,14
seqFISH+ cortex/SVZ,gated_spatial_smoothing,41,4,-0.15207018804111258,0.5974937501201927,0.2222222222222222,9
seqFISH+ cortex/SVZ,gated_spatial_smoothing,42,4,-0.018915119696438325,0.5974937501201927,0.21188057538790941,9
seqFISH+ cortex/SVZ,gated_spatial_smoothing,43,4,0.24056261216234412,0.5136173609909184,0.16412198797244365,9
seqFISH+ cortex/SVZ,gated_spatial_smoothing,44,4,0.44662299149385515,0.1800365325772657,0.13055824196677338,8
seqFISH+ cortex/SVZ,gated_spatial_smoothing,45,4,-0.18468699050829313,0.6245112497836531,0.2256304299271065,10
seqFISH+ cortex/SVZ,gated_spatial_smoothing,46,5,0.06539685511376775,0.5715779392329162,0.21976226824788314,8
seqFISH+ cortex/SVZ,gated_spatial_smoothing,47,5,-0.27205493726247443,0.5582031747964366,0.1800205749557739,36
seqFISH+ cortex/SVZ,gated_spatial_smoothing,48,5,0.6669294960349167,0.2766916661858959,0.1895117478716537,9
seqFISH+ cortex/SVZ,gated_spatial_smoothing,49,5,0.018686692922007753,0.4513228814101884,0.15863526175605697,17
seqFISH+ cortex/SVZ,gated_spatial_smoothing,50,5,-0.19270932463899326,0.5696200681895905,0.17397413072741824,29
seqFISH+ cortex/SVZ,gated_spatial_smoothing,51,5,0.47434164902525694,0.25425582015605913,0.12258179317513493,11
seqFISH+ cortex/SVZ,gated_spatial_smoothing,52,5,-0.03624782267416858,0.6554556389980838,0.2546720503020677,29
seqFISH+ cortex/SVZ,gated_spatial_smoothing,53,5,-0.06125849543333555,0.46878794323833556,0.159686258567783,37
seqFISH+ cortex/SVZ,gated_spatial_smoothing,54,5,0.42712109808862464,0.35221700146248247,0.1767766952966369,8
seqFISH+ cortex/SVZ,gated_spatial_smoothing,55,6,0.21926450482675724,0.6548575458269755,0.2842676218074806,6
seqFISH+ cortex/SVZ,gated_spatial_smoothing,56,6,0.5723792206098182,0.3396348215831049,0.20203050891044214,7
seqFISH+ cortex/SVZ,gated_spatial_smoothing,57,6,-0.2615642951611414,0.7777777777777778,0.26801008406912324,9
seqFISH+ cortex/SVZ,gated_spatial_smoothing,58,6,-0.26666666666666666,1.0,0.3328595117244729,8
seqFISH+ cortex/SVZ,gated_spatial_smoothing,59,6,-0.12872984207147786,0.712732742401969,0.27009579711355425,18
seqFISH+ cortex/SVZ,gated_spatial_smoothing,60,6,0.31304951684997046,0.5487949406953986,0.2820380374088831,4
seqFISH+ cortex/SVZ,gated_spatial_smoothing,61,6,-0.2366877793714464,0.8571428571428571,0.29213563322602576,7
seqFISH+ cortex/SVZ,gated_spatial_smoothing,62,6,-0.2860011315193014,0.7761870448695054,0.26066433383858695,17
seqFISH+ cortex/SVZ,gated_spatial_smoothing,63,6,0.27316224223505975,0.6000000000000001,0.2,10
seqFISH+ cortex/SVZ,gated_spatial_smoothing_random_graph,1,0,0.7569967039425939,0.25460902306792316,0.15863526175605697,17
seqFISH+ cortex/SVZ,gated_spatial_smoothing_random_graph,2,0,0.5502193669418128,0.25596238584821523,0.16400055104277725,13
seqFISH+ cortex/SVZ,gated_spatial_smoothing_random_graph,3,0,0.4864434728231558,0.428770585643888,0.14213381090374028,6
seqFISH+ cortex/SVZ,gated_spatial_smoothing_random_graph,4,0,-0.23237900077244497,0.8032223212740381,0.25115687799758074,7
seqFISH+ cortex/SVZ,gated_spatial_smoothing_random_graph,5,0,0.18650096164806282,0.4564474536348372,0.18990289740621583,11
seqFISH+ cortex/SVZ,gated_spatial_smoothing_random_graph,6,0,0.8062552222347565,0.24902249956730618,0.1477097891751993,5
seqFISH+ cortex/SVZ,gated_spatial_smoothing_random_graph,7,0,0.168105349713061,0.4942553862355422,0.22222222222222224,9
seqFISH+ cortex/SVZ,gated_spatial_smoothing_random_graph,8,0,0.24639507269384112,0.42606510371594414,0.19462473604038072,12
seqFISH+ cortex/SVZ,gated_spatial_smoothing_random_graph,9,0,0.9999999999999998,0.0,0.0,2
seqFISH+ cortex/SVZ,gated_spatial_smoothing_random_graph,10,1,0.06415002990995844,0.5629072918469558,0.23570226039551584,6
seqFISH+ cortex/SVZ,gated_spatial_smoothing_random_graph,11,1,0.3338916490308828,0.48323902705803984,0.20100756305184245,12
seqFISH+ cortex/SVZ,gated_spatial_smoothing_random_graph,12,1,0.011587244366483077,0.5778195311147832,0.21976226824788314,8
seqFISH+ cortex/SVZ,gated_spatial_smoothing_random_graph,13,1,0.1979166666666667,0.47548875021634684,0.2256304299271065,5
seqFISH+ cortex/SVZ,gated_spatial_smoothing_random_graph,14,1,0.046584749531245605,0.557262351386333,0.2,10
seqFISH+ cortex/SVZ,gated_spatial_smoothing_random_graph,15,1,-0.2821202522590215,0.6666666666666666,0.2436050786486898,12
seqFISH+ cortex/SVZ,gated_spatial_smoothing_random_graph,16,1,-0.1328723291340236,0.7971804688852169,0.2919371040605711,8
seqFISH+ cortex/SVZ,gated_spatial_smoothing_random_graph,17,1,0.005032820347323115,0.5865574527552364,0.2529968797243916,14
seqFISH+ cortex/SVZ,gated_spatial_smoothing_random_graph,18,1,-0.1487081329363506,0.6556390622295666,0.21976226824788314,8
seqFISH+ cortex/SVZ,gated_spatial_smoothing_random_graph,19,2,0.33620689655172414,0.3396348215831049,0.16116459280507606,7
seqFISH+ cortex/SVZ,gated_spatial_smoothing_random_graph,20,2,0.5416666666666666,0.3658632937969323,0.14213381090374028,6
seqFISH+ cortex/SVZ,gated_spatial_smoothing_random_graph,21,2,0.014164817491751868,0.5000000000000001,0.19217652869645185,8
seqFISH+ cortex/SVZ,gated_spatial_smoothing_random_graph,22,2,0.7962962962962963,0.15485754582697564,0.12309149097933274,6
seqFISH+ cortex/SVZ,gated_spatial_smoothing_random_graph,23,2,-0.16772557387550685,0.660365178416895,0.21101398453599896,7
seqFISH+ cortex/SVZ,gated_spatial_smoothing_random_graph,24,2,0.6169526972391244,0.3333333333333333,0.12309149097933274,6
seqFISH+ cortex/SVZ,gated_spatial_smoothing_random_graph,25,2,0.1509925234518742,0.46380641919982063,0.20100756305184242,9
seqFISH+ cortex/SVZ,gated_spatial_smoothing_random_graph,26,2,0.3761012983890467,0.5408520829727553,0.20100756305184242,6
seqFISH+ cortex/SVZ,gated_spatial_smoothing_random_graph,27,2,0.512095088152918,0.2317937498454666,0.12182898077463453,7
seqFISH+ cortex/SVZ,gated_spatial_smoothing_random_graph,28,3,-0.17888543819998312,1.0,0.3535533905932738,4
seqFISH+ cortex/SVZ,gated_spatial_smoothing_random_graph,29,3,-0.05138915323706486,0.6000000000000001,0.21320071635561044,10
seqFISH+ cortex/SVZ,gated_spatial_smoothing_random_graph,30,3,-0.3416015103757501,0.875,0.26111648393354675,8
seqFISH+ cortex/SVZ,gated_spatial_smoothing_random_graph,31,3,0.07653028699723598,0.47678032766449224,0.2088931871468374,10
seqFISH+ cortex/SVZ,gated_spatial_smoothing_random_graph,32,3,0.3502190770480444,0.5497143319588584,0.24618298195866545,12
seqFISH+ cortex/SVZ,gated_spatial_smoothing_random_graph,33,3,1.3877787807814457e-17,0.5066021376239389,0.20874927174074526,11
seqFISH+ cortex/SVZ,gated_spatial_smoothing_random_graph,34,3,0.23904572186687878,0.25,0.14101901870444156,8
seqFISH+ cortex/SVZ,gated_spatial_smoothing_random_graph,35,3,0.44744645862195986,0.22222222222222215,0.12535023884839247,9
seqFISH+ cortex/SVZ,gated_spatial_smoothing_random_graph,36,3,-0.17367560007531038,0.7028195311147831,0.2556186790727725,8
seqFISH+ cortex/SVZ,gated_spatial_smoothing_random_graph,37,4,0.6638357975446149,0.22957395851362242,0.12309149097933274,6
seqFISH+ cortex/SVZ,gated_spatial_smoothing_random_graph,38,4,0.29648432976008493,0.3967822215997981,0.20643070596119262,8
seqFISH+ cortex/SVZ,gated_spatial_smoothing_random_graph,39,4,0.4183300132670377,0.5487949406953986,0.26111648393354675,8
seqFISH+ cortex/SVZ,gated_spatial_smoothing_random_graph,40,4,0.7679699612913145,0.19300209530331214,0.10550699226799948,14
seqFISH+ cortex/SVZ,gated_spatial_smoothing_random_graph,41,4,-0.1770059565077649,0.5827902775373923,0.2171129824263099,9
seqFISH+ cortex/SVZ,gated_spatial_smoothing_random_graph,42,4,0.03310145946876718,0.5772421958646217,0.20651563939657447,9
seqFISH+ cortex/SVZ,gated_spatial_smoothing_random_graph,43,4,0.24056261216234412,0.5136173609909184,0.16412198797244365,9
seqFISH+ cortex/SVZ,gated_spatial_smoothing_random_graph,44,4,0.4131681440686499,0.22721700146248253,0.13055824196677338,8
seqFISH+ cortex/SVZ,gated_spatial_smoothing_random_graph,45,4,0.16989580485649516,0.39291452749618533,0.18090680674665818,10
seqFISH+ cortex/SVZ,gated_spatial_smoothing_random_graph,46,5,0.06539685511376775,0.5715779392329162,0.21976226824788314,8
seqFISH+ cortex/SVZ,gated_spatial_smoothing_random_graph,47,5,-0.15932330726326843,0.4922209332867847,0.17923957094762993,36
seqFISH+ cortex/SVZ,gated_spatial_smoothing_random_graph,48,5,0.646892005777997,0.3109853694107198,0.17082358106351275,9
seqFISH+ cortex/SVZ,gated_spatial_smoothing_random_graph,49,5,-0.1902877307580591,0.49942499974547433,0.14408763192842225,17
seqFISH+ cortex/SVZ,gated_spatial_smoothing_random_graph,50,5,-0.3664391987813378,0.5990943086128094,0.16956900735170558,29
seqFISH+ cortex/SVZ,gated_spatial_smoothing_random_graph,51,5,0.3535533905932738,0.32932329535620597,0.12258179317513493,11
seqFISH+ cortex/SVZ,gated_spatial_smoothing_random_graph,52,5,-0.07599896194081249,0.5737886373927179,0.21154649302574283,29
seqFISH+ cortex/SVZ,gated_spatial_smoothing_random_graph,53,5,-0.15779595159154913,0.5128637973451371,0.1677972587613157,37
seqFISH+ cortex/SVZ,gated_spatial_smoothing_random_graph,54,5,0.42712109808862464,0.35221700146248247,0.1767766952966369,8
seqFISH+ cortex/SVZ,gated_spatial_smoothing_random_graph,55,6,0.21926450482675724,0.6548575458269755,0.2842676218074806,6
seqFISH+ cortex/SVZ,gated_spatial_smoothing_random_graph,56,6,0.5854908226556832,0.393555357451924,0.20203050891044214,7
seqFISH+ cortex/SVZ,gated_spatial_smoothing_random_graph,57,6,-0.3103305196827101,0.8888888888888888,0.2721655269759087,9
seqFISH+ cortex/SVZ,gated_spatial_smoothing_random_graph,58,6,-0.23904572186687875,1.0,0.337099931231621,8
seqFISH+ cortex/SVZ,gated_spatial_smoothing_random_graph,59,6,0.11303108084324884,0.637259721501066,0.2551379987942442,18
seqFISH+ cortex/SVZ,gated_spatial_smoothing_random_graph,60,6,0.31304951684997046,0.5487949406953986,0.2820380374088831,4
seqFISH+ cortex/SVZ,gated_spatial_smoothing_random_graph,61,6,-0.2366877793714464,0.8571428571428571,0.29213563322602576,7
seqFISH+ cortex/SVZ,gated_spatial_smoothing_random_graph,62,6,-0.2762029964321445,0.7647058823529411,0.2557916736492278,17
seqFISH+ cortex/SVZ,gated_spatial_smoothing_random_graph,63,6,0.2564992625656802,0.6000000000000001,0.20449494325821804,10
seqFISH+ cortex/SVZ,gated_learned_neighborhood,1,0,0.8037138733529793,0.2690274052936014,0.15663977022328135,17
seqFISH+ cortex/SVZ,gated_learned_neighborhood,2,0,0.6282681053362019,0.25980336546782584,0.15730380250632156,13
seqFISH+ cortex/SVZ,gated_learned_neighborhood,3,0,0.4864434728231558,0.428770585643888,0.14213381090374028,6
seqFISH+ cortex/SVZ,gated_learned_neighborhood,4,0,-0.19364916731037082,0.8032223212740381,0.25843829535236884,7
seqFISH+ cortex/SVZ,gated_learned_neighborhood,5,0,0.2085144140570748,0.4387038388365104,0.1859044938711073,11
seqFISH+ cortex/SVZ,gated_learned_neighborhood,6,0,0.8062552222347565,0.24902249956730618,0.1477097891751993,5
seqFISH+ cortex/SVZ,gated_learned_neighborhood,7,0,0.16810534971306101,0.4942553862355424,0.22222222222222227,9
seqFISH+ cortex/SVZ,gated_learned_neighborhood,8,0,0.21528794824141997,0.42606510371594414,0.2010075630518424,12
seqFISH+ cortex/SVZ,gated_learned_neighborhood,9,0,0.9999999999999998,0.0,0.0,2
seqFISH+ cortex/SVZ,gated_learned_neighborhood,10,1,-0.027399831217559515,0.6037593748197109,0.23570226039551584,6
seqFISH+ cortex/SVZ,gated_learned_neighborhood,11,1,0.3338916490308828,0.48323902705803984,0.20100756305184245,12
seqFISH+ cortex/SVZ,gated_learned_neighborhood,12,1,0.012926112238824672,0.5778195311147832,0.21320071635561044,8
seqFISH+ cortex/SVZ,gated_learned_neighborhood,13,1,0.1979166666666667,0.47548875021634684,0.2256304299271065,5
seqFISH+ cortex/SVZ,gated_learned_neighborhood,14,1,0.12751534261266767,0.5145247027726656,0.2,10
seqFISH+ cortex/SVZ,gated_learned_neighborhood,15,1,-0.1873292426537319,0.6514780009749883,0.2487341690815455,12
seqFISH+ cortex/SVZ,gated_learned_neighborhood,16,1,-0.16458064370033956,0.827819531114783,0.30151134457776363,8
seqFISH+ cortex/SVZ,gated_learned_neighborhood,17,1,-0.10011466100602902,0.6485337918091505,0.25482359571881275,14
seqFISH+ cortex/SVZ,gated_learned_neighborhood,18,1,-0.23049760605134342,0.7028195311147831,0.22613350843332272,8
seqFISH+ cortex/SVZ,gated_learned_neighborhood,19,2,0.1628005995579695,0.42857142857142866,0.1722921969015792,7
seqFISH+ cortex/SVZ,gated_learned_neighborhood,20,2,0.5919212470522277,0.3250112108241772,0.1421338109037403,6
seqFISH+ cortex/SVZ,gated_learned_neighborhood,21,2,0.014164817491751868,0.5000000000000001,0.19217652869645185,8
seqFISH+ cortex/SVZ,gated_learned_neighborhood,22,2,0.7763285511641872,0.1446114577924663,0.12309149097933272,6
seqFISH+ cortex/SVZ,gated_learned_neighborhood,23,2,-0.22413272587221014,0.660365178416895,0.20203050891044214,7
seqFISH+ cortex/SVZ,gated_learned_neighborhood,24,2,0.3559342484071871,0.4370927081530443,0.15891043154093204,6
seqFISH+ cortex/SVZ,gated_learned_neighborhood,25,2,0.15099252345187422,0.47850989178262093,0.20100756305184242,9
seqFISH+ cortex/SVZ,gated_learned_neighborhood,26,2,0.2542372881355932,0.5954372523105548,0.20100756305184242,6
seqFISH+ cortex/SVZ,gated_learned_neighborhood,27,2,-0.06565321642986131,0.5175080355597523,0.1722921969015792,7
seqFISH+ cortex/SVZ,gated_learned_neighborhood,28,3,0.3130495168499705,0.5487949406953986,0.2820380374088831,4
seqFISH+ cortex/SVZ,gated_learned_neighborhood,29,3,-0.05138915323706486,0.6000000000000001,0.21320071635561044,10
seqFISH+ cortex/SVZ,gated_learned_neighborhood,30,3,0.08378904971480658,0.6161431593702318,0.22613350843332272,8
seqFISH+ cortex/SVZ,gated_learned_neighborhood,31,3,0.25908892647738624,0.33065890260435876,0.17580981459830652,10
seqFISH+ cortex/SVZ,gated_learned_neighborhood,32,3,-0.002003272012067823,0.6783045955913718,0.28426762180748055,12
seqFISH+ cortex/SVZ,gated_learned_neighborhood,33,3,-0.13055824196677335,0.5677374998033211,0.21582751830083624,11
seqFISH+ cortex/SVZ,gated_learned_neighborhood,34,3,0.23904572186687878,0.25,0.14101901870444156,8
seqFISH+ cortex/SVZ,gated_learned_neighborhood,35,3,0.44744645862195986,0.22222222222222215,0.12535023884839247,9
seqFISH+ cortex/SVZ,gated_learned_neighborhood,36,3,-0.24292999821637312,0.7028195311147831,0.24425210522959862,8
seqFISH+ cortex/SVZ,gated_learned_neighborhood,37,4,0.2425553875643785,0.5000000000000001,0.17407765595569785,6
seqFISH+ cortex/SVZ,gated_learned_neighborhood,38,4,0.2255859030783255,0.44396269048501513,0.21320071635561044,8
seqFISH+ cortex/SVZ,gated_learned_neighborhood,39,4,0.33183182419798396,0.5487949406953986,0.27695585470349865,8
seqFISH+ cortex/SVZ,gated_learned_neighborhood,40,4,0.7861499299380458,0.18665557514908412,0.11396057645963796,14
seqFISH+ cortex/SVZ,gated_learned_neighborhood,41,4,-0.13537260723271474,0.5974937501201927,0.2272166036202423,9
seqFISH+ cortex/SVZ,gated_learned_neighborhood,42,4,0.3398599824814738,0.36056805531517017,0.16412198797244365,9
seqFISH+ cortex/SVZ,gated_learned_neighborhood,43,4,0.24056261216234412,0.5136173609909184,0.16412198797244365,9
seqFISH+ cortex/SVZ,gated_learned_neighborhood,44,4,0.019418390934515473,0.40563906222956647,0.1685499656158105,8
seqFISH+ cortex/SVZ,gated_learned_neighborhood,45,4,-0.2749784080901254,0.7622556248918264,0.2335496832484569,10
seqFISH+ cortex/SVZ,gated_learned_neighborhood,46,5,0.06539685511376775,0.5715779392329162,0.21976226824788314,8
seqFISH+ cortex/SVZ,gated_learned_neighborhood,47,5,-0.38326397696844233,0.5491201111208485,0.1827278031830863,36
seqFISH+ cortex/SVZ,gated_learned_neighborhood,48,5,0.6669294960349167,0.2766916661858959,0.1895117478716537,9
seqFISH+ cortex/SVZ,gated_learned_neighborhood,49,5,0.1927696496271961,0.3146185615056925,0.12287834538049258,17
seqFISH+ cortex/SVZ,gated_learned_neighborhood,50,5,-0.2711232422718495,0.59241128166618,0.17459436132469366,29
seqFISH+ cortex/SVZ,gated_learned_neighborhood,51,5,0.35856858280031817,0.30704034100743033,0.128564869306645,11
seqFISH+ cortex/SVZ,gated_learned_neighborhood,52,5,-0.13189522165369072,0.6735262431387601,0.20897596630092738,29
seqFISH+ cortex/SVZ,gated_learned_neighborhood,53,5,0.09173913795416232,0.42963998626558186,0.15418546918660672,37
seqFISH+ cortex/SVZ,gated_learned_neighborhood,54,5,0.42712109808862464,0.35221700146248247,0.1767766952966369,8
seqFISH+ cortex/SVZ,gated_learned_neighborhood,55,6,0.21926450482675724,0.6548575458269755,0.2842676218074806,6
seqFISH+ cortex/SVZ,gated_learned_neighborhood,56,6,0.5854908226556832,0.39355535745192416,0.20203050891044214,7
seqFISH+ cortex/SVZ,gated_learned_neighborhood,57,6,-0.425795823527349,0.7777777777777778,0.25513799879424426,9
seqFISH+ cortex/SVZ,gated_learned_neighborhood,58,6,0.08964214570007954,0.7169171866886993,0.30151134457776363,8
seqFISH+ cortex/SVZ,gated_learned_neighborhood,59,6,-0.14459178893389696,0.7364758805206729,0.27421963556562073,18
seqFISH+ cortex/SVZ,gated_learned_neighborhood,60,6,0.3130495168499704,0.5487949406953986,0.2820380374088831,4
seqFISH+ cortex/SVZ,gated_learned_neighborhood,61,6,-0.2366877793714464,0.8571428571428571,0.29213563322602576,7
seqFISH+ cortex/SVZ,gated_learned_neighborhood,62,6,-0.3247685700004702,0.7761870448695054,0.2570184992662656,17
seqFISH+ cortex/SVZ,gated_learned_neighborhood,63,6,0.27316224223505975,0.6000000000000001,0.2,10
seqFISH+ cortex/SVZ,gated_learned_random_graph,1,0,0.6201221454688389,0.3489400156592635,0.1791244302079596,17
seqFISH+ cortex/SVZ,gated_learned_random_graph,2,0,0.7968032728623713,0.2888375001664207,0.15030898783359914,13
seqFISH+ cortex/SVZ,gated_learned_random_graph,3,0,0.4864434728231558,0.428770585643888,0.14213381090374028,6
seqFISH+ cortex/SVZ,gated_learned_random_graph,4,0,-0.23237900077244503,0.8032223212740381,0.25115687799758074,7
seqFISH+ cortex/SVZ,gated_learned_random_graph,5,0,0.1042572070285374,0.49529986146544364,0.19381883305055495,11
seqFISH+ cortex/SVZ,gated_learned_random_graph,6,0,0.8062552222347565,0.24902249956730618,0.1477097891751993,5
seqFISH+ cortex/SVZ,gated_learned_random_graph,7,0,0.168105349713061,0.4942553862355422,0.22222222222222224,9
seqFISH+ cortex/SVZ,gated_learned_random_graph,8,0,0.4620013783873819,0.36170223254235434,0.17407765595569782,12
seqFISH+ cortex/SVZ,gated_learned_random_graph,9,0,0.9999999999999998,0.0,0.0,2
seqFISH+ cortex/SVZ,gated_learned_random_graph,10,1,-0.03268602252303073,0.603759374819711,0.22473328748774735,6
seqFISH+ cortex/SVZ,gated_learned_random_graph,11,1,0.2771048909010502,0.5121039189772214,0.20100756305184242,12
seqFISH+ cortex/SVZ,gated_learned_random_graph,12,1,0.011587244366483077,0.5778195311147832,0.21976226824788314,8
seqFISH+ cortex/SVZ,gated_learned_random_graph,13,1,0.1979166666666667,0.47548875021634684,0.2256304299271065,5
seqFISH+ cortex/SVZ,gated_learned_random_graph,14,1,0.05154913117764521,0.557262351386333,0.1954016841836789,10
seqFISH+ cortex/SVZ,gated_learned_random_graph,15,1,-0.2343705985502207,0.6666666666666666,0.24873416908154553,12
seqFISH+ cortex/SVZ,gated_learned_random_graph,16,1,-0.23103442669455734,0.8278195311147832,0.2870302486435247,8
seqFISH+ cortex/SVZ,gated_learned_random_graph,17,1,-0.02526455763199558,0.6040654883149885,0.2529968797243916,14
seqFISH+ cortex/SVZ,gated_learned_random_graph,18,1,-0.23049760605134342,0.7028195311147831,0.22613350843332272,8
seqFISH+ cortex/SVZ,gated_learned_random_graph,19,2,0.06565321642986126,0.46358749969093316,0.1722921969015792,7
seqFISH+ cortex/SVZ,gated_learned_random_graph,20,2,0.7708333333333333,0.3333333333333334,0.10050378152592121,6
seqFISH+ cortex/SVZ,gated_learned_random_graph,21,2,0.01785714285714287,0.5000000000000001,0.1685499656158105,8
seqFISH+ cortex/SVZ,gated_learned_random_graph,22,2,0.8534606386520676,0.1957096287997309,0.1005037815259212,6
seqFISH+ cortex/SVZ,gated_learned_random_graph,23,2,-0.16772557387550685,0.660365178416895,0.21101398453599896,7
seqFISH+ cortex/SVZ,gated_learned_random_graph,24,2,0.6169526972391244,0.3333333333333333,0.12309149097933274,6
seqFISH+ cortex/SVZ,gated_learned_random_graph,25,2,0.15099252345187425,0.47850989178262093,0.20100756305184242,9
seqFISH+ cortex/SVZ,gated_learned_random_graph,26,2,0.2542372881355932,0.5954372523105548,0.20100756305184242,6
seqFISH+ cortex/SVZ,gated_learned_random_graph,27,2,-0.06565321642986131,0.5175080355597523,0.17229219690157924,7
seqFISH+ cortex/SVZ,gated_learned_random_graph,28,3,-0.17888543819998312,1.0,0.3535533905932738,4
seqFISH+ cortex/SVZ,gated_learned_random_graph,29,3,-0.055901699437494706,0.6000000000000001,0.20889318714683744,10
seqFISH+ cortex/SVZ,gated_learned_random_graph,30,3,-0.29692925174165974,0.875,0.26650089544451305,8
seqFISH+ cortex/SVZ,gated_learned_random_graph,31,3,-0.05757531699497462,0.5377443751081734,0.20449494325821804,10
seqFISH+ cortex/SVZ,gated_learned_random_graph,32,3,0.39769125470086436,0.5497143319588584,0.2436050786486898,12
seqFISH+ cortex/SVZ,gated_learned_random_graph,33,3,0.24618298195866553,0.3700777022761952,0.17763789471243532,11
seqFISH+ cortex/SVZ,gated_learned_random_graph,34,3,0.23904572186687878,0.25,0.14101901870444156,8
seqFISH+ cortex/SVZ,gated_learned_random_graph,35,3,0.44744645862195986,0.22222222222222215,0.12535023884839247,9
seqFISH+ cortex/SVZ,gated_learned_random_graph,36,3,-0.1998046570122312,0.7028195311147831,0.25,8
seqFISH+ cortex/SVZ,gated_learned_random_graph,37,4,0.20332778867453016,0.5000000000000001,0.18802535827258873,6
seqFISH+ cortex/SVZ,gated_learned_random_graph,38,4,0.22558590307832552,0.44396269048501513,0.21320071635561044,8
seqFISH+ cortex/SVZ,gated_learned_random_graph,39,4,0.5368754921931591,0.5487949406953986,0.25,8
seqFISH+ cortex/SVZ,gated_learned_random_graph,40,4,0.7816352455898326,0.19595312207223914,0.0913717355809759,14
seqFISH+ cortex/SVZ,gated_learned_random_graph,41,4,0.6467525333937566,0.2641604167868593,0.14982219165849825,9
seqFISH+ cortex/SVZ,gated_learned_random_graph,42,4,-0.09035488811080028,0.6247284721020294,0.20100756305184242,9
seqFISH+ cortex/SVZ,gated_learned_random_graph,43,4,0.24056261216234412,0.5136173609909184,0.16412198797244365,9
seqFISH+ cortex/SVZ,gated_learned_random_graph,44,4,-0.3009850594849892,0.6249999999999999,0.19217652869645185,8
seqFISH+ cortex/SVZ,gated_learned_random_graph,45,4,-0.29551283290201386,0.7622556248918264,0.2296241989148198,10
seqFISH+ cortex/SVZ,gated_learned_random_graph,46,5,0.06539685511376775,0.5715779392329162,0.21976226824788314,8
seqFISH+ cortex/SVZ,gated_learned_random_graph,47,5,-0.20998323698652577,0.4673078820777337,0.17528235999068967,36
seqFISH+ cortex/SVZ,gated_learned_random_graph,48,5,0.6617941660233858,0.2690471748460828,0.17082358106351275,9
seqFISH+ cortex/SVZ,gated_learned_random_graph,49,5,-0.284627226785928,0.530171516145968,0.14408763192842225,17
seqFISH+ cortex/SVZ,gated_learned_random_graph,50,5,-0.23906111629903154,0.575506971470557,0.17083920493340077,29
seqFISH+ cortex/SVZ,gated_learned_random_graph,51,5,0.47434164902525694,0.25425582015605913,0.12258179317513493,11
seqFISH+ cortex/SVZ,gated_learned_random_graph,52,5,-0.10964840892360028,0.5838109398721097,0.19001106533782744,29
seqFISH+ cortex/SVZ,gated_learned_random_graph,53,5,-0.11783024303482723,0.5064184388677286,0.16740104272133488,37
seqFISH+ cortex/SVZ,gated_learned_random_graph,54,5,0.36039927920216247,0.39315587846583216,0.1767766952966369,8
seqFISH+ cortex/SVZ,gated_learned_random_graph,55,6,0.2192645048267573,0.6548575458269755,0.2842676218074806,6
seqFISH+ cortex/SVZ,gated_learned_random_graph,56,6,0.5854908226556832,0.393555357451924,0.20203050891044214,7
seqFISH+ cortex/SVZ,gated_learned_random_graph,57,6,-0.3486083443891981,0.8888888888888888,0.26801008406912324,9
seqFISH+ cortex/SVZ,gated_learned_random_graph,58,6,-0.23904572186687875,1.0,0.337099931231621,8
seqFISH+ cortex/SVZ,gated_learned_random_graph,59,6,0.13274827220951357,0.637259721501066,0.25292897021310934,18
seqFISH+ cortex/SVZ,gated_learned_random_graph,60,6,0.4183300132670376,0.5487949406953986,0.26111648393354675,4
seqFISH+ cortex/SVZ,gated_learned_random_graph,61,6,-0.2366877793714464,0.8571428571428571,0.29213563322602576,7
seqFISH+ cortex/SVZ,gated_learned_random_graph,62,6,-0.02071042173948784,0.5752245567409179,0.23795289263408545,17
seqFISH+ cortex/SVZ,gated_learned_random_graph,63,6,0.27316224223505975,0.6000000000000001,0.2,10
seqFISH+ cortex/SVZ,gated_learned_permuted_prior,1,0,0.853932859249359,0.254123708183606,0.1418876915660064,17
seqFISH+ cortex/SVZ,gated_learned_permuted_prior,2,0,0.550110031235774,0.23076923076923078,0.16400055104277725,13
seqFISH+ cortex/SVZ,gated_learned_permuted_prior,3,0,0.4864434728231558,0.428770585643888,0.14213381090374028,6
seqFISH+ cortex/SVZ,gated_learned_permuted_prior,4,0,-0.15256428831468233,0.8032223212740381,0.27241788264159783,7
seqFISH+ cortex/SVZ,gated_learned_permuted_prior,5,0,0.0932504808240314,0.49529986146544347,0.19765720236531237,11
seqFISH+ cortex/SVZ,gated_learned_permuted_prior,6,0,0.8062552222347565,0.24902249956730618,0.1477097891751993,5
seqFISH+ cortex/SVZ,gated_learned_permuted_prior,7,0,0.19920476822239894,0.4670206642537054,0.22222222222222227,9
seqFISH+ cortex/SVZ,gated_learned_permuted_prior,8,0,0.24639507269384112,0.42606510371594414,0.19462473604038072,12
seqFISH+ cortex/SVZ,gated_learned_permuted_prior,9,0,0.9999999999999998,0.0,0.0,2
seqFISH+ cortex/SVZ,gated_learned_permuted_prior,10,1,0.4467089744814191,0.3029560019499767,0.17407765595569785,6
seqFISH+ cortex/SVZ,gated_learned_permuted_prior,11,1,0.3338916490308828,0.48323902705803984,0.20100756305184245,12
seqFISH+ cortex/SVZ,gated_learned_permuted_prior,12,1,0.012926112238824672,0.5778195311147832,0.21320071635561044,8
seqFISH+ cortex/SVZ,gated_learned_permuted_prior,13,1,0.1979166666666667,0.47548875021634684,0.2256304299271065,5
seqFISH+ cortex/SVZ,gated_learned_permuted_prior,14,1,0.12751534261266767,0.5145247027726656,0.19999999999999998,10
seqFISH+ cortex/SVZ,gated_learned_permuted_prior,15,1,-0.13903017140231752,0.6310519594886107,0.251259453814803,12
seqFISH+ cortex/SVZ,gated_learned_permuted_prior,16,1,-0.1328723291340236,0.7971804688852169,0.2919371040605711,8
seqFISH+ cortex/SVZ,gated_learned_permuted_prior,17,1,-0.07800871538350831,0.6485337918091503,0.2584382953523688,14
seqFISH+ cortex/SVZ,gated_learned_permuted_prior,18,1,-0.2304976060513434,0.7028195311147831,0.22613350843332272,8
seqFISH+ cortex/SVZ,gated_learned_permuted_prior,19,2,0.14655172413793105,0.42857142857142866,0.1827434711619518,7
seqFISH+ cortex/SVZ,gated_learned_permuted_prior,20,2,0.5919212470522277,0.3250112108241772,0.1421338109037403,6
seqFISH+ cortex/SVZ,gated_learned_permuted_prior,21,2,0.10611626162285515,0.45281953111478324,0.1685499656158105,8
seqFISH+ cortex/SVZ,gated_learned_permuted_prior,22,2,0.6758625033664688,0.31127812445913294,0.14213381090374028,6
seqFISH+ cortex/SVZ,gated_learned_permuted_prior,23,2,-0.16772557387550685,0.660365178416895,0.21101398453599896,7
seqFISH+ cortex/SVZ,gated_learned_permuted_prior,24,2,0.355934248407187,0.4370927081530443,0.15891043154093204,6
seqFISH+ cortex/SVZ,gated_learned_permuted_prior,25,2,0.10527936095153947,0.5057446137644578,0.20100756305184242,9
seqFISH+ cortex/SVZ,gated_learned_permuted_prior,26,2,0.21698151830137308,0.5954372523105548,0.22473328748774735,6
seqFISH+ cortex/SVZ,gated_learned_permuted_prior,27,2,0.1628005995579694,0.42857142857142866,0.1722921969015792,7
seqFISH+ cortex/SVZ,gated_learned_permuted_prior,28,3,-0.17888543819998312,1.0,0.3535533905932738,4
seqFISH+ cortex/SVZ,gated_learned_permuted_prior,29,3,-0.061858957413174154,0.6000000000000001,0.20449494325821807,10
seqFISH+ cortex/SVZ,gated_learned_permuted_prior,30,3,-0.29692925174165974,0.875,0.26650089544451305,8
seqFISH+ cortex/SVZ,gated_learned_permuted_prior,31,3,-0.18051429266002605,0.6000000000000001,0.2088931871468374,10
seqFISH+ cortex/SVZ,gated_learned_permuted_prior,32,3,0.3455033507605327,0.5292882904724807,0.24618298195866545,12
seqFISH+ cortex/SVZ,gated_learned_permuted_prior,33,3,6.938893903907228e-18,0.506602137623939,0.20874927174074526,11
seqFISH+ cortex/SVZ,gated_learned_permuted_prior,34,3,0.23904572186687878,0.25,0.14101901870444156,8
seqFISH+ cortex/SVZ,gated_learned_permuted_prior,35,3,0.4378367975864463,0.2494569442040591,0.11605177063713189,9
seqFISH+ cortex/SVZ,gated_learned_permuted_prior,36,3,0.27427580443784055,0.44396269048501497,0.20643070596119262,8
seqFISH+ cortex/SVZ,gated_learned_permuted_prior,37,4,0.38521858935144976,0.4287705856438881,0.17407765595569785,6
seqFISH+ cortex/SVZ,gated_learned_permuted_prior,38,4,0.650976463168882,0.2971804688852168,0.1685499656158105,8
seqFISH+ cortex/SVZ,gated_learned_permuted_prior,39,4,0.8532818336519589,0.31127812445913294,0.1767766952966369,8
seqFISH+ cortex/SVZ,gated_learned_permuted_prior,40,4,0.7627867603007066,0.20226386712311012,0.15228622596829314,14
seqFISH+ cortex/SVZ,gated_learned_permuted_prior,41,4,-0.078099581095797,0.5555555555555556,0.2222222222222222,9
seqFISH+ cortex/SVZ,gated_learned_permuted_prior,42,4,0.2795622436541155,0.3808196095707412,0.17082358106351275,9
seqFISH+ cortex/SVZ,gated_learned_permuted_prior,43,4,0.24056261216234412,0.5136173609909184,0.16412198797244365,9
seqFISH+ cortex/SVZ,gated_learned_permuted_prior,44,4,0.7670264419133598,0.10845859334434964,0.09231861823449955,8
seqFISH+ cortex/SVZ,gated_learned_permuted_prior,45,4,-0.33761905162269795,0.6622556248918267,0.21320071635561044,10
seqFISH+ cortex/SVZ,gated_learned_permuted_prior,46,5,0.06539685511376775,0.5715779392329162,0.21976226824788314,8
seqFISH+ cortex/SVZ,gated_learned_permuted_prior,47,5,-0.27854938271604945,0.4967407660547366,0.1724582937269078,36
seqFISH+ cortex/SVZ,gated_learned_permuted_prior,48,5,0.6669294960349167,0.2766916661858959,0.1895117478716537,9
seqFISH+ cortex/SVZ,gated_learned_permuted_prior,49,5,0.06480755060207842,0.28633345569145874,0.12541218609153554,17
seqFISH+ cortex/SVZ,gated_learned_permuted_prior,50,5,-0.3004972334793902,0.573292471785532,0.16173847447667,29
seqFISH+ cortex/SVZ,gated_learned_permuted_prior,51,5,0.41833001326703784,0.29047088752559946,0.12258179317513493,11
seqFISH+ cortex/SVZ,gated_learned_permuted_prior,52,5,0.05647005757273025,0.47435725966518644,0.196169126610182,29
seqFISH+ cortex/SVZ,gated_learned_permuted_prior,53,5,-0.0740612896651528,0.4708703966191924,0.16419689873811916,37
seqFISH+ cortex/SVZ,gated_learned_permuted_prior,54,5,0.36039927920216247,0.39315587846583216,0.1767766952966369,8
seqFISH+ cortex/SVZ,gated_learned_permuted_prior,55,6,0.21926450482675724,0.6548575458269755,0.2842676218074806,6
seqFISH+ cortex/SVZ,gated_learned_permuted_prior,56,6,0.5854908226556832,0.393555357451924,0.20203050891044214,7
seqFISH+ cortex/SVZ,gated_learned_permuted_prior,57,6,-0.2824050356609575,0.8888888888888888,0.27625847133691606,9
seqFISH+ cortex/SVZ,gated_learned_permuted_prior,58,6,-0.23904572186687872,1.0,0.337099931231621,8
seqFISH+ cortex/SVZ,gated_learned_permuted_prior,59,6,-0.43956531439041224,0.8888888888888888,0.2881887397512547,18
seqFISH+ cortex/SVZ,gated_learned_permuted_prior,60,6,0.4183300132670376,0.5487949406953986,0.26111648393354675,4
seqFISH+ cortex/SVZ,gated_learned_permuted_prior,61,6,-0.2366877793714464,0.8571428571428571,0.29213563322602576,7
seqFISH+ cortex/SVZ,gated_learned_permuted_prior,62,6,-0.27586580785253867,0.7761870448695054,0.26186833254963193,17
seqFISH+ cortex/SVZ,gated_learned_permuted_prior,63,6,0.2564992625656802,0.6000000000000001,0.20449494325821804,10
seqFISH+ cortex/SVZ,gated_context_specific,1,0,0.853932859249359,0.254123708183606,0.1418876915660064,17
seqFISH+ cortex/SVZ,gated_context_specific,2,0,0.5962729703422287,0.2888375001664207,0.16068706703602875,13
seqFISH+ cortex/SVZ,gated_context_specific,3,0,0.4864434728231558,0.428770585643888,0.14213381090374028,6
seqFISH+ cortex/SVZ,gated_context_specific,4,0,-0.19364916731037082,0.8032223212740381,0.25843829535236884,7
seqFISH+ cortex/SVZ,gated_context_specific,5,0,0.2085144140570748,0.4387038388365104,0.1859044938711073,11
seqFISH+ cortex/SVZ,gated_context_specific,6,0,0.8062552222347565,0.24902249956730618,0.1477097891751993,5
seqFISH+ cortex/SVZ,gated_context_specific,7,0,0.20928947258123928,0.4942553862355424,0.2171129824263099,9
seqFISH+ cortex/SVZ,gated_context_specific,8,0,0.24639507269384112,0.42606510371594414,0.19462473604038072,12
seqFISH+ cortex/SVZ,gated_context_specific,9,0,0.9999999999999998,0.0,0.0,2
seqFISH+ cortex/SVZ,gated_context_specific,10,1,-0.027399831217559515,0.6037593748197109,0.23570226039551584,6
seqFISH+ cortex/SVZ,gated_context_specific,11,1,0.3338916490308828,0.48323902705803984,0.20100756305184245,12
seqFISH+ cortex/SVZ,gated_context_specific,12,1,0.011587244366483077,0.5778195311147832,0.21976226824788314,8
seqFISH+ cortex/SVZ,gated_context_specific,13,1,0.1979166666666667,0.47548875021634684,0.2256304299271065,5
seqFISH+ cortex/SVZ,gated_context_specific,14,1,0.039848544566458664,0.557262351386333,0.2088931871468374,10
seqFISH+ cortex/SVZ,gated_context_specific,15,1,-0.1873292426537319,0.6514780009749883,0.2487341690815455,12
seqFISH+ cortex/SVZ,gated_context_specific,16,1,0.16735113224353032,0.5560373095149851,0.2556186790727725,8
seqFISH+ cortex/SVZ,gated_context_specific,17,1,-0.08702236517687365,0.6485337918091505,0.2566373096801234,14
seqFISH+ cortex/SVZ,gated_context_specific,18,1,-0.2802476371884733,0.7028195311147831,0.21976226824788314,8
seqFISH+ cortex/SVZ,gated_context_specific,19,2,0.47882529281755726,0.19677767872596216,0.1362089413207989,7
seqFISH+ cortex/SVZ,gated_context_specific,20,2,0.48644347282315564,0.4287705856438881,0.1421338109037403,6
seqFISH+ cortex/SVZ,gated_context_specific,21,2,0.01785714285714287,0.5000000000000001,0.1685499656158105,8
seqFISH+ cortex/SVZ,gated_context_specific,22,2,0.7763285511641872,0.1446114577924663,0.12309149097933272,6
seqFISH+ cortex/SVZ,gated_context_specific,23,2,-0.22413272587221014,0.660365178416895,0.20203050891044214,7
seqFISH+ cortex/SVZ,gated_context_specific,24,2,0.4246038878042233,0.4370927081530443,0.1421338109037403,6
seqFISH+ cortex/SVZ,gated_context_specific,25,2,0.23395413544786547,0.3526953080887096,0.18951174787165373,9
seqFISH+ cortex/SVZ,gated_context_specific,26,2,0.2542372881355932,0.5954372523105548,0.20100756305184242,6
seqFISH+ cortex/SVZ,gated_context_specific,27,2,0.36765801200722315,0.28571428571428575,0.1362089413207989,7
seqFISH+ cortex/SVZ,gated_context_specific,28,3,0.4183300132670376,0.5487949406953986,0.26111648393354675,4
seqFISH+ cortex/SVZ,gated_context_specific,29,3,-0.05138915323706486,0.6000000000000001,0.21320071635561044,10
seqFISH+ cortex/SVZ,gated_context_specific,30,3,-0.2661737524724145,0.875,0.2717786532523045,8
seqFISH+ cortex/SVZ,gated_context_specific,31,3,-0.004797943082914452,0.4999999999999999,0.2,10
seqFISH+ cortex/SVZ,gated_context_specific,32,3,0.31649161901728184,0.5497143319588584,0.2487341690815455,12
seqFISH+ cortex/SVZ,gated_context_specific,33,3,-0.15075567228888181,0.6020505680834788,0.22602965836656763,11
seqFISH+ cortex/SVZ,gated_context_specific,34,3,0.23904572186687878,0.25,0.14101901870444156,8
seqFISH+ cortex/SVZ,gated_context_specific,35,3,0.43783679758644617,0.24945694420405903,0.11605177063713189,9
seqFISH+ cortex/SVZ,gated_context_specific,36,3,-0.17367560007531038,0.7028195311147831,0.2556186790727725,8
seqFISH+ cortex/SVZ,gated_context_specific,37,4,0.2425553875643785,0.5000000000000001,0.17407765595569785,6
seqFISH+ cortex/SVZ,gated_context_specific,38,4,0.29648432976008493,0.3967822215997981,0.20643070596119262,8
seqFISH+ cortex/SVZ,gated_context_specific,39,4,0.8333333333333334,0.418821231072075,0.20643070596119262,8
seqFISH+ cortex/SVZ,gated_context_specific,40,4,0.9738513802770886,0.007532667910004873,0.030457245193658625,14
seqFISH+ cortex/SVZ,gated_context_specific,41,4,-0.2518930919533578,0.6247284721020294,0.2222222222222222,9
seqFISH+ cortex/SVZ,gated_context_specific,42,4,-0.018915119696438325,0.5974937501201927,0.21188057538790941,9
seqFISH+ cortex/SVZ,gated_context_specific,43,4,0.24056261216234412,0.5136173609909184,0.16412198797244365,9
seqFISH+ cortex/SVZ,gated_context_specific,44,4,0.012820512820512856,0.5243974703476995,0.1994310088043664,8
seqFISH+ cortex/SVZ,gated_context_specific,45,4,-0.2713010236253824,0.7000000000000001,0.2088931871468374,10
seqFISH+ cortex/SVZ,gated_context_specific,46,5,0.06539685511376775,0.5715779392329162,0.21976226824788314,8
seqFISH+ cortex/SVZ,gated_context_specific,47,5,-0.23868438857008556,0.47327937954904226,0.16917307297418407,36
seqFISH+ cortex/SVZ,gated_context_specific,48,5,0.6669294960349167,0.2766916661858959,0.1895117478716537,9
seqFISH+ cortex/SVZ,gated_context_specific,49,5,-0.007289459352102012,0.4677317203690823,0.15663977022328138,17
seqFISH+ cortex/SVZ,gated_context_specific,50,5,-0.2656629783013622,0.5832376786379131,0.17147077531256855,29
seqFISH+ cortex/SVZ,gated_context_specific,51,5,0.35856858280031817,0.30704034100743033,0.128564869306645,11
seqFISH+ cortex/SVZ,gated_context_specific,52,5,-0.01510067114093961,0.5861805220263013,0.18886984741557453,29
seqFISH+ cortex/SVZ,gated_context_specific,53,5,-0.03214490726609442,0.49588682087085434,0.16500376796443064,37
seqFISH+ cortex/SVZ,gated_context_specific,54,5,0.42712109808862464,0.35221700146248247,0.1767766952966369,8
seqFISH+ cortex/SVZ,gated_context_specific,55,6,0.21926450482675724,0.6548575458269755,0.2842676218074806,6
seqFISH+ cortex/SVZ,gated_context_specific,56,6,0.46127226837013313,0.39355535745192416,0.21963031851023068,7
seqFISH+ cortex/SVZ,gated_context_specific,57,6,-0.2615642951611414,0.7777777777777778,0.26801008406912324,9
seqFISH+ cortex/SVZ,gated_context_specific,58,6,-0.23904572186687875,1.0,0.337099931231621,8
seqFISH+ cortex/SVZ,gated_context_specific,59,6,0.11303108084324884,0.637259721501066,0.2551379987942442,18
seqFISH+ cortex/SVZ,gated_context_specific,60,6,0.3130495168499704,0.5487949406953986,0.2820380374088831,4
seqFISH+ cortex/SVZ,gated_context_specific,61,6,-0.2366877793714464,0.8571428571428571,0.29213563322602576,7
seqFISH+ cortex/SVZ,gated_context_specific,62,6,-0.3416707542351025,0.7761870448695054,0.2557916736492278,17
seqFISH+ cortex/SVZ,gated_context_specific,63,6,0.27316224223505975,0.6000000000000001,0.2,10
seqFISH+ cortex/SVZ,logreg_learned_neighborhood,1,0,0.930047189695837,0.16978406578326483,0.09384988649617242,17
seqFISH+ cortex/SVZ,logreg_learned_neighborhood,2,0,-0.31404170104103746,0.8751879808524413,0.2519424270580674,13
seqFISH+ cortex/SVZ,logreg_learned_neighborhood,3,0,0.5540540540540541,0.27042604148637756,0.12309149097933274,6
seqFISH+ cortex/SVZ,logreg_learned_neighborhood,4,0,0.5952918846948437,0.3716620369907224,0.17229219690157924,7
seqFISH+ cortex/SVZ,logreg_learned_neighborhood,5,0,-0.18245011229994043,0.8181818181818182,0.2629086565386259,11
seqFISH+ cortex/SVZ,logreg_learned_neighborhood,6,0,0.9462129411718868,0.11034030477602405,0.0852802865422442,5
seqFISH+ cortex/SVZ,logreg_learned_neighborhood,7,0,0.9591263585406825,0.16975239571644257,0.06700252101728081,9
seqFISH+ cortex/SVZ,logreg_learned_neighborhood,8,0,0.353753774813065,0.3088605623698221,0.2102187412956304,12
seqFISH+ cortex/SVZ,logreg_learned_neighborhood,9,0,0.9999999999999998,0.0,0.0,2
seqFISH+ cortex/SVZ,logreg_learned_neighborhood,10,1,0.0730662165801588,0.5408520829727553,0.22473328748774735,6
seqFISH+ cortex/SVZ,logreg_learned_neighborhood,11,1,-0.07903216237933919,0.6556390622295666,0.23570226039551587,12
seqFISH+ cortex/SVZ,logreg_learned_neighborhood,12,1,-0.04136106282425758,0.6250000000000001,0.24425210522959862,8
seqFISH+ cortex/SVZ,logreg_learned_neighborhood,13,1,0.41697519441472986,0.31452470277266575,0.2256304299271065,5
seqFISH+ cortex/SVZ,logreg_learned_neighborhood,14,1,-0.19814848097530424,0.7999999999999999,0.24120907566221092,10
seqFISH+ cortex/SVZ,logreg_learned_neighborhood,15,1,0.6398487567432469,0.1570244435455425,0.1628347368197324,12
seqFISH+ cortex/SVZ,logreg_learned_neighborhood,16,1,0.15001714579647826,0.5560373095149851,0.26111648393354675,8
seqFISH+ cortex/SVZ,logreg_learned_neighborhood,17,1,0.9356854569376007,0.11913841475250346,0.10550699226799948,14
seqFISH+ cortex/SVZ,logreg_learned_neighborhood,18,1,0.5816750507471109,0.2780238134816654,0.15075567228888181,8
seqFISH+ cortex/SVZ,logreg_learned_neighborhood,19,2,0.7155172413793103,0.08180335912333266,0.10550699226799948,7
seqFISH+ cortex/SVZ,logreg_learned_neighborhood,20,2,0.5919212470522277,0.3250112108241772,0.1421338109037403,6
seqFISH+ cortex/SVZ,logreg_learned_neighborhood,21,2,0.567733589433837,0.20281953111478324,0.10660035817780522,8
seqFISH+ cortex/SVZ,logreg_learned_neighborhood,22,2,0.8534606386520678,0.1957096287997309,0.1005037815259212,6
seqFISH+ cortex/SVZ,logreg_learned_neighborhood,23,2,0.3406925719346234,0.45645425182594207,0.1722921969015792,7
seqFISH+ cortex/SVZ,logreg_learned_neighborhood,24,2,0.09491579957524979,0.6666666666666666,0.18802535827258873,6
seqFISH+ cortex/SVZ,logreg_learned_neighborhood,25,2,0.46686731683456917,0.42974097186164406,0.17727200782610347,9
seqFISH+ cortex/SVZ,logreg_learned_neighborhood,26,2,0.24255538756437844,0.4999999999999999,0.17407765595569785,6
seqFISH+ cortex/SVZ,logreg_learned_neighborhood,27,2,0.44775541737996133,0.3207303568337903,0.16116459280507606,7
seqFISH+ cortex/SVZ,logreg_learned_neighborhood,28,3,-0.17888543819998312,1.0,0.3535533905932738,4
seqFISH+ cortex/SVZ,logreg_learned_neighborhood,29,3,0.5590169943749473,0.27548875021634683,0.14770978917519928,10
seqFISH+ cortex/SVZ,logreg_learned_neighborhood,30,3,0.5658463099227853,0.2971804688852168,0.1767766952966369,8
seqFISH+ cortex/SVZ,logreg_learned_neighborhood,31,3,0.03853800623171025,0.481773601169986,0.2088931871468374,10
seqFISH+ cortex/SVZ,logreg_learned_neighborhood,32,3,0.7435706435537051,0.39376620295343717,0.19784189177576658,12
seqFISH+ cortex/SVZ,logreg_learned_neighborhood,33,3,-0.23596995186213476,0.6929596589925696,0.24207964489052575,11
seqFISH+ cortex/SVZ,logreg_learned_neighborhood,34,3,0.025565499628245704,0.40563906222956647,0.14101901870444156,8
seqFISH+ cortex/SVZ,logreg_learned_neighborhood,35,3,-0.03124999999999996,0.5136173609909184,0.16412198797244365,9
seqFISH+ cortex/SVZ,logreg_learned_neighborhood,36,3,0.9385340607856207,0.14442376072437565,0.07537783614444091,8
seqFISH+ cortex/SVZ,logreg_learned_neighborhood,37,4,0.37610129838904677,0.5408520829727552,0.20100756305184242,6
seqFISH+ cortex/SVZ,logreg_learned_neighborhood,38,4,-0.2707030836939907,0.7499999999999999,0.2556186790727725,8
seqFISH+ cortex/SVZ,logreg_learned_neighborhood,39,4,0.38245085529570705,0.5487949406953986,0.26650089544451305,8
seqFISH+ cortex/SVZ,logreg_learned_neighborhood,40,4,0.6744640827922037,0.4165495814088244,0.16682120232032635,14
seqFISH+ cortex/SVZ,logreg_learned_neighborhood,41,4,0.2723168561657922,0.35269530808870947,0.18349396085439346,9
seqFISH+ cortex/SVZ,logreg_learned_neighborhood,42,4,0.2582485386063349,0.4025062498798073,0.17727200782610347,9
seqFISH+ cortex/SVZ,logreg_learned_neighborhood,43,4,-0.24896509440806808,0.846950694324252,0.24618298195866548,9
seqFISH+ cortex/SVZ,logreg_learned_neighborhood,44,4,0.9452234092780888,0.068962690485015,0.05330017908890261,8
seqFISH+ cortex/SVZ,logreg_learned_neighborhood,45,4,0.450877722505439,0.18048202372184058,0.17056057308448835,10
seqFISH+ cortex/SVZ,logreg_learned_neighborhood,46,5,0.3558558558558559,0.39939747034769923,0.19217652869645185,8
seqFISH+ cortex/SVZ,logreg_learned_neighborhood,47,5,0.14334554477024897,0.3868783493662073,0.16066640121804918,36
seqFISH+ cortex/SVZ,logreg_learned_neighborhood,48,5,0.6617941660233858,0.2690471748460828,0.17082358106351275,9
seqFISH+ cortex/SVZ,logreg_learned_neighborhood,49,5,0.6170886075949366,0.19922967573526995,0.0831890330807703,17
seqFISH+ cortex/SVZ,logreg_learned_neighborhood,50,5,0.33347186353394864,0.33068402422538884,0.13714509626474833,29
seqFISH+ cortex/SVZ,logreg_learned_neighborhood,51,5,0.12909944487358066,0.3813799784346903,0.14504073367590284,11
seqFISH+ cortex/SVZ,logreg_learned_neighborhood,52,5,-0.12791815855940777,0.5681122385590269,0.18364662715832988,29
seqFISH+ cortex/SVZ,logreg_learned_neighborhood,53,5,-0.07742566714388582,0.5979008762871814,0.18724873595339214,37
seqFISH+ cortex/SVZ,logreg_learned_neighborhood,54,5,0.390199486285854,0.3723847512520989,0.19217652869645185,8
seqFISH+ cortex/SVZ,logreg_learned_neighborhood,55,6,0.16137430609197562,0.6548575458269755,0.30151134457776363,6
seqFISH+ cortex/SVZ,logreg_learned_neighborhood,56,6,0.7851442865874609,0.266809820964971,0.16116459280507606,7
seqFISH+ cortex/SVZ,logreg_learned_neighborhood,57,6,-0.21988001778747934,0.7777777777777778,0.27625847133691606,9
seqFISH+ cortex/SVZ,logreg_learned_neighborhood,58,6,0.6329621044272914,0.418821231072075,0.22613350843332272,8
seqFISH+ cortex/SVZ,logreg_learned_neighborhood,59,6,0.25326139255375496,0.5913715901269964,0.24732009185243017,18
seqFISH+ cortex/SVZ,logreg_learned_neighborhood,60,6,-0.17888543819998312,1.0,0.3535533905932738,4
seqFISH+ cortex/SVZ,logreg_learned_neighborhood,61,6,0.15263445882928486,0.5613064678516932,0.25843829535236884,7
seqFISH+ cortex/SVZ,logreg_learned_neighborhood,62,6,0.15065787424272234,0.6723707011175784,0.233953399510453,17
seqFISH+ cortex/SVZ,logreg_learned_neighborhood,63,6,-0.14555562743489545,1.0,0.37172815091383404,10
seqFISH+ cortex/SVZ,logreg_learned_random_graph,1,0,0.6084455865755325,0.3837372444080168,0.17377622255905795,17
seqFISH+ cortex/SVZ,logreg_learned_random_graph,2,0,0.5282161606243656,0.4487969682685826,0.16724840200141813,13
seqFISH+ cortex/SVZ,logreg_learned_random_graph,3,0,0.5540540540540541,0.27042604148637756,0.12309149097933274,6
seqFISH+ cortex/SVZ,logreg_learned_random_graph,4,0,0.05163977794943222,0.7214189621507053,0.2279211529192759,7
seqFISH+ cortex/SVZ,logreg_learned_random_graph,5,0,6.938893903907228e-18,0.5518958840943768,0.2051185726610059,11
seqFISH+ cortex/SVZ,logreg_learned_random_graph,6,0,0.8062552222347565,0.24902249956730618,0.1477097891751993,5
seqFISH+ cortex/SVZ,logreg_learned_random_graph,7,0,0.12856550101140848,0.4942553862355424,0.2321035412742638,9
seqFISH+ cortex/SVZ,logreg_learned_random_graph,8,0,0.4683071697498454,0.38212827402873184,0.17407765595569782,12
seqFISH+ cortex/SVZ,logreg_learned_random_graph,9,0,0.38888888888888884,0.5000000000000001,0.21320071635561044,2
seqFISH+ cortex/SVZ,logreg_learned_random_graph,10,1,0.2739983121755955,0.4696226686166433,0.20100756305184242,6
seqFISH+ cortex/SVZ,logreg_learned_random_graph,11,1,0.3647231093011027,0.4021451856001345,0.17407765595569782,12
seqFISH+ cortex/SVZ,logreg_learned_random_graph,12,1,0.30191287804183736,0.33406112299665036,0.19217652869645185,8
seqFISH+ cortex/SVZ,logreg_learned_random_graph,13,1,0.7708333333333333,0.4,0.12060453783110546,5
seqFISH+ cortex/SVZ,logreg_learned_random_graph,14,1,0.18731716231633883,0.4551701523880119,0.1809068067466582,10
seqFISH+ cortex/SVZ,logreg_learned_random_graph,15,1,0.6580405266986967,0.2610276044371002,0.16666666666666663,12
seqFISH+ cortex/SVZ,logreg_learned_random_graph,16,1,0.192528688912131,0.5560373095149851,0.25,8
seqFISH+ cortex/SVZ,logreg_learned_random_graph,17,1,0.13612945512202276,0.5613064678516936,0.25482359571881275,14
seqFISH+ cortex/SVZ,logreg_learned_random_graph,18,1,0.26650662042910994,0.3812415918818671,0.19217652869645185,8
seqFISH+ cortex/SVZ,logreg_learned_random_graph,19,2,0.7155172413793103,0.23179374984546655,0.10550699226799948,7
seqFISH+ cortex/SVZ,logreg_learned_random_graph,20,2,0.747461921655093,0.19919662713026576,0.10050378152592121,6
seqFISH+ cortex/SVZ,logreg_learned_random_graph,21,2,0.5271016357912215,0.27439747034769935,0.10660035817780522,8
seqFISH+ cortex/SVZ,logreg_learned_random_graph,22,2,0.47493040777103224,0.24004871010302098,0.17407765595569785,6
seqFISH+ cortex/SVZ,logreg_learned_random_graph,23,2,-0.16772557387550685,0.660365178416895,0.21101398453599896,7
seqFISH+ cortex/SVZ,logreg_learned_random_graph,24,2,0.4246038878042233,0.4370927081530443,0.1421338109037403,6
seqFISH+ cortex/SVZ,logreg_learned_random_graph,25,2,0.07357303295929288,0.5057446137644578,0.22222222222222227,9
seqFISH+ cortex/SVZ,logreg_learned_random_graph,26,2,0.5234089942178693,0.39624062518028896,0.14213381090374028,6
seqFISH+ cortex/SVZ,logreg_learned_random_graph,27,2,-0.05471101369155108,0.5175080355597523,0.1827434711619518,7
seqFISH+ cortex/SVZ,logreg_learned_random_graph,28,3,0.4183300132670376,0.5487949406953986,0.26111648393354675,4
seqFISH+ cortex/SVZ,logreg_learned_random_graph,29,3,-0.05138915323706486,0.6000000000000001,0.21320071635561044,10
seqFISH+ cortex/SVZ,logreg_learned_random_graph,30,3,0.1546874763965661,0.568962690485015,0.21976226824788314,8
seqFISH+ cortex/SVZ,logreg_learned_random_graph,31,3,-0.05757531699497464,0.557262351386333,0.20449494325821807,10
seqFISH+ cortex/SVZ,logreg_learned_random_graph,32,3,0.28747988727403107,0.5811679778823363,0.251259453814803,12
seqFISH+ cortex/SVZ,logreg_learned_random_graph,33,3,0.4264014327112209,0.4146436109737464,0.16446073340605288,11
seqFISH+ cortex/SVZ,logreg_learned_random_graph,34,3,0.031083493608010493,0.3278195311147832,0.13055824196677338,8
seqFISH+ cortex/SVZ,logreg_learned_random_graph,35,3,0.20205596478012175,0.36056805531517017,0.12535023884839247,9
seqFISH+ cortex/SVZ,logreg_learned_random_graph,36,3,0.08378904971480662,0.6161431593702318,0.22613350843332272,8
seqFISH+ cortex/SVZ,logreg_learned_random_graph,37,4,0.5234089942178693,0.39624062518028913,0.1421338109037403,6
seqFISH+ cortex/SVZ,logreg_learned_random_graph,38,4,0.2255859030783256,0.44396269048501513,0.21320071635561044,8
seqFISH+ cortex/SVZ,logreg_learned_random_graph,39,4,0.08964214570007954,0.7169171866886993,0.30151134457776363,8
seqFISH+ cortex/SVZ,logreg_learned_random_graph,40,4,0.8291474088322657,0.07050601610846766,0.06810447066039946,14
seqFISH+ cortex/SVZ,logreg_learned_random_graph,41,4,0.4501207133749739,0.2641604167868593,0.17082358106351275,9
seqFISH+ cortex/SVZ,logreg_learned_random_graph,42,4,-0.027066598098038294,0.6302765537748004,0.1895117478716537,9
seqFISH+ cortex/SVZ,logreg_learned_random_graph,43,4,0.19165413321521826,0.5555555555555556,0.16412198797244365,9
seqFISH+ cortex/SVZ,logreg_learned_random_graph,44,4,0.446622991493855,0.40563906222956647,0.13055824196677338,8
seqFISH+ cortex/SVZ,logreg_learned_random_graph,45,4,-0.006028911636119627,0.5551701523880119,0.19069251784911848,10
seqFISH+ cortex/SVZ,logreg_learned_random_graph,46,5,0.07537276821582764,0.5715779392329162,0.20643070596119262,8
seqFISH+ cortex/SVZ,logreg_learned_random_graph,47,5,0.020463637726751485,0.386756169894288,0.15578986682007254,36
seqFISH+ cortex/SVZ,logreg_learned_random_graph,48,5,0.6346414665523071,0.3075336974049913,0.15713484026367722,9
seqFISH+ cortex/SVZ,logreg_learned_random_graph,49,5,-0.01325928806959549,0.38245698757795193,0.11764705882352941,17
seqFISH+ cortex/SVZ,logreg_learned_random_graph,50,5,0.33888604279314904,0.29563675482728363,0.1315120812752541,29
seqFISH+ cortex/SVZ,logreg_learned_random_graph,51,5,0.5020790110464023,0.25498365792894606,0.128564869306645,11
seqFISH+ cortex/SVZ,logreg_learned_random_graph,52,5,0.7086924210798359,0.2152274404107183,0.09972397316982362,29
seqFISH+ cortex/SVZ,logreg_learned_random_graph,53,5,-0.14706810754000205,0.5146795893234437,0.16819254142628828,37
seqFISH+ cortex/SVZ,logreg_learned_random_graph,54,5,0.280989722019502,0.446577939232916,0.1767766952966369,8
seqFISH+ cortex/SVZ,logreg_learned_random_graph,55,6,0.4657780077916656,0.45914791702724467,0.25623537159526916,6
seqFISH+ cortex/SVZ,logreg_learned_random_graph,56,6,0.09267092143206582,0.7041636107088362,0.26552010779559576,7
seqFISH+ cortex/SVZ,logreg_learned_random_graph,57,6,0.02071042173948784,0.6473046919112906,0.26801008406912324,9
seqFISH+ cortex/SVZ,logreg_learned_random_graph,58,6,0.08964214570007957,0.7169171866886994,0.30151134457776363,8
seqFISH+ cortex/SVZ,logreg_learned_random_graph,59,6,0.5069038480252145,0.5224041833358134,0.22473328748774735,18
seqFISH+ cortex/SVZ,logreg_learned_random_graph,60,6,0.3130495168499705,0.5487949406953986,0.2820380374088831,4
seqFISH+ cortex/SVZ,logreg_learned_random_graph,61,6,0.15263445882928486,0.5613064678516932,0.25843829535236884,7
seqFISH+ cortex/SVZ,logreg_learned_random_graph,62,6,-0.11670963293372795,0.751695144976212,0.26544756462012525,17
seqFISH+ cortex/SVZ,logreg_learned_random_graph,63,6,0.6890999615891346,0.33065890260435876,0.14770978917519928,10
seqFISH+ cortex/SVZ,logreg_learned_permuted_prior,1,0,0.12256137111451516,0.5377375427303764,0.2243441386460217,17
seqFISH+ cortex/SVZ,logreg_learned_permuted_prior,2,0,-0.16376544037507215,0.8132787318356408,0.2704766378435485,13
seqFISH+ cortex/SVZ,logreg_learned_permuted_prior,3,0,0.6169526972391245,0.3333333333333333,0.12309149097933274,6
seqFISH+ cortex/SVZ,logreg_learned_permuted_prior,4,0,0.46899392333772705,0.3716620369907224,0.1926285321323549,7
seqFISH+ cortex/SVZ,logreg_learned_permuted_prior,5,0,-0.1571736533654829,0.6929596589925696,0.24207964489052575,11
seqFISH+ cortex/SVZ,logreg_learned_permuted_prior,6,0,0.9689627902499088,0.10803154614560004,0.08528028654224416,5
seqFISH+ cortex/SVZ,logreg_learned_permuted_prior,7,0,0.3832639769684424,0.39567552452346777,0.20651563939657447,9
seqFISH+ cortex/SVZ,logreg_learned_permuted_prior,8,0,0.2919829076670242,0.38870689737262065,0.19462473604038072,12
seqFISH+ cortex/SVZ,logreg_learned_permuted_prior,9,0,0.9999999999999998,0.0,0.0,2
seqFISH+ cortex/SVZ,logreg_learned_permuted_prior,10,1,0.45566118843288356,0.1991966271302658,0.18802535827258873,6
seqFISH+ cortex/SVZ,logreg_learned_permuted_prior,11,1,0.08845939127070228,0.5501361882445883,0.2275251123891092,12
seqFISH+ cortex/SVZ,logreg_learned_permuted_prior,12,1,0.06885732306217342,0.5471804688852169,0.21976226824788314,8
seqFISH+ cortex/SVZ,logreg_learned_permuted_prior,13,1,0.3540440964374667,0.47548875021634684,0.17056057308448835,5
seqFISH+ cortex/SVZ,logreg_learned_permuted_prior,14,1,0.11973686801784994,0.4551701523880119,0.20449494325821807,10
seqFISH+ cortex/SVZ,logreg_learned_permuted_prior,15,1,0.7116612435859562,0.16912836252276392,0.15075567228888181,12
seqFISH+ cortex/SVZ,logreg_learned_permuted_prior,16,1,0.10286889997472792,0.6032177784002017,0.26650089544451305,8
seqFISH+ cortex/SVZ,logreg_learned_permuted_prior,17,1,0.8927230481231366,0.2843004181296064,0.13276005389779788,14
seqFISH+ cortex/SVZ,logreg_learned_permuted_prior,18,1,0.17844975952362066,0.4590611229966504,0.19217652869645185,8
seqFISH+ cortex/SVZ,logreg_learned_permuted_prior,19,2,0.4310344827586207,0.3135971089687991,0.14920941939059815,7
seqFISH+ cortex/SVZ,logreg_learned_permuted_prior,20,2,0.12264447262990151,0.674988789175823,0.26590801173915524,6
seqFISH+ cortex/SVZ,logreg_learned_permuted_prior,21,2,0.4010555924498425,0.2806390622295664,0.11918282365569904,8
seqFISH+ cortex/SVZ,logreg_learned_permuted_prior,22,2,0.9462129411718867,0.0919502539800199,0.07106690545187014,6
seqFISH+ cortex/SVZ,logreg_learned_permuted_prior,23,2,0.2684107579352389,0.45645425182594207,0.19262853213235487,7
seqFISH+ cortex/SVZ,logreg_learned_permuted_prior,24,2,0.5933877766671154,0.31127812445913294,0.15891043154093204,6
seqFISH+ cortex/SVZ,logreg_learned_permuted_prior,25,2,0.29376299188682503,0.5283208335737187,0.1895117478716537,9
seqFISH+ cortex/SVZ,logreg_learned_permuted_prior,26,2,0.08561170049453902,0.6666666666666666,0.20100756305184242,6
seqFISH+ cortex/SVZ,logreg_learned_permuted_prior,27,2,0.46127226837013313,0.39355535745192416,0.21963031851023068,7
seqFISH+ cortex/SVZ,logreg_learned_permuted_prior,28,3,-0.13046561461068842,1.0,0.3843530573929037,4
seqFISH+ cortex/SVZ,logreg_learned_permuted_prior,29,3,0.7411829289361307,0.2062848509536392,0.12060453783110545,10
seqFISH+ cortex/SVZ,logreg_learned_permuted_prior,30,3,0.62747313575596,0.25,0.1685499656158105,8
seqFISH+ cortex/SVZ,logreg_learned_permuted_prior,31,3,-0.16313006481909492,0.6000000000000001,0.21320071635561044,10
seqFISH+ cortex/SVZ,logreg_learned_permuted_prior,32,3,0.9291521278650205,0.25319393783672656,0.14213381090374028,12
seqFISH+ cortex/SVZ,logreg_learned_permuted_prior,33,3,-0.11826247919781653,0.6884203194421208,0.24207964489052575,11
seqFISH+ cortex/SVZ,logreg_learned_permuted_prior,34,3,0.022222222222222195,0.40563906222956647,0.15075567228888181,8
seqFISH+ cortex/SVZ,logreg_learned_permuted_prior,35,3,-0.04490132550669375,0.4297409718616442,0.14213381090374028,9
seqFISH+ cortex/SVZ,logreg_learned_permuted_prior,36,3,0.4637322968483336,0.3915414066556503,0.19217652869645185,8
seqFISH+ cortex/SVZ,logreg_learned_permuted_prior,37,4,0.21698151830137308,0.5954372523105548,0.22473328748774735,6
seqFISH+ cortex/SVZ,logreg_learned_permuted_prior,38,4,-0.1998046570122312,0.7028195311147831,0.25,8
seqFISH+ cortex/SVZ,logreg_learned_permuted_prior,39,4,0.6829479558851911,0.418821231072075,0.21976226824788314,8
seqFISH+ cortex/SVZ,logreg_learned_permuted_prior,40,4,0.5658592723176064,0.4057933817330828,0.16116459280507606,14
seqFISH+ cortex/SVZ,logreg_learned_permuted_prior,41,4,-0.17700595650776493,0.5827902775373923,0.2171129824263099,9
seqFISH+ cortex/SVZ,logreg_learned_permuted_prior,42,4,0.09114654303753,0.5827902775373923,0.1953442384425628,9
seqFISH+ cortex/SVZ,logreg_learned_permuted_prior,43,4,0.40087599947061814,0.46469599870001566,0.17082358106351275,9
seqFISH+ cortex/SVZ,logreg_learned_permuted_prior,44,4,0.2833152987899314,0.35221700146248247,0.14101901870444156,8
seqFISH+ cortex/SVZ,logreg_learned_permuted_prior,45,4,-0.23891597557944624,0.6245112497836531,0.21320071635561044,10
seqFISH+ cortex/SVZ,logreg_learned_permuted_prior,46,5,-0.045274745847993014,0.6250000000000001,0.2323300943211463,8
seqFISH+ cortex/SVZ,logreg_learned_permuted_prior,47,5,0.24833487507491886,0.3295470450645018,0.14554745910090466,36
seqFISH+ cortex/SVZ,logreg_learned_permuted_prior,48,5,0.6669294960349167,0.2766916661858959,0.1895117478716537,9
seqFISH+ cortex/SVZ,logreg_learned_permuted_prior,49,5,0.06759896636165792,0.3554074423266579,0.1228783453804926,17
seqFISH+ cortex/SVZ,logreg_learned_permuted_prior,50,5,0.4133233351954884,0.27433574691261703,0.12818212100477036,29
seqFISH+ cortex/SVZ,logreg_learned_permuted_prior,51,5,0.4898979485566356,0.2885688884362168,0.13976474814287407,11
seqFISH+ cortex/SVZ,logreg_learned_permuted_prior,52,5,0.2617685011596659,0.388704023532095,0.1794790621730362,29
seqFISH+ cortex/SVZ,logreg_learned_permuted_prior,53,5,-0.3828534135555518,0.6001817177279382,0.18185138152298116,37
seqFISH+ cortex/SVZ,logreg_learned_permuted_prior,54,5,0.36039927920216247,0.39315587846583216,0.1767766952966369,8
seqFISH+ cortex/SVZ,logreg_learned_permuted_prior,55,6,0.4657780077916656,0.45914791702724467,0.25623537159526916,6
seqFISH+ cortex/SVZ,logreg_learned_permuted_prior,56,6,0.17440152164211842,0.5613064678516932,0.2511568779975807,7
seqFISH+ cortex/SVZ,logreg_learned_permuted_prior,57,6,-0.12689157629486347,0.8888888888888888,0.35769557999243984,9
seqFISH+ cortex/SVZ,logreg_learned_permuted_prior,58,6,0.33183182419798396,0.5487949406953986,0.27695585470349865,8
seqFISH+ cortex/SVZ,logreg_learned_permuted_prior,59,6,-0.15226989155383625,0.7710623387939101,0.2792888194484543,18
seqFISH+ cortex/SVZ,logreg_learned_permuted_prior,60,6,-0.09999999999999998,1.0,0.4264014327112209,4
seqFISH+ cortex/SVZ,logreg_learned_permuted_prior,61,6,-0.1644480493344244,0.9999999999999998,0.3445843938031584,7
seqFISH+ cortex/SVZ,logreg_learned_permuted_prior,62,6,0.15065787424272234,0.6723707011175784,0.233953399510453,17
seqFISH+ cortex/SVZ,logreg_learned_permuted_prior,63,6,0.2564992625656802,0.6000000000000001,0.20449494325821804,10
seqFISH+ cortex/SVZ,logreg_context_specific,1,0,0.709414053980488,0.31343255247968776,0.16447654009871335,17
seqFISH+ cortex/SVZ,logreg_context_specific,2,0,-0.18532375125559808,0.7552104624384507,0.26034280376204594,13
seqFISH+ cortex/SVZ,logreg_context_specific,3,0,0.5540540540540541,0.27042604148637756,0.12309149097933274,6
seqFISH+ cortex/SVZ,logreg_context_specific,4,0,0.32203059435976533,0.5246412834247434,0.20203050891044216,7
seqFISH+ cortex/SVZ,logreg_context_specific,5,0,-0.036860489038724284,0.5975112285330298,0.21928097787473716,11
seqFISH+ cortex/SVZ,logreg_context_specific,6,0,0.4303314829119351,0.43903595255631883,0.20889318714683744,5
seqFISH+ cortex/SVZ,logreg_context_specific,7,0,0.96451392672472,0.1245319400103425,0.08206099398622183,9
seqFISH+ cortex/SVZ,logreg_context_specific,8,0,0.2919829076670242,0.3887068973726208,0.19462473604038072,12
seqFISH+ cortex/SVZ,logreg_context_specific,9,0,0.9999999999999998,0.0,0.0,2
seqFISH+ cortex/SVZ,logreg_context_specific,10,1,-0.20082135869223647,0.6666666666666666,0.22473328748774735,6
seqFISH+ cortex/SVZ,logreg_context_specific,11,1,-0.16980775293570613,0.7662649802317996,0.26590801173915524,12
seqFISH+ cortex/SVZ,logreg_context_specific,12,1,-0.09191347294279466,0.7499999999999999,0.25,8
seqFISH+ cortex/SVZ,logreg_context_specific,13,1,0.5802919799991055,0.1999999999999999,0.14770978917519928,5
seqFISH+ cortex/SVZ,logreg_context_specific,14,1,-0.2608745973749755,0.7999999999999999,0.2256304299271065,10
seqFISH+ cortex/SVZ,logreg_context_specific,15,1,0.35445877847928325,0.4050287377419613,0.1978418917757666,12
seqFISH+ cortex/SVZ,logreg_context_specific,16,1,0.19252868891213107,0.5560373095149851,0.25,8
seqFISH+ cortex/SVZ,logreg_context_specific,17,1,0.8316599206244807,0.22234151747080919,0.15228622596829314,14
seqFISH+ cortex/SVZ,logreg_context_specific,18,1,0.0638175657970488,0.5715779392329162,0.22613350843332272,8
seqFISH+ cortex/SVZ,logreg_context_specific,19,2,0.2862698570134179,0.3675176448376184,0.1827434711619518,7
seqFISH+ cortex/SVZ,logreg_context_specific,20,2,0.858006650045694,0.2586169206466865,0.1005037815259212,6
seqFISH+ cortex/SVZ,logreg_context_specific,21,2,0.02786391062876761,0.5000000000000001,0.14101901870444156,8
seqFISH+ cortex/SVZ,logreg_context_specific,22,2,0.2169815183013731,0.4696226686166433,0.22473328748774735,6
seqFISH+ cortex/SVZ,logreg_context_specific,23,2,0.19270515954324843,0.5103747876947613,0.20203050891044214,7
seqFISH+ cortex/SVZ,logreg_context_specific,24,2,0.06019292654288462,0.6666666666666666,0.24618298195866545,6
seqFISH+ cortex/SVZ,logreg_context_specific,25,2,-0.34508234978560154,0.7777777777777778,0.23688968483956716,9
seqFISH+ cortex/SVZ,logreg_context_specific,26,2,0.06779661016949154,0.6666666666666666,0.22473328748774735,6
seqFISH+ cortex/SVZ,logreg_context_specific,27,2,0.9001915504970076,0.0889366069883237,0.06091449038731726,7
seqFISH+ cortex/SVZ,logreg_context_specific,28,3,-0.23904572186687872,1.0,0.337099931231621,4
seqFISH+ cortex/SVZ,logreg_context_specific,29,3,0.04658474953124563,0.5929145274961855,0.2,10
seqFISH+ cortex/SVZ,logreg_context_specific,30,3,0.06528790154983756,0.6161431593702318,0.2383656473113981,8
seqFISH+ cortex/SVZ,logreg_context_specific,31,3,-0.05292767156453971,0.5245112497836532,0.2088931871468374,10
seqFISH+ cortex/SVZ,logreg_context_specific,32,3,0.4047089213420577,0.44794912067515896,0.24099960182707372,12
seqFISH+ cortex/SVZ,logreg_context_specific,33,3,2.0816681711721685e-17,0.49529986146544364,0.19765720236531237,11
seqFISH+ cortex/SVZ,logreg_context_specific,34,3,0.025565499628245704,0.40563906222956647,0.14101901870444156,8
seqFISH+ cortex/SVZ,logreg_context_specific,35,3,0.14062499999999997,0.36056805531517017,0.14982219165849825,9
seqFISH+ cortex/SVZ,logreg_context_specific,36,3,0.8405640719891008,0.26815587846583205,0.11918282365569904,8
seqFISH+ cortex/SVZ,logreg_context_specific,37,4,0.07516460280028295,0.6666666666666666,0.21320071635561044,6
seqFISH+ cortex/SVZ,logreg_context_specific,38,4,-0.235302425908485,0.7499999999999999,0.26111648393354675,8
seqFISH+ cortex/SVZ,logreg_context_specific,39,4,0.10000000000000002,0.7169171866886994,0.2967628376636499,8
seqFISH+ cortex/SVZ,logreg_context_specific,40,4,0.4519788506792426,0.38318056975716297,0.12182898077463453,14
seqFISH+ cortex/SVZ,logreg_context_specific,41,4,0.15256428831468233,0.4365716972179839,0.18951174787165373,9
seqFISH+ cortex/SVZ,logreg_context_specific,42,4,-0.09035488811080024,0.5408520829727552,0.20100756305184242,9
seqFISH+ cortex/SVZ,logreg_context_specific,43,4,-0.22252041625016827,0.7086048612313037,0.20651563939657447,9
seqFISH+ cortex/SVZ,logreg_context_specific,44,4,0.23302069121418523,0.35221700146248247,0.15075567228888181,8
seqFISH+ cortex/SVZ,logreg_context_specific,45,4,0.718227185310029,0.24402922606181254,0.12060453783110546,10
seqFISH+ cortex/SVZ,logreg_context_specific,46,5,0.23140425655640895,0.47097540958061535,0.1994310088043664,8
seqFISH+ cortex/SVZ,logreg_context_specific,47,5,0.32857954743725243,0.2995046176115036,0.14114331931800123,36
seqFISH+ cortex/SVZ,logreg_context_specific,48,5,0.6617941660233858,0.2690471748460828,0.17082358106351275,9
seqFISH+ cortex/SVZ,logreg_context_specific,49,5,0.5014983196072024,0.22143224932831318,0.10341753799900384,17
seqFISH+ cortex/SVZ,logreg_context_specific,50,5,0.09691236661397297,0.4470284626053247,0.14776832287639718,29
seqFISH+ cortex/SVZ,logreg_context_specific,51,5,0.04564354645876388,0.4156930467148481,0.17763789471243532,11
seqFISH+ cortex/SVZ,logreg_context_specific,52,5,0.37546506468580804,0.44007910122763777,0.13314583436736868,29
seqFISH+ cortex/SVZ,logreg_context_specific,53,5,0.19532946945317425,0.3951449479635322,0.15674828410551922,37
seqFISH+ cortex/SVZ,logreg_context_specific,54,5,0.5068420748999524,0.2987949406953986,0.14101901870444156,8
seqFISH+ cortex/SVZ,logreg_context_specific,55,6,0.5163977794943222,0.45914791702724483,0.24618298195866548,6
seqFISH+ cortex/SVZ,logreg_context_specific,56,6,0.7851442865874609,0.266809820964971,0.16116459280507606,7
seqFISH+ cortex/SVZ,logreg_context_specific,57,6,-0.19364916731037085,0.7358395832131407,0.26801008406912324,9
seqFISH+ cortex/SVZ,logreg_context_specific,58,6,0.6829479558851911,0.418821231072075,0.21976226824788314,8
seqFISH+ cortex/SVZ,logreg_context_specific,59,6,0.10240742661336717,0.6718461797743032,0.25403588565574325,18
seqFISH+ cortex/SVZ,logreg_context_specific,60,6,0.8049844718999244,0.31127812445913294,0.1846372364689991,4
seqFISH+ cortex/SVZ,logreg_context_specific,61,6,0.5124156832125992,0.39355535745192416,0.21101398453599896,7
seqFISH+ cortex/SVZ,logreg_context_specific,62,6,0.2913744469286581,0.5913445981127705,0.2098547258860811,17
seqFISH+ cortex/SVZ,logreg_context_specific,63,6,-0.1397904713218424,0.8195179762781593,0.27633971188310297,10
seqFISH+ cortex/SVZ,gated_logreg_learned_neighborhood,1,0,0.4215126152130257,0.41487400987747647,0.19749930815635708,17
seqFISH+ cortex/SVZ,gated_logreg_learned_neighborhood,2,0,0.2148400834283153,0.4798298926142517,0.1995152813662532,13
seqFISH+ cortex/SVZ,gated_logreg_learned_neighborhood,3,0,0.7474619216550931,0.1991966271302657,0.10050378152592121,6
seqFISH+ cortex/SVZ,gated_logreg_learned_neighborhood,4,0,0.5952918846948437,0.3716620369907224,0.17229219690157924,7
seqFISH+ cortex/SVZ,gated_logreg_learned_neighborhood,5,0,0.18650096164806282,0.4387038388365104,0.18990289740621583,11
seqFISH+ cortex/SVZ,gated_logreg_learned_neighborhood,6,0,0.9462129411718868,0.11034030477602405,0.0852802865422442,5
seqFISH+ cortex/SVZ,gated_logreg_learned_neighborhood,7,0,0.48692584054817667,0.5067866356345788,0.1953442384425628,9
seqFISH+ cortex/SVZ,gated_logreg_learned_neighborhood,8,0,0.6935969716354257,0.1899762602948711,0.14213381090374028,12
seqFISH+ cortex/SVZ,gated_logreg_learned_neighborhood,9,0,0.9999999999999998,0.0,0.0,2
seqFISH+ cortex/SVZ,gated_logreg_learned_neighborhood,10,1,0.4749304077710321,0.24004871010302103,0.17407765595569785,6
seqFISH+ cortex/SVZ,gated_logreg_learned_neighborhood,11,1,0.23099130255736505,0.44812031259014445,0.18802535827258873,12
seqFISH+ cortex/SVZ,gated_logreg_learned_neighborhood,12,1,-0.0521425996491737,0.6250000000000001,0.22613350843332272,8
seqFISH+ cortex/SVZ,gated_logreg_learned_neighborhood,13,1,0.41697519441472986,0.31452470277266575,0.2256304299271065,5
seqFISH+ cortex/SVZ,gated_logreg_learned_neighborhood,14,1,0.22222222222222227,0.4551701523880119,0.17580981459830652,10
seqFISH+ cortex/SVZ,gated_logreg_learned_neighborhood,15,1,0.7894927590345886,0.18431702821444226,0.1421338109037403,12
seqFISH+ cortex/SVZ,gated_logreg_learned_neighborhood,16,1,0.19252868891213107,0.5560373095149851,0.25,8
seqFISH+ cortex/SVZ,gated_logreg_learned_neighborhood,17,1,0.9151909462429719,0.3265115064941041,0.164017284939157,14
seqFISH+ cortex/SVZ,gated_logreg_learned_neighborhood,18,1,0.21696591266204382,0.4590611229966504,0.1846372364689991,8
seqFISH+ cortex/SVZ,gated_logreg_learned_neighborhood,19,2,0.06565321642986124,0.46358749969093316,0.1722921969015792,7
seqFISH+ cortex/SVZ,gated_logreg_learned_neighborhood,20,2,0.7986239047530057,0.27042604148637767,0.10050378152592121,6
seqFISH+ cortex/SVZ,gated_logreg_learned_neighborhood,21,2,0.567733589433837,0.20281953111478324,0.10660035817780522,8
seqFISH+ cortex/SVZ,gated_logreg_learned_neighborhood,22,2,0.9330205286959043,0.029042962133064214,0.07106690545187014,6
seqFISH+ cortex/SVZ,gated_logreg_learned_neighborhood,23,2,-0.043678534863413186,0.7142857142857143,0.21101398453599896,7
seqFISH+ cortex/SVZ,gated_logreg_learned_neighborhood,24,2,0.4246038878042233,0.4370927081530443,0.1421338109037403,6
seqFISH+ cortex/SVZ,gated_logreg_learned_neighborhood,25,2,0.036446471178038606,0.616855724875569,0.21188057538790941,9
seqFISH+ cortex/SVZ,gated_logreg_learned_neighborhood,26,2,0.06779661016949154,0.6666666666666666,0.22473328748774735,6
seqFISH+ cortex/SVZ,gated_logreg_learned_neighborhood,27,2,0.9082028272797475,0.08180335912333263,0.06091449038731726,7
seqFISH+ cortex/SVZ,gated_logreg_learned_neighborhood,28,3,0.4183300132670376,0.5487949406953986,0.26111648393354675,4
seqFISH+ cortex/SVZ,gated_logreg_learned_neighborhood,29,3,0.6185895741317418,0.2754887502163467,0.1414213562373095,10
seqFISH+ cortex/SVZ,gated_logreg_learned_neighborhood,30,3,0.7834548185980502,0.23345859334434965,0.14101901870444156,8
seqFISH+ cortex/SVZ,gated_logreg_learned_neighborhood,31,3,-0.00441063929704491,0.4999999999999999,0.20449494325821804,10
seqFISH+ cortex/SVZ,gated_logreg_learned_neighborhood,32,3,0.8590398666770233,0.3193078449769617,0.17041245271518168,12
seqFISH+ cortex/SVZ,gated_logreg_learned_neighborhood,33,3,0.8104432008587537,0.2014637957058912,0.12258179317513493,11
seqFISH+ cortex/SVZ,gated_logreg_learned_neighborhood,34,3,0.4473962434942994,0.20281953111478324,0.10660035817780522,8
seqFISH+ cortex/SVZ,gated_logreg_learned_neighborhood,35,3,0.5979254811031062,0.1383458330929479,0.09475587393582685,9
seqFISH+ cortex/SVZ,gated_logreg_learned_neighborhood,36,3,0.8843849477800018,0.2209754095806153,0.10660035817780522,8
seqFISH+ cortex/SVZ,gated_logreg_learned_neighborhood,37,4,0.5919212470522277,0.3250112108241772,0.1421338109037403,6
seqFISH+ cortex/SVZ,gated_logreg_learned_neighborhood,38,4,-0.19980465701223127,0.7028195311147831,0.25,8
seqFISH+ cortex/SVZ,gated_logreg_learned_neighborhood,39,4,0.5368754921931591,0.5487949406953986,0.25,8
seqFISH+ cortex/SVZ,gated_logreg_learned_neighborhood,40,4,0.7329507681140421,0.2819387022916357,0.10981515925511534,14
seqFISH+ cortex/SVZ,gated_logreg_learned_neighborhood,41,4,0.2723168561657922,0.35269530808870947,0.18349396085439346,9
seqFISH+ cortex/SVZ,gated_logreg_learned_neighborhood,42,4,0.34509912574998886,0.296943220441467,0.15713484026367724,9
seqFISH+ cortex/SVZ,gated_logreg_learned_neighborhood,43,4,0.40555555555555567,0.35501997364239923,0.14982219165849825,9
seqFISH+ cortex/SVZ,gated_logreg_learned_neighborhood,44,4,1.0,0.0,0.0,8
seqFISH+ cortex/SVZ,gated_logreg_learned_neighborhood,45,4,0.7868626655979877,0.18676687467547975,0.11281521496355325,10
seqFISH+ cortex/SVZ,gated_logreg_learned_neighborhood,46,5,0.05349658345008413,0.5715779392329162,0.24425210522959862,8
seqFISH+ cortex/SVZ,gated_logreg_learned_neighborhood,47,5,0.25103071612512967,0.3345528696567326,0.15028965673097486,36
seqFISH+ cortex/SVZ,gated_logreg_learned_neighborhood,48,5,0.6321629317256101,0.2802989754231545,0.16412198797244365,9
seqFISH+ cortex/SVZ,gated_logreg_learned_neighborhood,49,5,0.5525696419756159,0.14457407132574912,0.08688811127952899,17
seqFISH+ cortex/SVZ,gated_logreg_learned_neighborhood,50,5,0.010149974286764354,0.37128529901529267,0.14331196803338508,29
seqFISH+ cortex/SVZ,gated_logreg_learned_neighborhood,51,5,0.3585685828003181,0.30704034100743033,0.128564869306645,11
seqFISH+ cortex/SVZ,gated_logreg_learned_neighborhood,52,5,-0.10752114626264235,0.4861013805947487,0.1708392049334008,29
seqFISH+ cortex/SVZ,gated_logreg_learned_neighborhood,53,5,-0.048315110990960426,0.5366447395493914,0.16740104272133488,37
seqFISH+ cortex/SVZ,gated_logreg_learned_neighborhood,54,5,0.6359358571541743,0.12661447181018176,0.14101901870444156,8
seqFISH+ cortex/SVZ,gated_logreg_learned_neighborhood,55,6,0.7016464154456233,0.45914791702724467,0.2247332874877474,6
seqFISH+ cortex/SVZ,gated_logreg_learned_neighborhood,56,6,0.5854908226556833,0.39355535745192416,0.20203050891044214,7
seqFISH+ cortex/SVZ,gated_logreg_learned_neighborhood,57,6,0.5506899387152001,0.4648484410699416,0.18951174787165373,9
seqFISH+ cortex/SVZ,gated_logreg_learned_neighborhood,58,6,0.3318318241979839,0.5487949406953986,0.27695585470349865,8
seqFISH+ cortex/SVZ,gated_logreg_learned_neighborhood,59,6,0.08451928930010917,0.6718461797743032,0.2562353715952691,18
seqFISH+ cortex/SVZ,gated_logreg_learned_neighborhood,60,6,0.9458757059274914,0.13792538097003,0.10660035817780522,4
seqFISH+ cortex/SVZ,gated_logreg_learned_neighborhood,61,6,0.20928182597054207,0.5613064678516932,0.24365796154926905,7
seqFISH+ cortex/SVZ,gated_logreg_learned_neighborhood,62,6,0.10209244371397946,0.5958013207020555,0.2200974933396436,17
seqFISH+ cortex/SVZ,gated_logreg_learned_neighborhood,63,6,0.18224947603350958,0.5174257772798385,0.21320071635561044,10
seqFISH+ cortex/SVZ,gated_logreg_learned_random_graph,1,0,0.37546257922744797,0.43707658347051964,0.20065949774645686,17
seqFISH+ cortex/SVZ,gated_logreg_learned_random_graph,2,0,0.1685665012940863,0.5567529695373284,0.2074461115271514,13
seqFISH+ cortex/SVZ,gated_logreg_learned_random_graph,3,0,0.7474619216550931,0.1991966271302657,0.10050378152592121,6
seqFISH+ cortex/SVZ,gated_logreg_learned_random_graph,4,0,0.5952918846948437,0.3716620369907224,0.17229219690157924,7
seqFISH+ cortex/SVZ,gated_logreg_learned_random_graph,5,0,0.12038585308576924,0.49529986146544364,0.1899028974062158,11
seqFISH+ cortex/SVZ,gated_logreg_learned_random_graph,6,0,0.9462129411718868,0.11034030477602405,0.0852802865422442,5
seqFISH+ cortex/SVZ,gated_logreg_learned_random_graph,7,0,0.5506899387151999,0.3956755245234676,0.18951174787165373,9
seqFISH+ cortex/SVZ,gated_logreg_learned_random_graph,8,0,0.7335594404929422,0.2954791342798495,0.1465081788319221,12
seqFISH+ cortex/SVZ,gated_logreg_learned_random_graph,9,0,0.9999999999999998,0.0,0.0,2
seqFISH+ cortex/SVZ,gated_logreg_learned_random_graph,10,1,0.44670897448141916,0.3029560019499767,0.17407765595569785,6
seqFISH+ cortex/SVZ,gated_logreg_learned_random_graph,11,1,0.4482480796983236,0.3638249964941346,0.16666666666666666,12
seqFISH+ cortex/SVZ,gated_logreg_learned_random_graph,12,1,0.012926112238824658,0.5778195311147832,0.21320071635561044,8
seqFISH+ cortex/SVZ,gated_logreg_learned_random_graph,13,1,0.42460388780422353,0.39999999999999986,0.17056057308448835,5
seqFISH+ cortex/SVZ,gated_logreg_learned_random_graph,14,1,0.1649572197684645,0.4551701523880119,0.18586407545691702,10
seqFISH+ cortex/SVZ,gated_logreg_learned_random_graph,15,1,0.8583593655924728,0.20474306970081974,0.13762047064079508,12
seqFISH+ cortex/SVZ,gated_logreg_learned_random_graph,16,1,0.19252868891213107,0.5560373095149851,0.25,8
seqFISH+ cortex/SVZ,gated_logreg_learned_random_graph,17,1,0.9151909462429719,0.3265115064941041,0.164017284939157,14
seqFISH+ cortex/SVZ,gated_logreg_learned_random_graph,18,1,0.21696591266204382,0.4590611229966504,0.1846372364689991,8
seqFISH+ cortex/SVZ,gated_logreg_learned_random_graph,19,2,-0.04310344827586208,0.6253491072973907,0.20203050891044214,7
seqFISH+ cortex/SVZ,gated_logreg_learned_random_graph,20,2,0.7986239047530057,0.27042604148637767,0.10050378152592121,6
seqFISH+ cortex/SVZ,gated_logreg_learned_random_graph,21,2,0.5271016357912215,0.24999999999999994,0.10660035817780522,8
seqFISH+ cortex/SVZ,gated_logreg_learned_random_graph,22,2,0.9330205286959043,0.029042962133064214,0.07106690545187014,6
seqFISH+ cortex/SVZ,gated_logreg_learned_random_graph,23,2,-0.1677255738755069,0.6603651784168952,0.21101398453599896,7
seqFISH+ cortex/SVZ,gated_logreg_learned_random_graph,24,2,0.6169526972391244,0.3333333333333333,0.12309149097933274,6
seqFISH+ cortex/SVZ,gated_logreg_learned_random_graph,25,2,0.08528602990262664,0.5057446137644578,0.21188057538790941,9
seqFISH+ cortex/SVZ,gated_logreg_learned_random_graph,26,2,0.2818672605010609,0.5954372523105548,0.18802535827258876,6
seqFISH+ cortex/SVZ,gated_logreg_learned_random_graph,27,2,0.8009692404443077,0.17073996611165632,0.0861460984507896,7
seqFISH+ cortex/SVZ,gated_logreg_learned_random_graph,28,3,0.4183300132670376,0.5487949406953986,0.26111648393354675,4
seqFISH+ cortex/SVZ,gated_logreg_learned_random_graph,29,3,0.6185895741317419,0.27548875021634683,0.1414213562373095,10
seqFISH+ cortex/SVZ,gated_logreg_learned_random_graph,30,3,0.7162597852310896,0.31127812445913294,0.15075567228888181,8
seqFISH+ cortex/SVZ,gated_logreg_learned_random_graph,31,3,-0.057575316994974604,0.5377443751081734,0.20449494325821804,10
seqFISH+ cortex/SVZ,gated_logreg_learned_random_graph,32,3,0.8590398666770233,0.3193078449769617,0.17041245271518168,12
seqFISH+ cortex/SVZ,gated_logreg_learned_random_graph,33,3,0.8104432008587537,0.2014637957058912,0.12258179317513493,11
seqFISH+ cortex/SVZ,gated_logreg_learned_random_graph,34,3,0.5163977794943222,0.1721804688852168,0.09231861823449955,8
seqFISH+ cortex/SVZ,gated_logreg_learned_random_graph,35,3,0.7040090342020443,0.11111111111111113,0.08206099398622183,9
seqFISH+ cortex/SVZ,gated_logreg_learned_random_graph,36,3,0.4519931645757982,0.4221804688852169,0.19217652869645185,8
seqFISH+ cortex/SVZ,gated_logreg_learned_random_graph,37,4,0.4387599650345124,0.39624062518028913,0.15891043154093204,6
seqFISH+ cortex/SVZ,gated_logreg_learned_random_graph,38,4,-0.15568653446499714,0.7028195311147831,0.26111648393354675,8
seqFISH+ cortex/SVZ,gated_logreg_learned_random_graph,39,4,0.4666666666666665,0.5487949406953986,0.2556186790727725,8
seqFISH+ cortex/SVZ,gated_logreg_learned_random_graph,40,4,0.8188388046201809,0.11083582313429431,0.06810447066039946,14
seqFISH+ cortex/SVZ,gated_logreg_learned_random_graph,41,4,0.19742972072019938,0.39463350265334673,0.18951174787165373,9
seqFISH+ cortex/SVZ,gated_logreg_learned_random_graph,42,4,0.2706659809803834,0.3388814150061041,0.16412198797244365,9
seqFISH+ cortex/SVZ,gated_logreg_learned_random_graph,43,4,0.48243971464520446,0.3550199736423994,0.1340050420345616,9
seqFISH+ cortex/SVZ,gated_logreg_learned_random_graph,44,4,0.9294871794871798,0.12500000000000003,0.05330017908890261,8
seqFISH+ cortex/SVZ,gated_logreg_learned_random_graph,45,4,0.7539126340506972,0.24902249956730624,0.12060453783110546,10
seqFISH+ cortex/SVZ,gated_logreg_learned_random_graph,46,5,0.05349658345008413,0.5715779392329162,0.24425210522959862,8
seqFISH+ cortex/SVZ,gated_logreg_learned_random_graph,47,5,0.21599897838343943,0.3618688536625184,0.1479375607664324,36
seqFISH+ cortex/SVZ,gated_logreg_learned_random_graph,48,5,0.6321629317256101,0.2802989754231545,0.16412198797244365,9
seqFISH+ cortex/SVZ,gated_logreg_learned_random_graph,49,5,0.5701493869926065,0.1410851929795123,0.07931763087802848,17
seqFISH+ cortex/SVZ,gated_logreg_learned_random_graph,50,5,-0.007590408868082155,0.3818573343961059,0.14555720083064452,29
seqFISH+ cortex/SVZ,gated_logreg_learned_random_graph,51,5,0.50709255283711,0.2327007035801704,0.13428162652290843,11
seqFISH+ cortex/SVZ,gated_logreg_learned_random_graph,52,5,-0.025602643829685356,0.39805845890959896,0.15560719305317688,29
seqFISH+ cortex/SVZ,gated_logreg_learned_random_graph,53,5,-0.34818291641546983,0.5826714315692392,0.16976446850245405,37
seqFISH+ cortex/SVZ,gated_logreg_learned_random_graph,54,5,0.5497624996033734,0.22097540958061535,0.14101901870444156,8
seqFISH+ cortex/SVZ,gated_logreg_learned_random_graph,55,6,0.7016464154456233,0.45914791702724467,0.2247332874877474,6
seqFISH+ cortex/SVZ,gated_logreg_learned_random_graph,56,6,0.45245214581538007,0.5364125003090671,0.21963031851023068,7
seqFISH+ cortex/SVZ,gated_logreg_learned_random_graph,57,6,0.47311132452819754,0.4648484410699416,0.1953442384425628,9
seqFISH+ cortex/SVZ,gated_logreg_learned_random_graph,58,6,0.33183182419798396,0.5487949406953986,0.27695585470349865,8
seqFISH+ cortex/SVZ,gated_logreg_learned_random_graph,59,6,0.07359692780570655,0.6718461797743032,0.2584161374841622,18
seqFISH+ cortex/SVZ,gated_logreg_learned_random_graph,60,6,0.9458757059274914,0.13792538097003,0.10660035817780522,4
seqFISH+ cortex/SVZ,gated_logreg_learned_random_graph,61,6,0.2796646035929348,0.5613064678516935,0.23592080681279154,7
seqFISH+ cortex/SVZ,gated_logreg_learned_random_graph,62,6,0.1525854282858296,0.548458953806855,0.21866361818460825,17
seqFISH+ cortex/SVZ,gated_logreg_learned_random_graph,63,6,0.35223552288205073,0.44808467988419753,0.19069251784911848,10
seqFISH+ cortex/SVZ,gated_logreg_learned_permuted_prior,1,0,0.37546257922744797,0.43707658347051964,0.20065949774645686,17
seqFISH+ cortex/SVZ,gated_logreg_learned_permuted_prior,2,0,0.23084153470440633,0.49868470014013855,0.2074461115271514,13
seqFISH+ cortex/SVZ,gated_logreg_learned_permuted_prior,3,0,0.7474619216550931,0.1991966271302657,0.10050378152592121,6
seqFISH+ cortex/SVZ,gated_logreg_learned_permuted_prior,4,0,0.5952918846948437,0.3716620369907224,0.17229219690157924,7
seqFISH+ cortex/SVZ,gated_logreg_learned_permuted_prior,5,0,0.09325048082403142,0.49529986146544364,0.19765720236531237,11
seqFISH+ cortex/SVZ,gated_logreg_learned_permuted_prior,6,0,0.9999999999999999,0.0,0.0,5
seqFISH+ cortex/SVZ,gated_logreg_learned_permuted_prior,7,0,0.5506899387151999,0.3956755245234676,0.18951174787165373,9
seqFISH+ cortex/SVZ,gated_logreg_learned_permuted_prior,8,0,0.6750430525879825,0.22733446663819445,0.14650817883192208,12
seqFISH+ cortex/SVZ,gated_logreg_learned_permuted_prior,9,0,0.9999999999999998,0.0,0.0,2
seqFISH+ cortex/SVZ,gated_logreg_learned_permuted_prior,10,1,0.4749304077710321,0.24004871010302103,0.17407765595569785,6
seqFISH+ cortex/SVZ,gated_logreg_learned_permuted_prior,11,1,0.28461955494982677,0.3810519594886107,0.18802535827258873,12
seqFISH+ cortex/SVZ,gated_logreg_learned_permuted_prior,12,1,0.012926112238824665,0.5778195311147832,0.21320071635561044,8
seqFISH+ cortex/SVZ,gated_logreg_learned_permuted_prior,13,1,0.42460388780422353,0.39999999999999986,0.17056057308448835,5
seqFISH+ cortex/SVZ,gated_logreg_learned_permuted_prior,14,1,0.14907119849998599,0.4551701523880119,0.19069251784911848,10
seqFISH+ cortex/SVZ,gated_logreg_learned_permuted_prior,15,1,0.7894927590345886,0.18431702821444226,0.1421338109037403,12
seqFISH+ cortex/SVZ,gated_logreg_learned_permuted_prior,16,1,0.19252868891213107,0.5560373095149851,0.25,8
seqFISH+ cortex/SVZ,gated_logreg_learned_permuted_prior,17,1,0.9151909462429719,0.3265115064941041,0.164017284939157,14
seqFISH+ cortex/SVZ,gated_logreg_learned_permuted_prior,18,1,0.09666028640862785,0.5840611229966503,0.1994310088043664,8
seqFISH+ cortex/SVZ,gated_logreg_learned_permuted_prior,19,2,0.06565321642986124,0.46358749969093316,0.1722921969015792,7
seqFISH+ cortex/SVZ,gated_logreg_learned_permuted_prior,20,2,0.7986239047530056,0.27042604148637767,0.10050378152592121,6
seqFISH+ cortex/SVZ,gated_logreg_learned_permuted_prior,21,2,0.5271016357912215,0.24999999999999994,0.10660035817780522,8
seqFISH+ cortex/SVZ,gated_logreg_learned_permuted_prior,22,2,0.9462129411718867,0.0919502539800199,0.07106690545187014,6
seqFISH+ cortex/SVZ,gated_logreg_learned_permuted_prior,23,2,-0.043678534863413186,0.7142857142857143,0.21101398453599896,7
seqFISH+ cortex/SVZ,gated_logreg_learned_permuted_prior,24,2,0.3559342484071871,0.4370927081530443,0.15891043154093204,6
seqFISH+ cortex/SVZ,gated_logreg_learned_permuted_prior,25,2,0.04094197370337645,0.6168557248755687,0.20651563939657447,9
seqFISH+ cortex/SVZ,gated_logreg_learned_permuted_prior,26,2,0.2818672605010609,0.5954372523105548,0.18802535827258876,6
seqFISH+ cortex/SVZ,gated_logreg_learned_permuted_prior,27,2,0.8103448275862069,0.16360671824666528,0.0861460984507896,7
seqFISH+ cortex/SVZ,gated_logreg_learned_permuted_prior,28,3,0.4183300132670376,0.5487949406953986,0.26111648393354675,4
seqFISH+ cortex/SVZ,gated_logreg_learned_permuted_prior,29,3,0.6185895741317419,0.29500672649450616,0.1414213562373095,10
seqFISH+ cortex/SVZ,gated_logreg_learned_permuted_prior,30,3,0.838698427601759,0.18627812445913283,0.13055824196677338,8
seqFISH+ cortex/SVZ,gated_logreg_learned_permuted_prior,31,3,-0.05757531699497463,0.5377443751081734,0.20449494325821804,10
seqFISH+ cortex/SVZ,gated_logreg_learned_permuted_prior,32,3,0.8590398666770233,0.3193078449769617,0.17041245271518168,12
seqFISH+ cortex/SVZ,gated_logreg_learned_permuted_prior,33,3,0.8104432008587537,0.2014637957058912,0.12258179317513493,11
seqFISH+ cortex/SVZ,gated_logreg_learned_permuted_prior,34,3,0.5439611381401831,0.12499999999999997,0.09231861823449955,8
seqFISH+ cortex/SVZ,gated_logreg_learned_permuted_prior,35,3,0.7040090342020443,0.11111111111111113,0.08206099398622183,9
seqFISH+ cortex/SVZ,gated_logreg_learned_permuted_prior,36,3,0.5072367735795069,0.3915414066556503,0.1846372364689991,8
seqFISH+ cortex/SVZ,gated_logreg_learned_permuted_prior,37,4,0.5919212470522277,0.3250112108241772,0.1421338109037403,6
seqFISH+ cortex/SVZ,gated_logreg_learned_permuted_prior,38,4,-0.15568653446499717,0.7028195311147831,0.26111648393354675,8
seqFISH+ cortex/SVZ,gated_logreg_learned_permuted_prior,39,4,0.4666666666666665,0.5487949406953986,0.2556186790727725,8
seqFISH+ cortex/SVZ,gated_logreg_learned_permuted_prior,40,4,0.7316377129068876,0.26443066673188353,0.11396057645963795,14
seqFISH+ cortex/SVZ,gated_logreg_learned_permuted_prior,41,4,0.24579802006254378,0.39463350265334673,0.18349396085439346,9
seqFISH+ cortex/SVZ,gated_logreg_learned_permuted_prior,42,4,0.27066598098038336,0.3388814150061041,0.16412198797244365,9
seqFISH+ cortex/SVZ,gated_logreg_learned_permuted_prior,43,4,0.48243971464520435,0.3550199736423994,0.1340050420345616,9
seqFISH+ cortex/SVZ,gated_logreg_learned_permuted_prior,44,4,1.0,0.0,0.0,8
seqFISH+ cortex/SVZ,gated_logreg_learned_permuted_prior,45,4,0.7539126340506972,0.24902249956730624,0.12060453783110546,10
seqFISH+ cortex/SVZ,gated_logreg_learned_permuted_prior,46,5,0.05349658345008413,0.5715779392329162,0.24425210522959862,8
seqFISH+ cortex/SVZ,gated_logreg_learned_permuted_prior,47,5,0.44037378507355995,0.2757080466041225,0.1334805584485102,36
seqFISH+ cortex/SVZ,gated_logreg_learned_permuted_prior,48,5,0.6321629317256101,0.2802989754231545,0.16412198797244365,9
seqFISH+ cortex/SVZ,gated_logreg_learned_permuted_prior,49,5,0.7179089839404595,0.07932444385863366,0.06636189115503133,17
seqFISH+ cortex/SVZ,gated_logreg_learned_permuted_prior,50,5,0.19166666666666674,0.344649268129099,0.13714509626474833,29
seqFISH+ cortex/SVZ,gated_logreg_learned_permuted_prior,51,5,0.5244044240850758,0.2154034123254527,0.12258179317513493,11
seqFISH+ cortex/SVZ,gated_logreg_learned_permuted_prior,52,5,-0.003302495499999586,0.44593695705591796,0.17397413072741827,29
seqFISH+ cortex/SVZ,gated_logreg_learned_permuted_prior,53,5,-0.3526728079292991,0.5426083322575795,0.1728654456937382,37
seqFISH+ cortex/SVZ,gated_logreg_learned_permuted_prior,54,5,0.5497624996033734,0.22097540958061535,0.14101901870444156,8
seqFISH+ cortex/SVZ,gated_logreg_learned_permuted_prior,55,6,0.5881716976750461,0.45914791702724467,0.23570226039551587,6
seqFISH+ cortex/SVZ,gated_logreg_learned_permuted_prior,56,6,0.5854908226556832,0.39355535745192416,0.20203050891044214,7
seqFISH+ cortex/SVZ,gated_logreg_learned_permuted_prior,57,6,0.4731113245281975,0.4648484410699416,0.1953442384425628,9
seqFISH+ cortex/SVZ,gated_logreg_learned_permuted_prior,58,6,0.33183182419798396,0.5487949406953986,0.27695585470349865,8
seqFISH+ cortex/SVZ,gated_logreg_learned_permuted_prior,59,6,0.07359692780570655,0.6718461797743032,0.2584161374841622,18
seqFISH+ cortex/SVZ,gated_logreg_learned_permuted_prior,60,6,0.9458757059274914,0.13792538097003,0.10660035817780522,4
seqFISH+ cortex/SVZ,gated_logreg_learned_permuted_prior,61,6,0.1270639657678292,0.7041636107088362,0.25115687799758074,7
seqFISH+ cortex/SVZ,gated_logreg_learned_permuted_prior,62,6,0.08454057513133806,0.5958013207020555,0.22293757845642598,17
seqFISH+ cortex/SVZ,gated_logreg_learned_permuted_prior,63,6,0.47924862216219194,0.39291452749618544,0.17580981459830652,10
seqFISH+ cortex/SVZ,gated_logreg_context_specific,1,0,0.42151261521302574,0.41487400987747647,0.19749930815635708,17
seqFISH+ cortex/SVZ,gated_logreg_context_specific,2,0,0.20152825405347286,0.4658095858219331,0.2074461115271514,13
seqFISH+ cortex/SVZ,gated_logreg_context_specific,3,0,0.7474619216550931,0.1991966271302657,0.10050378152592121,6
seqFISH+ cortex/SVZ,gated_logreg_context_specific,4,0,0.5209934741986739,0.3716620369907224,0.1827434711619518,7
seqFISH+ cortex/SVZ,gated_logreg_context_specific,5,0,0.2797514424720942,0.39985143100590387,0.1818181818181818,11
seqFISH+ cortex/SVZ,gated_logreg_context_specific,6,0,0.9462129411718868,0.11034030477602405,0.0852802865422442,5
seqFISH+ cortex/SVZ,gated_logreg_context_specific,7,0,0.5506899387151999,0.3956755245234676,0.18951174787165373,9
seqFISH+ cortex/SVZ,gated_logreg_context_specific,8,0,0.7138495125899713,0.22733446663819445,0.14213381090374028,12
seqFISH+ cortex/SVZ,gated_logreg_context_specific,9,0,0.9999999999999998,0.0,0.0,2
seqFISH+ cortex/SVZ,gated_logreg_context_specific,10,1,0.4467089744814191,0.3029560019499767,0.17407765595569785,6
seqFISH+ cortex/SVZ,gated_logreg_context_specific,11,1,0.23099130255736502,0.44812031259014445,0.18802535827258873,12
seqFISH+ cortex/SVZ,gated_logreg_context_specific,12,1,-0.0521425996491737,0.6250000000000001,0.22613350843332272,8
seqFISH+ cortex/SVZ,gated_logreg_context_specific,13,1,0.5416666666666669,0.15097750043269367,0.17056057308448833,5
seqFISH+ cortex/SVZ,gated_logreg_context_specific,14,1,0.28867513459481287,0.4551701523880119,0.17056057308448835,10
seqFISH+ cortex/SVZ,gated_logreg_context_specific,15,1,0.8894063739854531,0.23619671562429767,0.13762047064079508,12
seqFISH+ cortex/SVZ,gated_logreg_context_specific,16,1,0.19252868891213107,0.5560373095149851,0.25,8
seqFISH+ cortex/SVZ,gated_logreg_context_specific,17,1,0.9151909462429719,0.3265115064941041,0.164017284939157,14
seqFISH+ cortex/SVZ,gated_logreg_context_specific,18,1,0.21696591266204382,0.4590611229966504,0.1846372364689991,8
seqFISH+ cortex/SVZ,gated_logreg_context_specific,19,2,-0.04310344827586208,0.6253491072973907,0.20203050891044214,7
seqFISH+ cortex/SVZ,gated_logreg_context_specific,20,2,0.7986239047530057,0.27042604148637767,0.10050378152592121,6
seqFISH+ cortex/SVZ,gated_logreg_context_specific,21,2,0.33436692754521163,0.3278195311147832,0.11918282365569904,8
seqFISH+ cortex/SVZ,gated_logreg_context_specific,22,2,0.9330205286959043,0.029042962133064214,0.07106690545187014,6
seqFISH+ cortex/SVZ,gated_logreg_context_specific,23,2,-0.1677255738755069,0.6603651784168952,0.21101398453599896,7
seqFISH+ cortex/SVZ,gated_logreg_context_specific,24,2,0.4246038878042233,0.4370927081530443,0.14213381090374028,6
seqFISH+ cortex/SVZ,gated_logreg_context_specific,25,2,0.10527936095153947,0.5057446137644577,0.20100756305184242,9
seqFISH+ cortex/SVZ,gated_logreg_context_specific,26,2,0.25423728813559315,0.5954372523105548,0.20100756305184242,6
seqFISH+ cortex/SVZ,gated_logreg_context_specific,27,2,0.8009692404443077,0.17073996611165632,0.0861460984507896,7
seqFISH+ cortex/SVZ,gated_logreg_context_specific,28,3,0.4183300132670376,0.5487949406953986,0.26111648393354675,4
seqFISH+ cortex/SVZ,gated_logreg_context_specific,29,3,0.45653054540620713,0.33774437510817334,0.1595448070434931,10
seqFISH+ cortex/SVZ,gated_logreg_context_specific,30,3,0.7282112095943416,0.3584585933443496,0.15075567228888181,8
seqFISH+ cortex/SVZ,gated_logreg_context_specific,31,3,-0.004410639297044898,0.4999999999999999,0.20449494325821804,10
seqFISH+ cortex/SVZ,gated_logreg_context_specific,32,3,0.8238313379760374,0.3193078449769617,0.17407765595569782,12
seqFISH+ cortex/SVZ,gated_logreg_context_specific,33,3,0.8104432008587537,0.2014637957058912,0.12258179317513493,11
seqFISH+ cortex/SVZ,gated_logreg_context_specific,34,3,0.4473962434942994,0.20281953111478324,0.10660035817780522,8
seqFISH+ cortex/SVZ,gated_logreg_context_specific,35,3,0.5979254811031062,0.1383458330929479,0.09475587393582685,9
seqFISH+ cortex/SVZ,gated_logreg_context_specific,36,3,0.7162597852310895,0.31127812445913294,0.15075567228888181,8
seqFISH+ cortex/SVZ,gated_logreg_context_specific,37,4,0.4387599650345124,0.39624062518028913,0.15891043154093204,6
seqFISH+ cortex/SVZ,gated_logreg_context_specific,38,4,-0.15568653446499714,0.7028195311147831,0.26111648393354675,8
seqFISH+ cortex/SVZ,gated_logreg_context_specific,39,4,0.5368754921931592,0.5487949406953986,0.25,8
seqFISH+ cortex/SVZ,gated_logreg_context_specific,40,4,0.6961715561256794,0.20922466249727534,0.0861460984507896,14
seqFISH+ cortex/SVZ,gated_logreg_context_specific,41,4,0.1974297207201994,0.39463350265334673,0.18951174787165373,9
seqFISH+ cortex/SVZ,gated_logreg_context_specific,42,4,0.34509912574998886,0.296943220441467,0.15713484026367724,9
seqFISH+ cortex/SVZ,gated_logreg_context_specific,43,4,0.48243971464520435,0.3550199736423994,0.1340050420345616,9
seqFISH+ cortex/SVZ,gated_logreg_context_specific,44,4,0.9361647795030652,0.07781953111478324,0.05330017908890261,8
seqFISH+ cortex/SVZ,gated_logreg_context_specific,45,4,0.7868626655979877,0.18676687467547975,0.11281521496355325,10
seqFISH+ cortex/SVZ,gated_logreg_context_specific,46,5,0.05349658345008413,0.5715779392329162,0.24425210522959862,8
seqFISH+ cortex/SVZ,gated_logreg_context_specific,47,5,0.40730913971345856,0.29499366059964327,0.13608276348795434,36
seqFISH+ cortex/SVZ,gated_logreg_context_specific,48,5,0.6321629317256101,0.2802989754231545,0.16412198797244365,9
seqFISH+ cortex/SVZ,gated_logreg_context_specific,49,5,0.545535518006362,0.12892498380694092,0.09384988649617243,17
seqFISH+ cortex/SVZ,gated_logreg_context_specific,50,5,-0.0072459202462526184,0.383300230257017,0.14629795472825122,29
seqFISH+ cortex/SVZ,gated_logreg_context_specific,51,5,0.2795084971874738,0.32932329535620597,0.13976474814287407,11
seqFISH+ cortex/SVZ,gated_logreg_context_specific,52,5,0.07366567298699339,0.40939925192187926,0.15138177388902366,29
seqFISH+ cortex/SVZ,gated_logreg_context_specific,53,5,0.056715076718570165,0.48136415691109985,0.15504444780622603,37
seqFISH+ cortex/SVZ,gated_logreg_context_specific,54,5,0.6013377943029549,0.22097540958061535,0.13055824196677338,8
seqFISH+ cortex/SVZ,gated_logreg_context_specific,55,6,0.7016464154456233,0.45914791702724467,0.2247332874877474,6
seqFISH+ cortex/SVZ,gated_logreg_context_specific,56,6,0.5854908226556833,0.39355535745192416,0.20203050891044214,7
seqFISH+ cortex/SVZ,gated_logreg_context_specific,57,6,0.4731113245281975,0.4648484410699416,0.1953442384425628,9
seqFISH+ cortex/SVZ,gated_logreg_context_specific,58,6,0.3130495168499705,0.5487949406953986,0.2820380374088831,8
seqFISH+ cortex/SVZ,gated_logreg_context_specific,59,6,0.08451928930010917,0.6718461797743032,0.2562353715952691,18
seqFISH+ cortex/SVZ,gated_logreg_context_specific,60,6,0.9458757059274914,0.13792538097003,0.10660035817780522,4
seqFISH+ cortex/SVZ,gated_logreg_context_specific,61,6,0.20928182597054212,0.5613064678516935,0.24365796154926905,7
seqFISH+ cortex/SVZ,gated_logreg_context_specific,62,6,0.09208485576805803,0.5958013207020555,0.22152208745676982,17
seqFISH+ cortex/SVZ,gated_logreg_context_specific,63,6,0.22689876784032487,0.5174257772798385,0.2,10
seqFISH+ cortex/SVZ,nested_logreg_learned_neighborhood,1,0,0.9965596785424681,0.007995152472456956,0.025082437218307115,17
seqFISH+ cortex/SVZ,nested_logreg_learned_neighborhood,2,0,0.8636446660455054,0.15099869534050134,0.1037230557635757,13
seqFISH+ cortex/SVZ,nested_logreg_learned_neighborhood,3,0,0.7474619216550931,0.1991966271302657,0.10050378152592121,6
seqFISH+ cortex/SVZ,nested_logreg_learned_neighborhood,4,0,0.9583937179043475,0.08893660698832367,0.06091449038731726,7
seqFISH+ cortex/SVZ,nested_logreg_learned_neighborhood,5,0,0.9780192938436517,0.056596022628933276,0.03876376661011099,11
seqFISH+ cortex/SVZ,nested_logreg_learned_neighborhood,6,0,0.9462129411718868,0.11034030477602405,0.0852802865422442,5
seqFISH+ cortex/SVZ,nested_logreg_learned_neighborhood,7,0,0.9897542950999353,0.05822919557085847,0.04737793696791341,9
seqFISH+ cortex/SVZ,nested_logreg_learned_neighborhood,8,0,0.9898302737557874,0.04367189667814378,0.035533452725935055,12
seqFISH+ cortex/SVZ,nested_logreg_learned_neighborhood,9,0,0.9999999999999998,0.0,0.0,2
seqFISH+ cortex/SVZ,nested_logreg_learned_neighborhood,10,1,1.0,0.0,0.0,6
seqFISH+ cortex/SVZ,nested_logreg_learned_neighborhood,11,1,0.9811145452839297,0.005660774347998603,0.03553345272593509,12
seqFISH+ cortex/SVZ,nested_logreg_learned_neighborhood,12,1,0.884551765490997,0.10060252965230074,0.09231861823449955,8
seqFISH+ cortex/SVZ,nested_logreg_learned_neighborhood,13,1,0.9462129411718868,0.11034030477602405,0.0852802865422442,5
seqFISH+ cortex/SVZ,nested_logreg_learned_neighborhood,14,1,0.9709316831442536,0.062255624891826546,0.04264014327112209,10
seqFISH+ cortex/SVZ,nested_logreg_learned_neighborhood,15,1,1.0,0.0,0.0,12
seqFISH+ cortex/SVZ,nested_logreg_learned_neighborhood,16,1,0.9999999999999998,0.0,0.0,8
seqFISH+ cortex/SVZ,nested_logreg_learned_neighborhood,17,1,1.0,0.0,0.0,14
seqFISH+ cortex/SVZ,nested_logreg_learned_neighborhood,18,1,0.9743808478295162,0.01942376072437565,0.05330017908890261,8
seqFISH+ cortex/SVZ,nested_logreg_learned_neighborhood,19,2,0.932212098479592,0.0818033591233326,0.06091449038731726,7
seqFISH+ cortex/SVZ,nested_logreg_learned_neighborhood,20,2,0.9036961141150638,0.19704399805002334,0.12309149097933274,6
seqFISH+ cortex/SVZ,nested_logreg_learned_neighborhood,21,2,0.7834548185980502,0.23345859334434965,0.14101901870444156,8
seqFISH+ cortex/SVZ,nested_logreg_learned_neighborhood,22,2,0.968962790249909,0.09002628845466677,0.07106690545187017,6
seqFISH+ cortex/SVZ,nested_logreg_learned_neighborhood,23,2,0.9284769758863484,0.10968618237784605,0.10550699226799948,7
seqFISH+ cortex/SVZ,nested_logreg_learned_neighborhood,24,2,1.0,0.0,0.0,6
seqFISH+ cortex/SVZ,nested_logreg_learned_neighborhood,25,2,0.9860406186017733,0.05864128460533155,0.04737793696791344,9
seqFISH+ cortex/SVZ,nested_logreg_learned_neighborhood,26,2,0.9501192571463303,0.09195025398002003,0.07106690545187014,6
seqFISH+ cortex/SVZ,nested_logreg_learned_neighborhood,27,2,0.9497611434631532,0.07881450341144577,0.06091449038731726,7
seqFISH+ cortex/SVZ,nested_logreg_learned_neighborhood,28,3,0.9999999999999997,0.0,0.0,4
seqFISH+ cortex/SVZ,nested_logreg_learned_neighborhood,29,3,0.9826858043207378,0.015032781036625018,0.04264014327112208,10
seqFISH+ cortex/SVZ,nested_logreg_learned_neighborhood,30,3,0.9026872737417256,0.1916042296095925,0.09231861823449955,8
seqFISH+ cortex/SVZ,nested_logreg_learned_neighborhood,31,3,0.9800250020524475,0.053283383687673866,0.04264014327112208,10
seqFISH+ cortex/SVZ,nested_logreg_learned_neighborhood,32,3,0.9949880547234067,0.0430984531470803,0.035533452725935055,12
seqFISH+ cortex/SVZ,nested_logreg_learned_neighborhood,33,3,1.0,0.0,0.0,11
seqFISH+ cortex/SVZ,nested_logreg_learned_neighborhood,34,3,0.9999999999999999,0.0,0.0,8
seqFISH+ cortex/SVZ,nested_logreg_learned_neighborhood,35,3,0.9999999999999998,0.0,0.0,9
seqFISH+ cortex/SVZ,nested_logreg_learned_neighborhood,36,3,0.9860604553917957,0.06597144518099801,0.05330017908890261,8
seqFISH+ cortex/SVZ,nested_logreg_learned_neighborhood,37,4,0.9999999999999998,0.0,0.0,6
seqFISH+ cortex/SVZ,nested_logreg_learned_neighborhood,38,4,0.9799320082338995,0.0666042296095924,0.05330017908890261,8
seqFISH+ cortex/SVZ,nested_logreg_learned_neighborhood,39,4,0.9999999999999997,0.0,0.0,8
seqFISH+ cortex/SVZ,nested_logreg_learned_neighborhood,40,4,0.8951004520594925,0.06497109045056998,0.05275349613399974,14
seqFISH+ cortex/SVZ,nested_logreg_learned_neighborhood,41,4,1.0,0.0,0.0,9
seqFISH+ cortex/SVZ,nested_logreg_learned_neighborhood,42,4,0.953943401266822,0.08259374544570533,0.08206099398622183,9
seqFISH+ cortex/SVZ,nested_logreg_learned_neighborhood,43,4,0.8352851818726265,0.17241128043112447,0.08206099398622183,9
seqFISH+ cortex/SVZ,nested_logreg_learned_neighborhood,44,4,1.0,0.0,0.0,8
seqFISH+ cortex/SVZ,nested_logreg_learned_neighborhood,45,4,0.969136997197515,0.062255624891826546,0.04264014327112209,10
seqFISH+ cortex/SVZ,nested_logreg_learned_neighborhood,46,5,0.48361941016437066,0.27439747034769935,0.15990053726670783,8
seqFISH+ cortex/SVZ,nested_logreg_learned_neighborhood,47,5,-0.21417835522582973,0.6623783851011832,0.21221138054701502,36
seqFISH+ cortex/SVZ,nested_logreg_learned_neighborhood,48,5,0.5123065554127967,0.39335085896977773,0.17082358106351275,9
seqFISH+ cortex/SVZ,nested_logreg_learned_neighborhood,49,5,0.13493073104939574,0.3278013831684311,0.13965310007701173,17
seqFISH+ cortex/SVZ,nested_logreg_learned_neighborhood,50,5,-0.17522825645558746,0.7076071628301421,0.2277856065778677,29
seqFISH+ cortex/SVZ,nested_logreg_learned_neighborhood,51,5,0.2958039891549808,0.36817570318681253,0.15982710418027862,11
seqFISH+ cortex/SVZ,nested_logreg_learned_neighborhood,52,5,-0.2162546426421603,0.6991048518386722,0.21358064071342728,29
seqFISH+ cortex/SVZ,nested_logreg_learned_neighborhood,53,5,-0.41050944305427584,0.8444624999415279,0.2186594148529434,37
seqFISH+ cortex/SVZ,nested_logreg_learned_neighborhood,54,5,0.36039927920216236,0.40563906222956647,0.1767766952966369,8
seqFISH+ cortex/SVZ,nested_logreg_learned_neighborhood,55,6,0.9999999999999997,0.0,0.0,6
seqFISH+ cortex/SVZ,nested_logreg_learned_neighborhood,56,6,1.0,0.0,0.0,7
seqFISH+ cortex/SVZ,nested_logreg_learned_neighborhood,57,6,0.9770833333333337,0.11111111111111113,0.047377936967913425,9
seqFISH+ cortex/SVZ,nested_logreg_learned_neighborhood,58,6,0.9999999999999997,0.0,0.0,8
seqFISH+ cortex/SVZ,nested_logreg_learned_neighborhood,59,6,0.9977909541642794,0.007415968340648281,0.02368896848395672,18
seqFISH+ cortex/SVZ,nested_logreg_learned_neighborhood,60,6,0.9999999999999997,0.0,0.0,4
seqFISH+ cortex/SVZ,nested_logreg_learned_neighborhood,61,6,1.0,0.0,0.0,7
seqFISH+ cortex/SVZ,nested_logreg_learned_neighborhood,62,6,0.971656827912702,0.11122382907030805,0.056086034661505434,17
seqFISH+ cortex/SVZ,nested_logreg_learned_neighborhood,63,6,0.97770931504071,0.05517015238801204,0.0426401432711221,10
seqFISH+ cortex/SVZ,nested_logreg_learned_random_graph,1,0,0.9965596785424681,0.007995152472456956,0.025082437218307115,17
seqFISH+ cortex/SVZ,nested_logreg_learned_random_graph,2,0,0.8636446660455054,0.15099869534050134,0.1037230557635757,13
seqFISH+ cortex/SVZ,nested_logreg_learned_random_graph,3,0,0.7474619216550931,0.1991966271302657,0.10050378152592121,6
seqFISH+ cortex/SVZ,nested_logreg_learned_random_graph,4,0,0.9583937179043475,0.08893660698832367,0.06091449038731726,7
seqFISH+ cortex/SVZ,nested_logreg_learned_random_graph,5,0,0.9780192938436517,0.056596022628933276,0.03876376661011099,11
seqFISH+ cortex/SVZ,nested_logreg_learned_random_graph,6,0,0.9462129411718868,0.11034030477602405,0.0852802865422442,5
seqFISH+ cortex/SVZ,nested_logreg_learned_random_graph,7,0,0.9897542950999353,0.05822919557085847,0.04737793696791341,9
seqFISH+ cortex/SVZ,nested_logreg_learned_random_graph,8,0,0.9898302737557874,0.04367189667814378,0.035533452725935055,12
seqFISH+ cortex/SVZ,nested_logreg_learned_random_graph,9,0,0.9999999999999998,0.0,0.0,2
seqFISH+ cortex/SVZ,nested_logreg_learned_random_graph,10,1,1.0,0.0,0.0,6
seqFISH+ cortex/SVZ,nested_logreg_learned_random_graph,11,1,0.9811145452839297,0.005660774347998603,0.03553345272593509,12
seqFISH+ cortex/SVZ,nested_logreg_learned_random_graph,12,1,0.884551765490997,0.10060252965230074,0.09231861823449955,8
seqFISH+ cortex/SVZ,nested_logreg_learned_random_graph,13,1,0.9462129411718868,0.11034030477602405,0.0852802865422442,5
seqFISH+ cortex/SVZ,nested_logreg_learned_random_graph,14,1,0.9709316831442536,0.062255624891826546,0.04264014327112209,10
seqFISH+ cortex/SVZ,nested_logreg_learned_random_graph,15,1,1.0,0.0,0.0,12
seqFISH+ cortex/SVZ,nested_logreg_learned_random_graph,16,1,0.9999999999999998,0.0,0.0,8
seqFISH+ cortex/SVZ,nested_logreg_learned_random_graph,17,1,1.0,0.0,0.0,14
seqFISH+ cortex/SVZ,nested_logreg_learned_random_graph,18,1,0.9743808478295162,0.01942376072437565,0.05330017908890261,8
seqFISH+ cortex/SVZ,nested_logreg_learned_random_graph,19,2,0.932212098479592,0.0818033591233326,0.06091449038731726,7
seqFISH+ cortex/SVZ,nested_logreg_learned_random_graph,20,2,0.9036961141150638,0.19704399805002334,0.12309149097933274,6
seqFISH+ cortex/SVZ,nested_logreg_learned_random_graph,21,2,0.7834548185980502,0.23345859334434965,0.14101901870444156,8
seqFISH+ cortex/SVZ,nested_logreg_learned_random_graph,22,2,0.968962790249909,0.09002628845466677,0.07106690545187017,6
seqFISH+ cortex/SVZ,nested_logreg_learned_random_graph,23,2,0.9284769758863484,0.10968618237784605,0.10550699226799948,7
seqFISH+ cortex/SVZ,nested_logreg_learned_random_graph,24,2,1.0,0.0,0.0,6
seqFISH+ cortex/SVZ,nested_logreg_learned_random_graph,25,2,0.9860406186017733,0.05864128460533155,0.04737793696791344,9
seqFISH+ cortex/SVZ,nested_logreg_learned_random_graph,26,2,0.9501192571463303,0.09195025398002003,0.07106690545187014,6
seqFISH+ cortex/SVZ,nested_logreg_learned_random_graph,27,2,0.9497611434631532,0.07881450341144577,0.06091449038731726,7
seqFISH+ cortex/SVZ,nested_logreg_learned_random_graph,28,3,0.9999999999999997,0.0,0.0,4
seqFISH+ cortex/SVZ,nested_logreg_learned_random_graph,29,3,0.9826858043207378,0.015032781036625018,0.04264014327112208,10
seqFISH+ cortex/SVZ,nested_logreg_learned_random_graph,30,3,0.9026872737417256,0.1916042296095925,0.09231861823449955,8
seqFISH+ cortex/SVZ,nested_logreg_learned_random_graph,31,3,0.9800250020524475,0.053283383687673866,0.04264014327112208,10
seqFISH+ cortex/SVZ,nested_logreg_learned_random_graph,32,3,0.9949880547234067,0.0430984531470803,0.035533452725935055,12
seqFISH+ cortex/SVZ,nested_logreg_learned_random_graph,33,3,1.0,0.0,0.0,11
seqFISH+ cortex/SVZ,nested_logreg_learned_random_graph,34,3,0.9999999999999999,0.0,0.0,8
seqFISH+ cortex/SVZ,nested_logreg_learned_random_graph,35,3,0.9999999999999998,0.0,0.0,9
seqFISH+ cortex/SVZ,nested_logreg_learned_random_graph,36,3,0.9860604553917957,0.06597144518099801,0.05330017908890261,8
seqFISH+ cortex/SVZ,nested_logreg_learned_random_graph,37,4,0.9999999999999998,0.0,0.0,6
seqFISH+ cortex/SVZ,nested_logreg_learned_random_graph,38,4,0.9799320082338995,0.0666042296095924,0.05330017908890261,8
seqFISH+ cortex/SVZ,nested_logreg_learned_random_graph,39,4,0.9999999999999997,0.0,0.0,8
seqFISH+ cortex/SVZ,nested_logreg_learned_random_graph,40,4,0.8951004520594925,0.06497109045056998,0.05275349613399974,14
seqFISH+ cortex/SVZ,nested_logreg_learned_random_graph,41,4,1.0,0.0,0.0,9
seqFISH+ cortex/SVZ,nested_logreg_learned_random_graph,42,4,0.953943401266822,0.08259374544570533,0.08206099398622183,9
seqFISH+ cortex/SVZ,nested_logreg_learned_random_graph,43,4,0.8352851818726265,0.17241128043112447,0.08206099398622183,9
seqFISH+ cortex/SVZ,nested_logreg_learned_random_graph,44,4,1.0,0.0,0.0,8
seqFISH+ cortex/SVZ,nested_logreg_learned_random_graph,45,4,0.969136997197515,0.062255624891826546,0.04264014327112209,10
seqFISH+ cortex/SVZ,nested_logreg_learned_random_graph,46,5,0.48361941016437066,0.27439747034769935,0.15990053726670783,8
seqFISH+ cortex/SVZ,nested_logreg_learned_random_graph,47,5,-0.21417835522582973,0.6623783851011832,0.21221138054701502,36
seqFISH+ cortex/SVZ,nested_logreg_learned_random_graph,48,5,0.5123065554127967,0.39335085896977773,0.17082358106351275,9
seqFISH+ cortex/SVZ,nested_logreg_learned_random_graph,49,5,0.13493073104939574,0.3278013831684311,0.13965310007701173,17
seqFISH+ cortex/SVZ,nested_logreg_learned_random_graph,50,5,-0.17522825645558746,0.7076071628301421,0.2277856065778677,29
seqFISH+ cortex/SVZ,nested_logreg_learned_random_graph,51,5,0.2958039891549808,0.36817570318681253,0.15982710418027862,11
seqFISH+ cortex/SVZ,nested_logreg_learned_random_graph,52,5,-0.2162546426421603,0.6991048518386722,0.21358064071342728,29
seqFISH+ cortex/SVZ,nested_logreg_learned_random_graph,53,5,-0.41050944305427584,0.8444624999415279,0.2186594148529434,37
seqFISH+ cortex/SVZ,nested_logreg_learned_random_graph,54,5,0.36039927920216236,0.40563906222956647,0.1767766952966369,8
seqFISH+ cortex/SVZ,nested_logreg_learned_random_graph,55,6,0.9999999999999997,0.0,0.0,6
seqFISH+ cortex/SVZ,nested_logreg_learned_random_graph,56,6,1.0,0.0,0.0,7
seqFISH+ cortex/SVZ,nested_logreg_learned_random_graph,57,6,0.9770833333333337,0.11111111111111113,0.047377936967913425,9
seqFISH+ cortex/SVZ,nested_logreg_learned_random_graph,58,6,0.9999999999999997,0.0,0.0,8
seqFISH+ cortex/SVZ,nested_logreg_learned_random_graph,59,6,0.9977909541642794,0.007415968340648281,0.02368896848395672,18
seqFISH+ cortex/SVZ,nested_logreg_learned_random_graph,60,6,0.9999999999999997,0.0,0.0,4
seqFISH+ cortex/SVZ,nested_logreg_learned_random_graph,61,6,1.0,0.0,0.0,7
seqFISH+ cortex/SVZ,nested_logreg_learned_random_graph,62,6,0.971656827912702,0.11122382907030805,0.056086034661505434,17
seqFISH+ cortex/SVZ,nested_logreg_learned_random_graph,63,6,0.97770931504071,0.05517015238801204,0.0426401432711221,10
seqFISH+ cortex/SVZ,nested_logreg_learned_permuted_prior,1,0,0.9965596785424681,0.007995152472456956,0.025082437218307115,17
seqFISH+ cortex/SVZ,nested_logreg_learned_permuted_prior,2,0,0.8636446660455054,0.15099869534050134,0.1037230557635757,13
seqFISH+ cortex/SVZ,nested_logreg_learned_permuted_prior,3,0,0.7474619216550931,0.1991966271302657,0.10050378152592121,6
seqFISH+ cortex/SVZ,nested_logreg_learned_permuted_prior,4,0,0.9583937179043475,0.08893660698832367,0.06091449038731726,7
seqFISH+ cortex/SVZ,nested_logreg_learned_permuted_prior,5,0,0.9780192938436517,0.056596022628933276,0.03876376661011099,11
seqFISH+ cortex/SVZ,nested_logreg_learned_permuted_prior,6,0,0.9462129411718868,0.11034030477602405,0.0852802865422442,5
seqFISH+ cortex/SVZ,nested_logreg_learned_permuted_prior,7,0,0.9897542950999353,0.05822919557085847,0.04737793696791341,9
seqFISH+ cortex/SVZ,nested_logreg_learned_permuted_prior,8,0,0.9898302737557874,0.04367189667814378,0.035533452725935055,12
seqFISH+ cortex/SVZ,nested_logreg_learned_permuted_prior,9,0,0.9999999999999998,0.0,0.0,2
seqFISH+ cortex/SVZ,nested_logreg_learned_permuted_prior,10,1,1.0,0.0,0.0,6
seqFISH+ cortex/SVZ,nested_logreg_learned_permuted_prior,11,1,0.9811145452839297,0.005660774347998603,0.03553345272593509,12
seqFISH+ cortex/SVZ,nested_logreg_learned_permuted_prior,12,1,0.884551765490997,0.10060252965230074,0.09231861823449955,8
seqFISH+ cortex/SVZ,nested_logreg_learned_permuted_prior,13,1,0.9462129411718868,0.11034030477602405,0.0852802865422442,5
seqFISH+ cortex/SVZ,nested_logreg_learned_permuted_prior,14,1,0.9709316831442536,0.062255624891826546,0.04264014327112209,10
seqFISH+ cortex/SVZ,nested_logreg_learned_permuted_prior,15,1,1.0,0.0,0.0,12
seqFISH+ cortex/SVZ,nested_logreg_learned_permuted_prior,16,1,0.9999999999999998,0.0,0.0,8
seqFISH+ cortex/SVZ,nested_logreg_learned_permuted_prior,17,1,1.0,0.0,0.0,14
seqFISH+ cortex/SVZ,nested_logreg_learned_permuted_prior,18,1,0.9743808478295162,0.01942376072437565,0.05330017908890261,8
seqFISH+ cortex/SVZ,nested_logreg_learned_permuted_prior,19,2,0.932212098479592,0.0818033591233326,0.06091449038731726,7
seqFISH+ cortex/SVZ,nested_logreg_learned_permuted_prior,20,2,0.9036961141150638,0.19704399805002334,0.12309149097933274,6
seqFISH+ cortex/SVZ,nested_logreg_learned_permuted_prior,21,2,0.7834548185980502,0.23345859334434965,0.14101901870444156,8
seqFISH+ cortex/SVZ,nested_logreg_learned_permuted_prior,22,2,0.968962790249909,0.09002628845466677,0.07106690545187017,6
seqFISH+ cortex/SVZ,nested_logreg_learned_permuted_prior,23,2,0.9284769758863484,0.10968618237784605,0.10550699226799948,7
seqFISH+ cortex/SVZ,nested_logreg_learned_permuted_prior,24,2,1.0,0.0,0.0,6
seqFISH+ cortex/SVZ,nested_logreg_learned_permuted_prior,25,2,0.9860406186017733,0.05864128460533155,0.04737793696791344,9
seqFISH+ cortex/SVZ,nested_logreg_learned_permuted_prior,26,2,0.9501192571463303,0.09195025398002003,0.07106690545187014,6
seqFISH+ cortex/SVZ,nested_logreg_learned_permuted_prior,27,2,0.9497611434631532,0.07881450341144577,0.06091449038731726,7
seqFISH+ cortex/SVZ,nested_logreg_learned_permuted_prior,28,3,0.9999999999999997,0.0,0.0,4
seqFISH+ cortex/SVZ,nested_logreg_learned_permuted_prior,29,3,0.9826858043207378,0.015032781036625018,0.04264014327112208,10
seqFISH+ cortex/SVZ,nested_logreg_learned_permuted_prior,30,3,0.9026872737417256,0.1916042296095925,0.09231861823449955,8
seqFISH+ cortex/SVZ,nested_logreg_learned_permuted_prior,31,3,0.9800250020524475,0.053283383687673866,0.04264014327112208,10
seqFISH+ cortex/SVZ,nested_logreg_learned_permuted_prior,32,3,0.9949880547234067,0.0430984531470803,0.035533452725935055,12
seqFISH+ cortex/SVZ,nested_logreg_learned_permuted_prior,33,3,1.0,0.0,0.0,11
seqFISH+ cortex/SVZ,nested_logreg_learned_permuted_prior,34,3,0.9999999999999999,0.0,0.0,8
seqFISH+ cortex/SVZ,nested_logreg_learned_permuted_prior,35,3,0.9999999999999998,0.0,0.0,9
seqFISH+ cortex/SVZ,nested_logreg_learned_permuted_prior,36,3,0.9860604553917957,0.06597144518099801,0.05330017908890261,8
seqFISH+ cortex/SVZ,nested_logreg_learned_permuted_prior,37,4,0.9999999999999998,0.0,0.0,6
seqFISH+ cortex/SVZ,nested_logreg_learned_permuted_prior,38,4,0.9799320082338995,0.0666042296095924,0.05330017908890261,8
seqFISH+ cortex/SVZ,nested_logreg_learned_permuted_prior,39,4,0.9999999999999997,0.0,0.0,8
seqFISH+ cortex/SVZ,nested_logreg_learned_permuted_prior,40,4,0.8951004520594925,0.06497109045056998,0.05275349613399974,14
seqFISH+ cortex/SVZ,nested_logreg_learned_permuted_prior,41,4,1.0,0.0,0.0,9
seqFISH+ cortex/SVZ,nested_logreg_learned_permuted_prior,42,4,0.953943401266822,0.08259374544570533,0.08206099398622183,9
seqFISH+ cortex/SVZ,nested_logreg_learned_permuted_prior,43,4,0.8352851818726265,0.17241128043112447,0.08206099398622183,9
seqFISH+ cortex/SVZ,nested_logreg_learned_permuted_prior,44,4,1.0,0.0,0.0,8
seqFISH+ cortex/SVZ,nested_logreg_learned_permuted_prior,45,4,0.969136997197515,0.062255624891826546,0.04264014327112209,10
seqFISH+ cortex/SVZ,nested_logreg_learned_permuted_prior,46,5,0.48361941016437066,0.27439747034769935,0.15990053726670783,8
seqFISH+ cortex/SVZ,nested_logreg_learned_permuted_prior,47,5,-0.21417835522582973,0.6623783851011832,0.21221138054701502,36
seqFISH+ cortex/SVZ,nested_logreg_learned_permuted_prior,48,5,0.5123065554127967,0.39335085896977773,0.17082358106351275,9
seqFISH+ cortex/SVZ,nested_logreg_learned_permuted_prior,49,5,0.13493073104939574,0.3278013831684311,0.13965310007701173,17
seqFISH+ cortex/SVZ,nested_logreg_learned_permuted_prior,50,5,-0.17522825645558746,0.7076071628301421,0.2277856065778677,29
seqFISH+ cortex/SVZ,nested_logreg_learned_permuted_prior,51,5,0.2958039891549808,0.36817570318681253,0.15982710418027862,11
seqFISH+ cortex/SVZ,nested_logreg_learned_permuted_prior,52,5,-0.2162546426421603,0.6991048518386722,0.21358064071342728,29
seqFISH+ cortex/SVZ,nested_logreg_learned_permuted_prior,53,5,-0.41050944305427584,0.8444624999415279,0.2186594148529434,37
seqFISH+ cortex/SVZ,nested_logreg_learned_permuted_prior,54,5,0.36039927920216236,0.40563906222956647,0.1767766952966369,8
seqFISH+ cortex/SVZ,nested_logreg_learned_permuted_prior,55,6,0.9999999999999997,0.0,0.0,6
seqFISH+ cortex/SVZ,nested_logreg_learned_permuted_prior,56,6,1.0,0.0,0.0,7
seqFISH+ cortex/SVZ,nested_logreg_learned_permuted_prior,57,6,0.9770833333333337,0.11111111111111113,0.047377936967913425,9
seqFISH+ cortex/SVZ,nested_logreg_learned_permuted_prior,58,6,0.9999999999999997,0.0,0.0,8
seqFISH+ cortex/SVZ,nested_logreg_learned_permuted_prior,59,6,0.9977909541642794,0.007415968340648281,0.02368896848395672,18
seqFISH+ cortex/SVZ,nested_logreg_learned_permuted_prior,60,6,0.9999999999999997,0.0,0.0,4
seqFISH+ cortex/SVZ,nested_logreg_learned_permuted_prior,61,6,1.0,0.0,0.0,7
seqFISH+ cortex/SVZ,nested_logreg_learned_permuted_prior,62,6,0.971656827912702,0.11122382907030805,0.056086034661505434,17
seqFISH+ cortex/SVZ,nested_logreg_learned_permuted_prior,63,6,0.97770931504071,0.05517015238801204,0.0426401432711221,10
seqFISH+ cortex/SVZ,nested_logreg_context_specific,1,0,0.9965596785424681,0.007995152472456956,0.025082437218307115,17
seqFISH+ cortex/SVZ,nested_logreg_context_specific,2,0,0.8636446660455054,0.15099869534050134,0.1037230557635757,13
seqFISH+ cortex/SVZ,nested_logreg_context_specific,3,0,0.7474619216550931,0.1991966271302657,0.10050378152592121,6
seqFISH+ cortex/SVZ,nested_logreg_context_specific,4,0,0.9583937179043475,0.08893660698832367,0.06091449038731726,7
seqFISH+ cortex/SVZ,nested_logreg_context_specific,5,0,0.9780192938436517,0.056596022628933276,0.03876376661011099,11
seqFISH+ cortex/SVZ,nested_logreg_context_specific,6,0,0.9462129411718868,0.11034030477602405,0.0852802865422442,5
seqFISH+ cortex/SVZ,nested_logreg_context_specific,7,0,0.9897542950999353,0.05822919557085847,0.04737793696791341,9
seqFISH+ cortex/SVZ,nested_logreg_context_specific,8,0,0.9898302737557874,0.04367189667814378,0.035533452725935055,12
seqFISH+ cortex/SVZ,nested_logreg_context_specific,9,0,0.9999999999999998,0.0,0.0,2
seqFISH+ cortex/SVZ,nested_logreg_context_specific,10,1,1.0,0.0,0.0,6
seqFISH+ cortex/SVZ,nested_logreg_context_specific,11,1,0.9811145452839297,0.005660774347998603,0.03553345272593509,12
seqFISH+ cortex/SVZ,nested_logreg_context_specific,12,1,0.884551765490997,0.10060252965230074,0.09231861823449955,8
seqFISH+ cortex/SVZ,nested_logreg_context_specific,13,1,0.9462129411718868,0.11034030477602405,0.0852802865422442,5
seqFISH+ cortex/SVZ,nested_logreg_context_specific,14,1,0.9709316831442536,0.062255624891826546,0.04264014327112209,10
seqFISH+ cortex/SVZ,nested_logreg_context_specific,15,1,1.0,0.0,0.0,12
seqFISH+ cortex/SVZ,nested_logreg_context_specific,16,1,0.9999999999999998,0.0,0.0,8
seqFISH+ cortex/SVZ,nested_logreg_context_specific,17,1,1.0,0.0,0.0,14
seqFISH+ cortex/SVZ,nested_logreg_context_specific,18,1,0.9743808478295162,0.01942376072437565,0.05330017908890261,8
seqFISH+ cortex/SVZ,nested_logreg_context_specific,19,2,0.932212098479592,0.0818033591233326,0.06091449038731726,7
seqFISH+ cortex/SVZ,nested_logreg_context_specific,20,2,0.9036961141150638,0.19704399805002334,0.12309149097933274,6
seqFISH+ cortex/SVZ,nested_logreg_context_specific,21,2,0.7834548185980502,0.23345859334434965,0.14101901870444156,8
seqFISH+ cortex/SVZ,nested_logreg_context_specific,22,2,0.968962790249909,0.09002628845466677,0.07106690545187017,6
seqFISH+ cortex/SVZ,nested_logreg_context_specific,23,2,0.9284769758863484,0.10968618237784605,0.10550699226799948,7
seqFISH+ cortex/SVZ,nested_logreg_context_specific,24,2,1.0,0.0,0.0,6
seqFISH+ cortex/SVZ,nested_logreg_context_specific,25,2,0.9860406186017733,0.05864128460533155,0.04737793696791344,9
seqFISH+ cortex/SVZ,nested_logreg_context_specific,26,2,0.9501192571463303,0.09195025398002003,0.07106690545187014,6
seqFISH+ cortex/SVZ,nested_logreg_context_specific,27,2,0.9497611434631532,0.07881450341144577,0.06091449038731726,7
seqFISH+ cortex/SVZ,nested_logreg_context_specific,28,3,0.9999999999999997,0.0,0.0,4
seqFISH+ cortex/SVZ,nested_logreg_context_specific,29,3,0.9826858043207378,0.015032781036625018,0.04264014327112208,10
seqFISH+ cortex/SVZ,nested_logreg_context_specific,30,3,0.9026872737417256,0.1916042296095925,0.09231861823449955,8
seqFISH+ cortex/SVZ,nested_logreg_context_specific,31,3,0.9800250020524475,0.053283383687673866,0.04264014327112208,10
seqFISH+ cortex/SVZ,nested_logreg_context_specific,32,3,0.9949880547234067,0.0430984531470803,0.035533452725935055,12
seqFISH+ cortex/SVZ,nested_logreg_context_specific,33,3,1.0,0.0,0.0,11
seqFISH+ cortex/SVZ,nested_logreg_context_specific,34,3,0.9999999999999999,0.0,0.0,8
seqFISH+ cortex/SVZ,nested_logreg_context_specific,35,3,0.9999999999999998,0.0,0.0,9
seqFISH+ cortex/SVZ,nested_logreg_context_specific,36,3,0.9860604553917957,0.06597144518099801,0.05330017908890261,8
seqFISH+ cortex/SVZ,nested_logreg_context_specific,37,4,0.9999999999999998,0.0,0.0,6
seqFISH+ cortex/SVZ,nested_logreg_context_specific,38,4,0.9799320082338995,0.0666042296095924,0.05330017908890261,8
seqFISH+ cortex/SVZ,nested_logreg_context_specific,39,4,0.9999999999999997,0.0,0.0,8
seqFISH+ cortex/SVZ,nested_logreg_context_specific,40,4,0.8951004520594925,0.06497109045056998,0.05275349613399974,14
seqFISH+ cortex/SVZ,nested_logreg_context_specific,41,4,1.0,0.0,0.0,9
seqFISH+ cortex/SVZ,nested_logreg_context_specific,42,4,0.953943401266822,0.08259374544570533,0.08206099398622183,9
seqFISH+ cortex/SVZ,nested_logreg_context_specific,43,4,0.8352851818726265,0.17241128043112447,0.08206099398622183,9
seqFISH+ cortex/SVZ,nested_logreg_context_specific,44,4,1.0,0.0,0.0,8
seqFISH+ cortex/SVZ,nested_logreg_context_specific,45,4,0.969136997197515,0.062255624891826546,0.04264014327112209,10
seqFISH+ cortex/SVZ,nested_logreg_context_specific,46,5,0.48361941016437066,0.27439747034769935,0.15990053726670783,8
seqFISH+ cortex/SVZ,nested_logreg_context_specific,47,5,-0.21417835522582973,0.6623783851011832,0.21221138054701502,36
seqFISH+ cortex/SVZ,nested_logreg_context_specific,48,5,0.5123065554127967,0.39335085896977773,0.17082358106351275,9
seqFISH+ cortex/SVZ,nested_logreg_context_specific,49,5,0.13493073104939574,0.3278013831684311,0.13965310007701173,17
seqFISH+ cortex/SVZ,nested_logreg_context_specific,50,5,-0.17522825645558746,0.7076071628301421,0.2277856065778677,29
seqFISH+ cortex/SVZ,nested_logreg_context_specific,51,5,0.2958039891549808,0.36817570318681253,0.15982710418027862,11
seqFISH+ cortex/SVZ,nested_logreg_context_specific,52,5,-0.2162546426421603,0.6991048518386722,0.21358064071342728,29
seqFISH+ cortex/SVZ,nested_logreg_context_specific,53,5,-0.41050944305427584,0.8444624999415279,0.2186594148529434,37
seqFISH+ cortex/SVZ,nested_logreg_context_specific,54,5,0.36039927920216236,0.40563906222956647,0.1767766952966369,8
seqFISH+ cortex/SVZ,nested_logreg_context_specific,55,6,0.9999999999999997,0.0,0.0,6
seqFISH+ cortex/SVZ,nested_logreg_context_specific,56,6,1.0,0.0,0.0,7
seqFISH+ cortex/SVZ,nested_logreg_context_specific,57,6,0.9770833333333337,0.11111111111111113,0.047377936967913425,9
seqFISH+ cortex/SVZ,nested_logreg_context_specific,58,6,0.9999999999999997,0.0,0.0,8
seqFISH+ cortex/SVZ,nested_logreg_context_specific,59,6,0.9977909541642794,0.007415968340648281,0.02368896848395672,18
seqFISH+ cortex/SVZ,nested_logreg_context_specific,60,6,0.9999999999999997,0.0,0.0,4
seqFISH+ cortex/SVZ,nested_logreg_context_specific,61,6,1.0,0.0,0.0,7
seqFISH+ cortex/SVZ,nested_logreg_context_specific,62,6,0.971656827912702,0.11122382907030805,0.056086034661505434,17
seqFISH+ cortex/SVZ,nested_logreg_context_specific,63,6,0.97770931504071,0.05517015238801204,0.0426401432711221,10
seqFISH+ cortex/SVZ,nested_gated_logreg_learned_neighborhood,1,0,0.9965596785424681,0.007995152472456956,0.025082437218307115,17
seqFISH+ cortex/SVZ,nested_gated_logreg_learned_neighborhood,2,0,0.8636446660455054,0.15099869534050134,0.1037230557635757,13
seqFISH+ cortex/SVZ,nested_gated_logreg_learned_neighborhood,3,0,0.7474619216550931,0.1991966271302657,0.10050378152592121,6
seqFISH+ cortex/SVZ,nested_gated_logreg_learned_neighborhood,4,0,0.9583937179043475,0.08893660698832367,0.06091449038731726,7
seqFISH+ cortex/SVZ,nested_gated_logreg_learned_neighborhood,5,0,0.9780192938436517,0.056596022628933276,0.03876376661011099,11
seqFISH+ cortex/SVZ,nested_gated_logreg_learned_neighborhood,6,0,0.9462129411718868,0.11034030477602405,0.0852802865422442,5
seqFISH+ cortex/SVZ,nested_gated_logreg_learned_neighborhood,7,0,0.9897542950999353,0.05822919557085847,0.04737793696791341,9
seqFISH+ cortex/SVZ,nested_gated_logreg_learned_neighborhood,8,0,0.9898302737557874,0.04367189667814378,0.035533452725935055,12
seqFISH+ cortex/SVZ,nested_gated_logreg_learned_neighborhood,9,0,0.9999999999999998,0.0,0.0,2
seqFISH+ cortex/SVZ,nested_gated_logreg_learned_neighborhood,10,1,1.0,0.0,0.0,6
seqFISH+ cortex/SVZ,nested_gated_logreg_learned_neighborhood,11,1,0.9811145452839297,0.005660774347998603,0.03553345272593509,12
seqFISH+ cortex/SVZ,nested_gated_logreg_learned_neighborhood,12,1,0.884551765490997,0.10060252965230074,0.09231861823449955,8
seqFISH+ cortex/SVZ,nested_gated_logreg_learned_neighborhood,13,1,0.9462129411718868,0.11034030477602405,0.0852802865422442,5
seqFISH+ cortex/SVZ,nested_gated_logreg_learned_neighborhood,14,1,0.9709316831442536,0.062255624891826546,0.04264014327112209,10
seqFISH+ cortex/SVZ,nested_gated_logreg_learned_neighborhood,15,1,1.0,0.0,0.0,12
seqFISH+ cortex/SVZ,nested_gated_logreg_learned_neighborhood,16,1,0.9999999999999998,0.0,0.0,8
seqFISH+ cortex/SVZ,nested_gated_logreg_learned_neighborhood,17,1,1.0,0.0,0.0,14
seqFISH+ cortex/SVZ,nested_gated_logreg_learned_neighborhood,18,1,0.9743808478295162,0.01942376072437565,0.05330017908890261,8
seqFISH+ cortex/SVZ,nested_gated_logreg_learned_neighborhood,19,2,0.932212098479592,0.0818033591233326,0.06091449038731726,7
seqFISH+ cortex/SVZ,nested_gated_logreg_learned_neighborhood,20,2,0.9036961141150638,0.19704399805002334,0.12309149097933274,6
seqFISH+ cortex/SVZ,nested_gated_logreg_learned_neighborhood,21,2,0.7834548185980502,0.23345859334434965,0.14101901870444156,8
seqFISH+ cortex/SVZ,nested_gated_logreg_learned_neighborhood,22,2,0.968962790249909,0.09002628845466677,0.07106690545187017,6
seqFISH+ cortex/SVZ,nested_gated_logreg_learned_neighborhood,23,2,0.9284769758863484,0.10968618237784605,0.10550699226799948,7
seqFISH+ cortex/SVZ,nested_gated_logreg_learned_neighborhood,24,2,1.0,0.0,0.0,6
seqFISH+ cortex/SVZ,nested_gated_logreg_learned_neighborhood,25,2,0.9860406186017733,0.05864128460533155,0.04737793696791344,9
seqFISH+ cortex/SVZ,nested_gated_logreg_learned_neighborhood,26,2,0.9501192571463303,0.09195025398002003,0.07106690545187014,6
seqFISH+ cortex/SVZ,nested_gated_logreg_learned_neighborhood,27,2,0.9497611434631532,0.07881450341144577,0.06091449038731726,7
seqFISH+ cortex/SVZ,nested_gated_logreg_learned_neighborhood,28,3,0.9999999999999997,0.0,0.0,4
seqFISH+ cortex/SVZ,nested_gated_logreg_learned_neighborhood,29,3,0.9826858043207378,0.015032781036625018,0.04264014327112208,10
seqFISH+ cortex/SVZ,nested_gated_logreg_learned_neighborhood,30,3,0.9026872737417256,0.1916042296095925,0.09231861823449955,8
seqFISH+ cortex/SVZ,nested_gated_logreg_learned_neighborhood,31,3,0.9800250020524475,0.053283383687673866,0.04264014327112208,10
seqFISH+ cortex/SVZ,nested_gated_logreg_learned_neighborhood,32,3,0.9949880547234067,0.0430984531470803,0.035533452725935055,12
seqFISH+ cortex/SVZ,nested_gated_logreg_learned_neighborhood,33,3,1.0,0.0,0.0,11
seqFISH+ cortex/SVZ,nested_gated_logreg_learned_neighborhood,34,3,0.9999999999999999,0.0,0.0,8
seqFISH+ cortex/SVZ,nested_gated_logreg_learned_neighborhood,35,3,0.9999999999999998,0.0,0.0,9
seqFISH+ cortex/SVZ,nested_gated_logreg_learned_neighborhood,36,3,0.9860604553917957,0.06597144518099801,0.05330017908890261,8
seqFISH+ cortex/SVZ,nested_gated_logreg_learned_neighborhood,37,4,0.9999999999999998,0.0,0.0,6
seqFISH+ cortex/SVZ,nested_gated_logreg_learned_neighborhood,38,4,0.9799320082338995,0.0666042296095924,0.05330017908890261,8
seqFISH+ cortex/SVZ,nested_gated_logreg_learned_neighborhood,39,4,0.9999999999999997,0.0,0.0,8
seqFISH+ cortex/SVZ,nested_gated_logreg_learned_neighborhood,40,4,0.8951004520594925,0.06497109045056998,0.05275349613399974,14
seqFISH+ cortex/SVZ,nested_gated_logreg_learned_neighborhood,41,4,1.0,0.0,0.0,9
seqFISH+ cortex/SVZ,nested_gated_logreg_learned_neighborhood,42,4,0.953943401266822,0.08259374544570533,0.08206099398622183,9
seqFISH+ cortex/SVZ,nested_gated_logreg_learned_neighborhood,43,4,0.8352851818726265,0.17241128043112447,0.08206099398622183,9
seqFISH+ cortex/SVZ,nested_gated_logreg_learned_neighborhood,44,4,1.0,0.0,0.0,8
seqFISH+ cortex/SVZ,nested_gated_logreg_learned_neighborhood,45,4,0.969136997197515,0.062255624891826546,0.04264014327112209,10
seqFISH+ cortex/SVZ,nested_gated_logreg_learned_neighborhood,46,5,0.48361941016437066,0.27439747034769935,0.15990053726670783,8
seqFISH+ cortex/SVZ,nested_gated_logreg_learned_neighborhood,47,5,-0.21417835522582973,0.6623783851011832,0.21221138054701502,36
seqFISH+ cortex/SVZ,nested_gated_logreg_learned_neighborhood,48,5,0.5123065554127967,0.39335085896977773,0.17082358106351275,9
seqFISH+ cortex/SVZ,nested_gated_logreg_learned_neighborhood,49,5,0.13493073104939574,0.3278013831684311,0.13965310007701173,17
seqFISH+ cortex/SVZ,nested_gated_logreg_learned_neighborhood,50,5,-0.17522825645558746,0.7076071628301421,0.2277856065778677,29
seqFISH+ cortex/SVZ,nested_gated_logreg_learned_neighborhood,51,5,0.2958039891549808,0.36817570318681253,0.15982710418027862,11
seqFISH+ cortex/SVZ,nested_gated_logreg_learned_neighborhood,52,5,-0.2162546426421603,0.6991048518386722,0.21358064071342728,29
seqFISH+ cortex/SVZ,nested_gated_logreg_learned_neighborhood,53,5,-0.41050944305427584,0.8444624999415279,0.2186594148529434,37
seqFISH+ cortex/SVZ,nested_gated_logreg_learned_neighborhood,54,5,0.36039927920216236,0.40563906222956647,0.1767766952966369,8
seqFISH+ cortex/SVZ,nested_gated_logreg_learned_neighborhood,55,6,0.9999999999999997,0.0,0.0,6
seqFISH+ cortex/SVZ,nested_gated_logreg_learned_neighborhood,56,6,1.0,0.0,0.0,7
seqFISH+ cortex/SVZ,nested_gated_logreg_learned_neighborhood,57,6,0.9770833333333337,0.11111111111111113,0.047377936967913425,9
seqFISH+ cortex/SVZ,nested_gated_logreg_learned_neighborhood,58,6,0.9999999999999997,0.0,0.0,8
seqFISH+ cortex/SVZ,nested_gated_logreg_learned_neighborhood,59,6,0.9977909541642794,0.007415968340648281,0.02368896848395672,18
seqFISH+ cortex/SVZ,nested_gated_logreg_learned_neighborhood,60,6,0.9999999999999997,0.0,0.0,4
seqFISH+ cortex/SVZ,nested_gated_logreg_learned_neighborhood,61,6,1.0,0.0,0.0,7
seqFISH+ cortex/SVZ,nested_gated_logreg_learned_neighborhood,62,6,0.971656827912702,0.11122382907030805,0.056086034661505434,17
seqFISH+ cortex/SVZ,nested_gated_logreg_learned_neighborhood,63,6,0.97770931504071,0.05517015238801204,0.0426401432711221,10
seqFISH+ cortex/SVZ,nested_gated_logreg_learned_random_graph,1,0,0.9965596785424681,0.007995152472456956,0.025082437218307115,17
seqFISH+ cortex/SVZ,nested_gated_logreg_learned_random_graph,2,0,0.8636446660455054,0.15099869534050134,0.1037230557635757,13
seqFISH+ cortex/SVZ,nested_gated_logreg_learned_random_graph,3,0,0.7474619216550931,0.1991966271302657,0.10050378152592121,6
seqFISH+ cortex/SVZ,nested_gated_logreg_learned_random_graph,4,0,0.9583937179043475,0.08893660698832367,0.06091449038731726,7
seqFISH+ cortex/SVZ,nested_gated_logreg_learned_random_graph,5,0,0.9780192938436517,0.056596022628933276,0.03876376661011099,11
seqFISH+ cortex/SVZ,nested_gated_logreg_learned_random_graph,6,0,0.9462129411718868,0.11034030477602405,0.0852802865422442,5
seqFISH+ cortex/SVZ,nested_gated_logreg_learned_random_graph,7,0,0.9897542950999353,0.05822919557085847,0.04737793696791341,9
seqFISH+ cortex/SVZ,nested_gated_logreg_learned_random_graph,8,0,0.9898302737557874,0.04367189667814378,0.035533452725935055,12
seqFISH+ cortex/SVZ,nested_gated_logreg_learned_random_graph,9,0,0.9999999999999998,0.0,0.0,2
seqFISH+ cortex/SVZ,nested_gated_logreg_learned_random_graph,10,1,1.0,0.0,0.0,6
seqFISH+ cortex/SVZ,nested_gated_logreg_learned_random_graph,11,1,0.9811145452839297,0.005660774347998603,0.03553345272593509,12
seqFISH+ cortex/SVZ,nested_gated_logreg_learned_random_graph,12,1,0.884551765490997,0.10060252965230074,0.09231861823449955,8
seqFISH+ cortex/SVZ,nested_gated_logreg_learned_random_graph,13,1,0.9462129411718868,0.11034030477602405,0.0852802865422442,5
seqFISH+ cortex/SVZ,nested_gated_logreg_learned_random_graph,14,1,0.9709316831442536,0.062255624891826546,0.04264014327112209,10
seqFISH+ cortex/SVZ,nested_gated_logreg_learned_random_graph,15,1,1.0,0.0,0.0,12
seqFISH+ cortex/SVZ,nested_gated_logreg_learned_random_graph,16,1,0.9999999999999998,0.0,0.0,8
seqFISH+ cortex/SVZ,nested_gated_logreg_learned_random_graph,17,1,1.0,0.0,0.0,14
seqFISH+ cortex/SVZ,nested_gated_logreg_learned_random_graph,18,1,0.9743808478295162,0.01942376072437565,0.05330017908890261,8
seqFISH+ cortex/SVZ,nested_gated_logreg_learned_random_graph,19,2,0.932212098479592,0.0818033591233326,0.06091449038731726,7
seqFISH+ cortex/SVZ,nested_gated_logreg_learned_random_graph,20,2,0.9036961141150638,0.19704399805002334,0.12309149097933274,6
seqFISH+ cortex/SVZ,nested_gated_logreg_learned_random_graph,21,2,0.7834548185980502,0.23345859334434965,0.14101901870444156,8
seqFISH+ cortex/SVZ,nested_gated_logreg_learned_random_graph,22,2,0.968962790249909,0.09002628845466677,0.07106690545187017,6
seqFISH+ cortex/SVZ,nested_gated_logreg_learned_random_graph,23,2,0.9284769758863484,0.10968618237784605,0.10550699226799948,7
seqFISH+ cortex/SVZ,nested_gated_logreg_learned_random_graph,24,2,1.0,0.0,0.0,6
seqFISH+ cortex/SVZ,nested_gated_logreg_learned_random_graph,25,2,0.9860406186017733,0.05864128460533155,0.04737793696791344,9
seqFISH+ cortex/SVZ,nested_gated_logreg_learned_random_graph,26,2,0.9501192571463303,0.09195025398002003,0.07106690545187014,6
seqFISH+ cortex/SVZ,nested_gated_logreg_learned_random_graph,27,2,0.9497611434631532,0.07881450341144577,0.06091449038731726,7
seqFISH+ cortex/SVZ,nested_gated_logreg_learned_random_graph,28,3,0.9999999999999997,0.0,0.0,4
seqFISH+ cortex/SVZ,nested_gated_logreg_learned_random_graph,29,3,0.9826858043207378,0.015032781036625018,0.04264014327112208,10
seqFISH+ cortex/SVZ,nested_gated_logreg_learned_random_graph,30,3,0.9026872737417256,0.1916042296095925,0.09231861823449955,8
seqFISH+ cortex/SVZ,nested_gated_logreg_learned_random_graph,31,3,0.9800250020524475,0.053283383687673866,0.04264014327112208,10
seqFISH+ cortex/SVZ,nested_gated_logreg_learned_random_graph,32,3,0.9949880547234067,0.0430984531470803,0.035533452725935055,12
seqFISH+ cortex/SVZ,nested_gated_logreg_learned_random_graph,33,3,1.0,0.0,0.0,11
seqFISH+ cortex/SVZ,nested_gated_logreg_learned_random_graph,34,3,0.9999999999999999,0.0,0.0,8
seqFISH+ cortex/SVZ,nested_gated_logreg_learned_random_graph,35,3,0.9999999999999998,0.0,0.0,9
seqFISH+ cortex/SVZ,nested_gated_logreg_learned_random_graph,36,3,0.9860604553917957,0.06597144518099801,0.05330017908890261,8
seqFISH+ cortex/SVZ,nested_gated_logreg_learned_random_graph,37,4,0.9999999999999998,0.0,0.0,6
seqFISH+ cortex/SVZ,nested_gated_logreg_learned_random_graph,38,4,0.9799320082338995,0.0666042296095924,0.05330017908890261,8
seqFISH+ cortex/SVZ,nested_gated_logreg_learned_random_graph,39,4,0.9999999999999997,0.0,0.0,8
seqFISH+ cortex/SVZ,nested_gated_logreg_learned_random_graph,40,4,0.8951004520594925,0.06497109045056998,0.05275349613399974,14
seqFISH+ cortex/SVZ,nested_gated_logreg_learned_random_graph,41,4,1.0,0.0,0.0,9
seqFISH+ cortex/SVZ,nested_gated_logreg_learned_random_graph,42,4,0.953943401266822,0.08259374544570533,0.08206099398622183,9
seqFISH+ cortex/SVZ,nested_gated_logreg_learned_random_graph,43,4,0.8352851818726265,0.17241128043112447,0.08206099398622183,9
seqFISH+ cortex/SVZ,nested_gated_logreg_learned_random_graph,44,4,1.0,0.0,0.0,8
seqFISH+ cortex/SVZ,nested_gated_logreg_learned_random_graph,45,4,0.969136997197515,0.062255624891826546,0.04264014327112209,10
seqFISH+ cortex/SVZ,nested_gated_logreg_learned_random_graph,46,5,0.48361941016437066,0.27439747034769935,0.15990053726670783,8
seqFISH+ cortex/SVZ,nested_gated_logreg_learned_random_graph,47,5,-0.21417835522582973,0.6623783851011832,0.21221138054701502,36
seqFISH+ cortex/SVZ,nested_gated_logreg_learned_random_graph,48,5,0.5123065554127967,0.39335085896977773,0.17082358106351275,9
seqFISH+ cortex/SVZ,nested_gated_logreg_learned_random_graph,49,5,0.13493073104939574,0.3278013831684311,0.13965310007701173,17
seqFISH+ cortex/SVZ,nested_gated_logreg_learned_random_graph,50,5,-0.17522825645558746,0.7076071628301421,0.2277856065778677,29
seqFISH+ cortex/SVZ,nested_gated_logreg_learned_random_graph,51,5,0.2958039891549808,0.36817570318681253,0.15982710418027862,11
seqFISH+ cortex/SVZ,nested_gated_logreg_learned_random_graph,52,5,-0.2162546426421603,0.6991048518386722,0.21358064071342728,29
seqFISH+ cortex/SVZ,nested_gated_logreg_learned_random_graph,53,5,-0.41050944305427584,0.8444624999415279,0.2186594148529434,37
seqFISH+ cortex/SVZ,nested_gated_logreg_learned_random_graph,54,5,0.36039927920216236,0.40563906222956647,0.1767766952966369,8
seqFISH+ cortex/SVZ,nested_gated_logreg_learned_random_graph,55,6,0.9999999999999997,0.0,0.0,6
seqFISH+ cortex/SVZ,nested_gated_logreg_learned_random_graph,56,6,1.0,0.0,0.0,7
seqFISH+ cortex/SVZ,nested_gated_logreg_learned_random_graph,57,6,0.9770833333333337,0.11111111111111113,0.047377936967913425,9
seqFISH+ cortex/SVZ,nested_gated_logreg_learned_random_graph,58,6,0.9999999999999997,0.0,0.0,8
seqFISH+ cortex/SVZ,nested_gated_logreg_learned_random_graph,59,6,0.9977909541642794,0.007415968340648281,0.02368896848395672,18
seqFISH+ cortex/SVZ,nested_gated_logreg_learned_random_graph,60,6,0.9999999999999997,0.0,0.0,4
seqFISH+ cortex/SVZ,nested_gated_logreg_learned_random_graph,61,6,1.0,0.0,0.0,7
seqFISH+ cortex/SVZ,nested_gated_logreg_learned_random_graph,62,6,0.971656827912702,0.11122382907030805,0.056086034661505434,17
seqFISH+ cortex/SVZ,nested_gated_logreg_learned_random_graph,63,6,0.97770931504071,0.05517015238801204,0.0426401432711221,10
seqFISH+ cortex/SVZ,nested_gated_logreg_learned_permuted_prior,1,0,0.9965596785424681,0.007995152472456956,0.025082437218307115,17
seqFISH+ cortex/SVZ,nested_gated_logreg_learned_permuted_prior,2,0,0.8636446660455054,0.15099869534050134,0.1037230557635757,13
seqFISH+ cortex/SVZ,nested_gated_logreg_learned_permuted_prior,3,0,0.7474619216550931,0.1991966271302657,0.10050378152592121,6
seqFISH+ cortex/SVZ,nested_gated_logreg_learned_permuted_prior,4,0,0.9583937179043475,0.08893660698832367,0.06091449038731726,7
seqFISH+ cortex/SVZ,nested_gated_logreg_learned_permuted_prior,5,0,0.9780192938436517,0.056596022628933276,0.03876376661011099,11
seqFISH+ cortex/SVZ,nested_gated_logreg_learned_permuted_prior,6,0,0.9462129411718868,0.11034030477602405,0.0852802865422442,5
seqFISH+ cortex/SVZ,nested_gated_logreg_learned_permuted_prior,7,0,0.9897542950999353,0.05822919557085847,0.04737793696791341,9
seqFISH+ cortex/SVZ,nested_gated_logreg_learned_permuted_prior,8,0,0.9898302737557874,0.04367189667814378,0.035533452725935055,12
seqFISH+ cortex/SVZ,nested_gated_logreg_learned_permuted_prior,9,0,0.9999999999999998,0.0,0.0,2
seqFISH+ cortex/SVZ,nested_gated_logreg_learned_permuted_prior,10,1,1.0,0.0,0.0,6
seqFISH+ cortex/SVZ,nested_gated_logreg_learned_permuted_prior,11,1,0.9811145452839297,0.005660774347998603,0.03553345272593509,12
seqFISH+ cortex/SVZ,nested_gated_logreg_learned_permuted_prior,12,1,0.884551765490997,0.10060252965230074,0.09231861823449955,8
seqFISH+ cortex/SVZ,nested_gated_logreg_learned_permuted_prior,13,1,0.9462129411718868,0.11034030477602405,0.0852802865422442,5
seqFISH+ cortex/SVZ,nested_gated_logreg_learned_permuted_prior,14,1,0.9709316831442536,0.062255624891826546,0.04264014327112209,10
seqFISH+ cortex/SVZ,nested_gated_logreg_learned_permuted_prior,15,1,1.0,0.0,0.0,12
seqFISH+ cortex/SVZ,nested_gated_logreg_learned_permuted_prior,16,1,0.9999999999999998,0.0,0.0,8
seqFISH+ cortex/SVZ,nested_gated_logreg_learned_permuted_prior,17,1,1.0,0.0,0.0,14
seqFISH+ cortex/SVZ,nested_gated_logreg_learned_permuted_prior,18,1,0.9743808478295162,0.01942376072437565,0.05330017908890261,8
seqFISH+ cortex/SVZ,nested_gated_logreg_learned_permuted_prior,19,2,0.932212098479592,0.0818033591233326,0.06091449038731726,7
seqFISH+ cortex/SVZ,nested_gated_logreg_learned_permuted_prior,20,2,0.9036961141150638,0.19704399805002334,0.12309149097933274,6
seqFISH+ cortex/SVZ,nested_gated_logreg_learned_permuted_prior,21,2,0.7834548185980502,0.23345859334434965,0.14101901870444156,8
seqFISH+ cortex/SVZ,nested_gated_logreg_learned_permuted_prior,22,2,0.968962790249909,0.09002628845466677,0.07106690545187017,6
seqFISH+ cortex/SVZ,nested_gated_logreg_learned_permuted_prior,23,2,0.9284769758863484,0.10968618237784605,0.10550699226799948,7
seqFISH+ cortex/SVZ,nested_gated_logreg_learned_permuted_prior,24,2,1.0,0.0,0.0,6
seqFISH+ cortex/SVZ,nested_gated_logreg_learned_permuted_prior,25,2,0.9860406186017733,0.05864128460533155,0.04737793696791344,9
seqFISH+ cortex/SVZ,nested_gated_logreg_learned_permuted_prior,26,2,0.9501192571463303,0.09195025398002003,0.07106690545187014,6
seqFISH+ cortex/SVZ,nested_gated_logreg_learned_permuted_prior,27,2,0.9497611434631532,0.07881450341144577,0.06091449038731726,7
seqFISH+ cortex/SVZ,nested_gated_logreg_learned_permuted_prior,28,3,0.9999999999999997,0.0,0.0,4
seqFISH+ cortex/SVZ,nested_gated_logreg_learned_permuted_prior,29,3,0.9826858043207378,0.015032781036625018,0.04264014327112208,10
seqFISH+ cortex/SVZ,nested_gated_logreg_learned_permuted_prior,30,3,0.9026872737417256,0.1916042296095925,0.09231861823449955,8
seqFISH+ cortex/SVZ,nested_gated_logreg_learned_permuted_prior,31,3,0.9800250020524475,0.053283383687673866,0.04264014327112208,10
seqFISH+ cortex/SVZ,nested_gated_logreg_learned_permuted_prior,32,3,0.9949880547234067,0.0430984531470803,0.035533452725935055,12
seqFISH+ cortex/SVZ,nested_gated_logreg_learned_permuted_prior,33,3,1.0,0.0,0.0,11
seqFISH+ cortex/SVZ,nested_gated_logreg_learned_permuted_prior,34,3,0.9999999999999999,0.0,0.0,8
seqFISH+ cortex/SVZ,nested_gated_logreg_learned_permuted_prior,35,3,0.9999999999999998,0.0,0.0,9
seqFISH+ cortex/SVZ,nested_gated_logreg_learned_permuted_prior,36,3,0.9860604553917957,0.06597144518099801,0.05330017908890261,8
seqFISH+ cortex/SVZ,nested_gated_logreg_learned_permuted_prior,37,4,0.9999999999999998,0.0,0.0,6
seqFISH+ cortex/SVZ,nested_gated_logreg_learned_permuted_prior,38,4,0.9799320082338995,0.0666042296095924,0.05330017908890261,8
seqFISH+ cortex/SVZ,nested_gated_logreg_learned_permuted_prior,39,4,0.9999999999999997,0.0,0.0,8
seqFISH+ cortex/SVZ,nested_gated_logreg_learned_permuted_prior,40,4,0.8951004520594925,0.06497109045056998,0.05275349613399974,14
seqFISH+ cortex/SVZ,nested_gated_logreg_learned_permuted_prior,41,4,1.0,0.0,0.0,9
seqFISH+ cortex/SVZ,nested_gated_logreg_learned_permuted_prior,42,4,0.953943401266822,0.08259374544570533,0.08206099398622183,9
seqFISH+ cortex/SVZ,nested_gated_logreg_learned_permuted_prior,43,4,0.8352851818726265,0.17241128043112447,0.08206099398622183,9
seqFISH+ cortex/SVZ,nested_gated_logreg_learned_permuted_prior,44,4,1.0,0.0,0.0,8
seqFISH+ cortex/SVZ,nested_gated_logreg_learned_permuted_prior,45,4,0.969136997197515,0.062255624891826546,0.04264014327112209,10
seqFISH+ cortex/SVZ,nested_gated_logreg_learned_permuted_prior,46,5,0.48361941016437066,0.27439747034769935,0.15990053726670783,8
seqFISH+ cortex/SVZ,nested_gated_logreg_learned_permuted_prior,47,5,-0.21417835522582973,0.6623783851011832,0.21221138054701502,36
seqFISH+ cortex/SVZ,nested_gated_logreg_learned_permuted_prior,48,5,0.5123065554127967,0.39335085896977773,0.17082358106351275,9
seqFISH+ cortex/SVZ,nested_gated_logreg_learned_permuted_prior,49,5,0.13493073104939574,0.3278013831684311,0.13965310007701173,17
seqFISH+ cortex/SVZ,nested_gated_logreg_learned_permuted_prior,50,5,-0.17522825645558746,0.7076071628301421,0.2277856065778677,29
seqFISH+ cortex/SVZ,nested_gated_logreg_learned_permuted_prior,51,5,0.2958039891549808,0.36817570318681253,0.15982710418027862,11
seqFISH+ cortex/SVZ,nested_gated_logreg_learned_permuted_prior,52,5,-0.2162546426421603,0.6991048518386722,0.21358064071342728,29
seqFISH+ cortex/SVZ,nested_gated_logreg_learned_permuted_prior,53,5,-0.41050944305427584,0.8444624999415279,0.2186594148529434,37
seqFISH+ cortex/SVZ,nested_gated_logreg_learned_permuted_prior,54,5,0.36039927920216236,0.40563906222956647,0.1767766952966369,8
seqFISH+ cortex/SVZ,nested_gated_logreg_learned_permuted_prior,55,6,0.9999999999999997,0.0,0.0,6
seqFISH+ cortex/SVZ,nested_gated_logreg_learned_permuted_prior,56,6,1.0,0.0,0.0,7
seqFISH+ cortex/SVZ,nested_gated_logreg_learned_permuted_prior,57,6,0.9770833333333337,0.11111111111111113,0.047377936967913425,9
seqFISH+ cortex/SVZ,nested_gated_logreg_learned_permuted_prior,58,6,0.9999999999999997,0.0,0.0,8
seqFISH+ cortex/SVZ,nested_gated_logreg_learned_permuted_prior,59,6,0.9977909541642794,0.007415968340648281,0.02368896848395672,18
seqFISH+ cortex/SVZ,nested_gated_logreg_learned_permuted_prior,60,6,0.9999999999999997,0.0,0.0,4
seqFISH+ cortex/SVZ,nested_gated_logreg_learned_permuted_prior,61,6,1.0,0.0,0.0,7
seqFISH+ cortex/SVZ,nested_gated_logreg_learned_permuted_prior,62,6,0.971656827912702,0.11122382907030805,0.056086034661505434,17
seqFISH+ cortex/SVZ,nested_gated_logreg_learned_permuted_prior,63,6,0.97770931504071,0.05517015238801204,0.0426401432711221,10
seqFISH+ cortex/SVZ,nested_gated_logreg_context_specific,1,0,0.9965596785424681,0.007995152472456956,0.025082437218307115,17
seqFISH+ cortex/SVZ,nested_gated_logreg_context_specific,2,0,0.8636446660455054,0.15099869534050134,0.1037230557635757,13
seqFISH+ cortex/SVZ,nested_gated_logreg_context_specific,3,0,0.7474619216550931,0.1991966271302657,0.10050378152592121,6
seqFISH+ cortex/SVZ,nested_gated_logreg_context_specific,4,0,0.9583937179043475,0.08893660698832367,0.06091449038731726,7
seqFISH+ cortex/SVZ,nested_gated_logreg_context_specific,5,0,0.9780192938436517,0.056596022628933276,0.03876376661011099,11
seqFISH+ cortex/SVZ,nested_gated_logreg_context_specific,6,0,0.9462129411718868,0.11034030477602405,0.0852802865422442,5
seqFISH+ cortex/SVZ,nested_gated_logreg_context_specific,7,0,0.9897542950999353,0.05822919557085847,0.04737793696791341,9
seqFISH+ cortex/SVZ,nested_gated_logreg_context_specific,8,0,0.9898302737557874,0.04367189667814378,0.035533452725935055,12
seqFISH+ cortex/SVZ,nested_gated_logreg_context_specific,9,0,0.9999999999999998,0.0,0.0,2
seqFISH+ cortex/SVZ,nested_gated_logreg_context_specific,10,1,1.0,0.0,0.0,6
seqFISH+ cortex/SVZ,nested_gated_logreg_context_specific,11,1,0.9811145452839297,0.005660774347998603,0.03553345272593509,12
seqFISH+ cortex/SVZ,nested_gated_logreg_context_specific,12,1,0.884551765490997,0.10060252965230074,0.09231861823449955,8
seqFISH+ cortex/SVZ,nested_gated_logreg_context_specific,13,1,0.9462129411718868,0.11034030477602405,0.0852802865422442,5
seqFISH+ cortex/SVZ,nested_gated_logreg_context_specific,14,1,0.9709316831442536,0.062255624891826546,0.04264014327112209,10
seqFISH+ cortex/SVZ,nested_gated_logreg_context_specific,15,1,1.0,0.0,0.0,12
seqFISH+ cortex/SVZ,nested_gated_logreg_context_specific,16,1,0.9999999999999998,0.0,0.0,8
seqFISH+ cortex/SVZ,nested_gated_logreg_context_specific,17,1,1.0,0.0,0.0,14
seqFISH+ cortex/SVZ,nested_gated_logreg_context_specific,18,1,0.9743808478295162,0.01942376072437565,0.05330017908890261,8
seqFISH+ cortex/SVZ,nested_gated_logreg_context_specific,19,2,0.932212098479592,0.0818033591233326,0.06091449038731726,7
seqFISH+ cortex/SVZ,nested_gated_logreg_context_specific,20,2,0.9036961141150638,0.19704399805002334,0.12309149097933274,6
seqFISH+ cortex/SVZ,nested_gated_logreg_context_specific,21,2,0.7834548185980502,0.23345859334434965,0.14101901870444156,8
seqFISH+ cortex/SVZ,nested_gated_logreg_context_specific,22,2,0.968962790249909,0.09002628845466677,0.07106690545187017,6
seqFISH+ cortex/SVZ,nested_gated_logreg_context_specific,23,2,0.9284769758863484,0.10968618237784605,0.10550699226799948,7
seqFISH+ cortex/SVZ,nested_gated_logreg_context_specific,24,2,1.0,0.0,0.0,6
seqFISH+ cortex/SVZ,nested_gated_logreg_context_specific,25,2,0.9860406186017733,0.05864128460533155,0.04737793696791344,9
seqFISH+ cortex/SVZ,nested_gated_logreg_context_specific,26,2,0.9501192571463303,0.09195025398002003,0.07106690545187014,6
seqFISH+ cortex/SVZ,nested_gated_logreg_context_specific,27,2,0.9497611434631532,0.07881450341144577,0.06091449038731726,7
seqFISH+ cortex/SVZ,nested_gated_logreg_context_specific,28,3,0.9999999999999997,0.0,0.0,4
seqFISH+ cortex/SVZ,nested_gated_logreg_context_specific,29,3,0.9826858043207378,0.015032781036625018,0.04264014327112208,10
seqFISH+ cortex/SVZ,nested_gated_logreg_context_specific,30,3,0.9026872737417256,0.1916042296095925,0.09231861823449955,8
seqFISH+ cortex/SVZ,nested_gated_logreg_context_specific,31,3,0.9800250020524475,0.053283383687673866,0.04264014327112208,10
seqFISH+ cortex/SVZ,nested_gated_logreg_context_specific,32,3,0.9949880547234067,0.0430984531470803,0.035533452725935055,12
seqFISH+ cortex/SVZ,nested_gated_logreg_context_specific,33,3,1.0,0.0,0.0,11
seqFISH+ cortex/SVZ,nested_gated_logreg_context_specific,34,3,0.9999999999999999,0.0,0.0,8
seqFISH+ cortex/SVZ,nested_gated_logreg_context_specific,35,3,0.9999999999999998,0.0,0.0,9
seqFISH+ cortex/SVZ,nested_gated_logreg_context_specific,36,3,0.9860604553917957,0.06597144518099801,0.05330017908890261,8
seqFISH+ cortex/SVZ,nested_gated_logreg_context_specific,37,4,0.9999999999999998,0.0,0.0,6
seqFISH+ cortex/SVZ,nested_gated_logreg_context_specific,38,4,0.9799320082338995,0.0666042296095924,0.05330017908890261,8
seqFISH+ cortex/SVZ,nested_gated_logreg_context_specific,39,4,0.9999999999999997,0.0,0.0,8
seqFISH+ cortex/SVZ,nested_gated_logreg_context_specific,40,4,0.8951004520594925,0.06497109045056998,0.05275349613399974,14
seqFISH+ cortex/SVZ,nested_gated_logreg_context_specific,41,4,1.0,0.0,0.0,9
seqFISH+ cortex/SVZ,nested_gated_logreg_context_specific,42,4,0.953943401266822,0.08259374544570533,0.08206099398622183,9
seqFISH+ cortex/SVZ,nested_gated_logreg_context_specific,43,4,0.8352851818726265,0.17241128043112447,0.08206099398622183,9
seqFISH+ cortex/SVZ,nested_gated_logreg_context_specific,44,4,1.0,0.0,0.0,8
seqFISH+ cortex/SVZ,nested_gated_logreg_context_specific,45,4,0.969136997197515,0.062255624891826546,0.04264014327112209,10
seqFISH+ cortex/SVZ,nested_gated_logreg_context_specific,46,5,0.48361941016437066,0.27439747034769935,0.15990053726670783,8
seqFISH+ cortex/SVZ,nested_gated_logreg_context_specific,47,5,-0.21417835522582973,0.6623783851011832,0.21221138054701502,36
seqFISH+ cortex/SVZ,nested_gated_logreg_context_specific,48,5,0.5123065554127967,0.39335085896977773,0.17082358106351275,9
seqFISH+ cortex/SVZ,nested_gated_logreg_context_specific,49,5,0.13493073104939574,0.3278013831684311,0.13965310007701173,17
seqFISH+ cortex/SVZ,nested_gated_logreg_context_specific,50,5,-0.17522825645558746,0.7076071628301421,0.2277856065778677,29
seqFISH+ cortex/SVZ,nested_gated_logreg_context_specific,51,5,0.2958039891549808,0.36817570318681253,0.15982710418027862,11
seqFISH+ cortex/SVZ,nested_gated_logreg_context_specific,52,5,-0.2162546426421603,0.6991048518386722,0.21358064071342728,29
seqFISH+ cortex/SVZ,nested_gated_logreg_context_specific,53,5,-0.41050944305427584,0.8444624999415279,0.2186594148529434,37
seqFISH+ cortex/SVZ,nested_gated_logreg_context_specific,54,5,0.36039927920216236,0.40563906222956647,0.1767766952966369,8
seqFISH+ cortex/SVZ,nested_gated_logreg_context_specific,55,6,0.9999999999999997,0.0,0.0,6
seqFISH+ cortex/SVZ,nested_gated_logreg_context_specific,56,6,1.0,0.0,0.0,7
seqFISH+ cortex/SVZ,nested_gated_logreg_context_specific,57,6,0.9770833333333337,0.11111111111111113,0.047377936967913425,9
seqFISH+ cortex/SVZ,nested_gated_logreg_context_specific,58,6,0.9999999999999997,0.0,0.0,8
seqFISH+ cortex/SVZ,nested_gated_logreg_context_specific,59,6,0.9977909541642794,0.007415968340648281,0.02368896848395672,18
seqFISH+ cortex/SVZ,nested_gated_logreg_context_specific,60,6,0.9999999999999997,0.0,0.0,4
seqFISH+ cortex/SVZ,nested_gated_logreg_context_specific,61,6,1.0,0.0,0.0,7
seqFISH+ cortex/SVZ,nested_gated_logreg_context_specific,62,6,0.971656827912702,0.11122382907030805,0.056086034661505434,17
seqFISH+ cortex/SVZ,nested_gated_logreg_context_specific,63,6,0.97770931504071,0.05517015238801204,0.0426401432711221,10
seqFISH+ olfactory bulb,marker_only,1,0,0.3586756192290242,0.3611118705878596,0.2072107335266266,19
seqFISH+ olfactory bulb,marker_only,2,0,0.9560759801313274,0.07026218720768333,0.0642824346533225,11
seqFISH+ olfactory bulb,marker_only,3,0,0.9355146166265883,0.09889111511335485,0.08600261451922268,13
seqFISH+ olfactory bulb,marker_only,4,0,0.7543365091413574,0.12150964151554666,0.09622504486493763,18
seqFISH+ olfactory bulb,marker_only,5,0,0.5789478759118738,0.2109799136994715,0.11164843913471803,19
seqFISH+ olfactory bulb,marker_only,6,0,0.6300619191619361,0.31066779997152777,0.13176156917368248,12
seqFISH+ olfactory bulb,marker_only,7,0,0.41333333333333333,0.17822752984794712,0.13028932666176193,18
seqFISH+ olfactory bulb,marker_only,8,0,-0.40232832234387683,0.2906679357267575,0.1392500690033995,19
seqFISH+ olfactory bulb,marker_only,9,0,0.7516204273947797,0.19034759665243886,0.09488292830168393,19
seqFISH+ olfactory bulb,marker_only,10,1,0.4378802695198569,0.2779853869690938,0.1299038105676658,20
seqFISH+ olfactory bulb,marker_only,11,1,0.6171774138762737,0.39276609087198977,0.20372507516258279,32
seqFISH+ olfactory bulb,marker_only,13,1,-0.10271302683051187,0.5123314787630853,0.23868788043465713,31
seqFISH+ olfactory bulb,marker_only,14,1,-0.12819197682263486,0.5383428037870145,0.25220917401161536,39
seqFISH+ olfactory bulb,marker_only,15,1,0.7607997567822271,0.422096480521831,0.17568209223157663,9
seqFISH+ olfactory bulb,marker_only,16,1,-0.42674296374932424,0.5766743675016998,0.2414150989478496,40
seqFISH+ olfactory bulb,marker_only,17,1,-0.20609925931416714,0.5295561599171489,0.2325430403489366,39
seqFISH+ olfactory bulb,marker_only,18,1,0.22089956749294493,0.45259875271612293,0.2642427269576213,32
seqFISH+ olfactory bulb,marker_only,19,2,0.1519325494175878,0.41017488285660775,0.20072183787108744,22
seqFISH+ olfactory bulb,marker_only,20,2,0.35129360824637446,0.26588867965091784,0.16459619291325164,27
seqFISH+ olfactory bulb,marker_only,21,2,0.5117179514686404,0.36304600466321413,0.19611613513818404,26
seqFISH+ olfactory bulb,marker_only,22,2,-0.17763992810160684,0.4918858474944016,0.21079277442550065,32
seqFISH+ olfactory bulb,marker_only,23,2,-0.11978082846140073,0.4912998888402517,0.23560603574958058,35
seqFISH+ olfactory bulb,marker_only,24,2,0.4242956660252999,0.38128472278911196,0.20780804397943753,31
seqFISH+ olfactory bulb,marker_only,25,2,0.4973358977281674,0.3461041076844605,0.15023130314433286,24
seqFISH+ olfactory bulb,marker_only,26,2,-0.10448925095464315,0.3564682958971036,0.19764235376052372,24
seqFISH+ olfactory bulb,marker_only,27,2,0.2251802757536936,0.38979231184993185,0.20949675149960892,30
seqFISH+ olfactory bulb,marker_only,28,3,-0.08824969958006516,0.5812335076041235,0.26384827497731494,27
seqFISH+ olfactory bulb,marker_only,29,3,0.8180119870006228,0.31180008143130905,0.16537350080388688,29
seqFISH+ olfactory bulb,marker_only,30,3,0.07861243003097076,0.38123118135587647,0.23664319132398465,25
seqFISH+ olfactory bulb,marker_only,31,3,0.265196610382904,0.3893901860953142,0.18708286933869708,30
seqFISH+ olfactory bulb,marker_only,32,3,-0.32251882092439615,0.6273326309277476,0.292554147535759,31
seqFISH+ olfactory bulb,marker_only,33,3,-0.4006304970735142,0.5256986253083928,0.24622793457146755,37
seqFISH+ olfactory bulb,marker_only,34,3,0.04724555912615336,0.6001967701221833,0.26841872347344015,24
seqFISH+ olfactory bulb,marker_only,35,3,0.07424154165618921,0.39859819681000486,0.20327286418192408,29
seqFISH+ olfactory bulb,marker_only,36,3,0.040448915045666764,0.45458425125446,0.21500653629805674,26
seqFISH+ olfactory bulb,marker_only,37,4,0.059807276595932934,0.529143462587614,0.2732914353154523,42
seqFISH+ olfactory bulb,marker_only,38,4,-0.20164982172669937,0.527137268176684,0.26486423168198797,28
seqFISH+ olfactory bulb,marker_only,39,4,-0.38018999962209116,0.43211330484259597,0.19805290389444127,23
seqFISH+ olfactory bulb,marker_only,40,4,0.07373422652361131,0.38123183596965005,0.23644915547533682,32
seqFISH+ olfactory bulb,marker_only,41,4,0.22676971011248706,0.3669318833229602,0.22146137109863853,24
seqFISH+ olfactory bulb,marker_only,42,4,-0.8433383141984725,0.44033282153078457,0.20693010705103368,34
seqFISH+ olfactory bulb,marker_only,43,4,0.6251784818452053,0.36146985899984824,0.23002869076079882,29
seqFISH+ olfactory bulb,marker_only,44,4,-0.21732957198030556,0.5044369498616754,0.22587697572631282,28
seqFISH+ olfactory bulb,marker_only,45,4,0.26061162109005065,0.40431194306851265,0.18317716898209477,23
seqFISH+ olfactory bulb,marker_only,46,5,0.7282562343414184,0.18146780394415948,0.12842529172852035,24
seqFISH+ olfactory bulb,marker_only,47,5,0.19905093374924532,0.27562910317218403,0.19078784028338913,25
seqFISH+ olfactory bulb,marker_only,48,5,0.13529628504050922,0.41348037618772365,0.192327314540518,14
seqFISH+ olfactory bulb,marker_only,49,5,0.8929519679434643,0.20566076970392172,0.1683905802698877,23
seqFISH+ olfactory bulb,marker_only,50,5,0.1839389240451713,0.3421473616475703,0.22151805329111282,22
seqFISH+ olfactory bulb,marker_only,51,5,0.29612732048623525,0.25818214524403654,0.1889822365046136,14
seqFISH+ olfactory bulb,marker_only,52,5,0.8525668472369974,0.27389125153786364,0.1907274314958391,32
seqFISH+ olfactory bulb,marker_only,53,5,0.1355243415797379,0.27518786917236193,0.21106911903540182,34
seqFISH+ olfactory bulb,marker_only,54,5,0.031497039417435604,0.23738724411959072,0.16366341767699427,28
seqFISH+ olfactory bulb,marker_only,55,6,0.9999999999999996,0.0,0.0,3
seqFISH+ olfactory bulb,marker_only,56,6,0.2784775219184543,0.3034091746151205,0.2078080439794375,31
seqFISH+ olfactory bulb,marker_only,57,6,0.9421687637544917,0.09427497249944763,0.06874516652539955,23
seqFISH+ olfactory bulb,marker_only,58,6,1.0,0.0,0.0,2
seqFISH+ olfactory bulb,marker_only,59,6,0.6099375455928332,0.17097168784056138,0.14877975892797607,24
seqFISH+ olfactory bulb,marker_only,60,6,0.994078460399704,0.06666666666666665,0.03333333333333333,15
seqFISH+ olfactory bulb,marker_only,61,6,0.6956083436402524,0.1245112497836531,0.1,5
seqFISH+ olfactory bulb,marker_only,62,6,0.852197206851254,0.0889634408290716,0.10714285714285712,28
seqFISH+ olfactory bulb,marker_only,63,6,0.9476781318792941,0.11025650631560542,0.06987712429686843,16
seqFISH+ olfactory bulb,logreg_only,1,0,0.890014407988931,0.09817932254380479,0.10850277962151739,19
seqFISH+ olfactory bulb,logreg_only,2,0,0.9749216300940441,0.022282954348775627,0.045454545454545456,11
seqFISH+ olfactory bulb,logreg_only,3,0,0.985584831330897,0.015013827906276471,0.038461538461538464,13
seqFISH+ olfactory bulb,logreg_only,4,0,0.8945703337056415,0.05045684916548037,0.06211299937499416,18
seqFISH+ olfactory bulb,logreg_only,5,0,0.7678298461073269,0.10476522439906027,0.09488292830168392,19
seqFISH+ olfactory bulb,logreg_only,6,0,0.7041868508280461,0.1958808207147166,0.11785113019775792,12
seqFISH+ olfactory bulb,logreg_only,7,0,0.8533201859828615,0.05028973958498435,0.0734930919740164,18
seqFISH+ olfactory bulb,logreg_only,8,0,0.6467400199995793,0.0769060131895439,0.09488292830168392,19
seqFISH+ olfactory bulb,logreg_only,9,0,0.9671367717926639,0.03549424055284079,0.03721614637823934,19
seqFISH+ olfactory bulb,logreg_only,10,1,0.8538149682454623,0.0796041540450333,0.08291561975888499,20
seqFISH+ olfactory bulb,logreg_only,11,1,0.9206392523481777,0.032493740474913595,0.08699631816921909,32
seqFISH+ olfactory bulb,logreg_only,13,1,0.9972543712729821,0.002955326357305923,0.01612903225806451,31
seqFISH+ olfactory bulb,logreg_only,14,1,0.9213706681982403,0.026654296397790836,0.08974358974358976,39
seqFISH+ olfactory bulb,logreg_only,15,1,0.9454168862292721,0.07704566377293451,0.09622504486493763,9
seqFISH+ olfactory bulb,logreg_only,16,1,0.9850253908799744,0.01052549360673041,0.043301270189221926,40
seqFISH+ olfactory bulb,logreg_only,17,1,0.9869262880447784,0.005755628984619984,0.03391988860339219,39
seqFISH+ olfactory bulb,logreg_only,18,1,0.9335369360123185,0.05393834955794124,0.10245997694221876,32
seqFISH+ olfactory bulb,logreg_only,19,2,0.9352983014150312,0.04345640671032139,0.07186994682200863,22
seqFISH+ olfactory bulb,logreg_only,20,2,0.9277275886031967,0.018269390890405482,0.06676946806414795,27
seqFISH+ olfactory bulb,logreg_only,21,2,0.9897444376621718,0.03664362691090441,0.043001307259611335,26
seqFISH+ olfactory bulb,logreg_only,22,2,0.9586514545549407,0.011855891195742754,0.05412658773652741,32
seqFISH+ olfactory bulb,logreg_only,23,2,0.9262149039407293,0.03440769435224861,0.08689660757568886,35
seqFISH+ olfactory bulb,logreg_only,24,2,0.9975301018832973,0.007906854768920373,0.016129032258064516,31
seqFISH+ olfactory bulb,logreg_only,25,2,0.9942627179989935,0.0023268392876843844,0.020833333333333343,24
seqFISH+ olfactory bulb,logreg_only,26,2,0.7836357114308057,0.05050620058012113,0.11599509089229211,24
seqFISH+ olfactory bulb,logreg_only,27,2,0.9971383145436652,0.0050109270122083195,0.016666666666666666,30
seqFISH+ olfactory bulb,logreg_only,28,3,0.8436945125703365,0.08845834812761667,0.1335389361282959,27
seqFISH+ olfactory bulb,logreg_only,29,3,0.9968896627387913,0.004958089820027078,0.01724137931034483,29
seqFISH+ olfactory bulb,logreg_only,30,3,0.9185362191333997,0.05570455223829383,0.09165151389911678,25
seqFISH+ olfactory bulb,logreg_only,31,3,0.9829822791154812,0.01638772246294586,0.044095855184409845,30
seqFISH+ olfactory bulb,logreg_only,32,3,0.8126867771466488,0.09717139533575067,0.15386116151886217,31
seqFISH+ olfactory bulb,logreg_only,33,3,0.8831259235059983,0.06967568241058657,0.1029158527819447,37
seqFISH+ olfactory bulb,logreg_only,34,3,0.9817719423516801,0.02924602326626913,0.0551198189805123,24
seqFISH+ olfactory bulb,logreg_only,35,3,0.979292925050254,0.00901826752364024,0.04561640191490673,29
seqFISH+ olfactory bulb,logreg_only,36,3,0.8927621482791999,0.0601483639161708,0.09222752929447538,26
seqFISH+ olfactory bulb,logreg_only,37,4,0.9387911546488631,0.05161360343800357,0.10171433030139918,42
seqFISH+ olfactory bulb,logreg_only,38,4,0.9158310720187209,0.05902907855226496,0.10412414097938037,28
seqFISH+ olfactory bulb,logreg_only,39,4,0.9819796099239761,0.025640453647443624,0.03765327842541037,23
seqFISH+ olfactory bulb,logreg_only,40,4,0.9149534715560876,0.07240457967042882,0.0924387466109315,32
seqFISH+ olfactory bulb,logreg_only,41,4,0.9881363993504317,0.013694466371385966,0.03608439182435162,24
seqFISH+ olfactory bulb,logreg_only,42,4,0.8754008690015292,0.029585476324238878,0.08823529411764706,34
seqFISH+ olfactory bulb,logreg_only,43,4,0.9923788365838996,0.04184954526389618,0.038552896163789485,29
seqFISH+ olfactory bulb,logreg_only,44,4,0.9346393812166852,0.062456552148675216,0.07362688617174395,28
seqFISH+ olfactory bulb,logreg_only,45,4,0.9853081139821663,0.046933612405569675,0.030743773095067286,23
seqFISH+ olfactory bulb,logreg_only,46,5,0.9609999602085966,0.014014494030768631,0.05511981898051228,24
seqFISH+ olfactory bulb,logreg_only,47,5,0.9970371645898268,0.0053998296414234275,0.019999999999999983,25
seqFISH+ olfactory bulb,logreg_only,48,5,0.7109736629101983,0.06729007496023633,0.10101525445522108,14
seqFISH+ olfactory bulb,logreg_only,49,5,0.9567334081216928,0.08584366774789061,0.09475867268566684,23
seqFISH+ olfactory bulb,logreg_only,50,5,0.994820957800945,0.007396089983921096,0.022727272727272724,22
seqFISH+ olfactory bulb,logreg_only,51,5,0.902760727583453,0.06487309178418908,0.07985957062499249,14
seqFISH+ olfactory bulb,logreg_only,52,5,0.9838005894688683,0.027424137229720383,0.05633673867912483,32
seqFISH+ olfactory bulb,logreg_only,53,5,0.7622017811286801,0.11991904584377605,0.13316742850202085,34
seqFISH+ olfactory bulb,logreg_only,54,5,0.9861111111111109,0.02551483941165665,0.02525381361380527,28
seqFISH+ olfactory bulb,logreg_only,55,6,0.7419354838709674,0.08170416594551039,0.16666666666666666,3
seqFISH+ olfactory bulb,logreg_only,56,6,0.7524454474496882,0.11580936986396573,0.1378065120212505,31
seqFISH+ olfactory bulb,logreg_only,57,6,0.9192629602496276,0.15750244560514196,0.07838154946660846,23
seqFISH+ olfactory bulb,logreg_only,58,6,0.6546536707079772,0.31127812445913294,0.25,2
seqFISH+ olfactory bulb,logreg_only,59,6,0.9068453126375147,0.05772539424629372,0.08838834764831845,24
seqFISH+ olfactory bulb,logreg_only,60,6,1.0,0.0,0.0,15
seqFISH+ olfactory bulb,logreg_only,61,6,0.6956083436402524,0.1245112497836531,0.1,5
seqFISH+ olfactory bulb,logreg_only,62,6,0.6341957434983527,0.10993812179127692,0.1461670137834366,28
seqFISH+ olfactory bulb,logreg_only,63,6,0.9938120233033697,0.032436975200822206,0.03125,16
seqFISH+ olfactory bulb,linear_svm,1,0,0.9138832914175737,0.121208566543163,0.1147078669352809,19
seqFISH+ olfactory bulb,linear_svm,2,0,0.9524922626842527,0.0359491189275257,0.0642824346533225,11
seqFISH+ olfactory bulb,linear_svm,3,0,0.985584831330897,0.015013827906276471,0.038461538461538464,13
seqFISH+ olfactory bulb,linear_svm,4,0,0.9243468979503968,0.09551347349551778,0.05555555555555555,18
seqFISH+ olfactory bulb,linear_svm,5,0,0.8163230632971203,0.08870551360287668,0.07894736842105263,19
seqFISH+ olfactory bulb,linear_svm,6,0,0.5188745216627708,0.2348113343083217,0.1502313031443329,12
seqFISH+ olfactory bulb,linear_svm,7,0,0.8533201859828615,0.05028973958498435,0.0734930919740164,18
seqFISH+ olfactory bulb,linear_svm,8,0,0.7888454763140029,0.08177662246631301,0.07443229275647868,19
seqFISH+ olfactory bulb,linear_svm,9,0,0.8903126346812125,0.06582752029881914,0.06446025638903101,19
seqFISH+ olfactory bulb,linear_svm,10,1,0.7666666666666665,0.06984516590595362,0.09682458365518543,20
seqFISH+ olfactory bulb,linear_svm,11,1,0.9206392523481777,0.032493740474913595,0.08699631816921909,32
seqFISH+ olfactory bulb,linear_svm,13,1,0.9741277861621275,0.03707098559803145,0.05815405283006434,31
seqFISH+ olfactory bulb,linear_svm,14,1,0.9441848580947729,0.051052694503391935,0.0850416612911641,39
seqFISH+ olfactory bulb,linear_svm,15,1,0.9454168862292721,0.07704566377293451,0.09622504486493763,9
seqFISH+ olfactory bulb,linear_svm,16,1,0.9847615166908407,0.0550117557831098,0.05000000000000001,40
seqFISH+ olfactory bulb,linear_svm,17,1,0.9763176386213486,0.03395979624498178,0.047969966497101835,39
seqFISH+ olfactory bulb,linear_svm,18,1,0.9767140275344748,0.07090160513594224,0.08699631816921909,32
seqFISH+ olfactory bulb,linear_svm,19,2,0.942809754785036,0.05042657420327354,0.06818181818181819,22
seqFISH+ olfactory bulb,linear_svm,20,2,0.8760390410430798,0.029934621133687576,0.08486251286955258,27
seqFISH+ olfactory bulb,linear_svm,21,2,0.9786656005941751,0.08158431882456198,0.06378124596837309,26
seqFISH+ olfactory bulb,linear_svm,22,2,0.9493848245928316,0.08087895638811393,0.07328774624724109,32
seqFISH+ olfactory bulb,linear_svm,23,2,0.896934377383983,0.046219817900239255,0.1,35
seqFISH+ olfactory bulb,linear_svm,24,2,0.9828316054866716,0.05495381551205611,0.04267340824297727,31
seqFISH+ olfactory bulb,linear_svm,25,2,0.9855072463768119,0.024162787626756266,0.02946278254943948,24
seqFISH+ olfactory bulb,linear_svm,26,2,0.8306640148867084,0.0385855508107788,0.09547032697824666,24
seqFISH+ olfactory bulb,linear_svm,27,2,0.994668236495726,0.021985895638003166,0.02357022603955158,30
seqFISH+ olfactory bulb,linear_svm,28,3,0.9445915948240078,0.07688317233450458,0.09259259259259259,27
seqFISH+ olfactory bulb,linear_svm,29,3,0.9903732845995992,0.009916179640054283,0.03448275862068966,29
seqFISH+ olfactory bulb,linear_svm,30,3,0.9304665894988435,0.0512946146229763,0.09165151389911678,25
seqFISH+ olfactory bulb,linear_svm,31,3,0.9970024331308388,0.017189547072547506,0.016666666666666677,30
seqFISH+ olfactory bulb,linear_svm,32,3,0.7628095679623512,0.1135987843284554,0.16992989923956028,31
seqFISH+ olfactory bulb,linear_svm,33,3,0.9447180499308889,0.04587197328395666,0.08330289193201318,37
seqFISH+ olfactory bulb,linear_svm,34,3,0.9750168689498874,0.09666299713955541,0.08333333333333334,24
seqFISH+ olfactory bulb,linear_svm,35,3,0.8940034857908756,0.10591890827689115,0.10767237928273099,29
seqFISH+ olfactory bulb,linear_svm,36,3,0.919392111930162,0.07085685072769989,0.0838249796834745,26
seqFISH+ olfactory bulb,linear_svm,37,4,0.9788263289643695,0.020572874496326103,0.0662829090813098,42
seqFISH+ olfactory bulb,linear_svm,38,4,0.9783118117471625,0.0789487020702478,0.06916041689656102,28
seqFISH+ olfactory bulb,linear_svm,39,4,0.9914179703795443,0.023987022777396495,0.021739130434782608,23
seqFISH+ olfactory bulb,linear_svm,40,4,0.9639861662918399,0.07097847589344627,0.06629126073623882,32
seqFISH+ olfactory bulb,linear_svm,41,4,0.9836767694983735,0.018144714302290022,0.046584749531245626,24
seqFISH+ olfactory bulb,linear_svm,42,4,0.8945024270229489,0.028360324214398307,0.0818788876886768,34
seqFISH+ olfactory bulb,linear_svm,43,4,0.9894229586666841,0.07977928744162407,0.059725889916168166,29
seqFISH+ olfactory bulb,linear_svm,44,4,0.9472192876425117,0.09445122913528359,0.06185895741317419,28
seqFISH+ olfactory bulb,linear_svm,45,4,0.960602966249123,0.09513806070215769,0.053249777017025615,23
seqFISH+ olfactory bulb,linear_svm,46,5,0.9870129870129871,0.011644807223602427,0.029462782549439466,24
seqFISH+ olfactory bulb,linear_svm,47,5,0.9854967527766745,0.01766339068316694,0.03464101615137753,25
seqFISH+ olfactory bulb,linear_svm,48,5,0.5127301186201266,0.1289157312298862,0.1287696884094282,14
seqFISH+ olfactory bulb,linear_svm,49,5,0.9421003158768283,0.14337993367114307,0.12297509238026914,23
seqFISH+ olfactory bulb,linear_svm,50,5,0.9946091644204853,0.011141477174387723,0.022727272727272728,22
seqFISH+ olfactory bulb,linear_svm,51,5,0.9430282292571824,0.02349164266829508,0.06185895741317419,14
seqFISH+ olfactory bulb,linear_svm,52,5,0.9927989262064442,0.04003126274514846,0.05182226234930312,32
seqFISH+ olfactory bulb,linear_svm,53,5,0.7217708328982382,0.12898177578504771,0.14181839354401404,34
seqFISH+ olfactory bulb,linear_svm,54,5,0.9547032697824664,0.045489884400448065,0.053571428571428575,28
seqFISH+ olfactory bulb,linear_svm,55,6,0.7419354838709674,0.08170416594551039,0.16666666666666666,3
seqFISH+ olfactory bulb,linear_svm,56,6,0.7163761851661338,0.14780660565848056,0.14694247708297256,31
seqFISH+ olfactory bulb,linear_svm,57,6,0.9033211468589122,0.16916543887805385,0.08419529013494385,23
seqFISH+ olfactory bulb,linear_svm,58,6,0.6546536707079772,0.31127812445913294,0.25,2
seqFISH+ olfactory bulb,linear_svm,59,6,0.9574659635875165,0.043599798225190535,0.06909634979907084,24
seqFISH+ olfactory bulb,linear_svm,60,6,0.9838656807899325,0.028865791598513497,0.06666666666666667,15
seqFISH+ olfactory bulb,linear_svm,61,6,0.22580645161290322,0.32451124978365314,0.17320508075688776,5
seqFISH+ olfactory bulb,linear_svm,62,6,0.6695183867003729,0.11854142888183668,0.1406072834644966,28
seqFISH+ olfactory bulb,linear_svm,63,6,0.988571053224161,0.007770314858965523,0.03125,16
seqFISH+ olfactory bulb,pca_knn,1,0,0.9999999999999998,0.0,0.0,19
seqFISH+ olfactory bulb,pca_knn,2,0,0.9749216300940441,0.022282954348775627,0.045454545454545456,11
seqFISH+ olfactory bulb,pca_knn,3,0,0.9565436576636883,0.12097103952794833,0.06661733875264914,13
seqFISH+ olfactory bulb,pca_knn,4,0,0.9899278008133687,0.007988033598932581,0.027777777777777783,18
seqFISH+ olfactory bulb,pca_knn,5,0,0.9695323654524336,0.05772033021058174,0.03721614637823934,19
seqFISH+ olfactory bulb,pca_knn,6,0,0.8214285714285714,0.1167085486359613,0.09316949906249124,12
seqFISH+ olfactory bulb,pca_knn,7,0,0.8721786813342283,0.047238018578997495,0.0734930919740164,18
seqFISH+ olfactory bulb,pca_knn,8,0,0.9294678975950239,0.06054356896664476,0.045580284409707295,19
seqFISH+ olfactory bulb,pca_knn,9,0,0.8099865064397199,0.08508443875770202,0.08321783316232577,19
seqFISH+ olfactory bulb,pca_knn,10,1,0.9428571428571427,0.062096665086385526,0.07071067811865477,20
seqFISH+ olfactory bulb,pca_knn,11,1,0.9895112963092534,0.020095465698284697,0.05412658773652741,32
seqFISH+ olfactory bulb,pca_knn,13,1,0.9726789376927627,0.04522960358978612,0.07030482167001086,31
seqFISH+ olfactory bulb,pca_knn,14,1,0.9834739668819704,0.01641270637310394,0.05875097044815178,39
seqFISH+ olfactory bulb,pca_knn,15,1,1.0,0.0,0.0,9
seqFISH+ olfactory bulb,pca_knn,16,1,0.960889979836337,0.053030106558600174,0.09013878188659971,40
seqFISH+ olfactory bulb,pca_knn,17,1,0.9964144407709445,0.010236814132232003,0.022205779584216375,39
seqFISH+ olfactory bulb,pca_knn,18,1,0.9999999999999997,0.0,0.0,32
seqFISH+ olfactory bulb,pca_knn,19,2,0.9970382591036914,0.023334606505159207,0.022727272727272717,22
seqFISH+ olfactory bulb,pca_knn,20,2,0.9671414168924342,0.02450578763800052,0.06415002990995841,27
seqFISH+ olfactory bulb,pca_knn,21,2,0.9804219302051342,0.03892998719225514,0.06933752452815364,26
seqFISH+ olfactory bulb,pca_knn,22,2,0.959903095057911,0.022862003481761276,0.05633673867912483,32
seqFISH+ olfactory bulb,pca_knn,23,2,0.9935491145140161,0.004368417320956716,0.024743582965269684,35
seqFISH+ olfactory bulb,pca_knn,24,2,0.9958848495186756,0.03327009110815638,0.03225806451612902,31
seqFISH+ olfactory bulb,pca_knn,25,2,0.889700583636793,0.041035779119950995,0.09081039465709735,24
seqFISH+ olfactory bulb,pca_knn,26,2,0.9841197770277712,0.01804111974907085,0.04166666666666668,24
seqFISH+ olfactory bulb,pca_knn,27,2,0.9898329607469784,0.04115856966861313,0.03726779962499649,30
seqFISH+ olfactory bulb,pca_knn,28,3,1.0,0.0,0.0,27
seqFISH+ olfactory bulb,pca_knn,29,3,0.9822812137060959,0.043031516138071504,0.059725889916168166,29
seqFISH+ olfactory bulb,pca_knn,30,3,0.9888008134790224,0.02622213579193765,0.03464101615137753,25
seqFISH+ olfactory bulb,pca_knn,31,3,0.9829822791154812,0.01638772246294586,0.044095855184409845,30
seqFISH+ olfactory bulb,pca_knn,32,3,0.9981773442059062,0.01718818828634652,0.016129032258064516,31
seqFISH+ olfactory bulb,pca_knn,33,3,0.9902902747380101,0.016140249697115312,0.04872366588464851,37
seqFISH+ olfactory bulb,pca_knn,34,3,0.9819805060619656,0.01879097629578121,0.0625,24
seqFISH+ olfactory bulb,pca_knn,35,3,0.9973931915878597,0.0012938168278373843,0.01724137931034482,29
seqFISH+ olfactory bulb,pca_knn,36,3,0.9768744714226315,0.0211919403259689,0.06661733875264914,26
seqFISH+ olfactory bulb,pca_knn,37,4,1.0,0.0,0.0,42
seqFISH+ olfactory bulb,pca_knn,38,4,0.9968941024524822,0.020518593080640277,0.030929478706587084,28
seqFISH+ olfactory bulb,pca_knn,39,4,0.9448553587081825,0.03989571660042326,0.07210053892076956,23
seqFISH+ olfactory bulb,pca_knn,40,4,0.9900559451297832,0.04515276436980908,0.06629126073623882,32
seqFISH+ olfactory bulb,pca_knn,41,4,0.9908287666975042,0.024492826473580732,0.05511981898051231,24
seqFISH+ olfactory bulb,pca_knn,42,4,0.9708798028824476,0.055000401031477776,0.076414006216274,34
seqFISH+ olfactory bulb,pca_knn,43,4,0.9870765318590294,0.031001433486470588,0.04561640191490674,29
seqFISH+ olfactory bulb,pca_knn,44,4,0.9038682959045877,0.1038866358589938,0.09942436362196469,28
seqFISH+ olfactory bulb,pca_knn,45,4,0.883228739514506,0.05251886692687724,0.09223131928520183,23
seqFISH+ olfactory bulb,pca_knn,46,5,0.905984770886392,0.02353608487133772,0.08333333333333333,24
seqFISH+ olfactory bulb,pca_knn,47,5,0.9859864323184435,0.015172216112884827,0.03464101615137755,25
seqFISH+ olfactory bulb,pca_knn,48,5,0.9322033898305082,0.027882823254513404,0.050507627227610534,14
seqFISH+ olfactory bulb,pca_knn,49,5,0.9922090248054948,0.04532420485761059,0.04347826086956523,23
seqFISH+ olfactory bulb,pca_knn,50,5,0.9861824101760546,0.02118955715386438,0.06013071161510436,22
seqFISH+ olfactory bulb,pca_knn,51,5,0.9734801237836697,0.0816989003414847,0.05050762722761055,14
seqFISH+ olfactory bulb,pca_knn,52,5,0.99036292711337,0.03146340592935248,0.04133986423538423,32
seqFISH+ olfactory bulb,pca_knn,53,5,0.9919382420353184,0.0558326605367645,0.05094267081084931,34
seqFISH+ olfactory bulb,pca_knn,54,5,0.9535571740966998,0.037497597680533505,0.0472455591261534,28
seqFISH+ olfactory bulb,pca_knn,55,6,-0.04637388957601679,0.6666666666666666,0.2886751345948129,3
seqFISH+ olfactory bulb,pca_knn,56,6,0.991012726030094,0.02032375867312664,0.027936303347885112,31
seqFISH+ olfactory bulb,pca_knn,57,6,1.0,0.0,0.0,23
seqFISH+ olfactory bulb,pca_knn,58,6,0.33333333333333337,0.5000000000000001,0.25,2
seqFISH+ olfactory bulb,pca_knn,59,6,0.9810708435174293,0.01485507337910524,0.036084391824351615,24
seqFISH+ olfactory bulb,pca_knn,60,6,0.9906203908539433,0.10089075620756681,0.04714045207910316,15
seqFISH+ olfactory bulb,pca_knn,61,6,1.0,0.0,0.0,5
seqFISH+ olfactory bulb,pca_knn,62,6,0.9663665519721606,0.061946316961610924,0.05357142857142858,28
seqFISH+ olfactory bulb,pca_knn,63,6,0.9999999999999999,0.0,0.0,16
seqFISH+ olfactory bulb,extra_trees,1,0,0.9786531053691387,0.045666776144989325,0.045580284409707295,19
seqFISH+ olfactory bulb,extra_trees,2,0,0.9466144722346033,0.10423809173236279,0.0787295821622217,11
seqFISH+ olfactory bulb,extra_trees,3,0,0.992351767383384,0.010888296317801534,0.03846153846153848,13
seqFISH+ olfactory bulb,extra_trees,4,0,0.9121034881575905,0.08451268643680672,0.06211299937499416,18
seqFISH+ olfactory bulb,extra_trees,5,0,0.8886310904872392,0.02716087077031422,0.064460256389031,19
seqFISH+ olfactory bulb,extra_trees,6,0,0.9354143466934852,0.068144667641655,0.05892556509887896,12
seqFISH+ olfactory bulb,extra_trees,7,0,0.8721786813342283,0.047238018578997495,0.0734930919740164,18
seqFISH+ olfactory bulb,extra_trees,8,0,0.8994193815348861,0.01595007623122228,0.05263157894736842,19
seqFISH+ olfactory bulb,extra_trees,9,0,0.9122289268545829,0.05380494585855483,0.058843894144731304,19
seqFISH+ olfactory bulb,extra_trees,10,1,0.761577310586391,0.09558247846439036,0.12499999999999999,20
seqFISH+ olfactory bulb,extra_trees,11,1,0.992705197225207,0.008968209511244862,0.04133986423538423,32
seqFISH+ olfactory bulb,extra_trees,13,1,0.9605897641413756,0.0535660037573503,0.08534681648595452,31
seqFISH+ olfactory bulb,extra_trees,14,1,0.9834739668819704,0.01641270637310394,0.05875097044815178,39
seqFISH+ olfactory bulb,extra_trees,15,1,0.9457726352867685,0.16934030668196956,0.09622504486493762,9
seqFISH+ olfactory bulb,extra_trees,16,1,0.9431062233204391,0.04739104432903371,0.09999999999999998,40
seqFISH+ olfactory bulb,extra_trees,17,1,0.9851814799407307,0.008687546956297924,0.04622501635210242,39
seqFISH+ olfactory bulb,extra_trees,18,1,0.9922503574156885,0.016816457914770187,0.046875,32
seqFISH+ olfactory bulb,extra_trees,19,2,0.9576418619499791,0.045081895868803804,0.0819443471696361,22
seqFISH+ olfactory bulb,extra_trees,20,2,0.9377823125219875,0.03100523600885921,0.0848625128695526,27
seqFISH+ olfactory bulb,extra_trees,21,2,0.9579463065181494,0.08612901608625284,0.10707239159288505,26
seqFISH+ olfactory bulb,extra_trees,22,2,0.9550693768604096,0.033025938803282,0.06442352540027595,32
seqFISH+ olfactory bulb,extra_trees,23,2,0.9790646592983236,0.01524392339428397,0.05714285714285715,35
seqFISH+ olfactory bulb,extra_trees,24,2,0.9702056613182827,0.08957326738867039,0.10072577416771608,31
seqFISH+ olfactory bulb,extra_trees,25,2,0.8329111846812531,0.04597048976745983,0.11023963796102462,24
seqFISH+ olfactory bulb,extra_trees,26,2,0.9338995046522103,0.041903100842373364,0.08068715304598785,24
seqFISH+ olfactory bulb,extra_trees,27,2,0.9654185418491925,0.06838939954847852,0.10274023338281629,30
seqFISH+ olfactory bulb,extra_trees,28,3,0.951905413366096,0.07810424157770877,0.1111111111111111,27
seqFISH+ olfactory bulb,extra_trees,29,3,0.9822812137060959,0.043031516138071504,0.059725889916168166,29
seqFISH+ olfactory bulb,extra_trees,30,3,0.9888008134790224,0.02622213579193765,0.03464101615137753,25
seqFISH+ olfactory bulb,extra_trees,31,3,0.9327874308690602,0.03434333956047653,0.08819171036881968,30
seqFISH+ olfactory bulb,extra_trees,32,3,0.9981773442059062,0.01718818828634652,0.016129032258064516,31
seqFISH+ olfactory bulb,extra_trees,33,3,0.9873321023360091,0.020998660242568374,0.05890403977757669,37
seqFISH+ olfactory bulb,extra_trees,34,3,0.9819805060619656,0.01879097629578121,0.0625,24
seqFISH+ olfactory bulb,extra_trees,35,3,0.9679325341718575,0.025450221520357533,0.0689655172413793,29
seqFISH+ olfactory bulb,extra_trees,36,3,0.9543109239992369,0.06951131479145402,0.09020030307352749,26
seqFISH+ olfactory bulb,extra_trees,37,4,0.9994585411997775,0.000902712308549109,0.011904761904761883,42
seqFISH+ olfactory bulb,extra_trees,38,4,0.9778997708172411,0.042188145805781924,0.07142857142857141,28
seqFISH+ olfactory bulb,extra_trees,39,4,0.8769334691402939,0.06812054991908721,0.11295983527623113,23
seqFISH+ olfactory bulb,extra_trees,40,4,0.9919346091622875,0.04061379475335106,0.06442352540027595,32
seqFISH+ olfactory bulb,extra_trees,41,4,0.9879149639396985,0.043337312599180194,0.0465847495312456,24
seqFISH+ olfactory bulb,extra_trees,42,4,0.9559178826550928,0.04988905442608307,0.08945239015144439,34
seqFISH+ olfactory bulb,extra_trees,43,4,0.9979312106106435,0.021467456859250444,0.017241379310344827,29
seqFISH+ olfactory bulb,extra_trees,44,4,0.9062996884177108,0.19114397429690488,0.16656034023372887,28
seqFISH+ olfactory bulb,extra_trees,45,4,0.9281844413687697,0.041807926275771505,0.07210053892076956,23
seqFISH+ olfactory bulb,extra_trees,46,5,0.9744390597554322,0.0057467972448081595,0.04166666666666666,24
seqFISH+ olfactory bulb,extra_trees,47,5,0.9854967527766747,0.01766339068316694,0.03464101615137753,25
seqFISH+ olfactory bulb,extra_trees,48,5,0.8037107911317006,0.050506543548223225,0.08748177652797065,14
seqFISH+ olfactory bulb,extra_trees,49,5,1.0,0.0,0.0,23
seqFISH+ olfactory bulb,extra_trees,50,5,0.9939380381963946,0.009971426840461728,0.03936479108111086,22
seqFISH+ olfactory bulb,extra_trees,51,5,0.9901208096603136,0.010270328912913301,0.03571428571428573,14
seqFISH+ olfactory bulb,extra_trees,52,5,0.9991516864968091,0.015855037500479112,0.015625,32
seqFISH+ olfactory bulb,extra_trees,53,5,0.9851754889648987,0.025263481372610273,0.03602190798210556,34
seqFISH+ olfactory bulb,extra_trees,54,5,0.981209483444242,0.027931822587703922,0.03992978531249624,28
seqFISH+ olfactory bulb,extra_trees,55,6,0.9999999999999996,0.0,0.0,3
seqFISH+ olfactory bulb,extra_trees,56,6,0.9104071704367556,0.0482799466649165,0.08980265101338746,31
seqFISH+ olfactory bulb,extra_trees,57,6,0.9696247684216285,0.029394579250424834,0.04861017342390848,23
seqFISH+ olfactory bulb,extra_trees,58,6,1.0,0.0,0.0,2
seqFISH+ olfactory bulb,extra_trees,59,6,0.9902745360335274,0.009490701943328694,0.029462782549439494,24
seqFISH+ olfactory bulb,extra_trees,60,6,1.0,0.0,0.0,15
seqFISH+ olfactory bulb,extra_trees,61,6,1.0,0.0,0.0,5
seqFISH+ olfactory bulb,extra_trees,62,6,0.9419787384341387,0.033564809681390015,0.06916041689656101,28
seqFISH+ olfactory bulb,extra_trees,63,6,0.9939784398750985,0.008733605417701833,0.03125,16
seqFISH+ olfactory bulb,singler_native,1,0,0.9495470296192352,0.10176448572316403,0.10526315789473685,19
seqFISH+ olfactory bulb,singler_native,2,0,0.9866771227372159,0.013329000823271863,0.04545454545454546,11
seqFISH+ olfactory bulb,singler_native,3,0,0.9750814024671738,0.08248118924014754,0.07692307692307693,13
seqFISH+ olfactory bulb,singler_native,4,0,0.8303273174774732,0.08210674255443406,0.0785674201318386,18
seqFISH+ olfactory bulb,singler_native,5,0,0.6455573571543983,0.20721373941300386,0.13157894736842105,19
seqFISH+ olfactory bulb,singler_native,6,0,0.926302172234155,0.09586065086385404,0.07216878364870323,12
seqFISH+ olfactory bulb,singler_native,7,0,0.8998884357447585,0.023743138118704002,0.05555555555555556,18
seqFISH+ olfactory bulb,singler_native,8,0,0.46465315024232684,0.12782886670873717,0.11470786693528089,19
seqFISH+ olfactory bulb,singler_native,9,0,0.950425985239011,0.0881258195002092,0.045580284409707295,19
seqFISH+ olfactory bulb,singler_native,10,1,0.7938566201357352,0.07049095463002626,0.10606601717798214,20
seqFISH+ olfactory bulb,singler_native,11,1,0.9477928248498572,0.02360817775462128,0.071602745233685,32
seqFISH+ olfactory bulb,singler_native,13,1,0.9949735672786202,0.005730008750813524,0.027936303347885095,31
seqFISH+ olfactory bulb,singler_native,14,1,0.9987301477529809,0.0006150514584924535,0.01282051282051283,39
seqFISH+ olfactory bulb,singler_native,15,1,0.9763978541963827,0.06917291654647398,0.05555555555555555,9
seqFISH+ olfactory bulb,singler_native,16,1,0.9955323759917865,0.015957279690420142,0.021650635094610963,40
seqFISH+ olfactory bulb,singler_native,17,1,0.9982296671490851,0.001727895796321641,0.012820512820512824,39
seqFISH+ olfactory bulb,singler_native,18,1,0.9999999999999997,0.0,0.0,32
seqFISH+ olfactory bulb,singler_native,19,2,0.9970382591036914,0.023334606505159207,0.022727272727272717,22
seqFISH+ olfactory bulb,singler_native,20,2,0.9671414168924342,0.02450578763800052,0.06415002990995841,27
seqFISH+ olfactory bulb,singler_native,21,2,0.9804219302051342,0.03892998719225514,0.06933752452815364,26
seqFISH+ olfactory bulb,singler_native,22,2,0.9702011086832416,0.012007831753602646,0.05633673867912483,32
seqFISH+ olfactory bulb,singler_native,23,2,0.9939735147377471,0.004279449898776592,0.024743582965269666,35
seqFISH+ olfactory bulb,singler_native,24,2,0.990179976311861,0.04082616616978642,0.05587260669577023,31
seqFISH+ olfactory bulb,singler_native,25,2,0.889700583636793,0.041035779119950995,0.09081039465709735,24
seqFISH+ olfactory bulb,singler_native,26,2,0.9564561997176206,0.02937655444563749,0.07216878364870322,24
seqFISH+ olfactory bulb,singler_native,27,2,0.9654185418491925,0.06838939954847852,0.10274023338281629,30
seqFISH+ olfactory bulb,singler_native,28,3,0.9980184214150473,0.0013544205491804644,0.01851851851851853,27
seqFISH+ olfactory bulb,singler_native,29,3,0.9767552961434733,0.017897559947014027,0.06216467716317221,29
seqFISH+ olfactory bulb,singler_native,30,3,0.9742385811745669,0.033653001456860884,0.05291502622129181,25
seqFISH+ olfactory bulb,singler_native,31,3,0.970066780156996,0.020441132278579775,0.057735026918962574,30
seqFISH+ olfactory bulb,singler_native,32,3,0.9981773442059062,0.01718818828634652,0.016129032258064516,31
seqFISH+ olfactory bulb,singler_native,33,3,0.9643139417504716,0.05593722971015334,0.06480853409882054,37
seqFISH+ olfactory bulb,singler_native,34,3,0.9999999999999996,0.0,0.0,24
seqFISH+ olfactory bulb,singler_native,35,3,0.9649425819241517,0.03148297622617326,0.05452202862359275,29
seqFISH+ olfactory bulb,singler_native,36,3,0.9507277033062271,0.07305567720079749,0.07448044896552725,26
seqFISH+ olfactory bulb,singler_native,37,4,0.9995767919010276,0.012029222355853662,0.011904761904761911,42
seqFISH+ olfactory bulb,singler_native,38,4,0.9968941024524822,0.020518593080640277,0.030929478706587084,28
seqFISH+ olfactory bulb,singler_native,39,4,0.8769334691402939,0.06812054991908721,0.11295983527623113,23
seqFISH+ olfactory bulb,singler_native,40,4,0.9849371897740299,0.08821493019376174,0.08118988160479113,32
seqFISH+ olfactory bulb,singler_native,41,4,0.9940378785040223,0.011587901821529346,0.029462782549439476,24
seqFISH+ olfactory bulb,singler_native,42,4,0.9712499797859501,0.03776954869016168,0.06739081904346825,34
seqFISH+ olfactory bulb,singler_native,43,4,0.9979567143447089,0.019024190478624754,0.017241379310344827,29
seqFISH+ olfactory bulb,singler_native,44,4,0.9350374927145725,0.08211376177196486,0.0798595706249925,28
seqFISH+ olfactory bulb,singler_native,45,4,0.9080857406197652,0.04253894297244769,0.07838154946660846,23
seqFISH+ olfactory bulb,singler_native,46,5,1.0,0.0,0.0,24
seqFISH+ olfactory bulb,singler_native,47,5,0.9854967527766747,0.01766339068316694,0.03464101615137753,25
seqFISH+ olfactory bulb,singler_native,48,5,0.6266701449801547,0.07798994675772283,0.11293848786315641,14
seqFISH+ olfactory bulb,singler_native,49,5,1.0,0.0,0.0,23
seqFISH+ olfactory bulb,singler_native,50,5,0.9772374450043897,0.036076421518718746,0.0681818181818182,22
seqFISH+ olfactory bulb,singler_native,51,5,0.9832448875161177,0.05020512216959043,0.0618589574131742,14
seqFISH+ olfactory bulb,singler_native,52,5,0.9987269250089904,0.0012560949028772184,0.015625,32
seqFISH+ olfactory bulb,singler_native,53,5,0.9586743271930084,0.06232053636137609,0.05882352941176471,34
seqFISH+ olfactory bulb,singler_native,54,5,0.9832081327588945,0.02811213508338174,0.04724555912615339,28
seqFISH+ olfactory bulb,singler_native,55,6,0.9999999999999996,0.0,0.0,3
seqFISH+ olfactory bulb,singler_native,56,6,0.4288894202047725,0.20759624994954945,0.19152164656512768,31
seqFISH+ olfactory bulb,singler_native,57,6,0.9769933071217336,0.04005164437375228,0.04347826086956522,23
seqFISH+ olfactory bulb,singler_native,58,6,1.0,0.0,0.0,2
seqFISH+ olfactory bulb,singler_native,59,6,0.6955058937750722,0.11486621202892668,0.13501543121683043,24
seqFISH+ olfactory bulb,singler_native,60,6,0.9970582163022224,0.034224089540900164,0.03333333333333333,15
seqFISH+ olfactory bulb,singler_native,61,6,1.0,0.0,0.0,5
seqFISH+ olfactory bulb,singler_native,62,6,0.8092064328837286,0.06765621806365489,0.11709711650539285,28
seqFISH+ olfactory bulb,singler_native,63,6,0.9476070829586856,0.08655313653248503,0.06987712429686843,16
seqFISH+ olfactory bulb,spatial_smoothing,1,0,0.277538475783884,0.3611118705878596,0.22017369119317776,19
seqFISH+ olfactory bulb,spatial_smoothing,2,0,0.949843260188088,0.11319204525786652,0.0642824346533225,11
seqFISH+ olfactory bulb,spatial_smoothing,3,0,0.9355146166265883,0.09889111511335485,0.08600261451922268,13
seqFISH+ olfactory bulb,spatial_smoothing,4,0,0.5285251583181321,0.13279775142017705,0.12108052620946315,18
seqFISH+ olfactory bulb,spatial_smoothing,5,0,0.6535894838969701,0.20348454335836458,0.12892051277806202,19
seqFISH+ olfactory bulb,spatial_smoothing,6,0,0.8164965809277259,0.24210127604414308,0.11023963796102462,12
seqFISH+ olfactory bulb,spatial_smoothing,7,0,0.2924291952010498,0.2810790125126239,0.19444444444444448,18
seqFISH+ olfactory bulb,spatial_smoothing,8,0,-0.35391469552033766,0.3889662908191152,0.16222142113076254,19
seqFISH+ olfactory bulb,spatial_smoothing,9,0,0.7516204273947797,0.19034759665243886,0.09488292830168393,19
seqFISH+ olfactory bulb,spatial_smoothing,10,1,0.45106711081782325,0.27451124978365316,0.13228756555322954,20
seqFISH+ olfactory bulb,spatial_smoothing,11,1,0.263916163380594,0.37753141003546387,0.213668661424646,32
seqFISH+ olfactory bulb,spatial_smoothing,13,1,0.004474663483914683,0.48527533227050995,0.24300837376321555,31
seqFISH+ olfactory bulb,spatial_smoothing,14,1,-0.2510274764067828,0.6082875726671754,0.27347088471412234,39
seqFISH+ olfactory bulb,spatial_smoothing,15,1,0.5291598441891103,0.4648484410699416,0.2290614236454256,9
seqFISH+ olfactory bulb,spatial_smoothing,16,1,-0.4385920121694138,0.691740563969771,0.2761340254296815,40
seqFISH+ olfactory bulb,spatial_smoothing,17,1,-0.16156966395652375,0.5082026053338691,0.22826274121493406,39
seqFISH+ olfactory bulb,spatial_smoothing,18,1,0.3733803315136349,0.4127987595225859,0.25,32
seqFISH+ olfactory bulb,spatial_smoothing,19,2,-0.5927108612968625,0.5340821236147218,0.23177361425421752,22
seqFISH+ olfactory bulb,spatial_smoothing,20,2,0.054724129927827186,0.33255844481543667,0.18518518518518517,27
seqFISH+ olfactory bulb,spatial_smoothing,21,2,0.45527149812157863,0.3724734084261577,0.2016940092634907,26
seqFISH+ olfactory bulb,spatial_smoothing,22,2,-0.12213326769486435,0.5714534191308838,0.23593232610221093,32
seqFISH+ olfactory bulb,spatial_smoothing,23,2,-0.17759926397070402,0.6211429404273618,0.2759029702261138,35
seqFISH+ olfactory bulb,spatial_smoothing,24,2,0.6822338615170197,0.30790539644218395,0.17296460152844528,31
seqFISH+ olfactory bulb,spatial_smoothing,25,2,0.6511655420451838,0.2566192536500822,0.13176156917368245,24
seqFISH+ olfactory bulb,spatial_smoothing,26,2,-0.27638539919628335,0.4436899592308778,0.2204792759220492,24
seqFISH+ olfactory bulb,spatial_smoothing,27,2,-0.05108976694809829,0.5336714352689449,0.2449489742783178,30
seqFISH+ olfactory bulb,spatial_smoothing,28,3,-0.08287576316918865,0.5812335076041235,0.26514483450511767,27
seqFISH+ olfactory bulb,spatial_smoothing,29,3,0.7298649682381322,0.2819162326361352,0.15707644101972928,29
seqFISH+ olfactory bulb,spatial_smoothing,30,3,-0.04104005411872741,0.4195102749987669,0.2584569596664017,25
seqFISH+ olfactory bulb,spatial_smoothing,31,3,0.23066339239145808,0.3893901860953142,0.19220937657784662,30
seqFISH+ olfactory bulb,spatial_smoothing,32,3,-0.10810187626551784,0.5539551596617508,0.2788970397708158,31
seqFISH+ olfactory bulb,spatial_smoothing,33,3,-0.2722107346564038,0.5314065224377199,0.2477067943219373,37
seqFISH+ olfactory bulb,spatial_smoothing,34,3,-0.10400628679223042,0.741143159370232,0.3047653924651624,24
seqFISH+ olfactory bulb,spatial_smoothing,35,3,-0.41573824711393054,0.5127973718902896,0.23514106374113544,29
seqFISH+ olfactory bulb,spatial_smoothing,36,3,0.13101365582529975,0.4764992170078494,0.2514749390504235,26
seqFISH+ olfactory bulb,spatial_smoothing,37,4,0.7831582493802841,0.3490583812881507,0.21854237798435497,42
seqFISH+ olfactory bulb,spatial_smoothing,38,4,-0.20209238339780278,0.5875986060530325,0.29069322493035193,28
seqFISH+ olfactory bulb,spatial_smoothing,39,4,0.015091780702686408,0.3242800667038361,0.18057877962865382,23
seqFISH+ olfactory bulb,spatial_smoothing,40,4,-0.015636881485612403,0.4046185775482359,0.25194555463432966,32
seqFISH+ olfactory bulb,spatial_smoothing,41,4,0.21757131728816842,0.38415764824433474,0.2272648357215774,24
seqFISH+ olfactory bulb,spatial_smoothing,42,4,-0.7987707062830842,0.4613651105065751,0.21158080249909056,34
seqFISH+ olfactory bulb,spatial_smoothing,43,4,0.5143546875708503,0.35029836112479873,0.2345081122195766,29
seqFISH+ olfactory bulb,spatial_smoothing,44,4,0.028819520885211766,0.4580346237119496,0.21943224513293763,28
seqFISH+ olfactory bulb,spatial_smoothing,45,4,0.00991711346335361,0.4744804480161558,0.21299910806810246,23
seqFISH+ olfactory bulb,spatial_smoothing,46,5,0.6678017380335328,0.29494451205418576,0.19982631347136334,24
seqFISH+ olfactory bulb,spatial_smoothing,47,5,0.3931431555296884,0.19903633758491965,0.17776388834631177,25
seqFISH+ olfactory bulb,spatial_smoothing,48,5,0.23886781727808004,0.36659508951751446,0.21724151893922214,14
seqFISH+ olfactory bulb,spatial_smoothing,49,5,0.7025203371282266,0.20513679928455503,0.18951734537133363,23
seqFISH+ olfactory bulb,spatial_smoothing,50,5,-0.01669839282920222,0.4052166853424786,0.24478021850611378,22
seqFISH+ olfactory bulb,spatial_smoothing,51,5,0.1413962585371673,0.31923592897784675,0.22587697572631282,14
seqFISH+ olfactory bulb,spatial_smoothing,52,5,0.6522024593502787,0.2316430693533032,0.19764235376052372,32
seqFISH+ olfactory bulb,spatial_smoothing,53,5,-0.03580289196934626,0.33440333463337524,0.2287698409721183,34
seqFISH+ olfactory bulb,spatial_smoothing,54,5,-0.16716196245893286,0.33461982128547196,0.18385053823191072,28
seqFISH+ olfactory bulb,spatial_smoothing,55,6,0.9999999999999996,0.0,0.0,3
seqFISH+ olfactory bulb,spatial_smoothing,56,6,0.2531850773612811,0.2759226809809966,0.21458281767177534,31
seqFISH+ olfactory bulb,spatial_smoothing,57,6,0.945728512900951,0.11631102051146035,0.06874516652539954,23
seqFISH+ olfactory bulb,spatial_smoothing,58,6,1.0,0.0,0.0,2
seqFISH+ olfactory bulb,spatial_smoothing,59,6,0.11539158284426272,0.2872688419851415,0.2204792759220492,24
seqFISH+ olfactory bulb,spatial_smoothing,60,6,0.994078460399704,0.06666666666666665,0.03333333333333333,15
seqFISH+ olfactory bulb,spatial_smoothing,61,6,0.22580645161290322,0.32451124978365314,0.17320508075688776,5
seqFISH+ olfactory bulb,spatial_smoothing,62,6,0.4040610178208842,0.18778850747364578,0.18210783977117087,28
seqFISH+ olfactory bulb,spatial_smoothing,63,6,0.9124617403797541,0.16509600923114143,0.11267347735824966,16
seqFISH+ olfactory bulb,spatial_smoothing_random_graph,1,0,-0.1043725500291483,0.5261205894047234,0.2722126429681211,19
seqFISH+ olfactory bulb,spatial_smoothing_random_graph,2,0,0.9560759801313274,0.07026218720768333,0.0642824346533225,11
seqFISH+ olfactory bulb,spatial_smoothing_random_graph,3,0,0.9355146166265883,0.09889111511335485,0.08600261451922268,13
seqFISH+ olfactory bulb,spatial_smoothing_random_graph,4,0,0.24140227479263376,0.20228132800166174,0.14433756729740646,18
seqFISH+ olfactory bulb,spatial_smoothing_random_graph,5,0,0.5789478759118738,0.2109799136994715,0.11164843913471803,19
seqFISH+ olfactory bulb,spatial_smoothing_random_graph,6,0,0.734968415259167,0.2814536459234778,0.11785113019775792,12
seqFISH+ olfactory bulb,spatial_smoothing_random_graph,7,0,0.28473285187147956,0.27849532080452527,0.14958791130929178,18
seqFISH+ olfactory bulb,spatial_smoothing_random_graph,8,0,-0.3012035809944067,0.31578947368421045,0.14886458551295736,19
seqFISH+ olfactory bulb,spatial_smoothing_random_graph,9,0,0.5386225211866453,0.23533459519314112,0.12620609271875577,19
seqFISH+ olfactory bulb,spatial_smoothing_random_graph,10,1,0.5102520385624567,0.26644414986780657,0.12747548783981963,20
seqFISH+ olfactory bulb,spatial_smoothing_random_graph,11,1,0.5104072920709362,0.34816057568021874,0.20009763241977652,32
seqFISH+ olfactory bulb,spatial_smoothing_random_graph,13,1,-0.2266532635228234,0.578228774138774,0.25907061942272597,31
seqFISH+ olfactory bulb,spatial_smoothing_random_graph,14,1,-0.22427939638572766,0.5485038982570318,0.25350922991391267,39
seqFISH+ olfactory bulb,spatial_smoothing_random_graph,15,1,0.5291598441891103,0.4648484410699416,0.2290614236454256,9
seqFISH+ olfactory bulb,spatial_smoothing_random_graph,16,1,-0.32807419496223605,0.6032199005027167,0.2595067436503337,40
seqFISH+ olfactory bulb,spatial_smoothing_random_graph,17,1,-0.2527620874970722,0.6177751598958321,0.25705048276619774,39
seqFISH+ olfactory bulb,spatial_smoothing_random_graph,18,1,0.2569644538937572,0.4647879177006161,0.2614562582918986,32
seqFISH+ olfactory bulb,spatial_smoothing_random_graph,19,2,-0.17511848828535642,0.4922121663665353,0.21917388093165807,22
seqFISH+ olfactory bulb,spatial_smoothing_random_graph,20,2,-0.002502119880791437,0.33244703842843937,0.18238625558881674,27
seqFISH+ olfactory bulb,spatial_smoothing_random_graph,21,2,0.5117179514686404,0.36304600466321413,0.19611613513818404,26
seqFISH+ olfactory bulb,spatial_smoothing_random_graph,22,2,-0.18720176535917568,0.502464139110616,0.213096589015404,32
seqFISH+ olfactory bulb,spatial_smoothing_random_graph,23,2,-0.08587966334244279,0.5050357847609785,0.2523360247522242,35
seqFISH+ olfactory bulb,spatial_smoothing_random_graph,24,2,0.20587670071078612,0.41558419836932314,0.22980333627056462,31
seqFISH+ olfactory bulb,spatial_smoothing_random_graph,25,2,0.5648124578046889,0.3163109352963447,0.14282613750835507,24
seqFISH+ olfactory bulb,spatial_smoothing_random_graph,26,2,-0.2611164839335468,0.4128647037575034,0.21040635288254328,24
seqFISH+ olfactory bulb,spatial_smoothing_random_graph,27,2,0.10600879488651528,0.3826227067506981,0.21858128414340003,30
seqFISH+ olfactory bulb,spatial_smoothing_random_graph,28,3,-0.09871780778889527,0.5812335076041236,0.2618914004394621,27
seqFISH+ olfactory bulb,spatial_smoothing_random_graph,29,3,0.7704726866382219,0.2903326245720585,0.16537350080388688,29
seqFISH+ olfactory bulb,spatial_smoothing_random_graph,30,3,0.14246973245473166,0.33648185507134626,0.23664319132398462,25
seqFISH+ olfactory bulb,spatial_smoothing_random_graph,31,3,0.20401820760076797,0.4010334453396486,0.19790570145063197,30
seqFISH+ olfactory bulb,spatial_smoothing_random_graph,32,3,-0.34096114114261045,0.6519566892495546,0.3013151885849904,31
seqFISH+ olfactory bulb,spatial_smoothing_random_graph,33,3,-0.2037345009864396,0.522590286692867,0.24990867579603956,37
seqFISH+ olfactory bulb,spatial_smoothing_random_graph,34,3,-0.13055824196677335,0.7411431593702316,0.2909216675785196,24
seqFISH+ olfactory bulb,spatial_smoothing_random_graph,35,3,-0.3577889075519664,0.47105565216151,0.22611856980351727,29
seqFISH+ olfactory bulb,spatial_smoothing_random_graph,36,3,0.2647752387666954,0.3840429004920843,0.19892462370747307,26
seqFISH+ olfactory bulb,spatial_smoothing_random_graph,37,4,0.06692031435113083,0.5248038438185633,0.2727723627949905,42
seqFISH+ olfactory bulb,spatial_smoothing_random_graph,38,4,-0.1850176226128306,0.5539468254217772,0.2719918966379967,28
seqFISH+ olfactory bulb,spatial_smoothing_random_graph,39,4,-0.2941418523800171,0.4440281180304871,0.20623549957619866,23
seqFISH+ olfactory bulb,spatial_smoothing_random_graph,40,4,0.08204387333468538,0.3812318359696502,0.23385358667337133,32
seqFISH+ olfactory bulb,spatial_smoothing_random_graph,41,4,0.056056066166359386,0.40705273748294973,0.23662118107501143,24
seqFISH+ olfactory bulb,spatial_smoothing_random_graph,42,4,-0.6735417853298826,0.4578125381508962,0.21209125149788172,34
seqFISH+ olfactory bulb,spatial_smoothing_random_graph,43,4,0.40745526098432827,0.40311154629538193,0.2504455007988612,29
seqFISH+ olfactory bulb,spatial_smoothing_random_graph,44,4,-0.19287918745261481,0.49315240618757983,0.22303564279994278,28
seqFISH+ olfactory bulb,spatial_smoothing_random_graph,45,4,0.3559167552049054,0.31802194782299165,0.16978803643275336,23
seqFISH+ olfactory bulb,spatial_smoothing_random_graph,46,5,0.6758776747527881,0.21596030653117662,0.15166895602667746,24
seqFISH+ olfactory bulb,spatial_smoothing_random_graph,47,5,0.4263277564372004,0.21271439711638535,0.17204650534085253,25
seqFISH+ olfactory bulb,spatial_smoothing_random_graph,48,5,0.13529628504050922,0.41348037618772365,0.192327314540518,14
seqFISH+ olfactory bulb,spatial_smoothing_random_graph,49,5,0.6900320745909108,0.2666230979671828,0.20160040207599358,23
seqFISH+ olfactory bulb,spatial_smoothing_random_graph,50,5,-0.27712193071722824,0.5276485678685218,0.25712973861329,22
seqFISH+ olfactory bulb,spatial_smoothing_random_graph,51,5,0.13844420778570807,0.3278636046987814,0.2142857142857143,14
seqFISH+ olfactory bulb,spatial_smoothing_random_graph,52,5,0.1519592150987728,0.4382961322543702,0.25194555463432966,32
seqFISH+ olfactory bulb,spatial_smoothing_random_graph,53,5,-0.03397775059962757,0.3332391475291426,0.21812348491457834,34
seqFISH+ olfactory bulb,spatial_smoothing_random_graph,54,5,0.055555555555555566,0.22091530659811442,0.16560033027670898,28
seqFISH+ olfactory bulb,spatial_smoothing_random_graph,55,6,0.9999999999999996,0.0,0.0,3
seqFISH+ olfactory bulb,spatial_smoothing_random_graph,56,6,0.014876713187804341,0.44035604479963086,0.2386878804346571,31
seqFISH+ olfactory bulb,spatial_smoothing_random_graph,57,6,0.9679714426700813,0.054251173288126835,0.05324977701702561,23
seqFISH+ olfactory bulb,spatial_smoothing_random_graph,58,6,0.33333333333333337,0.5000000000000001,0.25,2
seqFISH+ olfactory bulb,spatial_smoothing_random_graph,59,6,-0.1735055234471418,0.4944255927432789,0.23477974311634678,24
seqFISH+ olfactory bulb,spatial_smoothing_random_graph,60,6,0.994078460399704,0.06666666666666665,0.03333333333333333,15
seqFISH+ olfactory bulb,spatial_smoothing_random_graph,61,6,-0.03225806451612903,0.4,0.2,5
seqFISH+ olfactory bulb,spatial_smoothing_random_graph,62,6,0.21170244960998524,0.26329837426578384,0.20438434182606421,28
seqFISH+ olfactory bulb,spatial_smoothing_random_graph,63,6,0.8690481892534815,0.25,0.10364452469860624,16
seqFISH+ olfactory bulb,learned_neighborhood,1,0,0.23606722777279357,0.3668662973540438,0.22174078350464102,19
seqFISH+ olfactory bulb,learned_neighborhood,2,0,0.949843260188088,0.11319204525786652,0.0642824346533225,11
seqFISH+ olfactory bulb,learned_neighborhood,3,0,0.9692434140678551,0.09828160158143275,0.10175966581017658,13
seqFISH+ olfactory bulb,learned_neighborhood,4,0,0.36975573793166516,0.18265118550223383,0.14433756729740646,18
seqFISH+ olfactory bulb,learned_neighborhood,5,0,0.6222511405981258,0.2723887166629517,0.15344610249592894,19
seqFISH+ olfactory bulb,learned_neighborhood,6,0,0.9396159594539164,0.1431558784658321,0.11023963796102461,12
seqFISH+ olfactory bulb,learned_neighborhood,7,0,0.22998646241414503,0.2933175068632474,0.15713484026367724,18
seqFISH+ olfactory bulb,learned_neighborhood,8,0,-0.043633318625795114,0.2594286986822029,0.14413751513293843,19
seqFISH+ olfactory bulb,learned_neighborhood,9,0,0.7715478393396593,0.1851637288218841,0.09488292830168392,19
seqFISH+ olfactory bulb,learned_neighborhood,10,1,0.8292279828967708,0.08362444919866023,0.07071067811865475,20
seqFISH+ olfactory bulb,learned_neighborhood,11,1,0.6052561372742338,0.2510123014467309,0.18288593610499415,32
seqFISH+ olfactory bulb,learned_neighborhood,13,1,-0.31398572214952486,0.6152665954480908,0.261071194455462,31
seqFISH+ olfactory bulb,learned_neighborhood,14,1,-0.36320803555478015,0.7994702193702046,0.31664330859560175,39
seqFISH+ olfactory bulb,learned_neighborhood,15,1,-0.5190495089330969,1.0,0.33333333333333337,9
seqFISH+ olfactory bulb,learned_neighborhood,16,1,-0.41291181927400733,0.7119838088747237,0.2842204250225518,40
seqFISH+ olfactory bulb,learned_neighborhood,17,1,-0.5203994125546472,0.58907219890189,0.24053414152940666,39
seqFISH+ olfactory bulb,learned_neighborhood,18,1,0.2613425758042319,0.4194896334936511,0.275106513463422,32
seqFISH+ olfactory bulb,learned_neighborhood,19,2,-0.43045542736391096,0.7260907830625998,0.27648920592264636,22
seqFISH+ olfactory bulb,learned_neighborhood,20,2,-0.14877068555684625,0.43998938486495986,0.2305536962590506,27
seqFISH+ olfactory bulb,learned_neighborhood,21,2,0.21353441947295287,0.4155156827391012,0.227541530119216,26
seqFISH+ olfactory bulb,learned_neighborhood,22,2,-0.03446000222764779,0.48439432968235463,0.22207297505549836,32
seqFISH+ olfactory bulb,learned_neighborhood,23,2,-0.47870448976108293,0.6571832138857651,0.26802375770419595,35
seqFISH+ olfactory bulb,learned_neighborhood,24,2,0.5423249199760456,0.3152735483335691,0.19354838709677422,31
seqFISH+ olfactory bulb,learned_neighborhood,25,2,-0.26270346874636696,0.604452065477699,0.21850184336878156,24
seqFISH+ olfactory bulb,learned_neighborhood,26,2,-0.30535240827622967,0.6429547526577932,0.27243118397129207,24
seqFISH+ olfactory bulb,learned_neighborhood,27,2,-0.3737647233729843,0.7033316003232214,0.28625940062196115,30
seqFISH+ olfactory bulb,learned_neighborhood,28,3,-0.3499465728308382,0.782251387410855,0.3048532895028579,27
seqFISH+ olfactory bulb,learned_neighborhood,29,3,0.366499619363022,0.33057172384609723,0.19506393963766827,29
seqFISH+ olfactory bulb,learned_neighborhood,30,3,0.2035058579604066,0.31166177723380867,0.24738633753705963,25
seqFISH+ olfactory bulb,learned_neighborhood,31,3,0.05443471829961921,0.4335948205852295,0.21147629234082538,30
seqFISH+ olfactory bulb,learned_neighborhood,32,3,-0.150887798726979,0.6026575791561682,0.2898742057356682,31
seqFISH+ olfactory bulb,learned_neighborhood,33,3,-0.39442052553001067,0.7015043012317638,0.27562267641042076,37
seqFISH+ olfactory bulb,learned_neighborhood,34,3,-0.17437145811572885,0.8045851693377994,0.3320286968856089,24
seqFISH+ olfactory bulb,learned_neighborhood,35,3,-0.4135919826701758,0.6864820395671382,0.271517512896959,29
seqFISH+ olfactory bulb,learned_neighborhood,36,3,0.02258005775847917,0.5282822112888308,0.24476773194918955,26
seqFISH+ olfactory bulb,learned_neighborhood,37,4,0.04274406296452233,0.5211222908529025,0.2776643759450143,42
seqFISH+ olfactory bulb,learned_neighborhood,38,4,0.13354585683670545,0.39779480042902476,0.23282865732866603,28
seqFISH+ olfactory bulb,learned_neighborhood,39,4,-0.0017497471251336771,0.3200013297823676,0.1919948014419097,23
seqFISH+ olfactory bulb,learned_neighborhood,40,4,0.18228958053991012,0.3486964327021037,0.23070036031614688,32
seqFISH+ olfactory bulb,learned_neighborhood,41,4,0.3721042037676253,0.3198654404640068,0.20937240877335186,24
seqFISH+ olfactory bulb,learned_neighborhood,42,4,-0.5647845156313405,0.6252633744558856,0.24869903713658476,34
seqFISH+ olfactory bulb,learned_neighborhood,43,4,0.5205610789744202,0.34673273878823874,0.23387344769397472,29
seqFISH+ olfactory bulb,learned_neighborhood,44,4,-0.04242776458138315,0.4710684824978039,0.2172415189392221,28
seqFISH+ olfactory bulb,learned_neighborhood,45,4,-0.3528557910083993,0.6547196128410823,0.26267491246944724,23
seqFISH+ olfactory bulb,learned_neighborhood,46,5,0.6117981389965483,0.34985351747035065,0.18980069956550624,24
seqFISH+ olfactory bulb,learned_neighborhood,47,5,0.04982255950044785,0.33620330059296505,0.22181073012818833,25
seqFISH+ olfactory bulb,learned_neighborhood,48,5,0.26161713320932567,0.35372886482226124,0.21428571428571427,14
seqFISH+ olfactory bulb,learned_neighborhood,49,5,0.7030196190672304,0.30127917899637535,0.19685619865516124,23
seqFISH+ olfactory bulb,learned_neighborhood,50,5,0.08245537974438714,0.39874338427650347,0.2306566264793686,22
seqFISH+ olfactory bulb,learned_neighborhood,51,5,0.07845092432077312,0.4389462162661898,0.2600039246171614,14
seqFISH+ olfactory bulb,learned_neighborhood,52,5,0.7892132502507221,0.23483304562194968,0.17746588580625855,32
seqFISH+ olfactory bulb,learned_neighborhood,53,5,-0.09446001209224852,0.40618273392928117,0.23758080031475753,34
seqFISH+ olfactory bulb,learned_neighborhood,54,5,-0.25809270060438194,0.452874828552677,0.2090124984057076,28
seqFISH+ olfactory bulb,learned_neighborhood,55,6,0.9999999999999996,0.0,0.0,3
seqFISH+ olfactory bulb,learned_neighborhood,56,6,0.46063473335586996,0.24225161407757512,0.18460521197192895,31
seqFISH+ olfactory bulb,learned_neighborhood,57,6,0.9188482570108291,0.1739130434782609,0.07838154946660846,23
seqFISH+ olfactory bulb,learned_neighborhood,58,6,1.0,0.0,0.0,2
seqFISH+ olfactory bulb,learned_neighborhood,59,6,0.33680483963268704,0.20999003846800635,0.18281175807066924,24
seqFISH+ olfactory bulb,learned_neighborhood,60,6,0.994078460399704,0.06666666666666665,0.03333333333333333,15
seqFISH+ olfactory bulb,learned_neighborhood,61,6,0.33942211665106536,0.27548875021634683,0.2,5
seqFISH+ olfactory bulb,learned_neighborhood,62,6,0.4543441112511214,0.19771108048145003,0.17313142347915458,28
seqFISH+ olfactory bulb,learned_neighborhood,63,6,0.9211323729436764,0.14009843251163537,0.125,16
seqFISH+ olfactory bulb,learned_random_graph,1,0,-0.4166551684335965,0.6129729584921264,0.2670760938182163,19
seqFISH+ olfactory bulb,learned_random_graph,2,0,0.7538293251280104,0.4116155964952713,0.13636363636363635,11
seqFISH+ olfactory bulb,learned_random_graph,3,0,0.8791244358700034,0.15312475408991627,0.12756249193674613,13
seqFISH+ olfactory bulb,learned_random_graph,4,0,-0.25362863675089403,0.30295600194997657,0.16433554953054488,18
seqFISH+ olfactory bulb,learned_random_graph,5,0,0.17830539446513088,0.34965674941586705,0.14171486334564484,19
seqFISH+ olfactory bulb,learned_random_graph,6,0,0.40406101782088427,0.2756634172810769,0.1502313031443329,12
seqFISH+ olfactory bulb,learned_random_graph,7,0,0.05383819020581655,0.38495251527565877,0.18633899812498247,18
seqFISH+ olfactory bulb,learned_random_graph,8,0,-0.667696432831224,0.40510255534772505,0.16007269816574263,19
seqFISH+ olfactory bulb,learned_random_graph,9,0,0.6808138320110255,0.17771434848417894,0.10526315789473684,19
seqFISH+ olfactory bulb,learned_random_graph,10,1,0.25980762113533157,0.2241450550910901,0.1322875655532295,20
seqFISH+ olfactory bulb,learned_random_graph,11,1,0.21379652762353418,0.36677364799388124,0.21650635094610965,32
seqFISH+ olfactory bulb,learned_random_graph,13,1,-0.25514181756180665,0.5724409968799115,0.2446088852919855,31
seqFISH+ olfactory bulb,learned_random_graph,14,1,-0.3450289765813761,0.5989407014722962,0.26211600384949835,39
seqFISH+ olfactory bulb,learned_random_graph,15,1,0.8905490837840949,0.35734463919608916,0.1842569327975222,9
seqFISH+ olfactory bulb,learned_random_graph,16,1,-0.37044158859434767,0.5945799354593465,0.2521780125229002,40
seqFISH+ olfactory bulb,learned_random_graph,17,1,-0.7297164440592541,0.65040178786128,0.25090238193308884,39
seqFISH+ olfactory bulb,learned_random_graph,18,1,0.3615473183618351,0.46787540941436434,0.24902152266420668,32
seqFISH+ olfactory bulb,learned_random_graph,19,2,0.21945812693651573,0.3907486789413045,0.19813177016093972,22
seqFISH+ olfactory bulb,learned_random_graph,20,2,-0.3154586068029124,0.4294413883398471,0.2095131203515696,27
seqFISH+ olfactory bulb,learned_random_graph,21,2,-0.007623820483707605,0.5061388455806101,0.23316068563427195,26
seqFISH+ olfactory bulb,learned_random_graph,22,2,-0.206959338596179,0.5034834672226278,0.21079277442550065,32
seqFISH+ olfactory bulb,learned_random_graph,23,2,-0.369113140217177,0.5815324809402515,0.25233602475222416,35
seqFISH+ olfactory bulb,learned_random_graph,24,2,0.49827122348370895,0.4045860855039461,0.20592169894844686,31
seqFISH+ olfactory bulb,learned_random_graph,25,2,-0.04514469490716344,0.5302164348100519,0.19543398999264291,24
seqFISH+ olfactory bulb,learned_random_graph,26,2,-0.2763485551783637,0.47146353528111584,0.2301116878580679,24
seqFISH+ olfactory bulb,learned_random_graph,27,2,0.06106801431057264,0.4010127575467021,0.2242270674512285,30
seqFISH+ olfactory bulb,learned_random_graph,28,3,0.04026853659152184,0.544316654273807,0.25391313334818677,27
seqFISH+ olfactory bulb,learned_random_graph,29,3,-0.3920735368281425,0.5086322870594937,0.2319590352943743,29
seqFISH+ olfactory bulb,learned_random_graph,30,3,-0.010811928244468832,0.384427247105154,0.24819347291981714,25
seqFISH+ olfactory bulb,learned_random_graph,31,3,-0.35536336680023045,0.5664572819896988,0.22669117514559073,30
seqFISH+ olfactory bulb,learned_random_graph,32,3,-0.5118900985601539,0.7568380358657613,0.31233736662963035,31
seqFISH+ olfactory bulb,learned_random_graph,33,3,-0.21985374466641847,0.491247230463909,0.2371611996592465,37
seqFISH+ olfactory bulb,learned_random_graph,34,3,-0.5161854012087639,0.827819531114783,0.30689416380533824,24
seqFISH+ olfactory bulb,learned_random_graph,35,3,-0.6646814476741146,0.6544425473270745,0.25689076596123,29
seqFISH+ olfactory bulb,learned_random_graph,36,3,-0.09105253729560123,0.5449852366824499,0.2370928462680376,26
seqFISH+ olfactory bulb,learned_random_graph,37,4,0.24208738109396916,0.5141128456323663,0.2651316363252392,42
seqFISH+ olfactory bulb,learned_random_graph,38,4,-0.07986523020975034,0.5259128718023044,0.2600039246171614,28
seqFISH+ olfactory bulb,learned_random_graph,39,4,-0.4166770869007994,0.5430532606814376,0.22381804654319565,23
seqFISH+ olfactory bulb,learned_random_graph,40,4,0.2995323457795907,0.33996057300815374,0.21875,32
seqFISH+ olfactory bulb,learned_random_graph,41,4,0.2312962221629037,0.40581746169468963,0.22630792690000448,24
seqFISH+ olfactory bulb,learned_random_graph,42,4,-0.6639730529575454,0.6758955879807684,0.252581824078201,34
seqFISH+ olfactory bulb,learned_random_graph,43,4,0.12795091482634907,0.47298555516715235,0.2659870451817502,29
seqFISH+ olfactory bulb,learned_random_graph,44,4,-0.12371791482634832,0.48806624106431373,0.21502847462129102,28
seqFISH+ olfactory bulb,learned_random_graph,45,4,0.49032568555019185,0.30167493355621494,0.15676309893321694,23
seqFISH+ olfactory bulb,learned_random_graph,46,5,0.7514445672301833,0.2340401820120029,0.12325166214790867,24
seqFISH+ olfactory bulb,learned_random_graph,47,5,0.6381993805945226,0.1762614814296092,0.14966629547095764,25
seqFISH+ olfactory bulb,learned_random_graph,48,5,0.14692810478265314,0.4266518641067761,0.20516295166207243,14
seqFISH+ olfactory bulb,learned_random_graph,49,5,0.651532590655878,0.2666230979671828,0.20393111999232305,23
seqFISH+ olfactory bulb,learned_random_graph,50,5,-0.17716821076742256,0.47068451537057526,0.23836564731139803,22
seqFISH+ olfactory bulb,learned_random_graph,51,5,0.5241816051142837,0.2802280973171377,0.15971914124998496,14
seqFISH+ olfactory bulb,learned_random_graph,52,5,0.69354989033355,0.38633742542904387,0.22152260748059102,32
seqFISH+ olfactory bulb,learned_random_graph,53,5,-0.01787081309853354,0.350351409215219,0.23065275207879593,34
seqFISH+ olfactory bulb,learned_random_graph,54,5,-0.06143414839787382,0.2397976058549865,0.1785714285714286,28
seqFISH+ olfactory bulb,learned_random_graph,55,6,0.9999999999999996,0.0,0.0,3
seqFISH+ olfactory bulb,learned_random_graph,56,6,0.16640139590728392,0.3550987097204543,0.2071811706236311,31
seqFISH+ olfactory bulb,learned_random_graph,57,6,0.8852206579201427,0.16631894554373483,0.09475867268566682,23
seqFISH+ olfactory bulb,learned_random_graph,58,6,1.0,0.0,0.0,2
seqFISH+ olfactory bulb,learned_random_graph,59,6,0.3227486121839514,0.2649694051565499,0.1767766952966369,24
seqFISH+ olfactory bulb,learned_random_graph,60,6,0.9906203908539434,0.10089075620756681,0.04714045207910316,15
seqFISH+ olfactory bulb,learned_random_graph,61,6,0.6956083436402524,0.1245112497836531,0.1,5
seqFISH+ olfactory bulb,learned_random_graph,62,6,0.23850748942291622,0.3055464567640208,0.192327314540518,28
seqFISH+ olfactory bulb,learned_random_graph,63,6,0.9420824063746311,0.07880296478344208,0.08267972847076846,16
seqFISH+ olfactory bulb,learned_permuted_prior,1,0,-0.19929390776942682,0.6918551067224556,0.2965638860417012,19
seqFISH+ olfactory bulb,learned_permuted_prior,2,0,0.949843260188088,0.11319204525786652,0.0642824346533225,11
seqFISH+ olfactory bulb,learned_permuted_prior,3,0,0.985584831330897,0.015013827906276471,0.038461538461538464,13
seqFISH+ olfactory bulb,learned_permuted_prior,4,0,0.2574866155908848,0.18164289252611693,0.14958791130929178,18
seqFISH+ olfactory bulb,learned_permuted_prior,5,0,0.7851500469471209,0.0963500940095428,0.08727959974619473,19
seqFISH+ olfactory bulb,learned_permuted_prior,6,0,0.7683760704982201,0.25,0.11023963796102462,12
seqFISH+ olfactory bulb,learned_permuted_prior,7,0,0.25313275267375124,0.31497575283950224,0.1924500897298753,18
seqFISH+ olfactory bulb,learned_permuted_prior,8,0,-0.03717072925039805,0.2926884063532215,0.15117270122468496,19
seqFISH+ olfactory bulb,learned_permuted_prior,9,0,0.6973034473901185,0.21364794378347507,0.10192061437387939,19
seqFISH+ olfactory bulb,learned_permuted_prior,10,1,0.320902981295368,0.22404233994209868,0.1767766952966369,20
seqFISH+ olfactory bulb,learned_permuted_prior,11,1,0.589367574947006,0.3340534218381575,0.18355218944485516,32
seqFISH+ olfactory bulb,learned_permuted_prior,13,1,-0.2526554859623513,0.6209294088203796,0.26502704395411264,31
seqFISH+ olfactory bulb,learned_permuted_prior,14,1,-0.18118230387860007,0.5516502807924799,0.2544799133497334,39
seqFISH+ olfactory bulb,learned_permuted_prior,15,1,0.19864857749291367,0.6178977467456896,0.26057865332352387,9
seqFISH+ olfactory bulb,learned_permuted_prior,16,1,-0.2105188395801711,0.6632974437994897,0.2795084971874737,40
seqFISH+ olfactory bulb,learned_permuted_prior,17,1,-0.050544608412579906,0.5323160683678104,0.22019953893997013,39
seqFISH+ olfactory bulb,learned_permuted_prior,18,1,0.8872272531824398,0.3099057247667241,0.14740595518838442,32
seqFISH+ olfactory bulb,learned_permuted_prior,19,2,-0.5927960977234745,0.8238329562610657,0.28112083811029503,22
seqFISH+ olfactory bulb,learned_permuted_prior,20,2,0.3398861940308531,0.23327443812364929,0.1676923173729151,27
seqFISH+ olfactory bulb,learned_permuted_prior,21,2,0.6003296509480891,0.34740253012058947,0.19326683886770943,26
seqFISH+ olfactory bulb,learned_permuted_prior,22,2,-0.16565008709021206,0.4918858474944016,0.2125229766989913,32
seqFISH+ olfactory bulb,learned_permuted_prior,23,2,-0.23609756116215597,0.6119782226886873,0.27330180671012844,35
seqFISH+ olfactory bulb,learned_permuted_prior,24,2,0.8925224612546597,0.2368880898406017,0.12802022472893182,31
seqFISH+ olfactory bulb,learned_permuted_prior,25,2,-0.04882291042903171,0.5580005843289007,0.22047927592204922,24
seqFISH+ olfactory bulb,learned_permuted_prior,26,2,-0.3897897214345537,0.5705236915761881,0.24650332429581734,24
seqFISH+ olfactory bulb,learned_permuted_prior,27,2,0.40611689159257086,0.4611039968961736,0.19720265943665385,30
seqFISH+ olfactory bulb,learned_permuted_prior,28,3,0.07831950672758939,0.5223531024721368,0.25859703784757293,27
seqFISH+ olfactory bulb,learned_permuted_prior,29,3,0.3148382322478245,0.3538042961250507,0.19658196984467896,29
seqFISH+ olfactory bulb,learned_permuted_prior,30,3,-0.1833180751540171,0.6185757378684061,0.32434549480453706,25
seqFISH+ olfactory bulb,learned_permuted_prior,31,3,0.04359047153663515,0.4490919347917819,0.22422706745122853,30
seqFISH+ olfactory bulb,learned_permuted_prior,32,3,-0.3650035689958677,0.7802451140060128,0.32418953616519,31
seqFISH+ olfactory bulb,learned_permuted_prior,33,3,-0.17360376598858096,0.46120914226763904,0.2332794121842171,37
seqFISH+ olfactory bulb,learned_permuted_prior,34,3,0.48867777742522084,0.3971729798010935,0.22341261030757517,24
seqFISH+ olfactory bulb,learned_permuted_prior,35,3,-0.4148358812073869,0.7174549040878531,0.29004489381484005,29
seqFISH+ olfactory bulb,learned_permuted_prior,36,3,-0.38866306867642864,0.7510681369787688,0.25872353936680215,26
seqFISH+ olfactory bulb,learned_permuted_prior,37,4,0.796721120684801,0.28491621787971805,0.20203050891044214,42
seqFISH+ olfactory bulb,learned_permuted_prior,38,4,-0.1046561155363965,0.5114933166696976,0.2772174052903576,28
seqFISH+ olfactory bulb,learned_permuted_prior,39,4,-0.12823107147006835,0.3635092568106499,0.19565217391304346,23
seqFISH+ olfactory bulb,learned_permuted_prior,40,4,-0.20592848772346858,0.49019791405844004,0.26005182776708186,32
seqFISH+ olfactory bulb,learned_permuted_prior,41,4,0.3449322309936315,0.3586369928094729,0.21245914639969937,24
seqFISH+ olfactory bulb,learned_permuted_prior,42,4,-0.8483801587092124,0.6312750321519979,0.24029609762306164,34
seqFISH+ olfactory bulb,learned_permuted_prior,43,4,0.7847541341710179,0.24628697178741085,0.1935340027641694,29
seqFISH+ olfactory bulb,learned_permuted_prior,44,4,0.05607016300203216,0.5080558031850949,0.23487404353510544,28
seqFISH+ olfactory bulb,learned_permuted_prior,45,4,0.1434233002216402,0.4277080878414667,0.20042487950636714,23
seqFISH+ olfactory bulb,learned_permuted_prior,46,5,0.6530817650956174,0.3523380016825914,0.20518453753741886,24
seqFISH+ olfactory bulb,learned_permuted_prior,47,5,-0.0012113099395053284,0.3450506020091409,0.21908902300206642,25
seqFISH+ olfactory bulb,learned_permuted_prior,48,5,0.1456634065147765,0.45553169650583814,0.23145502494313788,14
seqFISH+ olfactory bulb,learned_permuted_prior,49,5,0.13033315951017233,0.4091300901653838,0.2553769592276246,23
seqFISH+ olfactory bulb,learned_permuted_prior,50,5,-0.2533808998826158,0.567088056357376,0.28020063649858984,22
seqFISH+ olfactory bulb,learned_permuted_prior,51,5,0.043583846844873916,0.45114051591961996,0.26486423168198797,14
seqFISH+ olfactory bulb,learned_permuted_prior,52,5,0.9170398976399592,0.15500424580231875,0.14490028899212037,32
seqFISH+ olfactory bulb,learned_permuted_prior,53,5,-0.012058419370512719,0.32192245208993686,0.2329849929081597,34
seqFISH+ olfactory bulb,learned_permuted_prior,54,5,-0.3324843840439351,0.4795491602191669,0.22015764296317772,28
seqFISH+ olfactory bulb,learned_permuted_prior,55,6,0.9999999999999996,0.0,0.0,3
seqFISH+ olfactory bulb,learned_permuted_prior,56,6,0.4831856001767977,0.23702631094755905,0.18176496241265555,31
seqFISH+ olfactory bulb,learned_permuted_prior,57,6,0.9354203849078757,0.15651421931111184,0.07838154946660846,23
seqFISH+ olfactory bulb,learned_permuted_prior,58,6,1.0,0.0,0.0,2
seqFISH+ olfactory bulb,learned_permuted_prior,59,6,0.2766992952647332,0.24071589472816723,0.19094065395649334,24
seqFISH+ olfactory bulb,learned_permuted_prior,60,6,0.994078460399704,0.06666666666666665,0.03333333333333333,15
seqFISH+ olfactory bulb,learned_permuted_prior,61,6,0.22580645161290322,0.32451124978365314,0.17320508075688776,5
seqFISH+ olfactory bulb,learned_permuted_prior,62,6,0.488439918947836,0.25126978395204247,0.16656034023372882,28
seqFISH+ olfactory bulb,learned_permuted_prior,63,6,0.9072074378665648,0.16489319922605047,0.10364452469860624,16
seqFISH+ olfactory bulb,context_specific,1,0,-0.028994887492269722,0.5767450536859781,0.2822054024937792,19
seqFISH+ olfactory bulb,context_specific,2,0,0.9250392136081736,0.19514718264145373,0.09090909090909091,11
seqFISH+ olfactory bulb,context_specific,3,0,0.9695031960032989,0.0839703936212679,0.06661733875264914,13
seqFISH+ olfactory bulb,context_specific,4,0,0.2316661873125233,0.22879850695675122,0.16433554953054488,18
seqFISH+ olfactory bulb,context_specific,5,0,0.6383454143017055,0.2233500039416138,0.13157894736842105,19
seqFISH+ olfactory bulb,context_specific,6,0,0.916698497028211,0.16358191995220966,0.11785113019775792,12
seqFISH+ olfactory bulb,context_specific,7,0,0.05052911526399112,0.2870139754053684,0.14958791130929178,18
seqFISH+ olfactory bulb,context_specific,8,0,-0.3834711069491572,0.40510255534772505,0.17653168243419393,19
seqFISH+ olfactory bulb,context_specific,9,0,0.8514979149130943,0.16425197158384647,0.07443229275647868,19
seqFISH+ olfactory bulb,context_specific,10,1,0.5656854249492379,0.2509775004326938,0.125,20
seqFISH+ olfactory bulb,context_specific,11,1,0.3665735887149538,0.31844617318219504,0.20610790559801437,32
seqFISH+ olfactory bulb,context_specific,13,1,0.19213553403854083,0.41374149563655654,0.215791744520317,31
seqFISH+ olfactory bulb,context_specific,14,1,-0.11756299656820583,0.5623517436437737,0.266160762718291,39
seqFISH+ olfactory bulb,context_specific,15,1,0.2257008990652342,0.6178977467456899,0.2545875386086578,9
seqFISH+ olfactory bulb,context_specific,16,1,-0.25876496827649387,0.6084931490411731,0.25617376914899,40
seqFISH+ olfactory bulb,context_specific,17,1,-0.18101806836028106,0.4891201233115272,0.21376066667350085,39
seqFISH+ olfactory bulb,context_specific,18,1,-0.21890112760521033,0.7160854705196054,0.338020432074749,32
seqFISH+ olfactory bulb,context_specific,19,2,-0.48488113787642684,0.5623801349291883,0.2372796933843307,22
seqFISH+ olfactory bulb,context_specific,20,2,-0.036278524934503426,0.4239724489843575,0.21114359724058107,27
seqFISH+ olfactory bulb,context_specific,21,2,-0.0845447050252536,0.49740770434713294,0.2514749390504235,26
seqFISH+ olfactory bulb,context_specific,22,2,-0.5149915195576187,0.685029894055955,0.2390165396996618,32
seqFISH+ olfactory bulb,context_specific,23,2,-0.30822949305679925,0.5302371260233248,0.2398979374820952,35
seqFISH+ olfactory bulb,context_specific,24,2,-0.15896110825917867,0.5453445149263335,0.2722894034860344,31
seqFISH+ olfactory bulb,context_specific,25,2,-0.07372097807744854,0.44513960231145133,0.1839950180484968,24
seqFISH+ olfactory bulb,context_specific,26,2,0.17516226243634264,0.3039602180371446,0.17052818274734274,24
seqFISH+ olfactory bulb,context_specific,27,2,-0.3750574580559567,0.7830102511753276,0.29107081994288303,30
seqFISH+ olfactory bulb,context_specific,28,3,-0.321825045908153,0.7407407407407407,0.2898606637499727,27
seqFISH+ olfactory bulb,context_specific,29,3,0.27429440288565954,0.3595160000046516,0.19958339487569354,29
seqFISH+ olfactory bulb,context_specific,30,3,0.7240997941970353,0.2018465970425951,0.16970562748477142,25
seqFISH+ olfactory bulb,context_specific,31,3,0.5261522196019802,0.3173373149003618,0.16583123951777,30
seqFISH+ olfactory bulb,context_specific,32,3,-0.017163339807873886,0.553780183297295,0.2708525100604301,31
seqFISH+ olfactory bulb,context_specific,33,3,-0.34390713816096674,0.6889249998830558,0.2719542134797041,37
seqFISH+ olfactory bulb,context_specific,34,3,-0.3227486121839513,0.7182995557945435,0.28641098093474,24
seqFISH+ olfactory bulb,context_specific,35,3,-0.1035062171179029,0.5323641464619675,0.2248000829380224,29
seqFISH+ olfactory bulb,context_specific,36,3,0.6556866554462432,0.2986523224372895,0.16654334688162284,26
seqFISH+ olfactory bulb,context_specific,37,4,-0.2524838054845313,0.5892152919947147,0.2847204938833666,42
seqFISH+ olfactory bulb,context_specific,38,4,-0.05174336838042223,0.4889009204121975,0.25877458475338283,28
seqFISH+ olfactory bulb,context_specific,39,4,-0.15250797355624512,0.38529203627099434,0.20623549957619863,23
seqFISH+ olfactory bulb,context_specific,40,4,-0.27082128615929885,0.4706271312387987,0.25911131174651564,32
seqFISH+ olfactory bulb,context_specific,41,4,0.08974358974358976,0.3726468113495492,0.23105284388352954,24
seqFISH+ olfactory bulb,context_specific,42,4,-0.6315167833034491,0.5806211684070323,0.23894230601870473,34
seqFISH+ olfactory bulb,context_specific,43,4,0.54516955830539,0.3767574509949323,0.23952489636982421,29
seqFISH+ olfactory bulb,context_specific,44,4,-0.34188172937891387,0.4748198139741048,0.21650635094610965,28
seqFISH+ olfactory bulb,context_specific,45,4,-0.17634199510883666,0.539620935458539,0.22381804654319565,23
seqFISH+ olfactory bulb,context_specific,46,5,0.55122989984058,0.37325727196851755,0.19207384286026846,24
seqFISH+ olfactory bulb,context_specific,47,5,0.6687215837866548,0.16200061098566815,0.14422205101855956,25
seqFISH+ olfactory bulb,context_specific,48,5,0.23728117771101928,0.33848518082665663,0.1889822365046136,14
seqFISH+ olfactory bulb,context_specific,49,5,0.8146619469748728,0.3265119567098668,0.20393111999232305,23
seqFISH+ olfactory bulb,context_specific,50,5,-0.1836823211212247,0.5110791143866907,0.26012552596044536,22
seqFISH+ olfactory bulb,context_specific,51,5,0.7169509687480622,0.08836473445248415,0.12876968840942818,14
seqFISH+ olfactory bulb,context_specific,52,5,0.7135249796065143,0.35643093339226606,0.21079277442550065,32
seqFISH+ olfactory bulb,context_specific,53,5,0.3920972614378893,0.30200367301712794,0.1883271834539073,34
seqFISH+ olfactory bulb,context_specific,54,5,-0.040555355282690615,0.2610229760365507,0.1731314234791546,28
seqFISH+ olfactory bulb,context_specific,55,6,0.9999999999999996,0.0,0.0,3
seqFISH+ olfactory bulb,context_specific,56,6,0.4236418518171525,0.2954590383170396,0.18809522241436452,31
seqFISH+ olfactory bulb,context_specific,57,6,0.9659458274143483,0.07424431543038765,0.05324977701702561,23
seqFISH+ olfactory bulb,context_specific,58,6,0.33333333333333337,0.5000000000000001,0.25,2
seqFISH+ olfactory bulb,context_specific,59,6,0.27802480845717176,0.22915013302100642,0.19207384286026852,24
seqFISH+ olfactory bulb,context_specific,60,6,0.994078460399704,0.06666666666666665,0.03333333333333333,15
seqFISH+ olfactory bulb,context_specific,61,6,1.0,0.0,0.0,5
seqFISH+ olfactory bulb,context_specific,62,6,0.464834840100684,0.16262061447857892,0.17034628596731172,28
seqFISH+ olfactory bulb,context_specific,63,6,0.9432123340581307,0.06620693324287663,0.11267347735824966,16
seqFISH+ olfactory bulb,gated_spatial_smoothing,1,0,0.277538475783884,0.3611118705878596,0.22017369119317776,19
seqFISH+ olfactory bulb,gated_spatial_smoothing,2,0,0.949843260188088,0.11319204525786652,0.0642824346533225,11
seqFISH+ olfactory bulb,gated_spatial_smoothing,3,0,0.9355146166265883,0.09889111511335485,0.08600261451922268,13
seqFISH+ olfactory bulb,gated_spatial_smoothing,4,0,0.5945883900105631,0.1452527796342506,0.11111111111111112,18
seqFISH+ olfactory bulb,gated_spatial_smoothing,5,0,0.7015078513594891,0.13828767409989287,0.10192061437387939,19
seqFISH+ olfactory bulb,gated_spatial_smoothing,6,0,0.8164965809277259,0.24210127604414308,0.11023963796102462,12
seqFISH+ olfactory bulb,gated_spatial_smoothing,7,0,0.23566513900613761,0.30216223773826617,0.17347216662217774,18
seqFISH+ olfactory bulb,gated_spatial_smoothing,8,0,-0.4092028539099836,0.3889662908191152,0.15789473684210525,19
seqFISH+ olfactory bulb,gated_spatial_smoothing,9,0,0.7516204273947797,0.19034759665243886,0.09488292830168393,19
seqFISH+ olfactory bulb,gated_spatial_smoothing,10,1,0.4378802695198569,0.2779853869690938,0.1299038105676658,20
seqFISH+ olfactory bulb,gated_spatial_smoothing,11,1,0.4265529343797824,0.4064823495997644,0.2072890493972125,32
seqFISH+ olfactory bulb,gated_spatial_smoothing,13,1,-0.029608445328736625,0.4850613247165609,0.23977530237610492,31
seqFISH+ olfactory bulb,gated_spatial_smoothing,14,1,-0.2302911828797402,0.5996431277853927,0.26984057922883575,39
seqFISH+ olfactory bulb,gated_spatial_smoothing,15,1,0.8905490837840949,0.35734463919608916,0.1842569327975222,9
seqFISH+ olfactory bulb,gated_spatial_smoothing,16,1,-0.4294149078927831,0.6658349803302263,0.26896793489187515,40
seqFISH+ olfactory bulb,gated_spatial_smoothing,17,1,-0.16156966395652375,0.5082026053338691,0.22826274121493406,39
seqFISH+ olfactory bulb,gated_spatial_smoothing,18,1,0.39433358032526633,0.4127987595225859,0.24556615071096424,32
seqFISH+ olfactory bulb,gated_spatial_smoothing,19,2,-0.5927108612968625,0.5340821236147218,0.23177361425421752,22
seqFISH+ olfactory bulb,gated_spatial_smoothing,20,2,0.054724129927827186,0.33255844481543667,0.18518518518518517,27
seqFISH+ olfactory bulb,gated_spatial_smoothing,21,2,0.45527149812157863,0.3724734084261577,0.2016940092634907,26
seqFISH+ olfactory bulb,gated_spatial_smoothing,22,2,-0.21290765681315998,0.5871828174924102,0.23070036031614688,32
seqFISH+ olfactory bulb,gated_spatial_smoothing,23,2,-0.3084943657036733,0.6372402808552792,0.26380264732313413,35
seqFISH+ olfactory bulb,gated_spatial_smoothing,24,2,0.6178483025396116,0.33420441390496325,0.1838992621127642,31
seqFISH+ olfactory bulb,gated_spatial_smoothing,25,2,0.51604684654214,0.31356778403548424,0.148779758927976,24
seqFISH+ olfactory bulb,gated_spatial_smoothing,26,2,-0.27638539919628335,0.4436899592308778,0.2204792759220492,24
seqFISH+ olfactory bulb,gated_spatial_smoothing,27,2,0.0961243728356333,0.44318012048110056,0.22484562605386738,30
seqFISH+ olfactory bulb,gated_spatial_smoothing,28,3,-0.09136077071106827,0.5812335076041236,0.2631976000657758,27
seqFISH+ olfactory bulb,gated_spatial_smoothing,29,3,0.7577054814779897,0.2976362224538966,0.16356608587077823,29
seqFISH+ olfactory bulb,gated_spatial_smoothing,30,3,-0.05618021247531779,0.422722893457007,0.25377155080899044,25
seqFISH+ olfactory bulb,gated_spatial_smoothing,31,3,0.23066339239145808,0.3893901860953142,0.19220937657784662,30
seqFISH+ olfactory bulb,gated_spatial_smoothing,32,3,-0.11813967266158702,0.5539551596617508,0.2774943634529879,31
seqFISH+ olfactory bulb,gated_spatial_smoothing,33,3,-0.32659382958066535,0.5409563214914959,0.24844292311959779,37
seqFISH+ olfactory bulb,gated_spatial_smoothing,34,3,-0.08838834764831835,0.6548575458269758,0.2856522750167102,24
seqFISH+ olfactory bulb,gated_spatial_smoothing,35,3,-0.4005099711402609,0.47943412303288707,0.22808200957453367,29
seqFISH+ olfactory bulb,gated_spatial_smoothing,36,3,0.13441088838874451,0.4261659792867693,0.2158648492369582,26
seqFISH+ olfactory bulb,gated_spatial_smoothing,37,4,0.7532049266847342,0.3742487835220864,0.22681617718163874,42
seqFISH+ olfactory bulb,gated_spatial_smoothing,38,4,-0.17055139896872532,0.5309654597467243,0.26904498523784576,28
seqFISH+ olfactory bulb,gated_spatial_smoothing,39,4,-0.02161757098501299,0.3239319703776728,0.17926546198337656,23
seqFISH+ olfactory bulb,gated_spatial_smoothing,40,4,0.10676179243209608,0.3646046804809163,0.23799290955824715,32
seqFISH+ olfactory bulb,gated_spatial_smoothing,41,4,0.23773324129598275,0.3683417901756543,0.22243913025065234,24
seqFISH+ olfactory bulb,gated_spatial_smoothing,42,4,-0.8788388496062493,0.4613651105065751,0.21106911903540182,34
seqFISH+ olfactory bulb,gated_spatial_smoothing,43,4,0.5143546875708503,0.35029836112479873,0.2345081122195766,29
seqFISH+ olfactory bulb,gated_spatial_smoothing,44,4,-0.022992725230686142,0.4712009606506853,0.2208806585152318,28
seqFISH+ olfactory bulb,gated_spatial_smoothing,45,4,0.25871813757902906,0.4148761019932926,0.17926546198337656,23
seqFISH+ olfactory bulb,gated_spatial_smoothing,46,5,0.727395919529166,0.1903256250700514,0.13819269959814168,24
seqFISH+ olfactory bulb,gated_spatial_smoothing,47,5,0.40929885161375096,0.20036866395544872,0.17435595774162693,25
seqFISH+ olfactory bulb,gated_spatial_smoothing,48,5,0.13905523048704674,0.39953896456046684,0.1889822365046136,14
seqFISH+ olfactory bulb,gated_spatial_smoothing,49,5,0.8849275719496887,0.15665244522888652,0.15371886547533642,23
seqFISH+ olfactory bulb,gated_spatial_smoothing,50,5,0.015979842601101114,0.395456241186321,0.2437228476082638,22
seqFISH+ olfactory bulb,gated_spatial_smoothing,51,5,0.1413962585371673,0.31923592897784675,0.22587697572631282,14
seqFISH+ olfactory bulb,gated_spatial_smoothing,52,5,0.5997467169449123,0.3082677000798309,0.214808235701055,32
seqFISH+ olfactory bulb,gated_spatial_smoothing,53,5,-0.03580289196934626,0.33440333463337524,0.2287698409721183,34
seqFISH+ olfactory bulb,gated_spatial_smoothing,54,5,0.0,0.24198996609036225,0.16366341767699427,28
seqFISH+ olfactory bulb,gated_spatial_smoothing,55,6,0.9999999999999996,0.0,0.0,3
seqFISH+ olfactory bulb,gated_spatial_smoothing,56,6,0.24043436523204903,0.28921449958692097,0.21397579292615485,31
seqFISH+ olfactory bulb,gated_spatial_smoothing,57,6,0.945728512900951,0.11631102051146035,0.06874516652539954,23
seqFISH+ olfactory bulb,gated_spatial_smoothing,58,6,1.0,0.0,0.0,2
seqFISH+ olfactory bulb,gated_spatial_smoothing,59,6,0.26104628189331214,0.2445433636701723,0.19207384286026852,24
seqFISH+ olfactory bulb,gated_spatial_smoothing,60,6,0.994078460399704,0.06666666666666665,0.03333333333333333,15
seqFISH+ olfactory bulb,gated_spatial_smoothing,61,6,0.22580645161290322,0.32451124978365314,0.17320508075688776,5
seqFISH+ olfactory bulb,gated_spatial_smoothing,62,6,0.43870876331428155,0.17734035181531932,0.17496355305594127,28
seqFISH+ olfactory bulb,gated_spatial_smoothing,63,6,0.9139076937674138,0.1459323405915515,0.08838834764831845,16
seqFISH+ olfactory bulb,gated_spatial_smoothing_random_graph,1,0,0.046065661843812666,0.4566007587808087,0.25241218543751154,19
seqFISH+ olfactory bulb,gated_spatial_smoothing_random_graph,2,0,0.9560759801313274,0.07026218720768333,0.0642824346533225,11
seqFISH+ olfactory bulb,gated_spatial_smoothing_random_graph,3,0,0.9355146166265883,0.09889111511335485,0.08600261451922268,13
seqFISH+ olfactory bulb,gated_spatial_smoothing_random_graph,4,0,0.7753900232697155,0.12267197429239152,0.09622504486493763,18
seqFISH+ olfactory bulb,gated_spatial_smoothing_random_graph,5,0,0.5789478759118738,0.2109799136994715,0.11164843913471803,19
seqFISH+ olfactory bulb,gated_spatial_smoothing_random_graph,6,0,0.734968415259167,0.2814536459234778,0.11785113019775792,12
seqFISH+ olfactory bulb,gated_spatial_smoothing_random_graph,7,0,0.28473285187147956,0.27849532080452527,0.14958791130929178,18
seqFISH+ olfactory bulb,gated_spatial_smoothing_random_graph,8,0,-0.3012035809944067,0.31578947368421045,0.14886458551295736,19
seqFISH+ olfactory bulb,gated_spatial_smoothing_random_graph,9,0,0.5386225211866453,0.23533459519314112,0.12620609271875577,19
seqFISH+ olfactory bulb,gated_spatial_smoothing_random_graph,10,1,0.4378802695198569,0.2779853869690938,0.1299038105676658,20
seqFISH+ olfactory bulb,gated_spatial_smoothing_random_graph,11,1,0.6524446946692034,0.3844525131276228,0.20252314682524564,32
seqFISH+ olfactory bulb,gated_spatial_smoothing_random_graph,13,1,-0.11932835369270141,0.5280038994693692,0.24934878764097268,31
seqFISH+ olfactory bulb,gated_spatial_smoothing_random_graph,14,1,-0.19975257016771106,0.5448288836688969,0.2509023819330888,39
seqFISH+ olfactory bulb,gated_spatial_smoothing_random_graph,15,1,0.7499094388296489,0.35734463919608916,0.19245008972987526,9
seqFISH+ olfactory bulb,gated_spatial_smoothing_random_graph,16,1,-0.310694254952247,0.588282216797747,0.25310570914145736,40
seqFISH+ olfactory bulb,gated_spatial_smoothing_random_graph,17,1,-0.12620206480760957,0.5385941940710247,0.2422364567652716,39
seqFISH+ olfactory bulb,gated_spatial_smoothing_random_graph,18,1,0.247180309492275,0.4704836673349955,0.2633171804117612,32
seqFISH+ olfactory bulb,gated_spatial_smoothing_random_graph,19,2,-0.08440697189865992,0.4541537108959111,0.2095351013021111,22
seqFISH+ olfactory bulb,gated_spatial_smoothing_random_graph,20,2,-0.002502119880791437,0.33244703842843937,0.18238625558881674,27
seqFISH+ olfactory bulb,gated_spatial_smoothing_random_graph,21,2,0.5117179514686404,0.36304600466321413,0.19611613513818404,26
seqFISH+ olfactory bulb,gated_spatial_smoothing_random_graph,22,2,-0.2950438614076362,0.5895232285591449,0.22642776165920997,32
seqFISH+ olfactory bulb,gated_spatial_smoothing_random_graph,23,2,-0.11487905967157286,0.4983846818070061,0.24159335036125373,35
seqFISH+ olfactory bulb,gated_spatial_smoothing_random_graph,24,2,0.35093141193000144,0.38116804367560714,0.21518813006655377,31
seqFISH+ olfactory bulb,gated_spatial_smoothing_random_graph,25,2,0.4973358977281674,0.3461041076844605,0.15023130314433286,24
seqFISH+ olfactory bulb,gated_spatial_smoothing_random_graph,26,2,-0.2611164839335468,0.4128647037575034,0.21040635288254328,24
seqFISH+ olfactory bulb,gated_spatial_smoothing_random_graph,27,2,0.17489492643904117,0.39548298502153256,0.21408720964441882,30
seqFISH+ olfactory bulb,gated_spatial_smoothing_random_graph,28,3,-0.09871780778889527,0.5812335076041236,0.2618914004394621,27
seqFISH+ olfactory bulb,gated_spatial_smoothing_random_graph,29,3,0.791195226515691,0.27332743738118864,0.16081688022566923,29
seqFISH+ olfactory bulb,gated_spatial_smoothing_random_graph,30,3,0.11314924817871921,0.36543475323582264,0.23579652245103191,25
seqFISH+ olfactory bulb,gated_spatial_smoothing_random_graph,31,3,0.2801219356053394,0.39216838039854957,0.18929694486000911,30
seqFISH+ olfactory bulb,gated_spatial_smoothing_random_graph,32,3,-0.36705541173992473,0.6582085531673695,0.3013151885849904,31
seqFISH+ olfactory bulb,gated_spatial_smoothing_random_graph,33,3,-0.32659382958066535,0.5409563214914959,0.24844292311959779,37
seqFISH+ olfactory bulb,gated_spatial_smoothing_random_graph,34,3,-0.1020620726159657,0.6548575458269758,0.2795084971874737,24
seqFISH+ olfactory bulb,gated_spatial_smoothing_random_graph,35,3,-0.32528438815504235,0.45684715641034934,0.2214695272183643,29
seqFISH+ olfactory bulb,gated_spatial_smoothing_random_graph,36,3,0.23240237970253877,0.39887107380632475,0.19985201625794738,26
seqFISH+ olfactory bulb,gated_spatial_smoothing_random_graph,37,4,0.06156668920304037,0.529143462587614,0.27303202240904084,42
seqFISH+ olfactory bulb,gated_spatial_smoothing_random_graph,38,4,-0.08800719732732866,0.508604546265059,0.2562982159715594,28
seqFISH+ olfactory bulb,gated_spatial_smoothing_random_graph,39,4,-0.3867143253985654,0.44710875824953683,0.20276910984975685,23
seqFISH+ olfactory bulb,gated_spatial_smoothing_random_graph,40,4,0.08204387333468538,0.3812318359696502,0.23385358667337133,32
seqFISH+ olfactory bulb,gated_spatial_smoothing_random_graph,41,4,0.056056066166359386,0.40705273748294973,0.23662118107501143,24
seqFISH+ olfactory bulb,gated_spatial_smoothing_random_graph,42,4,-0.737231978867888,0.4613651105065751,0.21209125149788172,34
seqFISH+ olfactory bulb,gated_spatial_smoothing_random_graph,43,4,0.5073243453689998,0.36758384796666543,0.24014462546869172,29
seqFISH+ olfactory bulb,gated_spatial_smoothing_random_graph,44,4,-0.18531232916527526,0.49315240618757983,0.2244608051781524,28
seqFISH+ olfactory bulb,gated_spatial_smoothing_random_graph,45,4,0.49299337151429323,0.284002998940847,0.15676309893321694,23
seqFISH+ olfactory bulb,gated_spatial_smoothing_random_graph,46,5,0.7303301382572812,0.18135740432301853,0.13176156917368248,24
seqFISH+ olfactory bulb,gated_spatial_smoothing_random_graph,47,5,0.2447737308821949,0.2535610422169792,0.1876166303929372,25
seqFISH+ olfactory bulb,gated_spatial_smoothing_random_graph,48,5,0.13529628504050922,0.41348037618772365,0.192327314540518,14
seqFISH+ olfactory bulb,gated_spatial_smoothing_random_graph,49,5,0.8910341158172161,0.20025533328029355,0.16698142930149149,23
seqFISH+ olfactory bulb,gated_spatial_smoothing_random_graph,50,5,-0.21585231477651134,0.5025712258739707,0.25409863380679426,22
seqFISH+ olfactory bulb,gated_spatial_smoothing_random_graph,51,5,0.13844420778570807,0.3278636046987814,0.2142857142857143,14
seqFISH+ olfactory bulb,gated_spatial_smoothing_random_graph,52,5,0.3330737572402747,0.3958644363931335,0.2390165396996618,32
seqFISH+ olfactory bulb,gated_spatial_smoothing_random_graph,53,5,-0.0369416743820901,0.3346187432760593,0.22156645843116712,34
seqFISH+ olfactory bulb,gated_spatial_smoothing_random_graph,54,5,0.03042903097250923,0.23870927842578654,0.1646347224516587,28
seqFISH+ olfactory bulb,gated_spatial_smoothing_random_graph,55,6,0.9999999999999996,0.0,0.0,3
seqFISH+ olfactory bulb,gated_spatial_smoothing_random_graph,56,6,0.019063471042972638,0.42157327962270574,0.2413972507596091,31
seqFISH+ olfactory bulb,gated_spatial_smoothing_random_graph,57,6,0.9629527376047471,0.059038858366428734,0.053249777017025615,23
seqFISH+ olfactory bulb,gated_spatial_smoothing_random_graph,58,6,1.0,0.0,0.0,2
seqFISH+ olfactory bulb,gated_spatial_smoothing_random_graph,59,6,0.25398607948355856,0.2813634127434349,0.18281175807066924,24
seqFISH+ olfactory bulb,gated_spatial_smoothing_random_graph,60,6,0.994078460399704,0.06666666666666665,0.03333333333333333,15
seqFISH+ olfactory bulb,gated_spatial_smoothing_random_graph,61,6,-0.03225806451612903,0.4,0.2,5
seqFISH+ olfactory bulb,gated_spatial_smoothing_random_graph,62,6,0.345834250622541,0.2066963397409879,0.18471572201408212,28
seqFISH+ olfactory bulb,gated_spatial_smoothing_random_graph,63,6,0.8794529549668928,0.16963571037467187,0.09882117688026186,16
seqFISH+ olfactory bulb,gated_learned_neighborhood,1,0,0.23606722777279357,0.3668662973540438,0.22174078350464102,19
seqFISH+ olfactory bulb,gated_learned_neighborhood,2,0,0.949843260188088,0.11319204525786652,0.0642824346533225,11
seqFISH+ olfactory bulb,gated_learned_neighborhood,3,0,0.9355146166265883,0.09889111511335485,0.08600261451922268,13
seqFISH+ olfactory bulb,gated_learned_neighborhood,4,0,0.5222329678670936,0.1511115213420321,0.11785113019775792,18
seqFISH+ olfactory bulb,gated_learned_neighborhood,5,0,0.6813929308903999,0.15815313468314204,0.10526315789473684,19
seqFISH+ olfactory bulb,gated_learned_neighborhood,6,0,0.8748177652797064,0.12731429678733192,0.09316949906249124,12
seqFISH+ olfactory bulb,gated_learned_neighborhood,7,0,0.17814906455515822,0.30681615437824394,0.15214515486254615,18
seqFISH+ olfactory bulb,gated_learned_neighborhood,8,0,-0.3012035809944067,0.3035685935076275,0.14886458551295736,19
seqFISH+ olfactory bulb,gated_learned_neighborhood,9,0,0.8514979149130943,0.16425197158384647,0.07443229275647868,19
seqFISH+ olfactory bulb,gated_learned_neighborhood,10,1,0.5891883036371793,0.17444265071718643,0.10897247358851683,20
seqFISH+ olfactory bulb,gated_learned_neighborhood,11,1,0.48952544116277086,0.39846184050636907,0.20551478809321727,32
seqFISH+ olfactory bulb,gated_learned_neighborhood,13,1,-0.24917088024422815,0.5854607260050102,0.25806451612903225,31
seqFISH+ olfactory bulb,gated_learned_neighborhood,14,1,-0.25448007651241944,0.6292551627107614,0.27794209472665127,39
seqFISH+ olfactory bulb,gated_learned_neighborhood,15,1,-0.18201685408486623,0.7584158030224016,0.2939723678960656,9
seqFISH+ olfactory bulb,gated_learned_neighborhood,16,1,-0.43041423101055837,0.6591841181347329,0.2678035660703569,40
seqFISH+ olfactory bulb,gated_learned_neighborhood,17,1,-0.029262668028335825,0.4810535786565185,0.21907701911070593,39
seqFISH+ olfactory bulb,gated_learned_neighborhood,18,1,0.23726851019571107,0.45324299471374174,0.2679129406169101,32
seqFISH+ olfactory bulb,gated_learned_neighborhood,19,2,-0.6186164233497228,0.6355456110399526,0.2530801983104556,22
seqFISH+ olfactory bulb,gated_learned_neighborhood,20,2,-0.05825471895542893,0.3565791493169577,0.19245008972987526,27
seqFISH+ olfactory bulb,gated_learned_neighborhood,21,2,0.5117179514686404,0.36304600466321413,0.19611613513818404,26
seqFISH+ olfactory bulb,gated_learned_neighborhood,22,2,-0.17188791273808218,0.530625916717877,0.225888004606265,32
seqFISH+ olfactory bulb,gated_learned_neighborhood,23,2,-0.36001994670641474,0.5990300006788206,0.25753937681885636,35
seqFISH+ olfactory bulb,gated_learned_neighborhood,24,2,0.6100807622783103,0.33010716992298844,0.18809522241436452,31
seqFISH+ olfactory bulb,gated_learned_neighborhood,25,2,0.3503742974842703,0.4404650454548942,0.1640418307085794,24
seqFISH+ olfactory bulb,gated_learned_neighborhood,26,2,-0.3647800928354401,0.5233432226909713,0.23753654689565373,24
seqFISH+ olfactory bulb,gated_learned_neighborhood,27,2,-0.05179940670096252,0.4754193149918714,0.23333333333333334,30
seqFISH+ olfactory bulb,gated_learned_neighborhood,28,3,-0.17444653705160945,0.6031970594057939,0.2664350846284844,27
seqFISH+ olfactory bulb,gated_learned_neighborhood,29,3,0.5790935079435833,0.3091962703702337,0.1775108644997759,29
seqFISH+ olfactory bulb,gated_learned_neighborhood,30,3,0.20632665526053662,0.3468302788300854,0.232379000772445,25
seqFISH+ olfactory bulb,gated_learned_neighborhood,31,3,0.26938578593163437,0.3744469035579847,0.18782379449307743,30
seqFISH+ olfactory bulb,gated_learned_neighborhood,32,3,-0.38699406375563916,0.652731124001902,0.2943272192079784,31
seqFISH+ olfactory bulb,gated_learned_neighborhood,33,3,-0.5500538128252483,0.6005445096461752,0.2571121296005466,37
seqFISH+ olfactory bulb,gated_learned_neighborhood,34,3,0.04225771273642576,0.6001967701221833,0.27401971745762305,24
seqFISH+ olfactory bulb,gated_learned_neighborhood,35,3,-0.40390228278328477,0.5076319165397788,0.2345081122195766,29
seqFISH+ olfactory bulb,gated_learned_neighborhood,36,3,-0.023768328734673234,0.4817745351862394,0.22672742543368457,26
seqFISH+ olfactory bulb,gated_learned_neighborhood,37,4,0.2573357336362721,0.48207695103360804,0.26298478612350623,42
seqFISH+ olfactory bulb,gated_learned_neighborhood,38,4,-0.12971478091260064,0.5771893390587319,0.26061641998797186,28
seqFISH+ olfactory bulb,gated_learned_neighborhood,39,4,-0.02161757098501299,0.3239319703776728,0.17926546198337656,23
seqFISH+ olfactory bulb,gated_learned_neighborhood,40,4,0.23088951653843448,0.3393419749807611,0.22480460265528374,32
seqFISH+ olfactory bulb,gated_learned_neighborhood,41,4,0.46704044859817084,0.31745131752414457,0.20198666072568036,24
seqFISH+ olfactory bulb,gated_learned_neighborhood,42,4,-0.7156780854205469,0.48029094106250075,0.21563056321492913,34
seqFISH+ olfactory bulb,gated_learned_neighborhood,43,4,0.6015700873380883,0.3300431562942758,0.22347381718647794,29
seqFISH+ olfactory bulb,gated_learned_neighborhood,44,4,-0.010309826235529035,0.43713750874976587,0.20671137326411115,28
seqFISH+ olfactory bulb,gated_learned_neighborhood,45,4,0.23333609091993976,0.4148761019932926,0.1844626385704037,23
seqFISH+ olfactory bulb,gated_learned_neighborhood,46,5,0.727395919529166,0.1903256250700514,0.13819269959814168,24
seqFISH+ olfactory bulb,gated_learned_neighborhood,47,5,0.11566357413407352,0.29044468107241095,0.2039607805437114,25
seqFISH+ olfactory bulb,gated_learned_neighborhood,48,5,0.13529628504050922,0.41348037618772365,0.192327314540518,14
seqFISH+ olfactory bulb,gated_learned_neighborhood,49,5,0.8763816136636917,0.23580907291941794,0.1725489985476907,23
seqFISH+ olfactory bulb,gated_learned_neighborhood,50,5,-0.20444078689807516,0.4956051693635885,0.25913077843162224,22
seqFISH+ olfactory bulb,gated_learned_neighborhood,51,5,0.1849027996255265,0.30539251601697115,0.22015764296317772,14
seqFISH+ olfactory bulb,gated_learned_neighborhood,52,5,0.7840461300725388,0.2891651185159943,0.19008632907181935,32
seqFISH+ olfactory bulb,gated_learned_neighborhood,53,5,-0.0714026380369025,0.3549527630106648,0.23018346827203717,34
seqFISH+ olfactory bulb,gated_learned_neighborhood,54,5,0.06537204504606134,0.23049285411191214,0.1607142857142857,28
seqFISH+ olfactory bulb,gated_learned_neighborhood,55,6,0.9999999999999996,0.0,0.0,3
seqFISH+ olfactory bulb,gated_learned_neighborhood,56,6,0.2996576356254893,0.28598473168841065,0.20592169894844686,31
seqFISH+ olfactory bulb,gated_learned_neighborhood,57,6,0.9100193578947817,0.17982250400138125,0.08134037797334655,23
seqFISH+ olfactory bulb,gated_learned_neighborhood,58,6,1.0,0.0,0.0,2
seqFISH+ olfactory bulb,gated_learned_neighborhood,59,6,0.32274861218395146,0.22538326911717224,0.18281175807066924,24
seqFISH+ olfactory bulb,gated_learned_neighborhood,60,6,0.994078460399704,0.06666666666666665,0.03333333333333333,15
seqFISH+ olfactory bulb,gated_learned_neighborhood,61,6,0.33942211665106536,0.27548875021634683,0.2,5
seqFISH+ olfactory bulb,gated_learned_neighborhood,62,6,0.4072838101874617,0.18734210768014845,0.17496355305594127,28
seqFISH+ olfactory bulb,gated_learned_neighborhood,63,6,0.9139076937674138,0.1459323405915515,0.08838834764831845,16
seqFISH+ olfactory bulb,gated_learned_random_graph,1,0,-0.21764804933535226,0.5562586690817404,0.2551410451271752,19
seqFISH+ olfactory bulb,gated_learned_random_graph,2,0,0.949843260188088,0.11319204525786652,0.0642824346533225,11
seqFISH+ olfactory bulb,gated_learned_random_graph,3,0,0.9355146166265883,0.09889111511335485,0.08600261451922268,13
seqFISH+ olfactory bulb,gated_learned_random_graph,4,0,0.21212121212121215,0.22707267095388695,0.13608276348795434,18
seqFISH+ olfactory bulb,gated_learned_random_graph,5,0,0.5789478759118738,0.2109799136994715,0.11164843913471803,19
seqFISH+ olfactory bulb,gated_learned_random_graph,6,0,0.828078671210825,0.16666666666666666,0.09316949906249124,12
seqFISH+ olfactory bulb,gated_learned_random_graph,7,0,0.08292884288627292,0.358554049796491,0.17347216662217774,18
seqFISH+ olfactory bulb,gated_learned_random_graph,8,0,-0.743788434700474,0.4352406350247423,0.1685032694061276,19
seqFISH+ olfactory bulb,gated_learned_random_graph,9,0,0.6635204971139834,0.2104804668482982,0.10850277962151737,19
seqFISH+ olfactory bulb,gated_learned_random_graph,10,1,0.48507125007266594,0.20083122878958562,0.11726039399558574,20
seqFISH+ olfactory bulb,gated_learned_random_graph,11,1,0.6524446946692034,0.3844525131276228,0.20252314682524564,32
seqFISH+ olfactory bulb,gated_learned_random_graph,13,1,-0.20547819575087106,0.5539745957608856,0.24986989330370432,31
seqFISH+ olfactory bulb,gated_learned_random_graph,14,1,-0.2824010580913037,0.5938946532250511,0.26242935244177845,39
seqFISH+ olfactory bulb,gated_learned_random_graph,15,1,0.6334186522153346,0.5103939448718374,0.20786985482077452,9
seqFISH+ olfactory bulb,gated_learned_random_graph,16,1,-0.3410955201203233,0.5949330789932403,0.25248762345905196,40
seqFISH+ olfactory bulb,gated_learned_random_graph,17,1,-0.2472450709332343,0.551515325830066,0.2343034215704752,39
seqFISH+ olfactory bulb,gated_learned_random_graph,18,1,0.3035732585662056,0.44558322915635035,0.2538762001448738,32
seqFISH+ olfactory bulb,gated_learned_random_graph,19,2,-0.463330865081919,0.5605367468281041,0.23618874648666507,22
seqFISH+ olfactory bulb,gated_learned_random_graph,20,2,-0.3208310958710701,0.41778971272705656,0.2037037037037037,27
seqFISH+ olfactory bulb,gated_learned_random_graph,21,2,0.43941323726532533,0.40820976515545987,0.20351933162035313,26
seqFISH+ olfactory bulb,gated_learned_random_graph,22,2,-0.27248721095059314,0.5895232285591449,0.22910747341586218,32
seqFISH+ olfactory bulb,gated_learned_random_graph,23,2,-0.43757443657804024,0.587192629387216,0.2515259551665573,35
seqFISH+ olfactory bulb,gated_learned_random_graph,24,2,0.6106964695494402,0.35154209793819646,0.1887854824309617,31
seqFISH+ olfactory bulb,gated_learned_random_graph,25,2,0.3012262274032831,0.4404650454548942,0.1717960677340692,24
seqFISH+ olfactory bulb,gated_learned_random_graph,26,2,-0.28232985128664,0.4375089723871815,0.21949278651776538,24
seqFISH+ olfactory bulb,gated_learned_random_graph,27,2,0.13214960928929098,0.4289342376098781,0.2179449471770337,30
seqFISH+ olfactory bulb,gated_learned_random_graph,28,3,-0.08824969958006518,0.5812335076041235,0.26384827497731494,27
seqFISH+ olfactory bulb,gated_learned_random_graph,29,3,0.2788403315389174,0.38155671809809916,0.19958339487569354,29
seqFISH+ olfactory bulb,gated_learned_random_graph,30,3,-0.0741322660481264,0.42633908280468774,0.25059928172283336,25
seqFISH+ olfactory bulb,gated_learned_random_graph,31,3,0.2139592302142762,0.41334802985898117,0.19293061504650377,30
seqFISH+ olfactory bulb,gated_learned_random_graph,32,3,-0.5379277522184291,0.7758042817759656,0.315239036866001,31
seqFISH+ olfactory bulb,gated_learned_random_graph,33,3,-0.37842942781650507,0.5441859976631312,0.24844292311959779,37
seqFISH+ olfactory bulb,gated_learned_random_graph,34,3,-0.0721687836487032,0.6059301386270431,0.2651650429449553,24
seqFISH+ olfactory bulb,gated_learned_random_graph,35,3,-0.6425959981405963,0.5445040679883826,0.23890355966467275,29
seqFISH+ olfactory bulb,gated_learned_random_graph,36,3,0.04044891504566678,0.45458425125446,0.21500653629805674,26
seqFISH+ olfactory bulb,gated_learned_random_graph,37,4,0.2588758005600891,0.5040088334017058,0.26406039300974804,42
seqFISH+ olfactory bulb,gated_learned_random_graph,38,4,0.19403763142658323,0.4299552615515844,0.23007319154866296,28
seqFISH+ olfactory bulb,gated_learned_random_graph,39,4,-0.4461855169090835,0.4330229565809964,0.1968561986551612,23
seqFISH+ olfactory bulb,gated_learned_random_graph,40,4,0.19929783282370206,0.34481127527262095,0.22857404434887177,32
seqFISH+ olfactory bulb,gated_learned_random_graph,41,4,0.14470719035407642,0.4082649576770538,0.23105284388352956,24
seqFISH+ olfactory bulb,gated_learned_random_graph,42,4,-0.647518267761447,0.4644039489822655,0.2131084815616094,34
seqFISH+ olfactory bulb,gated_learned_random_graph,43,4,0.4842931901617785,0.3717489327974613,0.2413793103448276,29
seqFISH+ olfactory bulb,gated_learned_random_graph,44,4,-0.04583492485141054,0.4293705896749754,0.2059386177619785,28
seqFISH+ olfactory bulb,gated_learned_random_graph,45,4,0.46009907839424646,0.27343884001606705,0.16268075594669312,23
seqFISH+ olfactory bulb,gated_learned_random_graph,46,5,0.7168055060673317,0.2072972480279463,0.13501543121683043,24
seqFISH+ olfactory bulb,gated_learned_random_graph,47,5,0.6139869740492209,0.2220680609552048,0.15999999999999998,25
seqFISH+ olfactory bulb,gated_learned_random_graph,48,5,0.13529628504050922,0.41348037618772365,0.192327314540518,14
seqFISH+ olfactory bulb,gated_learned_random_graph,49,5,0.8537941566320326,0.20025533328029357,0.16978803643275336,23
seqFISH+ olfactory bulb,gated_learned_random_graph,50,5,-0.017984719479905382,0.42332421902724876,0.24159422301669653,22
seqFISH+ olfactory bulb,gated_learned_random_graph,51,5,0.48231246988506005,0.18391145403070877,0.16751484856512247,14
seqFISH+ olfactory bulb,gated_learned_random_graph,52,5,0.9290018592139581,0.3137076028787468,0.19452968121857395,32
seqFISH+ olfactory bulb,gated_learned_random_graph,53,5,0.014104218037334137,0.3166731087929002,0.22351006108192153,34
seqFISH+ olfactory bulb,gated_learned_random_graph,54,5,0.031497039417435604,0.23738724411959072,0.16366341767699427,28
seqFISH+ olfactory bulb,gated_learned_random_graph,55,6,0.9999999999999996,0.0,0.0,3
seqFISH+ olfactory bulb,gated_learned_random_graph,56,6,0.010582624841007734,0.3905055035262674,0.2342877265537734,31
seqFISH+ olfactory bulb,gated_learned_random_graph,57,6,0.9388979466437382,0.12492517976503593,0.07210053892076956,23
seqFISH+ olfactory bulb,gated_learned_random_graph,58,6,1.0,0.0,0.0,2
seqFISH+ olfactory bulb,gated_learned_random_graph,59,6,0.6821910402406466,0.19986381175541193,0.14583333333333334,24
seqFISH+ olfactory bulb,gated_learned_random_graph,60,6,0.994078460399704,0.06666666666666665,0.03333333333333333,15
seqFISH+ olfactory bulb,gated_learned_random_graph,61,6,0.6956083436402524,0.1245112497836531,0.1,5
seqFISH+ olfactory bulb,gated_learned_random_graph,62,6,0.24549512651549132,0.2687227050478937,0.1889822365046136,28
seqFISH+ olfactory bulb,gated_learned_random_graph,63,6,0.8794529549668928,0.16963571037467187,0.09882117688026186,16
seqFISH+ olfactory bulb,gated_learned_permuted_prior,1,0,-0.11371907712128015,0.5232384970653617,0.274744908129225,19
seqFISH+ olfactory bulb,gated_learned_permuted_prior,2,0,0.949843260188088,0.11319204525786652,0.0642824346533225,11
seqFISH+ olfactory bulb,gated_learned_permuted_prior,3,0,0.9355146166265883,0.09889111511335485,0.08600261451922268,13
seqFISH+ olfactory bulb,gated_learned_permuted_prior,4,0,0.25482359571881275,0.19409792074019044,0.14163943093313291,18
seqFISH+ olfactory bulb,gated_learned_permuted_prior,5,0,0.6113063069023168,0.18320246309694602,0.11164843913471803,19
seqFISH+ olfactory bulb,gated_learned_permuted_prior,6,0,0.7683760704982201,0.25,0.11023963796102462,12
seqFISH+ olfactory bulb,gated_learned_permuted_prior,7,0,0.2352140950242657,0.2858470570959254,0.15466012118972283,18
seqFISH+ olfactory bulb,gated_learned_permuted_prior,8,0,-0.10449920156948805,0.27453167119814753,0.1392500690033995,19
seqFISH+ olfactory bulb,gated_learned_permuted_prior,9,0,0.6808138320110255,0.20600336337680888,0.10526315789473684,19
seqFISH+ olfactory bulb,gated_learned_permuted_prior,10,1,0.529150262212918,0.25418852497598,0.125,20
seqFISH+ olfactory bulb,gated_learned_permuted_prior,11,1,0.3865635967816778,0.42049167697851075,0.20904825250405706,32
seqFISH+ olfactory bulb,gated_learned_permuted_prior,13,1,-0.2905507254570915,0.5940424836766148,0.25502239194906284,31
seqFISH+ olfactory bulb,gated_learned_permuted_prior,14,1,-0.1928584540600252,0.58917480312894,0.26117370240337645,39
seqFISH+ olfactory bulb,gated_learned_permuted_prior,15,1,0.6334186522153344,0.5103939448718374,0.20786985482077452,9
seqFISH+ olfactory bulb,gated_learned_permuted_prior,16,1,-0.2638993314558738,0.6632974437994897,0.2680951323690902,40
seqFISH+ olfactory bulb,gated_learned_permuted_prior,17,1,-0.007580181799701546,0.5031516571912772,0.21870156550297412,39
seqFISH+ olfactory bulb,gated_learned_permuted_prior,18,1,0.667966213059177,0.3283282138646271,0.2013140426050801,32
seqFISH+ olfactory bulb,gated_learned_permuted_prior,19,2,-0.5648236908845293,0.6123740199341826,0.25,22
seqFISH+ olfactory bulb,gated_learned_permuted_prior,20,2,0.09709119825904822,0.3188755731272893,0.18238625558881674,27
seqFISH+ olfactory bulb,gated_learned_permuted_prior,21,2,0.5264933689579699,0.3724734084261577,0.19517099163638885,26
seqFISH+ olfactory bulb,gated_learned_permuted_prior,22,2,-0.35715835854608585,0.5853741530332041,0.23070036031614688,32
seqFISH+ olfactory bulb,gated_learned_permuted_prior,23,2,-0.39435127570626655,0.6253307696694462,0.26225085358122596,35
seqFISH+ olfactory bulb,gated_learned_permuted_prior,24,2,0.6862335411986095,0.32363954242022785,0.1774193548387097,31
seqFISH+ olfactory bulb,gated_learned_permuted_prior,25,2,0.39032687899217006,0.4232964464222418,0.1613743060919757,24
seqFISH+ olfactory bulb,gated_learned_permuted_prior,26,2,-0.3758340350425746,0.5202435434122833,0.2384483987970749,24
seqFISH+ olfactory bulb,gated_learned_permuted_prior,27,2,0.318535455264323,0.41195590369586527,0.20344259359556172,30
seqFISH+ olfactory bulb,gated_learned_permuted_prior,28,3,-0.08053251047283086,0.5812335076041235,0.2657907424890245,27
seqFISH+ olfactory bulb,gated_learned_permuted_prior,29,3,0.7092174643957956,0.31764842546804506,0.17412939548900136,29
seqFISH+ olfactory bulb,gated_learned_permuted_prior,30,3,-0.259423629830817,0.6264938370361942,0.2973213749463701,25
seqFISH+ olfactory bulb,gated_learned_permuted_prior,31,3,0.14110684024990375,0.41456124075181755,0.1986062547968831,30
seqFISH+ olfactory bulb,gated_learned_permuted_prior,32,3,-0.4249353761956524,0.7153123470872562,0.31024813002695717,31
seqFISH+ olfactory bulb,gated_learned_permuted_prior,33,3,-0.5944543634664776,0.5633163001574799,0.2528146882955366,37
seqFISH+ olfactory bulb,gated_learned_permuted_prior,34,3,0.30012252399939043,0.5080753242271775,0.2429563289518875,24
seqFISH+ olfactory bulb,gated_learned_permuted_prior,35,3,-0.47502774693062905,0.5332105846771135,0.2413793103448276,29
seqFISH+ olfactory bulb,gated_learned_permuted_prior,36,3,-0.13653865341984014,0.5232723613449574,0.22996655275195,26
seqFISH+ olfactory bulb,gated_learned_permuted_prior,37,4,0.8153561611997778,0.3490583812881507,0.21756746288686982,42
seqFISH+ olfactory bulb,gated_learned_permuted_prior,38,4,-0.07085252515814197,0.4845627139213555,0.2562982159715594,28
seqFISH+ olfactory bulb,gated_learned_permuted_prior,39,4,-0.026246206877004963,0.31777068993957314,0.17391304347826086,23
seqFISH+ olfactory bulb,gated_learned_permuted_prior,40,4,0.08458944279149555,0.3801909559926744,0.23799290955824715,32
seqFISH+ olfactory bulb,gated_learned_permuted_prior,41,4,0.37044158859434767,0.34580528416893447,0.20937240877335186,24
seqFISH+ olfactory bulb,gated_learned_permuted_prior,42,4,-0.8039047115227632,0.49194715982971016,0.216631174450827,34
seqFISH+ olfactory bulb,gated_learned_permuted_prior,43,4,0.7120954109718689,0.3187496729830069,0.21672077741338852,29
seqFISH+ olfactory bulb,gated_learned_permuted_prior,44,4,-0.024673188560991335,0.4712009606506853,0.2172415189392221,28
seqFISH+ olfactory bulb,gated_learned_permuted_prior,45,4,0.25871813757902906,0.4148761019932926,0.17926546198337656,23
seqFISH+ olfactory bulb,gated_learned_permuted_prior,46,5,0.727395919529166,0.1903256250700514,0.13819269959814168,24
seqFISH+ olfactory bulb,gated_learned_permuted_prior,47,5,0.05969244026336669,0.3040890455587606,0.20396078054371142,25
seqFISH+ olfactory bulb,gated_learned_permuted_prior,48,5,0.07725290582613709,0.4440072680546288,0.1956151991089879,14
seqFISH+ olfactory bulb,gated_learned_permuted_prior,49,5,0.8450957873630001,0.21631783482724917,0.1725489985476907,23
seqFISH+ olfactory bulb,gated_learned_permuted_prior,50,5,0.005841165339945054,0.41261277532639984,0.2405228464604173,22
seqFISH+ olfactory bulb,gated_learned_permuted_prior,51,5,0.1413962585371673,0.31923592897784675,0.22587697572631282,14
seqFISH+ olfactory bulb,gated_learned_permuted_prior,52,5,0.947296496929997,0.22255886248336373,0.16682934768798924,32
seqFISH+ olfactory bulb,gated_learned_permuted_prior,53,5,0.08439475960818714,0.29473597167002386,0.21861865804880157,34
seqFISH+ olfactory bulb,gated_learned_permuted_prior,54,5,0.0,0.24198996609036225,0.16366341767699427,28
seqFISH+ olfactory bulb,gated_learned_permuted_prior,55,6,0.9999999999999996,0.0,0.0,3
seqFISH+ olfactory bulb,gated_learned_permuted_prior,56,6,0.25623487677471274,0.2911558564181584,0.2090561515615439,31
seqFISH+ olfactory bulb,gated_learned_permuted_prior,57,6,0.9382418413711048,0.13750930346288115,0.06874516652539954,23
seqFISH+ olfactory bulb,gated_learned_permuted_prior,58,6,1.0,0.0,0.0,2
seqFISH+ olfactory bulb,gated_learned_permuted_prior,59,6,0.15309310892394862,0.27346134732620586,0.20305821551685344,24
seqFISH+ olfactory bulb,gated_learned_permuted_prior,60,6,0.994078460399704,0.06666666666666665,0.03333333333333333,15
seqFISH+ olfactory bulb,gated_learned_permuted_prior,61,6,0.39297188779668457,0.24902249956730618,0.17320508075688776,5
seqFISH+ olfactory bulb,gated_learned_permuted_prior,62,6,0.39033543414872507,0.21311659380676698,0.17587246074635898,28
seqFISH+ olfactory bulb,gated_learned_permuted_prior,63,6,0.9173286442120082,0.13719873517384965,0.08267972847076846,16
seqFISH+ olfactory bulb,gated_context_specific,1,0,0.02105908835579262,0.46797887943089134,0.25918046846831855,19
seqFISH+ olfactory bulb,gated_context_specific,2,0,0.949843260188088,0.11319204525786652,0.0642824346533225,11
seqFISH+ olfactory bulb,gated_context_specific,3,0,0.9355146166265883,0.09889111511335485,0.08600261451922268,13
seqFISH+ olfactory bulb,gated_context_specific,4,0,0.5234793490380862,0.14878227025574423,0.11785113019775793,18
seqFISH+ olfactory bulb,gated_context_specific,5,0,0.6967501928011847,0.15815313468314204,0.10192061437387938,19
seqFISH+ olfactory bulb,gated_context_specific,6,0,0.78742598543589,0.15147800097498829,0.11023963796102461,12
seqFISH+ olfactory bulb,gated_context_specific,7,0,0.05052911526399112,0.2870139754053684,0.14958791130929178,18
seqFISH+ olfactory bulb,gated_context_specific,8,0,-0.6274822965948941,0.4352406350247423,0.1725641716921579,19
seqFISH+ olfactory bulb,gated_context_specific,9,0,0.8706890099523686,0.16081805909978786,0.06962503450169974,19
seqFISH+ olfactory bulb,gated_context_specific,10,1,0.529150262212918,0.25418852497598,0.125,20
seqFISH+ olfactory bulb,gated_context_specific,11,1,0.48952544116277086,0.39846184050636907,0.20551478809321727,32
seqFISH+ olfactory bulb,gated_context_specific,13,1,-0.0905643719587994,0.5123314787630853,0.24354304629905643,31
seqFISH+ olfactory bulb,gated_context_specific,14,1,-0.2722037837310809,0.6292551627107614,0.2752680840203063,39
seqFISH+ olfactory bulb,gated_context_specific,15,1,0.268029335896184,0.6178977467456896,0.24845199749997665,9
seqFISH+ olfactory bulb,gated_context_specific,16,1,-0.17007728258436533,0.580597420245407,0.24685522072664373,40
seqFISH+ olfactory bulb,gated_context_specific,17,1,-0.3016396537833513,0.5082026053338691,0.2224275842679163,39
seqFISH+ olfactory bulb,gated_context_specific,18,1,0.09382160753247618,0.508850241928197,0.2795084971874737,32
seqFISH+ olfactory bulb,gated_context_specific,19,2,-0.35975311233691215,0.4702147365772612,0.21560984046602585,22
seqFISH+ olfactory bulb,gated_context_specific,20,2,0.03394705449237648,0.3540471298493229,0.19155704505164073,27
seqFISH+ olfactory bulb,gated_context_specific,21,2,0.45527149812157863,0.3724734084261577,0.2016940092634907,26
seqFISH+ olfactory bulb,gated_context_specific,22,2,-0.2646003023681568,0.52831207913529,0.2170694373351532,32
seqFISH+ olfactory bulb,gated_context_specific,23,2,-0.36042716220376614,0.5671889794524846,0.24825924567118238,35
seqFISH+ olfactory bulb,gated_context_specific,24,2,0.374860593981741,0.38907489844452764,0.21275654771407934,31
seqFISH+ olfactory bulb,gated_context_specific,25,2,0.4973358977281674,0.3461041076844605,0.15023130314433286,24
seqFISH+ olfactory bulb,gated_context_specific,26,2,-0.2321035412742638,0.4111528644481166,0.20833333333333334,24
seqFISH+ olfactory bulb,gated_context_specific,27,2,-0.06921041621864901,0.48966519786309376,0.23392781412697,30
seqFISH+ olfactory bulb,gated_context_specific,28,3,-0.022082745872770093,0.5616864127356798,0.25793311624415033,27
seqFISH+ olfactory bulb,gated_context_specific,29,3,0.4272576763770945,0.3333372097855149,0.18886984741557453,29
seqFISH+ olfactory bulb,gated_context_specific,30,3,0.32245019992978335,0.31872819150388654,0.22,25
seqFISH+ olfactory bulb,gated_context_specific,31,3,0.3156913317611882,0.37707560157598147,0.18257418583505539,30
seqFISH+ olfactory bulb,gated_context_specific,32,3,-0.37573363656575826,0.652731124001902,0.2947688206854366,31
seqFISH+ olfactory bulb,gated_context_specific,33,3,-0.5362905442995578,0.6192040502274586,0.26203674904953134,37
seqFISH+ olfactory bulb,gated_context_specific,34,3,0.055901699437494734,0.6001967701221831,0.26187093937451117,24
seqFISH+ olfactory bulb,gated_context_specific,35,3,0.028332717540651975,0.4098916801212737,0.20689655172413793,29
seqFISH+ olfactory bulb,gated_context_specific,36,3,0.21891810044128923,0.39887107380632475,0.20169400926349068,26
seqFISH+ olfactory bulb,gated_context_specific,37,4,0.07386080368826815,0.5248038438185633,0.2719918966379967,42
seqFISH+ olfactory bulb,gated_context_specific,38,4,-0.08383383833392813,0.5668145513639707,0.2660654361741311,28
seqFISH+ olfactory bulb,gated_context_specific,39,4,-0.179232105032965,0.35505441553463607,0.1844626385704037,23
seqFISH+ olfactory bulb,gated_context_specific,40,4,0.07734807328349144,0.3709971167188127,0.2390165396996618,32
seqFISH+ olfactory bulb,gated_context_specific,41,4,0.014617633655117146,0.41774674960747676,0.23385358667337136,24
seqFISH+ olfactory bulb,gated_context_specific,42,4,-0.7038119501720042,0.4896252927671611,0.21712975088578532,34
seqFISH+ olfactory bulb,gated_context_specific,43,4,0.7064422698380668,0.3544634459555947,0.22677493858561903,29
seqFISH+ olfactory bulb,gated_context_specific,44,4,-0.3275890114755994,0.4897672387779269,0.2187044413199266,28
seqFISH+ olfactory bulb,gated_context_specific,45,4,0.24504665770536155,0.4148761019932926,0.18188261446392948,23
seqFISH+ olfactory bulb,gated_context_specific,46,5,0.7185254762559641,0.19708422728475744,0.13501543121683043,24
seqFISH+ olfactory bulb,gated_context_specific,47,5,0.7664654695898228,0.14490555154020124,0.13711309200802088,25
seqFISH+ olfactory bulb,gated_context_specific,48,5,0.13905523048704674,0.39953896456046684,0.1889822365046136,14
seqFISH+ olfactory bulb,gated_context_specific,49,5,0.9487789315672477,0.23580907291941788,0.16839058026988768,23
seqFISH+ olfactory bulb,gated_context_specific,50,5,-0.127889368095354,0.4860017723921398,0.26012552596044536,22
seqFISH+ olfactory bulb,gated_context_specific,51,5,0.33842546302845117,0.21371384174987476,0.18557687223952254,14
seqFISH+ olfactory bulb,gated_context_specific,52,5,0.7736516630075194,0.35487053542179925,0.2096313728906053,32
seqFISH+ olfactory bulb,gated_context_specific,53,5,0.17667731167302908,0.2806131585413777,0.20693010705103365,34
seqFISH+ olfactory bulb,gated_context_specific,54,5,0.2778311914457607,0.19545461749996498,0.14725377234348788,28
seqFISH+ olfactory bulb,gated_context_specific,55,6,0.9999999999999996,0.0,0.0,3
seqFISH+ olfactory bulb,gated_context_specific,56,6,0.1643917291543196,0.36178772358433275,0.21458281767177534,31
seqFISH+ olfactory bulb,gated_context_specific,57,6,0.9431120526005513,0.13630416265372122,0.06874516652539954,23
seqFISH+ olfactory bulb,gated_context_specific,58,6,1.0,0.0,0.0,2
seqFISH+ olfactory bulb,gated_context_specific,59,6,0.41957319583913694,0.20534125258438696,0.1717960677340692,24
seqFISH+ olfactory bulb,gated_context_specific,60,6,0.994078460399704,0.06666666666666665,0.03333333333333333,15
seqFISH+ olfactory bulb,gated_context_specific,61,6,1.0,0.0,0.0,5
seqFISH+ olfactory bulb,gated_context_specific,62,6,0.489328690725945,0.16969580003728452,0.16560033027670898,28
seqFISH+ olfactory bulb,gated_context_specific,63,6,0.9139076937674138,0.1459323405915515,0.08838834764831845,16
seqFISH+ olfactory bulb,logreg_learned_neighborhood,1,0,0.20060852738434548,0.34836039197936886,0.23389985308725234,19
seqFISH+ olfactory bulb,logreg_learned_neighborhood,2,0,0.9268829287954923,0.11319204525786652,0.0787295821622217,11
seqFISH+ olfactory bulb,logreg_learned_neighborhood,3,0,0.9474320292224463,0.20423881320310466,0.1153846153846154,13
seqFISH+ olfactory bulb,logreg_learned_neighborhood,4,0,0.6596992457003137,0.11737673581062938,0.10393492741038726,18
seqFISH+ olfactory bulb,logreg_learned_neighborhood,5,0,0.6886047890811104,0.18699101935146406,0.14652011481131635,19
seqFISH+ olfactory bulb,logreg_learned_neighborhood,6,0,0.9354143466934852,0.1908745046211095,0.11785113019775792,12
seqFISH+ olfactory bulb,logreg_learned_neighborhood,7,0,0.2380952380952381,0.2920364606104807,0.18215107011950002,18
seqFISH+ olfactory bulb,logreg_learned_neighborhood,8,0,0.0841497831147521,0.3011800904751652,0.14886458551295736,19
seqFISH+ olfactory bulb,logreg_learned_neighborhood,9,0,0.9565212477817373,0.14168150268476534,0.06962503450169975,19
seqFISH+ olfactory bulb,logreg_learned_neighborhood,10,1,0.125,0.27164841833834313,0.15,20
seqFISH+ olfactory bulb,logreg_learned_neighborhood,11,1,0.3574988354633567,0.2992869384165572,0.20846350100197397,32
seqFISH+ olfactory bulb,logreg_learned_neighborhood,13,1,0.4457760812494962,0.3463179829998714,0.1901584858476064,31
seqFISH+ olfactory bulb,logreg_learned_neighborhood,14,1,0.7192844835938901,0.2217022415310519,0.167649959366949,39
seqFISH+ olfactory bulb,logreg_learned_neighborhood,15,1,-0.43094251957594687,1.0,0.34246744460938755,9
seqFISH+ olfactory bulb,logreg_learned_neighborhood,16,1,0.4219098121001112,0.41087804058331034,0.20233017570298306,40
seqFISH+ olfactory bulb,logreg_learned_neighborhood,17,1,0.73754790039542,0.21433370988888534,0.1421863654667874,39
seqFISH+ olfactory bulb,logreg_learned_neighborhood,18,1,0.8554085296204956,0.25846151695820707,0.17746588580625855,32
seqFISH+ olfactory bulb,logreg_learned_neighborhood,19,2,-0.10284101885404046,0.5443668198894485,0.2447802185061138,22
seqFISH+ olfactory bulb,logreg_learned_neighborhood,20,2,-0.05603766279090673,0.39232826600726084,0.22067361644098119,27
seqFISH+ olfactory bulb,logreg_learned_neighborhood,21,2,-0.14660747530850005,0.529892701047325,0.27128338422434395,26
seqFISH+ olfactory bulb,logreg_learned_neighborhood,22,2,0.43006731943221815,0.27158527184874504,0.1711632992203644,32
seqFISH+ olfactory bulb,logreg_learned_neighborhood,23,2,0.2928889904550567,0.32626605270544656,0.21665358411575858,35
seqFISH+ olfactory bulb,logreg_learned_neighborhood,24,2,0.9109928908728582,0.24248215382901833,0.14060964334002174,31
seqFISH+ olfactory bulb,logreg_learned_neighborhood,25,2,0.82872751713628,0.12611805824302905,0.09991315673568166,24
seqFISH+ olfactory bulb,logreg_learned_neighborhood,26,2,0.2564112970341854,0.29422818867529393,0.1875,24
seqFISH+ olfactory bulb,logreg_learned_neighborhood,27,2,0.9335730462695079,0.22404332968725435,0.14624940645653536,30
seqFISH+ olfactory bulb,logreg_learned_neighborhood,28,3,0.71462460664214,0.21838955162524648,0.17568209223157663,27
seqFISH+ olfactory bulb,logreg_learned_neighborhood,29,3,0.5050580309884537,0.3064544224391804,0.18164920263539205,29
seqFISH+ olfactory bulb,logreg_learned_neighborhood,30,3,0.39609157570303827,0.2975003117314808,0.21166010488516723,25
seqFISH+ olfactory bulb,logreg_learned_neighborhood,31,3,0.9551668842409458,0.2381278180574961,0.11547005383792516,30
seqFISH+ olfactory bulb,logreg_learned_neighborhood,32,3,0.6563166267772771,0.24863301458700557,0.20401791355925025,31
seqFISH+ olfactory bulb,logreg_learned_neighborhood,33,3,0.07230192848194368,0.36501699359775747,0.23288767485964978,37
seqFISH+ olfactory bulb,logreg_learned_neighborhood,34,3,0.8219949365267863,0.31628683669894303,0.16271353491472196,24
seqFISH+ olfactory bulb,logreg_learned_neighborhood,35,3,-0.22622950620712884,0.46330174858258605,0.2313173769827369,29
seqFISH+ olfactory bulb,logreg_learned_neighborhood,36,3,-0.1440127003371692,0.6505019347835221,0.28132190073707297,26
seqFISH+ olfactory bulb,logreg_learned_neighborhood,37,4,0.8082901381473369,0.15233821960780342,0.16919845718514162,42
seqFISH+ olfactory bulb,logreg_learned_neighborhood,38,4,-0.18015941793416754,0.5222114419668484,0.26486423168198797,28
seqFISH+ olfactory bulb,logreg_learned_neighborhood,39,4,0.5954318053468924,0.1338268269975885,0.1391983529876706,23
seqFISH+ olfactory bulb,logreg_learned_neighborhood,40,4,0.3625261833921238,0.33236234586434144,0.21650635094610965,32
seqFISH+ olfactory bulb,logreg_learned_neighborhood,41,4,-0.10840727259799848,0.48350935523660943,0.2551551815399144,24
seqFISH+ olfactory bulb,logreg_learned_neighborhood,42,4,0.37891006998206944,0.26856214611267554,0.1689577248981773,34
seqFISH+ olfactory bulb,logreg_learned_neighborhood,43,4,0.7524346501335507,0.32998960924039966,0.20032672480383187,29
seqFISH+ olfactory bulb,logreg_learned_neighborhood,44,4,-0.1299252875969219,0.48524683105978994,0.2105326093312785,28
seqFISH+ olfactory bulb,logreg_learned_neighborhood,45,4,0.8157681286701507,0.18294964234853867,0.11084825029549533,23
seqFISH+ olfactory bulb,logreg_learned_neighborhood,46,5,0.6867736462670311,0.25315353371456506,0.17554478694117415,24
seqFISH+ olfactory bulb,logreg_learned_neighborhood,47,5,0.7230859864604615,0.1523604553105931,0.13416407864998736,25
seqFISH+ olfactory bulb,logreg_learned_neighborhood,48,5,0.26161713320932567,0.35372886482226124,0.21428571428571427,14
seqFISH+ olfactory bulb,logreg_learned_neighborhood,49,5,0.7699651058118501,0.21666593115341254,0.17794245156244456,23
seqFISH+ olfactory bulb,logreg_learned_neighborhood,50,5,0.6413292629721217,0.2943589425086288,0.1685499656158105,22
seqFISH+ olfactory bulb,logreg_learned_neighborhood,51,5,0.0344191540051835,0.43306060782402805,0.2341942330107857,14
seqFISH+ olfactory bulb,logreg_learned_neighborhood,52,5,0.9010073084316953,0.08351989581734845,0.12103072956898178,32
seqFISH+ olfactory bulb,logreg_learned_neighborhood,53,5,-0.30210554211050933,0.4836110995340721,0.2580871878644742,34
seqFISH+ olfactory bulb,logreg_learned_neighborhood,54,5,-0.13562224520112248,0.33772516755791565,0.19804529475731103,28
seqFISH+ olfactory bulb,logreg_learned_neighborhood,55,6,0.6956083436402523,0.20751874963942185,0.16666666666666666,3
seqFISH+ olfactory bulb,logreg_learned_neighborhood,56,6,0.39355663360387827,0.30162635910088853,0.19084128332579406,31
seqFISH+ olfactory bulb,logreg_learned_neighborhood,57,6,0.7800451454953476,0.2882676515097524,0.12297509238026913,23
seqFISH+ olfactory bulb,logreg_learned_neighborhood,58,6,0.33333333333333337,0.5000000000000001,0.25,2
seqFISH+ olfactory bulb,logreg_learned_neighborhood,59,6,0.5899248796553368,0.22450134713738698,0.15590239111558088,24
seqFISH+ olfactory bulb,logreg_learned_neighborhood,60,6,0.9632070838179654,0.13703620819306453,0.08819171036881969,15
seqFISH+ olfactory bulb,logreg_learned_neighborhood,61,6,0.33942211665106536,0.27548875021634683,0.2,5
seqFISH+ olfactory bulb,logreg_learned_neighborhood,62,6,0.4227028756566903,0.21818059343759044,0.1712796972611685,28
seqFISH+ olfactory bulb,logreg_learned_neighborhood,63,6,0.8181818181818181,0.25,0.125,16
seqFISH+ olfactory bulb,logreg_learned_random_graph,1,0,-0.6426376326687675,0.729877302460779,0.2822054024937792,19
seqFISH+ olfactory bulb,logreg_learned_random_graph,2,0,0.9488670378694851,0.14750511353802417,0.0642824346533225,11
seqFISH+ olfactory bulb,logreg_learned_random_graph,3,0,0.97751860949142,0.08798343113698359,0.05439282932204211,13
seqFISH+ olfactory bulb,logreg_learned_random_graph,4,0,-0.4926589517230379,0.45135139098574706,0.19245008972987526,18
seqFISH+ olfactory bulb,logreg_learned_random_graph,5,0,0.37077408843150694,0.3001068070655984,0.13674085322912188,19
seqFISH+ olfactory bulb,logreg_learned_random_graph,6,0,0.35355339059327373,0.3071170632045548,0.15590239111558088,12
seqFISH+ olfactory bulb,logreg_learned_random_graph,7,0,-0.3457571728813013,0.5272347219818369,0.18633899812498247,18
seqFISH+ olfactory bulb,logreg_learned_random_graph,8,0,-0.5470840552755553,0.39745797494105894,0.16007269816574263,19
seqFISH+ olfactory bulb,logreg_learned_random_graph,9,0,0.9133164489686596,0.09175493205322888,0.058843894144731304,19
seqFISH+ olfactory bulb,logreg_learned_random_graph,10,1,0.3919647479510927,0.17451124978365312,0.11989578808281799,20
seqFISH+ olfactory bulb,logreg_learned_random_graph,11,1,0.35994517732556675,0.31776513818639684,0.20669932117692114,32
seqFISH+ olfactory bulb,logreg_learned_random_graph,13,1,-0.0429842918429818,0.5000177581745469,0.23261621132025737,31
seqFISH+ olfactory bulb,logreg_learned_random_graph,14,1,0.6647108749756454,0.31258519021208736,0.1875479338247153,39
seqFISH+ olfactory bulb,logreg_learned_random_graph,15,1,0.13314386189201055,0.48870730456277145,0.27216552697590873,9
seqFISH+ olfactory bulb,logreg_learned_random_graph,16,1,0.09421114395319927,0.46369347398308,0.22114757516192668,40
seqFISH+ olfactory bulb,logreg_learned_random_graph,17,1,0.8443658501163841,0.2735661216247024,0.15384615384615385,39
seqFISH+ olfactory bulb,logreg_learned_random_graph,18,1,0.8554085296204956,0.25846151695820707,0.17746588580625855,32
seqFISH+ olfactory bulb,logreg_learned_random_graph,19,2,0.40860980599916497,0.35922588732435234,0.18741389207353001,22
seqFISH+ olfactory bulb,logreg_learned_random_graph,20,2,0.2045952650777175,0.2813192836500382,0.18332398030762342,27
seqFISH+ olfactory bulb,logreg_learned_random_graph,21,2,0.13887387306216367,0.4413683541527132,0.22509038289845432,26
seqFISH+ olfactory bulb,logreg_learned_random_graph,22,2,0.5021470844875898,0.2856650827879958,0.1616262567623219,32
seqFISH+ olfactory bulb,logreg_learned_random_graph,23,2,-0.15150426728831073,0.49753527727829167,0.23560603574958058,35
seqFISH+ olfactory bulb,logreg_learned_random_graph,24,2,0.732238276019609,0.3195422984382531,0.18032806270159593,31
seqFISH+ olfactory bulb,logreg_learned_random_graph,25,2,0.36165881912276854,0.3650921415006138,0.1613743060919757,24
seqFISH+ olfactory bulb,logreg_learned_random_graph,26,2,0.7795794428691074,0.1879035234462667,0.1267242193812129,24
seqFISH+ olfactory bulb,logreg_learned_random_graph,27,2,0.32085599585576974,0.3703455636573256,0.20344259359556172,30
seqFISH+ olfactory bulb,logreg_learned_random_graph,28,3,0.7840778480757518,0.31274383709315373,0.18144368465060579,27
seqFISH+ olfactory bulb,logreg_learned_random_graph,29,3,0.834680996180801,0.28683216617916246,0.1662698407067751,29
seqFISH+ olfactory bulb,logreg_learned_random_graph,30,3,0.6885985993952537,0.2441471555886007,0.18110770276274832,25
seqFISH+ olfactory bulb,logreg_learned_random_graph,31,3,0.6610169491525425,0.32241905078533223,0.15723301886761007,30
seqFISH+ olfactory bulb,logreg_learned_random_graph,32,3,0.43868565352991196,0.3811271570228133,0.23814230742311931,31
seqFISH+ olfactory bulb,logreg_learned_random_graph,33,3,-0.028230247369617906,0.39111331783935416,0.22612433149569605,37
seqFISH+ olfactory bulb,logreg_learned_random_graph,34,3,0.6614378277661477,0.43576790763625933,0.21750638560230312,24
seqFISH+ olfactory bulb,logreg_learned_random_graph,35,3,0.5422691383494358,0.27715677813016976,0.17327371760553262,29
seqFISH+ olfactory bulb,logreg_learned_random_graph,36,3,0.770420422534285,0.33964362791415686,0.1730769230769231,26
seqFISH+ olfactory bulb,logreg_learned_random_graph,37,4,0.5940172194752652,0.39670455763544754,0.23720070053775327,42
seqFISH+ olfactory bulb,logreg_learned_random_graph,38,4,0.4467953564767354,0.2953198106726583,0.2059386177619785,28
seqFISH+ olfactory bulb,logreg_learned_random_graph,39,4,0.8941207809433005,0.09059871737041739,0.08134037797334655,23
seqFISH+ olfactory bulb,logreg_learned_random_graph,40,4,0.8043733802575779,0.21330571037106422,0.1711632992203644,32
seqFISH+ olfactory bulb,logreg_learned_random_graph,41,4,0.7396002616336387,0.27290109871565105,0.17305466381079324,24
seqFISH+ olfactory bulb,logreg_learned_random_graph,42,4,-0.04383669216754571,0.37924784573234815,0.2058823529411765,34
seqFISH+ olfactory bulb,logreg_learned_random_graph,43,4,0.9268549695705479,0.23643429753398018,0.17498088905331413,29
seqFISH+ olfactory bulb,logreg_learned_random_graph,44,4,0.9550093937636794,0.14236501548802,0.08563984863058427,28
seqFISH+ olfactory bulb,logreg_learned_random_graph,45,4,0.582622285183169,0.3198978089085314,0.14744195615489714,23
seqFISH+ olfactory bulb,logreg_learned_random_graph,46,5,0.8933705725672645,0.12969921852463873,0.08589803386703461,24
seqFISH+ olfactory bulb,logreg_learned_random_graph,47,5,0.6856906500872082,0.16729386111547623,0.14696938456699069,25
seqFISH+ olfactory bulb,logreg_learned_random_graph,48,5,0.05697001318001413,0.3651986603279521,0.17857142857142858,14
seqFISH+ olfactory bulb,logreg_learned_random_graph,49,5,0.7323630466456885,0.2662869947694881,0.1932216177677302,23
seqFISH+ olfactory bulb,logreg_learned_random_graph,50,5,0.10990661904386648,0.3977923847318122,0.22034908442801493,22
seqFISH+ olfactory bulb,logreg_learned_random_graph,51,5,0.6240257203741473,0.2568344533152236,0.1515228816828316,14
seqFISH+ olfactory bulb,logreg_learned_random_graph,52,5,0.5283665493470611,0.3658268136658554,0.2275034340400162,32
seqFISH+ olfactory bulb,logreg_learned_random_graph,53,5,-0.02108156424573704,0.33056218051501834,0.22399332664305613,34
seqFISH+ olfactory bulb,logreg_learned_random_graph,54,5,0.06429306248420491,0.20054078262323105,0.16751484856512247,28
seqFISH+ olfactory bulb,logreg_learned_random_graph,55,6,0.7419354838709674,0.3333333333333333,0.16666666666666666,3
seqFISH+ olfactory bulb,logreg_learned_random_graph,56,6,0.12790753058316864,0.4217988478715435,0.2109144650100326,31
seqFISH+ olfactory bulb,logreg_learned_random_graph,57,6,0.8389385889690446,0.29485794134409427,0.11084825029549533,23
seqFISH+ olfactory bulb,logreg_learned_random_graph,58,6,0.33333333333333337,0.5000000000000001,0.25,2
seqFISH+ olfactory bulb,logreg_learned_random_graph,59,6,0.0,0.36565496043875595,0.2185018433687816,24
seqFISH+ olfactory bulb,logreg_learned_random_graph,60,6,0.7513133263920163,0.28246824951653404,0.2185812841434,15
seqFISH+ olfactory bulb,logreg_learned_random_graph,61,6,-0.04637388957601679,0.4,0.17320508075688776,5
seqFISH+ olfactory bulb,logreg_learned_random_graph,62,6,-0.2518196762579312,0.4107552912513139,0.2251700038021159,28
seqFISH+ olfactory bulb,logreg_learned_random_graph,63,6,0.7035264706814481,0.30503653257726576,0.15625,16
seqFISH+ olfactory bulb,logreg_learned_permuted_prior,1,0,0.9133490983380194,0.2105263157894737,0.09116056881941459,19
seqFISH+ olfactory bulb,logreg_learned_permuted_prior,2,0,0.9055109964974202,0.12522215918924856,0.09090909090909091,11
seqFISH+ olfactory bulb,logreg_learned_permuted_prior,3,0,0.9274438377664874,0.2363273430863014,0.10878565864408424,13
seqFISH+ olfactory bulb,logreg_learned_permuted_prior,4,0,0.8152411974825337,0.1598750064978359,0.09622504486493763,18
seqFISH+ olfactory bulb,logreg_learned_permuted_prior,5,0,0.5454704428553303,0.2969482008397687,0.14413751513293843,19
seqFISH+ olfactory bulb,logreg_learned_permuted_prior,6,0,0.7407437469876466,0.345860650863854,0.13176156917368248,12
seqFISH+ olfactory bulb,logreg_learned_permuted_prior,7,0,0.10855214016438619,0.6611998307131108,0.3203489609630777,18
seqFISH+ olfactory bulb,logreg_learned_permuted_prior,8,0,-0.3926998676321555,0.41732343552430806,0.16434205258943152,19
seqFISH+ olfactory bulb,logreg_learned_permuted_prior,9,0,0.9373141814582814,0.07522516171933911,0.05263157894736842,19
seqFISH+ olfactory bulb,logreg_learned_permuted_prior,10,1,0.4642383454426296,0.24193290008415336,0.1346291201783626,20
seqFISH+ olfactory bulb,logreg_learned_permuted_prior,11,1,0.16599558734262063,0.3588690389414315,0.22262198201210948,32
seqFISH+ olfactory bulb,logreg_learned_permuted_prior,13,1,0.7569022259423119,0.3956537105020512,0.18740241997777823,31
seqFISH+ olfactory bulb,logreg_learned_permuted_prior,14,1,0.3129033735477285,0.44915229309413374,0.21832546622982563,39
seqFISH+ olfactory bulb,logreg_learned_permuted_prior,15,1,-0.3139929128113796,0.7777777777777778,0.31426968052735443,9
seqFISH+ olfactory bulb,logreg_learned_permuted_prior,16,1,0.09302605094190632,0.5078033411427126,0.225,40
seqFISH+ olfactory bulb,logreg_learned_permuted_prior,17,1,0.4410089122581555,0.3797274298540095,0.19015893556655547,39
seqFISH+ olfactory bulb,logreg_learned_permuted_prior,18,1,0.5639640525698424,0.35540489393810953,0.22262198201210948,32
seqFISH+ olfactory bulb,logreg_learned_permuted_prior,19,2,-0.25872208965501253,0.5043083948850129,0.2372796933843307,22
seqFISH+ olfactory bulb,logreg_learned_permuted_prior,20,2,-0.30955296604893856,0.5567610489897072,0.2283116297395917,27
seqFISH+ olfactory bulb,logreg_learned_permuted_prior,21,2,-0.020912449268746913,0.4734664078343829,0.2485163073715401,26
seqFISH+ olfactory bulb,logreg_learned_permuted_prior,22,2,0.1596543469170523,0.3970985405480383,0.2013140426050801,32
seqFISH+ olfactory bulb,logreg_learned_permuted_prior,23,2,-0.26019158995755715,0.581909384267001,0.26302789485031386,35
seqFISH+ olfactory bulb,logreg_learned_permuted_prior,24,2,0.9641759006901509,0.1435433230202723,0.10072577416771611,31
seqFISH+ olfactory bulb,logreg_learned_permuted_prior,25,2,0.07093804422989575,0.4358554970396183,0.1886538570445295,24
seqFISH+ olfactory bulb,logreg_learned_permuted_prior,26,2,0.12833175058483634,0.3048574736526199,0.1851707170274081,24
seqFISH+ olfactory bulb,logreg_learned_permuted_prior,27,2,0.12108110291933617,0.42811891868875895,0.2179449471770337,30
seqFISH+ olfactory bulb,logreg_learned_permuted_prior,28,3,0.7477418722435719,0.327927477661793,0.18975834751777032,27
seqFISH+ olfactory bulb,logreg_learned_permuted_prior,29,3,0.842845854854728,0.27961240249498664,0.15988997406027075,29
seqFISH+ olfactory bulb,logreg_learned_permuted_prior,30,3,0.27943940429910463,0.34074022305574053,0.22891046284519195,25
seqFISH+ olfactory bulb,logreg_learned_permuted_prior,31,3,0.5127301186201267,0.34420161976936414,0.16996731711975951,30
seqFISH+ olfactory bulb,logreg_learned_permuted_prior,32,3,0.1942958252864117,0.46481847571582285,0.2580645161290322,31
seqFISH+ olfactory bulb,logreg_learned_permuted_prior,33,3,-0.21154627689673683,0.6040487834416037,0.2746270463905618,37
seqFISH+ olfactory bulb,logreg_learned_permuted_prior,34,3,0.15990053726670772,0.5143019147802224,0.25344843876242584,24
seqFISH+ olfactory bulb,logreg_learned_permuted_prior,35,3,-0.0116374197032372,0.39284470234930297,0.21534475856546204,29
seqFISH+ olfactory bulb,logreg_learned_permuted_prior,36,3,0.043097576780450335,0.5071955040639734,0.25220917401161547,26
seqFISH+ olfactory bulb,logreg_learned_permuted_prior,37,4,0.47422517694089605,0.3749880413441672,0.241346844437063,42
seqFISH+ olfactory bulb,logreg_learned_permuted_prior,38,4,-0.1600075299432943,0.476756039767601,0.2525381361380527,28
seqFISH+ olfactory bulb,logreg_learned_permuted_prior,39,4,0.1939564315009685,0.27841430709962184,0.16556028491008495,23
seqFISH+ olfactory bulb,logreg_learned_permuted_prior,40,4,0.8288038898620512,0.2954721934847627,0.18619336387207788,32
seqFISH+ olfactory bulb,logreg_learned_permuted_prior,41,4,0.774734583721209,0.28561678788406003,0.17921510973005472,24
seqFISH+ olfactory bulb,logreg_learned_permuted_prior,42,4,0.4098642318897051,0.29955468007326613,0.1663780661615406,34
seqFISH+ olfactory bulb,logreg_learned_permuted_prior,43,4,0.8787282551149259,0.3181228444545745,0.17241379310344826,29
seqFISH+ olfactory bulb,logreg_learned_permuted_prior,44,4,0.1690308509457033,0.44333931777499125,0.192327314540518,28
seqFISH+ olfactory bulb,logreg_learned_permuted_prior,45,4,0.34097512464448015,0.3713005910085376,0.18573921185472894,23
seqFISH+ olfactory bulb,logreg_learned_permuted_prior,46,5,0.6718592869008371,0.2790933774194929,0.18042195912175807,24
seqFISH+ olfactory bulb,logreg_learned_permuted_prior,47,5,0.7657246415134622,0.13244398795237222,0.12328828005937952,25
seqFISH+ olfactory bulb,logreg_learned_permuted_prior,48,5,-0.07323698428963003,0.5080558031850949,0.2172415189392221,14
seqFISH+ olfactory bulb,logreg_learned_permuted_prior,49,5,0.5496382604363003,0.26537734303108773,0.21076868945288388,23
seqFISH+ olfactory bulb,logreg_learned_permuted_prior,50,5,0.9132534277623662,0.14128318487059888,0.10660035817780521,22
seqFISH+ olfactory bulb,logreg_learned_permuted_prior,51,5,0.009014864243364402,0.5964692748983286,0.26486423168198797,14
seqFISH+ olfactory bulb,logreg_learned_permuted_prior,52,5,0.866175638047653,0.10686293085431176,0.14149039278339715,32
seqFISH+ olfactory bulb,logreg_learned_permuted_prior,53,5,-0.21535346854886486,0.3717025399491553,0.23344864509393448,34
seqFISH+ olfactory bulb,logreg_learned_permuted_prior,54,5,-0.3720348931025471,0.40863086578383795,0.20748125068968307,28
seqFISH+ olfactory bulb,logreg_learned_permuted_prior,55,6,0.6956083436402521,0.20751874963942185,0.16666666666666666,3
seqFISH+ olfactory bulb,logreg_learned_permuted_prior,56,6,0.3895478691770428,0.2246792965848714,0.19950511091698359,31
seqFISH+ olfactory bulb,logreg_learned_permuted_prior,57,6,0.6341037771331526,0.3255081486096824,0.1552484440987576,23
seqFISH+ olfactory bulb,logreg_learned_permuted_prior,58,6,1.0,0.0,0.0,2
seqFISH+ olfactory bulb,logreg_learned_permuted_prior,59,6,0.8777338244973054,0.08699840187775086,0.10206207261596577,24
seqFISH+ olfactory bulb,logreg_learned_permuted_prior,60,6,0.7989126303918563,0.2596789644158658,0.18559214542766742,15
seqFISH+ olfactory bulb,logreg_learned_permuted_prior,61,6,0.39297188779668457,0.24902249956730618,0.17320508075688776,5
seqFISH+ olfactory bulb,logreg_learned_permuted_prior,62,6,0.24152294576982397,0.29382526613268906,0.19066211164341626,28
seqFISH+ olfactory bulb,logreg_learned_permuted_prior,63,6,0.8273403039920305,0.25572594481728034,0.11692679333668567,16
seqFISH+ olfactory bulb,logreg_context_specific,1,0,0.016247006708337536,0.5446184570715533,0.2834297266912897,19
seqFISH+ olfactory bulb,logreg_context_specific,2,0,0.8672817215137014,0.13888832376799856,0.10163945352271772,11
seqFISH+ olfactory bulb,logreg_context_specific,3,0,0.9474320292224463,0.20423881320310466,0.1153846153846154,13
seqFISH+ olfactory bulb,logreg_context_specific,4,0,0.23924685418842448,0.26836954367673965,0.14958791130929178,18
seqFISH+ olfactory bulb,logreg_context_specific,5,0,0.6597470317412426,0.20390592312161482,0.13157894736842105,19
seqFISH+ olfactory bulb,logreg_context_specific,6,0,0.9354143466934852,0.1908745046211095,0.11785113019775792,12
seqFISH+ olfactory bulb,logreg_context_specific,7,0,0.01556997888323046,0.3503660570024216,0.15713484026367724,18
seqFISH+ olfactory bulb,logreg_context_specific,8,0,-0.058164289535026836,0.35339028965928343,0.16434205258943152,19
seqFISH+ olfactory bulb,logreg_context_specific,9,0,0.9517692547682673,0.16042765896186578,0.0588438941447313,19
seqFISH+ olfactory bulb,logreg_context_specific,10,1,0.3394112549695427,0.21065881599513198,0.17853571071357127,20
seqFISH+ olfactory bulb,logreg_context_specific,11,1,0.5361612681578528,0.2787378875532519,0.18944305707784595,32
seqFISH+ olfactory bulb,logreg_context_specific,13,1,0.6242357350506748,0.28700643455848207,0.17221093954889213,31
seqFISH+ olfactory bulb,logreg_context_specific,14,1,0.5621193069524406,0.25414181105870043,0.19015893556655547,39
seqFISH+ olfactory bulb,logreg_context_specific,15,1,0.7607997567822271,0.422096480521831,0.17568209223157663,9
seqFISH+ olfactory bulb,logreg_context_specific,16,1,0.9058216273156765,0.33918024774047423,0.1767766952966369,40
seqFISH+ olfactory bulb,logreg_context_specific,17,1,0.5964993702215229,0.2631296287276769,0.16911417895221692,39
seqFISH+ olfactory bulb,logreg_context_specific,18,1,0.386087540397478,0.4594768854371162,0.2509746625657658,32
seqFISH+ olfactory bulb,logreg_context_specific,19,2,0.4862169011176388,0.2595114627863648,0.177505674452424,22
seqFISH+ olfactory bulb,logreg_context_specific,20,2,0.35458765804000597,0.208373465926853,0.17173367584251303,27
seqFISH+ olfactory bulb,logreg_context_specific,21,2,-0.11247031897159646,0.5565949462311878,0.27601346335398697,26
seqFISH+ olfactory bulb,logreg_context_specific,22,2,0.21346225893976642,0.3536265550769201,0.19452968121857395,32
seqFISH+ olfactory bulb,logreg_context_specific,23,2,0.5035008984559801,0.293572850695601,0.18898223650461363,35
seqFISH+ olfactory bulb,logreg_context_specific,24,2,-0.3074072793961548,0.6345575423681971,0.2862619249886911,31
seqFISH+ olfactory bulb,logreg_context_specific,25,2,0.9081061339799896,0.14380864564026707,0.07795119555779044,24
seqFISH+ olfactory bulb,logreg_context_specific,26,2,0.4824752523663836,0.24845762664277155,0.14877975892797604,24
seqFISH+ olfactory bulb,logreg_context_specific,27,2,-0.24815511951117378,0.6576836824705554,0.2852873794770615,30
seqFISH+ olfactory bulb,logreg_context_specific,28,3,0.3975922516940477,0.377034696075342,0.2290614236454256,27
seqFISH+ olfactory bulb,logreg_context_specific,29,3,0.33282686904077874,0.36651424106157665,0.1958244257172508,29
seqFISH+ olfactory bulb,logreg_context_specific,30,3,0.0415258318680639,0.3923343125947507,0.24083189157584592,25
seqFISH+ olfactory bulb,logreg_context_specific,31,3,0.7573747420517116,0.28474411090163443,0.14337208778404378,30
seqFISH+ olfactory bulb,logreg_context_specific,32,3,0.5000029824885539,0.37503951985284323,0.23373188300305545,31
seqFISH+ olfactory bulb,logreg_context_specific,33,3,0.12452506528142514,0.38305019020850317,0.2157935057117745,37
seqFISH+ olfactory bulb,logreg_context_specific,34,3,0.3638034375544994,0.4364823836654393,0.23292374765622811,24
seqFISH+ olfactory bulb,logreg_context_specific,35,3,0.05518137380154701,0.40772449013726036,0.20617690936381722,29
seqFISH+ olfactory bulb,logreg_context_specific,36,3,-0.0797810383005262,0.5449852366824499,0.2440111065471062,26
seqFISH+ olfactory bulb,logreg_context_specific,37,4,0.7057891310053712,0.2928683215988235,0.21195825969958162,42
seqFISH+ olfactory bulb,logreg_context_specific,38,4,0.10162195813511532,0.4299697786835744,0.236227795630767,28
seqFISH+ olfactory bulb,logreg_context_specific,39,4,0.6532585075591415,0.150337357066858,0.12297509238026913,23
seqFISH+ olfactory bulb,logreg_context_specific,40,4,0.6283787178796814,0.3058425506637365,0.20372507516258279,32
seqFISH+ olfactory bulb,logreg_context_specific,41,4,0.246380164995451,0.3505344365866264,0.22243913025065232,24
seqFISH+ olfactory bulb,logreg_context_specific,42,4,0.058856788884016714,0.36287935916549363,0.18367641171759996,34
seqFISH+ olfactory bulb,logreg_context_specific,43,4,-0.20761654846705282,0.6377254625958002,0.3280396136282836,29
seqFISH+ olfactory bulb,logreg_context_specific,44,4,-0.2321428571428571,0.4464576277103076,0.20516295166207243,28
seqFISH+ olfactory bulb,logreg_context_specific,45,4,-0.04188083683178409,0.4682582660526745,0.22591967055246226,23
seqFISH+ olfactory bulb,logreg_context_specific,46,5,0.594995621609164,0.38388901559916844,0.18042195912175807,24
seqFISH+ olfactory bulb,logreg_context_specific,47,5,0.6286698586032708,0.14490555154020124,0.14832396974191325,25
seqFISH+ olfactory bulb,logreg_context_specific,48,5,0.23453519749604915,0.39691302189426525,0.23690177073967142,14
seqFISH+ olfactory bulb,logreg_context_specific,49,5,0.7628957123214195,0.2742115159999291,0.19199480144190972,23
seqFISH+ olfactory bulb,logreg_context_specific,50,5,0.3400170119887489,0.45169245591138063,0.21076405671581144,22
seqFISH+ olfactory bulb,logreg_context_specific,51,5,0.42753520415669366,0.21236614982106183,0.17127969726116854,14
seqFISH+ olfactory bulb,logreg_context_specific,52,5,0.27073934293198354,0.3750874292699231,0.24803918541230538,32
seqFISH+ olfactory bulb,logreg_context_specific,53,5,-0.2414244530397398,0.4688947376863248,0.25471335405424667,34
seqFISH+ olfactory bulb,logreg_context_specific,54,5,-0.1944444444444444,0.2789649727835955,0.18210783977117087,28
seqFISH+ olfactory bulb,logreg_context_specific,55,6,0.7419354838709674,0.3333333333333333,0.16666666666666666,3
seqFISH+ olfactory bulb,logreg_context_specific,56,6,-0.1489225556033718,0.48131419913697154,0.24193548387096775,31
seqFISH+ olfactory bulb,logreg_context_specific,57,6,0.9310583162276544,0.15750244560514196,0.07210053892076956,23
seqFISH+ olfactory bulb,logreg_context_specific,58,6,0.33333333333333337,0.5000000000000001,0.25,2
seqFISH+ olfactory bulb,logreg_context_specific,59,6,-0.0838525491562421,0.4787593748197109,0.23292374765622811,24
seqFISH+ olfactory bulb,logreg_context_specific,60,6,0.9974589688946195,0.034162632807821454,0.03333333333333333,15
seqFISH+ olfactory bulb,logreg_context_specific,61,6,0.8121419014464815,0.1245112497836531,0.1,5
seqFISH+ olfactory bulb,logreg_context_specific,62,6,0.26598726210569645,0.257560528670554,0.18557687223952254,28
seqFISH+ olfactory bulb,logreg_context_specific,63,6,0.9189562119494701,0.17729474440499104,0.10825317547305482,16
seqFISH+ olfactory bulb,gated_logreg_learned_neighborhood,1,0,-0.16120498294033989,0.5786341098672672,0.26707609381821634,19
seqFISH+ olfactory bulb,gated_logreg_learned_neighborhood,2,0,0.9524922626842527,0.0359491189275257,0.0642824346533225,11
seqFISH+ olfactory bulb,gated_logreg_learned_neighborhood,3,0,0.9565436576636883,0.12097103952794833,0.06661733875264912,13
seqFISH+ olfactory bulb,gated_logreg_learned_neighborhood,4,0,0.34296922868012547,0.17473594598481426,0.1332175423142422,18
seqFISH+ olfactory bulb,gated_logreg_learned_neighborhood,5,0,0.727166208105498,0.11808684604687694,0.11164843913471803,19
seqFISH+ olfactory bulb,gated_logreg_learned_neighborhood,6,0,0.883194467562194,0.1587679427108098,0.09316949906249124,12
seqFISH+ olfactory bulb,gated_logreg_learned_neighborhood,7,0,0.24683652493541977,0.2971351670005558,0.14958791130929178,18
seqFISH+ olfactory bulb,gated_logreg_learned_neighborhood,8,0,-0.043633318625795114,0.321231739355802,0.14413751513293843,19
seqFISH+ olfactory bulb,gated_logreg_learned_neighborhood,9,0,0.9216598738476806,0.1377987523757897,0.064460256389031,19
seqFISH+ olfactory bulb,gated_logreg_learned_neighborhood,10,1,0.2592724864350674,0.25145053725358646,0.1414213562373095,20
seqFISH+ olfactory bulb,gated_logreg_learned_neighborhood,11,1,0.3491282676376715,0.2863889372771041,0.21021287573552672,32
seqFISH+ olfactory bulb,gated_logreg_learned_neighborhood,13,1,0.17322545494244868,0.42587153644558756,0.2102968517807306,31
seqFISH+ olfactory bulb,gated_logreg_learned_neighborhood,14,1,0.7320436280103344,0.2829560242910876,0.1762529113444554,39
seqFISH+ olfactory bulb,gated_logreg_learned_neighborhood,15,1,0.05096471914376255,0.5361935808001793,0.2721655269759087,9
seqFISH+ olfactory bulb,gated_logreg_learned_neighborhood,16,1,0.6004805767690767,0.3568488151554697,0.18708286933869708,40
seqFISH+ olfactory bulb,gated_logreg_learned_neighborhood,17,1,0.7205439659897989,0.2759691121543312,0.1484081654203875,39
seqFISH+ olfactory bulb,gated_logreg_learned_neighborhood,18,1,0.7789755602263342,0.28172758901211686,0.19702375332685143,32
seqFISH+ olfactory bulb,gated_logreg_learned_neighborhood,19,2,0.5904235497680596,0.24590086784547843,0.16701066428067124,22
seqFISH+ olfactory bulb,gated_logreg_learned_neighborhood,20,2,0.3009036986119976,0.2728879671345966,0.1676923173729151,27
seqFISH+ olfactory bulb,gated_logreg_learned_neighborhood,21,2,0.8087360843031883,0.23625329248672136,0.1489608979310545,26
seqFISH+ olfactory bulb,gated_logreg_learned_neighborhood,22,2,0.5814571893892646,0.3034664957131286,0.15780476466190746,32
seqFISH+ olfactory bulb,gated_logreg_learned_neighborhood,23,2,0.31155973720057933,0.34510375116959197,0.20995626366712955,35
seqFISH+ olfactory bulb,gated_logreg_learned_neighborhood,24,2,0.4023882119066052,0.3854367937802912,0.2102968517807306,31
seqFISH+ olfactory bulb,gated_logreg_learned_neighborhood,25,2,0.7325612348008319,0.24361788734826473,0.11785113019775792,24
seqFISH+ olfactory bulb,gated_logreg_learned_neighborhood,26,2,0.7106690545187015,0.16069773280796126,0.11967838846954224,24
seqFISH+ olfactory bulb,gated_logreg_learned_neighborhood,27,2,0.538385484571546,0.31915929545469196,0.18929694486000911,30
seqFISH+ olfactory bulb,gated_logreg_learned_neighborhood,28,3,0.7878135054211773,0.1987596349163027,0.16037507477489604,27
seqFISH+ olfactory bulb,gated_logreg_learned_neighborhood,29,3,0.8521348156488255,0.21996200937923566,0.13575875644847948,29
seqFISH+ olfactory bulb,gated_logreg_learned_neighborhood,30,3,0.6589206284746583,0.2278889757424622,0.17888543819998315,25
seqFISH+ olfactory bulb,gated_logreg_learned_neighborhood,31,3,0.6610877680286009,0.28418366476751594,0.14719601443879746,30
seqFISH+ olfactory bulb,gated_logreg_learned_neighborhood,32,3,0.4834577621859897,0.38091900334639617,0.23484225449291993,31
seqFISH+ olfactory bulb,gated_logreg_learned_neighborhood,33,3,0.44384914817174614,0.33265114314168737,0.19998173766146948,37
seqFISH+ olfactory bulb,gated_logreg_learned_neighborhood,34,3,0.3535533905932737,0.48420100982071657,0.23570226039551587,24
seqFISH+ olfactory bulb,gated_logreg_learned_neighborhood,35,3,0.4618082698643328,0.30985074963850934,0.1832783760816319,29
seqFISH+ olfactory bulb,gated_logreg_learned_neighborhood,36,3,0.39640234403034735,0.3307129847081924,0.19134373790511924,26
seqFISH+ olfactory bulb,gated_logreg_learned_neighborhood,37,4,0.6891416835093574,0.25627089791075186,0.20653989967735087,42
seqFISH+ olfactory bulb,gated_logreg_learned_neighborhood,38,4,0.4001398206573939,0.2980629048712323,0.21128856368212914,28
seqFISH+ olfactory bulb,gated_logreg_learned_neighborhood,39,4,0.5821747381123252,0.17651839463801006,0.13043478260869568,23
seqFISH+ olfactory bulb,gated_logreg_learned_neighborhood,40,4,0.6668404869082059,0.2709600710583174,0.19452968121857395,32
seqFISH+ olfactory bulb,gated_logreg_learned_neighborhood,41,4,0.8158924398306318,0.19825334533250907,0.1516689560266775,24
seqFISH+ olfactory bulb,gated_logreg_learned_neighborhood,42,4,0.3682058176839339,0.2769616901266054,0.16959650874515877,34
seqFISH+ olfactory bulb,gated_logreg_learned_neighborhood,43,4,0.8698497905162271,0.23987793443432076,0.17917766974850455,29
seqFISH+ olfactory bulb,gated_logreg_learned_neighborhood,44,4,0.2598505751938437,0.3991325819183744,0.18298126367784995,28
seqFISH+ olfactory bulb,gated_logreg_learned_neighborhood,45,4,0.8075710226583983,0.16058308582419184,0.10869565217391305,23
seqFISH+ olfactory bulb,gated_logreg_learned_neighborhood,46,5,0.8709858687811093,0.09856222825974575,0.09316949906249125,24
seqFISH+ olfactory bulb,gated_logreg_learned_neighborhood,47,5,0.8168287037312485,0.1649442649724068,0.13114877048604,25
seqFISH+ olfactory bulb,gated_logreg_learned_neighborhood,48,5,0.1653621261606224,0.34205180475915226,0.1889822365046136,14
seqFISH+ olfactory bulb,gated_logreg_learned_neighborhood,49,5,0.7523765962201219,0.23613869155399203,0.18951734537133363,23
seqFISH+ olfactory bulb,gated_logreg_learned_neighborhood,50,5,0.7772932203044206,0.2872175630496256,0.16070608663330624,22
seqFISH+ olfactory bulb,gated_logreg_learned_neighborhood,51,5,0.4015567967271407,0.1752291453642557,0.18557687223952254,14
seqFISH+ olfactory bulb,gated_logreg_learned_neighborhood,52,5,0.737009903307215,0.24739012033429628,0.1926379375927805,32
seqFISH+ olfactory bulb,gated_logreg_learned_neighborhood,53,5,-0.10066579995985779,0.354572887290622,0.22734742402559274,34
seqFISH+ olfactory bulb,gated_logreg_learned_neighborhood,54,5,-0.21437323142813602,0.28578765367785114,0.1821078397711709,28
seqFISH+ olfactory bulb,gated_logreg_learned_neighborhood,55,6,0.6956083436402523,0.20751874963942185,0.16666666666666666,3
seqFISH+ olfactory bulb,gated_logreg_learned_neighborhood,56,6,0.2740875655353614,0.3260349385585826,0.20015602654823964,31
seqFISH+ olfactory bulb,gated_logreg_learned_neighborhood,57,6,0.9234878564260458,0.17623995973223924,0.07530655685082076,23
seqFISH+ olfactory bulb,gated_logreg_learned_neighborhood,58,6,1.0,0.0,0.0,2
seqFISH+ olfactory bulb,gated_logreg_learned_neighborhood,59,6,0.7131997238879486,0.20537761397396198,0.1428261375083551,24
seqFISH+ olfactory bulb,gated_logreg_learned_neighborhood,60,6,0.9837588683347191,0.10089075620756681,0.057735026918962574,15
seqFISH+ olfactory bulb,gated_logreg_learned_neighborhood,61,6,0.33942211665106536,0.27548875021634683,0.2,5
seqFISH+ olfactory bulb,gated_logreg_learned_neighborhood,62,6,0.45657128826705834,0.2054476733983574,0.16846394878672505,28
seqFISH+ olfactory bulb,gated_logreg_learned_neighborhood,63,6,0.9185117918925862,0.11025650631560542,0.08267972847076846,16
seqFISH+ olfactory bulb,gated_logreg_learned_random_graph,1,0,-0.5048537226850955,0.6573802629301612,0.27600232846582934,19
seqFISH+ olfactory bulb,gated_logreg_learned_random_graph,2,0,0.9524922626842527,0.0359491189275257,0.0642824346533225,11
seqFISH+ olfactory bulb,gated_logreg_learned_random_graph,3,0,0.985584831330897,0.015013827906276471,0.038461538461538464,13
seqFISH+ olfactory bulb,gated_logreg_learned_random_graph,4,0,0.2121212121212121,0.2201657244125842,0.13608276348795434,18
seqFISH+ olfactory bulb,gated_logreg_learned_random_graph,5,0,0.6903196437485797,0.14670280448941037,0.10850277962151737,19
seqFISH+ olfactory bulb,gated_logreg_learned_random_graph,6,0,0.828078671210825,0.16666666666666666,0.09316949906249124,12
seqFISH+ olfactory bulb,gated_logreg_learned_random_graph,7,0,0.1294300457858868,0.3298417494702005,0.1388888888888889,18
seqFISH+ olfactory bulb,gated_logreg_learned_random_graph,8,0,-0.043633318625795114,0.321231739355802,0.14413751513293843,19
seqFISH+ olfactory bulb,gated_logreg_learned_random_graph,9,0,0.9488185001347126,0.0851671734284213,0.05263157894736842,19
seqFISH+ olfactory bulb,gated_logreg_learned_random_graph,10,1,0.4221158824088691,0.17346515028449272,0.11726039399558574,20
seqFISH+ olfactory bulb,gated_logreg_learned_random_graph,11,1,0.33754539616915746,0.29768366602954865,0.2096313728906053,32
seqFISH+ olfactory bulb,gated_logreg_learned_random_graph,13,1,0.2724080573349677,0.4202031430344824,0.2040179135592503,31
seqFISH+ olfactory bulb,gated_logreg_learned_random_graph,14,1,0.8074828657020365,0.32022074043107923,0.18085558948289596,39
seqFISH+ olfactory bulb,gated_logreg_learned_random_graph,15,1,0.13314386189201055,0.48870730456277145,0.27216552697590873,9
seqFISH+ olfactory bulb,gated_logreg_learned_random_graph,16,1,0.7016464154456232,0.3731670919781255,0.1899835519196333,40
seqFISH+ olfactory bulb,gated_logreg_learned_random_graph,17,1,0.6746262869471047,0.3222087268151224,0.15961409741011195,39
seqFISH+ olfactory bulb,gated_logreg_learned_random_graph,18,1,0.6837425476502731,0.32322698560304014,0.21194781197266463,32
seqFISH+ olfactory bulb,gated_logreg_learned_random_graph,19,2,0.792706853149336,0.20959147526209757,0.14552555085074656,22
seqFISH+ olfactory bulb,gated_logreg_learned_random_graph,20,2,0.16434226780553507,0.3212002386809792,0.18518518518518517,27
seqFISH+ olfactory bulb,gated_logreg_learned_random_graph,21,2,0.8625648636584636,0.19734776198087065,0.14000211325539458,26
seqFISH+ olfactory bulb,gated_logreg_learned_random_graph,22,2,0.6451134231058353,0.2800835810884084,0.1514899955442603,32
seqFISH+ olfactory bulb,gated_logreg_learned_random_graph,23,2,0.2736961379841652,0.38352933483701024,0.20995626366712955,35
seqFISH+ olfactory bulb,gated_logreg_learned_random_graph,24,2,0.3924218364343012,0.37905738374851006,0.21275654771407934,31
seqFISH+ olfactory bulb,gated_logreg_learned_random_graph,25,2,0.5693582334119391,0.31887245730497205,0.14282613750835507,24
seqFISH+ olfactory bulb,gated_logreg_learned_random_graph,26,2,0.8104432008587535,0.18576203407246547,0.1141088661469096,24
seqFISH+ olfactory bulb,gated_logreg_learned_random_graph,27,2,0.2577992810113239,0.37113538720386946,0.20816659994661327,30
seqFISH+ olfactory bulb,gated_logreg_learned_random_graph,28,3,0.8489114349898481,0.2931967422247099,0.17371910221568257,27
seqFISH+ olfactory bulb,gated_logreg_learned_random_graph,29,3,0.90568443826935,0.18352581942012788,0.1266977453163713,29
seqFISH+ olfactory bulb,gated_logreg_learned_random_graph,30,3,0.644779677997143,0.22305747733873885,0.18,25
seqFISH+ olfactory bulb,gated_logreg_learned_random_graph,31,3,0.6298380648908186,0.3250112108241771,0.15634719199411434,30
seqFISH+ olfactory bulb,gated_logreg_learned_random_graph,32,3,0.33518424975064703,0.42080986179554863,0.24777889509253576,31
seqFISH+ olfactory bulb,gated_logreg_learned_random_graph,33,3,0.4380571711732587,0.2998533635583484,0.19722323674765438,37
seqFISH+ olfactory bulb,gated_logreg_learned_random_graph,34,3,0.17677669529663684,0.5133445692400959,0.24650332429581734,24
seqFISH+ olfactory bulb,gated_logreg_learned_random_graph,35,3,0.4433092475791276,0.31331264878717535,0.1832783760816319,29
seqFISH+ olfactory bulb,gated_logreg_learned_random_graph,36,3,0.6313934732960148,0.2986523224372895,0.16764995936694901,26
seqFISH+ olfactory bulb,gated_logreg_learned_random_graph,37,4,0.8461176327791604,0.2937123496792413,0.199914947901746,42
seqFISH+ olfactory bulb,gated_logreg_learned_random_graph,38,4,0.49990871747984167,0.26355711074497024,0.19964892656248123,28
seqFISH+ olfactory bulb,gated_logreg_learned_random_graph,39,4,0.5892666641279541,0.18746749340304109,0.13043478260869565,23
seqFISH+ olfactory bulb,gated_logreg_learned_random_graph,40,4,0.7008839545581059,0.2775777086765336,0.18814991529362962,32
seqFISH+ olfactory bulb,gated_logreg_learned_random_graph,41,4,0.9369993123268792,0.2008148673411364,0.14583333333333334,24
seqFISH+ olfactory bulb,gated_logreg_learned_random_graph,42,4,0.23982409889708353,0.3307054310011421,0.17708227321753375,34
seqFISH+ olfactory bulb,gated_logreg_learned_random_graph,43,4,0.9117526063890922,0.2159672111944445,0.17412939548900136,29
seqFISH+ olfactory bulb,gated_logreg_learned_random_graph,44,4,0.9107142857142855,0.2658744073630195,0.14725377234348785,28
seqFISH+ olfactory bulb,gated_logreg_learned_random_graph,45,4,0.7466169707410516,0.22981161026349475,0.12103835571369614,23
seqFISH+ olfactory bulb,gated_logreg_learned_random_graph,46,5,0.9375811653176711,0.09852199902501167,0.06909634979907084,24
seqFISH+ olfactory bulb,gated_logreg_learned_random_graph,47,5,0.8976914780026602,0.15565639603820372,0.12649110640673517,25
seqFISH+ olfactory bulb,gated_logreg_learned_random_graph,48,5,0.13905523048704674,0.3456184286916478,0.1889822365046136,14
seqFISH+ olfactory bulb,gated_logreg_learned_random_graph,49,5,0.7225819041195358,0.282697592642607,0.19444069369563388,23
seqFISH+ olfactory bulb,gated_logreg_learned_random_graph,50,5,0.6475569443295339,0.2555744903865923,0.17457149426974108,22
seqFISH+ olfactory bulb,gated_logreg_learned_random_graph,51,5,0.41533262335712423,0.1882480016714086,0.17857142857142855,14
seqFISH+ olfactory bulb,gated_logreg_learned_random_graph,52,5,0.6895971625062076,0.2888461215283203,0.20551478809321727,32
seqFISH+ olfactory bulb,gated_logreg_learned_random_graph,53,5,-0.09564670543794349,0.33646722885065916,0.21960565475100116,34
seqFISH+ olfactory bulb,gated_logreg_learned_random_graph,54,5,-0.1178511301977579,0.24759184140253634,0.1749635530559413,28
seqFISH+ olfactory bulb,gated_logreg_learned_random_graph,55,6,0.9999999999999996,0.0,0.0,3
seqFISH+ olfactory bulb,gated_logreg_learned_random_graph,56,6,0.5511810903125773,0.2947297885673944,0.18104793806970684,31
seqFISH+ olfactory bulb,gated_logreg_learned_random_graph,57,6,0.9234878564260458,0.17623995973223924,0.07530655685082076,23
seqFISH+ olfactory bulb,gated_logreg_learned_random_graph,58,6,1.0,0.0,0.0,2
seqFISH+ olfactory bulb,gated_logreg_learned_random_graph,59,6,0.6293597937587052,0.1988950957450323,0.15166895602667746,24
seqFISH+ olfactory bulb,gated_logreg_learned_random_graph,60,6,0.9930130363342722,0.045206624787615564,0.05773502691896257,15
seqFISH+ olfactory bulb,gated_logreg_learned_random_graph,61,6,-0.04637388957601679,0.4,0.17320508075688776,5
seqFISH+ olfactory bulb,gated_logreg_learned_random_graph,62,6,0.28641098093473993,0.25702588304693674,0.18123020651950392,28
seqFISH+ olfactory bulb,gated_logreg_learned_random_graph,63,6,0.9633432944855653,0.11025650631560542,0.0625,16
seqFISH+ olfactory bulb,gated_logreg_learned_permuted_prior,1,0,0.8413348266491976,0.22757288180543714,0.1341847240419154,19
seqFISH+ olfactory bulb,gated_logreg_learned_permuted_prior,2,0,0.9749216300940441,0.022282954348775627,0.045454545454545456,11
seqFISH+ olfactory bulb,gated_logreg_learned_permuted_prior,3,0,0.9695031960032989,0.0839703936212679,0.06661733875264914,13
seqFISH+ olfactory bulb,gated_logreg_learned_permuted_prior,4,0,0.8649390110293003,0.11408168403918348,0.0734930919740164,18
seqFISH+ olfactory bulb,gated_logreg_learned_permuted_prior,5,0,0.6987946655619768,0.14822492572389423,0.11470786693528089,19
seqFISH+ olfactory bulb,gated_logreg_learned_permuted_prior,6,0,0.8456571731037161,0.21064763012066529,0.10206207261596575,12
seqFISH+ olfactory bulb,gated_logreg_learned_permuted_prior,7,0,0.24683652493541977,0.2971351670005558,0.14958791130929178,18
seqFISH+ olfactory bulb,gated_logreg_learned_permuted_prior,8,0,-0.043633318625795114,0.321231739355802,0.14413751513293843,19
seqFISH+ olfactory bulb,gated_logreg_learned_permuted_prior,9,0,0.950425985239011,0.0881258195002092,0.045580284409707295,19
seqFISH+ olfactory bulb,gated_logreg_learned_permuted_prior,10,1,0.6158402871356008,0.15209632597765912,0.11180339887498948,20
seqFISH+ olfactory bulb,gated_logreg_learned_permuted_prior,11,1,0.4353487656322262,0.27316877185539756,0.19948664585630788,32
seqFISH+ olfactory bulb,gated_logreg_learned_permuted_prior,13,1,0.37732140815631676,0.44101164968308093,0.20145154833543222,31
seqFISH+ olfactory bulb,gated_logreg_learned_permuted_prior,14,1,0.7662321976031055,0.30691326342561376,0.1794871794871795,39
seqFISH+ olfactory bulb,gated_logreg_learned_permuted_prior,15,1,0.20749084275878915,0.4523171916709051,0.2664350846284844,9
seqFISH+ olfactory bulb,gated_logreg_learned_permuted_prior,16,1,0.49029033784546006,0.4251729150248564,0.203100960115899,40
seqFISH+ olfactory bulb,gated_logreg_learned_permuted_prior,17,1,0.6796844742596208,0.3222087268151224,0.15909838007680585,39
seqFISH+ olfactory bulb,gated_logreg_learned_permuted_prior,18,1,0.7699863114761372,0.2935013836818431,0.1988737822087165,32
seqFISH+ olfactory bulb,gated_logreg_learned_permuted_prior,19,2,0.6151541991724647,0.2811408627066257,0.17007533576245187,22
seqFISH+ olfactory bulb,gated_logreg_learned_permuted_prior,20,2,-0.04997608466236325,0.3825004080009924,0.19685455208767869,27
seqFISH+ olfactory bulb,gated_logreg_learned_permuted_prior,21,2,0.8285027093015236,0.20212949420177245,0.14390989949130542,26
seqFISH+ olfactory bulb,gated_logreg_learned_permuted_prior,22,2,0.6490191314518693,0.2929600303628977,0.15309310892394862,32
seqFISH+ olfactory bulb,gated_logreg_learned_permuted_prior,23,2,0.16332475447847927,0.41524210170318526,0.21852940772540508,35
seqFISH+ olfactory bulb,gated_logreg_learned_permuted_prior,24,2,0.40724152725426965,0.3736778267931853,0.20967741935483872,31
seqFISH+ olfactory bulb,gated_logreg_learned_permuted_prior,25,2,0.707266886878894,0.283024755100658,0.12842529172852032,24
seqFISH+ olfactory bulb,gated_logreg_learned_permuted_prior,26,2,0.7793830999764657,0.18443515284967657,0.12325166214790866,24
seqFISH+ olfactory bulb,gated_logreg_learned_permuted_prior,27,2,0.36105378580232217,0.36253444479326996,0.20207259421636903,30
seqFISH+ olfactory bulb,gated_logreg_learned_permuted_prior,28,3,0.7552881166028447,0.31030017248170877,0.186108807798535,27
seqFISH+ olfactory bulb,gated_logreg_learned_permuted_prior,29,3,0.9143927477388192,0.1984945525199851,0.13016955922880602,29
seqFISH+ olfactory bulb,gated_logreg_learned_permuted_prior,30,3,0.6151753579462433,0.22621191496033485,0.1833030277982336,25
seqFISH+ olfactory bulb,gated_logreg_learned_permuted_prior,31,3,0.5868427635493105,0.32004908869967297,0.1589898669028243,30
seqFISH+ olfactory bulb,gated_logreg_learned_permuted_prior,32,3,0.5920426670622015,0.34417376257332233,0.22290766066266535,31
seqFISH+ olfactory bulb,gated_logreg_learned_permuted_prior,33,3,0.4255148607034417,0.3331375365773912,0.19998173766146948,37
seqFISH+ olfactory bulb,gated_logreg_learned_permuted_prior,34,3,0.07537783614444085,0.5388617855255093,0.25430324199445214,24
seqFISH+ olfactory bulb,gated_logreg_learned_permuted_prior,35,3,0.553219229760636,0.3311129681349349,0.18408755606950536,29
seqFISH+ olfactory bulb,gated_logreg_learned_permuted_prior,36,3,0.4355469373597577,0.31712288605474226,0.18644922528524346,26
seqFISH+ olfactory bulb,gated_logreg_learned_permuted_prior,37,4,0.78118897122805,0.24656935946521386,0.19416079083690582,42
seqFISH+ olfactory bulb,gated_logreg_learned_permuted_prior,38,4,0.49292178644304285,0.27272340685170776,0.2012397798140115,28
seqFISH+ olfactory bulb,gated_logreg_learned_permuted_prior,39,4,0.4203416580419189,0.23380549089863037,0.1458305202717254,23
seqFISH+ olfactory bulb,gated_logreg_learned_permuted_prior,40,4,0.6303012821461125,0.2882007436795711,0.19702375332685143,32
seqFISH+ olfactory bulb,gated_logreg_learned_permuted_prior,41,4,0.8889155978893273,0.21310841871161432,0.14877975892797607,24
seqFISH+ olfactory bulb,gated_logreg_learned_permuted_prior,42,4,0.3444349309351972,0.29682414272214686,0.17149858514250885,34
seqFISH+ olfactory bulb,gated_logreg_learned_permuted_prior,43,4,0.9396618629189826,0.23643429753398026,0.17412939548900136,29
seqFISH+ olfactory bulb,gated_logreg_learned_permuted_prior,44,4,0.732142857142857,0.3010411891718404,0.1577100154701401,28
seqFISH+ olfactory bulb,gated_logreg_learned_permuted_prior,45,4,0.48047468351625827,0.28490562468164427,0.15974933105107683,23
seqFISH+ olfactory bulb,gated_logreg_learned_permuted_prior,46,5,0.8709858687811094,0.09856222825974575,0.09316949906249125,24
seqFISH+ olfactory bulb,gated_logreg_learned_permuted_prior,47,5,0.8948928534104725,0.15965101484259875,0.12489995996796795,25
seqFISH+ olfactory bulb,gated_logreg_learned_permuted_prior,48,5,0.01755466917550222,0.3921589282623617,0.1889822365046136,14
seqFISH+ olfactory bulb,gated_logreg_learned_permuted_prior,49,5,0.6531579818934707,0.2662869947694881,0.19924242151981914,23
seqFISH+ olfactory bulb,gated_logreg_learned_permuted_prior,50,5,0.6551735466451449,0.2556988824152433,0.1685499656158105,22
seqFISH+ olfactory bulb,gated_logreg_learned_permuted_prior,51,5,0.41964757415527953,0.20575603723116084,0.17496355305594127,14
seqFISH+ olfactory bulb,gated_logreg_learned_permuted_prior,52,5,0.5179867710934829,0.2967227770929564,0.21930732574403436,32
seqFISH+ olfactory bulb,gated_logreg_learned_permuted_prior,53,5,-0.0702044448210577,0.3268345519086945,0.22107788791724864,34
seqFISH+ olfactory bulb,gated_logreg_learned_permuted_prior,54,5,-0.2519763153394848,0.2766713838241054,0.1803483024707514,28
seqFISH+ olfactory bulb,gated_logreg_learned_permuted_prior,55,6,0.6956083436402521,0.20751874963942185,0.16666666666666666,3
seqFISH+ olfactory bulb,gated_logreg_learned_permuted_prior,56,6,0.30609960391412755,0.2900725015401583,0.2001560265482396,31
seqFISH+ olfactory bulb,gated_logreg_learned_permuted_prior,57,6,0.9234878564260459,0.17623995973223933,0.07530655685082076,23
seqFISH+ olfactory bulb,gated_logreg_learned_permuted_prior,58,6,1.0,0.0,0.0,2
seqFISH+ olfactory bulb,gated_logreg_learned_permuted_prior,59,6,0.7619582384506759,0.17862318657512288,0.13661330258962504,24
seqFISH+ olfactory bulb,gated_logreg_learned_permuted_prior,60,6,0.9790146146766966,0.13703620819306453,0.07453559924999298,15
seqFISH+ olfactory bulb,gated_logreg_learned_permuted_prior,61,6,0.39297188779668457,0.24902249956730618,0.17320508075688776,5
seqFISH+ olfactory bulb,gated_logreg_learned_permuted_prior,62,6,0.4842669810430724,0.2054476733983574,0.16656034023372882,28
seqFISH+ olfactory bulb,gated_logreg_learned_permuted_prior,63,6,0.9185117918925862,0.11025650631560542,0.08267972847076846,16
seqFISH+ olfactory bulb,gated_logreg_context_specific,1,0,-0.16120498294033989,0.5786341098672672,0.26707609381821634,19
seqFISH+ olfactory bulb,gated_logreg_context_specific,2,0,0.9524922626842527,0.0359491189275257,0.0642824346533225,11
seqFISH+ olfactory bulb,gated_logreg_context_specific,3,0,0.9565436576636883,0.12097103952794833,0.06661733875264912,13
seqFISH+ olfactory bulb,gated_logreg_context_specific,4,0,0.34296922868012547,0.17473594598481426,0.1332175423142422,18
seqFISH+ olfactory bulb,gated_logreg_context_specific,5,0,0.7252764441628275,0.11546356744485578,0.10526315789473684,19
seqFISH+ olfactory bulb,gated_logreg_context_specific,6,0,0.883194467562194,0.1587679427108098,0.09316949906249124,12
seqFISH+ olfactory bulb,gated_logreg_context_specific,7,0,0.353703806847938,0.2595827213318446,0.12422599874998833,18
seqFISH+ olfactory bulb,gated_logreg_context_specific,8,0,-0.0045688781708773385,0.3206241712951642,0.14413751513293843,19
seqFISH+ olfactory bulb,gated_logreg_context_specific,9,0,0.94628283644113,0.13284540842830128,0.05263157894736842,19
seqFISH+ olfactory bulb,gated_logreg_context_specific,10,1,0.5756419341601482,0.12747679637795448,0.11180339887498948,20
seqFISH+ olfactory bulb,gated_logreg_context_specific,11,1,0.3491282676376715,0.2863889372771041,0.21021287573552672,32
seqFISH+ olfactory bulb,gated_logreg_context_specific,13,1,0.8484364372557958,0.2719000697864874,0.1513037341878526,31
seqFISH+ olfactory bulb,gated_logreg_context_specific,14,1,0.7102700491183276,0.2745583059314261,0.1771830123216058,39
seqFISH+ olfactory bulb,gated_logreg_context_specific,15,1,0.7625542168276361,0.2881717226496152,0.1842569327975222,9
seqFISH+ olfactory bulb,gated_logreg_context_specific,16,1,0.8771133873838058,0.29957553314636953,0.16153559979150106,40
seqFISH+ olfactory bulb,gated_logreg_context_specific,17,1,0.6706496935836863,0.2992867368695847,0.15754109906980138,39
seqFISH+ olfactory bulb,gated_logreg_context_specific,18,1,0.731521837793144,0.32605213353091567,0.2096313728906053,32
seqFISH+ olfactory bulb,gated_logreg_context_specific,19,2,0.6141827746434741,0.22191125141602464,0.16230519155779205,22
seqFISH+ olfactory bulb,gated_logreg_context_specific,20,2,0.14782648824340877,0.30245070435962457,0.18144368465060579,27
seqFISH+ olfactory bulb,gated_logreg_context_specific,21,2,0.8017340402832474,0.24089896402876287,0.15019710915205103,26
seqFISH+ olfactory bulb,gated_logreg_context_specific,22,2,0.44381268229929727,0.31186943811029316,0.16755945773068137,32
seqFISH+ olfactory bulb,gated_logreg_context_specific,23,2,0.32174165274983596,0.3570223479833508,0.20701966780270625,35
seqFISH+ olfactory bulb,gated_logreg_context_specific,24,2,0.3258082552367675,0.39351862491366757,0.21699393624312432,31
seqFISH+ olfactory bulb,gated_logreg_context_specific,25,2,0.6938990266697674,0.2667459716131378,0.125,24
seqFISH+ olfactory bulb,gated_logreg_context_specific,26,2,0.7401956568297402,0.17804960104849274,0.12325166214790864,24
seqFISH+ olfactory bulb,gated_logreg_context_specific,27,2,0.23506297996575126,0.37446423620753194,0.20949675149960892,30
seqFISH+ olfactory bulb,gated_logreg_context_specific,28,3,0.6469440815320173,0.25312028706232964,0.18975834751777032,27
seqFISH+ olfactory bulb,gated_logreg_context_specific,29,3,0.8521348156488255,0.21996200937923566,0.13575875644847948,29
seqFISH+ olfactory bulb,gated_logreg_context_specific,30,3,0.6589206284746583,0.2278889757424622,0.17888543819998315,25
seqFISH+ olfactory bulb,gated_logreg_context_specific,31,3,0.6255496795563364,0.28396638677377184,0.15000000000000002,30
seqFISH+ olfactory bulb,gated_logreg_context_specific,32,3,0.36109940407108454,0.42871671656446886,0.2461989922979637,31
seqFISH+ olfactory bulb,gated_logreg_context_specific,33,3,0.6481273188517106,0.32757916428517675,0.19206311356151207,37
seqFISH+ olfactory bulb,gated_logreg_context_specific,34,3,0.1507556722888818,0.5133445692400959,0.2491304321479458,24
seqFISH+ olfactory bulb,gated_logreg_context_specific,35,3,0.4090988876373301,0.3168571626827628,0.18569533817705186,29
seqFISH+ olfactory bulb,gated_logreg_context_specific,36,3,0.39640234403034735,0.3307129847081924,0.19134373790511924,26
seqFISH+ olfactory bulb,gated_logreg_context_specific,37,4,0.7844559079442546,0.2479672807340179,0.1945254123615261,42
seqFISH+ olfactory bulb,gated_logreg_context_specific,38,4,0.3935801514662891,0.3045723330248088,0.21204182298281996,28
seqFISH+ olfactory bulb,gated_logreg_context_specific,39,4,0.5847059994188023,0.18275080512478756,0.1322339680499613,23
seqFISH+ olfactory bulb,gated_logreg_context_specific,40,4,0.5895928620587719,0.2923789697600254,0.19825902406952375,32
seqFISH+ olfactory bulb,gated_logreg_context_specific,41,4,0.7886960251696107,0.25510867769085405,0.1559023911155809,24
seqFISH+ olfactory bulb,gated_logreg_context_specific,42,4,0.5384625595068876,0.27877768663135966,0.16309612509425614,34
seqFISH+ olfactory bulb,gated_logreg_context_specific,43,4,0.8955133383523325,0.22441936629225592,0.17582825908940639,29
seqFISH+ olfactory bulb,gated_logreg_context_specific,44,4,0.4014482709960453,0.36300601787722736,0.17677669529663687,28
seqFISH+ olfactory bulb,gated_logreg_context_specific,45,4,0.6249491106457128,0.24884998099242778,0.1408856673566926,23
seqFISH+ olfactory bulb,gated_logreg_context_specific,46,5,0.869709790695427,0.11647998146991473,0.09081039465709737,24
seqFISH+ olfactory bulb,gated_logreg_context_specific,47,5,0.8168287037312485,0.1649442649724068,0.13114877048604,25
seqFISH+ olfactory bulb,gated_logreg_context_specific,48,5,0.1736423056522264,0.3552232926782046,0.20203050891044214,14
seqFISH+ olfactory bulb,gated_logreg_context_specific,49,5,0.7523765962201219,0.23613869155399203,0.18951734537133363,23
seqFISH+ olfactory bulb,gated_logreg_context_specific,50,5,0.7398961173214766,0.2981722854076655,0.1730857524059979,22
seqFISH+ olfactory bulb,gated_logreg_context_specific,51,5,0.5663626682142604,0.12342954283273819,0.15567496226930977,14
seqFISH+ olfactory bulb,gated_logreg_context_specific,52,5,0.5930899806866068,0.30846934895385975,0.2159417962669571,32
seqFISH+ olfactory bulb,gated_logreg_context_specific,53,5,0.01847485390027835,0.32301864984935275,0.2151285123283499,34
seqFISH+ olfactory bulb,gated_logreg_context_specific,54,5,-0.16735967034880078,0.2610229760365507,0.1767766952966369,28
seqFISH+ olfactory bulb,gated_logreg_context_specific,55,6,0.6956083436402521,0.20751874963942185,0.16666666666666666,3
seqFISH+ olfactory bulb,gated_logreg_context_specific,56,6,-0.03091822557387164,0.41068233197079723,0.21878483816533123,31
seqFISH+ olfactory bulb,gated_logreg_context_specific,57,6,0.9234135542033182,0.15982936185912047,0.07530655685082076,23
seqFISH+ olfactory bulb,gated_logreg_context_specific,58,6,1.0,0.0,0.0,2
seqFISH+ olfactory bulb,gated_logreg_context_specific,59,6,0.6067798762169179,0.22826821104122114,0.15450413514782632,24
seqFISH+ olfactory bulb,gated_logreg_context_specific,60,6,0.994078460399704,0.06666666666666665,0.03333333333333333,15
seqFISH+ olfactory bulb,gated_logreg_context_specific,61,6,0.7419354838709677,0.04902249956730618,0.1,5
seqFISH+ olfactory bulb,gated_logreg_context_specific,62,6,0.4648348401006841,0.19565755758020525,0.16751484856512247,28
seqFISH+ olfactory bulb,gated_logreg_context_specific,63,6,0.969143607571383,0.04764337097509344,0.05412658773652741,16
seqFISH+ olfactory bulb,nested_logreg_learned_neighborhood,1,0,0.890014407988931,0.09817932254380479,0.10850277962151739,19
seqFISH+ olfactory bulb,nested_logreg_learned_neighborhood,2,0,0.9749216300940441,0.022282954348775627,0.045454545454545456,11
seqFISH+ olfactory bulb,nested_logreg_learned_neighborhood,3,0,0.985584831330897,0.015013827906276471,0.038461538461538464,13
seqFISH+ olfactory bulb,nested_logreg_learned_neighborhood,4,0,0.8945703337056415,0.05045684916548037,0.06211299937499416,18
seqFISH+ olfactory bulb,nested_logreg_learned_neighborhood,5,0,0.7678298461073269,0.10476522439906027,0.09488292830168392,19
seqFISH+ olfactory bulb,nested_logreg_learned_neighborhood,6,0,0.7041868508280461,0.1958808207147166,0.11785113019775792,12
seqFISH+ olfactory bulb,nested_logreg_learned_neighborhood,7,0,0.8533201859828615,0.05028973958498435,0.0734930919740164,18
seqFISH+ olfactory bulb,nested_logreg_learned_neighborhood,8,0,0.6467400199995793,0.0769060131895439,0.09488292830168392,19
seqFISH+ olfactory bulb,nested_logreg_learned_neighborhood,9,0,0.9671367717926639,0.03549424055284079,0.03721614637823934,19
seqFISH+ olfactory bulb,nested_logreg_learned_neighborhood,10,1,0.8538149682454623,0.0796041540450333,0.08291561975888499,20
seqFISH+ olfactory bulb,nested_logreg_learned_neighborhood,11,1,0.9206392523481777,0.032493740474913595,0.08699631816921909,32
seqFISH+ olfactory bulb,nested_logreg_learned_neighborhood,13,1,0.9972543712729821,0.002955326357305923,0.01612903225806451,31
seqFISH+ olfactory bulb,nested_logreg_learned_neighborhood,14,1,0.9213706681982403,0.026654296397790836,0.08974358974358976,39
seqFISH+ olfactory bulb,nested_logreg_learned_neighborhood,15,1,0.9454168862292721,0.07704566377293451,0.09622504486493763,9
seqFISH+ olfactory bulb,nested_logreg_learned_neighborhood,16,1,0.9850253908799744,0.01052549360673041,0.043301270189221926,40
seqFISH+ olfactory bulb,nested_logreg_learned_neighborhood,17,1,0.9869262880447784,0.005755628984619984,0.03391988860339219,39
seqFISH+ olfactory bulb,nested_logreg_learned_neighborhood,18,1,0.9335369360123185,0.05393834955794124,0.10245997694221876,32
seqFISH+ olfactory bulb,nested_logreg_learned_neighborhood,19,2,0.9352983014150312,0.04345640671032139,0.07186994682200863,22
seqFISH+ olfactory bulb,nested_logreg_learned_neighborhood,20,2,0.9277275886031967,0.018269390890405482,0.06676946806414795,27
seqFISH+ olfactory bulb,nested_logreg_learned_neighborhood,21,2,0.9897444376621718,0.03664362691090441,0.043001307259611335,26
seqFISH+ olfactory bulb,nested_logreg_learned_neighborhood,22,2,0.9586514545549407,0.011855891195742754,0.05412658773652741,32
seqFISH+ olfactory bulb,nested_logreg_learned_neighborhood,23,2,0.9262149039407293,0.03440769435224861,0.08689660757568886,35
seqFISH+ olfactory bulb,nested_logreg_learned_neighborhood,24,2,0.9975301018832973,0.007906854768920373,0.016129032258064516,31
seqFISH+ olfactory bulb,nested_logreg_learned_neighborhood,25,2,0.9942627179989935,0.0023268392876843844,0.020833333333333343,24
seqFISH+ olfactory bulb,nested_logreg_learned_neighborhood,26,2,0.7836357114308057,0.05050620058012113,0.11599509089229211,24
seqFISH+ olfactory bulb,nested_logreg_learned_neighborhood,27,2,0.9971383145436652,0.0050109270122083195,0.016666666666666666,30
seqFISH+ olfactory bulb,nested_logreg_learned_neighborhood,28,3,0.8436945125703365,0.08845834812761667,0.1335389361282959,27
seqFISH+ olfactory bulb,nested_logreg_learned_neighborhood,29,3,0.9968896627387913,0.004958089820027078,0.01724137931034483,29
seqFISH+ olfactory bulb,nested_logreg_learned_neighborhood,30,3,0.9185362191333997,0.05570455223829383,0.09165151389911678,25
seqFISH+ olfactory bulb,nested_logreg_learned_neighborhood,31,3,0.9829822791154812,0.01638772246294586,0.044095855184409845,30
seqFISH+ olfactory bulb,nested_logreg_learned_neighborhood,32,3,0.8126867771466488,0.09717139533575067,0.15386116151886217,31
seqFISH+ olfactory bulb,nested_logreg_learned_neighborhood,33,3,0.8831259235059983,0.06967568241058657,0.1029158527819447,37
seqFISH+ olfactory bulb,nested_logreg_learned_neighborhood,34,3,0.9817719423516801,0.02924602326626913,0.0551198189805123,24
seqFISH+ olfactory bulb,nested_logreg_learned_neighborhood,35,3,0.979292925050254,0.00901826752364024,0.04561640191490673,29
seqFISH+ olfactory bulb,nested_logreg_learned_neighborhood,36,3,0.8927621482791999,0.0601483639161708,0.09222752929447538,26
seqFISH+ olfactory bulb,nested_logreg_learned_neighborhood,37,4,0.9387911546488631,0.05161360343800357,0.10171433030139918,42
seqFISH+ olfactory bulb,nested_logreg_learned_neighborhood,38,4,0.9158310720187209,0.05902907855226496,0.10412414097938037,28
seqFISH+ olfactory bulb,nested_logreg_learned_neighborhood,39,4,0.9819796099239761,0.025640453647443624,0.03765327842541037,23
seqFISH+ olfactory bulb,nested_logreg_learned_neighborhood,40,4,0.9149534715560876,0.07240457967042882,0.0924387466109315,32
seqFISH+ olfactory bulb,nested_logreg_learned_neighborhood,41,4,0.9881363993504317,0.013694466371385966,0.03608439182435162,24
seqFISH+ olfactory bulb,nested_logreg_learned_neighborhood,42,4,0.8754008690015292,0.029585476324238878,0.08823529411764706,34
seqFISH+ olfactory bulb,nested_logreg_learned_neighborhood,43,4,0.9923788365838996,0.04184954526389618,0.038552896163789485,29
seqFISH+ olfactory bulb,nested_logreg_learned_neighborhood,44,4,0.9346393812166852,0.062456552148675216,0.07362688617174395,28
seqFISH+ olfactory bulb,nested_logreg_learned_neighborhood,45,4,0.9853081139821663,0.046933612405569675,0.030743773095067286,23
seqFISH+ olfactory bulb,nested_logreg_learned_neighborhood,46,5,0.9609999602085966,0.014014494030768631,0.05511981898051228,24
seqFISH+ olfactory bulb,nested_logreg_learned_neighborhood,47,5,0.9970371645898268,0.0053998296414234275,0.019999999999999983,25
seqFISH+ olfactory bulb,nested_logreg_learned_neighborhood,48,5,0.7109736629101983,0.06729007496023633,0.10101525445522108,14
seqFISH+ olfactory bulb,nested_logreg_learned_neighborhood,49,5,0.9567334081216928,0.08584366774789061,0.09475867268566684,23
seqFISH+ olfactory bulb,nested_logreg_learned_neighborhood,50,5,0.994820957800945,0.007396089983921096,0.022727272727272724,22
seqFISH+ olfactory bulb,nested_logreg_learned_neighborhood,51,5,0.902760727583453,0.06487309178418908,0.07985957062499249,14
seqFISH+ olfactory bulb,nested_logreg_learned_neighborhood,52,5,0.9838005894688683,0.027424137229720383,0.05633673867912483,32
seqFISH+ olfactory bulb,nested_logreg_learned_neighborhood,53,5,0.7622017811286801,0.11991904584377605,0.13316742850202085,34
seqFISH+ olfactory bulb,nested_logreg_learned_neighborhood,54,5,0.9861111111111109,0.02551483941165665,0.02525381361380527,28
seqFISH+ olfactory bulb,nested_logreg_learned_neighborhood,55,6,0.7419354838709674,0.08170416594551039,0.16666666666666666,3
seqFISH+ olfactory bulb,nested_logreg_learned_neighborhood,56,6,0.7524454474496882,0.11580936986396573,0.1378065120212505,31
seqFISH+ olfactory bulb,nested_logreg_learned_neighborhood,57,6,0.9192629602496276,0.15750244560514196,0.07838154946660846,23
seqFISH+ olfactory bulb,nested_logreg_learned_neighborhood,58,6,0.6546536707079772,0.31127812445913294,0.25,2
seqFISH+ olfactory bulb,nested_logreg_learned_neighborhood,59,6,0.9068453126375147,0.05772539424629372,0.08838834764831845,24
seqFISH+ olfactory bulb,nested_logreg_learned_neighborhood,60,6,1.0,0.0,0.0,15
seqFISH+ olfactory bulb,nested_logreg_learned_neighborhood,61,6,0.6956083436402524,0.1245112497836531,0.1,5
seqFISH+ olfactory bulb,nested_logreg_learned_neighborhood,62,6,0.6341957434983527,0.10993812179127692,0.1461670137834366,28
seqFISH+ olfactory bulb,nested_logreg_learned_neighborhood,63,6,0.9938120233033697,0.032436975200822206,0.03125,16
seqFISH+ olfactory bulb,nested_logreg_learned_random_graph,1,0,0.890014407988931,0.09817932254380479,0.10850277962151739,19
seqFISH+ olfactory bulb,nested_logreg_learned_random_graph,2,0,0.9749216300940441,0.022282954348775627,0.045454545454545456,11
seqFISH+ olfactory bulb,nested_logreg_learned_random_graph,3,0,0.985584831330897,0.015013827906276471,0.038461538461538464,13
seqFISH+ olfactory bulb,nested_logreg_learned_random_graph,4,0,0.8945703337056415,0.05045684916548037,0.06211299937499416,18
seqFISH+ olfactory bulb,nested_logreg_learned_random_graph,5,0,0.7678298461073269,0.10476522439906027,0.09488292830168392,19
seqFISH+ olfactory bulb,nested_logreg_learned_random_graph,6,0,0.7041868508280461,0.1958808207147166,0.11785113019775792,12
seqFISH+ olfactory bulb,nested_logreg_learned_random_graph,7,0,0.8533201859828615,0.05028973958498435,0.0734930919740164,18
seqFISH+ olfactory bulb,nested_logreg_learned_random_graph,8,0,0.6467400199995793,0.0769060131895439,0.09488292830168392,19
seqFISH+ olfactory bulb,nested_logreg_learned_random_graph,9,0,0.9671367717926639,0.03549424055284079,0.03721614637823934,19
seqFISH+ olfactory bulb,nested_logreg_learned_random_graph,10,1,0.8538149682454623,0.0796041540450333,0.08291561975888499,20
seqFISH+ olfactory bulb,nested_logreg_learned_random_graph,11,1,0.9206392523481777,0.032493740474913595,0.08699631816921909,32
seqFISH+ olfactory bulb,nested_logreg_learned_random_graph,13,1,0.9972543712729821,0.002955326357305923,0.01612903225806451,31
seqFISH+ olfactory bulb,nested_logreg_learned_random_graph,14,1,0.9213706681982403,0.026654296397790836,0.08974358974358976,39
seqFISH+ olfactory bulb,nested_logreg_learned_random_graph,15,1,0.9454168862292721,0.07704566377293451,0.09622504486493763,9
seqFISH+ olfactory bulb,nested_logreg_learned_random_graph,16,1,0.9850253908799744,0.01052549360673041,0.043301270189221926,40
seqFISH+ olfactory bulb,nested_logreg_learned_random_graph,17,1,0.9869262880447784,0.005755628984619984,0.03391988860339219,39
seqFISH+ olfactory bulb,nested_logreg_learned_random_graph,18,1,0.9335369360123185,0.05393834955794124,0.10245997694221876,32
seqFISH+ olfactory bulb,nested_logreg_learned_random_graph,19,2,0.9352983014150312,0.04345640671032139,0.07186994682200863,22
seqFISH+ olfactory bulb,nested_logreg_learned_random_graph,20,2,0.9277275886031967,0.018269390890405482,0.06676946806414795,27
seqFISH+ olfactory bulb,nested_logreg_learned_random_graph,21,2,0.9897444376621718,0.03664362691090441,0.043001307259611335,26
seqFISH+ olfactory bulb,nested_logreg_learned_random_graph,22,2,0.9586514545549407,0.011855891195742754,0.05412658773652741,32
seqFISH+ olfactory bulb,nested_logreg_learned_random_graph,23,2,0.9262149039407293,0.03440769435224861,0.08689660757568886,35
seqFISH+ olfactory bulb,nested_logreg_learned_random_graph,24,2,0.9975301018832973,0.007906854768920373,0.016129032258064516,31
seqFISH+ olfactory bulb,nested_logreg_learned_random_graph,25,2,0.9942627179989935,0.0023268392876843844,0.020833333333333343,24
seqFISH+ olfactory bulb,nested_logreg_learned_random_graph,26,2,0.7836357114308057,0.05050620058012113,0.11599509089229211,24
seqFISH+ olfactory bulb,nested_logreg_learned_random_graph,27,2,0.9971383145436652,0.0050109270122083195,0.016666666666666666,30
seqFISH+ olfactory bulb,nested_logreg_learned_random_graph,28,3,0.8436945125703365,0.08845834812761667,0.1335389361282959,27
seqFISH+ olfactory bulb,nested_logreg_learned_random_graph,29,3,0.9968896627387913,0.004958089820027078,0.01724137931034483,29
seqFISH+ olfactory bulb,nested_logreg_learned_random_graph,30,3,0.9185362191333997,0.05570455223829383,0.09165151389911678,25
seqFISH+ olfactory bulb,nested_logreg_learned_random_graph,31,3,0.9829822791154812,0.01638772246294586,0.044095855184409845,30
seqFISH+ olfactory bulb,nested_logreg_learned_random_graph,32,3,0.8126867771466488,0.09717139533575067,0.15386116151886217,31
seqFISH+ olfactory bulb,nested_logreg_learned_random_graph,33,3,0.8831259235059983,0.06967568241058657,0.1029158527819447,37
seqFISH+ olfactory bulb,nested_logreg_learned_random_graph,34,3,0.9817719423516801,0.02924602326626913,0.0551198189805123,24
seqFISH+ olfactory bulb,nested_logreg_learned_random_graph,35,3,0.979292925050254,0.00901826752364024,0.04561640191490673,29
seqFISH+ olfactory bulb,nested_logreg_learned_random_graph,36,3,0.8927621482791999,0.0601483639161708,0.09222752929447538,26
seqFISH+ olfactory bulb,nested_logreg_learned_random_graph,37,4,0.9387911546488631,0.05161360343800357,0.10171433030139918,42
seqFISH+ olfactory bulb,nested_logreg_learned_random_graph,38,4,0.9158310720187209,0.05902907855226496,0.10412414097938037,28
seqFISH+ olfactory bulb,nested_logreg_learned_random_graph,39,4,0.9819796099239761,0.025640453647443624,0.03765327842541037,23
seqFISH+ olfactory bulb,nested_logreg_learned_random_graph,40,4,0.9149534715560876,0.07240457967042882,0.0924387466109315,32
seqFISH+ olfactory bulb,nested_logreg_learned_random_graph,41,4,0.9881363993504317,0.013694466371385966,0.03608439182435162,24
seqFISH+ olfactory bulb,nested_logreg_learned_random_graph,42,4,0.8754008690015292,0.029585476324238878,0.08823529411764706,34
seqFISH+ olfactory bulb,nested_logreg_learned_random_graph,43,4,0.9923788365838996,0.04184954526389618,0.038552896163789485,29
seqFISH+ olfactory bulb,nested_logreg_learned_random_graph,44,4,0.9346393812166852,0.062456552148675216,0.07362688617174395,28
seqFISH+ olfactory bulb,nested_logreg_learned_random_graph,45,4,0.9853081139821663,0.046933612405569675,0.030743773095067286,23
seqFISH+ olfactory bulb,nested_logreg_learned_random_graph,46,5,0.9609999602085966,0.014014494030768631,0.05511981898051228,24
seqFISH+ olfactory bulb,nested_logreg_learned_random_graph,47,5,0.9970371645898268,0.0053998296414234275,0.019999999999999983,25
seqFISH+ olfactory bulb,nested_logreg_learned_random_graph,48,5,0.7109736629101983,0.06729007496023633,0.10101525445522108,14
seqFISH+ olfactory bulb,nested_logreg_learned_random_graph,49,5,0.9567334081216928,0.08584366774789061,0.09475867268566684,23
seqFISH+ olfactory bulb,nested_logreg_learned_random_graph,50,5,0.994820957800945,0.007396089983921096,0.022727272727272724,22
seqFISH+ olfactory bulb,nested_logreg_learned_random_graph,51,5,0.902760727583453,0.06487309178418908,0.07985957062499249,14
seqFISH+ olfactory bulb,nested_logreg_learned_random_graph,52,5,0.9838005894688683,0.027424137229720383,0.05633673867912483,32
seqFISH+ olfactory bulb,nested_logreg_learned_random_graph,53,5,0.7622017811286801,0.11991904584377605,0.13316742850202085,34
seqFISH+ olfactory bulb,nested_logreg_learned_random_graph,54,5,0.9861111111111109,0.02551483941165665,0.02525381361380527,28
seqFISH+ olfactory bulb,nested_logreg_learned_random_graph,55,6,0.7419354838709674,0.08170416594551039,0.16666666666666666,3
seqFISH+ olfactory bulb,nested_logreg_learned_random_graph,56,6,0.7524454474496882,0.11580936986396573,0.1378065120212505,31
seqFISH+ olfactory bulb,nested_logreg_learned_random_graph,57,6,0.9192629602496276,0.15750244560514196,0.07838154946660846,23
seqFISH+ olfactory bulb,nested_logreg_learned_random_graph,58,6,0.6546536707079772,0.31127812445913294,0.25,2
seqFISH+ olfactory bulb,nested_logreg_learned_random_graph,59,6,0.9068453126375147,0.05772539424629372,0.08838834764831845,24
seqFISH+ olfactory bulb,nested_logreg_learned_random_graph,60,6,1.0,0.0,0.0,15
seqFISH+ olfactory bulb,nested_logreg_learned_random_graph,61,6,0.6956083436402524,0.1245112497836531,0.1,5
seqFISH+ olfactory bulb,nested_logreg_learned_random_graph,62,6,0.6341957434983527,0.10993812179127692,0.1461670137834366,28
seqFISH+ olfactory bulb,nested_logreg_learned_random_graph,63,6,0.9938120233033697,0.032436975200822206,0.03125,16
seqFISH+ olfactory bulb,nested_logreg_learned_permuted_prior,1,0,0.890014407988931,0.09817932254380479,0.10850277962151739,19
seqFISH+ olfactory bulb,nested_logreg_learned_permuted_prior,2,0,0.9749216300940441,0.022282954348775627,0.045454545454545456,11
seqFISH+ olfactory bulb,nested_logreg_learned_permuted_prior,3,0,0.985584831330897,0.015013827906276471,0.038461538461538464,13
seqFISH+ olfactory bulb,nested_logreg_learned_permuted_prior,4,0,0.8945703337056415,0.05045684916548037,0.06211299937499416,18
seqFISH+ olfactory bulb,nested_logreg_learned_permuted_prior,5,0,0.7678298461073269,0.10476522439906027,0.09488292830168392,19
seqFISH+ olfactory bulb,nested_logreg_learned_permuted_prior,6,0,0.7041868508280461,0.1958808207147166,0.11785113019775792,12
seqFISH+ olfactory bulb,nested_logreg_learned_permuted_prior,7,0,0.8533201859828615,0.05028973958498435,0.0734930919740164,18
seqFISH+ olfactory bulb,nested_logreg_learned_permuted_prior,8,0,0.6467400199995793,0.0769060131895439,0.09488292830168392,19
seqFISH+ olfactory bulb,nested_logreg_learned_permuted_prior,9,0,0.9671367717926639,0.03549424055284079,0.03721614637823934,19
seqFISH+ olfactory bulb,nested_logreg_learned_permuted_prior,10,1,0.8538149682454623,0.0796041540450333,0.08291561975888499,20
seqFISH+ olfactory bulb,nested_logreg_learned_permuted_prior,11,1,0.9206392523481777,0.032493740474913595,0.08699631816921909,32
seqFISH+ olfactory bulb,nested_logreg_learned_permuted_prior,13,1,0.9972543712729821,0.002955326357305923,0.01612903225806451,31
seqFISH+ olfactory bulb,nested_logreg_learned_permuted_prior,14,1,0.9213706681982403,0.026654296397790836,0.08974358974358976,39
seqFISH+ olfactory bulb,nested_logreg_learned_permuted_prior,15,1,0.9454168862292721,0.07704566377293451,0.09622504486493763,9
seqFISH+ olfactory bulb,nested_logreg_learned_permuted_prior,16,1,0.9850253908799744,0.01052549360673041,0.043301270189221926,40
seqFISH+ olfactory bulb,nested_logreg_learned_permuted_prior,17,1,0.9869262880447784,0.005755628984619984,0.03391988860339219,39
seqFISH+ olfactory bulb,nested_logreg_learned_permuted_prior,18,1,0.9335369360123185,0.05393834955794124,0.10245997694221876,32
seqFISH+ olfactory bulb,nested_logreg_learned_permuted_prior,19,2,0.9352983014150312,0.04345640671032139,0.07186994682200863,22
seqFISH+ olfactory bulb,nested_logreg_learned_permuted_prior,20,2,0.9277275886031967,0.018269390890405482,0.06676946806414795,27
seqFISH+ olfactory bulb,nested_logreg_learned_permuted_prior,21,2,0.9897444376621718,0.03664362691090441,0.043001307259611335,26
seqFISH+ olfactory bulb,nested_logreg_learned_permuted_prior,22,2,0.9586514545549407,0.011855891195742754,0.05412658773652741,32
seqFISH+ olfactory bulb,nested_logreg_learned_permuted_prior,23,2,0.9262149039407293,0.03440769435224861,0.08689660757568886,35
seqFISH+ olfactory bulb,nested_logreg_learned_permuted_prior,24,2,0.9975301018832973,0.007906854768920373,0.016129032258064516,31
seqFISH+ olfactory bulb,nested_logreg_learned_permuted_prior,25,2,0.9942627179989935,0.0023268392876843844,0.020833333333333343,24
seqFISH+ olfactory bulb,nested_logreg_learned_permuted_prior,26,2,0.7836357114308057,0.05050620058012113,0.11599509089229211,24
seqFISH+ olfactory bulb,nested_logreg_learned_permuted_prior,27,2,0.9971383145436652,0.0050109270122083195,0.016666666666666666,30
seqFISH+ olfactory bulb,nested_logreg_learned_permuted_prior,28,3,0.8436945125703365,0.08845834812761667,0.1335389361282959,27
seqFISH+ olfactory bulb,nested_logreg_learned_permuted_prior,29,3,0.9968896627387913,0.004958089820027078,0.01724137931034483,29
seqFISH+ olfactory bulb,nested_logreg_learned_permuted_prior,30,3,0.9185362191333997,0.05570455223829383,0.09165151389911678,25
seqFISH+ olfactory bulb,nested_logreg_learned_permuted_prior,31,3,0.9829822791154812,0.01638772246294586,0.044095855184409845,30
seqFISH+ olfactory bulb,nested_logreg_learned_permuted_prior,32,3,0.8126867771466488,0.09717139533575067,0.15386116151886217,31
seqFISH+ olfactory bulb,nested_logreg_learned_permuted_prior,33,3,0.8831259235059983,0.06967568241058657,0.1029158527819447,37
seqFISH+ olfactory bulb,nested_logreg_learned_permuted_prior,34,3,0.9817719423516801,0.02924602326626913,0.0551198189805123,24
seqFISH+ olfactory bulb,nested_logreg_learned_permuted_prior,35,3,0.979292925050254,0.00901826752364024,0.04561640191490673,29
seqFISH+ olfactory bulb,nested_logreg_learned_permuted_prior,36,3,0.8927621482791999,0.0601483639161708,0.09222752929447538,26
seqFISH+ olfactory bulb,nested_logreg_learned_permuted_prior,37,4,0.9387911546488631,0.05161360343800357,0.10171433030139918,42
seqFISH+ olfactory bulb,nested_logreg_learned_permuted_prior,38,4,0.9158310720187209,0.05902907855226496,0.10412414097938037,28
seqFISH+ olfactory bulb,nested_logreg_learned_permuted_prior,39,4,0.9819796099239761,0.025640453647443624,0.03765327842541037,23
seqFISH+ olfactory bulb,nested_logreg_learned_permuted_prior,40,4,0.9149534715560876,0.07240457967042882,0.0924387466109315,32
seqFISH+ olfactory bulb,nested_logreg_learned_permuted_prior,41,4,0.9881363993504317,0.013694466371385966,0.03608439182435162,24
seqFISH+ olfactory bulb,nested_logreg_learned_permuted_prior,42,4,0.8754008690015292,0.029585476324238878,0.08823529411764706,34
seqFISH+ olfactory bulb,nested_logreg_learned_permuted_prior,43,4,0.9923788365838996,0.04184954526389618,0.038552896163789485,29
seqFISH+ olfactory bulb,nested_logreg_learned_permuted_prior,44,4,0.9346393812166852,0.062456552148675216,0.07362688617174395,28
seqFISH+ olfactory bulb,nested_logreg_learned_permuted_prior,45,4,0.9853081139821663,0.046933612405569675,0.030743773095067286,23
seqFISH+ olfactory bulb,nested_logreg_learned_permuted_prior,46,5,0.9609999602085966,0.014014494030768631,0.05511981898051228,24
seqFISH+ olfactory bulb,nested_logreg_learned_permuted_prior,47,5,0.9970371645898268,0.0053998296414234275,0.019999999999999983,25
seqFISH+ olfactory bulb,nested_logreg_learned_permuted_prior,48,5,0.7109736629101983,0.06729007496023633,0.10101525445522108,14
seqFISH+ olfactory bulb,nested_logreg_learned_permuted_prior,49,5,0.9567334081216928,0.08584366774789061,0.09475867268566684,23
seqFISH+ olfactory bulb,nested_logreg_learned_permuted_prior,50,5,0.994820957800945,0.007396089983921096,0.022727272727272724,22
seqFISH+ olfactory bulb,nested_logreg_learned_permuted_prior,51,5,0.902760727583453,0.06487309178418908,0.07985957062499249,14
seqFISH+ olfactory bulb,nested_logreg_learned_permuted_prior,52,5,0.9838005894688683,0.027424137229720383,0.05633673867912483,32
seqFISH+ olfactory bulb,nested_logreg_learned_permuted_prior,53,5,0.7622017811286801,0.11991904584377605,0.13316742850202085,34
seqFISH+ olfactory bulb,nested_logreg_learned_permuted_prior,54,5,0.9861111111111109,0.02551483941165665,0.02525381361380527,28
seqFISH+ olfactory bulb,nested_logreg_learned_permuted_prior,55,6,0.7419354838709674,0.08170416594551039,0.16666666666666666,3
seqFISH+ olfactory bulb,nested_logreg_learned_permuted_prior,56,6,0.7524454474496882,0.11580936986396573,0.1378065120212505,31
seqFISH+ olfactory bulb,nested_logreg_learned_permuted_prior,57,6,0.9192629602496276,0.15750244560514196,0.07838154946660846,23
seqFISH+ olfactory bulb,nested_logreg_learned_permuted_prior,58,6,0.6546536707079772,0.31127812445913294,0.25,2
seqFISH+ olfactory bulb,nested_logreg_learned_permuted_prior,59,6,0.9068453126375147,0.05772539424629372,0.08838834764831845,24
seqFISH+ olfactory bulb,nested_logreg_learned_permuted_prior,60,6,1.0,0.0,0.0,15
seqFISH+ olfactory bulb,nested_logreg_learned_permuted_prior,61,6,0.6956083436402524,0.1245112497836531,0.1,5
seqFISH+ olfactory bulb,nested_logreg_learned_permuted_prior,62,6,0.6341957434983527,0.10993812179127692,0.1461670137834366,28
seqFISH+ olfactory bulb,nested_logreg_learned_permuted_prior,63,6,0.9938120233033697,0.032436975200822206,0.03125,16
seqFISH+ olfactory bulb,nested_logreg_context_specific,1,0,0.890014407988931,0.09817932254380479,0.10850277962151739,19
seqFISH+ olfactory bulb,nested_logreg_context_specific,2,0,0.9749216300940441,0.022282954348775627,0.045454545454545456,11
seqFISH+ olfactory bulb,nested_logreg_context_specific,3,0,0.985584831330897,0.015013827906276471,0.038461538461538464,13
seqFISH+ olfactory bulb,nested_logreg_context_specific,4,0,0.8945703337056415,0.05045684916548037,0.06211299937499416,18
seqFISH+ olfactory bulb,nested_logreg_context_specific,5,0,0.7678298461073269,0.10476522439906027,0.09488292830168392,19
seqFISH+ olfactory bulb,nested_logreg_context_specific,6,0,0.7041868508280461,0.1958808207147166,0.11785113019775792,12
seqFISH+ olfactory bulb,nested_logreg_context_specific,7,0,0.8533201859828615,0.05028973958498435,0.0734930919740164,18
seqFISH+ olfactory bulb,nested_logreg_context_specific,8,0,0.6467400199995793,0.0769060131895439,0.09488292830168392,19
seqFISH+ olfactory bulb,nested_logreg_context_specific,9,0,0.9671367717926639,0.03549424055284079,0.03721614637823934,19
seqFISH+ olfactory bulb,nested_logreg_context_specific,10,1,0.8538149682454623,0.0796041540450333,0.08291561975888499,20
seqFISH+ olfactory bulb,nested_logreg_context_specific,11,1,0.9206392523481777,0.032493740474913595,0.08699631816921909,32
seqFISH+ olfactory bulb,nested_logreg_context_specific,13,1,0.9972543712729821,0.002955326357305923,0.01612903225806451,31
seqFISH+ olfactory bulb,nested_logreg_context_specific,14,1,0.9213706681982403,0.026654296397790836,0.08974358974358976,39
seqFISH+ olfactory bulb,nested_logreg_context_specific,15,1,0.9454168862292721,0.07704566377293451,0.09622504486493763,9
seqFISH+ olfactory bulb,nested_logreg_context_specific,16,1,0.9850253908799744,0.01052549360673041,0.043301270189221926,40
seqFISH+ olfactory bulb,nested_logreg_context_specific,17,1,0.9869262880447784,0.005755628984619984,0.03391988860339219,39
seqFISH+ olfactory bulb,nested_logreg_context_specific,18,1,0.9335369360123185,0.05393834955794124,0.10245997694221876,32
seqFISH+ olfactory bulb,nested_logreg_context_specific,19,2,0.9352983014150312,0.04345640671032139,0.07186994682200863,22
seqFISH+ olfactory bulb,nested_logreg_context_specific,20,2,0.9277275886031967,0.018269390890405482,0.06676946806414795,27
seqFISH+ olfactory bulb,nested_logreg_context_specific,21,2,0.9897444376621718,0.03664362691090441,0.043001307259611335,26
seqFISH+ olfactory bulb,nested_logreg_context_specific,22,2,0.9586514545549407,0.011855891195742754,0.05412658773652741,32
seqFISH+ olfactory bulb,nested_logreg_context_specific,23,2,0.9262149039407293,0.03440769435224861,0.08689660757568886,35
seqFISH+ olfactory bulb,nested_logreg_context_specific,24,2,0.9975301018832973,0.007906854768920373,0.016129032258064516,31
seqFISH+ olfactory bulb,nested_logreg_context_specific,25,2,0.9942627179989935,0.0023268392876843844,0.020833333333333343,24
seqFISH+ olfactory bulb,nested_logreg_context_specific,26,2,0.7836357114308057,0.05050620058012113,0.11599509089229211,24
seqFISH+ olfactory bulb,nested_logreg_context_specific,27,2,0.9971383145436652,0.0050109270122083195,0.016666666666666666,30
seqFISH+ olfactory bulb,nested_logreg_context_specific,28,3,0.8436945125703365,0.08845834812761667,0.1335389361282959,27
seqFISH+ olfactory bulb,nested_logreg_context_specific,29,3,0.9968896627387913,0.004958089820027078,0.01724137931034483,29
seqFISH+ olfactory bulb,nested_logreg_context_specific,30,3,0.9185362191333997,0.05570455223829383,0.09165151389911678,25
seqFISH+ olfactory bulb,nested_logreg_context_specific,31,3,0.9829822791154812,0.01638772246294586,0.044095855184409845,30
seqFISH+ olfactory bulb,nested_logreg_context_specific,32,3,0.8126867771466488,0.09717139533575067,0.15386116151886217,31
seqFISH+ olfactory bulb,nested_logreg_context_specific,33,3,0.8831259235059983,0.06967568241058657,0.1029158527819447,37
seqFISH+ olfactory bulb,nested_logreg_context_specific,34,3,0.9817719423516801,0.02924602326626913,0.0551198189805123,24
seqFISH+ olfactory bulb,nested_logreg_context_specific,35,3,0.979292925050254,0.00901826752364024,0.04561640191490673,29
seqFISH+ olfactory bulb,nested_logreg_context_specific,36,3,0.8927621482791999,0.0601483639161708,0.09222752929447538,26
seqFISH+ olfactory bulb,nested_logreg_context_specific,37,4,0.9387911546488631,0.05161360343800357,0.10171433030139918,42
seqFISH+ olfactory bulb,nested_logreg_context_specific,38,4,0.9158310720187209,0.05902907855226496,0.10412414097938037,28
seqFISH+ olfactory bulb,nested_logreg_context_specific,39,4,0.9819796099239761,0.025640453647443624,0.03765327842541037,23
seqFISH+ olfactory bulb,nested_logreg_context_specific,40,4,0.9149534715560876,0.07240457967042882,0.0924387466109315,32
seqFISH+ olfactory bulb,nested_logreg_context_specific,41,4,0.9881363993504317,0.013694466371385966,0.03608439182435162,24
seqFISH+ olfactory bulb,nested_logreg_context_specific,42,4,0.8754008690015292,0.029585476324238878,0.08823529411764706,34
seqFISH+ olfactory bulb,nested_logreg_context_specific,43,4,0.9923788365838996,0.04184954526389618,0.038552896163789485,29
seqFISH+ olfactory bulb,nested_logreg_context_specific,44,4,0.9346393812166852,0.062456552148675216,0.07362688617174395,28
seqFISH+ olfactory bulb,nested_logreg_context_specific,45,4,0.9853081139821663,0.046933612405569675,0.030743773095067286,23
seqFISH+ olfactory bulb,nested_logreg_context_specific,46,5,0.9609999602085966,0.014014494030768631,0.05511981898051228,24
seqFISH+ olfactory bulb,nested_logreg_context_specific,47,5,0.9970371645898268,0.0053998296414234275,0.019999999999999983,25
seqFISH+ olfactory bulb,nested_logreg_context_specific,48,5,0.7109736629101983,0.06729007496023633,0.10101525445522108,14
seqFISH+ olfactory bulb,nested_logreg_context_specific,49,5,0.9567334081216928,0.08584366774789061,0.09475867268566684,23
seqFISH+ olfactory bulb,nested_logreg_context_specific,50,5,0.994820957800945,0.007396089983921096,0.022727272727272724,22
seqFISH+ olfactory bulb,nested_logreg_context_specific,51,5,0.902760727583453,0.06487309178418908,0.07985957062499249,14
seqFISH+ olfactory bulb,nested_logreg_context_specific,52,5,0.9838005894688683,0.027424137229720383,0.05633673867912483,32
seqFISH+ olfactory bulb,nested_logreg_context_specific,53,5,0.7622017811286801,0.11991904584377605,0.13316742850202085,34
seqFISH+ olfactory bulb,nested_logreg_context_specific,54,5,0.9861111111111109,0.02551483941165665,0.02525381361380527,28
seqFISH+ olfactory bulb,nested_logreg_context_specific,55,6,0.7419354838709674,0.08170416594551039,0.16666666666666666,3
seqFISH+ olfactory bulb,nested_logreg_context_specific,56,6,0.7524454474496882,0.11580936986396573,0.1378065120212505,31
seqFISH+ olfactory bulb,nested_logreg_context_specific,57,6,0.9192629602496276,0.15750244560514196,0.07838154946660846,23
seqFISH+ olfactory bulb,nested_logreg_context_specific,58,6,0.6546536707079772,0.31127812445913294,0.25,2
seqFISH+ olfactory bulb,nested_logreg_context_specific,59,6,0.9068453126375147,0.05772539424629372,0.08838834764831845,24
seqFISH+ olfactory bulb,nested_logreg_context_specific,60,6,1.0,0.0,0.0,15
seqFISH+ olfactory bulb,nested_logreg_context_specific,61,6,0.6956083436402524,0.1245112497836531,0.1,5
seqFISH+ olfactory bulb,nested_logreg_context_specific,62,6,0.6341957434983527,0.10993812179127692,0.1461670137834366,28
seqFISH+ olfactory bulb,nested_logreg_context_specific,63,6,0.9938120233033697,0.032436975200822206,0.03125,16
seqFISH+ olfactory bulb,nested_gated_logreg_learned_neighborhood,1,0,0.890014407988931,0.09817932254380479,0.10850277962151739,19
seqFISH+ olfactory bulb,nested_gated_logreg_learned_neighborhood,2,0,0.9749216300940441,0.022282954348775627,0.045454545454545456,11
seqFISH+ olfactory bulb,nested_gated_logreg_learned_neighborhood,3,0,0.985584831330897,0.015013827906276471,0.038461538461538464,13
seqFISH+ olfactory bulb,nested_gated_logreg_learned_neighborhood,4,0,0.8945703337056415,0.05045684916548037,0.06211299937499416,18
seqFISH+ olfactory bulb,nested_gated_logreg_learned_neighborhood,5,0,0.7678298461073269,0.10476522439906027,0.09488292830168392,19
seqFISH+ olfactory bulb,nested_gated_logreg_learned_neighborhood,6,0,0.7041868508280461,0.1958808207147166,0.11785113019775792,12
seqFISH+ olfactory bulb,nested_gated_logreg_learned_neighborhood,7,0,0.8533201859828615,0.05028973958498435,0.0734930919740164,18
seqFISH+ olfactory bulb,nested_gated_logreg_learned_neighborhood,8,0,0.6467400199995793,0.0769060131895439,0.09488292830168392,19
seqFISH+ olfactory bulb,nested_gated_logreg_learned_neighborhood,9,0,0.9671367717926639,0.03549424055284079,0.03721614637823934,19
seqFISH+ olfactory bulb,nested_gated_logreg_learned_neighborhood,10,1,0.8538149682454623,0.0796041540450333,0.08291561975888499,20
seqFISH+ olfactory bulb,nested_gated_logreg_learned_neighborhood,11,1,0.9206392523481777,0.032493740474913595,0.08699631816921909,32
seqFISH+ olfactory bulb,nested_gated_logreg_learned_neighborhood,13,1,0.9972543712729821,0.002955326357305923,0.01612903225806451,31
seqFISH+ olfactory bulb,nested_gated_logreg_learned_neighborhood,14,1,0.9213706681982403,0.026654296397790836,0.08974358974358976,39
seqFISH+ olfactory bulb,nested_gated_logreg_learned_neighborhood,15,1,0.9454168862292721,0.07704566377293451,0.09622504486493763,9
seqFISH+ olfactory bulb,nested_gated_logreg_learned_neighborhood,16,1,0.9850253908799744,0.01052549360673041,0.043301270189221926,40
seqFISH+ olfactory bulb,nested_gated_logreg_learned_neighborhood,17,1,0.9869262880447784,0.005755628984619984,0.03391988860339219,39
seqFISH+ olfactory bulb,nested_gated_logreg_learned_neighborhood,18,1,0.9335369360123185,0.05393834955794124,0.10245997694221876,32
seqFISH+ olfactory bulb,nested_gated_logreg_learned_neighborhood,19,2,0.9352983014150312,0.04345640671032139,0.07186994682200863,22
seqFISH+ olfactory bulb,nested_gated_logreg_learned_neighborhood,20,2,0.9277275886031967,0.018269390890405482,0.06676946806414795,27
seqFISH+ olfactory bulb,nested_gated_logreg_learned_neighborhood,21,2,0.9897444376621718,0.03664362691090441,0.043001307259611335,26
seqFISH+ olfactory bulb,nested_gated_logreg_learned_neighborhood,22,2,0.9586514545549407,0.011855891195742754,0.05412658773652741,32
seqFISH+ olfactory bulb,nested_gated_logreg_learned_neighborhood,23,2,0.9262149039407293,0.03440769435224861,0.08689660757568886,35
seqFISH+ olfactory bulb,nested_gated_logreg_learned_neighborhood,24,2,0.9975301018832973,0.007906854768920373,0.016129032258064516,31
seqFISH+ olfactory bulb,nested_gated_logreg_learned_neighborhood,25,2,0.9942627179989935,0.0023268392876843844,0.020833333333333343,24
seqFISH+ olfactory bulb,nested_gated_logreg_learned_neighborhood,26,2,0.7836357114308057,0.05050620058012113,0.11599509089229211,24
seqFISH+ olfactory bulb,nested_gated_logreg_learned_neighborhood,27,2,0.9971383145436652,0.0050109270122083195,0.016666666666666666,30
seqFISH+ olfactory bulb,nested_gated_logreg_learned_neighborhood,28,3,0.8436945125703365,0.08845834812761667,0.1335389361282959,27
seqFISH+ olfactory bulb,nested_gated_logreg_learned_neighborhood,29,3,0.9968896627387913,0.004958089820027078,0.01724137931034483,29
seqFISH+ olfactory bulb,nested_gated_logreg_learned_neighborhood,30,3,0.9185362191333997,0.05570455223829383,0.09165151389911678,25
seqFISH+ olfactory bulb,nested_gated_logreg_learned_neighborhood,31,3,0.9829822791154812,0.01638772246294586,0.044095855184409845,30
seqFISH+ olfactory bulb,nested_gated_logreg_learned_neighborhood,32,3,0.8126867771466488,0.09717139533575067,0.15386116151886217,31
seqFISH+ olfactory bulb,nested_gated_logreg_learned_neighborhood,33,3,0.8831259235059983,0.06967568241058657,0.1029158527819447,37
seqFISH+ olfactory bulb,nested_gated_logreg_learned_neighborhood,34,3,0.9817719423516801,0.02924602326626913,0.0551198189805123,24
seqFISH+ olfactory bulb,nested_gated_logreg_learned_neighborhood,35,3,0.979292925050254,0.00901826752364024,0.04561640191490673,29
seqFISH+ olfactory bulb,nested_gated_logreg_learned_neighborhood,36,3,0.8927621482791999,0.0601483639161708,0.09222752929447538,26
seqFISH+ olfactory bulb,nested_gated_logreg_learned_neighborhood,37,4,0.9387911546488631,0.05161360343800357,0.10171433030139918,42
seqFISH+ olfactory bulb,nested_gated_logreg_learned_neighborhood,38,4,0.9158310720187209,0.05902907855226496,0.10412414097938037,28
seqFISH+ olfactory bulb,nested_gated_logreg_learned_neighborhood,39,4,0.9819796099239761,0.025640453647443624,0.03765327842541037,23
seqFISH+ olfactory bulb,nested_gated_logreg_learned_neighborhood,40,4,0.9149534715560876,0.07240457967042882,0.0924387466109315,32
seqFISH+ olfactory bulb,nested_gated_logreg_learned_neighborhood,41,4,0.9881363993504317,0.013694466371385966,0.03608439182435162,24
seqFISH+ olfactory bulb,nested_gated_logreg_learned_neighborhood,42,4,0.8754008690015292,0.029585476324238878,0.08823529411764706,34
seqFISH+ olfactory bulb,nested_gated_logreg_learned_neighborhood,43,4,0.9923788365838996,0.04184954526389618,0.038552896163789485,29
seqFISH+ olfactory bulb,nested_gated_logreg_learned_neighborhood,44,4,0.9346393812166852,0.062456552148675216,0.07362688617174395,28
seqFISH+ olfactory bulb,nested_gated_logreg_learned_neighborhood,45,4,0.9853081139821663,0.046933612405569675,0.030743773095067286,23
seqFISH+ olfactory bulb,nested_gated_logreg_learned_neighborhood,46,5,0.9609999602085966,0.014014494030768631,0.05511981898051228,24
seqFISH+ olfactory bulb,nested_gated_logreg_learned_neighborhood,47,5,0.9970371645898268,0.0053998296414234275,0.019999999999999983,25
seqFISH+ olfactory bulb,nested_gated_logreg_learned_neighborhood,48,5,0.7109736629101983,0.06729007496023633,0.10101525445522108,14
seqFISH+ olfactory bulb,nested_gated_logreg_learned_neighborhood,49,5,0.9567334081216928,0.08584366774789061,0.09475867268566684,23
seqFISH+ olfactory bulb,nested_gated_logreg_learned_neighborhood,50,5,0.994820957800945,0.007396089983921096,0.022727272727272724,22
seqFISH+ olfactory bulb,nested_gated_logreg_learned_neighborhood,51,5,0.902760727583453,0.06487309178418908,0.07985957062499249,14
seqFISH+ olfactory bulb,nested_gated_logreg_learned_neighborhood,52,5,0.9838005894688683,0.027424137229720383,0.05633673867912483,32
seqFISH+ olfactory bulb,nested_gated_logreg_learned_neighborhood,53,5,0.7622017811286801,0.11991904584377605,0.13316742850202085,34
seqFISH+ olfactory bulb,nested_gated_logreg_learned_neighborhood,54,5,0.9861111111111109,0.02551483941165665,0.02525381361380527,28
seqFISH+ olfactory bulb,nested_gated_logreg_learned_neighborhood,55,6,0.7419354838709674,0.08170416594551039,0.16666666666666666,3
seqFISH+ olfactory bulb,nested_gated_logreg_learned_neighborhood,56,6,0.7524454474496882,0.11580936986396573,0.1378065120212505,31
seqFISH+ olfactory bulb,nested_gated_logreg_learned_neighborhood,57,6,0.9192629602496276,0.15750244560514196,0.07838154946660846,23
seqFISH+ olfactory bulb,nested_gated_logreg_learned_neighborhood,58,6,0.6546536707079772,0.31127812445913294,0.25,2
seqFISH+ olfactory bulb,nested_gated_logreg_learned_neighborhood,59,6,0.9068453126375147,0.05772539424629372,0.08838834764831845,24
seqFISH+ olfactory bulb,nested_gated_logreg_learned_neighborhood,60,6,1.0,0.0,0.0,15
seqFISH+ olfactory bulb,nested_gated_logreg_learned_neighborhood,61,6,0.6956083436402524,0.1245112497836531,0.1,5
seqFISH+ olfactory bulb,nested_gated_logreg_learned_neighborhood,62,6,0.6341957434983527,0.10993812179127692,0.1461670137834366,28
seqFISH+ olfactory bulb,nested_gated_logreg_learned_neighborhood,63,6,0.9938120233033697,0.032436975200822206,0.03125,16
seqFISH+ olfactory bulb,nested_gated_logreg_learned_random_graph,1,0,0.890014407988931,0.09817932254380479,0.10850277962151739,19
seqFISH+ olfactory bulb,nested_gated_logreg_learned_random_graph,2,0,0.9749216300940441,0.022282954348775627,0.045454545454545456,11
seqFISH+ olfactory bulb,nested_gated_logreg_learned_random_graph,3,0,0.985584831330897,0.015013827906276471,0.038461538461538464,13
seqFISH+ olfactory bulb,nested_gated_logreg_learned_random_graph,4,0,0.8945703337056415,0.05045684916548037,0.06211299937499416,18
seqFISH+ olfactory bulb,nested_gated_logreg_learned_random_graph,5,0,0.7678298461073269,0.10476522439906027,0.09488292830168392,19
seqFISH+ olfactory bulb,nested_gated_logreg_learned_random_graph,6,0,0.7041868508280461,0.1958808207147166,0.11785113019775792,12
seqFISH+ olfactory bulb,nested_gated_logreg_learned_random_graph,7,0,0.8533201859828615,0.05028973958498435,0.0734930919740164,18
seqFISH+ olfactory bulb,nested_gated_logreg_learned_random_graph,8,0,0.6467400199995793,0.0769060131895439,0.09488292830168392,19
seqFISH+ olfactory bulb,nested_gated_logreg_learned_random_graph,9,0,0.9671367717926639,0.03549424055284079,0.03721614637823934,19
seqFISH+ olfactory bulb,nested_gated_logreg_learned_random_graph,10,1,0.8538149682454623,0.0796041540450333,0.08291561975888499,20
seqFISH+ olfactory bulb,nested_gated_logreg_learned_random_graph,11,1,0.9206392523481777,0.032493740474913595,0.08699631816921909,32
seqFISH+ olfactory bulb,nested_gated_logreg_learned_random_graph,13,1,0.9972543712729821,0.002955326357305923,0.01612903225806451,31
seqFISH+ olfactory bulb,nested_gated_logreg_learned_random_graph,14,1,0.9213706681982403,0.026654296397790836,0.08974358974358976,39
seqFISH+ olfactory bulb,nested_gated_logreg_learned_random_graph,15,1,0.9454168862292721,0.07704566377293451,0.09622504486493763,9
seqFISH+ olfactory bulb,nested_gated_logreg_learned_random_graph,16,1,0.9850253908799744,0.01052549360673041,0.043301270189221926,40
seqFISH+ olfactory bulb,nested_gated_logreg_learned_random_graph,17,1,0.9869262880447784,0.005755628984619984,0.03391988860339219,39
seqFISH+ olfactory bulb,nested_gated_logreg_learned_random_graph,18,1,0.9335369360123185,0.05393834955794124,0.10245997694221876,32
seqFISH+ olfactory bulb,nested_gated_logreg_learned_random_graph,19,2,0.9352983014150312,0.04345640671032139,0.07186994682200863,22
seqFISH+ olfactory bulb,nested_gated_logreg_learned_random_graph,20,2,0.9277275886031967,0.018269390890405482,0.06676946806414795,27
seqFISH+ olfactory bulb,nested_gated_logreg_learned_random_graph,21,2,0.9897444376621718,0.03664362691090441,0.043001307259611335,26
seqFISH+ olfactory bulb,nested_gated_logreg_learned_random_graph,22,2,0.9586514545549407,0.011855891195742754,0.05412658773652741,32
seqFISH+ olfactory bulb,nested_gated_logreg_learned_random_graph,23,2,0.9262149039407293,0.03440769435224861,0.08689660757568886,35
seqFISH+ olfactory bulb,nested_gated_logreg_learned_random_graph,24,2,0.9975301018832973,0.007906854768920373,0.016129032258064516,31
seqFISH+ olfactory bulb,nested_gated_logreg_learned_random_graph,25,2,0.9942627179989935,0.0023268392876843844,0.020833333333333343,24
seqFISH+ olfactory bulb,nested_gated_logreg_learned_random_graph,26,2,0.7836357114308057,0.05050620058012113,0.11599509089229211,24
seqFISH+ olfactory bulb,nested_gated_logreg_learned_random_graph,27,2,0.9971383145436652,0.0050109270122083195,0.016666666666666666,30
seqFISH+ olfactory bulb,nested_gated_logreg_learned_random_graph,28,3,0.8436945125703365,0.08845834812761667,0.1335389361282959,27
seqFISH+ olfactory bulb,nested_gated_logreg_learned_random_graph,29,3,0.9968896627387913,0.004958089820027078,0.01724137931034483,29
seqFISH+ olfactory bulb,nested_gated_logreg_learned_random_graph,30,3,0.9185362191333997,0.05570455223829383,0.09165151389911678,25
seqFISH+ olfactory bulb,nested_gated_logreg_learned_random_graph,31,3,0.9829822791154812,0.01638772246294586,0.044095855184409845,30
seqFISH+ olfactory bulb,nested_gated_logreg_learned_random_graph,32,3,0.8126867771466488,0.09717139533575067,0.15386116151886217,31
seqFISH+ olfactory bulb,nested_gated_logreg_learned_random_graph,33,3,0.8831259235059983,0.06967568241058657,0.1029158527819447,37
seqFISH+ olfactory bulb,nested_gated_logreg_learned_random_graph,34,3,0.9817719423516801,0.02924602326626913,0.0551198189805123,24
seqFISH+ olfactory bulb,nested_gated_logreg_learned_random_graph,35,3,0.979292925050254,0.00901826752364024,0.04561640191490673,29
seqFISH+ olfactory bulb,nested_gated_logreg_learned_random_graph,36,3,0.8927621482791999,0.0601483639161708,0.09222752929447538,26
seqFISH+ olfactory bulb,nested_gated_logreg_learned_random_graph,37,4,0.9387911546488631,0.05161360343800357,0.10171433030139918,42
seqFISH+ olfactory bulb,nested_gated_logreg_learned_random_graph,38,4,0.9158310720187209,0.05902907855226496,0.10412414097938037,28
seqFISH+ olfactory bulb,nested_gated_logreg_learned_random_graph,39,4,0.9819796099239761,0.025640453647443624,0.03765327842541037,23
seqFISH+ olfactory bulb,nested_gated_logreg_learned_random_graph,40,4,0.9149534715560876,0.07240457967042882,0.0924387466109315,32
seqFISH+ olfactory bulb,nested_gated_logreg_learned_random_graph,41,4,0.9881363993504317,0.013694466371385966,0.03608439182435162,24
seqFISH+ olfactory bulb,nested_gated_logreg_learned_random_graph,42,4,0.8754008690015292,0.029585476324238878,0.08823529411764706,34
seqFISH+ olfactory bulb,nested_gated_logreg_learned_random_graph,43,4,0.9923788365838996,0.04184954526389618,0.038552896163789485,29
seqFISH+ olfactory bulb,nested_gated_logreg_learned_random_graph,44,4,0.9346393812166852,0.062456552148675216,0.07362688617174395,28
seqFISH+ olfactory bulb,nested_gated_logreg_learned_random_graph,45,4,0.9853081139821663,0.046933612405569675,0.030743773095067286,23
seqFISH+ olfactory bulb,nested_gated_logreg_learned_random_graph,46,5,0.9609999602085966,0.014014494030768631,0.05511981898051228,24
seqFISH+ olfactory bulb,nested_gated_logreg_learned_random_graph,47,5,0.9970371645898268,0.0053998296414234275,0.019999999999999983,25
seqFISH+ olfactory bulb,nested_gated_logreg_learned_random_graph,48,5,0.7109736629101983,0.06729007496023633,0.10101525445522108,14
seqFISH+ olfactory bulb,nested_gated_logreg_learned_random_graph,49,5,0.9567334081216928,0.08584366774789061,0.09475867268566684,23
seqFISH+ olfactory bulb,nested_gated_logreg_learned_random_graph,50,5,0.994820957800945,0.007396089983921096,0.022727272727272724,22
seqFISH+ olfactory bulb,nested_gated_logreg_learned_random_graph,51,5,0.902760727583453,0.06487309178418908,0.07985957062499249,14
seqFISH+ olfactory bulb,nested_gated_logreg_learned_random_graph,52,5,0.9838005894688683,0.027424137229720383,0.05633673867912483,32
seqFISH+ olfactory bulb,nested_gated_logreg_learned_random_graph,53,5,0.7622017811286801,0.11991904584377605,0.13316742850202085,34
seqFISH+ olfactory bulb,nested_gated_logreg_learned_random_graph,54,5,0.9861111111111109,0.02551483941165665,0.02525381361380527,28
seqFISH+ olfactory bulb,nested_gated_logreg_learned_random_graph,55,6,0.7419354838709674,0.08170416594551039,0.16666666666666666,3
seqFISH+ olfactory bulb,nested_gated_logreg_learned_random_graph,56,6,0.7524454474496882,0.11580936986396573,0.1378065120212505,31
seqFISH+ olfactory bulb,nested_gated_logreg_learned_random_graph,57,6,0.9192629602496276,0.15750244560514196,0.07838154946660846,23
seqFISH+ olfactory bulb,nested_gated_logreg_learned_random_graph,58,6,0.6546536707079772,0.31127812445913294,0.25,2
seqFISH+ olfactory bulb,nested_gated_logreg_learned_random_graph,59,6,0.9068453126375147,0.05772539424629372,0.08838834764831845,24
seqFISH+ olfactory bulb,nested_gated_logreg_learned_random_graph,60,6,1.0,0.0,0.0,15
seqFISH+ olfactory bulb,nested_gated_logreg_learned_random_graph,61,6,0.6956083436402524,0.1245112497836531,0.1,5
seqFISH+ olfactory bulb,nested_gated_logreg_learned_random_graph,62,6,0.6341957434983527,0.10993812179127692,0.1461670137834366,28
seqFISH+ olfactory bulb,nested_gated_logreg_learned_random_graph,63,6,0.9938120233033697,0.032436975200822206,0.03125,16
seqFISH+ olfactory bulb,nested_gated_logreg_learned_permuted_prior,1,0,0.890014407988931,0.09817932254380479,0.10850277962151739,19
seqFISH+ olfactory bulb,nested_gated_logreg_learned_permuted_prior,2,0,0.9749216300940441,0.022282954348775627,0.045454545454545456,11
seqFISH+ olfactory bulb,nested_gated_logreg_learned_permuted_prior,3,0,0.985584831330897,0.015013827906276471,0.038461538461538464,13
seqFISH+ olfactory bulb,nested_gated_logreg_learned_permuted_prior,4,0,0.8945703337056415,0.05045684916548037,0.06211299937499416,18
seqFISH+ olfactory bulb,nested_gated_logreg_learned_permuted_prior,5,0,0.7678298461073269,0.10476522439906027,0.09488292830168392,19
seqFISH+ olfactory bulb,nested_gated_logreg_learned_permuted_prior,6,0,0.7041868508280461,0.1958808207147166,0.11785113019775792,12
seqFISH+ olfactory bulb,nested_gated_logreg_learned_permuted_prior,7,0,0.8533201859828615,0.05028973958498435,0.0734930919740164,18
seqFISH+ olfactory bulb,nested_gated_logreg_learned_permuted_prior,8,0,0.6467400199995793,0.0769060131895439,0.09488292830168392,19
seqFISH+ olfactory bulb,nested_gated_logreg_learned_permuted_prior,9,0,0.9671367717926639,0.03549424055284079,0.03721614637823934,19
seqFISH+ olfactory bulb,nested_gated_logreg_learned_permuted_prior,10,1,0.8538149682454623,0.0796041540450333,0.08291561975888499,20
seqFISH+ olfactory bulb,nested_gated_logreg_learned_permuted_prior,11,1,0.9206392523481777,0.032493740474913595,0.08699631816921909,32
seqFISH+ olfactory bulb,nested_gated_logreg_learned_permuted_prior,13,1,0.9972543712729821,0.002955326357305923,0.01612903225806451,31
seqFISH+ olfactory bulb,nested_gated_logreg_learned_permuted_prior,14,1,0.9213706681982403,0.026654296397790836,0.08974358974358976,39
seqFISH+ olfactory bulb,nested_gated_logreg_learned_permuted_prior,15,1,0.9454168862292721,0.07704566377293451,0.09622504486493763,9
seqFISH+ olfactory bulb,nested_gated_logreg_learned_permuted_prior,16,1,0.9850253908799744,0.01052549360673041,0.043301270189221926,40
seqFISH+ olfactory bulb,nested_gated_logreg_learned_permuted_prior,17,1,0.9869262880447784,0.005755628984619984,0.03391988860339219,39
seqFISH+ olfactory bulb,nested_gated_logreg_learned_permuted_prior,18,1,0.9335369360123185,0.05393834955794124,0.10245997694221876,32
seqFISH+ olfactory bulb,nested_gated_logreg_learned_permuted_prior,19,2,0.9352983014150312,0.04345640671032139,0.07186994682200863,22
seqFISH+ olfactory bulb,nested_gated_logreg_learned_permuted_prior,20,2,0.9277275886031967,0.018269390890405482,0.06676946806414795,27
seqFISH+ olfactory bulb,nested_gated_logreg_learned_permuted_prior,21,2,0.9897444376621718,0.03664362691090441,0.043001307259611335,26
seqFISH+ olfactory bulb,nested_gated_logreg_learned_permuted_prior,22,2,0.9586514545549407,0.011855891195742754,0.05412658773652741,32
seqFISH+ olfactory bulb,nested_gated_logreg_learned_permuted_prior,23,2,0.9262149039407293,0.03440769435224861,0.08689660757568886,35
seqFISH+ olfactory bulb,nested_gated_logreg_learned_permuted_prior,24,2,0.9975301018832973,0.007906854768920373,0.016129032258064516,31
seqFISH+ olfactory bulb,nested_gated_logreg_learned_permuted_prior,25,2,0.9942627179989935,0.0023268392876843844,0.020833333333333343,24
seqFISH+ olfactory bulb,nested_gated_logreg_learned_permuted_prior,26,2,0.7836357114308057,0.05050620058012113,0.11599509089229211,24
seqFISH+ olfactory bulb,nested_gated_logreg_learned_permuted_prior,27,2,0.9971383145436652,0.0050109270122083195,0.016666666666666666,30
seqFISH+ olfactory bulb,nested_gated_logreg_learned_permuted_prior,28,3,0.8436945125703365,0.08845834812761667,0.1335389361282959,27
seqFISH+ olfactory bulb,nested_gated_logreg_learned_permuted_prior,29,3,0.9968896627387913,0.004958089820027078,0.01724137931034483,29
seqFISH+ olfactory bulb,nested_gated_logreg_learned_permuted_prior,30,3,0.9185362191333997,0.05570455223829383,0.09165151389911678,25
seqFISH+ olfactory bulb,nested_gated_logreg_learned_permuted_prior,31,3,0.9829822791154812,0.01638772246294586,0.044095855184409845,30
seqFISH+ olfactory bulb,nested_gated_logreg_learned_permuted_prior,32,3,0.8126867771466488,0.09717139533575067,0.15386116151886217,31
seqFISH+ olfactory bulb,nested_gated_logreg_learned_permuted_prior,33,3,0.8831259235059983,0.06967568241058657,0.1029158527819447,37
seqFISH+ olfactory bulb,nested_gated_logreg_learned_permuted_prior,34,3,0.9817719423516801,0.02924602326626913,0.0551198189805123,24
seqFISH+ olfactory bulb,nested_gated_logreg_learned_permuted_prior,35,3,0.979292925050254,0.00901826752364024,0.04561640191490673,29
seqFISH+ olfactory bulb,nested_gated_logreg_learned_permuted_prior,36,3,0.8927621482791999,0.0601483639161708,0.09222752929447538,26
seqFISH+ olfactory bulb,nested_gated_logreg_learned_permuted_prior,37,4,0.9387911546488631,0.05161360343800357,0.10171433030139918,42
seqFISH+ olfactory bulb,nested_gated_logreg_learned_permuted_prior,38,4,0.9158310720187209,0.05902907855226496,0.10412414097938037,28
seqFISH+ olfactory bulb,nested_gated_logreg_learned_permuted_prior,39,4,0.9819796099239761,0.025640453647443624,0.03765327842541037,23
seqFISH+ olfactory bulb,nested_gated_logreg_learned_permuted_prior,40,4,0.9149534715560876,0.07240457967042882,0.0924387466109315,32
seqFISH+ olfactory bulb,nested_gated_logreg_learned_permuted_prior,41,4,0.9881363993504317,0.013694466371385966,0.03608439182435162,24
seqFISH+ olfactory bulb,nested_gated_logreg_learned_permuted_prior,42,4,0.8754008690015292,0.029585476324238878,0.08823529411764706,34
seqFISH+ olfactory bulb,nested_gated_logreg_learned_permuted_prior,43,4,0.9923788365838996,0.04184954526389618,0.038552896163789485,29
seqFISH+ olfactory bulb,nested_gated_logreg_learned_permuted_prior,44,4,0.9346393812166852,0.062456552148675216,0.07362688617174395,28
seqFISH+ olfactory bulb,nested_gated_logreg_learned_permuted_prior,45,4,0.9853081139821663,0.046933612405569675,0.030743773095067286,23
seqFISH+ olfactory bulb,nested_gated_logreg_learned_permuted_prior,46,5,0.9609999602085966,0.014014494030768631,0.05511981898051228,24
seqFISH+ olfactory bulb,nested_gated_logreg_learned_permuted_prior,47,5,0.9970371645898268,0.0053998296414234275,0.019999999999999983,25
seqFISH+ olfactory bulb,nested_gated_logreg_learned_permuted_prior,48,5,0.7109736629101983,0.06729007496023633,0.10101525445522108,14
seqFISH+ olfactory bulb,nested_gated_logreg_learned_permuted_prior,49,5,0.9567334081216928,0.08584366774789061,0.09475867268566684,23
seqFISH+ olfactory bulb,nested_gated_logreg_learned_permuted_prior,50,5,0.994820957800945,0.007396089983921096,0.022727272727272724,22
seqFISH+ olfactory bulb,nested_gated_logreg_learned_permuted_prior,51,5,0.902760727583453,0.06487309178418908,0.07985957062499249,14
seqFISH+ olfactory bulb,nested_gated_logreg_learned_permuted_prior,52,5,0.9838005894688683,0.027424137229720383,0.05633673867912483,32
seqFISH+ olfactory bulb,nested_gated_logreg_learned_permuted_prior,53,5,0.7622017811286801,0.11991904584377605,0.13316742850202085,34
seqFISH+ olfactory bulb,nested_gated_logreg_learned_permuted_prior,54,5,0.9861111111111109,0.02551483941165665,0.02525381361380527,28
seqFISH+ olfactory bulb,nested_gated_logreg_learned_permuted_prior,55,6,0.7419354838709674,0.08170416594551039,0.16666666666666666,3
seqFISH+ olfactory bulb,nested_gated_logreg_learned_permuted_prior,56,6,0.7524454474496882,0.11580936986396573,0.1378065120212505,31
seqFISH+ olfactory bulb,nested_gated_logreg_learned_permuted_prior,57,6,0.9192629602496276,0.15750244560514196,0.07838154946660846,23
seqFISH+ olfactory bulb,nested_gated_logreg_learned_permuted_prior,58,6,0.6546536707079772,0.31127812445913294,0.25,2
seqFISH+ olfactory bulb,nested_gated_logreg_learned_permuted_prior,59,6,0.9068453126375147,0.05772539424629372,0.08838834764831845,24
seqFISH+ olfactory bulb,nested_gated_logreg_learned_permuted_prior,60,6,1.0,0.0,0.0,15
seqFISH+ olfactory bulb,nested_gated_logreg_learned_permuted_prior,61,6,0.6956083436402524,0.1245112497836531,0.1,5
seqFISH+ olfactory bulb,nested_gated_logreg_learned_permuted_prior,62,6,0.6341957434983527,0.10993812179127692,0.1461670137834366,28
seqFISH+ olfactory bulb,nested_gated_logreg_learned_permuted_prior,63,6,0.9938120233033697,0.032436975200822206,0.03125,16
seqFISH+ olfactory bulb,nested_gated_logreg_context_specific,1,0,0.890014407988931,0.09817932254380479,0.10850277962151739,19
seqFISH+ olfactory bulb,nested_gated_logreg_context_specific,2,0,0.9749216300940441,0.022282954348775627,0.045454545454545456,11
seqFISH+ olfactory bulb,nested_gated_logreg_context_specific,3,0,0.985584831330897,0.015013827906276471,0.038461538461538464,13
seqFISH+ olfactory bulb,nested_gated_logreg_context_specific,4,0,0.8945703337056415,0.05045684916548037,0.06211299937499416,18
seqFISH+ olfactory bulb,nested_gated_logreg_context_specific,5,0,0.7678298461073269,0.10476522439906027,0.09488292830168392,19
seqFISH+ olfactory bulb,nested_gated_logreg_context_specific,6,0,0.7041868508280461,0.1958808207147166,0.11785113019775792,12
seqFISH+ olfactory bulb,nested_gated_logreg_context_specific,7,0,0.8533201859828615,0.05028973958498435,0.0734930919740164,18
seqFISH+ olfactory bulb,nested_gated_logreg_context_specific,8,0,0.6467400199995793,0.0769060131895439,0.09488292830168392,19
seqFISH+ olfactory bulb,nested_gated_logreg_context_specific,9,0,0.9671367717926639,0.03549424055284079,0.03721614637823934,19
seqFISH+ olfactory bulb,nested_gated_logreg_context_specific,10,1,0.8538149682454623,0.0796041540450333,0.08291561975888499,20
seqFISH+ olfactory bulb,nested_gated_logreg_context_specific,11,1,0.9206392523481777,0.032493740474913595,0.08699631816921909,32
seqFISH+ olfactory bulb,nested_gated_logreg_context_specific,13,1,0.9972543712729821,0.002955326357305923,0.01612903225806451,31
seqFISH+ olfactory bulb,nested_gated_logreg_context_specific,14,1,0.9213706681982403,0.026654296397790836,0.08974358974358976,39
seqFISH+ olfactory bulb,nested_gated_logreg_context_specific,15,1,0.9454168862292721,0.07704566377293451,0.09622504486493763,9
seqFISH+ olfactory bulb,nested_gated_logreg_context_specific,16,1,0.9850253908799744,0.01052549360673041,0.043301270189221926,40
seqFISH+ olfactory bulb,nested_gated_logreg_context_specific,17,1,0.9869262880447784,0.005755628984619984,0.03391988860339219,39
seqFISH+ olfactory bulb,nested_gated_logreg_context_specific,18,1,0.9335369360123185,0.05393834955794124,0.10245997694221876,32
seqFISH+ olfactory bulb,nested_gated_logreg_context_specific,19,2,0.9352983014150312,0.04345640671032139,0.07186994682200863,22
seqFISH+ olfactory bulb,nested_gated_logreg_context_specific,20,2,0.9277275886031967,0.018269390890405482,0.06676946806414795,27
seqFISH+ olfactory bulb,nested_gated_logreg_context_specific,21,2,0.9897444376621718,0.03664362691090441,0.043001307259611335,26
seqFISH+ olfactory bulb,nested_gated_logreg_context_specific,22,2,0.9586514545549407,0.011855891195742754,0.05412658773652741,32
seqFISH+ olfactory bulb,nested_gated_logreg_context_specific,23,2,0.9262149039407293,0.03440769435224861,0.08689660757568886,35
seqFISH+ olfactory bulb,nested_gated_logreg_context_specific,24,2,0.9975301018832973,0.007906854768920373,0.016129032258064516,31
seqFISH+ olfactory bulb,nested_gated_logreg_context_specific,25,2,0.9942627179989935,0.0023268392876843844,0.020833333333333343,24
seqFISH+ olfactory bulb,nested_gated_logreg_context_specific,26,2,0.7836357114308057,0.05050620058012113,0.11599509089229211,24
seqFISH+ olfactory bulb,nested_gated_logreg_context_specific,27,2,0.9971383145436652,0.0050109270122083195,0.016666666666666666,30
seqFISH+ olfactory bulb,nested_gated_logreg_context_specific,28,3,0.8436945125703365,0.08845834812761667,0.1335389361282959,27
seqFISH+ olfactory bulb,nested_gated_logreg_context_specific,29,3,0.9968896627387913,0.004958089820027078,0.01724137931034483,29
seqFISH+ olfactory bulb,nested_gated_logreg_context_specific,30,3,0.9185362191333997,0.05570455223829383,0.09165151389911678,25
seqFISH+ olfactory bulb,nested_gated_logreg_context_specific,31,3,0.9829822791154812,0.01638772246294586,0.044095855184409845,30
seqFISH+ olfactory bulb,nested_gated_logreg_context_specific,32,3,0.8126867771466488,0.09717139533575067,0.15386116151886217,31
seqFISH+ olfactory bulb,nested_gated_logreg_context_specific,33,3,0.8831259235059983,0.06967568241058657,0.1029158527819447,37
seqFISH+ olfactory bulb,nested_gated_logreg_context_specific,34,3,0.9817719423516801,0.02924602326626913,0.0551198189805123,24
seqFISH+ olfactory bulb,nested_gated_logreg_context_specific,35,3,0.979292925050254,0.00901826752364024,0.04561640191490673,29
seqFISH+ olfactory bulb,nested_gated_logreg_context_specific,36,3,0.8927621482791999,0.0601483639161708,0.09222752929447538,26
seqFISH+ olfactory bulb,nested_gated_logreg_context_specific,37,4,0.9387911546488631,0.05161360343800357,0.10171433030139918,42
seqFISH+ olfactory bulb,nested_gated_logreg_context_specific,38,4,0.9158310720187209,0.05902907855226496,0.10412414097938037,28
seqFISH+ olfactory bulb,nested_gated_logreg_context_specific,39,4,0.9819796099239761,0.025640453647443624,0.03765327842541037,23
seqFISH+ olfactory bulb,nested_gated_logreg_context_specific,40,4,0.9149534715560876,0.07240457967042882,0.0924387466109315,32
seqFISH+ olfactory bulb,nested_gated_logreg_context_specific,41,4,0.9881363993504317,0.013694466371385966,0.03608439182435162,24
seqFISH+ olfactory bulb,nested_gated_logreg_context_specific,42,4,0.8754008690015292,0.029585476324238878,0.08823529411764706,34
seqFISH+ olfactory bulb,nested_gated_logreg_context_specific,43,4,0.9923788365838996,0.04184954526389618,0.038552896163789485,29
seqFISH+ olfactory bulb,nested_gated_logreg_context_specific,44,4,0.9346393812166852,0.062456552148675216,0.07362688617174395,28
seqFISH+ olfactory bulb,nested_gated_logreg_context_specific,45,4,0.9853081139821663,0.046933612405569675,0.030743773095067286,23
seqFISH+ olfactory bulb,nested_gated_logreg_context_specific,46,5,0.9609999602085966,0.014014494030768631,0.05511981898051228,24
seqFISH+ olfactory bulb,nested_gated_logreg_context_specific,47,5,0.9970371645898268,0.0053998296414234275,0.019999999999999983,25
seqFISH+ olfactory bulb,nested_gated_logreg_context_specific,48,5,0.7109736629101983,0.06729007496023633,0.10101525445522108,14
seqFISH+ olfactory bulb,nested_gated_logreg_context_specific,49,5,0.9567334081216928,0.08584366774789061,0.09475867268566684,23
seqFISH+ olfactory bulb,nested_gated_logreg_context_specific,50,5,0.994820957800945,0.007396089983921096,0.022727272727272724,22
seqFISH+ olfactory bulb,nested_gated_logreg_context_specific,51,5,0.902760727583453,0.06487309178418908,0.07985957062499249,14
seqFISH+ olfactory bulb,nested_gated_logreg_context_specific,52,5,0.9838005894688683,0.027424137229720383,0.05633673867912483,32
seqFISH+ olfactory bulb,nested_gated_logreg_context_specific,53,5,0.7622017811286801,0.11991904584377605,0.13316742850202085,34
seqFISH+ olfactory bulb,nested_gated_logreg_context_specific,54,5,0.9861111111111109,0.02551483941165665,0.02525381361380527,28
seqFISH+ olfactory bulb,nested_gated_logreg_context_specific,55,6,0.7419354838709674,0.08170416594551039,0.16666666666666666,3
seqFISH+ olfactory bulb,nested_gated_logreg_context_specific,56,6,0.7524454474496882,0.11580936986396573,0.1378065120212505,31
seqFISH+ olfactory bulb,nested_gated_logreg_context_specific,57,6,0.9192629602496276,0.15750244560514196,0.07838154946660846,23
seqFISH+ olfactory bulb,nested_gated_logreg_context_specific,58,6,0.6546536707079772,0.31127812445913294,0.25,2
seqFISH+ olfactory bulb,nested_gated_logreg_context_specific,59,6,0.9068453126375147,0.05772539424629372,0.08838834764831845,24
seqFISH+ olfactory bulb,nested_gated_logreg_context_specific,60,6,1.0,0.0,0.0,15
seqFISH+ olfactory bulb,nested_gated_logreg_context_specific,61,6,0.6956083436402524,0.1245112497836531,0.1,5
seqFISH+ olfactory bulb,nested_gated_logreg_context_specific,62,6,0.6341957434983527,0.10993812179127692,0.1461670137834366,28
seqFISH+ olfactory bulb,nested_gated_logreg_context_specific,63,6,0.9938120233033697,0.032436975200822206,0.03125,16
