dataset,model,control,paired_spots,fov_blocks,median_r_delta,r_ci_low,r_ci_high,r_wilcoxon_p,median_jsd_delta,jsd_ci_low,jsd_ci_high,jsd_wilcoxon_p
seqFISH+ cortex/SVZ,context_specific,extra_trees,63,7,-0.9240445474687247,-1.0047979430829144,-0.8240672214963517,0.03125,0.5103747876947613,0.4133236282554486,0.5811679778823363,0.03125
seqFISH+ cortex/SVZ,context_specific,gated_context_specific,63,7,-0.0507000687174633,-0.10698733419600998,0.0,0.21875,0.030320471245815772,-0.024460746646150167,0.12903366096681074,0.3125
seqFISH+ cortex/SVZ,context_specific,gated_learned_neighborhood,63,7,-0.012834525644800476,-0.08322676333479342,0.0,0.15625,0.030320471245815772,-0.005548081672770766,0.11111111111111127,0.21875
seqFISH+ cortex/SVZ,context_specific,gated_learned_permuted_prior,63,7,-0.10698733419600998,-0.18189080067691957,0.001591436505329752,0.078125,0.06307512958808187,0.04902249956730631,0.07122941435611202,0.078125
seqFISH+ cortex/SVZ,context_specific,gated_learned_random_graph,63,7,-0.035497768896253806,-0.18367303862376289,0.005432825482638043,0.21875,0.03145364592347788,-0.005548081672770766,0.09544448523048632,0.21875
seqFISH+ cortex/SVZ,context_specific,gated_logreg_context_specific,63,7,-0.3774547218397277,-0.44675086709141687,-0.17730781571770157,0.015625,0.19677767872596186,0.13868219479128213,0.26186013290537463,0.015625
seqFISH+ cortex/SVZ,context_specific,gated_logreg_learned_neighborhood,63,7,-0.3546697030909156,-0.38859345837769754,-0.15758521504975076,0.015625,0.2099865470109874,0.12903366096681074,0.2419158534223449,0.015625
seqFISH+ cortex/SVZ,context_specific,gated_logreg_learned_permuted_prior,63,7,-0.3546697030909156,-0.5223795025150961,-0.19374477776524335,0.015625,0.16812224599330072,0.0961660589049887,0.24375642016136212,0.015625
seqFISH+ cortex/SVZ,context_specific,gated_logreg_learned_random_graph,63,7,-0.34159767984202727,-0.4863115542144852,-0.13995771893713027,0.015625,0.1530493056757482,0.07656817330721294,0.25000000000000017,0.015625
seqFISH+ cortex/SVZ,context_specific,gated_spatial_smoothing,63,7,-0.08528468314464299,-0.13389434814899548,0.0,0.09375,0.04085208297275511,-0.008051907687256277,0.14809845612300104,0.3125
seqFISH+ cortex/SVZ,context_specific,gated_spatial_smoothing_random_graph,63,7,-0.08132823008015043,-0.16525460265275538,0.0180457918435023,0.078125,0.04085208297275511,-0.0363562481394496,0.11129004616848392,0.21875
seqFISH+ cortex/SVZ,context_specific,learned_neighborhood,63,7,0.0,0.0,0.0,1.0,0.0,0.0,0.0,1.0
seqFISH+ cortex/SVZ,context_specific,learned_permuted_prior,63,7,-0.08825911876571228,-0.16678185257165112,0.0,0.0625,0.0,0.0,0.047180468885216875,0.375
seqFISH+ cortex/SVZ,context_specific,learned_random_graph,63,7,0.014342236431132312,-0.0050603195685623645,0.0419703947124974,0.5625,0.0,-2.220446049250313e-16,0.0,0.875
seqFISH+ cortex/SVZ,context_specific,linear_svm,63,7,-0.8350480951498991,-0.9777777777777776,-0.7489132796729359,0.03125,0.47721700146248247,0.3467193986458562,0.5467166163123263,0.03125
seqFISH+ cortex/SVZ,context_specific,logreg_context_specific,63,7,0.0,-0.22448181040737908,0.044865432405517075,0.4375,0.007085472503814638,0.0,0.09735328802563054,0.3125
seqFISH+ cortex/SVZ,context_specific,logreg_learned_neighborhood,63,7,-0.10046604779771831,-0.17277350971451658,-0.06232449260416101,0.015625,0.041938194564637266,0.018226398830013868,0.13868219479128213,0.03125
seqFISH+ cortex/SVZ,context_specific,logreg_learned_permuted_prior,63,7,-0.07888543819998314,-0.2591282968622167,-0.00119997925424975,0.03125,0.0,0.0,0.1448298476119882,0.25
seqFISH+ cortex/SVZ,context_specific,logreg_learned_random_graph,63,7,-0.043865100763605544,-0.2514459106674738,0.0,0.0625,0.06081398614498018,0.016138558636295208,0.15297924643402094,0.03125
seqFISH+ cortex/SVZ,context_specific,logreg_only,63,7,-0.8823226469768387,-1.0268333825817484,-0.8025702792798006,0.03125,0.5465346038859449,0.39976839259857117,0.570134965088901,0.03125
seqFISH+ cortex/SVZ,context_specific,marker_only,63,7,-0.08528468314464302,-0.12230551311213611,0.006463132903788277,0.109375,0.047180468885216764,-0.034488662884823884,0.11208149732886707,0.21875
seqFISH+ cortex/SVZ,context_specific,nested_gated_logreg_context_specific,63,7,-0.8823226469768387,-1.0268333825817484,-0.8025702792798006,0.03125,0.5465346038859449,0.39976839259857117,0.570134965088901,0.03125
seqFISH+ cortex/SVZ,context_specific,nested_gated_logreg_learned_neighborhood,63,7,-0.8823226469768387,-1.0268333825817484,-0.8025702792798006,0.03125,0.5465346038859449,0.39976839259857117,0.570134965088901,0.03125
seqFISH+ cortex/SVZ,context_specific,nested_gated_logreg_learned_permuted_prior,63,7,-0.8823226469768387,-1.0268333825817484,-0.8025702792798006,0.03125,0.5465346038859449,0.39976839259857117,0.570134965088901,0.03125
seqFISH+ cortex/SVZ,context_specific,nested_gated_logreg_learned_random_graph,63,7,-0.8823226469768387,-1.0268333825817484,-0.8025702792798006,0.03125,0.5465346038859449,0.39976839259857117,0.570134965088901,0.03125
seqFISH+ cortex/SVZ,context_specific,nested_logreg_context_specific,63,7,-0.8823226469768387,-1.0268333825817484,-0.8025702792798006,0.03125,0.5465346038859449,0.39976839259857117,0.570134965088901,0.03125
seqFISH+ cortex/SVZ,context_specific,nested_logreg_learned_neighborhood,63,7,-0.8823226469768387,-1.0268333825817484,-0.8025702792798006,0.03125,0.5465346038859449,0.39976839259857117,0.570134965088901,0.03125
seqFISH+ cortex/SVZ,context_specific,nested_logreg_learned_permuted_prior,63,7,-0.8823226469768387,-1.0268333825817484,-0.8025702792798006,0.03125,0.5465346038859449,0.39976839259857117,0.570134965088901,0.03125
seqFISH+ cortex/SVZ,context_specific,nested_logreg_learned_random_graph,63,7,-0.8823226469768387,-1.0268333825817484,-0.8025702792798006,0.03125,0.5465346038859449,0.39976839259857117,0.570134965088901,0.03125
seqFISH+ cortex/SVZ,context_specific,pca_knn,63,7,-0.8741155201965642,-1.0047979430829144,-0.8240672214963517,0.03125,0.5103747876947613,0.4444444444444445,0.5487949406953986,0.03125
seqFISH+ cortex/SVZ,context_specific,singler_native,63,7,-0.9017009296308744,-1.0047979430829144,-0.8288499628667104,0.03125,0.5465346038859449,0.41328712181467925,0.5811679778823363,0.03125
seqFISH+ cortex/SVZ,context_specific,spatial_smoothing,63,7,-0.09154986112751795,-0.1501367691920555,0.004848633060278412,0.15625,0.04902249956730631,-0.008051907687256277,0.14809845612300104,0.15625
seqFISH+ cortex/SVZ,context_specific,spatial_smoothing_random_graph,63,7,-0.09154986112751795,-0.14133133792611083,0.018173614317241626,0.15625,0.04771862615527728,-0.0363562481394496,0.06917291654647395,0.21875
seqFISH+ cortex/SVZ,extra_trees,context_specific,63,7,0.9240445474687247,0.8240672214963517,1.0047979430829144,0.03125,-0.5103747876947613,-0.5811679778823363,-0.4133236282554486,0.03125
seqFISH+ cortex/SVZ,extra_trees,gated_context_specific,63,7,0.7594373878376559,0.42318084493132135,0.9884127556335169,0.03125,-0.418821231072075,-0.5560373095149851,-0.23172658759386475,0.03125
seqFISH+ cortex/SVZ,extra_trees,gated_learned_neighborhood,63,7,0.7594373878376559,0.42318084493132135,0.9103578542999201,0.03125,-0.44396269048501513,-0.5778195311147832,-0.3333333333333332,0.03125
seqFISH+ cortex/SVZ,extra_trees,gated_learned_permuted_prior,63,7,0.6773385569751951,0.44235332745067824,1.0,0.03125,-0.3333333333333332,-0.5778195311147832,-0.2971804688852168,0.03125
seqFISH+ cortex/SVZ,extra_trees,gated_learned_random_graph,63,7,0.7655976757409073,0.42318084493132135,1.0016488127729397,0.03125,-0.44396269048501513,-0.5778195311147832,-0.3333333333333332,0.03125
seqFISH+ cortex/SVZ,extra_trees,gated_logreg_context_specific,63,7,0.46801969598243653,0.4020745188968936,0.6575378065770738,0.03125,-0.34482984761198787,-0.38314427512443094,-0.22957395851362247,0.15625
seqFISH+ cortex/SVZ,extra_trees,gated_logreg_learned_neighborhood,63,7,0.46312450780684056,0.36409623018899606,0.6681681758020157,0.03125,-0.2958363892911636,-0.34946345330572165,-0.18676687467547975,0.21875
seqFISH+ cortex/SVZ,extra_trees,gated_logreg_learned_permuted_prior,63,7,0.5039720088051362,0.36409623018899595,0.5972887292057075,0.03125,-0.2958363892911636,-0.34946345330572165,-0.24902249956730624,0.21875
seqFISH+ cortex/SVZ,extra_trees,gated_logreg_learned_random_graph,63,7,0.3830473027608756,0.36409623018899595,0.5222538157684897,0.03125,-0.3265115064941041,-0.34946345330572165,-0.24902249956730624,0.21875
seqFISH+ cortex/SVZ,extra_trees,gated_spatial_smoothing,63,7,0.7422878192430878,0.4387699031598159,0.9398615099565172,0.03125,-0.4133236282554486,-0.5073859319828743,-0.24479844203148315,0.03125
seqFISH+ cortex/SVZ,extra_trees,gated_spatial_smoothing_random_graph,63,7,0.703515670239915,0.44224399174463935,0.9884127556335169,0.03125,-0.39291452749618533,-0.562721098603148,-0.26654140665565046,0.03125
seqFISH+ cortex/SVZ,extra_trees,learned_neighborhood,63,7,0.9379318637162583,0.7344366691498359,0.9963626214674685,0.015625,-0.5487949406953986,-0.5778195311147832,-0.37499999999999994,0.03125
seqFISH+ cortex/SVZ,extra_trees,learned_permuted_prior,63,7,0.8710483383716039,0.7025169674244858,1.0368208518813276,0.03125,-0.4280025357367034,-0.5487949406953986,-0.3741854163060886,0.03125
seqFISH+ cortex/SVZ,extra_trees,learned_random_graph,63,7,0.8113593795372769,0.7119634423839953,1.050328203473231,0.03125,-0.5000000000000001,-0.5497143319588584,-0.3497569251599827,0.03125
seqFISH+ cortex/SVZ,extra_trees,linear_svm,63,7,0.013946686855301649,-5.551115123125783e-17,0.03183085723860757,0.15625,-0.04797923285890771,-0.0954372523105548,0.03252079227384595,0.5625
seqFISH+ cortex/SVZ,extra_trees,logreg_context_specific,63,7,0.7519812719485358,0.3759237393228214,0.8901534219383029,0.046875,-0.37959638016197655,-0.49529986146544364,-0.2688164441885093,0.046875
seqFISH+ cortex/SVZ,extra_trees,logreg_learned_neighborhood,63,7,0.6175491447042927,0.3555702637004231,0.8499828542035215,0.03125,-0.2981810903645253,-0.45082579451808863,-0.17498878917582278,0.109375
seqFISH+ cortex/SVZ,extra_trees,logreg_learned_permuted_prior,63,7,0.7166847012100686,0.42043483553769917,0.8255984783578816,0.03125,-0.3808859082287998,-0.42877058564388815,-0.31127812445913294,0.03125
seqFISH+ cortex/SVZ,extra_trees,logreg_learned_random_graph,63,7,0.6949644780743134,0.4940323824788767,0.8313729789952297,0.03125,-0.40563906222956647,-0.5487949406953986,-0.26210391897722135,0.03125
seqFISH+ cortex/SVZ,extra_trees,logreg_only,63,7,0.0,-0.005613489110976089,0.0,1.0,0.0,0.0,0.043249300267762844,0.75
seqFISH+ cortex/SVZ,extra_trees,marker_only,63,7,0.7225927845351575,0.42318084493132135,0.8847598733210306,0.03125,-0.3333333333333332,-0.5343461999172839,-0.26654140665565046,0.03125
seqFISH+ cortex/SVZ,extra_trees,nested_gated_logreg_context_specific,63,7,0.0,-0.005613489110976089,0.0,1.0,0.0,0.0,0.043249300267762844,0.75
seqFISH+ cortex/SVZ,extra_trees,nested_gated_logreg_learned_neighborhood,63,7,0.0,-0.005613489110976089,0.0,1.0,0.0,0.0,0.043249300267762844,0.75
seqFISH+ cortex/SVZ,extra_trees,nested_gated_logreg_learned_permuted_prior,63,7,0.0,-0.005613489110976089,0.0,1.0,0.0,0.0,0.043249300267762844,0.75
seqFISH+ cortex/SVZ,extra_trees,nested_gated_logreg_learned_random_graph,63,7,0.0,-0.005613489110976089,0.0,1.0,0.0,0.0,0.043249300267762844,0.75
seqFISH+ cortex/SVZ,extra_trees,nested_logreg_context_specific,63,7,0.0,-0.005613489110976089,0.0,1.0,0.0,0.0,0.043249300267762844,0.75
seqFISH+ cortex/SVZ,extra_trees,nested_logreg_learned_neighborhood,63,7,0.0,-0.005613489110976089,0.0,1.0,0.0,0.0,0.043249300267762844,0.75
seqFISH+ cortex/SVZ,extra_trees,nested_logreg_learned_permuted_prior,63,7,0.0,-0.005613489110976089,0.0,1.0,0.0,0.0,0.043249300267762844,0.75
seqFISH+ cortex/SVZ,extra_trees,nested_logreg_learned_random_graph,63,7,0.0,-0.005613489110976089,0.0,1.0,0.0,0.0,0.043249300267762844,0.75
seqFISH+ cortex/SVZ,extra_trees,pca_knn,63,7,0.0,0.0,0.0,1.0,0.0,0.0,0.0,1.0
seqFISH+ cortex/SVZ,extra_trees,singler_native,63,7,0.0,-0.010980873653547385,0.0,0.5,0.0,0.0,0.03252079227384595,0.5
seqFISH+ cortex/SVZ,extra_trees,spatial_smoothing,63,7,0.7574446124356213,0.4387699031598159,0.9048127603399505,0.03125,-0.4499925261172153,-0.5073859319828743,-0.1870058201332237,0.03125
seqFISH+ cortex/SVZ,extra_trees,spatial_smoothing_random_graph,63,7,0.703515670239915,0.5030546913177217,0.9755195837424719,0.015625,-0.4045627476894451,-0.5834260251667012,-0.26654140665565046,0.03125
seqFISH+ cortex/SVZ,gated_context_specific,context_specific,63,7,0.0507000687174633,0.0,0.10698733419600998,0.21875,-0.030320471245815772,-0.12903366096681074,0.024460746646150167,0.3125
seqFISH+ cortex/SVZ,gated_context_specific,extra_trees,63,7,-0.7594373878376559,-0.9884127556335169,-0.42318084493132135,0.03125,0.418821231072075,0.23172658759386475,0.5560373095149851,0.03125
seqFISH+ cortex/SVZ,gated_context_specific,gated_learned_neighborhood,63,7,0.0,0.0,0.0,1.0,0.0,0.0,0.0,1.0
seqFISH+ cortex/SVZ,gated_context_specific,gated_learned_permuted_prior,63,7,0.0,-0.00901364979336533,0.0,0.75,0.0,0.0,0.009945206852381094,0.5
seqFISH+ cortex/SVZ,gated_context_specific,gated_learned_random_graph,63,7,0.0,0.0,0.005135330011530881,0.25,0.0,0.0,0.0,1.0
seqFISH+ cortex/SVZ,gated_context_specific,gated_logreg_context_specific,63,7,-0.24187710248286023,-0.4459696053419885,-0.08885998398466458,0.015625,0.15859738734851897,0.09857986171207478,0.23040648698189675,0.03125
seqFISH+ cortex/SVZ,gated_context_specific,gated_logreg_learned_neighborhood,63,7,-0.21905852774806314,-0.4459696053419885,-0.13995771893713027,0.03125,0.1609640474436811,0.0,0.19570962879973086,0.0625
seqFISH+ cortex/SVZ,gated_context_specific,gated_logreg_learned_permuted_prior,63,7,-0.22668722113755682,-0.3689071928482888,-0.1698843900076995,0.015625,0.13124159188186713,0.09857986171207478,0.19570962879973086,0.03125
seqFISH+ cortex/SVZ,gated_context_specific,gated_logreg_learned_random_graph,63,7,-0.22668722113755682,-0.4942561825209321,-0.13995771893713027,0.015625,0.11941403056390526,0.10375937481971098,0.22772809106265035,0.015625
seqFISH+ cortex/SVZ,gated_context_specific,gated_spatial_smoothing,63,7,0.0,-0.04890433605336435,0.0,0.25,0.0,0.0,0.014418382225678289,0.5
seqFISH+ cortex/SVZ,gated_context_specific,gated_spatial_smoothing_random_graph,63,7,0.0,-0.0520165791652055,0.0200374902569197,0.625,0.0,0.0,0.0,1.0
seqFISH+ cortex/SVZ,gated_context_specific,learned_neighborhood,63,7,0.03351840851218718,-0.04277072117098926,0.12867477449632603,0.375,0.0,-0.09436093777043353,0.0,0.25
seqFISH+ cortex/SVZ,gated_context_specific,learned_permuted_prior,63,7,-0.04431557219375451,-0.08119963568358252,0.16271791491208287,0.6875,0.0,-0.02638485962655973,0.06362483487370307,0.8125
seqFISH+ cortex/SVZ,gated_context_specific,learned_random_graph,63,7,0.1004660477977184,0.0,0.18015117971905437,0.4375,-0.024511249783652933,-0.06290729184695576,0.029498021791454776,0.578125
seqFISH+ cortex/SVZ,gated_context_specific,linear_svm,63,7,-0.6834476784738146,-0.882621931574052,-0.3203452940048055,0.03125,0.3533133860548593,0.2397053259579277,0.5467166163123263,0.03125
seqFISH+ cortex/SVZ,gated_context_specific,logreg_context_specific,63,7,-0.025177556668600748,-0.22747437671926868,0.16739078476409555,0.5625,0.0,-0.07122941435611185,0.10074187290732212,0.8125
seqFISH+ cortex/SVZ,gated_context_specific,logreg_learned_neighborhood,63,7,-0.10046604779771831,-0.13354591082466827,-0.0433359493146247,0.03125,0.04588813137406966,0.018068283467274404,0.09543725231055489,0.078125
seqFISH+ cortex/SVZ,gated_context_specific,logreg_learned_permuted_prior,63,7,-0.072239730037022,-0.09361425636290999,-0.032493193091065284,0.015625,0.014703472582800359,-0.086369751358642,0.037358206343323486,0.8125
seqFISH+ cortex/SVZ,gated_context_specific,logreg_learned_random_graph,63,7,-0.009975913102059891,-0.2822747169006292,0.008151478401599969,0.3125,0.0,0.0,0.10209219899832106,0.25
seqFISH+ cortex/SVZ,gated_context_specific,logreg_only,63,7,-0.7574446124356213,-0.9310831385777949,-0.2673716957032767,0.03125,0.5000000000000001,0.24612855571114906,0.5560373095149851,0.03125
seqFISH+ cortex/SVZ,gated_context_specific,marker_only,63,7,0.0,-0.019948500318625495,0.0,0.875,0.0,0.0,0.02723472198183688,0.5
seqFISH+ cortex/SVZ,gated_context_specific,nested_gated_logreg_context_specific,63,7,-0.7574446124356213,-0.9310831385777949,-0.2673716957032767,0.03125,0.5000000000000001,0.24612855571114906,0.5560373095149851,0.03125
seqFISH+ cortex/SVZ,gated_context_specific,nested_gated_logreg_learned_neighborhood,63,7,-0.7574446124356213,-0.9310831385777949,-0.2673716957032767,0.03125,0.5000000000000001,0.24612855571114906,0.5560373095149851,0.03125
seqFISH+ cortex/SVZ,gated_context_specific,nested_gated_logreg_learned_permuted_prior,63,7,-0.7574446124356213,-0.9310831385777949,-0.2673716957032767,0.03125,0.5000000000000001,0.24612855571114906,0.5560373095149851,0.03125
seqFISH+ cortex/SVZ,gated_context_specific,nested_gated_logreg_learned_random_graph,63,7,-0.7574446124356213,-0.9310831385777949,-0.2673716957032767,0.03125,0.5000000000000001,0.24612855571114906,0.5560373095149851,0.03125
seqFISH+ cortex/SVZ,gated_context_specific,nested_logreg_context_specific,63,7,-0.7574446124356213,-0.9310831385777949,-0.2673716957032767,0.03125,0.5000000000000001,0.24612855571114906,0.5560373095149851,0.03125
seqFISH+ cortex/SVZ,gated_context_specific,nested_logreg_learned_neighborhood,63,7,-0.7574446124356213,-0.9310831385777949,-0.2673716957032767,0.03125,0.5000000000000001,0.24612855571114906,0.5560373095149851,0.03125
seqFISH+ cortex/SVZ,gated_context_specific,nested_logreg_learned_permuted_prior,63,7,-0.7574446124356213,-0.9310831385777949,-0.2673716957032767,0.03125,0.5000000000000001,0.24612855571114906,0.5560373095149851,0.03125
seqFISH+ cortex/SVZ,gated_context_specific,nested_logreg_learned_random_graph,63,7,-0.7574446124356213,-0.9310831385777949,-0.2673716957032767,0.03125,0.5000000000000001,0.24612855571114906,0.5560373095149851,0.03125
seqFISH+ cortex/SVZ,gated_context_specific,pca_knn,63,7,-0.7574446124356213,-0.9686404152094263,-0.42318084493132135,0.03125,0.44999252611721524,0.23172658759386475,0.5497143319588584,0.03125
seqFISH+ cortex/SVZ,gated_context_specific,singler_native,63,7,-0.7594373878376559,-0.9884127556335169,-0.42318084493132135,0.03125,0.4863826390090815,0.23172658759386475,0.5560373095149851,0.03125
seqFISH+ cortex/SVZ,gated_context_specific,spatial_smoothing,63,7,-0.04431557219375451,-0.08049233120153751,0.0,0.0625,0.02723472198183674,0.0,0.030639062229566527,0.0625
seqFISH+ cortex/SVZ,gated_context_specific,spatial_smoothing_random_graph,63,7,0.0,-0.05522319384351099,0.026630370371947598,0.625,0.0,0.0,0.05392053586881915,0.5
seqFISH+ cortex/SVZ,gated_learned_neighborhood,context_specific,63,7,0.012834525644800476,0.0,0.08322676333479342,0.15625,-0.030320471245815772,-0.11111111111111127,0.005548081672770766,0.21875
seqFISH+ cortex/SVZ,gated_learned_neighborhood,extra_trees,63,7,-0.7594373878376559,-0.9103578542999201,-0.42318084493132135,0.03125,0.44396269048501513,0.3333333333333332,0.5778195311147832,0.03125
seqFISH+ cortex/SVZ,gated_learned_neighborhood,gated_context_specific,63,7,0.0,0.0,0.0,1.0,0.0,0.0,0.0,1.0
seqFISH+ cortex/SVZ,gated_learned_neighborhood,gated_learned_permuted_prior,63,7,0.0,-2.7755575615628914e-17,1.1102230246251565e-16,1.0,0.0,0.0,0.016569453481830865,0.5
seqFISH+ cortex/SVZ,gated_learned_neighborhood,gated_learned_random_graph,63,7,0.0,-5.551115123125783e-17,0.004514684348213227,0.625,0.0,0.0,0.0,1.0
seqFISH+ cortex/SVZ,gated_learned_neighborhood,gated_logreg_context_specific,63,7,-0.20504366799517526,-0.41685342576852824,-0.13995771893713027,0.015625,0.13124159188186713,0.09857986171207478,0.2576845660258822,0.03125
seqFISH+ cortex/SVZ,gated_learned_neighborhood,gated_logreg_learned_neighborhood,63,7,-0.20504366799517515,-0.4268610137144497,-0.13995771893713027,0.015625,0.17004449017994339,0.0,0.2437584081181327,0.0625
seqFISH+ cortex/SVZ,gated_learned_neighborhood,gated_logreg_learned_permuted_prior,63,7,-0.24187710248286023,-0.36375174513927555,-0.1698843900076995,0.015625,0.13124159188186713,0.09857986171207478,0.1803857241674499,0.03125
seqFISH+ cortex/SVZ,gated_learned_neighborhood,gated_logreg_learned_random_graph,63,7,-0.19620457747013392,-0.4773539982862998,-0.13995771893713027,0.015625,0.13124159188186713,0.09857986171207478,0.2437584081181327,0.015625
seqFISH+ cortex/SVZ,gated_learned_neighborhood,gated_spatial_smoothing,63,7,-0.02178296271584851,-0.03212627767858667,0.0,0.0625,0.0,0.0,0.027234721981836962,0.25
seqFISH+ cortex/SVZ,gated_learned_neighborhood,gated_spatial_smoothing_random_graph,63,7,0.0,-0.05640715199670329,2.7755575615628914e-17,0.625,0.0,0.0,0.014703472582800303,0.5
seqFISH+ cortex/SVZ,gated_learned_neighborhood,learned_neighborhood,63,7,0.0,-0.022681726096774768,0.0014811602559558247,1.0,0.0,-0.07122941435611185,0.0,0.25
seqFISH+ cortex/SVZ,gated_learned_neighborhood,learned_permuted_prior,63,7,0.007841366024545882,-0.12358924506213348,0.04571316250033475,0.8125,0.0,-0.011481162516564336,0.0419381945646371,0.8125
seqFISH+ cortex/SVZ,gated_learned_neighborhood,learned_random_graph,63,7,0.049008958621959975,-0.013903608975676426,0.06059656666648319,0.46875,-0.04771862615527728,-0.053920535868819286,0.03867162481972164,0.375
seqFISH+ cortex/SVZ,gated_learned_neighborhood,linear_svm,63,7,-0.7692900011062983,-0.8851821902065012,-0.2883501590108323,0.03125,0.41986860717728935,0.2546090230679231,0.5197582669444134,0.03125
seqFISH+ cortex/SVZ,gated_learned_neighborhood,logreg_context_specific,63,7,-0.013699093137015741,-0.29431517184839223,0.01850114816496902,0.4375,0.0,0.0,0.1312415918818669,0.625
seqFISH+ cortex/SVZ,gated_learned_neighborhood,logreg_learned_neighborhood,63,7,-0.12633331634285772,-0.21905852774806314,-0.0039770630942829455,0.078125,0.10381634375192705,-0.04085208297275511,0.11720454134612202,0.296875
seqFISH+ cortex/SVZ,gated_learned_neighborhood,logreg_learned_permuted_prior,63,7,-0.072239730037022,-0.23745352825992827,0.0,0.09375,0.014703472582800359,-0.03458645827323714,0.11497431960262955,0.5625
seqFISH+ cortex/SVZ,gated_learned_neighborhood,logreg_learned_random_graph,63,7,-0.06866963939703619,-0.24651350296490837,-0.009975913102059891,0.046875,0.0,0.0,0.1304730858664872,0.5
seqFISH+ cortex/SVZ,gated_learned_neighborhood,logreg_only,63,7,-0.7692900011062983,-0.9103578542999201,-0.26101844883193726,0.03125,0.41986860717728935,0.26103225282114445,0.6037593748197109,0.03125
seqFISH+ cortex/SVZ,gated_learned_neighborhood,marker_only,63,7,0.0,-0.07713208748788059,0.0,0.5,0.0,0.0,0.0,1.0
seqFISH+ cortex/SVZ,gated_learned_neighborhood,nested_gated_logreg_context_specific,63,7,-0.7692900011062983,-0.9103578542999201,-0.26101844883193726,0.03125,0.41986860717728935,0.26103225282114445,0.6037593748197109,0.03125
seqFISH+ cortex/SVZ,gated_learned_neighborhood,nested_gated_logreg_learned_neighborhood,63,7,-0.7692900011062983,-0.9103578542999201,-0.26101844883193726,0.03125,0.41986860717728935,0.26103225282114445,0.6037593748197109,0.03125
seqFISH+ cortex/SVZ,gated_learned_neighborhood,nested_gated_logreg_learned_permuted_prior,63,7,-0.7692900011062983,-0.9103578542999201,-0.26101844883193726,0.03125,0.41986860717728935,0.26103225282114445,0.6037593748197109,0.03125
seqFISH+ cortex/SVZ,gated_learned_neighborhood,nested_gated_logreg_learned_random_graph,63,7,-0.7692900011062983,-0.9103578542999201,-0.26101844883193726,0.03125,0.41986860717728935,0.26103225282114445,0.6037593748197109,0.03125
seqFISH+ cortex/SVZ,gated_learned_neighborhood,nested_logreg_context_specific,63,7,-0.7692900011062983,-0.9103578542999201,-0.26101844883193726,0.03125,0.41986860717728935,0.26103225282114445,0.6037593748197109,0.03125
seqFISH+ cortex/SVZ,gated_learned_neighborhood,nested_logreg_learned_neighborhood,63,7,-0.7692900011062983,-0.9103578542999201,-0.26101844883193726,0.03125,0.41986860717728935,0.26103225282114445,0.6037593748197109,0.03125
seqFISH+ cortex/SVZ,gated_learned_neighborhood,nested_logreg_learned_permuted_prior,63,7,-0.7692900011062983,-0.9103578542999201,-0.26101844883193726,0.03125,0.41986860717728935,0.26103225282114445,0.6037593748197109,0.03125
seqFISH+ cortex/SVZ,gated_learned_neighborhood,nested_logreg_learned_random_graph,63,7,-0.7692900011062983,-0.9103578542999201,-0.26101844883193726,0.03125,0.41986860717728935,0.26103225282114445,0.6037593748197109,0.03125
seqFISH+ cortex/SVZ,gated_learned_neighborhood,pca_knn,63,7,-0.7574446124356213,-0.9103578542999201,-0.42318084493132135,0.03125,0.44999252611721524,0.3333333333333332,0.5501717141892337,0.03125
seqFISH+ cortex/SVZ,gated_learned_neighborhood,singler_native,63,7,-0.7594373878376559,-0.9103578542999201,-0.42318084493132135,0.015625,0.4591479170272448,0.3333333333333332,0.5778195311147832,0.015625
seqFISH+ cortex/SVZ,gated_learned_neighborhood,spatial_smoothing,63,7,-0.04200944123945412,-0.05021601130692435,-0.01696948448605312,0.03125,0.02042604148637761,0.0,0.053422060767084,0.0625
seqFISH+ cortex/SVZ,gated_learned_neighborhood,spatial_smoothing_random_graph,63,7,0.0,-0.07089842668175944,0.02117010640146033,0.625,0.0,0.0,0.054585169337799444,0.5
seqFISH+ cortex/SVZ,gated_learned_permuted_prior,context_specific,63,7,0.10698733419600998,-0.001591436505329752,0.18189080067691957,0.078125,-0.06307512958808187,-0.07122941435611202,-0.04902249956730631,0.078125
seqFISH+ cortex/SVZ,gated_learned_permuted_prior,extra_trees,63,7,-0.6773385569751951,-1.0,-0.44235332745067824,0.03125,0.3333333333333332,0.2971804688852168,0.5778195311147832,0.03125
seqFISH+ cortex/SVZ,gated_learned_permuted_prior,gated_context_specific,63,7,0.0,0.0,0.00901364979336533,0.75,0.0,-0.009945206852381094,0.0,0.5
seqFISH+ cortex/SVZ,gated_learned_permuted_prior,gated_learned_neighborhood,63,7,0.0,-1.1102230246251565e-16,2.7755575615628914e-17,1.0,0.0,-0.016569453481830865,0.0,0.5
seqFISH+ cortex/SVZ,gated_learned_permuted_prior,gated_learned_random_graph,63,7,0.0,-0.0059572579756794475,0.05678675812983258,0.625,0.0,-0.028864891919181568,0.0,0.5
seqFISH+ cortex/SVZ,gated_learned_permuted_prior,gated_logreg_context_specific,63,7,-0.18650096164806282,-0.4783279872155047,-0.0686696393970363,0.015625,0.0954484304595396,0.03252996046359896,0.21704270911458567,0.015625
seqFISH+ cortex/SVZ,gated_learned_permuted_prior,gated_logreg_learned_neighborhood,63,7,-0.16499294339321155,-0.4823819106188661,-0.12404703901209366,0.015625,0.10375937481971087,0.0,0.21704270911458567,0.0625
seqFISH+ cortex/SVZ,gated_learned_permuted_prior,gated_logreg_learned_permuted_prior,63,7,-0.20670265770077795,-0.3689071928482888,-0.12404703901209366,0.015625,0.10218706756942914,0.07134513973023782,0.20708547250381465,0.03125
seqFISH+ cortex/SVZ,gated_learned_permuted_prior,gated_logreg_learned_random_graph,63,7,-0.206702657700778,-0.5131622421961188,-0.08876253957007213,0.015625,0.07629880075558748,0.054585169337799555,0.20998044549551903,0.015625
seqFISH+ cortex/SVZ,gated_learned_permuted_prior,gated_spatial_smoothing,63,7,0.0,-0.06162682583317475,0.0,0.625,0.0,0.0,0.029773728729708904,0.75
seqFISH+ cortex/SVZ,gated_learned_permuted_prior,gated_spatial_smoothing_random_graph,63,7,0.0,-6.938893903907228e-18,0.06477662267376405,1.0,0.0,-0.02723472198183674,0.0,1.0
seqFISH+ cortex/SVZ,gated_learned_permuted_prior,learned_neighborhood,63,7,0.03351840851218718,-0.05021601130692435,0.07537783614444088,0.296875,-0.05604074866443354,-0.08387638912927453,-0.021686640309065947,0.03125
seqFISH+ cortex/SVZ,gated_learned_permuted_prior,learned_permuted_prior,63,7,0.0,-0.03849513271798516,0.012516520853712118,0.8125,0.0,-0.053422060767083834,0.0,0.25
seqFISH+ cortex/SVZ,gated_learned_permuted_prior,learned_random_graph,63,7,0.03939929758644639,-0.06672181888646217,0.13581330736196884,0.578125,-0.04771862615527728,-0.07122941435611202,0.01955281493907368,0.46875
seqFISH+ cortex/SVZ,gated_learned_permuted_prior,linear_svm,63,7,-0.7331377388449571,-0.9860533131446984,-0.36650823311126024,0.03125,0.4045627476894452,0.2397053259579277,0.47721700146248247,0.03125
seqFISH+ cortex/SVZ,gated_learned_permuted_prior,logreg_context_specific,63,7,-0.059205570581525035,-0.2943151718483922,0.07825235099408753,0.5625,0.011302276158495383,-0.047180468885216875,0.1312415918818669,0.5625
seqFISH+ cortex/SVZ,gated_learned_permuted_prior,logreg_learned_neighborhood,63,7,-0.19965346393177774,-0.21905852774806314,-0.02980020708369152,0.03125,0.11111111111111105,0.020771127213733254,0.11822639883001407,0.109375
seqFISH+ cortex/SVZ,gated_learned_permuted_prior,logreg_learned_permuted_prior,63,7,-0.0484198235892947,-0.1561274297708,-0.002791415759579502,0.21875,0.0,0.0,0.10375937481971087,0.875
seqFISH+ cortex/SVZ,gated_learned_permuted_prior,logreg_learned_random_graph,63,7,-0.010469804176109293,-0.2889867658030127,0.02189387061140835,0.296875,0.0,-0.027234721981836962,0.08722732395745669,0.3125
seqFISH+ cortex/SVZ,gated_learned_permuted_prior,logreg_only,63,7,-0.7331377388449571,-1.0,-0.3135346348097314,0.03125,0.3497569251599829,0.24612855571114906,0.506602137623939,0.03125
seqFISH+ cortex/SVZ,gated_learned_permuted_prior,marker_only,63,7,0.0,-0.06162682583317475,0.0013388678723415953,0.625,0.0,0.0,0.042737648613667134,0.5
seqFISH+ cortex/SVZ,gated_learned_permuted_prior,nested_gated_logreg_context_specific,63,7,-0.7331377388449571,-1.0,-0.3135346348097314,0.03125,0.3497569251599829,0.24612855571114906,0.506602137623939,0.03125
seqFISH+ cortex/SVZ,gated_learned_permuted_prior,nested_gated_logreg_learned_neighborhood,63,7,-0.7331377388449571,-1.0,-0.3135346348097314,0.03125,0.3497569251599829,0.24612855571114906,0.506602137623939,0.03125
seqFISH+ cortex/SVZ,gated_learned_permuted_prior,nested_gated_logreg_learned_permuted_prior,63,7,-0.7331377388449571,-1.0,-0.3135346348097314,0.03125,0.3497569251599829,0.24612855571114906,0.506602137623939,0.03125
seqFISH+ cortex/SVZ,gated_learned_permuted_prior,nested_gated_logreg_learned_random_graph,63,7,-0.7331377388449571,-1.0,-0.3135346348097314,0.03125,0.3497569251599829,0.24612855571114906,0.506602137623939,0.03125
seqFISH+ cortex/SVZ,gated_learned_permuted_prior,nested_logreg_context_specific,63,7,-0.7331377388449571,-1.0,-0.3135346348097314,0.03125,0.3497569251599829,0.24612855571114906,0.506602137623939,0.03125
seqFISH+ cortex/SVZ,gated_learned_permuted_prior,nested_logreg_learned_neighborhood,63,7,-0.7331377388449571,-1.0,-0.3135346348097314,0.03125,0.3497569251599829,0.24612855571114906,0.506602137623939,0.03125
seqFISH+ cortex/SVZ,gated_learned_permuted_prior,nested_logreg_learned_permuted_prior,63,7,-0.7331377388449571,-1.0,-0.3135346348097314,0.03125,0.3497569251599829,0.24612855571114906,0.506602137623939,0.03125
seqFISH+ cortex/SVZ,gated_learned_permuted_prior,nested_logreg_learned_random_graph,63,7,-0.7331377388449571,-1.0,-0.3135346348097314,0.03125,0.3497569251599829,0.24612855571114906,0.506602137623939,0.03125
seqFISH+ cortex/SVZ,gated_learned_permuted_prior,pca_knn,63,7,-0.6773385569751951,-1.0,-0.44235332745067824,0.03125,0.3333333333333332,0.31127812445913294,0.5292882904724807,0.03125
seqFISH+ cortex/SVZ,gated_learned_permuted_prior,singler_native,63,7,-0.7331377388449571,-1.0,-0.4387949677736058,0.03125,0.3497569251599829,0.2971804688852168,0.5778195311147832,0.03125
seqFISH+ cortex/SVZ,gated_learned_permuted_prior,spatial_smoothing,63,7,-0.0009252767469841716,-0.06162682583317475,0.0,0.4375,0.0,-0.0419381945646371,0.029773728729708904,1.0
seqFISH+ cortex/SVZ,gated_learned_permuted_prior,spatial_smoothing_random_graph,63,7,0.0013388678723415953,-6.938893903907228e-18,0.026014980341787508,0.375,0.0,-0.02638485962655973,0.009261771819797981,1.0
seqFISH+ cortex/SVZ,gated_learned_random_graph,context_specific,63,7,0.035497768896253806,-0.005432825482638043,0.18367303862376289,0.21875,-0.03145364592347788,-0.09544448523048632,0.005548081672770766,0.21875
seqFISH+ cortex/SVZ,gated_learned_random_graph,extra_trees,63,7,-0.7655976757409073,-1.0016488127729397,-0.42318084493132135,0.03125,0.44396269048501513,0.3333333333333332,0.5778195311147832,0.03125
seqFISH+ cortex/SVZ,gated_learned_random_graph,gated_context_specific,63,7,0.0,-0.005135330011530881,0.0,0.25,0.0,0.0,0.0,1.0
seqFISH+ cortex/SVZ,gated_learned_random_graph,gated_learned_neighborhood,63,7,0.0,-0.004514684348213227,5.551115123125783e-17,0.625,0.0,0.0,0.0,1.0
seqFISH+ cortex/SVZ,gated_learned_random_graph,gated_learned_permuted_prior,63,7,0.0,-0.05678675812983258,0.0059572579756794475,0.625,0.0,0.0,0.028864891919181568,0.5
seqFISH+ cortex/SVZ,gated_learned_random_graph,gated_logreg_context_specific,63,7,-0.23543217635998226,-0.4459696053419885,-0.1754942354435568,0.03125,0.17218046888521682,0.09857986171207461,0.23040648698189675,0.03125
seqFISH+ cortex/SVZ,gated_learned_random_graph,gated_logreg_learned_neighborhood,63,7,-0.16499294339321155,-0.4459696053419885,-0.0695151320438668,0.015625,0.15859738734851914,0.05659602262893326,0.23040648698189675,0.03125
seqFISH+ cortex/SVZ,gated_learned_random_graph,gated_logreg_learned_permuted_prior,63,7,-0.24187710248286023,-0.36375174513927555,-0.1063459134236007,0.015625,0.1378739828161918,0.09857986171207461,0.19570962879973086,0.03125
seqFISH+ cortex/SVZ,gated_learned_random_graph,gated_logreg_learned_random_graph,63,7,-0.23543217635998226,-0.48238191061886604,-0.08404576509391493,0.015625,0.1054390284152153,0.06622309826250483,0.23040648698189675,0.03125
seqFISH+ cortex/SVZ,gated_learned_random_graph,gated_spatial_smoothing,63,7,-0.03212627767858664,-0.06162682583317475,0.0,0.0625,0.020251554255571125,0.0,0.028864891919181568,0.125
seqFISH+ cortex/SVZ,gated_learned_random_graph,gated_spatial_smoothing_random_graph,63,7,0.0,-0.030297377979318696,0.0,0.5,0.0,0.0,0.01750803555975211,0.25
seqFISH+ cortex/SVZ,gated_learned_random_graph,learned_neighborhood,63,7,-0.004514684348213227,-0.0066009087660739985,0.07089842668175955,0.578125,-0.04892136229090288,-0.09436093777043353,0.0,0.125
seqFISH+ cortex/SVZ,gated_learned_random_graph,learned_permuted_prior,63,7,-5.551115123125783e-17,-0.04431557219375451,0.0,0.4375,0.0,-0.02723472198183685,0.06362483487370307,0.625
seqFISH+ cortex/SVZ,gated_learned_random_graph,learned_random_graph,63,7,0.04571316250033479,-0.027737362021145462,0.0592576987941416,0.578125,0.0,-0.053920535868819064,0.021767314624098644,0.625
seqFISH+ cortex/SVZ,gated_learned_random_graph,linear_svm,63,7,-0.7655976757409073,-0.943949460324309,-0.37315413814974274,0.03125,0.41986860717728935,0.2697519785623343,0.47721700146248247,0.03125
seqFISH+ cortex/SVZ,gated_learned_random_graph,logreg_context_specific,63,7,-0.01000676777162474,-0.2971332746675649,0.0,0.4375,0.007085472503814638,0.0,0.1312415918818669,0.625
seqFISH+ cortex/SVZ,gated_learned_random_graph,logreg_learned_neighborhood,63,7,-0.09611332322668487,-0.21905852774806314,-0.0404045758909414,0.109375,0.05597077393818739,0.020771127213733254,0.13868219479128213,0.046875
seqFISH+ cortex/SVZ,gated_learned_random_graph,logreg_learned_permuted_prior,63,7,-0.05659685732256761,-0.14277046843495078,-0.015556299531378659,0.03125,0.0,0.0,0.103759374819711,0.375
seqFISH+ cortex/SVZ,gated_learned_random_graph,logreg_learned_random_graph,63,7,-0.02773736202114535,-0.3066843346986262,0.0,0.09375,0.0,-0.019517976278159543,0.13413670620306767,0.625
seqFISH+ cortex/SVZ,gated_learned_random_graph,logreg_only,63,7,-0.7655976757409073,-1.0252645576319956,-0.37643753307362915,0.03125,0.5000000000000001,0.3180303358642106,0.603759374819711,0.03125
seqFISH+ cortex/SVZ,gated_learned_random_graph,marker_only,63,7,0.0,-0.05277737391206018,0.0,0.25,0.0,0.0,0.03774437510817352,0.5
seqFISH+ cortex/SVZ,gated_learned_random_graph,nested_gated_logreg_context_specific,63,7,-0.7655976757409073,-1.0252645576319956,-0.37643753307362915,0.03125,0.5000000000000001,0.3180303358642106,0.603759374819711,0.03125
seqFISH+ cortex/SVZ,gated_learned_random_graph,nested_gated_logreg_learned_neighborhood,63,7,-0.7655976757409073,-1.0252645576319956,-0.37643753307362915,0.03125,0.5000000000000001,0.3180303358642106,0.603759374819711,0.03125
seqFISH+ cortex/SVZ,gated_learned_random_graph,nested_gated_logreg_learned_permuted_prior,63,7,-0.7655976757409073,-1.0252645576319956,-0.37643753307362915,0.03125,0.5000000000000001,0.3180303358642106,0.603759374819711,0.03125
seqFISH+ cortex/SVZ,gated_learned_random_graph,nested_gated_logreg_learned_random_graph,63,7,-0.7655976757409073,-1.0252645576319956,-0.37643753307362915,0.03125,0.5000000000000001,0.3180303358642106,0.603759374819711,0.03125
seqFISH+ cortex/SVZ,gated_learned_random_graph,nested_logreg_context_specific,63,7,-0.7655976757409073,-1.0252645576319956,-0.37643753307362915,0.03125,0.5000000000000001,0.3180303358642106,0.603759374819711,0.03125
seqFISH+ cortex/SVZ,gated_learned_random_graph,nested_logreg_learned_neighborhood,63,7,-0.7655976757409073,-1.0252645576319956,-0.37643753307362915,0.03125,0.5000000000000001,0.3180303358642106,0.603759374819711,0.03125
seqFISH+ cortex/SVZ,gated_learned_random_graph,nested_logreg_learned_permuted_prior,63,7,-0.7655976757409073,-1.0252645576319956,-0.37643753307362915,0.03125,0.5000000000000001,0.3180303358642106,0.603759374819711,0.03125
seqFISH+ cortex/SVZ,gated_learned_random_graph,nested_logreg_learned_random_graph,63,7,-0.7655976757409073,-1.0252645576319956,-0.37643753307362915,0.03125,0.5000000000000001,0.3180303358642106,0.603759374819711,0.03125
seqFISH+ cortex/SVZ,gated_learned_random_graph,pca_knn,63,7,-0.7655976757409073,-0.9768036130229418,-0.42318084493132135,0.03125,0.44999252611721524,0.3333333333333332,0.5497143319588584,0.03125
seqFISH+ cortex/SVZ,gated_learned_random_graph,singler_native,63,7,-0.7744140969216745,-1.0016488127729397,-0.42318084493132135,0.03125,0.4832870956781829,0.3333333333333332,0.5778195311147832,0.03125
seqFISH+ cortex/SVZ,gated_learned_random_graph,spatial_smoothing,63,7,-0.0446942301166586,-0.06162682583317475,-0.016969484486053094,0.03125,0.027234721981836796,0.0,0.04085208297275525,0.0625
seqFISH+ cortex/SVZ,gated_learned_random_graph,spatial_smoothing_random_graph,63,7,0.0,-0.04974497388952365,0.0,0.5,0.0,-1.6653345369377348e-16,0.028864891919181568,0.625
seqFISH+ cortex/SVZ,gated_logreg_context_specific,context_specific,63,7,0.3774547218397277,0.17730781571770157,0.44675086709141687,0.015625,-0.19677767872596186,-0.26186013290537463,-0.13868219479128213,0.015625
seqFISH+ cortex/SVZ,gated_logreg_context_specific,extra_trees,63,7,-0.46801969598243653,-0.6575378065770738,-0.4020745188968936,0.03125,0.34482984761198787,0.22957395851362247,0.38314427512443094,0.15625
seqFISH+ cortex/SVZ,gated_logreg_context_specific,gated_context_specific,63,7,0.24187710248286023,0.08885998398466458,0.4459696053419885,0.015625,-0.15859738734851897,-0.23040648698189675,-0.09857986171207478,0.03125
seqFISH+ cortex/SVZ,gated_logreg_context_specific,gated_learned_neighborhood,63,7,0.20504366799517526,0.13995771893713027,0.41685342576852824,0.015625,-0.13124159188186713,-0.2576845660258822,-0.09857986171207478,0.03125
seqFISH+ cortex/SVZ,gated_logreg_context_specific,gated_learned_permuted_prior,63,7,0.18650096164806282,0.0686696393970363,0.4783279872155047,0.015625,-0.0954484304595396,-0.21704270911458567,-0.03252996046359896,0.015625
seqFISH+ cortex/SVZ,gated_logreg_context_specific,gated_learned_random_graph,63,7,0.23543217635998226,0.1754942354435568,0.4459696053419885,0.03125,-0.17218046888521682,-0.23040648698189675,-0.09857986171207461,0.03125
seqFISH+ cortex/SVZ,gated_logreg_context_specific,gated_logreg_learned_neighborhood,63,7,0.0,0.0,0.0,1.0,0.0,0.0,0.0,1.0
seqFISH+ cortex/SVZ,gated_logreg_context_specific,gated_logreg_learned_permuted_prior,63,7,0.0,-0.013192412475982351,0.0,0.5,0.0,0.0,0.0,1.0
seqFISH+ cortex/SVZ,gated_logreg_context_specific,gated_logreg_learned_random_graph,63,7,0.0,0.0,2.7755575615628914e-17,0.75,0.0,0.0,0.0,1.0
seqFISH+ cortex/SVZ,gated_logreg_context_specific,gated_spatial_smoothing,63,7,0.24187710248286023,0.11797357215190571,0.4459696053419885,0.03125,-0.13124159188186713,-0.2195179762781596,-0.07134513973023782,0.03125
seqFISH+ cortex/SVZ,gated_logreg_context_specific,gated_spatial_smoothing_random_graph,63,7,0.24187710248286023,0.13995771893713027,0.4459696053419885,0.03125,-0.1493974703476993,-0.24114315937023179,-0.09857986171207461,0.03125
seqFISH+ cortex/SVZ,gated_logreg_context_specific,learned_neighborhood,63,7,0.38931034563051553,0.15669197753171715,0.4245246494660137,0.015625,-0.19570962879973086,-0.2576845660258822,-0.11111111111111105,0.015625
seqFISH+ cortex/SVZ,gated_logreg_context_specific,learned_permuted_prior,63,7,0.24588574724834814,0.18644067796610164,0.3154270773671902,0.015625,-0.13868219479128213,-0.2270455037963156,-0.09913469301612315,0.015625
seqFISH+ cortex/SVZ,gated_logreg_context_specific,learned_random_graph,63,7,0.23543217635998223,0.17421669621433022,0.45833333333333354,0.03125,-0.13136266536668229,-0.25,-0.07122941435611185,0.015625
seqFISH+ cortex/SVZ,gated_logreg_context_specific,linear_svm,63,7,-0.40347672795146716,-0.6029930297940563,-0.31208825505695836,0.03125,0.2299532233001352,0.1451765584492877,0.4045627476894452,0.078125
seqFISH+ cortex/SVZ,gated_logreg_context_specific,logreg_context_specific,63,7,0.18644067796610161,-0.017888137313258,0.3635953622342295,0.078125,-0.12499999999999978,-0.17395590725988763,-0.03067984930575851,0.03125
seqFISH+ cortex/SVZ,gated_logreg_context_specific,logreg_learned_neighborhood,63,7,0.08685058714365396,0.01168190057121471,0.134140743862456,0.03125,-0.047180468885216764,-0.07445835797647549,0.0,0.4375
seqFISH+ cortex/SVZ,gated_logreg_context_specific,logreg_learned_permuted_prior,63,7,0.1674259617467575,0.08965978893740315,0.2367891808539454,0.03125,-0.0992161590196069,-0.12286353285289997,-0.022576219809261056,0.03125
seqFISH+ cortex/SVZ,gated_logreg_context_specific,logreg_learned_random_graph,63,7,0.22340737114989095,0.0,0.2907855814299861,0.09375,-0.13868219479128213,-0.16812224599330072,0.0,0.0625
seqFISH+ cortex/SVZ,gated_logreg_context_specific,logreg_only,63,7,-0.46312450780684045,-0.6822565485494407,-0.4020745188968936,0.03125,0.28272543000239875,0.21434947499576165,0.4370927081530443,0.03125
seqFISH+ cortex/SVZ,gated_logreg_context_specific,marker_only,63,7,0.1760360434013164,0.0,0.4235631156066884,0.0625,-0.1326845660258822,-0.20258829776049314,0.0,0.0625
seqFISH+ cortex/SVZ,gated_logreg_context_specific,nested_gated_logreg_context_specific,63,7,-0.46312450780684045,-0.6822565485494407,-0.4020745188968936,0.03125,0.28272543000239875,0.21434947499576165,0.4370927081530443,0.03125
seqFISH+ cortex/SVZ,gated_logreg_context_specific,nested_gated_logreg_learned_neighborhood,63,7,-0.46312450780684045,-0.6822565485494407,-0.4020745188968936,0.03125,0.28272543000239875,0.21434947499576165,0.4370927081530443,0.03125
seqFISH+ cortex/SVZ,gated_logreg_context_specific,nested_gated_logreg_learned_permuted_prior,63,7,-0.46312450780684045,-0.6822565485494407,-0.4020745188968936,0.03125,0.28272543000239875,0.21434947499576165,0.4370927081530443,0.03125
seqFISH+ cortex/SVZ,gated_logreg_context_specific,nested_gated_logreg_learned_random_graph,63,7,-0.46312450780684045,-0.6822565485494407,-0.4020745188968936,0.03125,0.28272543000239875,0.21434947499576165,0.4370927081530443,0.03125
seqFISH+ cortex/SVZ,gated_logreg_context_specific,nested_logreg_context_specific,63,7,-0.46312450780684045,-0.6822565485494407,-0.4020745188968936,0.03125,0.28272543000239875,0.21434947499576165,0.4370927081530443,0.03125
seqFISH+ cortex/SVZ,gated_logreg_context_specific,nested_logreg_learned_neighborhood,63,7,-0.46312450780684045,-0.6822565485494407,-0.4020745188968936,0.03125,0.28272543000239875,0.21434947499576165,0.4370927081530443,0.03125
seqFISH+ cortex/SVZ,gated_logreg_context_specific,nested_logreg_learned_permuted_prior,63,7,-0.46312450780684045,-0.6822565485494407,-0.4020745188968936,0.03125,0.28272543000239875,0.21434947499576165,0.4370927081530443,0.03125
seqFISH+ cortex/SVZ,gated_logreg_context_specific,nested_logreg_learned_random_graph,63,7,-0.46312450780684045,-0.6822565485494407,-0.4020745188968936,0.03125,0.28272543000239875,0.21434947499576165,0.4370927081530443,0.03125
seqFISH+ cortex/SVZ,gated_logreg_context_specific,pca_knn,63,7,-0.4669838150609486,-0.5753961121957767,-0.4020745188968936,0.03125,0.2924871481633516,0.2835223915422356,0.38314427512443094,0.15625
seqFISH+ cortex/SVZ,gated_logreg_context_specific,singler_native,63,7,-0.48567010501924174,-0.6869504831500292,-0.4020745188968936,0.03125,0.3432554083769706,0.25628766956039883,0.4370927081530443,0.03125
seqFISH+ cortex/SVZ,gated_logreg_context_specific,spatial_smoothing,63,7,0.3437500000000001,0.0,0.39575359403506416,0.0625,-0.09798728090439968,-0.20426250525879808,0.0,0.0625
seqFISH+ cortex/SVZ,gated_logreg_context_specific,spatial_smoothing_random_graph,63,7,0.32231426901003163,0.17421669621433022,0.4459696053419885,0.015625,-0.13868219479128213,-0.24114315937023179,-0.10221700146248247,0.015625
seqFISH+ cortex/SVZ,gated_logreg_learned_neighborhood,context_specific,63,7,0.3546697030909156,0.15758521504975076,0.38859345837769754,0.015625,-0.2099865470109874,-0.2419158534223449,-0.12903366096681074,0.015625
seqFISH+ cortex/SVZ,gated_logreg_learned_neighborhood,extra_trees,63,7,-0.46312450780684056,-0.6681681758020157,-0.36409623018899606,0.03125,0.2958363892911636,0.18676687467547975,0.34946345330572165,0.21875
seqFISH+ cortex/SVZ,gated_logreg_learned_neighborhood,gated_context_specific,63,7,0.21905852774806314,0.13995771893713027,0.4459696053419885,0.03125,-0.1609640474436811,-0.19570962879973086,0.0,0.0625
seqFISH+ cortex/SVZ,gated_logreg_learned_neighborhood,gated_learned_neighborhood,63,7,0.20504366799517515,0.13995771893713027,0.4268610137144497,0.015625,-0.17004449017994339,-0.2437584081181327,0.0,0.0625
seqFISH+ cortex/SVZ,gated_logreg_learned_neighborhood,gated_learned_permuted_prior,63,7,0.16499294339321155,0.12404703901209366,0.4823819106188661,0.015625,-0.10375937481971087,-0.21704270911458567,0.0,0.0625
seqFISH+ cortex/SVZ,gated_logreg_learned_neighborhood,gated_learned_random_graph,63,7,0.16499294339321155,0.0695151320438668,0.4459696053419885,0.015625,-0.15859738734851914,-0.23040648698189675,-0.05659602262893326,0.03125
seqFISH+ cortex/SVZ,gated_logreg_learned_neighborhood,gated_logreg_context_specific,63,7,0.0,0.0,0.0,1.0,0.0,0.0,0.0,1.0
seqFISH+ cortex/SVZ,gated_logreg_learned_neighborhood,gated_logreg_learned_permuted_prior,63,7,0.0,0.0,0.0013130552071545232,1.0,0.0,0.0,0.0,1.0
seqFISH+ cortex/SVZ,gated_logreg_learned_neighborhood,gated_logreg_learned_random_graph,63,7,0.0,0.0,0.0,1.0,0.0,0.0,0.0,1.0
seqFISH+ cortex/SVZ,gated_logreg_learned_neighborhood,gated_spatial_smoothing,63,7,0.20670265770077795,0.12404703901209366,0.4459696053419885,0.015625,-0.16935425840333507,-0.19570962879973086,0.0,0.0625
seqFISH+ cortex/SVZ,gated_logreg_learned_neighborhood,gated_spatial_smoothing_random_graph,63,7,0.16499294339321155,0.12404703901209366,0.4459696053419885,0.015625,-0.15859738734851914,-0.19657793923291617,-0.017743614798326812,0.046875
seqFISH+ cortex/SVZ,gated_logreg_learned_neighborhood,learned_neighborhood,63,7,0.3538832505266484,0.13995342700317986,0.43783647884085614,0.015625,-0.18344366499484588,-0.3189626904850149,-0.13136266536668245,0.015625
seqFISH+ cortex/SVZ,gated_logreg_learned_neighborhood,learned_permuted_prior,63,7,0.2591975766231906,0.10235448014953025,0.3154270773671901,0.015625,-0.16176160760645752,-0.23040648698189675,-0.09497255247481606,0.015625
seqFISH+ cortex/SVZ,gated_logreg_learned_neighborhood,learned_random_graph,63,7,0.22906378818600026,0.03597129384512979,0.39335004760436754,0.03125,-0.15880738969651947,-0.25,-0.04193819456463699,0.015625
seqFISH+ cortex/SVZ,gated_logreg_learned_neighborhood,linear_svm,63,7,-0.333279798251804,-0.6268590732538646,-0.29971716615778654,0.03125,0.20556003989839872,0.1530493056757482,0.4045627476894452,0.046875
seqFISH+ cortex/SVZ,gated_logreg_learned_neighborhood,logreg_context_specific,63,7,0.153148346864995,-0.017888137313258,0.4354540138607891,0.15625,-0.12499999999999978,-0.16812224599330083,0.0,0.09375
seqFISH+ cortex/SVZ,gated_logreg_learned_neighborhood,logreg_learned_neighborhood,63,7,0.042511543115652806,0.0,0.08685058714365396,0.0625,-0.05465560440952083,-0.07445835797647549,0.0,0.125
seqFISH+ cortex/SVZ,gated_logreg_learned_neighborhood,logreg_learned_permuted_prior,63,7,0.13050922441596857,0.002695841050210812,0.25395258271245885,0.046875,-0.0992161590196069,-0.170565997075035,0.0,0.125
seqFISH+ cortex/SVZ,gated_logreg_learned_neighborhood,logreg_learned_random_graph,63,7,0.193407867601039,5.551115123125783e-17,0.23586840765395772,0.046875,-0.11319204525786647,-0.16812224599330072,0.0,0.125
seqFISH+ cortex/SVZ,gated_logreg_learned_neighborhood,logreg_only,63,7,-0.4297296263170708,-0.6681681758020157,-0.36310183320950373,0.03125,0.28272543000239875,0.20281953111478324,0.39291452749618533,0.046875
seqFISH+ cortex/SVZ,gated_logreg_learned_neighborhood,marker_only,63,7,0.13995771893713027,0.0686696393970363,0.4459696053419885,0.015625,-0.08581967154334347,-0.20258829776049314,0.0,0.0625
seqFISH+ cortex/SVZ,gated_logreg_learned_neighborhood,nested_gated_logreg_context_specific,63,7,-0.4297296263170708,-0.6681681758020157,-0.36310183320950373,0.03125,0.28272543000239875,0.20281953111478324,0.39291452749618533,0.046875
seqFISH+ cortex/SVZ,gated_logreg_learned_neighborhood,nested_gated_logreg_learned_neighborhood,63,7,-0.4297296263170708,-0.6681681758020157,-0.36310183320950373,0.03125,0.28272543000239875,0.20281953111478324,0.39291452749618533,0.046875
seqFISH+ cortex/SVZ,gated_logreg_learned_neighborhood,nested_gated_logreg_learned_permuted_prior,63,7,-0.4297296263170708,-0.6681681758020157,-0.36310183320950373,0.03125,0.28272543000239875,0.20281953111478324,0.39291452749618533,0.046875
seqFISH+ cortex/SVZ,gated_logreg_learned_neighborhood,nested_gated_logreg_learned_random_graph,63,7,-0.4297296263170708,-0.6681681758020157,-0.36310183320950373,0.03125,0.28272543000239875,0.20281953111478324,0.39291452749618533,0.046875
seqFISH+ cortex/SVZ,gated_logreg_learned_neighborhood,nested_logreg_context_specific,63,7,-0.4297296263170708,-0.6681681758020157,-0.36310183320950373,0.03125,0.28272543000239875,0.20281953111478324,0.39291452749618533,0.046875
seqFISH+ cortex/SVZ,gated_logreg_learned_neighborhood,nested_logreg_learned_neighborhood,63,7,-0.4297296263170708,-0.6681681758020157,-0.36310183320950373,0.03125,0.28272543000239875,0.20281953111478324,0.39291452749618533,0.046875
seqFISH+ cortex/SVZ,gated_logreg_learned_neighborhood,nested_logreg_learned_permuted_prior,63,7,-0.4297296263170708,-0.6681681758020157,-0.36310183320950373,0.03125,0.28272543000239875,0.20281953111478324,0.39291452749618533,0.046875
seqFISH+ cortex/SVZ,gated_logreg_learned_neighborhood,nested_logreg_learned_random_graph,63,7,-0.4297296263170708,-0.6681681758020157,-0.36310183320950373,0.03125,0.28272543000239875,0.20281953111478324,0.39291452749618533,0.046875
seqFISH+ cortex/SVZ,gated_logreg_learned_neighborhood,pca_knn,63,7,-0.46312450780684056,-0.5944354938586432,-0.36409623018899606,0.03125,0.34482984761198787,0.20281953111478324,0.34946345330572165,0.078125
seqFISH+ cortex/SVZ,gated_logreg_learned_neighborhood,singler_native,63,7,-0.45288691850429186,-0.6681681758020157,-0.37929201639356835,0.03125,0.34946345330572165,0.20281953111478324,0.39461145779246615,0.03125
seqFISH+ cortex/SVZ,gated_logreg_learned_neighborhood,spatial_smoothing,63,7,0.30934146292054143,0.0,0.42438704420690476,0.09375,-0.16723571792454883,-0.19570962879973086,0.0,0.0625
seqFISH+ cortex/SVZ,gated_logreg_learned_neighborhood,spatial_smoothing_random_graph,63,7,0.31199766628122166,0.09775733197744929,0.4459696053419885,0.015625,-0.13868219479128213,-0.2099865470109874,-0.10750380187385244,0.015625
seqFISH+ cortex/SVZ,gated_logreg_learned_permuted_prior,context_specific,63,7,0.3546697030909156,0.19374477776524335,0.5223795025150961,0.015625,-0.16812224599330072,-0.24375642016136212,-0.0961660589049887,0.015625
seqFISH+ cortex/SVZ,gated_logreg_learned_permuted_prior,extra_trees,63,7,-0.5039720088051362,-0.5972887292057075,-0.36409623018899595,0.03125,0.2958363892911636,0.24902249956730624,0.34946345330572165,0.21875
seqFISH+ cortex/SVZ,gated_logreg_learned_permuted_prior,gated_context_specific,63,7,0.22668722113755682,0.1698843900076995,0.3689071928482888,0.015625,-0.13124159188186713,-0.19570962879973086,-0.09857986171207478,0.03125
seqFISH+ cortex/SVZ,gated_logreg_learned_permuted_prior,gated_learned_neighborhood,63,7,0.24187710248286023,0.1698843900076995,0.36375174513927555,0.015625,-0.13124159188186713,-0.1803857241674499,-0.09857986171207478,0.03125
seqFISH+ cortex/SVZ,gated_logreg_learned_permuted_prior,gated_learned_permuted_prior,63,7,0.20670265770077795,0.12404703901209366,0.3689071928482888,0.015625,-0.10218706756942914,-0.20708547250381465,-0.07134513973023782,0.03125
seqFISH+ cortex/SVZ,gated_logreg_learned_permuted_prior,gated_learned_random_graph,63,7,0.24187710248286023,0.1063459134236007,0.36375174513927555,0.015625,-0.1378739828161918,-0.19570962879973086,-0.09857986171207461,0.03125
seqFISH+ cortex/SVZ,gated_logreg_learned_permuted_prior,gated_logreg_context_specific,63,7,0.0,0.0,0.013192412475982351,0.5,0.0,0.0,0.0,1.0
seqFISH+ cortex/SVZ,gated_logreg_learned_permuted_prior,gated_logreg_learned_neighborhood,63,7,0.0,-0.0013130552071545232,0.0,1.0,0.0,0.0,0.0,1.0
seqFISH+ cortex/SVZ,gated_logreg_learned_permuted_prior,gated_logreg_learned_random_graph,63,7,0.0,0.0,0.0,1.0,0.0,0.0,0.0,1.0
seqFISH+ cortex/SVZ,gated_logreg_learned_permuted_prior,gated_spatial_smoothing,63,7,0.24187710248286023,0.12404703901209366,0.3689071928482888,0.015625,-0.13124159188186713,-0.19570962879973086,-0.07134513973023782,0.03125
seqFISH+ cortex/SVZ,gated_logreg_learned_permuted_prior,gated_spatial_smoothing_random_graph,63,7,0.23756452151161617,0.12404703901209366,0.36375174513927555,0.015625,-0.12785168033679994,-0.19570962879973086,-0.09857986171207461,0.03125
seqFISH+ cortex/SVZ,gated_logreg_learned_permuted_prior,learned_neighborhood,63,7,0.27626257408911503,0.19910638131187097,0.4538379301169472,0.015625,-0.19570962879973086,-0.24902249956730618,-0.12712415827863108,0.015625
seqFISH+ cortex/SVZ,gated_logreg_learned_permuted_prior,learned_permuted_prior,63,7,0.23312620206007845,0.12483966719553327,0.29399113648242803,0.015625,-0.1410637748981926,-0.16176160760645752,-0.1044389044162285,0.015625
seqFISH+ cortex/SVZ,gated_logreg_learned_permuted_prior,learned_random_graph,63,7,0.21407065033156936,0.11468911717801471,0.3412705544708902,0.015625,-0.1394593833476065,-0.27178222159979815,-0.06058420017735511,0.015625
seqFISH+ cortex/SVZ,gated_logreg_learned_permuted_prior,linear_svm,63,7,-0.361771877906401,-0.5460409851962077,-0.22283300706813786,0.046875,0.2299532233001352,0.14902249956730623,0.4045627476894452,0.078125
seqFISH+ cortex/SVZ,gated_logreg_learned_permuted_prior,logreg_context_specific,63,7,0.193407867601039,0.042920424703421056,0.3610208690911836,0.03125,-0.10221136706758621,-0.17218046888521665,-0.023796571007381084,0.03125
seqFISH+ cortex/SVZ,gated_logreg_learned_permuted_prior,logreg_learned_neighborhood,63,7,0.05428717506308225,0.03931187293668248,0.10082037634552299,0.03125,-0.07122941435611185,-0.11090234442608399,0.0,0.0625
seqFISH+ cortex/SVZ,gated_logreg_learned_permuted_prior,logreg_learned_permuted_prior,63,7,0.1674259617467575,0.029334330482136045,0.21122529184579897,0.03125,-0.06372187554086717,-0.1677511103997691,0.0,0.0625
seqFISH+ cortex/SVZ,gated_logreg_learned_permuted_prior,logreg_learned_random_graph,63,7,0.19374477776524335,-0.002478534826697021,0.2907855814299861,0.15625,-0.09857986171207478,-0.16812224599330072,-1.6653345369377348e-16,0.078125
seqFISH+ cortex/SVZ,gated_logreg_learned_permuted_prior,logreg_only,63,7,-0.40807875294777207,-0.6440657515928129,-0.36310183320950373,0.03125,0.28272543000239875,0.2562876695603987,0.38178414056760057,0.03125
seqFISH+ cortex/SVZ,gated_logreg_learned_permuted_prior,marker_only,63,7,0.19374477776524335,1.1102230246251565e-16,0.3271578924599713,0.03125,-0.11875840811813287,-0.12598409508217423,0.0,0.0625
seqFISH+ cortex/SVZ,gated_logreg_learned_permuted_prior,nested_gated_logreg_context_specific,63,7,-0.40807875294777207,-0.6440657515928129,-0.36310183320950373,0.03125,0.28272543000239875,0.2562876695603987,0.38178414056760057,0.03125
seqFISH+ cortex/SVZ,gated_logreg_learned_permuted_prior,nested_gated_logreg_learned_neighborhood,63,7,-0.40807875294777207,-0.6440657515928129,-0.36310183320950373,0.03125,0.28272543000239875,0.2562876695603987,0.38178414056760057,0.03125
seqFISH+ cortex/SVZ,gated_logreg_learned_permuted_prior,nested_gated_logreg_learned_permuted_prior,63,7,-0.40807875294777207,-0.6440657515928129,-0.36310183320950373,0.03125,0.28272543000239875,0.2562876695603987,0.38178414056760057,0.03125
seqFISH+ cortex/SVZ,gated_logreg_learned_permuted_prior,nested_gated_logreg_learned_random_graph,63,7,-0.40807875294777207,-0.6440657515928129,-0.36310183320950373,0.03125,0.28272543000239875,0.2562876695603987,0.38178414056760057,0.03125
seqFISH+ cortex/SVZ,gated_logreg_learned_permuted_prior,nested_logreg_context_specific,63,7,-0.40807875294777207,-0.6440657515928129,-0.36310183320950373,0.03125,0.28272543000239875,0.2562876695603987,0.38178414056760057,0.03125
seqFISH+ cortex/SVZ,gated_logreg_learned_permuted_prior,nested_logreg_learned_neighborhood,63,7,-0.40807875294777207,-0.6440657515928129,-0.36310183320950373,0.03125,0.28272543000239875,0.2562876695603987,0.38178414056760057,0.03125
seqFISH+ cortex/SVZ,gated_logreg_learned_permuted_prior,nested_logreg_learned_permuted_prior,63,7,-0.40807875294777207,-0.6440657515928129,-0.36310183320950373,0.03125,0.28272543000239875,0.2562876695603987,0.38178414056760057,0.03125
seqFISH+ cortex/SVZ,gated_logreg_learned_permuted_prior,nested_logreg_learned_random_graph,63,7,-0.40807875294777207,-0.6440657515928129,-0.36310183320950373,0.03125,0.28272543000239875,0.2562876695603987,0.38178414056760057,0.03125
seqFISH+ cortex/SVZ,gated_logreg_learned_permuted_prior,pca_knn,63,7,-0.459913074162671,-0.5972887292057075,-0.36409623018899595,0.03125,0.2845644134123565,0.2799739454578811,0.3486131800883036,0.109375
seqFISH+ cortex/SVZ,gated_logreg_learned_permuted_prior,singler_native,63,7,-0.5070255283331989,-0.6440657515928129,-0.37929201639356835,0.03125,0.3275431046909324,0.25628766956039883,0.38178414056760057,0.03125
seqFISH+ cortex/SVZ,gated_logreg_learned_permuted_prior,spatial_smoothing,63,7,0.30934146292054143,0.0,0.3631464198793601,0.09375,-0.11875840811813287,-0.1803857241674499,0.0,0.0625
seqFISH+ cortex/SVZ,gated_logreg_learned_permuted_prior,spatial_smoothing_random_graph,63,7,0.23756452151161617,0.12264140151474878,0.36375174513927555,0.015625,-0.1245112497836533,-0.16890456165088563,-0.07339655121802599,0.015625
seqFISH+ cortex/SVZ,gated_logreg_learned_random_graph,context_specific,63,7,0.34159767984202727,0.13995771893713027,0.4863115542144852,0.015625,-0.1530493056757482,-0.25000000000000017,-0.07656817330721294,0.015625
seqFISH+ cortex/SVZ,gated_logreg_learned_random_graph,extra_trees,63,7,-0.3830473027608756,-0.5222538157684897,-0.36409623018899595,0.03125,0.3265115064941041,0.24902249956730624,0.34946345330572165,0.21875
seqFISH+ cortex/SVZ,gated_logreg_learned_random_graph,gated_context_specific,63,7,0.22668722113755682,0.13995771893713027,0.4942561825209321,0.015625,-0.11941403056390526,-0.22772809106265035,-0.10375937481971098,0.015625
seqFISH+ cortex/SVZ,gated_logreg_learned_random_graph,gated_learned_neighborhood,63,7,0.19620457747013392,0.13995771893713027,0.4773539982862998,0.015625,-0.13124159188186713,-0.2437584081181327,-0.09857986171207478,0.015625
seqFISH+ cortex/SVZ,gated_logreg_learned_random_graph,gated_learned_permuted_prior,63,7,0.206702657700778,0.08876253957007213,0.5131622421961188,0.015625,-0.07629880075558748,-0.20998044549551903,-0.054585169337799555,0.015625
seqFISH+ cortex/SVZ,gated_logreg_learned_random_graph,gated_learned_random_graph,63,7,0.23543217635998226,0.08404576509391493,0.48238191061886604,0.015625,-0.1054390284152153,-0.23040648698189675,-0.06622309826250483,0.03125
seqFISH+ cortex/SVZ,gated_logreg_learned_random_graph,gated_logreg_context_specific,63,7,0.0,-2.7755575615628914e-17,0.0,0.75,0.0,0.0,0.0,1.0
seqFISH+ cortex/SVZ,gated_logreg_learned_random_graph,gated_logreg_learned_neighborhood,63,7,0.0,0.0,0.0,1.0,0.0,0.0,0.0,1.0
seqFISH+ cortex/SVZ,gated_logreg_learned_random_graph,gated_logreg_learned_permuted_prior,63,7,0.0,0.0,0.0,1.0,0.0,0.0,0.0,1.0
seqFISH+ cortex/SVZ,gated_logreg_learned_random_graph,gated_spatial_smoothing,63,7,0.24187710248286035,0.07528603057245775,0.4823819106188661,0.015625,-0.13124159188186713,-0.22772809106265035,-0.07134513973023782,0.015625
seqFISH+ cortex/SVZ,gated_logreg_learned_random_graph,gated_spatial_smoothing_random_graph,63,7,0.23756452151161622,0.12264140151474878,0.4823819106188661,0.03125,-0.13035207962426626,-0.21624692854608607,-0.09857986171207461,0.03125
seqFISH+ cortex/SVZ,gated_logreg_learned_random_graph,learned_neighborhood,63,7,0.3538832505266484,0.19910638131187108,0.4129712808508105,0.015625,-0.13868219479128213,-0.2437584081181327,-0.1098268670239134,0.015625
seqFISH+ cortex/SVZ,gated_logreg_learned_random_graph,learned_permuted_prior,63,7,0.2140706503315694,0.08585852666587535,0.38580985498958287,0.015625,-0.13868219479128213,-0.24114315937023179,-0.09139455520210349,0.015625
seqFISH+ cortex/SVZ,gated_logreg_learned_random_graph,learned_random_graph,63,7,0.21407065033156936,0.07038277762239264,0.39335004760436754,0.015625,-0.13136266536668229,-0.27548875021634694,-0.06888887216716522,0.015625
seqFISH+ cortex/SVZ,gated_logreg_learned_random_graph,linear_svm,63,7,-0.3531482645399737,-0.48538979095067974,-0.28502253636427044,0.03125,0.22220536652867295,0.14902249956730623,0.30080337286973424,0.046875
seqFISH+ cortex/SVZ,gated_logreg_learned_random_graph,logreg_context_specific,63,7,0.193407867601039,-0.028810498807660623,0.3635953622342295,0.078125,-0.09322776309277131,-0.20197066796665114,-0.042020642318038814,0.015625
seqFISH+ cortex/SVZ,gated_logreg_learned_random_graph,logreg_learned_neighborhood,63,7,0.05428717506308224,0.0,0.12703014476364996,0.0625,-0.025009495703688878,-0.07445835797647549,0.0,0.1875
seqFISH+ cortex/SVZ,gated_logreg_learned_random_graph,logreg_learned_permuted_prior,63,7,0.10555474782412032,0.023564920572008985,0.22177844673313934,0.015625,-0.06225562489182668,-0.1239117473107233,-0.017510286158698984,0.03125
seqFISH+ cortex/SVZ,gated_logreg_learned_random_graph,logreg_learned_random_graph,63,7,0.193407867601039,5.551115123125783e-17,0.29078558142998623,0.046875,-0.08664913974888233,-0.16812224599330072,-1.6653345369377348e-16,0.03125
seqFISH+ cortex/SVZ,gated_logreg_learned_random_graph,logreg_only,63,7,-0.3830473027608756,-0.5532910255185808,-0.36310183320950373,0.03125,0.28272543000239875,0.2562876695603987,0.35816422214613597,0.03125
seqFISH+ cortex/SVZ,gated_logreg_learned_random_graph,marker_only,63,7,0.1485239700367918,0.0,0.4235631156066884,0.0625,-0.11111111111111102,-0.20783469342317984,0.0,0.0625
seqFISH+ cortex/SVZ,gated_logreg_learned_random_graph,nested_gated_logreg_context_specific,63,7,-0.3830473027608756,-0.5532910255185808,-0.36310183320950373,0.03125,0.28272543000239875,0.2562876695603987,0.35816422214613597,0.03125
seqFISH+ cortex/SVZ,gated_logreg_learned_random_graph,nested_gated_logreg_learned_neighborhood,63,7,-0.3830473027608756,-0.5532910255185808,-0.36310183320950373,0.03125,0.28272543000239875,0.2562876695603987,0.35816422214613597,0.03125
seqFISH+ cortex/SVZ,gated_logreg_learned_random_graph,nested_gated_logreg_learned_permuted_prior,63,7,-0.3830473027608756,-0.5532910255185808,-0.36310183320950373,0.03125,0.28272543000239875,0.2562876695603987,0.35816422214613597,0.03125
seqFISH+ cortex/SVZ,gated_logreg_learned_random_graph,nested_gated_logreg_learned_random_graph,63,7,-0.3830473027608756,-0.5532910255185808,-0.36310183320950373,0.03125,0.28272543000239875,0.2562876695603987,0.35816422214613597,0.03125
seqFISH+ cortex/SVZ,gated_logreg_learned_random_graph,nested_logreg_context_specific,63,7,-0.3830473027608756,-0.5532910255185808,-0.36310183320950373,0.03125,0.28272543000239875,0.2562876695603987,0.35816422214613597,0.03125
seqFISH+ cortex/SVZ,gated_logreg_learned_random_graph,nested_logreg_learned_neighborhood,63,7,-0.3830473027608756,-0.5532910255185808,-0.36310183320950373,0.03125,0.28272543000239875,0.2562876695603987,0.35816422214613597,0.03125
seqFISH+ cortex/SVZ,gated_logreg_learned_random_graph,nested_logreg_learned_permuted_prior,63,7,-0.3830473027608756,-0.5532910255185808,-0.36310183320950373,0.03125,0.28272543000239875,0.2562876695603987,0.35816422214613597,0.03125
seqFISH+ cortex/SVZ,gated_logreg_learned_random_graph,nested_logreg_learned_random_graph,63,7,-0.3830473027608756,-0.5532910255185808,-0.36310183320950373,0.03125,0.28272543000239875,0.2562876695603987,0.35816422214613597,0.03125
seqFISH+ cortex/SVZ,gated_logreg_learned_random_graph,pca_knn,63,7,-0.3830473027608756,-0.5333333333333332,-0.36409623018899595,0.03125,0.28765814513602866,0.2604559691797218,0.3333333333333333,0.109375
seqFISH+ cortex/SVZ,gated_logreg_learned_random_graph,singler_native,63,7,-0.3830473027608756,-0.5230957440307844,-0.37929201639356835,0.03125,0.3265115064941041,0.25628766956039883,0.34946345330572165,0.03125
seqFISH+ cortex/SVZ,gated_logreg_learned_random_graph,spatial_smoothing,63,7,0.30934146292054143,0.03275090381185303,0.46613637165745686,0.03125,-0.16812224599330083,-0.22772809106265035,-0.03252996046359896,0.03125
seqFISH+ cortex/SVZ,gated_logreg_learned_random_graph,spatial_smoothing_random_graph,63,7,0.23756452151161622,0.14659689070203732,0.4823819106188661,0.015625,-0.13124159188186713,-0.21624692854608607,-0.07339655121802599,0.015625
seqFISH+ cortex/SVZ,gated_spatial_smoothing,context_specific,63,7,0.08528468314464299,0.0,0.13389434814899548,0.09375,-0.04085208297275511,-0.14809845612300104,0.008051907687256277,0.3125
seqFISH+ cortex/SVZ,gated_spatial_smoothing,extra_trees,63,7,-0.7422878192430878,-0.9398615099565172,-0.4387699031598159,0.03125,0.4133236282554486,0.24479844203148315,0.5073859319828743,0.03125
seqFISH+ cortex/SVZ,gated_spatial_smoothing,gated_context_specific,63,7,0.0,0.0,0.04890433605336435,0.25,0.0,-0.014418382225678289,0.0,0.5
seqFISH+ cortex/SVZ,gated_spatial_smoothing,gated_learned_neighborhood,63,7,0.02178296271584851,0.0,0.03212627767858667,0.0625,0.0,-0.027234721981836962,0.0,0.25
seqFISH+ cortex/SVZ,gated_spatial_smoothing,gated_learned_permuted_prior,63,7,0.0,0.0,0.06162682583317475,0.625,0.0,-0.029773728729708904,0.0,0.75
seqFISH+ cortex/SVZ,gated_spatial_smoothing,gated_learned_random_graph,63,7,0.03212627767858664,0.0,0.06162682583317475,0.0625,-0.020251554255571125,-0.028864891919181568,0.0,0.125
seqFISH+ cortex/SVZ,gated_spatial_smoothing,gated_logreg_context_specific,63,7,-0.24187710248286023,-0.4459696053419885,-0.11797357215190571,0.03125,0.13124159188186713,0.07134513973023782,0.2195179762781596,0.03125
seqFISH+ cortex/SVZ,gated_spatial_smoothing,gated_logreg_learned_neighborhood,63,7,-0.20670265770077795,-0.4459696053419885,-0.12404703901209366,0.015625,0.16935425840333507,0.0,0.19570962879973086,0.0625
seqFISH+ cortex/SVZ,gated_spatial_smoothing,gated_logreg_learned_permuted_prior,63,7,-0.24187710248286023,-0.3689071928482888,-0.12404703901209366,0.015625,0.13124159188186713,0.07134513973023782,0.19570962879973086,0.03125
seqFISH+ cortex/SVZ,gated_spatial_smoothing,gated_logreg_learned_random_graph,63,7,-0.24187710248286035,-0.4823819106188661,-0.07528603057245775,0.015625,0.13124159188186713,0.07134513973023782,0.22772809106265035,0.015625
seqFISH+ cortex/SVZ,gated_spatial_smoothing,gated_spatial_smoothing_random_graph,63,7,0.0,0.0,0.039751139266643906,0.375,0.0,-0.020251554255571125,0.0,0.25
seqFISH+ cortex/SVZ,gated_spatial_smoothing,learned_neighborhood,63,7,0.04556034563051539,0.0007231450151428676,0.1427978223907651,0.109375,-0.04085208297275511,-0.10375937481971104,-0.030639062229566527,0.03125
seqFISH+ cortex/SVZ,gated_spatial_smoothing,learned_permuted_prior,63,7,0.007841366024545882,-0.05622731555493776,0.10298618863725251,0.8125,-0.029773728729708904,-0.04080324185223802,0.0419381945646371,0.84375
seqFISH+ cortex/SVZ,gated_spatial_smoothing,learned_random_graph,63,7,0.10781731979163547,0.0,0.18015117971905437,0.4375,-0.09999999999999987,-0.10375937481971076,0.007644491339813098,0.375
seqFISH+ cortex/SVZ,gated_spatial_smoothing,linear_svm,63,7,-0.6637931034482758,-0.9186333268983742,-0.3629248088203979,0.03125,0.3467193986458562,0.22957395851362228,0.4312668124290544,0.03125
seqFISH+ cortex/SVZ,gated_spatial_smoothing,logreg_context_specific,63,7,5.7922495260376294e-05,-0.29431517184839223,0.07048556342991277,0.6875,-0.015188665691678482,-0.030639062229566527,0.1312415918818669,0.8125
seqFISH+ cortex/SVZ,gated_spatial_smoothing,logreg_learned_neighborhood,63,7,-0.06761058123089825,-0.21905852774806314,0.0,0.09375,0.06992126017466291,0.0,0.08734340043905686,0.0625
seqFISH+ cortex/SVZ,gated_spatial_smoothing,logreg_learned_permuted_prior,63,7,-0.0484198235892947,-0.09482758620689657,0.0,0.15625,0.0,0.0,0.05458516933779933,0.75
seqFISH+ cortex/SVZ,gated_spatial_smoothing,logreg_learned_random_graph,63,7,0.0,-0.2822747169006292,0.025477294902270686,0.6875,0.0,-0.030639062229566527,0.09328462323031245,0.84375
seqFISH+ cortex/SVZ,gated_spatial_smoothing,logreg_only,63,7,-0.6175491447042927,-0.9359186090819975,-0.3099512105188691,0.03125,0.4287705856438881,0.23171017348547077,0.5073859319828743,0.03125
seqFISH+ cortex/SVZ,gated_spatial_smoothing,marker_only,63,7,0.0,0.0,0.017770687148105604,1.0,0.0,0.0,0.0,1.0
seqFISH+ cortex/SVZ,gated_spatial_smoothing,nested_gated_logreg_context_specific,63,7,-0.6175491447042927,-0.9359186090819975,-0.3099512105188691,0.03125,0.4287705856438881,0.23171017348547077,0.5073859319828743,0.03125
seqFISH+ cortex/SVZ,gated_spatial_smoothing,nested_gated_logreg_learned_neighborhood,63,7,-0.6175491447042927,-0.9359186090819975,-0.3099512105188691,0.03125,0.4287705856438881,0.23171017348547077,0.5073859319828743,0.03125
seqFISH+ cortex/SVZ,gated_spatial_smoothing,nested_gated_logreg_learned_permuted_prior,63,7,-0.6175491447042927,-0.9359186090819975,-0.3099512105188691,0.03125,0.4287705856438881,0.23171017348547077,0.5073859319828743,0.03125
seqFISH+ cortex/SVZ,gated_spatial_smoothing,nested_gated_logreg_learned_random_graph,63,7,-0.6175491447042927,-0.9359186090819975,-0.3099512105188691,0.03125,0.4287705856438881,0.23171017348547077,0.5073859319828743,0.03125
seqFISH+ cortex/SVZ,gated_spatial_smoothing,nested_logreg_context_specific,63,7,-0.6175491447042927,-0.9359186090819975,-0.3099512105188691,0.03125,0.4287705856438881,0.23171017348547077,0.5073859319828743,0.03125
seqFISH+ cortex/SVZ,gated_spatial_smoothing,nested_logreg_learned_neighborhood,63,7,-0.6175491447042927,-0.9359186090819975,-0.3099512105188691,0.03125,0.4287705856438881,0.23171017348547077,0.5073859319828743,0.03125
seqFISH+ cortex/SVZ,gated_spatial_smoothing,nested_logreg_learned_permuted_prior,63,7,-0.6175491447042927,-0.9359186090819975,-0.3099512105188691,0.03125,0.4287705856438881,0.23171017348547077,0.5073859319828743,0.03125
seqFISH+ cortex/SVZ,gated_spatial_smoothing,nested_logreg_learned_random_graph,63,7,-0.6175491447042927,-0.9359186090819975,-0.3099512105188691,0.03125,0.4287705856438881,0.23171017348547077,0.5073859319828743,0.03125
seqFISH+ cortex/SVZ,gated_spatial_smoothing,pca_knn,63,7,-0.7088609175438089,-0.9398615099565172,-0.4387699031598159,0.03125,0.4287705856438881,0.24479844203148315,0.5073859319828743,0.03125
seqFISH+ cortex/SVZ,gated_spatial_smoothing,singler_native,63,7,-0.7422878192430878,-0.95589360702955,-0.4352115434827435,0.03125,0.4287705856438881,0.3087574960661783,0.5073859319828743,0.03125
seqFISH+ cortex/SVZ,gated_spatial_smoothing,spatial_smoothing,63,7,0.0,0.0,0.0,1.0,0.0,0.0,0.0,1.0
seqFISH+ cortex/SVZ,gated_spatial_smoothing,spatial_smoothing_random_graph,63,7,0.039751139266643906,0.0,0.06162682583317469,0.3125,-0.0204260414863775,-0.033315939156391194,0.0,0.125
seqFISH+ cortex/SVZ,gated_spatial_smoothing_random_graph,context_specific,63,7,0.08132823008015043,-0.0180457918435023,0.16525460265275538,0.078125,-0.04085208297275511,-0.11129004616848392,0.0363562481394496,0.21875
seqFISH+ cortex/SVZ,gated_spatial_smoothing_random_graph,extra_trees,63,7,-0.703515670239915,-0.9884127556335169,-0.44224399174463935,0.03125,0.39291452749618533,0.26654140665565046,0.562721098603148,0.03125
seqFISH+ cortex/SVZ,gated_spatial_smoothing_random_graph,gated_context_specific,63,7,0.0,-0.0200374902569197,0.0520165791652055,0.625,0.0,0.0,0.0,1.0
seqFISH+ cortex/SVZ,gated_spatial_smoothing_random_graph,gated_learned_neighborhood,63,7,0.0,-2.7755575615628914e-17,0.05640715199670329,0.625,0.0,-0.014703472582800303,0.0,0.5
seqFISH+ cortex/SVZ,gated_spatial_smoothing_random_graph,gated_learned_permuted_prior,63,7,0.0,-0.06477662267376405,6.938893903907228e-18,1.0,0.0,0.0,0.02723472198183674,1.0
seqFISH+ cortex/SVZ,gated_spatial_smoothing_random_graph,gated_learned_random_graph,63,7,0.0,0.0,0.030297377979318696,0.5,0.0,-0.01750803555975211,0.0,0.25
seqFISH+ cortex/SVZ,gated_spatial_smoothing_random_graph,gated_logreg_context_specific,63,7,-0.24187710248286023,-0.4459696053419885,-0.13995771893713027,0.03125,0.1493974703476993,0.09857986171207461,0.24114315937023179,0.03125
seqFISH+ cortex/SVZ,gated_spatial_smoothing_random_graph,gated_logreg_learned_neighborhood,63,7,-0.16499294339321155,-0.4459696053419885,-0.12404703901209366,0.015625,0.15859738734851914,0.017743614798326812,0.19657793923291617,0.046875
seqFISH+ cortex/SVZ,gated_spatial_smoothing_random_graph,gated_logreg_learned_permuted_prior,63,7,-0.23756452151161617,-0.36375174513927555,-0.12404703901209366,0.015625,0.12785168033679994,0.09857986171207461,0.19570962879973086,0.03125
seqFISH+ cortex/SVZ,gated_spatial_smoothing_random_graph,gated_logreg_learned_random_graph,63,7,-0.23756452151161622,-0.4823819106188661,-0.12264140151474878,0.03125,0.13035207962426626,0.09857986171207461,0.21624692854608607,0.03125
seqFISH+ cortex/SVZ,gated_spatial_smoothing_random_graph,gated_spatial_smoothing,63,7,0.0,-0.039751139266643906,0.0,0.375,0.0,0.0,0.020251554255571125,0.25
seqFISH+ cortex/SVZ,gated_spatial_smoothing_random_graph,learned_neighborhood,63,7,0.06813851438692467,-0.022681726096774768,0.10039897483634741,0.109375,-0.04085208297275511,-0.10375937481971098,-0.02121490879541399,0.03125
seqFISH+ cortex/SVZ,gated_spatial_smoothing_random_graph,learned_permuted_prior,63,7,-0.04431557219375451,-0.11995249865983063,0.06578175960531774,0.578125,0.0,-0.025899544742242597,0.02723472198183674,0.8125
seqFISH+ cortex/SVZ,gated_spatial_smoothing_random_graph,learned_random_graph,63,7,0.045713162500334734,-0.014902160245388818,0.18015117971905437,0.375,-0.04718046888521665,-0.0629072918469557,0.04535465176635112,0.4375
seqFISH+ cortex/SVZ,gated_spatial_smoothing_random_graph,linear_svm,63,7,-0.5740179587572836,-0.882621931574052,-0.36639889740522136,0.03125,0.31164669302426734,0.24019064084224484,0.47721700146248247,0.03125
seqFISH+ cortex/SVZ,gated_spatial_smoothing_random_graph,logreg_context_specific,63,7,-6.938893903907228e-18,-0.29713327466756495,0.04993703953830625,0.5625,0.007085472503814638,-0.027882823254513522,0.11771884938160487,0.5625
seqFISH+ cortex/SVZ,gated_spatial_smoothing_random_graph,logreg_learned_neighborhood,63,7,-0.08037028444766331,-0.14023031171050612,0.0,0.0625,0.04193819456463699,0.0,0.11720454134612202,0.0625
seqFISH+ cortex/SVZ,gated_spatial_smoothing_random_graph,logreg_learned_permuted_prior,63,7,-0.072239730037022,-0.1363445579633618,-0.04558783497318311,0.15625,0.02205520887420037,0.0,0.04075440691998916,0.4375
seqFISH+ cortex/SVZ,gated_spatial_smoothing_random_graph,logreg_learned_random_graph,63,7,0.0,-0.2903256336753543,0.022003206317447233,0.3125,0.0,-1.6653345369377348e-16,0.10209219899832106,0.3125
seqFISH+ cortex/SVZ,gated_spatial_smoothing_random_graph,logreg_only,63,7,-0.5947225697102824,-0.9358499700900416,-0.31342529910369255,0.03125,0.33065890260435876,0.2466138705954662,0.5629072918469558,0.03125
seqFISH+ cortex/SVZ,gated_spatial_smoothing_random_graph,marker_only,63,7,0.0,-0.02201345240901198,0.0,0.5,0.0,0.0,0.0018675852546257143,0.5
seqFISH+ cortex/SVZ,gated_spatial_smoothing_random_graph,nested_gated_logreg_context_specific,63,7,-0.5947225697102824,-0.9358499700900416,-0.31342529910369255,0.03125,0.33065890260435876,0.2466138705954662,0.5629072918469558,0.03125
seqFISH+ cortex/SVZ,gated_spatial_smoothing_random_graph,nested_gated_logreg_learned_neighborhood,63,7,-0.5947225697102824,-0.9358499700900416,-0.31342529910369255,0.03125,0.33065890260435876,0.2466138705954662,0.5629072918469558,0.03125
seqFISH+ cortex/SVZ,gated_spatial_smoothing_random_graph,nested_gated_logreg_learned_permuted_prior,63,7,-0.5947225697102824,-0.9358499700900416,-0.31342529910369255,0.03125,0.33065890260435876,0.2466138705954662,0.5629072918469558,0.03125
seqFISH+ cortex/SVZ,gated_spatial_smoothing_random_graph,nested_gated_logreg_learned_random_graph,63,7,-0.5947225697102824,-0.9358499700900416,-0.31342529910369255,0.03125,0.33065890260435876,0.2466138705954662,0.5629072918469558,0.03125
seqFISH+ cortex/SVZ,gated_spatial_smoothing_random_graph,nested_logreg_context_specific,63,7,-0.5947225697102824,-0.9358499700900416,-0.31342529910369255,0.03125,0.33065890260435876,0.2466138705954662,0.5629072918469558,0.03125
seqFISH+ cortex/SVZ,gated_spatial_smoothing_random_graph,nested_logreg_learned_neighborhood,63,7,-0.5947225697102824,-0.9358499700900416,-0.31342529910369255,0.03125,0.33065890260435876,0.2466138705954662,0.5629072918469558,0.03125
seqFISH+ cortex/SVZ,gated_spatial_smoothing_random_graph,nested_logreg_learned_permuted_prior,63,7,-0.5947225697102824,-0.9358499700900416,-0.31342529910369255,0.03125,0.33065890260435876,0.2466138705954662,0.5629072918469558,0.03125
seqFISH+ cortex/SVZ,gated_spatial_smoothing_random_graph,nested_logreg_learned_random_graph,63,7,-0.5947225697102824,-0.9358499700900416,-0.31342529910369255,0.03125,0.33065890260435876,0.2466138705954662,0.5629072918469558,0.03125
seqFISH+ cortex/SVZ,gated_spatial_smoothing_random_graph,pca_knn,63,7,-0.6895761256317108,-0.9686404152094263,-0.44224399174463935,0.03125,0.3333333333333332,0.26654140665565046,0.5497143319588584,0.03125
seqFISH+ cortex/SVZ,gated_spatial_smoothing_random_graph,singler_native,63,7,-0.703515670239915,-0.9884127556335169,-0.43868563206756694,0.03125,0.39291452749618533,0.2578314624597723,0.5778195311147832,0.03125
seqFISH+ cortex/SVZ,gated_spatial_smoothing_random_graph,spatial_smoothing,63,7,-0.02999276396919759,-0.050254580385561076,0.0,0.3125,0.0,0.0,0.027234721981836796,0.875
seqFISH+ cortex/SVZ,gated_spatial_smoothing_random_graph,spatial_smoothing_random_graph,63,7,0.0,0.0,0.0,1.0,0.0,-1.6653345369377348e-16,0.0,1.0
seqFISH+ cortex/SVZ,learned_neighborhood,context_specific,63,7,0.0,0.0,0.0,1.0,0.0,0.0,0.0,1.0
seqFISH+ cortex/SVZ,learned_neighborhood,extra_trees,63,7,-0.9379318637162583,-0.9963626214674685,-0.7344366691498359,0.015625,0.5487949406953986,0.37499999999999994,0.5778195311147832,0.03125
seqFISH+ cortex/SVZ,learned_neighborhood,gated_context_specific,63,7,-0.03351840851218718,-0.12867477449632603,0.04277072117098926,0.375,0.0,0.0,0.09436093777043353,0.25
seqFISH+ cortex/SVZ,learned_neighborhood,gated_learned_neighborhood,63,7,0.0,-0.0014811602559558247,0.022681726096774768,1.0,0.0,0.0,0.07122941435611185,0.25
seqFISH+ cortex/SVZ,learned_neighborhood,gated_learned_permuted_prior,63,7,-0.03351840851218718,-0.07537783614444088,0.05021601130692435,0.296875,0.05604074866443354,0.021686640309065947,0.08387638912927453,0.03125
seqFISH+ cortex/SVZ,learned_neighborhood,gated_learned_random_graph,63,7,0.004514684348213227,-0.07089842668175955,0.0066009087660739985,0.578125,0.04892136229090288,0.0,0.09436093777043353,0.125
seqFISH+ cortex/SVZ,learned_neighborhood,gated_logreg_context_specific,63,7,-0.38931034563051553,-0.4245246494660137,-0.15669197753171715,0.015625,0.19570962879973086,0.11111111111111105,0.2576845660258822,0.015625
seqFISH+ cortex/SVZ,learned_neighborhood,gated_logreg_learned_neighborhood,63,7,-0.3538832505266484,-0.43783647884085614,-0.13995342700317986,0.015625,0.18344366499484588,0.13136266536668245,0.3189626904850149,0.015625
seqFISH+ cortex/SVZ,learned_neighborhood,gated_logreg_learned_permuted_prior,63,7,-0.27626257408911503,-0.4538379301169472,-0.19910638131187097,0.015625,0.19570962879973086,0.12712415827863108,0.24902249956730618,0.015625
seqFISH+ cortex/SVZ,learned_neighborhood,gated_logreg_learned_random_graph,63,7,-0.3538832505266484,-0.4129712808508105,-0.19910638131187108,0.015625,0.13868219479128213,0.1098268670239134,0.2437584081181327,0.015625
seqFISH+ cortex/SVZ,learned_neighborhood,gated_spatial_smoothing,63,7,-0.04556034563051539,-0.1427978223907651,-0.0007231450151428676,0.109375,0.04085208297275511,0.030639062229566527,0.10375937481971104,0.03125
seqFISH+ cortex/SVZ,learned_neighborhood,gated_spatial_smoothing_random_graph,63,7,-0.06813851438692467,-0.10039897483634741,0.022681726096774768,0.109375,0.04085208297275511,0.02121490879541399,0.10375937481971098,0.03125
seqFISH+ cortex/SVZ,learned_neighborhood,learned_permuted_prior,63,7,-1.3877787807814457e-17,-0.13667045601692046,0.01182686360755042,0.46875,0.0,0.0,0.0785324607679393,0.5
seqFISH+ cortex/SVZ,learned_neighborhood,learned_random_graph,63,7,0.0,-0.07379034874232368,0.052372320310627773,0.84375,0.0,0.0,0.05517015238801193,0.375
seqFISH+ cortex/SVZ,learned_neighborhood,linear_svm,63,7,-0.9228143145684651,-0.9777777777777777,-0.6668373346636208,0.03125,0.47721700146248247,0.2796776553531331,0.4974753125956377,0.03125
seqFISH+ cortex/SVZ,learned_neighborhood,logreg_context_specific,63,7,-0.0979873980915254,-0.22772264489950933,0.0,0.15625,0.04992584540525408,0.0,0.09839214128804125,0.4375
seqFISH+ cortex/SVZ,learned_neighborhood,logreg_learned_neighborhood,63,7,-0.11955641470641445,-0.29729729729729726,-0.003343277406023519,0.03125,0.09612353188649331,0.0055480816727707105,0.19357433210167702,0.03125
seqFISH+ cortex/SVZ,learned_neighborhood,logreg_learned_permuted_prior,63,7,-0.14148358162460242,-0.18848363093528558,-1.0408340855860843e-17,0.078125,0.05395868216786698,-0.016120041371852523,0.14099095342170614,0.21875
seqFISH+ cortex/SVZ,learned_neighborhood,logreg_learned_random_graph,63,7,-0.17938122388731637,-0.32935870080351237,-0.06866963939703619,0.03125,0.10784107173763843,0.05342206076708389,0.1953004988847561,0.015625
seqFISH+ cortex/SVZ,learned_neighborhood,logreg_only,63,7,-0.9387231284773876,-1.0273998312175596,-0.7707711613622542,0.015625,0.5122748622685962,0.37499999999999994,0.6037593748197109,0.03125
seqFISH+ cortex/SVZ,learned_neighborhood,marker_only,63,7,-0.01184388461467828,-0.12380486848561878,0.05021601130692435,0.375,0.04892136229090288,0.0,0.11016595193207372,0.0625
seqFISH+ cortex/SVZ,learned_neighborhood,nested_gated_logreg_context_specific,63,7,-0.9387231284773876,-1.0273998312175596,-0.7707711613622542,0.015625,0.5122748622685962,0.37499999999999994,0.6037593748197109,0.03125
seqFISH+ cortex/SVZ,learned_neighborhood,nested_gated_logreg_learned_neighborhood,63,7,-0.9387231284773876,-1.0273998312175596,-0.7707711613622542,0.015625,0.5122748622685962,0.37499999999999994,0.6037593748197109,0.03125
seqFISH+ cortex/SVZ,learned_neighborhood,nested_gated_logreg_learned_permuted_prior,63,7,-0.9387231284773876,-1.0273998312175596,-0.7707711613622542,0.015625,0.5122748622685962,0.37499999999999994,0.6037593748197109,0.03125
seqFISH+ cortex/SVZ,learned_neighborhood,nested_gated_logreg_learned_random_graph,63,7,-0.9387231284773876,-1.0273998312175596,-0.7707711613622542,0.015625,0.5122748622685962,0.37499999999999994,0.6037593748197109,0.03125
seqFISH+ cortex/SVZ,learned_neighborhood,nested_logreg_context_specific,63,7,-0.9387231284773876,-1.0273998312175596,-0.7707711613622542,0.015625,0.5122748622685962,0.37499999999999994,0.6037593748197109,0.03125
seqFISH+ cortex/SVZ,learned_neighborhood,nested_logreg_learned_neighborhood,63,7,-0.9387231284773876,-1.0273998312175596,-0.7707711613622542,0.015625,0.5122748622685962,0.37499999999999994,0.6037593748197109,0.03125
seqFISH+ cortex/SVZ,learned_neighborhood,nested_logreg_learned_permuted_prior,63,7,-0.9387231284773876,-1.0273998312175596,-0.7707711613622542,0.015625,0.5122748622685962,0.37499999999999994,0.6037593748197109,0.03125
seqFISH+ cortex/SVZ,learned_neighborhood,nested_logreg_learned_random_graph,63,7,-0.9387231284773876,-1.0273998312175596,-0.7707711613622542,0.015625,0.5122748622685962,0.37499999999999994,0.6037593748197109,0.03125
seqFISH+ cortex/SVZ,learned_neighborhood,pca_knn,63,7,-0.9379318637162583,-0.9777777777777777,-0.7707711613622542,0.03125,0.5112153015051908,0.3779912453040171,0.5555555555555556,0.03125
seqFISH+ cortex/SVZ,learned_neighborhood,singler_native,63,7,-0.9171505560861418,-0.9963626214674685,-0.7313647424515385,0.015625,0.5169321648569457,0.4370927081530443,0.5778195311147832,0.03125
seqFISH+ cortex/SVZ,learned_neighborhood,spatial_smoothing,63,7,-0.08457919531282282,-0.1501367691920555,0.0,0.0625,0.053422060767084,0.003357537781087494,0.10375937481971104,0.03125
seqFISH+ cortex/SVZ,learned_neighborhood,spatial_smoothing_random_graph,63,7,-0.060803914956905625,-0.0753778361444409,0.022681726096774768,0.109375,0.04085208297275511,0.0,0.08284983007477609,0.0625
seqFISH+ cortex/SVZ,learned_permuted_prior,context_specific,63,7,0.08825911876571228,0.0,0.16678185257165112,0.0625,0.0,-0.047180468885216875,0.0,0.375
seqFISH+ cortex/SVZ,learned_permuted_prior,extra_trees,63,7,-0.8710483383716039,-1.0368208518813276,-0.7025169674244858,0.03125,0.4280025357367034,0.3741854163060886,0.5487949406953986,0.03125
seqFISH+ cortex/SVZ,learned_permuted_prior,gated_context_specific,63,7,0.04431557219375451,-0.16271791491208287,0.08119963568358252,0.6875,0.0,-0.06362483487370307,0.02638485962655973,0.8125
seqFISH+ cortex/SVZ,learned_permuted_prior,gated_learned_neighborhood,63,7,-0.007841366024545882,-0.04571316250033475,0.12358924506213348,0.8125,0.0,-0.0419381945646371,0.011481162516564336,0.8125
seqFISH+ cortex/SVZ,learned_permuted_prior,gated_learned_permuted_prior,63,7,0.0,-0.012516520853712118,0.03849513271798516,0.8125,0.0,0.0,0.053422060767083834,0.25
seqFISH+ cortex/SVZ,learned_permuted_prior,gated_learned_random_graph,63,7,5.551115123125783e-17,0.0,0.04431557219375451,0.4375,0.0,-0.06362483487370307,0.02723472198183685,0.625
seqFISH+ cortex/SVZ,learned_permuted_prior,gated_logreg_context_specific,63,7,-0.24588574724834814,-0.3154270773671902,-0.18644067796610164,0.015625,0.13868219479128213,0.09913469301612315,0.2270455037963156,0.015625
seqFISH+ cortex/SVZ,learned_permuted_prior,gated_logreg_learned_neighborhood,63,7,-0.2591975766231906,-0.3154270773671901,-0.10235448014953025,0.015625,0.16176160760645752,0.09497255247481606,0.23040648698189675,0.015625
seqFISH+ cortex/SVZ,learned_permuted_prior,gated_logreg_learned_permuted_prior,63,7,-0.23312620206007845,-0.29399113648242803,-0.12483966719553327,0.015625,0.1410637748981926,0.1044389044162285,0.16176160760645752,0.015625
seqFISH+ cortex/SVZ,learned_permuted_prior,gated_logreg_learned_random_graph,63,7,-0.2140706503315694,-0.38580985498958287,-0.08585852666587535,0.015625,0.13868219479128213,0.09139455520210349,0.24114315937023179,0.015625
seqFISH+ cortex/SVZ,learned_permuted_prior,gated_spatial_smoothing,63,7,-0.007841366024545882,-0.10298618863725251,0.05622731555493776,0.8125,0.029773728729708904,-0.0419381945646371,0.04080324185223802,0.84375
seqFISH+ cortex/SVZ,learned_permuted_prior,gated_spatial_smoothing_random_graph,63,7,0.04431557219375451,-0.06578175960531774,0.11995249865983063,0.578125,0.0,-0.02723472198183674,0.025899544742242597,0.8125
seqFISH+ cortex/SVZ,learned_permuted_prior,learned_neighborhood,63,7,1.3877787807814457e-17,-0.01182686360755042,0.13667045601692046,0.46875,0.0,-0.0785324607679393,0.0,0.5
seqFISH+ cortex/SVZ,learned_permuted_prior,learned_random_graph,63,7,1.3877787807814457e-17,-0.0027060360130150007,0.14957364969410689,0.6875,0.0,-0.062255624891826344,0.02904589095682203,1.0
seqFISH+ cortex/SVZ,learned_permuted_prior,linear_svm,63,7,-0.782842047245411,-0.9609757575419094,-0.43900679120584907,0.03125,0.4337424015006569,0.27874816399553376,0.4586229047650313,0.03125
seqFISH+ cortex/SVZ,learned_permuted_prior,logreg_context_specific,63,7,-0.018199109643211808,-0.3027473403018581,0.07570559839199045,0.296875,0.011302276158495383,0.0,0.09659448573953772,0.4375
seqFISH+ cortex/SVZ,learned_permuted_prior,logreg_learned_neighborhood,63,7,-0.14889069713874503,-0.25877971022593294,-0.05834255967491239,0.015625,0.07468812866617136,0.0,0.20391092659095306,0.0625
seqFISH+ cortex/SVZ,learned_permuted_prior,logreg_learned_permuted_prior,63,7,-0.018605583889297533,-0.18848363093528556,0.05830279793777632,0.5625,0.0,-0.053920535868819064,0.053422060767083834,1.0
seqFISH+ cortex/SVZ,learned_permuted_prior,logreg_learned_random_graph,63,7,-0.13987572123604702,-0.21413817050553108,-0.02846469607276836,0.03125,0.08722732395745669,0.04933345132537614,0.1304730858664872,0.015625
seqFISH+ cortex/SVZ,learned_permuted_prior,logreg_only,63,7,-0.8298555704843374,-0.9080021592403806,-0.6470985616313627,0.03125,0.44582678001329756,0.34714722641593876,0.47235218307445054,0.03125
seqFISH+ cortex/SVZ,learned_permuted_prior,marker_only,63,7,-0.040301393123831464,-0.11436014771067549,0.13054252797479832,0.6875,0.0,-0.008624647591528756,0.09436093777043342,1.0
seqFISH+ cortex/SVZ,learned_permuted_prior,nested_gated_logreg_context_specific,63,7,-0.8298555704843374,-0.9080021592403806,-0.6470985616313627,0.03125,0.44582678001329756,0.34714722641593876,0.47235218307445054,0.03125
seqFISH+ cortex/SVZ,learned_permuted_prior,nested_gated_logreg_learned_neighborhood,63,7,-0.8298555704843374,-0.9080021592403806,-0.6470985616313627,0.03125,0.44582678001329756,0.34714722641593876,0.47235218307445054,0.03125
seqFISH+ cortex/SVZ,learned_permuted_prior,nested_gated_logreg_learned_permuted_prior,63,7,-0.8298555704843374,-0.9080021592403806,-0.6470985616313627,0.03125,0.44582678001329756,0.34714722641593876,0.47235218307445054,0.03125
seqFISH+ cortex/SVZ,learned_permuted_prior,nested_gated_logreg_learned_random_graph,63,7,-0.8298555704843374,-0.9080021592403806,-0.6470985616313627,0.03125,0.44582678001329756,0.34714722641593876,0.47235218307445054,0.03125
seqFISH+ cortex/SVZ,learned_permuted_prior,nested_logreg_context_specific,63,7,-0.8298555704843374,-0.9080021592403806,-0.6470985616313627,0.03125,0.44582678001329756,0.34714722641593876,0.47235218307445054,0.03125
seqFISH+ cortex/SVZ,learned_permuted_prior,nested_logreg_learned_neighborhood,63,7,-0.8298555704843374,-0.9080021592403806,-0.6470985616313627,0.03125,0.44582678001329756,0.34714722641593876,0.47235218307445054,0.03125
seqFISH+ cortex/SVZ,learned_permuted_prior,nested_logreg_learned_permuted_prior,63,7,-0.8298555704843374,-0.9080021592403806,-0.6470985616313627,0.03125,0.44582678001329756,0.34714722641593876,0.47235218307445054,0.03125
seqFISH+ cortex/SVZ,learned_permuted_prior,nested_logreg_learned_random_graph,63,7,-0.8298555704843374,-0.9080021592403806,-0.6470985616313627,0.03125,0.44582678001329756,0.34714722641593876,0.47235218307445054,0.03125
seqFISH+ cortex/SVZ,learned_permuted_prior,pca_knn,63,7,-0.8285315113147812,-1.0368208518813276,-0.6645453453500543,0.03125,0.4280025357367034,0.38314427512443106,0.5487949406953986,0.03125
seqFISH+ cortex/SVZ,learned_permuted_prior,singler_native,63,7,-0.8710483383716039,-1.033262492204255,-0.6470985616313627,0.03125,0.47125183600446624,0.4172097224626077,0.5775217222468623,0.03125
seqFISH+ cortex/SVZ,learned_permuted_prior,spatial_smoothing,63,7,0.0,-0.09577452357451532,0.04614209661467372,0.625,0.0,0.0,0.05522162407791639,0.625
seqFISH+ cortex/SVZ,learned_permuted_prior,spatial_smoothing_random_graph,63,7,0.029814239699997164,-0.05956626008834587,0.07914388865125788,0.5625,0.0,-0.030935628566639506,0.07472099821924483,1.0
seqFISH+ cortex/SVZ,learned_random_graph,context_specific,63,7,-0.014342236431132312,-0.0419703947124974,0.0050603195685623645,0.5625,0.0,0.0,2.220446049250313e-16,0.875
seqFISH+ cortex/SVZ,learned_random_graph,extra_trees,63,7,-0.8113593795372769,-1.050328203473231,-0.7119634423839953,0.03125,0.5000000000000001,0.3497569251599827,0.5497143319588584,0.03125
seqFISH+ cortex/SVZ,learned_random_graph,gated_context_specific,63,7,-0.1004660477977184,-0.18015117971905437,0.0,0.4375,0.024511249783652933,-0.029498021791454776,0.06290729184695576,0.578125
seqFISH+ cortex/SVZ,learned_random_graph,gated_learned_neighborhood,63,7,-0.049008958621959975,-0.06059656666648319,0.013903608975676426,0.46875,0.04771862615527728,-0.03867162481972164,0.053920535868819286,0.375
seqFISH+ cortex/SVZ,learned_random_graph,gated_learned_permuted_prior,63,7,-0.03939929758644639,-0.13581330736196884,0.06672181888646217,0.578125,0.04771862615527728,-0.01955281493907368,0.07122941435611202,0.46875
seqFISH+ cortex/SVZ,learned_random_graph,gated_learned_random_graph,63,7,-0.04571316250033479,-0.0592576987941416,0.027737362021145462,0.578125,0.0,-0.021767314624098644,0.053920535868819064,0.625
seqFISH+ cortex/SVZ,learned_random_graph,gated_logreg_context_specific,63,7,-0.23543217635998223,-0.45833333333333354,-0.17421669621433022,0.03125,0.13136266536668229,0.07122941435611185,0.25,0.015625
seqFISH+ cortex/SVZ,learned_random_graph,gated_logreg_learned_neighborhood,63,7,-0.22906378818600026,-0.39335004760436754,-0.03597129384512979,0.03125,0.15880738969651947,0.04193819456463699,0.25,0.015625
seqFISH+ cortex/SVZ,learned_random_graph,gated_logreg_learned_permuted_prior,63,7,-0.21407065033156936,-0.3412705544708902,-0.11468911717801471,0.015625,0.1394593833476065,0.06058420017735511,0.27178222159979815,0.015625
seqFISH+ cortex/SVZ,learned_random_graph,gated_logreg_learned_random_graph,63,7,-0.21407065033156936,-0.39335004760436754,-0.07038277762239264,0.015625,0.13136266536668229,0.06888887216716522,0.27548875021634694,0.015625
seqFISH+ cortex/SVZ,learned_random_graph,gated_spatial_smoothing,63,7,-0.10781731979163547,-0.18015117971905437,0.0,0.4375,0.09999999999999987,-0.007644491339813098,0.10375937481971076,0.375
seqFISH+ cortex/SVZ,learned_random_graph,gated_spatial_smoothing_random_graph,63,7,-0.045713162500334734,-0.18015117971905437,0.014902160245388818,0.375,0.04718046888521665,-0.04535465176635112,0.0629072918469557,0.4375
seqFISH+ cortex/SVZ,learned_random_graph,learned_neighborhood,63,7,0.0,-0.052372320310627773,0.07379034874232368,0.84375,0.0,-0.05517015238801193,0.0,0.375
seqFISH+ cortex/SVZ,learned_random_graph,learned_permuted_prior,63,7,-1.3877787807814457e-17,-0.14957364969410689,0.0027060360130150007,0.6875,0.0,-0.02904589095682203,0.062255624891826344,1.0
seqFISH+ cortex/SVZ,learned_random_graph,linear_svm,63,7,-0.8498866894614039,-1.0415501123361,-0.6361183480445773,0.03125,0.43869353214830653,0.3750000000000001,0.46035971028203193,0.03125
seqFISH+ cortex/SVZ,learned_random_graph,logreg_context_specific,63,7,-0.1227336861723384,-0.2971332746675649,-0.004946448203062382,0.046875,0.0664420560056353,0.0,0.1299737096233236,0.09375
seqFISH+ cortex/SVZ,learned_random_graph,logreg_learned_neighborhood,63,7,-0.17277350971451658,-0.33364186108139654,-0.14061024795535132,0.03125,0.05597077393818739,0.0,0.16666666666666674,0.125
seqFISH+ cortex/SVZ,learned_random_graph,logreg_learned_permuted_prior,63,7,-0.040469973544415186,-0.2703504378054179,-0.005135330011530881,0.078125,0.04085208297275522,0.0,0.12395267810782817,0.0625
seqFISH+ cortex/SVZ,learned_random_graph,logreg_learned_random_graph,63,7,-0.1461282419351161,-0.2477162443219088,-0.01094220273831023,0.078125,0.07122941435611208,0.0,0.10375937481971098,0.0625
seqFISH+ cortex/SVZ,learned_random_graph,logreg_only,63,7,-0.8601242787639526,-1.0445447617339119,-0.5831447497430486,0.03125,0.5000000000000001,0.4066192454990831,0.5487949406953986,0.03125
seqFISH+ cortex/SVZ,learned_random_graph,marker_only,63,7,-0.10468325177739482,-0.22807568594332572,0.06672181888646217,0.46875,0.05187968740985549,-0.04535465176635112,0.11556849565940217,0.375
seqFISH+ cortex/SVZ,learned_random_graph,nested_gated_logreg_context_specific,63,7,-0.8601242787639526,-1.0445447617339119,-0.5831447497430486,0.03125,0.5000000000000001,0.4066192454990831,0.5487949406953986,0.03125
seqFISH+ cortex/SVZ,learned_random_graph,nested_gated_logreg_learned_neighborhood,63,7,-0.8601242787639526,-1.0445447617339119,-0.5831447497430486,0.03125,0.5000000000000001,0.4066192454990831,0.5487949406953986,0.03125
seqFISH+ cortex/SVZ,learned_random_graph,nested_gated_logreg_learned_permuted_prior,63,7,-0.8601242787639526,-1.0445447617339119,-0.5831447497430486,0.03125,0.5000000000000001,0.4066192454990831,0.5487949406953986,0.03125
seqFISH+ cortex/SVZ,learned_random_graph,nested_gated_logreg_learned_random_graph,63,7,-0.8601242787639526,-1.0445447617339119,-0.5831447497430486,0.03125,0.5000000000000001,0.4066192454990831,0.5487949406953986,0.03125
seqFISH+ cortex/SVZ,learned_random_graph,nested_logreg_context_specific,63,7,-0.8601242787639526,-1.0445447617339119,-0.5831447497430486,0.03125,0.5000000000000001,0.4066192454990831,0.5487949406953986,0.03125
seqFISH+ cortex/SVZ,learned_random_graph,nested_logreg_learned_neighborhood,63,7,-0.8601242787639526,-1.0445447617339119,-0.5831447497430486,0.03125,0.5000000000000001,0.4066192454990831,0.5487949406953986,0.03125
seqFISH+ cortex/SVZ,learned_random_graph,nested_logreg_learned_permuted_prior,63,7,-0.8601242787639526,-1.0445447617339119,-0.5831447497430486,0.03125,0.5000000000000001,0.4066192454990831,0.5487949406953986,0.03125
seqFISH+ cortex/SVZ,learned_random_graph,nested_logreg_learned_random_graph,63,7,-0.8601242787639526,-1.0445447617339119,-0.5831447497430486,0.03125,0.5000000000000001,0.4066192454990831,0.5487949406953986,0.03125
seqFISH+ cortex/SVZ,learned_random_graph,pca_knn,63,7,-0.8113593795372769,-1.050328203473231,-0.7119634423839953,0.03125,0.5000000000000001,0.38314427512443094,0.5497143319588584,0.03125
seqFISH+ cortex/SVZ,learned_random_graph,singler_native,63,7,-0.8498866894614039,-1.052929740189365,-0.708405082706923,0.03125,0.5000000000000001,0.43570467643641964,0.5613064678516932,0.03125
seqFISH+ cortex/SVZ,learned_random_graph,spatial_smoothing,63,7,-0.11458333333333338,-0.13450099745828356,0.0027060360130150007,0.375,0.07548875021634688,-0.06321202278067761,0.1383458330929478,0.46875
seqFISH+ cortex/SVZ,learned_random_graph,spatial_smoothing_random_graph,63,7,-2.0816681711721685e-17,-0.06794902955821286,0.020879650330256627,0.8125,0.041938194564637155,-0.06726748015944484,0.07122941435611202,0.6875
seqFISH+ cortex/SVZ,linear_svm,context_specific,63,7,0.8350480951498991,0.7489132796729359,0.9777777777777776,0.03125,-0.47721700146248247,-0.5467166163123263,-0.3467193986458562,0.03125
seqFISH+ cortex/SVZ,linear_svm,extra_trees,63,7,-0.013946686855301649,-0.03183085723860757,5.551115123125783e-17,0.15625,0.04797923285890771,-0.03252079227384595,0.0954372523105548,0.5625
seqFISH+ cortex/SVZ,linear_svm,gated_context_specific,63,7,0.6834476784738146,0.3203452940048055,0.882621931574052,0.03125,-0.3533133860548593,-0.5467166163123263,-0.2397053259579277,0.03125
seqFISH+ cortex/SVZ,linear_svm,gated_learned_neighborhood,63,7,0.7692900011062983,0.2883501590108323,0.8851821902065012,0.03125,-0.41986860717728935,-0.5197582669444134,-0.2546090230679231,0.03125
seqFISH+ cortex/SVZ,linear_svm,gated_learned_permuted_prior,63,7,0.7331377388449571,0.36650823311126024,0.9860533131446984,0.03125,-0.4045627476894452,-0.47721700146248247,-0.2397053259579277,0.03125
seqFISH+ cortex/SVZ,linear_svm,gated_learned_random_graph,63,7,0.7655976757409073,0.37315413814974274,0.943949460324309,0.03125,-0.41986860717728935,-0.47721700146248247,-0.2697519785623343,0.03125
seqFISH+ cortex/SVZ,linear_svm,gated_logreg_context_specific,63,7,0.40347672795146716,0.31208825505695836,0.6029930297940563,0.03125,-0.2299532233001352,-0.4045627476894452,-0.1451765584492877,0.078125
seqFISH+ cortex/SVZ,linear_svm,gated_logreg_learned_neighborhood,63,7,0.333279798251804,0.29971716615778654,0.6268590732538646,0.03125,-0.20556003989839872,-0.4045627476894452,-0.1530493056757482,0.046875
seqFISH+ cortex/SVZ,linear_svm,gated_logreg_learned_permuted_prior,63,7,0.361771877906401,0.22283300706813786,0.5460409851962077,0.046875,-0.2299532233001352,-0.4045627476894452,-0.14902249956730623,0.078125
seqFISH+ cortex/SVZ,linear_svm,gated_logreg_learned_random_graph,63,7,0.3531482645399737,0.28502253636427044,0.48538979095067974,0.03125,-0.22220536652867295,-0.30080337286973424,-0.14902249956730623,0.046875
seqFISH+ cortex/SVZ,linear_svm,gated_spatial_smoothing,63,7,0.6637931034482758,0.3629248088203979,0.9186333268983742,0.03125,-0.3467193986458562,-0.4312668124290544,-0.22957395851362228,0.03125
seqFISH+ cortex/SVZ,linear_svm,gated_spatial_smoothing_random_graph,63,7,0.5740179587572836,0.36639889740522136,0.882621931574052,0.03125,-0.31164669302426734,-0.47721700146248247,-0.24019064084224484,0.03125
seqFISH+ cortex/SVZ,linear_svm,learned_neighborhood,63,7,0.9228143145684651,0.6668373346636208,0.9777777777777777,0.03125,-0.47721700146248247,-0.4974753125956377,-0.2796776553531331,0.03125
seqFISH+ cortex/SVZ,linear_svm,learned_permuted_prior,63,7,0.782842047245411,0.43900679120584907,0.9609757575419094,0.03125,-0.4337424015006569,-0.4586229047650313,-0.27874816399553376,0.03125
seqFISH+ cortex/SVZ,linear_svm,learned_random_graph,63,7,0.8498866894614039,0.6361183480445773,1.0415501123361,0.03125,-0.43869353214830653,-0.46035971028203193,-0.3750000000000001,0.03125
seqFISH+ cortex/SVZ,linear_svm,logreg_context_specific,63,7,0.7167436267742032,0.4875843167874008,0.9105632820324674,0.03125,-0.40456274768944517,-0.4212343303985523,-0.29901417025400945,0.03125
seqFISH+ cortex/SVZ,linear_svm,logreg_learned_neighborhood,63,7,0.5187355371630691,0.193407867601039,0.8386256939080241,0.046875,-0.27874816399553376,-0.36724889839732033,-0.1553656835575865,0.03125
seqFISH+ cortex/SVZ,linear_svm,logreg_learned_permuted_prior,63,7,0.6461718806972485,0.5689655172413792,0.7959423178100242,0.03125,-0.3333333333333333,-0.3605680553151702,-0.20556003989839872,0.03125
seqFISH+ cortex/SVZ,linear_svm,logreg_learned_random_graph,63,7,0.5136185884981239,0.4773713457991715,0.7900019278015399,0.03125,-0.3042903712002689,-0.44273764861366727,-0.29779827292808125,0.03125
seqFISH+ cortex/SVZ,linear_svm,logreg_only,63,7,-0.003283394923886407,-0.052577742657599236,0.0,0.0625,0.011121768282234656,0.0,0.05092578447216331,0.0625
seqFISH+ cortex/SVZ,linear_svm,marker_only,63,7,0.5972178187776932,0.30790469463347436,0.872964521124514,0.03125,-0.3746508927026095,-0.45822708036346405,-0.24577027944191726,0.03125
seqFISH+ cortex/SVZ,linear_svm,nested_gated_logreg_context_specific,63,7,-0.003283394923886407,-0.052577742657599236,0.0,0.0625,0.011121768282234656,0.0,0.05092578447216331,0.0625
seqFISH+ cortex/SVZ,linear_svm,nested_gated_logreg_learned_neighborhood,63,7,-0.003283394923886407,-0.052577742657599236,0.0,0.0625,0.011121768282234656,0.0,0.05092578447216331,0.0625
seqFISH+ cortex/SVZ,linear_svm,nested_gated_logreg_learned_permuted_prior,63,7,-0.003283394923886407,-0.052577742657599236,0.0,0.0625,0.011121768282234656,0.0,0.05092578447216331,0.0625
seqFISH+ cortex/SVZ,linear_svm,nested_gated_logreg_learned_random_graph,63,7,-0.003283394923886407,-0.052577742657599236,0.0,0.0625,0.011121768282234656,0.0,0.05092578447216331,0.0625
seqFISH+ cortex/SVZ,linear_svm,nested_logreg_context_specific,63,7,-0.003283394923886407,-0.052577742657599236,0.0,0.0625,0.011121768282234656,0.0,0.05092578447216331,0.0625
seqFISH+ cortex/SVZ,linear_svm,nested_logreg_learned_neighborhood,63,7,-0.003283394923886407,-0.052577742657599236,0.0,0.0625,0.011121768282234656,0.0,0.05092578447216331,0.0625
seqFISH+ cortex/SVZ,linear_svm,nested_logreg_learned_permuted_prior,63,7,-0.003283394923886407,-0.052577742657599236,0.0,0.0625,0.011121768282234656,0.0,0.05092578447216331,0.0625
seqFISH+ cortex/SVZ,linear_svm,nested_logreg_learned_random_graph,63,7,-0.003283394923886407,-0.052577742657599236,0.0,0.0625,0.011121768282234656,0.0,0.05092578447216331,0.0625
seqFISH+ cortex/SVZ,linear_svm,pca_knn,63,7,-0.0102375893025487,-0.01753417969377291,0.0,0.15625,0.03399830004270833,-0.03252079227384595,0.06550784501721567,0.4375
seqFISH+ cortex/SVZ,linear_svm,singler_native,63,7,-0.0303867403314918,-0.08820629112619294,0.0,0.0625,0.07038087203803567,0.0,0.1,0.0625
seqFISH+ cortex/SVZ,linear_svm,spatial_smoothing,63,7,0.7373766206695209,0.3629248088203979,0.8726850716265097,0.03125,-0.3333333333333332,-0.449569184536933,-0.21086856150657102,0.03125
seqFISH+ cortex/SVZ,linear_svm,spatial_smoothing_random_graph,63,7,0.6834476784738146,0.5530371848700654,0.882621931574052,0.03125,-0.30080337286973424,-0.5467166163123263,-0.22241905078533222,0.03125
seqFISH+ cortex/SVZ,logreg_context_specific,context_specific,63,7,0.0,-0.044865432405517075,0.22448181040737908,0.4375,-0.007085472503814638,-0.09735328802563054,0.0,0.3125
seqFISH+ cortex/SVZ,logreg_context_specific,extra_trees,63,7,-0.7519812719485358,-0.8901534219383029,-0.3759237393228214,0.046875,0.37959638016197655,0.2688164441885093,0.49529986146544364,0.046875
seqFISH+ cortex/SVZ,logreg_context_specific,gated_context_specific,63,7,0.025177556668600748,-0.16739078476409555,0.22747437671926868,0.5625,0.0,-0.10074187290732212,0.07122941435611185,0.8125
seqFISH+ cortex/SVZ,logreg_context_specific,gated_learned_neighborhood,63,7,0.013699093137015741,-0.01850114816496902,0.29431517184839223,0.4375,0.0,-0.1312415918818669,0.0,0.625
seqFISH+ cortex/SVZ,logreg_context_specific,gated_learned_permuted_prior,63,7,0.059205570581525035,-0.07825235099408753,0.2943151718483922,0.5625,-0.011302276158495383,-0.1312415918818669,0.047180468885216875,0.5625
seqFISH+ cortex/SVZ,logreg_context_specific,gated_learned_random_graph,63,7,0.01000676777162474,0.0,0.2971332746675649,0.4375,-0.007085472503814638,-0.1312415918818669,0.0,0.625
seqFISH+ cortex/SVZ,logreg_context_specific,gated_logreg_context_specific,63,7,-0.18644067796610161,-0.3635953622342295,0.017888137313258,0.078125,0.12499999999999978,0.03067984930575851,0.17395590725988763,0.03125
seqFISH+ cortex/SVZ,logreg_context_specific,gated_logreg_learned_neighborhood,63,7,-0.153148346864995,-0.4354540138607891,0.017888137313258,0.15625,0.12499999999999978,0.0,0.16812224599330083,0.09375
seqFISH+ cortex/SVZ,logreg_context_specific,gated_logreg_learned_permuted_prior,63,7,-0.193407867601039,-0.3610208690911836,-0.042920424703421056,0.03125,0.10221136706758621,0.023796571007381084,0.17218046888521665,0.03125
seqFISH+ cortex/SVZ,logreg_context_specific,gated_logreg_learned_random_graph,63,7,-0.193407867601039,-0.3635953622342295,0.028810498807660623,0.078125,0.09322776309277131,0.042020642318038814,0.20197066796665114,0.015625
seqFISH+ cortex/SVZ,logreg_context_specific,gated_spatial_smoothing,63,7,-5.7922495260376294e-05,-0.07048556342991277,0.29431517184839223,0.6875,0.015188665691678482,-0.1312415918818669,0.030639062229566527,0.8125
seqFISH+ cortex/SVZ,logreg_context_specific,gated_spatial_smoothing_random_graph,63,7,6.938893903907228e-18,-0.04993703953830625,0.29713327466756495,0.5625,-0.007085472503814638,-0.11771884938160487,0.027882823254513522,0.5625
seqFISH+ cortex/SVZ,logreg_context_specific,learned_neighborhood,63,7,0.0979873980915254,0.0,0.22772264489950933,0.15625,-0.04992584540525408,-0.09839214128804125,0.0,0.4375
seqFISH+ cortex/SVZ,logreg_context_specific,learned_permuted_prior,63,7,0.018199109643211808,-0.07570559839199045,0.3027473403018581,0.296875,-0.011302276158495383,-0.09659448573953772,0.0,0.4375
seqFISH+ cortex/SVZ,logreg_context_specific,learned_random_graph,63,7,0.1227336861723384,0.004946448203062382,0.2971332746675649,0.046875,-0.0664420560056353,-0.1299737096233236,0.0,0.09375
seqFISH+ cortex/SVZ,logreg_context_specific,linear_svm,63,7,-0.7167436267742032,-0.9105632820324674,-0.4875843167874008,0.03125,0.40456274768944517,0.29901417025400945,0.4212343303985523,0.03125
seqFISH+ cortex/SVZ,logreg_context_specific,logreg_learned_neighborhood,63,7,-0.09077559055636694,-0.1747587773948869,0.0,0.125,0.042737648613667134,0.0,0.11062591800223298,0.1875
seqFISH+ cortex/SVZ,logreg_context_specific,logreg_learned_permuted_prior,63,7,0.0,-0.14476462574520282,0.11369656352614216,0.84375,0.0,-0.05806826939719012,0.053920535868819286,1.0
seqFISH+ cortex/SVZ,logreg_context_specific,logreg_learned_random_graph,63,7,-0.005517993979764789,-0.30358174821941347,0.1560314883405813,0.5625,0.0,-0.08725155228278442,0.1903363473510491,0.4375
seqFISH+ cortex/SVZ,logreg_context_specific,logreg_only,63,7,-0.7519812719485358,-0.9105632820324674,-0.4875843167874008,0.03125,0.4245389297606393,0.3286956477802948,0.45914791702724483,0.03125
seqFISH+ cortex/SVZ,logreg_context_specific,marker_only,63,7,-0.020111819659268115,-0.09616103806746368,0.29713327466756495,0.9375,0.0,-0.1312415918818669,0.035652176109852496,0.6875
seqFISH+ cortex/SVZ,logreg_context_specific,nested_gated_logreg_context_specific,63,7,-0.7519812719485358,-0.9105632820324674,-0.4875843167874008,0.03125,0.4245389297606393,0.3286956477802948,0.45914791702724483,0.03125
seqFISH+ cortex/SVZ,logreg_context_specific,nested_gated_logreg_learned_neighborhood,63,7,-0.7519812719485358,-0.9105632820324674,-0.4875843167874008,0.03125,0.4245389297606393,0.3286956477802948,0.45914791702724483,0.03125
seqFISH+ cortex/SVZ,logreg_context_specific,nested_gated_logreg_learned_permuted_prior,63,7,-0.7519812719485358,-0.9105632820324674,-0.4875843167874008,0.03125,0.4245389297606393,0.3286956477802948,0.45914791702724483,0.03125
seqFISH+ cortex/SVZ,logreg_context_specific,nested_gated_logreg_learned_random_graph,63,7,-0.7519812719485358,-0.9105632820324674,-0.4875843167874008,0.03125,0.4245389297606393,0.3286956477802948,0.45914791702724483,0.03125
seqFISH+ cortex/SVZ,logreg_context_specific,nested_logreg_context_specific,63,7,-0.7519812719485358,-0.9105632820324674,-0.4875843167874008,0.03125,0.4245389297606393,0.3286956477802948,0.45914791702724483,0.03125
seqFISH+ cortex/SVZ,logreg_context_specific,nested_logreg_learned_neighborhood,63,7,-0.7519812719485358,-0.9105632820324674,-0.4875843167874008,0.03125,0.4245389297606393,0.3286956477802948,0.45914791702724483,0.03125
seqFISH+ cortex/SVZ,logreg_context_specific,nested_logreg_learned_permuted_prior,63,7,-0.7519812719485358,-0.9105632820324674,-0.4875843167874008,0.03125,0.4245389297606393,0.3286956477802948,0.45914791702724483,0.03125
seqFISH+ cortex/SVZ,logreg_context_specific,nested_logreg_learned_random_graph,63,7,-0.7519812719485358,-0.9105632820324674,-0.4875843167874008,0.03125,0.4245389297606393,0.3286956477802948,0.45914791702724483,0.03125
seqFISH+ cortex/SVZ,logreg_context_specific,pca_knn,63,7,-0.7519812719485358,-0.8999999999999997,-0.4875843167874008,0.03125,0.37959638016197655,0.3286956477802948,0.47865997560649765,0.03125
seqFISH+ cortex/SVZ,logreg_context_specific,singler_native,63,7,-0.7519812719485358,-0.9105632820324674,-0.4875843167874008,0.03125,0.37959638016197655,0.32821028931607865,0.49529986146544364,0.03125
seqFISH+ cortex/SVZ,logreg_context_specific,spatial_smoothing,63,7,-0.061091630880387555,-0.10029935979331114,0.29431517184839223,0.578125,0.01847145257121352,-0.1312415918818669,0.07122941435611185,0.578125
seqFISH+ cortex/SVZ,logreg_context_specific,spatial_smoothing_random_graph,63,7,0.04558783497318311,-0.04993703953830625,0.3191734659282028,0.375,-0.007085472503814638,-0.13262970137836477,0.027882823254513522,0.5625
seqFISH+ cortex/SVZ,logreg_learned_neighborhood,context_specific,63,7,0.10046604779771831,0.06232449260416101,0.17277350971451658,0.015625,-0.041938194564637266,-0.13868219479128213,-0.018226398830013868,0.03125
seqFISH+ cortex/SVZ,logreg_learned_neighborhood,extra_trees,63,7,-0.6175491447042927,-0.8499828542035215,-0.3555702637004231,0.03125,0.2981810903645253,0.17498878917582278,0.45082579451808863,0.109375
seqFISH+ cortex/SVZ,logreg_learned_neighborhood,gated_context_specific,63,7,0.10046604779771831,0.0433359493146247,0.13354591082466827,0.03125,-0.04588813137406966,-0.09543725231055489,-0.018068283467274404,0.078125
seqFISH+ cortex/SVZ,logreg_learned_neighborhood,gated_learned_neighborhood,63,7,0.12633331634285772,0.0039770630942829455,0.21905852774806314,0.078125,-0.10381634375192705,-0.11720454134612202,0.04085208297275511,0.296875
seqFISH+ cortex/SVZ,logreg_learned_neighborhood,gated_learned_permuted_prior,63,7,0.19965346393177774,0.02980020708369152,0.21905852774806314,0.03125,-0.11111111111111105,-0.11822639883001407,-0.020771127213733254,0.109375
seqFISH+ cortex/SVZ,logreg_learned_neighborhood,gated_learned_random_graph,63,7,0.09611332322668487,0.0404045758909414,0.21905852774806314,0.109375,-0.05597077393818739,-0.13868219479128213,-0.020771127213733254,0.046875
seqFISH+ cortex/SVZ,logreg_learned_neighborhood,gated_logreg_context_specific,63,7,-0.08685058714365396,-0.134140743862456,-0.01168190057121471,0.03125,0.047180468885216764,0.0,0.07445835797647549,0.4375
seqFISH+ cortex/SVZ,logreg_learned_neighborhood,gated_logreg_learned_neighborhood,63,7,-0.042511543115652806,-0.08685058714365396,0.0,0.0625,0.05465560440952083,0.0,0.07445835797647549,0.125
seqFISH+ cortex/SVZ,logreg_learned_neighborhood,gated_logreg_learned_permuted_prior,63,7,-0.05428717506308225,-0.10082037634552299,-0.03931187293668248,0.03125,0.07122941435611185,0.0,0.11090234442608399,0.0625
seqFISH+ cortex/SVZ,logreg_learned_neighborhood,gated_logreg_learned_random_graph,63,7,-0.05428717506308224,-0.12703014476364996,0.0,0.0625,0.025009495703688878,0.0,0.07445835797647549,0.1875
seqFISH+ cortex/SVZ,logreg_learned_neighborhood,gated_spatial_smoothing,63,7,0.06761058123089825,0.0,0.21905852774806314,0.09375,-0.06992126017466291,-0.08734340043905686,0.0,0.0625
seqFISH+ cortex/SVZ,logreg_learned_neighborhood,gated_spatial_smoothing_random_graph,63,7,0.08037028444766331,0.0,0.14023031171050612,0.0625,-0.04193819456463699,-0.11720454134612202,0.0,0.0625
seqFISH+ cortex/SVZ,logreg_learned_neighborhood,learned_neighborhood,63,7,0.11955641470641445,0.003343277406023519,0.29729729729729726,0.03125,-0.09612353188649331,-0.19357433210167702,-0.0055480816727707105,0.03125
seqFISH+ cortex/SVZ,logreg_learned_neighborhood,learned_permuted_prior,63,7,0.14889069713874503,0.05834255967491239,0.25877971022593294,0.015625,-0.07468812866617136,-0.20391092659095306,0.0,0.0625
seqFISH+ cortex/SVZ,logreg_learned_neighborhood,learned_random_graph,63,7,0.17277350971451658,0.14061024795535132,0.33364186108139654,0.03125,-0.05597077393818739,-0.16666666666666674,0.0,0.125
seqFISH+ cortex/SVZ,logreg_learned_neighborhood,linear_svm,63,7,-0.5187355371630691,-0.8386256939080241,-0.193407867601039,0.046875,0.27874816399553376,0.1553656835575865,0.36724889839732033,0.03125
seqFISH+ cortex/SVZ,logreg_learned_neighborhood,logreg_context_specific,63,7,0.09077559055636694,0.0,0.1747587773948869,0.125,-0.042737648613667134,-0.11062591800223298,0.0,0.1875
seqFISH+ cortex/SVZ,logreg_learned_neighborhood,logreg_learned_permuted_prior,63,7,0.0,-0.0484198235892947,0.1569436870698394,0.8125,-0.012103918977221406,-0.07781953111478318,0.0,0.09375
seqFISH+ cortex/SVZ,logreg_learned_neighborhood,logreg_learned_random_graph,63,7,0.040631953642615515,-0.2009320955954367,0.0961133232266849,0.578125,0.0,-0.07548875021634693,0.06896740679118296,0.6875
seqFISH+ cortex/SVZ,logreg_learned_neighborhood,logreg_only,63,7,-0.623898701610953,-0.8499828542035215,-0.193407867601039,0.03125,0.35269530808870947,0.16178891331080786,0.5243974703476993,0.03125
seqFISH+ cortex/SVZ,logreg_learned_neighborhood,marker_only,63,7,0.043335949314624686,0.0,0.14023031171050612,0.3125,-0.04085208297275533,-0.13586429532905808,-0.018226398830013868,0.296875
seqFISH+ cortex/SVZ,logreg_learned_neighborhood,nested_gated_logreg_context_specific,63,7,-0.623898701610953,-0.8499828542035215,-0.193407867601039,0.03125,0.35269530808870947,0.16178891331080786,0.5243974703476993,0.03125
seqFISH+ cortex/SVZ,logreg_learned_neighborhood,nested_gated_logreg_learned_neighborhood,63,7,-0.623898701610953,-0.8499828542035215,-0.193407867601039,0.03125,0.35269530808870947,0.16178891331080786,0.5243974703476993,0.03125
seqFISH+ cortex/SVZ,logreg_learned_neighborhood,nested_gated_logreg_learned_permuted_prior,63,7,-0.623898701610953,-0.8499828542035215,-0.193407867601039,0.03125,0.35269530808870947,0.16178891331080786,0.5243974703476993,0.03125
seqFISH+ cortex/SVZ,logreg_learned_neighborhood,nested_gated_logreg_learned_random_graph,63,7,-0.623898701610953,-0.8499828542035215,-0.193407867601039,0.03125,0.35269530808870947,0.16178891331080786,0.5243974703476993,0.03125
seqFISH+ cortex/SVZ,logreg_learned_neighborhood,nested_logreg_context_specific,63,7,-0.623898701610953,-0.8499828542035215,-0.193407867601039,0.03125,0.35269530808870947,0.16178891331080786,0.5243974703476993,0.03125
seqFISH+ cortex/SVZ,logreg_learned_neighborhood,nested_logreg_learned_neighborhood,63,7,-0.623898701610953,-0.8499828542035215,-0.193407867601039,0.03125,0.35269530808870947,0.16178891331080786,0.5243974703476993,0.03125
seqFISH+ cortex/SVZ,logreg_learned_neighborhood,nested_logreg_learned_permuted_prior,63,7,-0.623898701610953,-0.8499828542035215,-0.193407867601039,0.03125,0.35269530808870947,0.16178891331080786,0.5243974703476993,0.03125
seqFISH+ cortex/SVZ,logreg_learned_neighborhood,nested_logreg_learned_random_graph,63,7,-0.623898701610953,-0.8499828542035215,-0.193407867601039,0.03125,0.35269530808870947,0.16178891331080786,0.5243974703476993,0.03125
seqFISH+ cortex/SVZ,logreg_learned_neighborhood,pca_knn,63,7,-0.623898701610953,-0.8499828542035215,-0.3555702637004231,0.03125,0.2876338501789382,0.17498878917582278,0.40563906222956647,0.078125
seqFISH+ cortex/SVZ,logreg_learned_neighborhood,singler_native,63,7,-0.5725206921628957,-0.8499828542035215,-0.3555702637004231,0.03125,0.29312003857608626,0.17498878917582278,0.45082579451808863,0.03125
seqFISH+ cortex/SVZ,logreg_learned_neighborhood,spatial_smoothing,63,7,0.13995771893713027,0.0027060360130150007,0.2974202213501261,0.03125,-0.0804347798626843,-0.08838640206127613,0.0,0.0625
seqFISH+ cortex/SVZ,logreg_learned_neighborhood,spatial_smoothing_random_graph,63,7,0.14023031171050612,0.046418329331142705,0.2251470791375677,0.03125,-0.11107384209225071,-0.11875560245092415,-0.044339081303290145,0.03125
seqFISH+ cortex/SVZ,logreg_learned_permuted_prior,context_specific,63,7,0.07888543819998314,0.00119997925424975,0.2591282968622167,0.03125,0.0,-0.1448298476119882,0.0,0.25
seqFISH+ cortex/SVZ,logreg_learned_permuted_prior,extra_trees,63,7,-0.7166847012100686,-0.8255984783578816,-0.42043483553769917,0.03125,0.3808859082287998,0.31127812445913294,0.42877058564388815,0.03125
seqFISH+ cortex/SVZ,logreg_learned_permuted_prior,gated_context_specific,63,7,0.072239730037022,0.032493193091065284,0.09361425636290999,0.015625,-0.014703472582800359,-0.037358206343323486,0.086369751358642,0.8125
seqFISH+ cortex/SVZ,logreg_learned_permuted_prior,gated_learned_neighborhood,63,7,0.072239730037022,0.0,0.23745352825992827,0.09375,-0.014703472582800359,-0.11497431960262955,0.03458645827323714,0.5625
seqFISH+ cortex/SVZ,logreg_learned_permuted_prior,gated_learned_permuted_prior,63,7,0.0484198235892947,0.002791415759579502,0.1561274297708,0.21875,0.0,-0.10375937481971087,0.0,0.875
seqFISH+ cortex/SVZ,logreg_learned_permuted_prior,gated_learned_random_graph,63,7,0.05659685732256761,0.015556299531378659,0.14277046843495078,0.03125,0.0,-0.103759374819711,0.0,0.375
seqFISH+ cortex/SVZ,logreg_learned_permuted_prior,gated_logreg_context_specific,63,7,-0.1674259617467575,-0.2367891808539454,-0.08965978893740315,0.03125,0.0992161590196069,0.022576219809261056,0.12286353285289997,0.03125
seqFISH+ cortex/SVZ,logreg_learned_permuted_prior,gated_logreg_learned_neighborhood,63,7,-0.13050922441596857,-0.25395258271245885,-0.002695841050210812,0.046875,0.0992161590196069,0.0,0.170565997075035,0.125
seqFISH+ cortex/SVZ,logreg_learned_permuted_prior,gated_logreg_learned_permuted_prior,63,7,-0.1674259617467575,-0.21122529184579897,-0.029334330482136045,0.03125,0.06372187554086717,0.0,0.1677511103997691,0.0625
seqFISH+ cortex/SVZ,logreg_learned_permuted_prior,gated_logreg_learned_random_graph,63,7,-0.10555474782412032,-0.22177844673313934,-0.023564920572008985,0.015625,0.06225562489182668,0.017510286158698984,0.1239117473107233,0.03125
seqFISH+ cortex/SVZ,logreg_learned_permuted_prior,gated_spatial_smoothing,63,7,0.0484198235892947,0.0,0.09482758620689657,0.15625,0.0,-0.05458516933779933,0.0,0.75
seqFISH+ cortex/SVZ,logreg_learned_permuted_prior,gated_spatial_smoothing_random_graph,63,7,0.072239730037022,0.04558783497318311,0.1363445579633618,0.15625,-0.02205520887420037,-0.04075440691998916,0.0,0.4375
seqFISH+ cortex/SVZ,logreg_learned_permuted_prior,learned_neighborhood,63,7,0.14148358162460242,1.0408340855860843e-17,0.18848363093528558,0.078125,-0.05395868216786698,-0.14099095342170614,0.016120041371852523,0.21875
seqFISH+ cortex/SVZ,logreg_learned_permuted_prior,learned_permuted_prior,63,7,0.018605583889297533,-0.05830279793777632,0.18848363093528556,0.5625,0.0,-0.053422060767083834,0.053920535868819064,1.0
seqFISH+ cortex/SVZ,logreg_learned_permuted_prior,learned_random_graph,63,7,0.040469973544415186,0.005135330011530881,0.2703504378054179,0.078125,-0.04085208297275522,-0.12395267810782817,0.0,0.0625
seqFISH+ cortex/SVZ,logreg_learned_permuted_prior,linear_svm,63,7,-0.6461718806972485,-0.7959423178100242,-0.5689655172413792,0.03125,0.3333333333333333,0.20556003989839872,0.3605680553151702,0.03125
seqFISH+ cortex/SVZ,logreg_learned_permuted_prior,logreg_context_specific,63,7,0.0,-0.11369656352614216,0.14476462574520282,0.84375,0.0,-0.053920535868819286,0.05806826939719012,1.0
seqFISH+ cortex/SVZ,logreg_learned_permuted_prior,logreg_learned_neighborhood,63,7,0.0,-0.1569436870698394,0.0484198235892947,0.8125,0.012103918977221406,0.0,0.07781953111478318,0.09375
seqFISH+ cortex/SVZ,logreg_learned_permuted_prior,logreg_learned_random_graph,63,7,-0.008861271385788298,-0.1476019980343513,0.06289864318507044,0.6875,0.042737648613667134,0.00624159188186707,0.0693410973956412,0.078125
seqFISH+ cortex/SVZ,logreg_learned_permuted_prior,logreg_only,63,7,-0.7830184816986268,-0.8255984783578816,-0.5011776157209713,0.03125,0.39291452749618533,0.31474085404047836,0.500196532091687,0.03125
seqFISH+ cortex/SVZ,logreg_learned_permuted_prior,marker_only,63,7,0.005135330011530881,-0.1583321217361805,0.12465280608593471,0.84375,0.0,-0.103759374819711,0.1000000000000002,0.875
seqFISH+ cortex/SVZ,logreg_learned_permuted_prior,nested_gated_logreg_context_specific,63,7,-0.7830184816986268,-0.8255984783578816,-0.5011776157209713,0.03125,0.39291452749618533,0.31474085404047836,0.500196532091687,0.03125
seqFISH+ cortex/SVZ,logreg_learned_permuted_prior,nested_gated_logreg_learned_neighborhood,63,7,-0.7830184816986268,-0.8255984783578816,-0.5011776157209713,0.03125,0.39291452749618533,0.31474085404047836,0.500196532091687,0.03125
seqFISH+ cortex/SVZ,logreg_learned_permuted_prior,nested_gated_logreg_learned_permuted_prior,63,7,-0.7830184816986268,-0.8255984783578816,-0.5011776157209713,0.03125,0.39291452749618533,0.31474085404047836,0.500196532091687,0.03125
seqFISH+ cortex/SVZ,logreg_learned_permuted_prior,nested_gated_logreg_learned_random_graph,63,7,-0.7830184816986268,-0.8255984783578816,-0.5011776157209713,0.03125,0.39291452749618533,0.31474085404047836,0.500196532091687,0.03125
seqFISH+ cortex/SVZ,logreg_learned_permuted_prior,nested_logreg_context_specific,63,7,-0.7830184816986268,-0.8255984783578816,-0.5011776157209713,0.03125,0.39291452749618533,0.31474085404047836,0.500196532091687,0.03125
seqFISH+ cortex/SVZ,logreg_learned_permuted_prior,nested_logreg_learned_neighborhood,63,7,-0.7830184816986268,-0.8255984783578816,-0.5011776157209713,0.03125,0.39291452749618533,0.31474085404047836,0.500196532091687,0.03125
seqFISH+ cortex/SVZ,logreg_learned_permuted_prior,nested_logreg_learned_permuted_prior,63,7,-0.7830184816986268,-0.8255984783578816,-0.5011776157209713,0.03125,0.39291452749618533,0.31474085404047836,0.500196532091687,0.03125
seqFISH+ cortex/SVZ,logreg_learned_permuted_prior,nested_logreg_learned_random_graph,63,7,-0.7830184816986268,-0.8255984783578816,-0.5011776157209713,0.03125,0.39291452749618533,0.31474085404047836,0.500196532091687,0.03125
seqFISH+ cortex/SVZ,logreg_learned_permuted_prior,pca_knn,63,7,-0.7755212282117311,-0.8255984783578816,-0.44744461680200637,0.03125,0.34946345330572165,0.31127812445913294,0.418821231072075,0.03125
seqFISH+ cortex/SVZ,logreg_learned_permuted_prior,singler_native,63,7,-0.7396226877317006,-0.8334059208329406,-0.5011776157209713,0.03125,0.40563906222956647,0.31474085404047836,0.4444444444444444,0.03125
seqFISH+ cortex/SVZ,logreg_learned_permuted_prior,spatial_smoothing,63,7,0.0484198235892947,0.0,0.08549744229803305,0.3125,0.0,-0.08017548254447154,0.0377443751081733,0.8125
seqFISH+ cortex/SVZ,logreg_learned_permuted_prior,spatial_smoothing_random_graph,63,7,0.072239730037022,0.04558783497318311,0.2070552360820166,0.15625,-0.026037712614305764,-0.11111111111111105,0.045984226927200056,0.6875
seqFISH+ cortex/SVZ,logreg_learned_random_graph,context_specific,63,7,0.043865100763605544,0.0,0.2514459106674738,0.0625,-0.06081398614498018,-0.15297924643402094,-0.016138558636295208,0.03125
seqFISH+ cortex/SVZ,logreg_learned_random_graph,extra_trees,63,7,-0.6949644780743134,-0.8313729789952297,-0.4940323824788767,0.03125,0.40563906222956647,0.26210391897722135,0.5487949406953986,0.03125
seqFISH+ cortex/SVZ,logreg_learned_random_graph,gated_context_specific,63,7,0.009975913102059891,-0.008151478401599969,0.2822747169006292,0.3125,0.0,-0.10209219899832106,0.0,0.25
seqFISH+ cortex/SVZ,logreg_learned_random_graph,gated_learned_neighborhood,63,7,0.06866963939703619,0.009975913102059891,0.24651350296490837,0.046875,0.0,-0.1304730858664872,0.0,0.5
seqFISH+ cortex/SVZ,logreg_learned_random_graph,gated_learned_permuted_prior,63,7,0.010469804176109293,-0.02189387061140835,0.2889867658030127,0.296875,0.0,-0.08722732395745669,0.027234721981836962,0.3125
seqFISH+ cortex/SVZ,logreg_learned_random_graph,gated_learned_random_graph,63,7,0.02773736202114535,0.0,0.3066843346986262,0.09375,0.0,-0.13413670620306767,0.019517976278159543,0.625
seqFISH+ cortex/SVZ,logreg_learned_random_graph,gated_logreg_context_specific,63,7,-0.22340737114989095,-0.2907855814299861,0.0,0.09375,0.13868219479128213,0.0,0.16812224599330072,0.0625
seqFISH+ cortex/SVZ,logreg_learned_random_graph,gated_logreg_learned_neighborhood,63,7,-0.193407867601039,-0.23586840765395772,-5.551115123125783e-17,0.046875,0.11319204525786647,0.0,0.16812224599330072,0.125
seqFISH+ cortex/SVZ,logreg_learned_random_graph,gated_logreg_learned_permuted_prior,63,7,-0.19374477776524335,-0.2907855814299861,0.002478534826697021,0.15625,0.09857986171207478,1.6653345369377348e-16,0.16812224599330072,0.078125
seqFISH+ cortex/SVZ,logreg_learned_random_graph,gated_logreg_learned_random_graph,63,7,-0.193407867601039,-0.29078558142998623,-5.551115123125783e-17,0.046875,0.08664913974888233,1.6653345369377348e-16,0.16812224599330072,0.03125
seqFISH+ cortex/SVZ,logreg_learned_random_graph,gated_spatial_smoothing,63,7,0.0,-0.025477294902270686,0.2822747169006292,0.6875,0.0,-0.09328462323031245,0.030639062229566527,0.84375
seqFISH+ cortex/SVZ,logreg_learned_random_graph,gated_spatial_smoothing_random_graph,63,7,0.0,-0.022003206317447233,0.2903256336753543,0.3125,0.0,-0.10209219899832106,1.6653345369377348e-16,0.3125
seqFISH+ cortex/SVZ,logreg_learned_random_graph,learned_neighborhood,63,7,0.17938122388731637,0.06866963939703619,0.32935870080351237,0.03125,-0.10784107173763843,-0.1953004988847561,-0.05342206076708389,0.015625
seqFISH+ cortex/SVZ,logreg_learned_random_graph,learned_permuted_prior,63,7,0.13987572123604702,0.02846469607276836,0.21413817050553108,0.03125,-0.08722732395745669,-0.1304730858664872,-0.04933345132537614,0.015625
seqFISH+ cortex/SVZ,logreg_learned_random_graph,learned_random_graph,63,7,0.1461282419351161,0.01094220273831023,0.2477162443219088,0.078125,-0.07122941435611208,-0.10375937481971098,0.0,0.0625
seqFISH+ cortex/SVZ,logreg_learned_random_graph,linear_svm,63,7,-0.5136185884981239,-0.7900019278015399,-0.4773713457991715,0.03125,0.3042903712002689,0.29779827292808125,0.44273764861366727,0.03125
seqFISH+ cortex/SVZ,logreg_learned_random_graph,logreg_context_specific,63,7,0.005517993979764789,-0.1560314883405813,0.30358174821941347,0.5625,0.0,-0.1903363473510491,0.08725155228278442,0.4375
seqFISH+ cortex/SVZ,logreg_learned_random_graph,logreg_learned_neighborhood,63,7,-0.040631953642615515,-0.0961133232266849,0.2009320955954367,0.578125,0.0,-0.06896740679118296,0.07548875021634693,0.6875
seqFISH+ cortex/SVZ,logreg_learned_random_graph,logreg_learned_permuted_prior,63,7,0.008861271385788298,-0.06289864318507044,0.1476019980343513,0.6875,-0.042737648613667134,-0.0693410973956412,-0.00624159188186707,0.078125
seqFISH+ cortex/SVZ,logreg_learned_random_graph,logreg_only,63,7,-0.6436310486574082,-0.797944035219878,-0.4940323824788767,0.03125,0.39291452749618533,0.3042903712002689,0.5039789676986591,0.03125
seqFISH+ cortex/SVZ,logreg_learned_random_graph,marker_only,63,7,0.009975913102059891,-0.048908478947125855,0.301398143393155,0.8125,0.0,-0.13413670620306756,0.04193819456463721,0.8125
seqFISH+ cortex/SVZ,logreg_learned_random_graph,nested_gated_logreg_context_specific,63,7,-0.6436310486574082,-0.797944035219878,-0.4940323824788767,0.03125,0.39291452749618533,0.3042903712002689,0.5039789676986591,0.03125
seqFISH+ cortex/SVZ,logreg_learned_random_graph,nested_gated_logreg_learned_neighborhood,63,7,-0.6436310486574082,-0.797944035219878,-0.4940323824788767,0.03125,0.39291452749618533,0.3042903712002689,0.5039789676986591,0.03125
seqFISH+ cortex/SVZ,logreg_learned_random_graph,nested_gated_logreg_learned_permuted_prior,63,7,-0.6436310486574082,-0.797944035219878,-0.4940323824788767,0.03125,0.39291452749618533,0.3042903712002689,0.5039789676986591,0.03125
seqFISH+ cortex/SVZ,logreg_learned_random_graph,nested_gated_logreg_learned_random_graph,63,7,-0.6436310486574082,-0.797944035219878,-0.4940323824788767,0.03125,0.39291452749618533,0.3042903712002689,0.5039789676986591,0.03125
seqFISH+ cortex/SVZ,logreg_learned_random_graph,nested_logreg_context_specific,63,7,-0.6436310486574082,-0.797944035219878,-0.4940323824788767,0.03125,0.39291452749618533,0.3042903712002689,0.5039789676986591,0.03125
seqFISH+ cortex/SVZ,logreg_learned_random_graph,nested_logreg_learned_neighborhood,63,7,-0.6436310486574082,-0.797944035219878,-0.4940323824788767,0.03125,0.39291452749618533,0.3042903712002689,0.5039789676986591,0.03125
seqFISH+ cortex/SVZ,logreg_learned_random_graph,nested_logreg_learned_permuted_prior,63,7,-0.6436310486574082,-0.797944035219878,-0.4940323824788767,0.03125,0.39291452749618533,0.3042903712002689,0.5039789676986591,0.03125
seqFISH+ cortex/SVZ,logreg_learned_random_graph,nested_logreg_learned_random_graph,63,7,-0.6436310486574082,-0.797944035219878,-0.4940323824788767,0.03125,0.39291452749618533,0.3042903712002689,0.5039789676986591,0.03125
seqFISH+ cortex/SVZ,logreg_learned_random_graph,pca_knn,63,7,-0.678314781534072,-0.8313729789952297,-0.4940323824788767,0.03125,0.3831442751244313,0.26210391897722135,0.5487949406953986,0.03125
seqFISH+ cortex/SVZ,logreg_learned_random_graph,singler_native,63,7,-0.6980871219581626,-0.8313729789952297,-0.4940323824788767,0.03125,0.40563906222956647,0.3042903712002689,0.5487949406953986,0.03125
seqFISH+ cortex/SVZ,logreg_learned_random_graph,spatial_smoothing,63,7,0.009975913102059891,-0.07063926721099045,0.2903256336753543,0.6875,-0.04933345132537614,-0.09328462323031245,0.07122941435611185,0.46875
seqFISH+ cortex/SVZ,logreg_learned_random_graph,spatial_smoothing_random_graph,63,7,0.13488389375870358,0.04256282653793743,0.2903256336753543,0.046875,-0.10784107173763832,-0.12451124978365313,0.0,0.09375
seqFISH+ cortex/SVZ,logreg_only,context_specific,63,7,0.8823226469768387,0.8025702792798006,1.0268333825817484,0.03125,-0.5465346038859449,-0.570134965088901,-0.39976839259857117,0.03125
seqFISH+ cortex/SVZ,logreg_only,extra_trees,63,7,0.0,0.0,0.005613489110976089,1.0,0.0,-0.043249300267762844,0.0,0.75
seqFISH+ cortex/SVZ,logreg_only,gated_context_specific,63,7,0.7574446124356213,0.2673716957032767,0.9310831385777949,0.03125,-0.5000000000000001,-0.5560373095149851,-0.24612855571114906,0.03125
seqFISH+ cortex/SVZ,logreg_only,gated_learned_neighborhood,63,7,0.7692900011062983,0.26101844883193726,0.9103578542999201,0.03125,-0.41986860717728935,-0.6037593748197109,-0.26103225282114445,0.03125
seqFISH+ cortex/SVZ,logreg_only,gated_learned_permuted_prior,63,7,0.7331377388449571,0.3135346348097314,1.0,0.03125,-0.3497569251599829,-0.506602137623939,-0.24612855571114906,0.03125
seqFISH+ cortex/SVZ,logreg_only,gated_learned_random_graph,63,7,0.7655976757409073,0.37643753307362915,1.0252645576319956,0.03125,-0.5000000000000001,-0.603759374819711,-0.3180303358642106,0.03125
seqFISH+ cortex/SVZ,logreg_only,gated_logreg_context_specific,63,7,0.46312450780684045,0.4020745188968936,0.6822565485494407,0.03125,-0.28272543000239875,-0.4370927081530443,-0.21434947499576165,0.03125
seqFISH+ cortex/SVZ,logreg_only,gated_logreg_learned_neighborhood,63,7,0.4297296263170708,0.36310183320950373,0.6681681758020157,0.03125,-0.28272543000239875,-0.39291452749618533,-0.20281953111478324,0.046875
seqFISH+ cortex/SVZ,logreg_only,gated_logreg_learned_permuted_prior,63,7,0.40807875294777207,0.36310183320950373,0.6440657515928129,0.03125,-0.28272543000239875,-0.38178414056760057,-0.2562876695603987,0.03125
seqFISH+ cortex/SVZ,logreg_only,gated_logreg_learned_random_graph,63,7,0.3830473027608756,0.36310183320950373,0.5532910255185808,0.03125,-0.28272543000239875,-0.35816422214613597,-0.2562876695603987,0.03125
seqFISH+ cortex/SVZ,logreg_only,gated_spatial_smoothing,63,7,0.6175491447042927,0.3099512105188691,0.9359186090819975,0.03125,-0.4287705856438881,-0.5073859319828743,-0.23171017348547077,0.03125
seqFISH+ cortex/SVZ,logreg_only,gated_spatial_smoothing_random_graph,63,7,0.5947225697102824,0.31342529910369255,0.9358499700900416,0.03125,-0.33065890260435876,-0.5629072918469558,-0.2466138705954662,0.03125
seqFISH+ cortex/SVZ,logreg_only,learned_neighborhood,63,7,0.9387231284773876,0.7707711613622542,1.0273998312175596,0.015625,-0.5122748622685962,-0.6037593748197109,-0.37499999999999994,0.03125
seqFISH+ cortex/SVZ,logreg_only,learned_permuted_prior,63,7,0.8298555704843374,0.6470985616313627,0.9080021592403806,0.03125,-0.44582678001329756,-0.47235218307445054,-0.34714722641593876,0.03125
seqFISH+ cortex/SVZ,logreg_only,learned_random_graph,63,7,0.8601242787639526,0.5831447497430486,1.0445447617339119,0.03125,-0.5000000000000001,-0.5487949406953986,-0.4066192454990831,0.03125
seqFISH+ cortex/SVZ,logreg_only,linear_svm,63,7,0.003283394923886407,0.0,0.052577742657599236,0.0625,-0.011121768282234656,-0.05092578447216331,0.0,0.0625
seqFISH+ cortex/SVZ,logreg_only,logreg_context_specific,63,7,0.7519812719485358,0.4875843167874008,0.9105632820324674,0.03125,-0.4245389297606393,-0.45914791702724483,-0.3286956477802948,0.03125
seqFISH+ cortex/SVZ,logreg_only,logreg_learned_neighborhood,63,7,0.623898701610953,0.193407867601039,0.8499828542035215,0.03125,-0.35269530808870947,-0.5243974703476993,-0.16178891331080786,0.03125
seqFISH+ cortex/SVZ,logreg_only,logreg_learned_permuted_prior,63,7,0.7830184816986268,0.5011776157209713,0.8255984783578816,0.03125,-0.39291452749618533,-0.500196532091687,-0.31474085404047836,0.03125
seqFISH+ cortex/SVZ,logreg_only,logreg_learned_random_graph,63,7,0.6436310486574082,0.4940323824788767,0.797944035219878,0.03125,-0.39291452749618533,-0.5039789676986591,-0.3042903712002689,0.03125
seqFISH+ cortex/SVZ,logreg_only,marker_only,63,7,0.625830421806906,0.26101844883193726,0.8847598733210306,0.03125,-0.3412060805597939,-0.5343461999172839,-0.2928475335792769,0.03125
seqFISH+ cortex/SVZ,logreg_only,nested_gated_logreg_context_specific,63,7,0.0,0.0,0.0,1.0,0.0,0.0,0.0,1.0
seqFISH+ cortex/SVZ,logreg_only,nested_gated_logreg_learned_neighborhood,63,7,0.0,0.0,0.0,1.0,0.0,0.0,0.0,1.0
seqFISH+ cortex/SVZ,logreg_only,nested_gated_logreg_learned_permuted_prior,63,7,0.0,0.0,0.0,1.0,0.0,0.0,0.0,1.0
seqFISH+ cortex/SVZ,logreg_only,nested_gated_logreg_learned_random_graph,63,7,0.0,0.0,0.0,1.0,0.0,0.0,0.0,1.0
seqFISH+ cortex/SVZ,logreg_only,nested_logreg_context_specific,63,7,0.0,0.0,0.0,1.0,0.0,0.0,0.0,1.0
seqFISH+ cortex/SVZ,logreg_only,nested_logreg_learned_neighborhood,63,7,0.0,0.0,0.0,1.0,0.0,0.0,0.0,1.0
seqFISH+ cortex/SVZ,logreg_only,nested_logreg_learned_permuted_prior,63,7,0.0,0.0,0.0,1.0,0.0,0.0,0.0,1.0
seqFISH+ cortex/SVZ,logreg_only,nested_logreg_learned_random_graph,63,7,0.0,0.0,0.0,1.0,0.0,0.0,0.0,1.0
seqFISH+ cortex/SVZ,logreg_only,pca_knn,63,7,0.0,0.0,0.020409860094164456,0.25,0.0,-0.048084679884197505,0.0,0.5
seqFISH+ cortex/SVZ,logreg_only,singler_native,63,7,0.0,-0.010245704900064712,0.0,0.5,0.0,0.0,0.05822919557085847,0.5
seqFISH+ cortex/SVZ,logreg_only,spatial_smoothing,63,7,0.7373766206695209,0.3099512105188691,0.8750094239091046,0.03125,-0.32984633500279853,-0.5073859319828743,-0.2172917912597924,0.03125
seqFISH+ cortex/SVZ,logreg_only,spatial_smoothing_random_graph,63,7,0.6834476784738146,0.5000635865685366,0.9358499700900416,0.03125,-0.3008033728697342,-0.5834260251667012,-0.26016342589350566,0.03125
seqFISH+ cortex/SVZ,marker_only,context_specific,63,7,0.08528468314464302,-0.006463132903788277,0.12230551311213611,0.109375,-0.047180468885216764,-0.11208149732886707,0.034488662884823884,0.21875
seqFISH+ cortex/SVZ,marker_only,extra_trees,63,7,-0.7225927845351575,-0.8847598733210306,-0.42318084493132135,0.03125,0.3333333333333332,0.26654140665565046,0.5343461999172839,0.03125
seqFISH+ cortex/SVZ,marker_only,gated_context_specific,63,7,0.0,0.0,0.019948500318625495,0.875,0.0,-0.02723472198183688,0.0,0.5
seqFISH+ cortex/SVZ,marker_only,gated_learned_neighborhood,63,7,0.0,0.0,0.07713208748788059,0.5,0.0,0.0,0.0,1.0
seqFISH+ cortex/SVZ,marker_only,gated_learned_permuted_prior,63,7,0.0,-0.0013388678723415953,0.06162682583317475,0.625,0.0,-0.042737648613667134,0.0,0.5
seqFISH+ cortex/SVZ,marker_only,gated_learned_random_graph,63,7,0.0,0.0,0.05277737391206018,0.25,0.0,-0.03774437510817352,0.0,0.5
seqFISH+ cortex/SVZ,marker_only,gated_logreg_context_specific,63,7,-0.1760360434013164,-0.4235631156066884,0.0,0.0625,0.1326845660258822,0.0,0.20258829776049314,0.0625
seqFISH+ cortex/SVZ,marker_only,gated_logreg_learned_neighborhood,63,7,-0.13995771893713027,-0.4459696053419885,-0.0686696393970363,0.015625,0.08581967154334347,0.0,0.20258829776049314,0.0625
seqFISH+ cortex/SVZ,marker_only,gated_logreg_learned_permuted_prior,63,7,-0.19374477776524335,-0.3271578924599713,-1.1102230246251565e-16,0.03125,0.11875840811813287,0.0,0.12598409508217423,0.0625
seqFISH+ cortex/SVZ,marker_only,gated_logreg_learned_random_graph,63,7,-0.1485239700367918,-0.4235631156066884,0.0,0.0625,0.11111111111111102,0.0,0.20783469342317984,0.0625
seqFISH+ cortex/SVZ,marker_only,gated_spatial_smoothing,63,7,0.0,-0.017770687148105604,0.0,1.0,0.0,0.0,0.0,1.0
seqFISH+ cortex/SVZ,marker_only,gated_spatial_smoothing_random_graph,63,7,0.0,0.0,0.02201345240901198,0.5,0.0,-0.0018675852546257143,0.0,0.5
seqFISH+ cortex/SVZ,marker_only,learned_neighborhood,63,7,0.01184388461467828,-0.05021601130692435,0.12380486848561878,0.375,-0.04892136229090288,-0.11016595193207372,0.0,0.0625
seqFISH+ cortex/SVZ,marker_only,learned_permuted_prior,63,7,0.040301393123831464,-0.13054252797479832,0.11436014771067549,0.6875,0.0,-0.09436093777043342,0.008624647591528756,1.0
seqFISH+ cortex/SVZ,marker_only,learned_random_graph,63,7,0.10468325177739482,-0.06672181888646217,0.22807568594332572,0.46875,-0.05187968740985549,-0.11556849565940217,0.04535465176635112,0.375
seqFISH+ cortex/SVZ,marker_only,linear_svm,63,7,-0.5972178187776932,-0.872964521124514,-0.30790469463347436,0.03125,0.3746508927026095,0.24577027944191726,0.45822708036346405,0.03125
seqFISH+ cortex/SVZ,marker_only,logreg_context_specific,63,7,0.020111819659268115,-0.29713327466756495,0.09616103806746368,0.9375,0.0,-0.035652176109852496,0.1312415918818669,0.6875
seqFISH+ cortex/SVZ,marker_only,logreg_learned_neighborhood,63,7,-0.043335949314624686,-0.14023031171050612,0.0,0.3125,0.04085208297275533,0.018226398830013868,0.13586429532905808,0.296875
seqFISH+ cortex/SVZ,marker_only,logreg_learned_permuted_prior,63,7,-0.005135330011530881,-0.12465280608593471,0.1583321217361805,0.84375,0.0,-0.1000000000000002,0.103759374819711,0.875
seqFISH+ cortex/SVZ,marker_only,logreg_learned_random_graph,63,7,-0.009975913102059891,-0.301398143393155,0.048908478947125855,0.8125,0.0,-0.04193819456463721,0.13413670620306756,0.8125
seqFISH+ cortex/SVZ,marker_only,logreg_only,63,7,-0.625830421806906,-0.8847598733210306,-0.26101844883193726,0.03125,0.3412060805597939,0.2928475335792769,0.5343461999172839,0.03125
seqFISH+ cortex/SVZ,marker_only,nested_gated_logreg_context_specific,63,7,-0.625830421806906,-0.8847598733210306,-0.26101844883193726,0.03125,0.3412060805597939,0.2928475335792769,0.5343461999172839,0.03125
seqFISH+ cortex/SVZ,marker_only,nested_gated_logreg_learned_neighborhood,63,7,-0.625830421806906,-0.8847598733210306,-0.26101844883193726,0.03125,0.3412060805597939,0.2928475335792769,0.5343461999172839,0.03125
seqFISH+ cortex/SVZ,marker_only,nested_gated_logreg_learned_permuted_prior,63,7,-0.625830421806906,-0.8847598733210306,-0.26101844883193726,0.03125,0.3412060805597939,0.2928475335792769,0.5343461999172839,0.03125
seqFISH+ cortex/SVZ,marker_only,nested_gated_logreg_learned_random_graph,63,7,-0.625830421806906,-0.8847598733210306,-0.26101844883193726,0.03125,0.3412060805597939,0.2928475335792769,0.5343461999172839,0.03125
seqFISH+ cortex/SVZ,marker_only,nested_logreg_context_specific,63,7,-0.625830421806906,-0.8847598733210306,-0.26101844883193726,0.03125,0.3412060805597939,0.2928475335792769,0.5343461999172839,0.03125
seqFISH+ cortex/SVZ,marker_only,nested_logreg_learned_neighborhood,63,7,-0.625830421806906,-0.8847598733210306,-0.26101844883193726,0.03125,0.3412060805597939,0.2928475335792769,0.5343461999172839,0.03125
seqFISH+ cortex/SVZ,marker_only,nested_logreg_learned_permuted_prior,63,7,-0.625830421806906,-0.8847598733210306,-0.26101844883193726,0.03125,0.3412060805597939,0.2928475335792769,0.5343461999172839,0.03125
seqFISH+ cortex/SVZ,marker_only,nested_logreg_learned_random_graph,63,7,-0.625830421806906,-0.8847598733210306,-0.26101844883193726,0.03125,0.3412060805597939,0.2928475335792769,0.5343461999172839,0.03125
seqFISH+ cortex/SVZ,marker_only,pca_knn,63,7,-0.7088609175438089,-0.8791306287808242,-0.42318084493132135,0.03125,0.3333333333333332,0.26654140665565046,0.5112153015051908,0.03125
seqFISH+ cortex/SVZ,marker_only,singler_native,63,7,-0.625830421806906,-0.8791306287808242,-0.42318084493132135,0.015625,0.3012056244858122,0.28584705709592545,0.542229570349708,0.03125
seqFISH+ cortex/SVZ,marker_only,spatial_smoothing,63,7,0.0,-0.05106078680063564,0.0,0.875,0.0,0.0,0.027234721981836796,0.875
seqFISH+ cortex/SVZ,marker_only,spatial_smoothing_random_graph,63,7,0.0,0.0,0.06162682583317469,0.5,0.0,-0.003841698733172305,0.0,0.25
seqFISH+ cortex/SVZ,nested_gated_logreg_context_specific,context_specific,63,7,0.8823226469768387,0.8025702792798006,1.0268333825817484,0.03125,-0.5465346038859449,-0.570134965088901,-0.39976839259857117,0.03125
seqFISH+ cortex/SVZ,nested_gated_logreg_context_specific,extra_trees,63,7,0.0,0.0,0.005613489110976089,1.0,0.0,-0.043249300267762844,0.0,0.75
seqFISH+ cortex/SVZ,nested_gated_logreg_context_specific,gated_context_specific,63,7,0.7574446124356213,0.2673716957032767,0.9310831385777949,0.03125,-0.5000000000000001,-0.5560373095149851,-0.24612855571114906,0.03125
seqFISH+ cortex/SVZ,nested_gated_logreg_context_specific,gated_learned_neighborhood,63,7,0.7692900011062983,0.26101844883193726,0.9103578542999201,0.03125,-0.41986860717728935,-0.6037593748197109,-0.26103225282114445,0.03125
seqFISH+ cortex/SVZ,nested_gated_logreg_context_specific,gated_learned_permuted_prior,63,7,0.7331377388449571,0.3135346348097314,1.0,0.03125,-0.3497569251599829,-0.506602137623939,-0.24612855571114906,0.03125
seqFISH+ cortex/SVZ,nested_gated_logreg_context_specific,gated_learned_random_graph,63,7,0.7655976757409073,0.37643753307362915,1.0252645576319956,0.03125,-0.5000000000000001,-0.603759374819711,-0.3180303358642106,0.03125
seqFISH+ cortex/SVZ,nested_gated_logreg_context_specific,gated_logreg_context_specific,63,7,0.46312450780684045,0.4020745188968936,0.6822565485494407,0.03125,-0.28272543000239875,-0.4370927081530443,-0.21434947499576165,0.03125
seqFISH+ cortex/SVZ,nested_gated_logreg_context_specific,gated_logreg_learned_neighborhood,63,7,0.4297296263170708,0.36310183320950373,0.6681681758020157,0.03125,-0.28272543000239875,-0.39291452749618533,-0.20281953111478324,0.046875
seqFISH+ cortex/SVZ,nested_gated_logreg_context_specific,gated_logreg_learned_permuted_prior,63,7,0.40807875294777207,0.36310183320950373,0.6440657515928129,0.03125,-0.28272543000239875,-0.38178414056760057,-0.2562876695603987,0.03125
seqFISH+ cortex/SVZ,nested_gated_logreg_context_specific,gated_logreg_learned_random_graph,63,7,0.3830473027608756,0.36310183320950373,0.5532910255185808,0.03125,-0.28272543000239875,-0.35816422214613597,-0.2562876695603987,0.03125
seqFISH+ cortex/SVZ,nested_gated_logreg_context_specific,gated_spatial_smoothing,63,7,0.6175491447042927,0.3099512105188691,0.9359186090819975,0.03125,-0.4287705856438881,-0.5073859319828743,-0.23171017348547077,0.03125
seqFISH+ cortex/SVZ,nested_gated_logreg_context_specific,gated_spatial_smoothing_random_graph,63,7,0.5947225697102824,0.31342529910369255,0.9358499700900416,0.03125,-0.33065890260435876,-0.5629072918469558,-0.2466138705954662,0.03125
seqFISH+ cortex/SVZ,nested_gated_logreg_context_specific,learned_neighborhood,63,7,0.9387231284773876,0.7707711613622542,1.0273998312175596,0.015625,-0.5122748622685962,-0.6037593748197109,-0.37499999999999994,0.03125
seqFISH+ cortex/SVZ,nested_gated_logreg_context_specific,learned_permuted_prior,63,7,0.8298555704843374,0.6470985616313627,0.9080021592403806,0.03125,-0.44582678001329756,-0.47235218307445054,-0.34714722641593876,0.03125
seqFISH+ cortex/SVZ,nested_gated_logreg_context_specific,learned_random_graph,63,7,0.8601242787639526,0.5831447497430486,1.0445447617339119,0.03125,-0.5000000000000001,-0.5487949406953986,-0.4066192454990831,0.03125
seqFISH+ cortex/SVZ,nested_gated_logreg_context_specific,linear_svm,63,7,0.003283394923886407,0.0,0.052577742657599236,0.0625,-0.011121768282234656,-0.05092578447216331,0.0,0.0625
seqFISH+ cortex/SVZ,nested_gated_logreg_context_specific,logreg_context_specific,63,7,0.7519812719485358,0.4875843167874008,0.9105632820324674,0.03125,-0.4245389297606393,-0.45914791702724483,-0.3286956477802948,0.03125
seqFISH+ cortex/SVZ,nested_gated_logreg_context_specific,logreg_learned_neighborhood,63,7,0.623898701610953,0.193407867601039,0.8499828542035215,0.03125,-0.35269530808870947,-0.5243974703476993,-0.16178891331080786,0.03125
seqFISH+ cortex/SVZ,nested_gated_logreg_context_specific,logreg_learned_permuted_prior,63,7,0.7830184816986268,0.5011776157209713,0.8255984783578816,0.03125,-0.39291452749618533,-0.500196532091687,-0.31474085404047836,0.03125
seqFISH+ cortex/SVZ,nested_gated_logreg_context_specific,logreg_learned_random_graph,63,7,0.6436310486574082,0.4940323824788767,0.797944035219878,0.03125,-0.39291452749618533,-0.5039789676986591,-0.3042903712002689,0.03125
seqFISH+ cortex/SVZ,nested_gated_logreg_context_specific,logreg_only,63,7,0.0,0.0,0.0,1.0,0.0,0.0,0.0,1.0
seqFISH+ cortex/SVZ,nested_gated_logreg_context_specific,marker_only,63,7,0.625830421806906,0.26101844883193726,0.8847598733210306,0.03125,-0.3412060805597939,-0.5343461999172839,-0.2928475335792769,0.03125
seqFISH+ cortex/SVZ,nested_gated_logreg_context_specific,nested_gated_logreg_learned_neighborhood,63,7,0.0,0.0,0.0,1.0,0.0,0.0,0.0,1.0
seqFISH+ cortex/SVZ,nested_gated_logreg_context_specific,nested_gated_logreg_learned_permuted_prior,63,7,0.0,0.0,0.0,1.0,0.0,0.0,0.0,1.0
seqFISH+ cortex/SVZ,nested_gated_logreg_context_specific,nested_gated_logreg_learned_random_graph,63,7,0.0,0.0,0.0,1.0,0.0,0.0,0.0,1.0
seqFISH+ cortex/SVZ,nested_gated_logreg_context_specific,nested_logreg_context_specific,63,7,0.0,0.0,0.0,1.0,0.0,0.0,0.0,1.0
seqFISH+ cortex/SVZ,nested_gated_logreg_context_specific,nested_logreg_learned_neighborhood,63,7,0.0,0.0,0.0,1.0,0.0,0.0,0.0,1.0
seqFISH+ cortex/SVZ,nested_gated_logreg_context_specific,nested_logreg_learned_permuted_prior,63,7,0.0,0.0,0.0,1.0,0.0,0.0,0.0,1.0
seqFISH+ cortex/SVZ,nested_gated_logreg_context_specific,nested_logreg_learned_random_graph,63,7,0.0,0.0,0.0,1.0,0.0,0.0,0.0,1.0
seqFISH+ cortex/SVZ,nested_gated_logreg_context_specific,pca_knn,63,7,0.0,0.0,0.020409860094164456,0.25,0.0,-0.048084679884197505,0.0,0.5
seqFISH+ cortex/SVZ,nested_gated_logreg_context_specific,singler_native,63,7,0.0,-0.010245704900064712,0.0,0.5,0.0,0.0,0.05822919557085847,0.5
seqFISH+ cortex/SVZ,nested_gated_logreg_context_specific,spatial_smoothing,63,7,0.7373766206695209,0.3099512105188691,0.8750094239091046,0.03125,-0.32984633500279853,-0.5073859319828743,-0.2172917912597924,0.03125
seqFISH+ cortex/SVZ,nested_gated_logreg_context_specific,spatial_smoothing_random_graph,63,7,0.6834476784738146,0.5000635865685366,0.9358499700900416,0.03125,-0.3008033728697342,-0.5834260251667012,-0.26016342589350566,0.03125
seqFISH+ cortex/SVZ,nested_gated_logreg_learned_neighborhood,context_specific,63,7,0.8823226469768387,0.8025702792798006,1.0268333825817484,0.03125,-0.5465346038859449,-0.570134965088901,-0.39976839259857117,0.03125
seqFISH+ cortex/SVZ,nested_gated_logreg_learned_neighborhood,extra_trees,63,7,0.0,0.0,0.005613489110976089,1.0,0.0,-0.043249300267762844,0.0,0.75
seqFISH+ cortex/SVZ,nested_gated_logreg_learned_neighborhood,gated_context_specific,63,7,0.7574446124356213,0.2673716957032767,0.9310831385777949,0.03125,-0.5000000000000001,-0.5560373095149851,-0.24612855571114906,0.03125
seqFISH+ cortex/SVZ,nested_gated_logreg_learned_neighborhood,gated_learned_neighborhood,63,7,0.7692900011062983,0.26101844883193726,0.9103578542999201,0.03125,-0.41986860717728935,-0.6037593748197109,-0.26103225282114445,0.03125
seqFISH+ cortex/SVZ,nested_gated_logreg_learned_neighborhood,gated_learned_permuted_prior,63,7,0.7331377388449571,0.3135346348097314,1.0,0.03125,-0.3497569251599829,-0.506602137623939,-0.24612855571114906,0.03125
seqFISH+ cortex/SVZ,nested_gated_logreg_learned_neighborhood,gated_learned_random_graph,63,7,0.7655976757409073,0.37643753307362915,1.0252645576319956,0.03125,-0.5000000000000001,-0.603759374819711,-0.3180303358642106,0.03125
seqFISH+ cortex/SVZ,nested_gated_logreg_learned_neighborhood,gated_logreg_context_specific,63,7,0.46312450780684045,0.4020745188968936,0.6822565485494407,0.03125,-0.28272543000239875,-0.4370927081530443,-0.21434947499576165,0.03125
seqFISH+ cortex/SVZ,nested_gated_logreg_learned_neighborhood,gated_logreg_learned_neighborhood,63,7,0.4297296263170708,0.36310183320950373,0.6681681758020157,0.03125,-0.28272543000239875,-0.39291452749618533,-0.20281953111478324,0.046875
seqFISH+ cortex/SVZ,nested_gated_logreg_learned_neighborhood,gated_logreg_learned_permuted_prior,63,7,0.40807875294777207,0.36310183320950373,0.6440657515928129,0.03125,-0.28272543000239875,-0.38178414056760057,-0.2562876695603987,0.03125
seqFISH+ cortex/SVZ,nested_gated_logreg_learned_neighborhood,gated_logreg_learned_random_graph,63,7,0.3830473027608756,0.36310183320950373,0.5532910255185808,0.03125,-0.28272543000239875,-0.35816422214613597,-0.2562876695603987,0.03125
seqFISH+ cortex/SVZ,nested_gated_logreg_learned_neighborhood,gated_spatial_smoothing,63,7,0.6175491447042927,0.3099512105188691,0.9359186090819975,0.03125,-0.4287705856438881,-0.5073859319828743,-0.23171017348547077,0.03125
seqFISH+ cortex/SVZ,nested_gated_logreg_learned_neighborhood,gated_spatial_smoothing_random_graph,63,7,0.5947225697102824,0.31342529910369255,0.9358499700900416,0.03125,-0.33065890260435876,-0.5629072918469558,-0.2466138705954662,0.03125
seqFISH+ cortex/SVZ,nested_gated_logreg_learned_neighborhood,learned_neighborhood,63,7,0.9387231284773876,0.7707711613622542,1.0273998312175596,0.015625,-0.5122748622685962,-0.6037593748197109,-0.37499999999999994,0.03125
seqFISH+ cortex/SVZ,nested_gated_logreg_learned_neighborhood,learned_permuted_prior,63,7,0.8298555704843374,0.6470985616313627,0.9080021592403806,0.03125,-0.44582678001329756,-0.47235218307445054,-0.34714722641593876,0.03125
seqFISH+ cortex/SVZ,nested_gated_logreg_learned_neighborhood,learned_random_graph,63,7,0.8601242787639526,0.5831447497430486,1.0445447617339119,0.03125,-0.5000000000000001,-0.5487949406953986,-0.4066192454990831,0.03125
seqFISH+ cortex/SVZ,nested_gated_logreg_learned_neighborhood,linear_svm,63,7,0.003283394923886407,0.0,0.052577742657599236,0.0625,-0.011121768282234656,-0.05092578447216331,0.0,0.0625
seqFISH+ cortex/SVZ,nested_gated_logreg_learned_neighborhood,logreg_context_specific,63,7,0.7519812719485358,0.4875843167874008,0.9105632820324674,0.03125,-0.4245389297606393,-0.45914791702724483,-0.3286956477802948,0.03125
seqFISH+ cortex/SVZ,nested_gated_logreg_learned_neighborhood,logreg_learned_neighborhood,63,7,0.623898701610953,0.193407867601039,0.8499828542035215,0.03125,-0.35269530808870947,-0.5243974703476993,-0.16178891331080786,0.03125
seqFISH+ cortex/SVZ,nested_gated_logreg_learned_neighborhood,logreg_learned_permuted_prior,63,7,0.7830184816986268,0.5011776157209713,0.8255984783578816,0.03125,-0.39291452749618533,-0.500196532091687,-0.31474085404047836,0.03125
seqFISH+ cortex/SVZ,nested_gated_logreg_learned_neighborhood,logreg_learned_random_graph,63,7,0.6436310486574082,0.4940323824788767,0.797944035219878,0.03125,-0.39291452749618533,-0.5039789676986591,-0.3042903712002689,0.03125
seqFISH+ cortex/SVZ,nested_gated_logreg_learned_neighborhood,logreg_only,63,7,0.0,0.0,0.0,1.0,0.0,0.0,0.0,1.0
seqFISH+ cortex/SVZ,nested_gated_logreg_learned_neighborhood,marker_only,63,7,0.625830421806906,0.26101844883193726,0.8847598733210306,0.03125,-0.3412060805597939,-0.5343461999172839,-0.2928475335792769,0.03125
seqFISH+ cortex/SVZ,nested_gated_logreg_learned_neighborhood,nested_gated_logreg_context_specific,63,7,0.0,0.0,0.0,1.0,0.0,0.0,0.0,1.0
seqFISH+ cortex/SVZ,nested_gated_logreg_learned_neighborhood,nested_gated_logreg_learned_permuted_prior,63,7,0.0,0.0,0.0,1.0,0.0,0.0,0.0,1.0
seqFISH+ cortex/SVZ,nested_gated_logreg_learned_neighborhood,nested_gated_logreg_learned_random_graph,63,7,0.0,0.0,0.0,1.0,0.0,0.0,0.0,1.0
seqFISH+ cortex/SVZ,nested_gated_logreg_learned_neighborhood,nested_logreg_context_specific,63,7,0.0,0.0,0.0,1.0,0.0,0.0,0.0,1.0
seqFISH+ cortex/SVZ,nested_gated_logreg_learned_neighborhood,nested_logreg_learned_neighborhood,63,7,0.0,0.0,0.0,1.0,0.0,0.0,0.0,1.0
seqFISH+ cortex/SVZ,nested_gated_logreg_learned_neighborhood,nested_logreg_learned_permuted_prior,63,7,0.0,0.0,0.0,1.0,0.0,0.0,0.0,1.0
seqFISH+ cortex/SVZ,nested_gated_logreg_learned_neighborhood,nested_logreg_learned_random_graph,63,7,0.0,0.0,0.0,1.0,0.0,0.0,0.0,1.0
seqFISH+ cortex/SVZ,nested_gated_logreg_learned_neighborhood,pca_knn,63,7,0.0,0.0,0.020409860094164456,0.25,0.0,-0.048084679884197505,0.0,0.5
seqFISH+ cortex/SVZ,nested_gated_logreg_learned_neighborhood,singler_native,63,7,0.0,-0.010245704900064712,0.0,0.5,0.0,0.0,0.05822919557085847,0.5
seqFISH+ cortex/SVZ,nested_gated_logreg_learned_neighborhood,spatial_smoothing,63,7,0.7373766206695209,0.3099512105188691,0.8750094239091046,0.03125,-0.32984633500279853,-0.5073859319828743,-0.2172917912597924,0.03125
seqFISH+ cortex/SVZ,nested_gated_logreg_learned_neighborhood,spatial_smoothing_random_graph,63,7,0.6834476784738146,0.5000635865685366,0.9358499700900416,0.03125,-0.3008033728697342,-0.5834260251667012,-0.26016342589350566,0.03125
seqFISH+ cortex/SVZ,nested_gated_logreg_learned_permuted_prior,context_specific,63,7,0.8823226469768387,0.8025702792798006,1.0268333825817484,0.03125,-0.5465346038859449,-0.570134965088901,-0.39976839259857117,0.03125
seqFISH+ cortex/SVZ,nested_gated_logreg_learned_permuted_prior,extra_trees,63,7,0.0,0.0,0.005613489110976089,1.0,0.0,-0.043249300267762844,0.0,0.75
seqFISH+ cortex/SVZ,nested_gated_logreg_learned_permuted_prior,gated_context_specific,63,7,0.7574446124356213,0.2673716957032767,0.9310831385777949,0.03125,-0.5000000000000001,-0.5560373095149851,-0.24612855571114906,0.03125
seqFISH+ cortex/SVZ,nested_gated_logreg_learned_permuted_prior,gated_learned_neighborhood,63,7,0.7692900011062983,0.26101844883193726,0.9103578542999201,0.03125,-0.41986860717728935,-0.6037593748197109,-0.26103225282114445,0.03125
seqFISH+ cortex/SVZ,nested_gated_logreg_learned_permuted_prior,gated_learned_permuted_prior,63,7,0.7331377388449571,0.3135346348097314,1.0,0.03125,-0.3497569251599829,-0.506602137623939,-0.24612855571114906,0.03125
seqFISH+ cortex/SVZ,nested_gated_logreg_learned_permuted_prior,gated_learned_random_graph,63,7,0.7655976757409073,0.37643753307362915,1.0252645576319956,0.03125,-0.5000000000000001,-0.603759374819711,-0.3180303358642106,0.03125
seqFISH+ cortex/SVZ,nested_gated_logreg_learned_permuted_prior,gated_logreg_context_specific,63,7,0.46312450780684045,0.4020745188968936,0.6822565485494407,0.03125,-0.28272543000239875,-0.4370927081530443,-0.21434947499576165,0.03125
seqFISH+ cortex/SVZ,nested_gated_logreg_learned_permuted_prior,gated_logreg_learned_neighborhood,63,7,0.4297296263170708,0.36310183320950373,0.6681681758020157,0.03125,-0.28272543000239875,-0.39291452749618533,-0.20281953111478324,0.046875
seqFISH+ cortex/SVZ,nested_gated_logreg_learned_permuted_prior,gated_logreg_learned_permuted_prior,63,7,0.40807875294777207,0.36310183320950373,0.6440657515928129,0.03125,-0.28272543000239875,-0.38178414056760057,-0.2562876695603987,0.03125
seqFISH+ cortex/SVZ,nested_gated_logreg_learned_permuted_prior,gated_logreg_learned_random_graph,63,7,0.3830473027608756,0.36310183320950373,0.5532910255185808,0.03125,-0.28272543000239875,-0.35816422214613597,-0.2562876695603987,0.03125
seqFISH+ cortex/SVZ,nested_gated_logreg_learned_permuted_prior,gated_spatial_smoothing,63,7,0.6175491447042927,0.3099512105188691,0.9359186090819975,0.03125,-0.4287705856438881,-0.5073859319828743,-0.23171017348547077,0.03125
seqFISH+ cortex/SVZ,nested_gated_logreg_learned_permuted_prior,gated_spatial_smoothing_random_graph,63,7,0.5947225697102824,0.31342529910369255,0.9358499700900416,0.03125,-0.33065890260435876,-0.5629072918469558,-0.2466138705954662,0.03125
seqFISH+ cortex/SVZ,nested_gated_logreg_learned_permuted_prior,learned_neighborhood,63,7,0.9387231284773876,0.7707711613622542,1.0273998312175596,0.015625,-0.5122748622685962,-0.6037593748197109,-0.37499999999999994,0.03125
seqFISH+ cortex/SVZ,nested_gated_logreg_learned_permuted_prior,learned_permuted_prior,63,7,0.8298555704843374,0.6470985616313627,0.9080021592403806,0.03125,-0.44582678001329756,-0.47235218307445054,-0.34714722641593876,0.03125
seqFISH+ cortex/SVZ,nested_gated_logreg_learned_permuted_prior,learned_random_graph,63,7,0.8601242787639526,0.5831447497430486,1.0445447617339119,0.03125,-0.5000000000000001,-0.5487949406953986,-0.4066192454990831,0.03125
seqFISH+ cortex/SVZ,nested_gated_logreg_learned_permuted_prior,linear_svm,63,7,0.003283394923886407,0.0,0.052577742657599236,0.0625,-0.011121768282234656,-0.05092578447216331,0.0,0.0625
seqFISH+ cortex/SVZ,nested_gated_logreg_learned_permuted_prior,logreg_context_specific,63,7,0.7519812719485358,0.4875843167874008,0.9105632820324674,0.03125,-0.4245389297606393,-0.45914791702724483,-0.3286956477802948,0.03125
seqFISH+ cortex/SVZ,nested_gated_logreg_learned_permuted_prior,logreg_learned_neighborhood,63,7,0.623898701610953,0.193407867601039,0.8499828542035215,0.03125,-0.35269530808870947,-0.5243974703476993,-0.16178891331080786,0.03125
seqFISH+ cortex/SVZ,nested_gated_logreg_learned_permuted_prior,logreg_learned_permuted_prior,63,7,0.7830184816986268,0.5011776157209713,0.8255984783578816,0.03125,-0.39291452749618533,-0.500196532091687,-0.31474085404047836,0.03125
seqFISH+ cortex/SVZ,nested_gated_logreg_learned_permuted_prior,logreg_learned_random_graph,63,7,0.6436310486574082,0.4940323824788767,0.797944035219878,0.03125,-0.39291452749618533,-0.5039789676986591,-0.3042903712002689,0.03125
seqFISH+ cortex/SVZ,nested_gated_logreg_learned_permuted_prior,logreg_only,63,7,0.0,0.0,0.0,1.0,0.0,0.0,0.0,1.0
seqFISH+ cortex/SVZ,nested_gated_logreg_learned_permuted_prior,marker_only,63,7,0.625830421806906,0.26101844883193726,0.8847598733210306,0.03125,-0.3412060805597939,-0.5343461999172839,-0.2928475335792769,0.03125
seqFISH+ cortex/SVZ,nested_gated_logreg_learned_permuted_prior,nested_gated_logreg_context_specific,63,7,0.0,0.0,0.0,1.0,0.0,0.0,0.0,1.0
seqFISH+ cortex/SVZ,nested_gated_logreg_learned_permuted_prior,nested_gated_logreg_learned_neighborhood,63,7,0.0,0.0,0.0,1.0,0.0,0.0,0.0,1.0
seqFISH+ cortex/SVZ,nested_gated_logreg_learned_permuted_prior,nested_gated_logreg_learned_random_graph,63,7,0.0,0.0,0.0,1.0,0.0,0.0,0.0,1.0
seqFISH+ cortex/SVZ,nested_gated_logreg_learned_permuted_prior,nested_logreg_context_specific,63,7,0.0,0.0,0.0,1.0,0.0,0.0,0.0,1.0
seqFISH+ cortex/SVZ,nested_gated_logreg_learned_permuted_prior,nested_logreg_learned_neighborhood,63,7,0.0,0.0,0.0,1.0,0.0,0.0,0.0,1.0
seqFISH+ cortex/SVZ,nested_gated_logreg_learned_permuted_prior,nested_logreg_learned_permuted_prior,63,7,0.0,0.0,0.0,1.0,0.0,0.0,0.0,1.0
seqFISH+ cortex/SVZ,nested_gated_logreg_learned_permuted_prior,nested_logreg_learned_random_graph,63,7,0.0,0.0,0.0,1.0,0.0,0.0,0.0,1.0
seqFISH+ cortex/SVZ,nested_gated_logreg_learned_permuted_prior,pca_knn,63,7,0.0,0.0,0.020409860094164456,0.25,0.0,-0.048084679884197505,0.0,0.5
seqFISH+ cortex/SVZ,nested_gated_logreg_learned_permuted_prior,singler_native,63,7,0.0,-0.010245704900064712,0.0,0.5,0.0,0.0,0.05822919557085847,0.5
seqFISH+ cortex/SVZ,nested_gated_logreg_learned_permuted_prior,spatial_smoothing,63,7,0.7373766206695209,0.3099512105188691,0.8750094239091046,0.03125,-0.32984633500279853,-0.5073859319828743,-0.2172917912597924,0.03125
seqFISH+ cortex/SVZ,nested_gated_logreg_learned_permuted_prior,spatial_smoothing_random_graph,63,7,0.6834476784738146,0.5000635865685366,0.9358499700900416,0.03125,-0.3008033728697342,-0.5834260251667012,-0.26016342589350566,0.03125
seqFISH+ cortex/SVZ,nested_gated_logreg_learned_random_graph,context_specific,63,7,0.8823226469768387,0.8025702792798006,1.0268333825817484,0.03125,-0.5465346038859449,-0.570134965088901,-0.39976839259857117,0.03125
seqFISH+ cortex/SVZ,nested_gated_logreg_learned_random_graph,extra_trees,63,7,0.0,0.0,0.005613489110976089,1.0,0.0,-0.043249300267762844,0.0,0.75
seqFISH+ cortex/SVZ,nested_gated_logreg_learned_random_graph,gated_context_specific,63,7,0.7574446124356213,0.2673716957032767,0.9310831385777949,0.03125,-0.5000000000000001,-0.5560373095149851,-0.24612855571114906,0.03125
seqFISH+ cortex/SVZ,nested_gated_logreg_learned_random_graph,gated_learned_neighborhood,63,7,0.7692900011062983,0.26101844883193726,0.9103578542999201,0.03125,-0.41986860717728935,-0.6037593748197109,-0.26103225282114445,0.03125
seqFISH+ cortex/SVZ,nested_gated_logreg_learned_random_graph,gated_learned_permuted_prior,63,7,0.7331377388449571,0.3135346348097314,1.0,0.03125,-0.3497569251599829,-0.506602137623939,-0.24612855571114906,0.03125
seqFISH+ cortex/SVZ,nested_gated_logreg_learned_random_graph,gated_learned_random_graph,63,7,0.7655976757409073,0.37643753307362915,1.0252645576319956,0.03125,-0.5000000000000001,-0.603759374819711,-0.3180303358642106,0.03125
seqFISH+ cortex/SVZ,nested_gated_logreg_learned_random_graph,gated_logreg_context_specific,63,7,0.46312450780684045,0.4020745188968936,0.6822565485494407,0.03125,-0.28272543000239875,-0.4370927081530443,-0.21434947499576165,0.03125
seqFISH+ cortex/SVZ,nested_gated_logreg_learned_random_graph,gated_logreg_learned_neighborhood,63,7,0.4297296263170708,0.36310183320950373,0.6681681758020157,0.03125,-0.28272543000239875,-0.39291452749618533,-0.20281953111478324,0.046875
seqFISH+ cortex/SVZ,nested_gated_logreg_learned_random_graph,gated_logreg_learned_permuted_prior,63,7,0.40807875294777207,0.36310183320950373,0.6440657515928129,0.03125,-0.28272543000239875,-0.38178414056760057,-0.2562876695603987,0.03125
seqFISH+ cortex/SVZ,nested_gated_logreg_learned_random_graph,gated_logreg_learned_random_graph,63,7,0.3830473027608756,0.36310183320950373,0.5532910255185808,0.03125,-0.28272543000239875,-0.35816422214613597,-0.2562876695603987,0.03125
seqFISH+ cortex/SVZ,nested_gated_logreg_learned_random_graph,gated_spatial_smoothing,63,7,0.6175491447042927,0.3099512105188691,0.9359186090819975,0.03125,-0.4287705856438881,-0.5073859319828743,-0.23171017348547077,0.03125
seqFISH+ cortex/SVZ,nested_gated_logreg_learned_random_graph,gated_spatial_smoothing_random_graph,63,7,0.5947225697102824,0.31342529910369255,0.9358499700900416,0.03125,-0.33065890260435876,-0.5629072918469558,-0.2466138705954662,0.03125
seqFISH+ cortex/SVZ,nested_gated_logreg_learned_random_graph,learned_neighborhood,63,7,0.9387231284773876,0.7707711613622542,1.0273998312175596,0.015625,-0.5122748622685962,-0.6037593748197109,-0.37499999999999994,0.03125
seqFISH+ cortex/SVZ,nested_gated_logreg_learned_random_graph,learned_permuted_prior,63,7,0.8298555704843374,0.6470985616313627,0.9080021592403806,0.03125,-0.44582678001329756,-0.47235218307445054,-0.34714722641593876,0.03125
seqFISH+ cortex/SVZ,nested_gated_logreg_learned_random_graph,learned_random_graph,63,7,0.8601242787639526,0.5831447497430486,1.0445447617339119,0.03125,-0.5000000000000001,-0.5487949406953986,-0.4066192454990831,0.03125
seqFISH+ cortex/SVZ,nested_gated_logreg_learned_random_graph,linear_svm,63,7,0.003283394923886407,0.0,0.052577742657599236,0.0625,-0.011121768282234656,-0.05092578447216331,0.0,0.0625
seqFISH+ cortex/SVZ,nested_gated_logreg_learned_random_graph,logreg_context_specific,63,7,0.7519812719485358,0.4875843167874008,0.9105632820324674,0.03125,-0.4245389297606393,-0.45914791702724483,-0.3286956477802948,0.03125
seqFISH+ cortex/SVZ,nested_gated_logreg_learned_random_graph,logreg_learned_neighborhood,63,7,0.623898701610953,0.193407867601039,0.8499828542035215,0.03125,-0.35269530808870947,-0.5243974703476993,-0.16178891331080786,0.03125
seqFISH+ cortex/SVZ,nested_gated_logreg_learned_random_graph,logreg_learned_permuted_prior,63,7,0.7830184816986268,0.5011776157209713,0.8255984783578816,0.03125,-0.39291452749618533,-0.500196532091687,-0.31474085404047836,0.03125
seqFISH+ cortex/SVZ,nested_gated_logreg_learned_random_graph,logreg_learned_random_graph,63,7,0.6436310486574082,0.4940323824788767,0.797944035219878,0.03125,-0.39291452749618533,-0.5039789676986591,-0.3042903712002689,0.03125
seqFISH+ cortex/SVZ,nested_gated_logreg_learned_random_graph,logreg_only,63,7,0.0,0.0,0.0,1.0,0.0,0.0,0.0,1.0
seqFISH+ cortex/SVZ,nested_gated_logreg_learned_random_graph,marker_only,63,7,0.625830421806906,0.26101844883193726,0.8847598733210306,0.03125,-0.3412060805597939,-0.5343461999172839,-0.2928475335792769,0.03125
seqFISH+ cortex/SVZ,nested_gated_logreg_learned_random_graph,nested_gated_logreg_context_specific,63,7,0.0,0.0,0.0,1.0,0.0,0.0,0.0,1.0
seqFISH+ cortex/SVZ,nested_gated_logreg_learned_random_graph,nested_gated_logreg_learned_neighborhood,63,7,0.0,0.0,0.0,1.0,0.0,0.0,0.0,1.0
seqFISH+ cortex/SVZ,nested_gated_logreg_learned_random_graph,nested_gated_logreg_learned_permuted_prior,63,7,0.0,0.0,0.0,1.0,0.0,0.0,0.0,1.0
seqFISH+ cortex/SVZ,nested_gated_logreg_learned_random_graph,nested_logreg_context_specific,63,7,0.0,0.0,0.0,1.0,0.0,0.0,0.0,1.0
seqFISH+ cortex/SVZ,nested_gated_logreg_learned_random_graph,nested_logreg_learned_neighborhood,63,7,0.0,0.0,0.0,1.0,0.0,0.0,0.0,1.0
seqFISH+ cortex/SVZ,nested_gated_logreg_learned_random_graph,nested_logreg_learned_permuted_prior,63,7,0.0,0.0,0.0,1.0,0.0,0.0,0.0,1.0
seqFISH+ cortex/SVZ,nested_gated_logreg_learned_random_graph,nested_logreg_learned_random_graph,63,7,0.0,0.0,0.0,1.0,0.0,0.0,0.0,1.0
seqFISH+ cortex/SVZ,nested_gated_logreg_learned_random_graph,pca_knn,63,7,0.0,0.0,0.020409860094164456,0.25,0.0,-0.048084679884197505,0.0,0.5
seqFISH+ cortex/SVZ,nested_gated_logreg_learned_random_graph,singler_native,63,7,0.0,-0.010245704900064712,0.0,0.5,0.0,0.0,0.05822919557085847,0.5
seqFISH+ cortex/SVZ,nested_gated_logreg_learned_random_graph,spatial_smoothing,63,7,0.7373766206695209,0.3099512105188691,0.8750094239091046,0.03125,-0.32984633500279853,-0.5073859319828743,-0.2172917912597924,0.03125
seqFISH+ cortex/SVZ,nested_gated_logreg_learned_random_graph,spatial_smoothing_random_graph,63,7,0.6834476784738146,0.5000635865685366,0.9358499700900416,0.03125,-0.3008033728697342,-0.5834260251667012,-0.26016342589350566,0.03125
seqFISH+ cortex/SVZ,nested_logreg_context_specific,context_specific,63,7,0.8823226469768387,0.8025702792798006,1.0268333825817484,0.03125,-0.5465346038859449,-0.570134965088901,-0.39976839259857117,0.03125
seqFISH+ cortex/SVZ,nested_logreg_context_specific,extra_trees,63,7,0.0,0.0,0.005613489110976089,1.0,0.0,-0.043249300267762844,0.0,0.75
seqFISH+ cortex/SVZ,nested_logreg_context_specific,gated_context_specific,63,7,0.7574446124356213,0.2673716957032767,0.9310831385777949,0.03125,-0.5000000000000001,-0.5560373095149851,-0.24612855571114906,0.03125
seqFISH+ cortex/SVZ,nested_logreg_context_specific,gated_learned_neighborhood,63,7,0.7692900011062983,0.26101844883193726,0.9103578542999201,0.03125,-0.41986860717728935,-0.6037593748197109,-0.26103225282114445,0.03125
seqFISH+ cortex/SVZ,nested_logreg_context_specific,gated_learned_permuted_prior,63,7,0.7331377388449571,0.3135346348097314,1.0,0.03125,-0.3497569251599829,-0.506602137623939,-0.24612855571114906,0.03125
seqFISH+ cortex/SVZ,nested_logreg_context_specific,gated_learned_random_graph,63,7,0.7655976757409073,0.37643753307362915,1.0252645576319956,0.03125,-0.5000000000000001,-0.603759374819711,-0.3180303358642106,0.03125
seqFISH+ cortex/SVZ,nested_logreg_context_specific,gated_logreg_context_specific,63,7,0.46312450780684045,0.4020745188968936,0.6822565485494407,0.03125,-0.28272543000239875,-0.4370927081530443,-0.21434947499576165,0.03125
seqFISH+ cortex/SVZ,nested_logreg_context_specific,gated_logreg_learned_neighborhood,63,7,0.4297296263170708,0.36310183320950373,0.6681681758020157,0.03125,-0.28272543000239875,-0.39291452749618533,-0.20281953111478324,0.046875
seqFISH+ cortex/SVZ,nested_logreg_context_specific,gated_logreg_learned_permuted_prior,63,7,0.40807875294777207,0.36310183320950373,0.6440657515928129,0.03125,-0.28272543000239875,-0.38178414056760057,-0.2562876695603987,0.03125
seqFISH+ cortex/SVZ,nested_logreg_context_specific,gated_logreg_learned_random_graph,63,7,0.3830473027608756,0.36310183320950373,0.5532910255185808,0.03125,-0.28272543000239875,-0.35816422214613597,-0.2562876695603987,0.03125
seqFISH+ cortex/SVZ,nested_logreg_context_specific,gated_spatial_smoothing,63,7,0.6175491447042927,0.3099512105188691,0.9359186090819975,0.03125,-0.4287705856438881,-0.5073859319828743,-0.23171017348547077,0.03125
seqFISH+ cortex/SVZ,nested_logreg_context_specific,gated_spatial_smoothing_random_graph,63,7,0.5947225697102824,0.31342529910369255,0.9358499700900416,0.03125,-0.33065890260435876,-0.5629072918469558,-0.2466138705954662,0.03125
seqFISH+ cortex/SVZ,nested_logreg_context_specific,learned_neighborhood,63,7,0.9387231284773876,0.7707711613622542,1.0273998312175596,0.015625,-0.5122748622685962,-0.6037593748197109,-0.37499999999999994,0.03125
seqFISH+ cortex/SVZ,nested_logreg_context_specific,learned_permuted_prior,63,7,0.8298555704843374,0.6470985616313627,0.9080021592403806,0.03125,-0.44582678001329756,-0.47235218307445054,-0.34714722641593876,0.03125
seqFISH+ cortex/SVZ,nested_logreg_context_specific,learned_random_graph,63,7,0.8601242787639526,0.5831447497430486,1.0445447617339119,0.03125,-0.5000000000000001,-0.5487949406953986,-0.4066192454990831,0.03125
seqFISH+ cortex/SVZ,nested_logreg_context_specific,linear_svm,63,7,0.003283394923886407,0.0,0.052577742657599236,0.0625,-0.011121768282234656,-0.05092578447216331,0.0,0.0625
seqFISH+ cortex/SVZ,nested_logreg_context_specific,logreg_context_specific,63,7,0.7519812719485358,0.4875843167874008,0.9105632820324674,0.03125,-0.4245389297606393,-0.45914791702724483,-0.3286956477802948,0.03125
seqFISH+ cortex/SVZ,nested_logreg_context_specific,logreg_learned_neighborhood,63,7,0.623898701610953,0.193407867601039,0.8499828542035215,0.03125,-0.35269530808870947,-0.5243974703476993,-0.16178891331080786,0.03125
seqFISH+ cortex/SVZ,nested_logreg_context_specific,logreg_learned_permuted_prior,63,7,0.7830184816986268,0.5011776157209713,0.8255984783578816,0.03125,-0.39291452749618533,-0.500196532091687,-0.31474085404047836,0.03125
seqFISH+ cortex/SVZ,nested_logreg_context_specific,logreg_learned_random_graph,63,7,0.6436310486574082,0.4940323824788767,0.797944035219878,0.03125,-0.39291452749618533,-0.5039789676986591,-0.3042903712002689,0.03125
seqFISH+ cortex/SVZ,nested_logreg_context_specific,logreg_only,63,7,0.0,0.0,0.0,1.0,0.0,0.0,0.0,1.0
seqFISH+ cortex/SVZ,nested_logreg_context_specific,marker_only,63,7,0.625830421806906,0.26101844883193726,0.8847598733210306,0.03125,-0.3412060805597939,-0.5343461999172839,-0.2928475335792769,0.03125
seqFISH+ cortex/SVZ,nested_logreg_context_specific,nested_gated_logreg_context_specific,63,7,0.0,0.0,0.0,1.0,0.0,0.0,0.0,1.0
seqFISH+ cortex/SVZ,nested_logreg_context_specific,nested_gated_logreg_learned_neighborhood,63,7,0.0,0.0,0.0,1.0,0.0,0.0,0.0,1.0
seqFISH+ cortex/SVZ,nested_logreg_context_specific,nested_gated_logreg_learned_permuted_prior,63,7,0.0,0.0,0.0,1.0,0.0,0.0,0.0,1.0
seqFISH+ cortex/SVZ,nested_logreg_context_specific,nested_gated_logreg_learned_random_graph,63,7,0.0,0.0,0.0,1.0,0.0,0.0,0.0,1.0
seqFISH+ cortex/SVZ,nested_logreg_context_specific,nested_logreg_learned_neighborhood,63,7,0.0,0.0,0.0,1.0,0.0,0.0,0.0,1.0
seqFISH+ cortex/SVZ,nested_logreg_context_specific,nested_logreg_learned_permuted_prior,63,7,0.0,0.0,0.0,1.0,0.0,0.0,0.0,1.0
seqFISH+ cortex/SVZ,nested_logreg_context_specific,nested_logreg_learned_random_graph,63,7,0.0,0.0,0.0,1.0,0.0,0.0,0.0,1.0
seqFISH+ cortex/SVZ,nested_logreg_context_specific,pca_knn,63,7,0.0,0.0,0.020409860094164456,0.25,0.0,-0.048084679884197505,0.0,0.5
seqFISH+ cortex/SVZ,nested_logreg_context_specific,singler_native,63,7,0.0,-0.010245704900064712,0.0,0.5,0.0,0.0,0.05822919557085847,0.5
seqFISH+ cortex/SVZ,nested_logreg_context_specific,spatial_smoothing,63,7,0.7373766206695209,0.3099512105188691,0.8750094239091046,0.03125,-0.32984633500279853,-0.5073859319828743,-0.2172917912597924,0.03125
seqFISH+ cortex/SVZ,nested_logreg_context_specific,spatial_smoothing_random_graph,63,7,0.6834476784738146,0.5000635865685366,0.9358499700900416,0.03125,-0.3008033728697342,-0.5834260251667012,-0.26016342589350566,0.03125
seqFISH+ cortex/SVZ,nested_logreg_learned_neighborhood,context_specific,63,7,0.8823226469768387,0.8025702792798006,1.0268333825817484,0.03125,-0.5465346038859449,-0.570134965088901,-0.39976839259857117,0.03125
seqFISH+ cortex/SVZ,nested_logreg_learned_neighborhood,extra_trees,63,7,0.0,0.0,0.005613489110976089,1.0,0.0,-0.043249300267762844,0.0,0.75
seqFISH+ cortex/SVZ,nested_logreg_learned_neighborhood,gated_context_specific,63,7,0.7574446124356213,0.2673716957032767,0.9310831385777949,0.03125,-0.5000000000000001,-0.5560373095149851,-0.24612855571114906,0.03125
seqFISH+ cortex/SVZ,nested_logreg_learned_neighborhood,gated_learned_neighborhood,63,7,0.7692900011062983,0.26101844883193726,0.9103578542999201,0.03125,-0.41986860717728935,-0.6037593748197109,-0.26103225282114445,0.03125
seqFISH+ cortex/SVZ,nested_logreg_learned_neighborhood,gated_learned_permuted_prior,63,7,0.7331377388449571,0.3135346348097314,1.0,0.03125,-0.3497569251599829,-0.506602137623939,-0.24612855571114906,0.03125
seqFISH+ cortex/SVZ,nested_logreg_learned_neighborhood,gated_learned_random_graph,63,7,0.7655976757409073,0.37643753307362915,1.0252645576319956,0.03125,-0.5000000000000001,-0.603759374819711,-0.3180303358642106,0.03125
seqFISH+ cortex/SVZ,nested_logreg_learned_neighborhood,gated_logreg_context_specific,63,7,0.46312450780684045,0.4020745188968936,0.6822565485494407,0.03125,-0.28272543000239875,-0.4370927081530443,-0.21434947499576165,0.03125
seqFISH+ cortex/SVZ,nested_logreg_learned_neighborhood,gated_logreg_learned_neighborhood,63,7,0.4297296263170708,0.36310183320950373,0.6681681758020157,0.03125,-0.28272543000239875,-0.39291452749618533,-0.20281953111478324,0.046875
seqFISH+ cortex/SVZ,nested_logreg_learned_neighborhood,gated_logreg_learned_permuted_prior,63,7,0.40807875294777207,0.36310183320950373,0.6440657515928129,0.03125,-0.28272543000239875,-0.38178414056760057,-0.2562876695603987,0.03125
seqFISH+ cortex/SVZ,nested_logreg_learned_neighborhood,gated_logreg_learned_random_graph,63,7,0.3830473027608756,0.36310183320950373,0.5532910255185808,0.03125,-0.28272543000239875,-0.35816422214613597,-0.2562876695603987,0.03125
seqFISH+ cortex/SVZ,nested_logreg_learned_neighborhood,gated_spatial_smoothing,63,7,0.6175491447042927,0.3099512105188691,0.9359186090819975,0.03125,-0.4287705856438881,-0.5073859319828743,-0.23171017348547077,0.03125
seqFISH+ cortex/SVZ,nested_logreg_learned_neighborhood,gated_spatial_smoothing_random_graph,63,7,0.5947225697102824,0.31342529910369255,0.9358499700900416,0.03125,-0.33065890260435876,-0.5629072918469558,-0.2466138705954662,0.03125
seqFISH+ cortex/SVZ,nested_logreg_learned_neighborhood,learned_neighborhood,63,7,0.9387231284773876,0.7707711613622542,1.0273998312175596,0.015625,-0.5122748622685962,-0.6037593748197109,-0.37499999999999994,0.03125
seqFISH+ cortex/SVZ,nested_logreg_learned_neighborhood,learned_permuted_prior,63,7,0.8298555704843374,0.6470985616313627,0.9080021592403806,0.03125,-0.44582678001329756,-0.47235218307445054,-0.34714722641593876,0.03125
seqFISH+ cortex/SVZ,nested_logreg_learned_neighborhood,learned_random_graph,63,7,0.8601242787639526,0.5831447497430486,1.0445447617339119,0.03125,-0.5000000000000001,-0.5487949406953986,-0.4066192454990831,0.03125
seqFISH+ cortex/SVZ,nested_logreg_learned_neighborhood,linear_svm,63,7,0.003283394923886407,0.0,0.052577742657599236,0.0625,-0.011121768282234656,-0.05092578447216331,0.0,0.0625
seqFISH+ cortex/SVZ,nested_logreg_learned_neighborhood,logreg_context_specific,63,7,0.7519812719485358,0.4875843167874008,0.9105632820324674,0.03125,-0.4245389297606393,-0.45914791702724483,-0.3286956477802948,0.03125
seqFISH+ cortex/SVZ,nested_logreg_learned_neighborhood,logreg_learned_neighborhood,63,7,0.623898701610953,0.193407867601039,0.8499828542035215,0.03125,-0.35269530808870947,-0.5243974703476993,-0.16178891331080786,0.03125
seqFISH+ cortex/SVZ,nested_logreg_learned_neighborhood,logreg_learned_permuted_prior,63,7,0.7830184816986268,0.5011776157209713,0.8255984783578816,0.03125,-0.39291452749618533,-0.500196532091687,-0.31474085404047836,0.03125
seqFISH+ cortex/SVZ,nested_logreg_learned_neighborhood,logreg_learned_random_graph,63,7,0.6436310486574082,0.4940323824788767,0.797944035219878,0.03125,-0.39291452749618533,-0.5039789676986591,-0.3042903712002689,0.03125
seqFISH+ cortex/SVZ,nested_logreg_learned_neighborhood,logreg_only,63,7,0.0,0.0,0.0,1.0,0.0,0.0,0.0,1.0
seqFISH+ cortex/SVZ,nested_logreg_learned_neighborhood,marker_only,63,7,0.625830421806906,0.26101844883193726,0.8847598733210306,0.03125,-0.3412060805597939,-0.5343461999172839,-0.2928475335792769,0.03125
seqFISH+ cortex/SVZ,nested_logreg_learned_neighborhood,nested_gated_logreg_context_specific,63,7,0.0,0.0,0.0,1.0,0.0,0.0,0.0,1.0
seqFISH+ cortex/SVZ,nested_logreg_learned_neighborhood,nested_gated_logreg_learned_neighborhood,63,7,0.0,0.0,0.0,1.0,0.0,0.0,0.0,1.0
seqFISH+ cortex/SVZ,nested_logreg_learned_neighborhood,nested_gated_logreg_learned_permuted_prior,63,7,0.0,0.0,0.0,1.0,0.0,0.0,0.0,1.0
seqFISH+ cortex/SVZ,nested_logreg_learned_neighborhood,nested_gated_logreg_learned_random_graph,63,7,0.0,0.0,0.0,1.0,0.0,0.0,0.0,1.0
seqFISH+ cortex/SVZ,nested_logreg_learned_neighborhood,nested_logreg_context_specific,63,7,0.0,0.0,0.0,1.0,0.0,0.0,0.0,1.0
seqFISH+ cortex/SVZ,nested_logreg_learned_neighborhood,nested_logreg_learned_permuted_prior,63,7,0.0,0.0,0.0,1.0,0.0,0.0,0.0,1.0
seqFISH+ cortex/SVZ,nested_logreg_learned_neighborhood,nested_logreg_learned_random_graph,63,7,0.0,0.0,0.0,1.0,0.0,0.0,0.0,1.0
seqFISH+ cortex/SVZ,nested_logreg_learned_neighborhood,pca_knn,63,7,0.0,0.0,0.020409860094164456,0.25,0.0,-0.048084679884197505,0.0,0.5
seqFISH+ cortex/SVZ,nested_logreg_learned_neighborhood,singler_native,63,7,0.0,-0.010245704900064712,0.0,0.5,0.0,0.0,0.05822919557085847,0.5
seqFISH+ cortex/SVZ,nested_logreg_learned_neighborhood,spatial_smoothing,63,7,0.7373766206695209,0.3099512105188691,0.8750094239091046,0.03125,-0.32984633500279853,-0.5073859319828743,-0.2172917912597924,0.03125
seqFISH+ cortex/SVZ,nested_logreg_learned_neighborhood,spatial_smoothing_random_graph,63,7,0.6834476784738146,0.5000635865685366,0.9358499700900416,0.03125,-0.3008033728697342,-0.5834260251667012,-0.26016342589350566,0.03125
seqFISH+ cortex/SVZ,nested_logreg_learned_permuted_prior,context_specific,63,7,0.8823226469768387,0.8025702792798006,1.0268333825817484,0.03125,-0.5465346038859449,-0.570134965088901,-0.39976839259857117,0.03125
seqFISH+ cortex/SVZ,nested_logreg_learned_permuted_prior,extra_trees,63,7,0.0,0.0,0.005613489110976089,1.0,0.0,-0.043249300267762844,0.0,0.75
seqFISH+ cortex/SVZ,nested_logreg_learned_permuted_prior,gated_context_specific,63,7,0.7574446124356213,0.2673716957032767,0.9310831385777949,0.03125,-0.5000000000000001,-0.5560373095149851,-0.24612855571114906,0.03125
seqFISH+ cortex/SVZ,nested_logreg_learned_permuted_prior,gated_learned_neighborhood,63,7,0.7692900011062983,0.26101844883193726,0.9103578542999201,0.03125,-0.41986860717728935,-0.6037593748197109,-0.26103225282114445,0.03125
seqFISH+ cortex/SVZ,nested_logreg_learned_permuted_prior,gated_learned_permuted_prior,63,7,0.7331377388449571,0.3135346348097314,1.0,0.03125,-0.3497569251599829,-0.506602137623939,-0.24612855571114906,0.03125
seqFISH+ cortex/SVZ,nested_logreg_learned_permuted_prior,gated_learned_random_graph,63,7,0.7655976757409073,0.37643753307362915,1.0252645576319956,0.03125,-0.5000000000000001,-0.603759374819711,-0.3180303358642106,0.03125
seqFISH+ cortex/SVZ,nested_logreg_learned_permuted_prior,gated_logreg_context_specific,63,7,0.46312450780684045,0.4020745188968936,0.6822565485494407,0.03125,-0.28272543000239875,-0.4370927081530443,-0.21434947499576165,0.03125
seqFISH+ cortex/SVZ,nested_logreg_learned_permuted_prior,gated_logreg_learned_neighborhood,63,7,0.4297296263170708,0.36310183320950373,0.6681681758020157,0.03125,-0.28272543000239875,-0.39291452749618533,-0.20281953111478324,0.046875
seqFISH+ cortex/SVZ,nested_logreg_learned_permuted_prior,gated_logreg_learned_permuted_prior,63,7,0.40807875294777207,0.36310183320950373,0.6440657515928129,0.03125,-0.28272543000239875,-0.38178414056760057,-0.2562876695603987,0.03125
seqFISH+ cortex/SVZ,nested_logreg_learned_permuted_prior,gated_logreg_learned_random_graph,63,7,0.3830473027608756,0.36310183320950373,0.5532910255185808,0.03125,-0.28272543000239875,-0.35816422214613597,-0.2562876695603987,0.03125
seqFISH+ cortex/SVZ,nested_logreg_learned_permuted_prior,gated_spatial_smoothing,63,7,0.6175491447042927,0.3099512105188691,0.9359186090819975,0.03125,-0.4287705856438881,-0.5073859319828743,-0.23171017348547077,0.03125
seqFISH+ cortex/SVZ,nested_logreg_learned_permuted_prior,gated_spatial_smoothing_random_graph,63,7,0.5947225697102824,0.31342529910369255,0.9358499700900416,0.03125,-0.33065890260435876,-0.5629072918469558,-0.2466138705954662,0.03125
seqFISH+ cortex/SVZ,nested_logreg_learned_permuted_prior,learned_neighborhood,63,7,0.9387231284773876,0.7707711613622542,1.0273998312175596,0.015625,-0.5122748622685962,-0.6037593748197109,-0.37499999999999994,0.03125
seqFISH+ cortex/SVZ,nested_logreg_learned_permuted_prior,learned_permuted_prior,63,7,0.8298555704843374,0.6470985616313627,0.9080021592403806,0.03125,-0.44582678001329756,-0.47235218307445054,-0.34714722641593876,0.03125
seqFISH+ cortex/SVZ,nested_logreg_learned_permuted_prior,learned_random_graph,63,7,0.8601242787639526,0.5831447497430486,1.0445447617339119,0.03125,-0.5000000000000001,-0.5487949406953986,-0.4066192454990831,0.03125
seqFISH+ cortex/SVZ,nested_logreg_learned_permuted_prior,linear_svm,63,7,0.003283394923886407,0.0,0.052577742657599236,0.0625,-0.011121768282234656,-0.05092578447216331,0.0,0.0625
seqFISH+ cortex/SVZ,nested_logreg_learned_permuted_prior,logreg_context_specific,63,7,0.7519812719485358,0.4875843167874008,0.9105632820324674,0.03125,-0.4245389297606393,-0.45914791702724483,-0.3286956477802948,0.03125
seqFISH+ cortex/SVZ,nested_logreg_learned_permuted_prior,logreg_learned_neighborhood,63,7,0.623898701610953,0.193407867601039,0.8499828542035215,0.03125,-0.35269530808870947,-0.5243974703476993,-0.16178891331080786,0.03125
seqFISH+ cortex/SVZ,nested_logreg_learned_permuted_prior,logreg_learned_permuted_prior,63,7,0.7830184816986268,0.5011776157209713,0.8255984783578816,0.03125,-0.39291452749618533,-0.500196532091687,-0.31474085404047836,0.03125
seqFISH+ cortex/SVZ,nested_logreg_learned_permuted_prior,logreg_learned_random_graph,63,7,0.6436310486574082,0.4940323824788767,0.797944035219878,0.03125,-0.39291452749618533,-0.5039789676986591,-0.3042903712002689,0.03125
seqFISH+ cortex/SVZ,nested_logreg_learned_permuted_prior,logreg_only,63,7,0.0,0.0,0.0,1.0,0.0,0.0,0.0,1.0
seqFISH+ cortex/SVZ,nested_logreg_learned_permuted_prior,marker_only,63,7,0.625830421806906,0.26101844883193726,0.8847598733210306,0.03125,-0.3412060805597939,-0.5343461999172839,-0.2928475335792769,0.03125
seqFISH+ cortex/SVZ,nested_logreg_learned_permuted_prior,nested_gated_logreg_context_specific,63,7,0.0,0.0,0.0,1.0,0.0,0.0,0.0,1.0
seqFISH+ cortex/SVZ,nested_logreg_learned_permuted_prior,nested_gated_logreg_learned_neighborhood,63,7,0.0,0.0,0.0,1.0,0.0,0.0,0.0,1.0
seqFISH+ cortex/SVZ,nested_logreg_learned_permuted_prior,nested_gated_logreg_learned_permuted_prior,63,7,0.0,0.0,0.0,1.0,0.0,0.0,0.0,1.0
seqFISH+ cortex/SVZ,nested_logreg_learned_permuted_prior,nested_gated_logreg_learned_random_graph,63,7,0.0,0.0,0.0,1.0,0.0,0.0,0.0,1.0
seqFISH+ cortex/SVZ,nested_logreg_learned_permuted_prior,nested_logreg_context_specific,63,7,0.0,0.0,0.0,1.0,0.0,0.0,0.0,1.0
seqFISH+ cortex/SVZ,nested_logreg_learned_permuted_prior,nested_logreg_learned_neighborhood,63,7,0.0,0.0,0.0,1.0,0.0,0.0,0.0,1.0
seqFISH+ cortex/SVZ,nested_logreg_learned_permuted_prior,nested_logreg_learned_random_graph,63,7,0.0,0.0,0.0,1.0,0.0,0.0,0.0,1.0
seqFISH+ cortex/SVZ,nested_logreg_learned_permuted_prior,pca_knn,63,7,0.0,0.0,0.020409860094164456,0.25,0.0,-0.048084679884197505,0.0,0.5
seqFISH+ cortex/SVZ,nested_logreg_learned_permuted_prior,singler_native,63,7,0.0,-0.010245704900064712,0.0,0.5,0.0,0.0,0.05822919557085847,0.5
seqFISH+ cortex/SVZ,nested_logreg_learned_permuted_prior,spatial_smoothing,63,7,0.7373766206695209,0.3099512105188691,0.8750094239091046,0.03125,-0.32984633500279853,-0.5073859319828743,-0.2172917912597924,0.03125
seqFISH+ cortex/SVZ,nested_logreg_learned_permuted_prior,spatial_smoothing_random_graph,63,7,0.6834476784738146,0.5000635865685366,0.9358499700900416,0.03125,-0.3008033728697342,-0.5834260251667012,-0.26016342589350566,0.03125
seqFISH+ cortex/SVZ,nested_logreg_learned_random_graph,context_specific,63,7,0.8823226469768387,0.8025702792798006,1.0268333825817484,0.03125,-0.5465346038859449,-0.570134965088901,-0.39976839259857117,0.03125
seqFISH+ cortex/SVZ,nested_logreg_learned_random_graph,extra_trees,63,7,0.0,0.0,0.005613489110976089,1.0,0.0,-0.043249300267762844,0.0,0.75
seqFISH+ cortex/SVZ,nested_logreg_learned_random_graph,gated_context_specific,63,7,0.7574446124356213,0.2673716957032767,0.9310831385777949,0.03125,-0.5000000000000001,-0.5560373095149851,-0.24612855571114906,0.03125
seqFISH+ cortex/SVZ,nested_logreg_learned_random_graph,gated_learned_neighborhood,63,7,0.7692900011062983,0.26101844883193726,0.9103578542999201,0.03125,-0.41986860717728935,-0.6037593748197109,-0.26103225282114445,0.03125
seqFISH+ cortex/SVZ,nested_logreg_learned_random_graph,gated_learned_permuted_prior,63,7,0.7331377388449571,0.3135346348097314,1.0,0.03125,-0.3497569251599829,-0.506602137623939,-0.24612855571114906,0.03125
seqFISH+ cortex/SVZ,nested_logreg_learned_random_graph,gated_learned_random_graph,63,7,0.7655976757409073,0.37643753307362915,1.0252645576319956,0.03125,-0.5000000000000001,-0.603759374819711,-0.3180303358642106,0.03125
seqFISH+ cortex/SVZ,nested_logreg_learned_random_graph,gated_logreg_context_specific,63,7,0.46312450780684045,0.4020745188968936,0.6822565485494407,0.03125,-0.28272543000239875,-0.4370927081530443,-0.21434947499576165,0.03125
seqFISH+ cortex/SVZ,nested_logreg_learned_random_graph,gated_logreg_learned_neighborhood,63,7,0.4297296263170708,0.36310183320950373,0.6681681758020157,0.03125,-0.28272543000239875,-0.39291452749618533,-0.20281953111478324,0.046875
seqFISH+ cortex/SVZ,nested_logreg_learned_random_graph,gated_logreg_learned_permuted_prior,63,7,0.40807875294777207,0.36310183320950373,0.6440657515928129,0.03125,-0.28272543000239875,-0.38178414056760057,-0.2562876695603987,0.03125
seqFISH+ cortex/SVZ,nested_logreg_learned_random_graph,gated_logreg_learned_random_graph,63,7,0.3830473027608756,0.36310183320950373,0.5532910255185808,0.03125,-0.28272543000239875,-0.35816422214613597,-0.2562876695603987,0.03125
seqFISH+ cortex/SVZ,nested_logreg_learned_random_graph,gated_spatial_smoothing,63,7,0.6175491447042927,0.3099512105188691,0.9359186090819975,0.03125,-0.4287705856438881,-0.5073859319828743,-0.23171017348547077,0.03125
seqFISH+ cortex/SVZ,nested_logreg_learned_random_graph,gated_spatial_smoothing_random_graph,63,7,0.5947225697102824,0.31342529910369255,0.9358499700900416,0.03125,-0.33065890260435876,-0.5629072918469558,-0.2466138705954662,0.03125
seqFISH+ cortex/SVZ,nested_logreg_learned_random_graph,learned_neighborhood,63,7,0.9387231284773876,0.7707711613622542,1.0273998312175596,0.015625,-0.5122748622685962,-0.6037593748197109,-0.37499999999999994,0.03125
seqFISH+ cortex/SVZ,nested_logreg_learned_random_graph,learned_permuted_prior,63,7,0.8298555704843374,0.6470985616313627,0.9080021592403806,0.03125,-0.44582678001329756,-0.47235218307445054,-0.34714722641593876,0.03125
seqFISH+ cortex/SVZ,nested_logreg_learned_random_graph,learned_random_graph,63,7,0.8601242787639526,0.5831447497430486,1.0445447617339119,0.03125,-0.5000000000000001,-0.5487949406953986,-0.4066192454990831,0.03125
seqFISH+ cortex/SVZ,nested_logreg_learned_random_graph,linear_svm,63,7,0.003283394923886407,0.0,0.052577742657599236,0.0625,-0.011121768282234656,-0.05092578447216331,0.0,0.0625
seqFISH+ cortex/SVZ,nested_logreg_learned_random_graph,logreg_context_specific,63,7,0.7519812719485358,0.4875843167874008,0.9105632820324674,0.03125,-0.4245389297606393,-0.45914791702724483,-0.3286956477802948,0.03125
seqFISH+ cortex/SVZ,nested_logreg_learned_random_graph,logreg_learned_neighborhood,63,7,0.623898701610953,0.193407867601039,0.8499828542035215,0.03125,-0.35269530808870947,-0.5243974703476993,-0.16178891331080786,0.03125
seqFISH+ cortex/SVZ,nested_logreg_learned_random_graph,logreg_learned_permuted_prior,63,7,0.7830184816986268,0.5011776157209713,0.8255984783578816,0.03125,-0.39291452749618533,-0.500196532091687,-0.31474085404047836,0.03125
seqFISH+ cortex/SVZ,nested_logreg_learned_random_graph,logreg_learned_random_graph,63,7,0.6436310486574082,0.4940323824788767,0.797944035219878,0.03125,-0.39291452749618533,-0.5039789676986591,-0.3042903712002689,0.03125
seqFISH+ cortex/SVZ,nested_logreg_learned_random_graph,logreg_only,63,7,0.0,0.0,0.0,1.0,0.0,0.0,0.0,1.0
seqFISH+ cortex/SVZ,nested_logreg_learned_random_graph,marker_only,63,7,0.625830421806906,0.26101844883193726,0.8847598733210306,0.03125,-0.3412060805597939,-0.5343461999172839,-0.2928475335792769,0.03125
seqFISH+ cortex/SVZ,nested_logreg_learned_random_graph,nested_gated_logreg_context_specific,63,7,0.0,0.0,0.0,1.0,0.0,0.0,0.0,1.0
seqFISH+ cortex/SVZ,nested_logreg_learned_random_graph,nested_gated_logreg_learned_neighborhood,63,7,0.0,0.0,0.0,1.0,0.0,0.0,0.0,1.0
seqFISH+ cortex/SVZ,nested_logreg_learned_random_graph,nested_gated_logreg_learned_permuted_prior,63,7,0.0,0.0,0.0,1.0,0.0,0.0,0.0,1.0
seqFISH+ cortex/SVZ,nested_logreg_learned_random_graph,nested_gated_logreg_learned_random_graph,63,7,0.0,0.0,0.0,1.0,0.0,0.0,0.0,1.0
seqFISH+ cortex/SVZ,nested_logreg_learned_random_graph,nested_logreg_context_specific,63,7,0.0,0.0,0.0,1.0,0.0,0.0,0.0,1.0
seqFISH+ cortex/SVZ,nested_logreg_learned_random_graph,nested_logreg_learned_neighborhood,63,7,0.0,0.0,0.0,1.0,0.0,0.0,0.0,1.0
seqFISH+ cortex/SVZ,nested_logreg_learned_random_graph,nested_logreg_learned_permuted_prior,63,7,0.0,0.0,0.0,1.0,0.0,0.0,0.0,1.0
seqFISH+ cortex/SVZ,nested_logreg_learned_random_graph,pca_knn,63,7,0.0,0.0,0.020409860094164456,0.25,0.0,-0.048084679884197505,0.0,0.5
seqFISH+ cortex/SVZ,nested_logreg_learned_random_graph,singler_native,63,7,0.0,-0.010245704900064712,0.0,0.5,0.0,0.0,0.05822919557085847,0.5
seqFISH+ cortex/SVZ,nested_logreg_learned_random_graph,spatial_smoothing,63,7,0.7373766206695209,0.3099512105188691,0.8750094239091046,0.03125,-0.32984633500279853,-0.5073859319828743,-0.2172917912597924,0.03125
seqFISH+ cortex/SVZ,nested_logreg_learned_random_graph,spatial_smoothing_random_graph,63,7,0.6834476784738146,0.5000635865685366,0.9358499700900416,0.03125,-0.3008033728697342,-0.5834260251667012,-0.26016342589350566,0.03125
seqFISH+ cortex/SVZ,pca_knn,context_specific,63,7,0.8741155201965642,0.8240672214963517,1.0047979430829144,0.03125,-0.5103747876947613,-0.5487949406953986,-0.4444444444444445,0.03125
seqFISH+ cortex/SVZ,pca_knn,extra_trees,63,7,0.0,0.0,0.0,1.0,0.0,0.0,0.0,1.0
seqFISH+ cortex/SVZ,pca_knn,gated_context_specific,63,7,0.7574446124356213,0.42318084493132135,0.9686404152094263,0.03125,-0.44999252611721524,-0.5497143319588584,-0.23172658759386475,0.03125
seqFISH+ cortex/SVZ,pca_knn,gated_learned_neighborhood,63,7,0.7574446124356213,0.42318084493132135,0.9103578542999201,0.03125,-0.44999252611721524,-0.5501717141892337,-0.3333333333333332,0.03125
seqFISH+ cortex/SVZ,pca_knn,gated_learned_permuted_prior,63,7,0.6773385569751951,0.44235332745067824,1.0,0.03125,-0.3333333333333332,-0.5292882904724807,-0.31127812445913294,0.03125
seqFISH+ cortex/SVZ,pca_knn,gated_learned_random_graph,63,7,0.7655976757409073,0.42318084493132135,0.9768036130229418,0.03125,-0.44999252611721524,-0.5497143319588584,-0.3333333333333332,0.03125
seqFISH+ cortex/SVZ,pca_knn,gated_logreg_context_specific,63,7,0.4669838150609486,0.4020745188968936,0.5753961121957767,0.03125,-0.2924871481633516,-0.38314427512443094,-0.2835223915422356,0.15625
seqFISH+ cortex/SVZ,pca_knn,gated_logreg_learned_neighborhood,63,7,0.46312450780684056,0.36409623018899606,0.5944354938586432,0.03125,-0.34482984761198787,-0.34946345330572165,-0.20281953111478324,0.078125
seqFISH+ cortex/SVZ,pca_knn,gated_logreg_learned_permuted_prior,63,7,0.459913074162671,0.36409623018899595,0.5972887292057075,0.03125,-0.2845644134123565,-0.3486131800883036,-0.2799739454578811,0.109375
seqFISH+ cortex/SVZ,pca_knn,gated_logreg_learned_random_graph,63,7,0.3830473027608756,0.36409623018899595,0.5333333333333332,0.03125,-0.28765814513602866,-0.3333333333333333,-0.2604559691797218,0.109375
seqFISH+ cortex/SVZ,pca_knn,gated_spatial_smoothing,63,7,0.7088609175438089,0.4387699031598159,0.9398615099565172,0.03125,-0.4287705856438881,-0.5073859319828743,-0.24479844203148315,0.03125
seqFISH+ cortex/SVZ,pca_knn,gated_spatial_smoothing_random_graph,63,7,0.6895761256317108,0.44224399174463935,0.9686404152094263,0.03125,-0.3333333333333332,-0.5497143319588584,-0.26654140665565046,0.03125
seqFISH+ cortex/SVZ,pca_knn,learned_neighborhood,63,7,0.9379318637162583,0.7707711613622542,0.9777777777777777,0.03125,-0.5112153015051908,-0.5555555555555556,-0.3779912453040171,0.03125
seqFISH+ cortex/SVZ,pca_knn,learned_permuted_prior,63,7,0.8285315113147812,0.6645453453500543,1.0368208518813276,0.03125,-0.4280025357367034,-0.5487949406953986,-0.38314427512443106,0.03125
seqFISH+ cortex/SVZ,pca_knn,learned_random_graph,63,7,0.8113593795372769,0.7119634423839953,1.050328203473231,0.03125,-0.5000000000000001,-0.5497143319588584,-0.38314427512443094,0.03125
seqFISH+ cortex/SVZ,pca_knn,linear_svm,63,7,0.0102375893025487,0.0,0.01753417969377291,0.15625,-0.03399830004270833,-0.06550784501721567,0.03252079227384595,0.4375
seqFISH+ cortex/SVZ,pca_knn,logreg_context_specific,63,7,0.7519812719485358,0.4875843167874008,0.8999999999999997,0.03125,-0.37959638016197655,-0.47865997560649765,-0.3286956477802948,0.03125
seqFISH+ cortex/SVZ,pca_knn,logreg_learned_neighborhood,63,7,0.623898701610953,0.3555702637004231,0.8499828542035215,0.03125,-0.2876338501789382,-0.40563906222956647,-0.17498878917582278,0.078125
seqFISH+ cortex/SVZ,pca_knn,logreg_learned_permuted_prior,63,7,0.7755212282117311,0.44744461680200637,0.8255984783578816,0.03125,-0.34946345330572165,-0.418821231072075,-0.31127812445913294,0.03125
seqFISH+ cortex/SVZ,pca_knn,logreg_learned_random_graph,63,7,0.678314781534072,0.4940323824788767,0.8313729789952297,0.03125,-0.3831442751244313,-0.5487949406953986,-0.26210391897722135,0.03125
seqFISH+ cortex/SVZ,pca_knn,logreg_only,63,7,0.0,-0.020409860094164456,0.0,0.25,0.0,0.0,0.048084679884197505,0.5
seqFISH+ cortex/SVZ,pca_knn,marker_only,63,7,0.7088609175438089,0.42318084493132135,0.8791306287808242,0.03125,-0.3333333333333332,-0.5112153015051908,-0.26654140665565046,0.03125
seqFISH+ cortex/SVZ,pca_knn,nested_gated_logreg_context_specific,63,7,0.0,-0.020409860094164456,0.0,0.25,0.0,0.0,0.048084679884197505,0.5
seqFISH+ cortex/SVZ,pca_knn,nested_gated_logreg_learned_neighborhood,63,7,0.0,-0.020409860094164456,0.0,0.25,0.0,0.0,0.048084679884197505,0.5
seqFISH+ cortex/SVZ,pca_knn,nested_gated_logreg_learned_permuted_prior,63,7,0.0,-0.020409860094164456,0.0,0.25,0.0,0.0,0.048084679884197505,0.5
seqFISH+ cortex/SVZ,pca_knn,nested_gated_logreg_learned_random_graph,63,7,0.0,-0.020409860094164456,0.0,0.25,0.0,0.0,0.048084679884197505,0.5
seqFISH+ cortex/SVZ,pca_knn,nested_logreg_context_specific,63,7,0.0,-0.020409860094164456,0.0,0.25,0.0,0.0,0.048084679884197505,0.5
seqFISH+ cortex/SVZ,pca_knn,nested_logreg_learned_neighborhood,63,7,0.0,-0.020409860094164456,0.0,0.25,0.0,0.0,0.048084679884197505,0.5
seqFISH+ cortex/SVZ,pca_knn,nested_logreg_learned_permuted_prior,63,7,0.0,-0.020409860094164456,0.0,0.25,0.0,0.0,0.048084679884197505,0.5
seqFISH+ cortex/SVZ,pca_knn,nested_logreg_learned_random_graph,63,7,0.0,-0.020409860094164456,0.0,0.25,0.0,0.0,0.048084679884197505,0.5
seqFISH+ cortex/SVZ,pca_knn,singler_native,63,7,0.0,-0.020409860094164456,0.0,0.25,0.0,0.0,0.0666042296095924,0.25
seqFISH+ cortex/SVZ,pca_knn,spatial_smoothing,63,7,0.7435050678274171,0.4387699031598159,0.8833824198137356,0.03125,-0.38636769124351217,-0.5073859319828743,-0.1870058201332237,0.03125
seqFISH+ cortex/SVZ,pca_knn,spatial_smoothing_random_graph,63,7,0.6895761256317108,0.5030546913177217,0.9686404152094263,0.015625,-0.3831442751244313,-0.5834260251667012,-0.26654140665565046,0.03125
seqFISH+ cortex/SVZ,singler_native,context_specific,63,7,0.9017009296308744,0.8288499628667104,1.0047979430829144,0.03125,-0.5465346038859449,-0.5811679778823363,-0.41328712181467925,0.03125
seqFISH+ cortex/SVZ,singler_native,extra_trees,63,7,0.0,0.0,0.010980873653547385,0.5,0.0,-0.03252079227384595,0.0,0.5
seqFISH+ cortex/SVZ,singler_native,gated_context_specific,63,7,0.7594373878376559,0.42318084493132135,0.9884127556335169,0.03125,-0.4863826390090815,-0.5560373095149851,-0.23172658759386475,0.03125
seqFISH+ cortex/SVZ,singler_native,gated_learned_neighborhood,63,7,0.7594373878376559,0.42318084493132135,0.9103578542999201,0.015625,-0.4591479170272448,-0.5778195311147832,-0.3333333333333332,0.015625
seqFISH+ cortex/SVZ,singler_native,gated_learned_permuted_prior,63,7,0.7331377388449571,0.4387949677736058,1.0,0.03125,-0.3497569251599829,-0.5778195311147832,-0.2971804688852168,0.03125
seqFISH+ cortex/SVZ,singler_native,gated_learned_random_graph,63,7,0.7744140969216745,0.42318084493132135,1.0016488127729397,0.03125,-0.4832870956781829,-0.5778195311147832,-0.3333333333333332,0.03125
seqFISH+ cortex/SVZ,singler_native,gated_logreg_context_specific,63,7,0.48567010501924174,0.4020745188968936,0.6869504831500292,0.03125,-0.3432554083769706,-0.4370927081530443,-0.25628766956039883,0.03125
seqFISH+ cortex/SVZ,singler_native,gated_logreg_learned_neighborhood,63,7,0.45288691850429186,0.37929201639356835,0.6681681758020157,0.03125,-0.34946345330572165,-0.39461145779246615,-0.20281953111478324,0.03125
seqFISH+ cortex/SVZ,singler_native,gated_logreg_learned_permuted_prior,63,7,0.5070255283331989,0.37929201639356835,0.6440657515928129,0.03125,-0.3275431046909324,-0.38178414056760057,-0.25628766956039883,0.03125
seqFISH+ cortex/SVZ,singler_native,gated_logreg_learned_random_graph,63,7,0.3830473027608756,0.37929201639356835,0.5230957440307844,0.03125,-0.3265115064941041,-0.34946345330572165,-0.25628766956039883,0.03125
seqFISH+ cortex/SVZ,singler_native,gated_spatial_smoothing,63,7,0.7422878192430878,0.4352115434827435,0.95589360702955,0.03125,-0.4287705856438881,-0.5073859319828743,-0.3087574960661783,0.03125
seqFISH+ cortex/SVZ,singler_native,gated_spatial_smoothing_random_graph,63,7,0.703515670239915,0.43868563206756694,0.9884127556335169,0.03125,-0.39291452749618533,-0.5778195311147832,-0.2578314624597723,0.03125
seqFISH+ cortex/SVZ,singler_native,learned_neighborhood,63,7,0.9171505560861418,0.7313647424515385,0.9963626214674685,0.015625,-0.5169321648569457,-0.5778195311147832,-0.4370927081530443,0.03125
seqFISH+ cortex/SVZ,singler_native,learned_permuted_prior,63,7,0.8710483383716039,0.6470985616313627,1.033262492204255,0.03125,-0.47125183600446624,-0.5775217222468623,-0.4172097224626077,0.03125
seqFISH+ cortex/SVZ,singler_native,learned_random_graph,63,7,0.8498866894614039,0.708405082706923,1.052929740189365,0.03125,-0.5000000000000001,-0.5613064678516932,-0.43570467643641964,0.03125
seqFISH+ cortex/SVZ,singler_native,linear_svm,63,7,0.0303867403314918,0.0,0.08820629112619294,0.0625,-0.07038087203803567,-0.1,0.0,0.0625
seqFISH+ cortex/SVZ,singler_native,logreg_context_specific,63,7,0.7519812719485358,0.4875843167874008,0.9105632820324674,0.03125,-0.37959638016197655,-0.49529986146544364,-0.32821028931607865,0.03125
seqFISH+ cortex/SVZ,singler_native,logreg_learned_neighborhood,63,7,0.5725206921628957,0.3555702637004231,0.8499828542035215,0.03125,-0.29312003857608626,-0.45082579451808863,-0.17498878917582278,0.03125
seqFISH+ cortex/SVZ,singler_native,logreg_learned_permuted_prior,63,7,0.7396226877317006,0.5011776157209713,0.8334059208329406,0.03125,-0.40563906222956647,-0.4444444444444444,-0.31474085404047836,0.03125
seqFISH+ cortex/SVZ,singler_native,logreg_learned_random_graph,63,7,0.6980871219581626,0.4940323824788767,0.8313729789952297,0.03125,-0.40563906222956647,-0.5487949406953986,-0.3042903712002689,0.03125
seqFISH+ cortex/SVZ,singler_native,logreg_only,63,7,0.0,0.0,0.010245704900064712,0.5,0.0,-0.05822919557085847,0.0,0.5
seqFISH+ cortex/SVZ,singler_native,marker_only,63,7,0.625830421806906,0.42318084493132135,0.8791306287808242,0.015625,-0.3012056244858122,-0.542229570349708,-0.28584705709592545,0.03125
seqFISH+ cortex/SVZ,singler_native,nested_gated_logreg_context_specific,63,7,0.0,0.0,0.010245704900064712,0.5,0.0,-0.05822919557085847,0.0,0.5
seqFISH+ cortex/SVZ,singler_native,nested_gated_logreg_learned_neighborhood,63,7,0.0,0.0,0.010245704900064712,0.5,0.0,-0.05822919557085847,0.0,0.5
seqFISH+ cortex/SVZ,singler_native,nested_gated_logreg_learned_permuted_prior,63,7,0.0,0.0,0.010245704900064712,0.5,0.0,-0.05822919557085847,0.0,0.5
seqFISH+ cortex/SVZ,singler_native,nested_gated_logreg_learned_random_graph,63,7,0.0,0.0,0.010245704900064712,0.5,0.0,-0.05822919557085847,0.0,0.5
seqFISH+ cortex/SVZ,singler_native,nested_logreg_context_specific,63,7,0.0,0.0,0.010245704900064712,0.5,0.0,-0.05822919557085847,0.0,0.5
seqFISH+ cortex/SVZ,singler_native,nested_logreg_learned_neighborhood,63,7,0.0,0.0,0.010245704900064712,0.5,0.0,-0.05822919557085847,0.0,0.5
seqFISH+ cortex/SVZ,singler_native,nested_logreg_learned_permuted_prior,63,7,0.0,0.0,0.010245704900064712,0.5,0.0,-0.05822919557085847,0.0,0.5
seqFISH+ cortex/SVZ,singler_native,nested_logreg_learned_random_graph,63,7,0.0,0.0,0.010245704900064712,0.5,0.0,-0.05822919557085847,0.0,0.5
seqFISH+ cortex/SVZ,singler_native,pca_knn,63,7,0.0,0.0,0.020409860094164456,0.25,0.0,-0.0666042296095924,0.0,0.25
seqFISH+ cortex/SVZ,singler_native,spatial_smoothing,63,7,0.7574446124356213,0.4352115434827435,0.9048127603399505,0.03125,-0.4499925261172153,-0.5073859319828743,-0.24902249956730618,0.03125
seqFISH+ cortex/SVZ,singler_native,spatial_smoothing_random_graph,63,7,0.703515670239915,0.5740179587572836,0.9755195837424719,0.03125,-0.36556849565940197,-0.5834260251667012,-0.2578314624597723,0.03125
seqFISH+ cortex/SVZ,spatial_smoothing,context_specific,63,7,0.09154986112751795,-0.004848633060278412,0.1501367691920555,0.15625,-0.04902249956730631,-0.14809845612300104,0.008051907687256277,0.15625
seqFISH+ cortex/SVZ,spatial_smoothing,extra_trees,63,7,-0.7574446124356213,-0.9048127603399505,-0.4387699031598159,0.03125,0.4499925261172153,0.1870058201332237,0.5073859319828743,0.03125
seqFISH+ cortex/SVZ,spatial_smoothing,gated_context_specific,63,7,0.04431557219375451,0.0,0.08049233120153751,0.0625,-0.02723472198183674,-0.030639062229566527,0.0,0.0625
seqFISH+ cortex/SVZ,spatial_smoothing,gated_learned_neighborhood,63,7,0.04200944123945412,0.01696948448605312,0.05021601130692435,0.03125,-0.02042604148637761,-0.053422060767084,0.0,0.0625
seqFISH+ cortex/SVZ,spatial_smoothing,gated_learned_permuted_prior,63,7,0.0009252767469841716,0.0,0.06162682583317475,0.4375,0.0,-0.029773728729708904,0.0419381945646371,1.0
seqFISH+ cortex/SVZ,spatial_smoothing,gated_learned_random_graph,63,7,0.0446942301166586,0.016969484486053094,0.06162682583317475,0.03125,-0.027234721981836796,-0.04085208297275525,0.0,0.0625
seqFISH+ cortex/SVZ,spatial_smoothing,gated_logreg_context_specific,63,7,-0.3437500000000001,-0.39575359403506416,0.0,0.0625,0.09798728090439968,0.0,0.20426250525879808,0.0625
seqFISH+ cortex/SVZ,spatial_smoothing,gated_logreg_learned_neighborhood,63,7,-0.30934146292054143,-0.42438704420690476,0.0,0.09375,0.16723571792454883,0.0,0.19570962879973086,0.0625
seqFISH+ cortex/SVZ,spatial_smoothing,gated_logreg_learned_permuted_prior,63,7,-0.30934146292054143,-0.3631464198793601,0.0,0.09375,0.11875840811813287,0.0,0.1803857241674499,0.0625
seqFISH+ cortex/SVZ,spatial_smoothing,gated_logreg_learned_random_graph,63,7,-0.30934146292054143,-0.46613637165745686,-0.03275090381185303,0.03125,0.16812224599330083,0.03252996046359896,0.22772809106265035,0.03125
seqFISH+ cortex/SVZ,spatial_smoothing,gated_spatial_smoothing,63,7,0.0,0.0,0.0,1.0,0.0,0.0,0.0,1.0
seqFISH+ cortex/SVZ,spatial_smoothing,gated_spatial_smoothing_random_graph,63,7,0.02999276396919759,0.0,0.050254580385561076,0.3125,0.0,-0.027234721981836796,0.0,0.875
seqFISH+ cortex/SVZ,spatial_smoothing,learned_neighborhood,63,7,0.08457919531282282,0.0,0.1501367691920555,0.0625,-0.053422060767084,-0.10375937481971104,-0.003357537781087494,0.03125
seqFISH+ cortex/SVZ,spatial_smoothing,learned_permuted_prior,63,7,0.0,-0.04614209661467372,0.09577452357451532,0.625,0.0,-0.05522162407791639,0.0,0.625
seqFISH+ cortex/SVZ,spatial_smoothing,learned_random_graph,63,7,0.11458333333333338,-0.0027060360130150007,0.13450099745828356,0.375,-0.07548875021634688,-0.1383458330929478,0.06321202278067761,0.46875
seqFISH+ cortex/SVZ,spatial_smoothing,linear_svm,63,7,-0.7373766206695209,-0.8726850716265097,-0.3629248088203979,0.03125,0.3333333333333332,0.21086856150657102,0.449569184536933,0.03125
seqFISH+ cortex/SVZ,spatial_smoothing,logreg_context_specific,63,7,0.061091630880387555,-0.29431517184839223,0.10029935979331114,0.578125,-0.01847145257121352,-0.07122941435611185,0.1312415918818669,0.578125
seqFISH+ cortex/SVZ,spatial_smoothing,logreg_learned_neighborhood,63,7,-0.13995771893713027,-0.2974202213501261,-0.0027060360130150007,0.03125,0.0804347798626843,0.0,0.08838640206127613,0.0625
seqFISH+ cortex/SVZ,spatial_smoothing,logreg_learned_permuted_prior,63,7,-0.0484198235892947,-0.08549744229803305,0.0,0.3125,0.0,-0.0377443751081733,0.08017548254447154,0.8125
seqFISH+ cortex/SVZ,spatial_smoothing,logreg_learned_random_graph,63,7,-0.009975913102059891,-0.2903256336753543,0.07063926721099045,0.6875,0.04933345132537614,-0.07122941435611185,0.09328462323031245,0.46875
seqFISH+ cortex/SVZ,spatial_smoothing,logreg_only,63,7,-0.7373766206695209,-0.8750094239091046,-0.3099512105188691,0.03125,0.32984633500279853,0.2172917912597924,0.5073859319828743,0.03125
seqFISH+ cortex/SVZ,spatial_smoothing,marker_only,63,7,0.0,0.0,0.05106078680063564,0.875,0.0,-0.027234721981836796,0.0,0.875
seqFISH+ cortex/SVZ,spatial_smoothing,nested_gated_logreg_context_specific,63,7,-0.7373766206695209,-0.8750094239091046,-0.3099512105188691,0.03125,0.32984633500279853,0.2172917912597924,0.5073859319828743,0.03125
seqFISH+ cortex/SVZ,spatial_smoothing,nested_gated_logreg_learned_neighborhood,63,7,-0.7373766206695209,-0.8750094239091046,-0.3099512105188691,0.03125,0.32984633500279853,0.2172917912597924,0.5073859319828743,0.03125
seqFISH+ cortex/SVZ,spatial_smoothing,nested_gated_logreg_learned_permuted_prior,63,7,-0.7373766206695209,-0.8750094239091046,-0.3099512105188691,0.03125,0.32984633500279853,0.2172917912597924,0.5073859319828743,0.03125
seqFISH+ cortex/SVZ,spatial_smoothing,nested_gated_logreg_learned_random_graph,63,7,-0.7373766206695209,-0.8750094239091046,-0.3099512105188691,0.03125,0.32984633500279853,0.2172917912597924,0.5073859319828743,0.03125
seqFISH+ cortex/SVZ,spatial_smoothing,nested_logreg_context_specific,63,7,-0.7373766206695209,-0.8750094239091046,-0.3099512105188691,0.03125,0.32984633500279853,0.2172917912597924,0.5073859319828743,0.03125
seqFISH+ cortex/SVZ,spatial_smoothing,nested_logreg_learned_neighborhood,63,7,-0.7373766206695209,-0.8750094239091046,-0.3099512105188691,0.03125,0.32984633500279853,0.2172917912597924,0.5073859319828743,0.03125
seqFISH+ cortex/SVZ,spatial_smoothing,nested_logreg_learned_permuted_prior,63,7,-0.7373766206695209,-0.8750094239091046,-0.3099512105188691,0.03125,0.32984633500279853,0.2172917912597924,0.5073859319828743,0.03125
seqFISH+ cortex/SVZ,spatial_smoothing,nested_logreg_learned_random_graph,63,7,-0.7373766206695209,-0.8750094239091046,-0.3099512105188691,0.03125,0.32984633500279853,0.2172917912597924,0.5073859319828743,0.03125
seqFISH+ cortex/SVZ,spatial_smoothing,pca_knn,63,7,-0.7435050678274171,-0.8833824198137356,-0.4387699031598159,0.03125,0.38636769124351217,0.1870058201332237,0.5073859319828743,0.03125
seqFISH+ cortex/SVZ,spatial_smoothing,singler_native,63,7,-0.7574446124356213,-0.9048127603399505,-0.4352115434827435,0.03125,0.4499925261172153,0.24902249956730618,0.5073859319828743,0.03125
seqFISH+ cortex/SVZ,spatial_smoothing,spatial_smoothing_random_graph,63,7,0.05106078680063564,0.0024411844142021855,0.07981471245776264,0.109375,-0.029773728729708793,-0.03561470717805593,0.0,0.4375
seqFISH+ cortex/SVZ,spatial_smoothing_random_graph,context_specific,63,7,0.09154986112751795,-0.018173614317241626,0.14133133792611083,0.15625,-0.04771862615527728,-0.06917291654647395,0.0363562481394496,0.21875
seqFISH+ cortex/SVZ,spatial_smoothing_random_graph,extra_trees,63,7,-0.703515670239915,-0.9755195837424719,-0.5030546913177217,0.015625,0.4045627476894451,0.26654140665565046,0.5834260251667012,0.03125
seqFISH+ cortex/SVZ,spatial_smoothing_random_graph,gated_context_specific,63,7,0.0,-0.026630370371947598,0.05522319384351099,0.625,0.0,-0.05392053586881915,0.0,0.5
seqFISH+ cortex/SVZ,spatial_smoothing_random_graph,gated_learned_neighborhood,63,7,0.0,-0.02117010640146033,0.07089842668175944,0.625,0.0,-0.054585169337799444,0.0,0.5
seqFISH+ cortex/SVZ,spatial_smoothing_random_graph,gated_learned_permuted_prior,63,7,-0.0013388678723415953,-0.026014980341787508,6.938893903907228e-18,0.375,0.0,-0.009261771819797981,0.02638485962655973,1.0
seqFISH+ cortex/SVZ,spatial_smoothing_random_graph,gated_learned_random_graph,63,7,0.0,0.0,0.04974497388952365,0.5,0.0,-0.028864891919181568,1.6653345369377348e-16,0.625
seqFISH+ cortex/SVZ,spatial_smoothing_random_graph,gated_logreg_context_specific,63,7,-0.32231426901003163,-0.4459696053419885,-0.17421669621433022,0.015625,0.13868219479128213,0.10221700146248247,0.24114315937023179,0.015625
seqFISH+ cortex/SVZ,spatial_smoothing_random_graph,gated_logreg_learned_neighborhood,63,7,-0.31199766628122166,-0.4459696053419885,-0.09775733197744929,0.015625,0.13868219479128213,0.10750380187385244,0.2099865470109874,0.015625
seqFISH+ cortex/SVZ,spatial_smoothing_random_graph,gated_logreg_learned_permuted_prior,63,7,-0.23756452151161617,-0.36375174513927555,-0.12264140151474878,0.015625,0.1245112497836533,0.07339655121802599,0.16890456165088563,0.015625
seqFISH+ cortex/SVZ,spatial_smoothing_random_graph,gated_logreg_learned_random_graph,63,7,-0.23756452151161622,-0.4823819106188661,-0.14659689070203732,0.015625,0.13124159188186713,0.07339655121802599,0.21624692854608607,0.015625
seqFISH+ cortex/SVZ,spatial_smoothing_random_graph,gated_spatial_smoothing,63,7,-0.039751139266643906,-0.06162682583317469,0.0,0.3125,0.0204260414863775,0.0,0.033315939156391194,0.125
seqFISH+ cortex/SVZ,spatial_smoothing_random_graph,gated_spatial_smoothing_random_graph,63,7,0.0,0.0,0.0,1.0,0.0,0.0,1.6653345369377348e-16,1.0
seqFISH+ cortex/SVZ,spatial_smoothing_random_graph,learned_neighborhood,63,7,0.060803914956905625,-0.022681726096774768,0.0753778361444409,0.109375,-0.04085208297275511,-0.08284983007477609,0.0,0.0625
seqFISH+ cortex/SVZ,spatial_smoothing_random_graph,learned_permuted_prior,63,7,-0.029814239699997164,-0.07914388865125788,0.05956626008834587,0.5625,0.0,-0.07472099821924483,0.030935628566639506,1.0
seqFISH+ cortex/SVZ,spatial_smoothing_random_graph,learned_random_graph,63,7,2.0816681711721685e-17,-0.020879650330256627,0.06794902955821286,0.8125,-0.041938194564637155,-0.07122941435611202,0.06726748015944484,0.6875
seqFISH+ cortex/SVZ,spatial_smoothing_random_graph,linear_svm,63,7,-0.6834476784738146,-0.882621931574052,-0.5530371848700654,0.03125,0.30080337286973424,0.22241905078533222,0.5467166163123263,0.03125
seqFISH+ cortex/SVZ,spatial_smoothing_random_graph,logreg_context_specific,63,7,-0.04558783497318311,-0.3191734659282028,0.04993703953830625,0.375,0.007085472503814638,-0.027882823254513522,0.13262970137836477,0.5625
seqFISH+ cortex/SVZ,spatial_smoothing_random_graph,logreg_learned_neighborhood,63,7,-0.14023031171050612,-0.2251470791375677,-0.046418329331142705,0.03125,0.11107384209225071,0.044339081303290145,0.11875560245092415,0.03125
seqFISH+ cortex/SVZ,spatial_smoothing_random_graph,logreg_learned_permuted_prior,63,7,-0.072239730037022,-0.2070552360820166,-0.04558783497318311,0.15625,0.026037712614305764,-0.045984226927200056,0.11111111111111105,0.6875
seqFISH+ cortex/SVZ,spatial_smoothing_random_graph,logreg_learned_random_graph,63,7,-0.13488389375870358,-0.2903256336753543,-0.04256282653793743,0.046875,0.10784107173763832,0.0,0.12451124978365313,0.09375
seqFISH+ cortex/SVZ,spatial_smoothing_random_graph,logreg_only,63,7,-0.6834476784738146,-0.9358499700900416,-0.5000635865685366,0.03125,0.3008033728697342,0.26016342589350566,0.5834260251667012,0.03125
seqFISH+ cortex/SVZ,spatial_smoothing_random_graph,marker_only,63,7,0.0,-0.06162682583317469,0.0,0.5,0.0,0.0,0.003841698733172305,0.25
seqFISH+ cortex/SVZ,spatial_smoothing_random_graph,nested_gated_logreg_context_specific,63,7,-0.6834476784738146,-0.9358499700900416,-0.5000635865685366,0.03125,0.3008033728697342,0.26016342589350566,0.5834260251667012,0.03125
seqFISH+ cortex/SVZ,spatial_smoothing_random_graph,nested_gated_logreg_learned_neighborhood,63,7,-0.6834476784738146,-0.9358499700900416,-0.5000635865685366,0.03125,0.3008033728697342,0.26016342589350566,0.5834260251667012,0.03125
seqFISH+ cortex/SVZ,spatial_smoothing_random_graph,nested_gated_logreg_learned_permuted_prior,63,7,-0.6834476784738146,-0.9358499700900416,-0.5000635865685366,0.03125,0.3008033728697342,0.26016342589350566,0.5834260251667012,0.03125
seqFISH+ cortex/SVZ,spatial_smoothing_random_graph,nested_gated_logreg_learned_random_graph,63,7,-0.6834476784738146,-0.9358499700900416,-0.5000635865685366,0.03125,0.3008033728697342,0.26016342589350566,0.5834260251667012,0.03125
seqFISH+ cortex/SVZ,spatial_smoothing_random_graph,nested_logreg_context_specific,63,7,-0.6834476784738146,-0.9358499700900416,-0.5000635865685366,0.03125,0.3008033728697342,0.26016342589350566,0.5834260251667012,0.03125
seqFISH+ cortex/SVZ,spatial_smoothing_random_graph,nested_logreg_learned_neighborhood,63,7,-0.6834476784738146,-0.9358499700900416,-0.5000635865685366,0.03125,0.3008033728697342,0.26016342589350566,0.5834260251667012,0.03125
seqFISH+ cortex/SVZ,spatial_smoothing_random_graph,nested_logreg_learned_permuted_prior,63,7,-0.6834476784738146,-0.9358499700900416,-0.5000635865685366,0.03125,0.3008033728697342,0.26016342589350566,0.5834260251667012,0.03125
seqFISH+ cortex/SVZ,spatial_smoothing_random_graph,nested_logreg_learned_random_graph,63,7,-0.6834476784738146,-0.9358499700900416,-0.5000635865685366,0.03125,0.3008033728697342,0.26016342589350566,0.5834260251667012,0.03125
seqFISH+ cortex/SVZ,spatial_smoothing_random_graph,pca_knn,63,7,-0.6895761256317108,-0.9686404152094263,-0.5030546913177217,0.015625,0.3831442751244313,0.26654140665565046,0.5834260251667012,0.03125
seqFISH+ cortex/SVZ,spatial_smoothing_random_graph,singler_native,63,7,-0.703515670239915,-0.9755195837424719,-0.5740179587572836,0.03125,0.36556849565940197,0.2578314624597723,0.5834260251667012,0.03125
seqFISH+ cortex/SVZ,spatial_smoothing_random_graph,spatial_smoothing,63,7,-0.05106078680063564,-0.07981471245776264,-0.0024411844142021855,0.109375,0.029773728729708793,0.0,0.03561470717805593,0.4375
seqFISH+ olfactory bulb,context_specific,extra_trees,62,7,-0.9347455967765055,-1.1045264364776064,-0.25028567618553366,0.015625,0.4300133364854476,0.14428582051994449,0.4644950082094748,0.015625
seqFISH+ olfactory bulb,context_specific,gated_context_specific,62,7,-0.014292717903314489,-0.06012668340100513,0.0,0.3125,0.021390514475750244,0.0,0.030237620736358273,0.0625
seqFISH+ olfactory bulb,context_specific,gated_learned_neighborhood,62,7,0.02075846577685045,-0.3232580513549942,0.05670710062813608,0.8125,0.02473222992218871,0.0,0.06519686925847176,0.15625
seqFISH+ olfactory bulb,context_specific,gated_learned_permuted_prior,62,7,-0.007427822443672016,-0.15783316101153283,0.027703986043243534,0.8125,0.01903300994618848,-0.02042729668245813,0.0675213463314212,0.46875
seqFISH+ olfactory bulb,context_specific,gated_learned_random_graph,62,7,0.027047880770610155,-0.24250430860702554,0.0734205887247626,0.9375,-0.003084746714456993,-0.022040718093447542,0.02363573191696,1.0
seqFISH+ olfactory bulb,context_specific,gated_logreg_context_specific,62,7,-0.4735042844728331,-0.7420669744518942,0.0,0.0625,0.13955399062541596,0.0,0.18432858738738872,0.09375
seqFISH+ olfactory bulb,context_specific,gated_logreg_learned_neighborhood,62,7,-0.4160806517506289,-0.7346827116685704,0.024700542165544404,0.078125,0.1474275885513533,-0.0029436539867386535,0.1996670601804813,0.109375
seqFISH+ olfactory bulb,context_specific,gated_logreg_learned_permuted_prior,62,7,-0.46712059011986495,-0.7361112438582789,0.024700542165544404,0.109375,0.16624597578559477,0.002349596143069399,0.17943777026903418,0.046875
seqFISH+ olfactory bulb,context_specific,gated_logreg_learned_random_graph,62,7,-0.46795843930190634,-0.635280938422411,0.0,0.09375,0.1480509193396616,0.01343113463401438,0.17599018058452373,0.03125
seqFISH+ olfactory bulb,context_specific,gated_spatial_smoothing,62,7,0.020217314513397366,-0.147989651552393,0.09822594722397254,0.9375,0.01903300994618848,-0.014719737336740396,0.06136006589332155,0.15625
seqFISH+ olfactory bulb,context_specific,gated_spatial_smoothing_random_graph,62,7,0.0240387289736132,-0.03103676652315379,0.10198489267051006,0.6875,0.009173603028266863,-0.032615070258931345,0.06344200996756777,0.578125
seqFISH+ olfactory bulb,context_specific,learned_neighborhood,62,7,0.0,-0.024804046579914307,0.13372445891910512,0.6875,-0.015243683995604607,-0.08628561354325592,0.020426041486377555,0.5625
seqFISH+ olfactory bulb,context_specific,learned_permuted_prior,62,7,-0.010596903562001131,-0.23958457586562787,0.2919290287612445,0.84375,-0.0078036243279811235,-0.082618133455517,0.04715561443063429,1.0
seqFISH+ olfactory bulb,context_specific,learned_random_graph,62,7,0.03052220319213217,-0.076920884541546,0.28422532588206684,0.296875,-0.03317065034514044,-0.07415749499322535,-0.011337872123347914,0.015625
seqFISH+ olfactory bulb,context_specific,linear_svm,62,7,-0.7799729077702251,-1.1417927137458503,-0.1779776489954148,0.015625,0.39964865534535243,0.13464449033873713,0.4832296881034636,0.015625
seqFISH+ olfactory bulb,context_specific,logreg_context_specific,62,7,-0.15663657525186125,-0.39086618297450937,0.051766234653453314,0.21875,0.07136266940586444,-0.017941996747044775,0.21089588040385457,0.21875
seqFISH+ olfactory bulb,context_specific,logreg_learned_neighborhood,62,7,-0.4162090666429104,-0.6011184835118559,-0.02433595549830639,0.046875,0.07920949684286571,0.009640155675075035,0.13826478537445724,0.078125
seqFISH+ olfactory bulb,context_specific,logreg_learned_permuted_prior,62,7,-0.1323608612642299,-0.39112869466716726,0.1951658300078477,0.578125,0.029556623033295926,-0.012220880176583016,0.08487621644145205,0.375
seqFISH+ olfactory bulb,context_specific,logreg_learned_random_graph,62,7,-0.17317385042015304,-0.6044171804327647,0.25806451612903214,0.375,0.1369950586205058,-0.07675680312398458,0.17265302627448165,0.578125
seqFISH+ olfactory bulb,context_specific,logreg_only,62,7,-0.8298501169545227,-1.156491210142476,-0.1294844318056213,0.015625,0.41236326182542954,0.1728642282926781,0.49582943167107624,0.015625
seqFISH+ olfactory bulb,context_specific,marker_only,62,7,0.0,-0.12455215739860831,0.01885721539471963,0.4375,0.026815803844766006,0.0,0.10728886544120456,0.0625
seqFISH+ olfactory bulb,context_specific,nested_gated_logreg_context_specific,62,7,-0.8298501169545227,-1.156491210142476,-0.1294844318056213,0.015625,0.41236326182542954,0.1728642282926781,0.49582943167107624,0.015625
seqFISH+ olfactory bulb,context_specific,nested_gated_logreg_learned_neighborhood,62,7,-0.8298501169545227,-1.156491210142476,-0.1294844318056213,0.015625,0.41236326182542954,0.1728642282926781,0.49582943167107624,0.015625
seqFISH+ olfactory bulb,context_specific,nested_gated_logreg_learned_permuted_prior,62,7,-0.8298501169545227,-1.156491210142476,-0.1294844318056213,0.015625,0.41236326182542954,0.1728642282926781,0.49582943167107624,0.015625
seqFISH+ olfactory bulb,context_specific,nested_gated_logreg_learned_random_graph,62,7,-0.8298501169545227,-1.156491210142476,-0.1294844318056213,0.015625,0.41236326182542954,0.1728642282926781,0.49582943167107624,0.015625
seqFISH+ olfactory bulb,context_specific,nested_logreg_context_specific,62,7,-0.8298501169545227,-1.156491210142476,-0.1294844318056213,0.015625,0.41236326182542954,0.1728642282926781,0.49582943167107624,0.015625
seqFISH+ olfactory bulb,context_specific,nested_logreg_learned_neighborhood,62,7,-0.8298501169545227,-1.156491210142476,-0.1294844318056213,0.015625,0.41236326182542954,0.1728642282926781,0.49582943167107624,0.015625
seqFISH+ olfactory bulb,context_specific,nested_logreg_learned_permuted_prior,62,7,-0.8298501169545227,-1.156491210142476,-0.1294844318056213,0.015625,0.41236326182542954,0.1728642282926781,0.49582943167107624,0.015625
seqFISH+ olfactory bulb,context_specific,nested_logreg_learned_random_graph,62,7,-0.8298501169545227,-1.156491210142476,-0.1294844318056213,0.015625,0.41236326182542954,0.1728642282926781,0.49582943167107624,0.015625
seqFISH+ olfactory bulb,context_specific,pca_knn,62,7,-0.940790183552199,-1.0973633322644276,-0.33118695115072805,0.015625,0.4254743668689896,0.1728642282926781,0.5124111732249825,0.015625
seqFISH+ olfactory bulb,context_specific,singler_native,62,7,-0.959565588780633,-1.0844277357286018,-0.09892807032591666,0.015625,0.39270605220213994,0.14669176440231715,0.5045183487565471,0.015625
seqFISH+ olfactory bulb,context_specific,spatial_smoothing,62,7,0.030750593678376514,-0.16759975425893153,0.10863786973288725,1.0,-0.00017497636445584774,-0.028109908690857832,0.061011969567158264,0.9375
seqFISH+ olfactory bulb,context_specific,spatial_smoothing_random_graph,62,7,0.06237130653626169,0.03368752357723037,0.12462987238396206,0.296875,-0.018332592213475052,-0.031235474512014638,0.012370090242142306,0.46875
seqFISH+ olfactory bulb,extra_trees,context_specific,62,7,0.9347455967765055,0.25028567618553366,1.1045264364776064,0.015625,-0.4300133364854476,-0.4644950082094748,-0.14428582051994449,0.015625
seqFISH+ olfactory bulb,extra_trees,gated_context_specific,62,7,0.926078806624471,0.19188089768605454,0.9747914429916937,0.015625,-0.36924976360574324,-0.38444145860091616,-0.10701311324123303,0.015625
seqFISH+ olfactory bulb,extra_trees,gated_learned_neighborhood,62,7,0.8052180100347871,0.20723815959683933,1.0172179485501551,0.015625,-0.30857569943502533,-0.48218169501942126,-0.15042792475095643,0.015625
seqFISH+ olfactory bulb,extra_trees,gated_learned_permuted_prior,62,7,0.8406911142629393,0.2773247835849224,0.9031796760172989,0.015625,-0.33957716123932336,-0.45299378885112257,-0.15604159232663178,0.015625
seqFISH+ olfactory bulb,extra_trees,gated_learned_random_graph,62,7,0.7926367763385854,0.3096832145753654,1.0541492897106688,0.015625,-0.36490240666190915,-0.4645876816225577,-0.15667552098974336,0.015625
seqFISH+ olfactory bulb,extra_trees,gated_logreg_context_specific,62,7,0.30323533072305686,0.22333194802439366,0.4060617058102023,0.015625,-0.23613869155399203,-0.2612016699167384,-0.13043478260869565,0.015625
seqFISH+ olfactory bulb,extra_trees,gated_logreg_learned_neighborhood,62,7,0.31031685769042006,0.262141783189594,0.422465235351343,0.015625,-0.23613869155399203,-0.2612016699167384,-0.17188286371696737,0.015625
seqFISH+ olfactory bulb,extra_trees,gated_logreg_learned_permuted_prior,62,7,0.361633327016175,0.22831629758285155,0.40613467714370466,0.015625,-0.24873956123640145,-0.28570574913919644,-0.1691324846317942,0.015625
seqFISH+ olfactory bulb,extra_trees,gated_logreg_learned_random_graph,62,7,0.3099559537545743,0.18156747062771805,0.3440211354818794,0.015625,-0.24560306354613057,-0.27885470331578005,-0.14684538048181442,0.015625
seqFISH+ olfactory bulb,extra_trees,gated_spatial_smoothing,62,7,0.7940574932802672,0.18712323912775009,0.8851728167301914,0.015625,-0.3288309042655483,-0.41450473052386505,-0.13719873517384967,0.015625
seqFISH+ olfactory bulb,extra_trees,gated_spatial_smoothing_random_graph,62,7,0.9124940828787453,0.3096832145753654,0.9402844324027789,0.015625,-0.32709358547305406,-0.4313969348899918,-0.1838190429291573,0.015625
seqFISH+ olfactory bulb,extra_trees,learned_neighborhood,62,7,0.9114826584520075,0.2663799498891134,1.1490651429328853,0.015625,-0.3441067202255425,-0.5710426218181663,-0.14451846422783607,0.015625
seqFISH+ olfactory bulb,extra_trees,learned_permuted_prior,62,7,0.8817340951102849,0.2149254794644644,0.9465369628154396,0.015625,-0.40502515295761493,-0.4588599086911196,-0.15984299792492024,0.015625
seqFISH+ olfactory bulb,extra_trees,learned_random_graph,62,7,0.8699802957842944,0.4659392045460299,0.9973201256524276,0.015625,-0.4200098294943572,-0.4754739218909959,-0.2699577684042244,0.015625
seqFISH+ olfactory bulb,extra_trees,linear_svm,62,7,0.021916292173370433,0.004609795188439236,0.03491881206907488,0.015625,-0.017558061812744143,-0.024873313041388286,-0.012022574440264305,0.03125
seqFISH+ olfactory bulb,extra_trees,logreg_context_specific,62,7,0.5691755936356515,0.25806451612903214,0.6494543446653172,0.015625,-0.27832892730131703,-0.34640647834604205,-0.22399571898916398,0.015625
seqFISH+ olfactory bulb,extra_trees,logreg_learned_neighborhood,62,7,0.4772231827176422,0.3526087752242729,0.5770078126730234,0.015625,-0.2659818939743746,-0.2843875156681671,-0.24126639458229818,0.015625
seqFISH+ olfactory bulb,extra_trees,logreg_learned_permuted_prior,62,7,0.5460536507653877,0.3043916563597474,0.8038815189194946,0.015625,-0.2733465801746848,-0.36739448082894544,-0.24699233939957851,0.015625
seqFISH+ olfactory bulb,extra_trees,logreg_learned_random_graph,62,7,0.5011862912674693,0.3002022140837687,0.5818609561002115,0.015625,-0.2729459362952842,-0.3024847062570677,-0.2662869947694881,0.015625
seqFISH+ olfactory bulb,extra_trees,logreg_only,62,7,0.015351097027940797,-0.0006945295232756998,0.06154877572003703,0.078125,-0.0051256861297981696,-0.011569099729241271,0.009455121195517495,0.46875
seqFISH+ olfactory bulb,extra_trees,marker_only,62,7,0.7402382660954989,0.3053524275315491,0.9173267904473155,0.015625,-0.31456519505473024,-0.385072936463006,-0.13654265079388403,0.015625
seqFISH+ olfactory bulb,extra_trees,nested_gated_logreg_context_specific,62,7,0.015351097027940797,-0.0006945295232756998,0.06154877572003703,0.078125,-0.0051256861297981696,-0.011569099729241271,0.009455121195517495,0.46875
seqFISH+ olfactory bulb,extra_trees,nested_gated_logreg_learned_neighborhood,62,7,0.015351097027940797,-0.0006945295232756998,0.06154877572003703,0.078125,-0.0051256861297981696,-0.011569099729241271,0.009455121195517495,0.46875
seqFISH+ olfactory bulb,extra_trees,nested_gated_logreg_learned_permuted_prior,62,7,0.015351097027940797,-0.0006945295232756998,0.06154877572003703,0.078125,-0.0051256861297981696,-0.011569099729241271,0.009455121195517495,0.46875
seqFISH+ olfactory bulb,extra_trees,nested_gated_logreg_learned_random_graph,62,7,0.015351097027940797,-0.0006945295232756998,0.06154877572003703,0.078125,-0.0051256861297981696,-0.011569099729241271,0.009455121195517495,0.46875
seqFISH+ olfactory bulb,extra_trees,nested_logreg_context_specific,62,7,0.015351097027940797,-0.0006945295232756998,0.06154877572003703,0.078125,-0.0051256861297981696,-0.011569099729241271,0.009455121195517495,0.46875
seqFISH+ olfactory bulb,extra_trees,nested_logreg_learned_neighborhood,62,7,0.015351097027940797,-0.0006945295232756998,0.06154877572003703,0.078125,-0.0051256861297981696,-0.011569099729241271,0.009455121195517495,0.46875
seqFISH+ olfactory bulb,extra_trees,nested_logreg_learned_permuted_prior,62,7,0.015351097027940797,-0.0006945295232756998,0.06154877572003703,0.078125,-0.0051256861297981696,-0.011569099729241271,0.009455121195517495,0.46875
seqFISH+ olfactory bulb,extra_trees,nested_logreg_learned_random_graph,62,7,0.015351097027940797,-0.0006945295232756998,0.06154877572003703,0.078125,-0.0051256861297981696,-0.011569099729241271,0.009455121195517495,0.46875
seqFISH+ olfactory bulb,extra_trees,pca_knn,62,7,-0.0029581724020010247,-0.021346894630861035,0.0,0.15625,0.000902712308549109,-0.015608368428873365,0.004858410545453062,0.8125
seqFISH+ olfactory bulb,extra_trees,singler_native,62,7,0.00042476148781867007,-0.022475623686984858,0.0029899522477058182,1.0,0.0,-0.034091408382264876,0.012526546396735873,0.84375
seqFISH+ olfactory bulb,extra_trees,spatial_smoothing,62,7,0.8424520672510369,0.23504160659026907,1.0165083087972908,0.015625,-0.3481556689796016,-0.4138458150604877,-0.17395660840248808,0.015625
seqFISH+ olfactory bulb,extra_trees,spatial_smoothing_random_graph,62,7,0.9325382268486466,0.6666666666666666,0.9612644655930651,0.015625,-0.32601093098065276,-0.4456054306411525,-0.24126639458229818,0.015625
seqFISH+ olfactory bulb,gated_context_specific,context_specific,62,7,0.014292717903314489,0.0,0.06012668340100513,0.3125,-0.021390514475750244,-0.030237620736358273,0.0,0.0625
seqFISH+ olfactory bulb,gated_context_specific,extra_trees,62,7,-0.926078806624471,-0.9747914429916937,-0.19188089768605454,0.015625,0.36924976360574324,0.10701311324123303,0.38444145860091616,0.015625
seqFISH+ olfactory bulb,gated_context_specific,gated_learned_neighborhood,62,7,0.0,-0.008861853609330728,0.04630554582955382,1.0,0.0,-0.0025320194676348162,0.0,0.875
seqFISH+ olfactory bulb,gated_context_specific,gated_learned_permuted_prior,62,7,0.019049914937669943,-0.013671479873667514,0.058449764600060766,0.3125,-0.014122813128646161,-0.03748563917583608,0.002525474071295941,0.3125
seqFISH+ olfactory bulb,gated_context_specific,gated_learned_random_graph,62,7,0.004214105956813152,-0.022098654244947072,0.11630613810557988,0.46875,-0.010213020743188861,-0.04821950831258426,0.02468491843222831,0.3125
seqFISH+ olfactory bulb,gated_context_specific,gated_logreg_context_specific,62,7,-0.3464625421616687,-0.7105951042559864,-0.028526251361642885,0.03125,0.09310921480220963,0.02743125407352376,0.16602612100086483,0.03125
seqFISH+ olfactory bulb,gated_context_specific,gated_logreg_learned_neighborhood,62,7,-0.42487713927173104,-0.5894924136247144,-0.026306895673575664,0.03125,0.11337520040627924,-0.007289941735821509,0.1705059024084018,0.078125
seqFISH+ olfactory bulb,gated_context_specific,gated_logreg_learned_permuted_prior,62,7,-0.43026420202097115,-0.5641267002724708,0.005061709682872562,0.109375,0.09251627654355168,0.00738003629810513,0.16050253014766755,0.078125
seqFISH+ olfactory bulb,gated_context_specific,gated_logreg_learned_random_graph,62,7,-0.407293365536885,-0.476446684705782,0.0,0.0625,0.10021875136903524,0.011450330193731678,0.17512564644528708,0.03125
seqFISH+ olfactory bulb,gated_context_specific,gated_spatial_smoothing,62,7,-0.02077707543545071,-0.029413719148604633,0.08450721205254472,1.0,0.0,0.0,0.013635077023262193,0.75
seqFISH+ olfactory bulb,gated_context_specific,gated_spatial_smoothing_random_graph,62,7,0.0041733589934005305,-0.006232719943239484,0.03556939615584881,0.5625,-0.003385167409652945,-0.023703369783120376,0.008518654600843112,0.375
seqFISH+ olfactory bulb,gated_context_specific,learned_neighborhood,62,7,0.11827732755731679,-0.03372879744126678,0.19633804268281008,0.21875,-0.08230025100430516,-0.09190235512651324,0.0,0.125
seqFISH+ olfactory bulb,gated_context_specific,learned_permuted_prior,62,7,0.0,-0.05100103356289665,0.11241944412927002,1.0,-0.018960858634498978,-0.07201633321580042,0.015073092516940653,0.21875
seqFISH+ olfactory bulb,gated_context_specific,learned_random_graph,62,7,0.08010177267396945,0.003458069545760667,0.19601393506007758,0.109375,-0.030014782890013608,-0.12418541630608862,0.01069099818619701,0.15625
seqFISH+ olfactory bulb,gated_context_specific,linear_svm,62,7,-0.8656707682502236,-0.9737922890614628,-0.11957287049593568,0.03125,0.35988605450343397,0.08387728720707838,0.3953160096426433,0.015625
seqFISH+ olfactory bulb,gated_context_specific,logreg_context_specific,62,7,-0.23176253134033387,-0.41077023625182224,0.1377956109865519,0.21875,0.06721231302085034,-0.045752788438472775,0.16269523780534506,0.375
seqFISH+ olfactory bulb,gated_context_specific,logreg_learned_neighborhood,62,7,-0.28517811010863237,-0.5641637739463861,0.04337948312936124,0.078125,0.04460310939712231,-0.007454903770391874,0.1465927446155093,0.21875
seqFISH+ olfactory bulb,gated_context_specific,logreg_learned_permuted_prior,62,7,-0.10103102268189962,-0.36662288928181896,0.1951658300078477,0.375,-0.012030113931382036,-0.08200915013473548,0.07664010843501423,0.9375
seqFISH+ olfactory bulb,gated_context_specific,logreg_learned_random_graph,62,7,-0.15593425332669109,-0.5139364208087838,0.25806451612903214,0.375,0.07272784619928468,-0.14195367238245635,0.13273490199110394,0.9375
seqFISH+ olfactory bulb,gated_context_specific,logreg_only,62,7,-0.8657772584431065,-0.9735187656953146,-0.09644776184029524,0.015625,0.38116804367560725,0.09832542109026385,0.40405228323609077,0.015625
seqFISH+ olfactory bulb,gated_context_specific,marker_only,62,7,0.0,-0.11130917721482644,0.014053527092335219,0.84375,0.005425289369015762,-2.220446049250313e-16,0.034369564743825576,0.078125
seqFISH+ olfactory bulb,gated_context_specific,nested_gated_logreg_context_specific,62,7,-0.8657772584431065,-0.9735187656953146,-0.09644776184029524,0.015625,0.38116804367560725,0.09832542109026385,0.40405228323609077,0.015625
seqFISH+ olfactory bulb,gated_context_specific,nested_gated_logreg_learned_neighborhood,62,7,-0.8657772584431065,-0.9735187656953146,-0.09644776184029524,0.015625,0.38116804367560725,0.09832542109026385,0.40405228323609077,0.015625
seqFISH+ olfactory bulb,gated_context_specific,nested_gated_logreg_learned_permuted_prior,62,7,-0.8657772584431065,-0.9735187656953146,-0.09644776184029524,0.015625,0.38116804367560725,0.09832542109026385,0.40405228323609077,0.015625
seqFISH+ olfactory bulb,gated_context_specific,nested_gated_logreg_learned_random_graph,62,7,-0.8657772584431065,-0.9735187656953146,-0.09644776184029524,0.015625,0.38116804367560725,0.09832542109026385,0.40405228323609077,0.015625
seqFISH+ olfactory bulb,gated_context_specific,nested_logreg_context_specific,62,7,-0.8657772584431065,-0.9735187656953146,-0.09644776184029524,0.015625,0.38116804367560725,0.09832542109026385,0.40405228323609077,0.015625
seqFISH+ olfactory bulb,gated_context_specific,nested_logreg_learned_neighborhood,62,7,-0.8657772584431065,-0.9735187656953146,-0.09644776184029524,0.015625,0.38116804367560725,0.09832542109026385,0.40405228323609077,0.015625
seqFISH+ olfactory bulb,gated_context_specific,nested_logreg_learned_permuted_prior,62,7,-0.8657772584431065,-0.9735187656953146,-0.09644776184029524,0.015625,0.38116804367560725,0.09832542109026385,0.40405228323609077,0.015625
seqFISH+ olfactory bulb,gated_context_specific,nested_logreg_learned_random_graph,62,7,-0.8657772584431065,-0.9735187656953146,-0.09644776184029524,0.015625,0.38116804367560725,0.09832542109026385,0.40405228323609077,0.015625
seqFISH+ olfactory bulb,gated_context_specific,pca_knn,62,7,-0.926078806624471,-0.9847108510595428,-0.27278217265124893,0.015625,0.3858806029189331,0.10774948307567359,0.40859786329343634,0.015625
seqFISH+ olfactory bulb,gated_context_specific,singler_native,62,7,-0.9366098643834997,-0.9958581658524716,-0.13887618679826497,0.015625,0.37840870389510045,0.07269223959957866,0.4061588477859474,0.015625
seqFISH+ olfactory bulb,gated_context_specific,spatial_smoothing,62,7,0.0,-0.02077707543545071,0.09298495476910384,0.4375,0.0,-0.03253709478276118,0.02094901025724563,0.625
seqFISH+ olfactory bulb,gated_context_specific,spatial_smoothing_random_graph,62,7,0.052457570176723034,-0.034403119126759266,0.14951501596651526,0.296875,-0.01775366356745972,-0.052826779016329456,0.015903349667877126,0.21875
seqFISH+ olfactory bulb,gated_learned_neighborhood,context_specific,62,7,-0.02075846577685045,-0.05670710062813608,0.3232580513549942,0.8125,-0.02473222992218871,-0.06519686925847176,0.0,0.15625
seqFISH+ olfactory bulb,gated_learned_neighborhood,extra_trees,62,7,-0.8052180100347871,-1.0172179485501551,-0.20723815959683933,0.015625,0.30857569943502533,0.15042792475095643,0.48218169501942126,0.015625
seqFISH+ olfactory bulb,gated_learned_neighborhood,gated_context_specific,62,7,0.0,-0.04630554582955382,0.008861853609330728,1.0,0.0,0.0,0.0025320194676348162,0.875
seqFISH+ olfactory bulb,gated_learned_neighborhood,gated_learned_permuted_prior,62,7,0.004628635891991972,-0.039952581507899765,0.044400550641229275,0.5625,0.0,-0.025049328413803973,0.0,0.375
seqFISH+ olfactory bulb,gated_learned_neighborhood,gated_learned_random_graph,62,7,0.03159168371473242,-0.054998716431925804,0.10244505497852607,0.5625,0.0,-0.036872151448603785,0.02274772881143544,0.625
seqFISH+ olfactory bulb,gated_learned_neighborhood,gated_logreg_context_specific,62,7,-0.34352472918549715,-0.45259397321412165,-0.021029041037100016,0.015625,0.14118116525288524,0.0,0.1737190738417564,0.0625
seqFISH+ olfactory bulb,gated_learned_neighborhood,gated_logreg_learned_neighborhood,62,7,-0.4359509703697714,-0.48205169260865,-0.021029041037100016,0.03125,0.14741357573966274,0.0,0.1882999361019061,0.0625
seqFISH+ olfactory bulb,gated_learned_neighborhood,gated_logreg_learned_permuted_prior,62,7,-0.41285319250328467,-0.4593152660944309,-0.0064419682886382446,0.015625,0.12997047731164835,0.014920721492086952,0.16091651046144168,0.03125
seqFISH+ olfactory bulb,gated_learned_neighborhood,gated_logreg_learned_random_graph,62,7,-0.3508469121898232,-0.5887818991428884,-0.002649002496164732,0.03125,0.14958551006135867,0.0,0.16569824268234348,0.0625
seqFISH+ olfactory bulb,gated_learned_neighborhood,gated_spatial_smoothing,62,7,-0.003758945446537515,-0.05152558100274146,0.0,0.3125,0.01148058636493765,0.0,0.02196355180167031,0.125
seqFISH+ olfactory bulb,gated_learned_neighborhood,gated_spatial_smoothing_random_graph,62,7,0.0,-0.08722374120150987,0.03445473880052097,0.8125,0.0,-0.019354232060839444,0.03573307695719363,0.6875
seqFISH+ olfactory bulb,gated_learned_neighborhood,learned_neighborhood,62,7,0.023656215084372836,0.0,0.06584101463362567,0.0625,-0.04130278009153571,-0.05914791702724481,0.0,0.0625
seqFISH+ olfactory bulb,gated_learned_neighborhood,learned_permuted_prior,62,7,0.0,-0.08656995320902725,0.07431415443354861,1.0,-0.0081595984612583,-0.07148288699378752,0.014315318095697804,0.3125
seqFISH+ olfactory bulb,gated_learned_neighborhood,learned_random_graph,62,7,0.035071425858096805,5.551115123125783e-17,0.21713858350500545,0.078125,-0.009304751743074352,-0.10410691186385923,0.017497519738569167,0.3125
seqFISH+ olfactory bulb,gated_learned_neighborhood,linear_svm,62,7,-0.758125429631656,-1.0464676431966886,-0.13493013240672047,0.03125,0.3197380412911349,0.08387728720707838,0.449746960329763,0.015625
seqFISH+ olfactory bulb,gated_learned_neighborhood,logreg_context_specific,62,7,-0.23133673904771596,-0.4590836565848318,0.11348590134227221,0.21875,0.03349942431702457,-0.049821696151655936,0.17699936164095686,0.46875
seqFISH+ olfactory bulb,gated_learned_neighborhood,logreg_learned_neighborhood,62,7,-0.15086456279546245,-0.6223557413071921,0.030871376581738663,0.078125,0.0549778970918835,0.002388503032462297,0.21696211038033675,0.109375
seqFISH+ olfactory bulb,gated_learned_neighborhood,logreg_learned_permuted_prior,62,7,-0.1728805096202987,-0.2637523469111447,0.08656738977538325,0.21875,0.03024528378862057,-0.10648315845254061,0.047300396303112446,1.0
seqFISH+ olfactory bulb,gated_learned_neighborhood,logreg_learned_random_graph,62,7,-0.2628499840331464,-0.5734838637191434,0.25806451612903214,0.21875,0.1010430953301526,-0.14195367238245635,0.16442886248592398,0.46875
seqFISH+ olfactory bulb,gated_learned_neighborhood,logreg_only,62,7,-0.7519720230622265,-1.0489377212446278,-0.11563885687956954,0.015625,0.3679424895877229,0.10065467217655172,0.4986136490161385,0.015625
seqFISH+ olfactory bulb,gated_learned_neighborhood,marker_only,62,7,-0.06447524283124301,-0.06852071716445862,0.0,0.3125,0.021963551801670422,0.005754426766184206,0.039412498438152116,0.21875
seqFISH+ olfactory bulb,gated_learned_neighborhood,nested_gated_logreg_context_specific,62,7,-0.7519720230622265,-1.0489377212446278,-0.11563885687956954,0.015625,0.3679424895877229,0.10065467217655172,0.4986136490161385,0.015625
seqFISH+ olfactory bulb,gated_learned_neighborhood,nested_gated_logreg_learned_neighborhood,62,7,-0.7519720230622265,-1.0489377212446278,-0.11563885687956954,0.015625,0.3679424895877229,0.10065467217655172,0.4986136490161385,0.015625
seqFISH+ olfactory bulb,gated_learned_neighborhood,nested_gated_logreg_learned_permuted_prior,62,7,-0.7519720230622265,-1.0489377212446278,-0.11563885687956954,0.015625,0.3679424895877229,0.10065467217655172,0.4986136490161385,0.015625
seqFISH+ olfactory bulb,gated_learned_neighborhood,nested_gated_logreg_learned_random_graph,62,7,-0.7519720230622265,-1.0489377212446278,-0.11563885687956954,0.015625,0.3679424895877229,0.10065467217655172,0.4986136490161385,0.015625
seqFISH+ olfactory bulb,gated_learned_neighborhood,nested_logreg_context_specific,62,7,-0.7519720230622265,-1.0489377212446278,-0.11563885687956954,0.015625,0.3679424895877229,0.10065467217655172,0.4986136490161385,0.015625
seqFISH+ olfactory bulb,gated_learned_neighborhood,nested_logreg_learned_neighborhood,62,7,-0.7519720230622265,-1.0489377212446278,-0.11563885687956954,0.015625,0.3679424895877229,0.10065467217655172,0.4986136490161385,0.015625
seqFISH+ olfactory bulb,gated_learned_neighborhood,nested_logreg_learned_permuted_prior,62,7,-0.7519720230622265,-1.0489377212446278,-0.11563885687956954,0.015625,0.3679424895877229,0.10065467217655172,0.4986136490161385,0.015625
seqFISH+ olfactory bulb,gated_learned_neighborhood,nested_logreg_learned_random_graph,62,7,-0.7519720230622265,-1.0489377212446278,-0.11563885687956954,0.015625,0.3679424895877229,0.10065467217655172,0.4986136490161385,0.015625
seqFISH+ olfactory bulb,gated_learned_neighborhood,pca_knn,62,7,-0.7969071047899989,-1.0416323674479409,-0.2881394345620337,0.015625,0.33325087289077204,0.1459323405915515,0.5055239434697553,0.015625
seqFISH+ olfactory bulb,gated_learned_neighborhood,singler_native,62,7,-0.7983420878905912,-1.0253961358478632,-0.09892807032591666,0.015625,0.35502374697780104,0.0783884817388612,0.47614894031360555,0.015625
seqFISH+ olfactory bulb,gated_learned_neighborhood,spatial_smoothing,62,7,0.0014459533876596264,-0.07215309923870938,0.04350654108835919,1.0,0.005275318178389998,0.0,0.022201773480804488,0.1875
seqFISH+ olfactory bulb,gated_learned_neighborhood,spatial_smoothing_random_graph,62,7,0.04645859183981843,-0.046113375231318365,0.18256936121708578,0.375,-0.022471088681810247,-0.05116980665962964,0.02876660834619324,0.578125
seqFISH+ olfactory bulb,gated_learned_permuted_prior,context_specific,62,7,0.007427822443672016,-0.027703986043243534,0.15783316101153283,0.8125,-0.01903300994618848,-0.0675213463314212,0.02042729668245813,0.46875
seqFISH+ olfactory bulb,gated_learned_permuted_prior,extra_trees,62,7,-0.8406911142629393,-0.9031796760172989,-0.2773247835849224,0.015625,0.33957716123932336,0.15604159232663178,0.45299378885112257,0.015625
seqFISH+ olfactory bulb,gated_learned_permuted_prior,gated_context_specific,62,7,-0.019049914937669943,-0.058449764600060766,0.013671479873667514,0.3125,0.014122813128646161,-0.002525474071295941,0.03748563917583608,0.3125
seqFISH+ olfactory bulb,gated_learned_permuted_prior,gated_learned_neighborhood,62,7,-0.004628635891991972,-0.044400550641229275,0.039952581507899765,0.5625,0.0,0.0,0.025049328413803973,0.375
seqFISH+ olfactory bulb,gated_learned_permuted_prior,gated_learned_random_graph,62,7,0.021161736290419203,0.0,0.060637600402350805,0.09375,0.0,-0.016978333914012822,0.018019581925443978,1.0
seqFISH+ olfactory bulb,gated_learned_permuted_prior,gated_logreg_context_specific,62,7,-0.3035721476775974,-0.4261214595570366,-0.09638939982608932,0.03125,0.10819494277345792,0.02626433576408077,0.21304357127195736,0.03125
seqFISH+ olfactory bulb,gated_learned_permuted_prior,gated_logreg_learned_neighborhood,62,7,-0.28739276378334866,-0.47099234581553584,-0.06086588294369294,0.03125,0.14125229530156308,0.019361974755376182,0.17967855907397706,0.046875
seqFISH+ olfactory bulb,gated_learned_permuted_prior,gated_logreg_learned_permuted_prior,62,7,-0.316940007886724,-0.5184740092949796,0.0,0.0625,0.12997047731164835,0.039352369879334714,0.17034391422438527,0.03125
seqFISH+ olfactory bulb,gated_learned_permuted_prior,gated_logreg_learned_random_graph,62,7,-0.28936755869157765,-0.5707612426379837,-0.050070214704308724,0.03125,0.14499041682779806,0.03649965860753565,0.17512564644528708,0.03125
seqFISH+ olfactory bulb,gated_learned_permuted_prior,gated_spatial_smoothing,62,7,0.0,-0.048120510429505825,0.062151234515043674,1.0,0.0,-0.0037942423366641997,0.007898723955856918,0.8125
seqFISH+ olfactory bulb,gated_learned_permuted_prior,gated_spatial_smoothing_random_graph,62,7,0.0,-0.06211449713844963,0.026844519802029537,1.0,0.0032806876645757044,0.0,0.040192541655465513,0.3125
seqFISH+ olfactory bulb,gated_learned_permuted_prior,learned_neighborhood,62,7,0.0,-0.06086588294369294,0.14390862122256387,0.4375,-0.019033579833411973,-0.08496134416912618,0.0,0.09375
seqFISH+ olfactory bulb,gated_learned_permuted_prior,learned_permuted_prior,62,7,-0.016489615379092992,-0.060191865723242144,0.03380359037825453,0.84375,0.0,-0.03453069403996434,0.009211244548951503,0.3125
seqFISH+ olfactory bulb,gated_learned_permuted_prior,learned_random_graph,62,7,0.09904472626535699,0.06143414839787382,0.18796231771490052,0.03125,-0.04152568877850504,-0.06001217752575516,0.010943146149163141,0.15625
seqFISH+ olfactory bulb,gated_learned_permuted_prior,linear_svm,62,7,-0.7589867379937749,-0.8793967235003444,-0.20949880267018695,0.03125,0.32766056986664444,0.09858444724467266,0.45127007102259914,0.015625
seqFISH+ olfactory bulb,gated_learned_permuted_prior,logreg_context_specific,62,7,-0.04633491203446122,-0.4781247621668786,0.10956703019440661,0.46875,0.05459293523778114,-0.03907968058498079,0.19088790894442956,0.21875
seqFISH+ olfactory bulb,gated_learned_permuted_prior,logreg_learned_neighborhood,62,7,-0.16703827619526512,-0.4619826720304889,0.04628918849830166,0.15625,0.04782861012833295,-0.0003480963261633663,0.18791257400861092,0.21875
seqFISH+ olfactory bulb,gated_learned_permuted_prior,logreg_learned_permuted_prior,62,7,-0.1341596857487094,-0.19370403950669463,0.0899883402199777,0.21875,0.0393563828399513,-0.08070867232592208,0.07035962098245341,0.9375
seqFISH+ olfactory bulb,gated_learned_permuted_prior,logreg_learned_random_graph,62,7,-0.10750406681866928,-0.5176478816348774,0.24276513400768773,0.46875,0.05820430492162798,-0.11690434396865237,0.112699314097362,0.6875
seqFISH+ olfactory bulb,gated_learned_permuted_prior,logreg_only,62,7,-0.76429106270549,-0.8306363903441485,-0.28632293978163836,0.015625,0.3321108177975485,0.14364107157471007,0.46537215465278003,0.015625
seqFISH+ olfactory bulb,gated_learned_permuted_prior,marker_only,62,7,-0.02224264514374158,-0.12408977013300024,0.0133017577278354,0.375,0.026942228858244224,0.015655766724370024,0.039278792724223244,0.109375
seqFISH+ olfactory bulb,gated_learned_permuted_prior,nested_gated_logreg_context_specific,62,7,-0.76429106270549,-0.8306363903441485,-0.28632293978163836,0.015625,0.3321108177975485,0.14364107157471007,0.46537215465278003,0.015625
seqFISH+ olfactory bulb,gated_learned_permuted_prior,nested_gated_logreg_learned_neighborhood,62,7,-0.76429106270549,-0.8306363903441485,-0.28632293978163836,0.015625,0.3321108177975485,0.14364107157471007,0.46537215465278003,0.015625
seqFISH+ olfactory bulb,gated_learned_permuted_prior,nested_gated_logreg_learned_permuted_prior,62,7,-0.76429106270549,-0.8306363903441485,-0.28632293978163836,0.015625,0.3321108177975485,0.14364107157471007,0.46537215465278003,0.015625
seqFISH+ olfactory bulb,gated_learned_permuted_prior,nested_gated_logreg_learned_random_graph,62,7,-0.76429106270549,-0.8306363903441485,-0.28632293978163836,0.015625,0.3321108177975485,0.14364107157471007,0.46537215465278003,0.015625
seqFISH+ olfactory bulb,gated_learned_permuted_prior,nested_logreg_context_specific,62,7,-0.76429106270549,-0.8306363903441485,-0.28632293978163836,0.015625,0.3321108177975485,0.14364107157471007,0.46537215465278003,0.015625
seqFISH+ olfactory bulb,gated_learned_permuted_prior,nested_logreg_learned_neighborhood,62,7,-0.76429106270549,-0.8306363903441485,-0.28632293978163836,0.015625,0.3321108177975485,0.14364107157471007,0.46537215465278003,0.015625
seqFISH+ olfactory bulb,gated_learned_permuted_prior,nested_logreg_learned_permuted_prior,62,7,-0.76429106270549,-0.8306363903441485,-0.28632293978163836,0.015625,0.3321108177975485,0.14364107157471007,0.46537215465278003,0.015625
seqFISH+ olfactory bulb,gated_learned_permuted_prior,nested_logreg_learned_random_graph,62,7,-0.76429106270549,-0.8306363903441485,-0.28632293978163836,0.015625,0.3321108177975485,0.14364107157471007,0.46537215465278003,0.015625
seqFISH+ olfactory bulb,gated_learned_permuted_prior,pca_knn,62,7,-0.8549504840043711,-0.9054665023382877,-0.3582260585501168,0.015625,0.3490583812881507,0.13750930346288115,0.5016543939654413,0.015625
seqFISH+ olfactory bulb,gated_learned_permuted_prior,singler_native,62,7,-0.8418486289789504,-0.9003477469825343,-0.2696121532279855,0.015625,0.337029158932297,0.11787754387659968,0.47132239486015953,0.015625
seqFISH+ olfactory bulb,gated_learned_permuted_prior,spatial_smoothing,62,7,0.003999679681589763,-0.048120510429505825,0.10022632427710795,0.4375,0.0,-0.012081858840413628,0.013920733902320293,0.8125
seqFISH+ olfactory bulb,gated_learned_permuted_prior,spatial_smoothing_random_graph,62,7,0.047797902916032364,-0.08397423505304197,0.16820599889162346,0.46875,-0.008183407261471293,-0.061247453314015265,0.04072601346461291,0.9375
seqFISH+ olfactory bulb,gated_learned_random_graph,context_specific,62,7,-0.027047880770610155,-0.0734205887247626,0.24250430860702554,0.9375,0.003084746714456993,-0.02363573191696,0.022040718093447542,1.0
seqFISH+ olfactory bulb,gated_learned_random_graph,extra_trees,62,7,-0.7926367763385854,-1.0541492897106688,-0.3096832145753654,0.015625,0.36490240666190915,0.15667552098974336,0.4645876816225577,0.015625
seqFISH+ olfactory bulb,gated_learned_random_graph,gated_context_specific,62,7,-0.004214105956813152,-0.11630613810557988,0.022098654244947072,0.46875,0.010213020743188861,-0.02468491843222831,0.04821950831258426,0.3125
seqFISH+ olfactory bulb,gated_learned_random_graph,gated_learned_neighborhood,62,7,-0.03159168371473242,-0.10244505497852607,0.054998716431925804,0.5625,0.0,-0.02274772881143544,0.036872151448603785,0.625
seqFISH+ olfactory bulb,gated_learned_random_graph,gated_learned_permuted_prior,62,7,-0.021161736290419203,-0.060637600402350805,0.0,0.09375,0.0,-0.018019581925443978,0.016978333914012822,1.0
seqFISH+ olfactory bulb,gated_learned_random_graph,gated_logreg_context_specific,62,7,-0.44728319584745585,-0.6729216718719295,-0.038346020611717185,0.03125,0.14732956650520537,0.05712379598279799,0.19845010706222554,0.03125
seqFISH+ olfactory bulb,gated_learned_random_graph,gated_logreg_learned_neighborhood,62,7,-0.42705297617672416,-0.6217347944830678,0.0,0.0625,0.1318923566803521,0.05712379598279799,0.19684715810662945,0.03125
seqFISH+ olfactory bulb,gated_learned_random_graph,gated_logreg_learned_permuted_prior,62,7,-0.40604065947561097,-0.5246063284085597,0.0,0.0625,0.13252239577615596,0.016984825785790414,0.17195052768403069,0.03125
seqFISH+ olfactory bulb,gated_learned_random_graph,gated_logreg_learned_random_graph,62,7,-0.42902777108495316,-0.5872418322190713,0.0,0.09375,0.1280638481398567,0.02486148135042654,0.2032816054659489,0.015625
seqFISH+ olfactory bulb,gated_learned_random_graph,gated_spatial_smoothing,62,7,-0.022842199620724396,-0.06889264109413704,0.0,0.15625,0.013941411627256817,0.0030388384756904196,0.023957843763666997,0.03125
seqFISH+ olfactory bulb,gated_learned_random_graph,gated_spatial_smoothing_random_graph,62,7,-0.006232719943239484,-0.07230471420331508,0.05104589241942424,0.5625,0.009785996977267342,-0.014085801668540454,0.04516376049224574,0.3125
seqFISH+ olfactory bulb,gated_learned_random_graph,learned_neighborhood,62,7,0.015991097713505598,-0.0034071602700273887,0.07631163830858023,0.4375,-0.0494244363795146,-0.07369796003437079,0.0,0.09375
seqFISH+ olfactory bulb,gated_learned_random_graph,learned_permuted_prior,62,7,-0.04536540346967266,-0.16091641368276377,0.0,0.4375,-0.004440832230047209,-0.07868521351011953,0.0,0.21875
seqFISH+ olfactory bulb,gated_learned_random_graph,learned_random_graph,62,7,0.02208544953351832,0.0,0.05614577015050398,0.0625,-0.033678300422318785,-0.058695651389338355,-0.011651675612790513,0.03125
seqFISH+ olfactory bulb,gated_learned_random_graph,linear_svm,62,7,-0.7842741803205793,-1.032841294404073,-0.23737518738524654,0.03125,0.35100655948133663,0.13155919745836916,0.4385851597114914,0.015625
seqFISH+ olfactory bulb,gated_learned_random_graph,logreg_context_specific,62,7,-0.10167297464137459,-0.4858419512741129,0.00783963041608371,0.109375,0.03896872460888445,-0.03257726584010602,0.1807337284135685,0.21875
seqFISH+ olfactory bulb,gated_learned_random_graph,logreg_learned_neighborhood,62,7,-0.2681414599717722,-0.5275012897329969,0.030031859800300653,0.078125,0.0665175891860103,-0.016410597873118965,0.17522021180148506,0.15625
seqFISH+ olfactory bulb,gated_learned_random_graph,logreg_learned_permuted_prior,62,7,-0.1773828466204831,-0.353571670347231,0.052112650974862285,0.21875,0.005283245120214941,-0.06512200975079416,0.08865403653438425,0.6875
seqFISH+ olfactory bulb,gated_learned_random_graph,logreg_learned_random_graph,62,7,-0.2860701692897295,-0.5948930712795623,0.20817378748036686,0.15625,0.08965735210892428,-0.08912689336612689,0.13463545087892614,0.375
seqFISH+ olfactory bulb,gated_learned_random_graph,logreg_only,62,7,-0.7217934405921377,-0.9926684851815261,-0.30361627467868046,0.015625,0.37092618299931945,0.1749862262954574,0.47451031525254467,0.015625
seqFISH+ olfactory bulb,gated_learned_random_graph,marker_only,62,7,-0.0029392654130687146,-0.11941434277485656,0.0,0.4375,0.023957843763666997,0.0,0.04292985805018319,0.15625
seqFISH+ olfactory bulb,gated_learned_random_graph,nested_gated_logreg_context_specific,62,7,-0.7217934405921377,-0.9926684851815261,-0.30361627467868046,0.015625,0.37092618299931945,0.1749862262954574,0.47451031525254467,0.015625
seqFISH+ olfactory bulb,gated_learned_random_graph,nested_gated_logreg_learned_neighborhood,62,7,-0.7217934405921377,-0.9926684851815261,-0.30361627467868046,0.015625,0.37092618299931945,0.1749862262954574,0.47451031525254467,0.015625
seqFISH+ olfactory bulb,gated_learned_random_graph,nested_gated_logreg_learned_permuted_prior,62,7,-0.7217934405921377,-0.9926684851815261,-0.30361627467868046,0.015625,0.37092618299931945,0.1749862262954574,0.47451031525254467,0.015625
seqFISH+ olfactory bulb,gated_learned_random_graph,nested_gated_logreg_learned_random_graph,62,7,-0.7217934405921377,-0.9926684851815261,-0.30361627467868046,0.015625,0.37092618299931945,0.1749862262954574,0.47451031525254467,0.015625
seqFISH+ olfactory bulb,gated_learned_random_graph,nested_logreg_context_specific,62,7,-0.7217934405921377,-0.9926684851815261,-0.30361627467868046,0.015625,0.37092618299931945,0.1749862262954574,0.47451031525254467,0.015625
seqFISH+ olfactory bulb,gated_learned_random_graph,nested_logreg_learned_neighborhood,62,7,-0.7217934405921377,-0.9926684851815261,-0.30361627467868046,0.015625,0.37092618299931945,0.1749862262954574,0.47451031525254467,0.015625
seqFISH+ olfactory bulb,gated_learned_random_graph,nested_logreg_learned_permuted_prior,62,7,-0.7217934405921377,-0.9926684851815261,-0.30361627467868046,0.015625,0.37092618299931945,0.1749862262954574,0.47451031525254467,0.015625
seqFISH+ olfactory bulb,gated_learned_random_graph,nested_logreg_learned_random_graph,62,7,-0.7217934405921377,-0.9926684851815261,-0.30361627467868046,0.015625,0.37092618299931945,0.1749862262954574,0.47451031525254467,0.015625
seqFISH+ olfactory bulb,gated_learned_random_graph,pca_knn,62,7,-0.802856471025899,-1.0629330795271488,-0.3905844895405598,0.015625,0.38377213120347303,0.15325958348888977,0.5095694685214684,0.015625
seqFISH+ olfactory bulb,gated_learned_random_graph,singler_native,62,7,-0.802856471025899,-1.0721687836487028,-0.2869054881250276,0.015625,0.36490240666190915,0.12235464734808899,0.4882487679529779,0.015625
seqFISH+ olfactory bulb,gated_learned_random_graph,spatial_smoothing,62,7,-0.030061497409071825,-0.08809993028079632,0.0013152787851608838,0.5625,0.01277947522541134,0.0,0.020132870195859326,0.09375
seqFISH+ olfactory bulb,gated_learned_random_graph,spatial_smoothing_random_graph,62,7,0.010404765713411313,-0.08528544559141746,0.10418232318934106,0.8125,-0.01374575502687106,-0.03136261349792063,0.06832458046156875,0.8125
seqFISH+ olfactory bulb,gated_logreg_context_specific,context_specific,62,7,0.4735042844728331,0.0,0.7420669744518942,0.0625,-0.13955399062541596,-0.18432858738738872,0.0,0.09375
seqFISH+ olfactory bulb,gated_logreg_context_specific,extra_trees,62,7,-0.30323533072305686,-0.4060617058102023,-0.22333194802439366,0.015625,0.23613869155399203,0.13043478260869565,0.2612016699167384,0.015625
seqFISH+ olfactory bulb,gated_logreg_context_specific,gated_context_specific,62,7,0.3464625421616687,0.028526251361642885,0.7105951042559864,0.03125,-0.09310921480220963,-0.16602612100086483,-0.02743125407352376,0.03125
seqFISH+ olfactory bulb,gated_logreg_context_specific,gated_learned_neighborhood,62,7,0.34352472918549715,0.021029041037100016,0.45259397321412165,0.015625,-0.14118116525288524,-0.1737190738417564,0.0,0.0625
seqFISH+ olfactory bulb,gated_logreg_context_specific,gated_learned_permuted_prior,62,7,0.3035721476775974,0.09638939982608932,0.4261214595570366,0.03125,-0.10819494277345792,-0.21304357127195736,-0.02626433576408077,0.03125
seqFISH+ olfactory bulb,gated_logreg_context_specific,gated_learned_random_graph,62,7,0.44728319584745585,0.038346020611717185,0.6729216718719295,0.03125,-0.14732956650520537,-0.19845010706222554,-0.05712379598279799,0.03125
seqFISH+ olfactory bulb,gated_logreg_context_specific,gated_logreg_learned_neighborhood,62,7,0.0,-0.03553808847226447,0.002531261306477073,1.0,0.0,-0.009790115818152145,0.006232410486777501,0.875
seqFISH+ olfactory bulb,gated_logreg_context_specific,gated_logreg_learned_permuted_prior,62,7,-0.023749627179463828,-0.03914459332941034,0.0,0.4375,-0.005558372292214453,-0.009790115818152145,0.001397921268804031,0.296875
seqFISH+ olfactory bulb,gated_logreg_context_specific,gated_logreg_learned_random_graph,62,7,0.0,-0.06083082337521628,0.039064440454917776,1.0,0.003328849003662482,-0.007898723955856862,0.0096048639865568,0.84375
seqFISH+ olfactory bulb,gated_logreg_context_specific,gated_spatial_smoothing,62,7,0.3464625421616687,0.02376859280333843,0.4828310696266759,0.03125,-0.12628150278806852,-0.1415129765868799,-0.03542439898304192,0.03125
seqFISH+ olfactory bulb,gated_logreg_context_specific,gated_spatial_smoothing_random_graph,62,7,0.29001608881460694,0.06897095497645844,0.5867606001613206,0.03125,-0.12214704063445125,-0.1519440597920957,-0.018912599472680647,0.015625
seqFISH+ olfactory bulb,gated_logreg_context_specific,learned_neighborhood,62,7,0.44387603557742844,0.004565297192489104,0.6088277033387355,0.015625,-0.12231337249598281,-0.30016086590241425,-0.00791523951741957,0.03125
seqFISH+ olfactory bulb,gated_logreg_context_specific,learned_permuted_prior,62,7,0.4815258104240726,0.038088924829086934,0.6425499706654944,0.03125,-0.18001640938410846,-0.2550606531796398,-0.05539303150765762,0.03125
seqFISH+ olfactory bulb,gated_logreg_context_specific,learned_random_graph,62,7,0.5423685268502854,0.04218106309997671,0.7126367725655063,0.015625,-0.19161402911233466,-0.2213405387774956,-0.07142857142857145,0.015625
seqFISH+ olfactory bulb,gated_logreg_context_specific,linear_svm,62,7,-0.33908781296790025,-0.37145275357450236,-0.0910466191342928,0.015625,0.225623630954561,0.07922247248929648,0.2425831839863815,0.015625
seqFISH+ olfactory bulb,gated_logreg_context_specific,logreg_context_specific,62,7,0.18815884512797765,0.0535954113641495,0.35391751383578307,0.015625,-0.07548875021634693,-0.08410167253413398,-0.04175711696662693,0.015625
seqFISH+ olfactory bulb,gated_logreg_context_specific,logreg_learned_neighborhood,62,7,0.09374271727078698,0.028852662294779285,0.1971448940903072,0.03125,-0.03743782931258072,-0.043657957176418516,0.0014944278559433921,0.078125
seqFISH+ olfactory bulb,gated_logreg_context_specific,logreg_learned_permuted_prior,62,7,0.2027383357838216,0.14180330357935245,0.232417420050342,0.015625,-0.09669926422914388,-0.11910487221088135,-0.07480719059946334,0.015625
seqFISH+ olfactory bulb,gated_logreg_context_specific,logreg_learned_random_graph,62,7,0.03955641814601539,-0.03938378603936721,0.2656171368899348,0.296875,-0.016258179846138504,-0.148349120493745,-0.012014931241724258,0.015625
seqFISH+ olfactory bulb,gated_logreg_context_specific,logreg_only,62,7,-0.33639805936919265,-0.35743259955914475,-0.0425534019444993,0.015625,0.2199743900895966,0.10595721162167185,0.267578664310826,0.015625
seqFISH+ olfactory bulb,gated_logreg_context_specific,marker_only,62,7,0.29001608881460694,0.021029041037100016,0.5952299731929884,0.03125,-0.12214704063445125,-0.15546196207608487,0.02207992441459347,0.109375
seqFISH+ olfactory bulb,gated_logreg_context_specific,nested_gated_logreg_context_specific,62,7,-0.33639805936919265,-0.35743259955914475,-0.0425534019444993,0.015625,0.2199743900895966,0.10595721162167185,0.267578664310826,0.015625
seqFISH+ olfactory bulb,gated_logreg_context_specific,nested_gated_logreg_learned_neighborhood,62,7,-0.33639805936919265,-0.35743259955914475,-0.0425534019444993,0.015625,0.2199743900895966,0.10595721162167185,0.267578664310826,0.015625
seqFISH+ olfactory bulb,gated_logreg_context_specific,nested_gated_logreg_learned_permuted_prior,62,7,-0.33639805936919265,-0.35743259955914475,-0.0425534019444993,0.015625,0.2199743900895966,0.10595721162167185,0.267578664310826,0.015625
seqFISH+ olfactory bulb,gated_logreg_context_specific,nested_gated_logreg_learned_random_graph,62,7,-0.33639805936919265,-0.35743259955914475,-0.0425534019444993,0.015625,0.2199743900895966,0.10595721162167185,0.267578664310826,0.015625
seqFISH+ olfactory bulb,gated_logreg_context_specific,nested_logreg_context_specific,62,7,-0.33639805936919265,-0.35743259955914475,-0.0425534019444993,0.015625,0.2199743900895966,0.10595721162167185,0.267578664310826,0.015625
seqFISH+ olfactory bulb,gated_logreg_context_specific,nested_logreg_learned_neighborhood,62,7,-0.33639805936919265,-0.35743259955914475,-0.0425534019444993,0.015625,0.2199743900895966,0.10595721162167185,0.267578664310826,0.015625
seqFISH+ olfactory bulb,gated_logreg_context_specific,nested_logreg_learned_permuted_prior,62,7,-0.33639805936919265,-0.35743259955914475,-0.0425534019444993,0.015625,0.2199743900895966,0.10595721162167185,0.267578664310826,0.015625
seqFISH+ olfactory bulb,gated_logreg_context_specific,nested_logreg_learned_random_graph,62,7,-0.33639805936919265,-0.35743259955914475,-0.0425534019444993,0.015625,0.2199743900895966,0.10595721162167185,0.267578664310826,0.015625
seqFISH+ olfactory bulb,gated_logreg_context_specific,pca_knn,62,7,-0.35743259955914475,-0.39727294642676325,-0.24425592128960605,0.015625,0.23061585121727332,0.05774323723427404,0.277944916721624,0.015625
seqFISH+ olfactory bulb,gated_logreg_context_specific,singler_native,62,7,-0.2922274697214916,-0.4056369443223836,-0.08872601755815435,0.015625,0.23613869155399203,0.11340199901229446,0.27005665775430376,0.015625
seqFISH+ olfactory bulb,gated_logreg_context_specific,spatial_smoothing,62,7,0.3464625421616687,0.05427774586962461,0.5711247078814423,0.03125,-0.1290489705534807,-0.19162129925630472,-0.03409207261251285,0.03125
seqFISH+ olfactory bulb,gated_logreg_context_specific,spatial_smoothing_random_graph,62,7,0.29001608881460694,0.1015669538874917,0.5943274584486601,0.015625,-0.12214704063445125,-0.178692180003126,-0.058257083509519025,0.015625
seqFISH+ olfactory bulb,gated_logreg_learned_neighborhood,context_specific,62,7,0.4160806517506289,-0.024700542165544404,0.7346827116685704,0.078125,-0.1474275885513533,-0.1996670601804813,0.0029436539867386535,0.109375
seqFISH+ olfactory bulb,gated_logreg_learned_neighborhood,extra_trees,62,7,-0.31031685769042006,-0.422465235351343,-0.262141783189594,0.015625,0.23613869155399203,0.17188286371696737,0.2612016699167384,0.015625
seqFISH+ olfactory bulb,gated_logreg_learned_neighborhood,gated_context_specific,62,7,0.42487713927173104,0.026306895673575664,0.5894924136247144,0.03125,-0.11337520040627924,-0.1705059024084018,0.007289941735821509,0.078125
seqFISH+ olfactory bulb,gated_logreg_learned_neighborhood,gated_learned_neighborhood,62,7,0.4359509703697714,0.021029041037100016,0.48205169260865,0.03125,-0.14741357573966274,-0.1882999361019061,0.0,0.0625
seqFISH+ olfactory bulb,gated_logreg_learned_neighborhood,gated_learned_permuted_prior,62,7,0.28739276378334866,0.06086588294369294,0.47099234581553584,0.03125,-0.14125229530156308,-0.17967855907397706,-0.019361974755376182,0.046875
seqFISH+ olfactory bulb,gated_logreg_learned_neighborhood,gated_learned_random_graph,62,7,0.42705297617672416,0.0,0.6217347944830678,0.0625,-0.1318923566803521,-0.19684715810662945,-0.05712379598279799,0.03125
seqFISH+ olfactory bulb,gated_logreg_learned_neighborhood,gated_logreg_context_specific,62,7,0.0,-0.002531261306477073,0.03553808847226447,1.0,0.0,-0.006232410486777501,0.009790115818152145,0.875
seqFISH+ olfactory bulb,gated_logreg_learned_neighborhood,gated_logreg_learned_permuted_prior,62,7,-0.0048533153476644775,-0.06020453379366286,0.018334287468304455,0.46875,-0.00048639343570383575,-0.014855073379105244,0.0,0.3125
seqFISH+ olfactory bulb,gated_logreg_learned_neighborhood,gated_logreg_learned_random_graph,62,7,0.0,-0.04190281587286504,0.01414095047751529,0.84375,-0.00661763761821621,-0.013806502787550162,0.0,0.0625
seqFISH+ olfactory bulb,gated_logreg_learned_neighborhood,gated_spatial_smoothing,62,7,0.2937379400861266,0.021029041037100016,0.5600786944761098,0.015625,-0.12558229141656466,-0.14741357573966274,-0.02020082805301593,0.046875
seqFISH+ olfactory bulb,gated_logreg_learned_neighborhood,gated_spatial_smoothing_random_graph,62,7,0.36349055813250486,0.03905883692569345,0.5457713802959391,0.015625,-0.12679271217649277,-0.14699640677184,-0.001248666342630489,0.046875
seqFISH+ olfactory bulb,gated_logreg_learned_neighborhood,learned_neighborhood,62,7,0.48455090636829573,0.0,0.6066530497289817,0.0625,-0.1216120951314977,-0.25124907287503107,0.0023269162539783506,0.078125
seqFISH+ olfactory bulb,gated_logreg_learned_neighborhood,learned_permuted_prior,62,7,0.21790410368549185,0.002649002496164732,0.5476572983627352,0.046875,-0.1801063370367341,-0.188419351781273,-0.017840585838946432,0.03125
seqFISH+ olfactory bulb,gated_logreg_learned_neighborhood,learned_random_graph,62,7,0.42289775718437717,0.043460012973665085,0.6806728774177564,0.03125,-0.16635864041828569,-0.22784996693107207,-0.08460005934762382,0.03125
seqFISH+ olfactory bulb,gated_logreg_learned_neighborhood,linear_svm,62,7,-0.297145679383634,-0.36792763520356697,-0.08915685519162231,0.015625,0.20735885758914782,0.08690624451652072,0.24795225635576995,0.015625
seqFISH+ olfactory bulb,gated_logreg_learned_neighborhood,logreg_context_specific,62,7,0.140758653079882,-0.0004444200568838319,0.3093490287999172,0.109375,-0.054861217135112994,-0.08591766903888826,-0.050160059363791476,0.03125
seqFISH+ olfactory bulb,gated_logreg_learned_neighborhood,logreg_learned_neighborhood,62,7,0.09374271727078698,0.0021942882953795706,0.15138986995704645,0.078125,-0.01167706006310898,-0.0323658504560701,0.00518403545722837,0.21875
seqFISH+ olfactory bulb,gated_logreg_learned_neighborhood,logreg_learned_permuted_prior,62,7,0.1576616616744111,0.046981266186832515,0.289161936899578,0.015625,-0.08736344255155096,-0.09609169616850605,-0.0292386514770957,0.03125
seqFISH+ olfactory bulb,gated_logreg_learned_neighborhood,logreg_learned_random_graph,62,7,0.020013549574433354,-0.043624939541028335,0.23244554194270284,0.296875,-0.030148303215496053,-0.148349120493745,-0.013613087695685477,0.03125
seqFISH+ olfactory bulb,gated_logreg_learned_neighborhood,logreg_only,62,7,-0.24964947113950564,-0.3771942651656761,-0.07530023141078346,0.015625,0.21996598310457588,0.10595721162167185,0.263257605531504,0.015625
seqFISH+ olfactory bulb,gated_logreg_learned_neighborhood,marker_only,62,7,0.3132052088178524,0.021029041037100016,0.4170072372531749,0.03125,-0.12387126654626762,-0.13862415864944586,0.02207992441459347,0.078125
seqFISH+ olfactory bulb,gated_logreg_learned_neighborhood,nested_gated_logreg_context_specific,62,7,-0.24964947113950564,-0.3771942651656761,-0.07530023141078346,0.015625,0.21996598310457588,0.10595721162167185,0.263257605531504,0.015625
seqFISH+ olfactory bulb,gated_logreg_learned_neighborhood,nested_gated_logreg_learned_neighborhood,62,7,-0.24964947113950564,-0.3771942651656761,-0.07530023141078346,0.015625,0.21996598310457588,0.10595721162167185,0.263257605531504,0.015625
seqFISH+ olfactory bulb,gated_logreg_learned_neighborhood,nested_gated_logreg_learned_permuted_prior,62,7,-0.24964947113950564,-0.3771942651656761,-0.07530023141078346,0.015625,0.21996598310457588,0.10595721162167185,0.263257605531504,0.015625
seqFISH+ olfactory bulb,gated_logreg_learned_neighborhood,nested_gated_logreg_learned_random_graph,62,7,-0.24964947113950564,-0.3771942651656761,-0.07530023141078346,0.015625,0.21996598310457588,0.10595721162167185,0.263257605531504,0.015625
seqFISH+ olfactory bulb,gated_logreg_learned_neighborhood,nested_logreg_context_specific,62,7,-0.24964947113950564,-0.3771942651656761,-0.07530023141078346,0.015625,0.21996598310457588,0.10595721162167185,0.263257605531504,0.015625
seqFISH+ olfactory bulb,gated_logreg_learned_neighborhood,nested_logreg_learned_neighborhood,62,7,-0.24964947113950564,-0.3771942651656761,-0.07530023141078346,0.015625,0.21996598310457588,0.10595721162167185,0.263257605531504,0.015625
seqFISH+ olfactory bulb,gated_logreg_learned_neighborhood,nested_logreg_learned_permuted_prior,62,7,-0.24964947113950564,-0.3771942651656761,-0.07530023141078346,0.015625,0.21996598310457588,0.10595721162167185,0.263257605531504,0.015625
seqFISH+ olfactory bulb,gated_logreg_learned_neighborhood,nested_logreg_learned_random_graph,62,7,-0.24964947113950564,-0.3771942651656761,-0.07530023141078346,0.015625,0.21996598310457588,0.10595721162167185,0.263257605531504,0.015625
seqFISH+ olfactory bulb,gated_logreg_learned_neighborhood,pca_knn,62,7,-0.3232154582215774,-0.5003962158694211,-0.24236615734693556,0.015625,0.2219612890951276,0.14350135643674647,0.2741354534650503,0.015625
seqFISH+ olfactory bulb,gated_logreg_learned_neighborhood,singler_native,62,7,-0.3104351083916701,-0.46481796646168877,-0.053505450695687795,0.015625,0.24613402543141905,0.11843868860903317,0.26374253248893614,0.015625
seqFISH+ olfactory bulb,gated_logreg_learned_neighborhood,spatial_smoothing,62,7,0.28717301008561663,0.021029041037100016,0.5915596384515075,0.015625,-0.11110682163441438,-0.19162129925630472,-0.03409207261251285,0.03125
seqFISH+ olfactory bulb,gated_logreg_learned_neighborhood,spatial_smoothing_random_graph,62,7,0.3974394005430221,0.19510819402832114,0.5164508960199266,0.015625,-0.12679271217649277,-0.16770878319084287,-0.0714285714285714,0.015625
seqFISH+ olfactory bulb,gated_logreg_learned_permuted_prior,context_specific,62,7,0.46712059011986495,-0.024700542165544404,0.7361112438582789,0.109375,-0.16624597578559477,-0.17943777026903418,-0.002349596143069399,0.046875
seqFISH+ olfactory bulb,gated_logreg_learned_permuted_prior,extra_trees,62,7,-0.361633327016175,-0.40613467714370466,-0.22831629758285155,0.015625,0.24873956123640145,0.1691324846317942,0.28570574913919644,0.015625
seqFISH+ olfactory bulb,gated_logreg_learned_permuted_prior,gated_context_specific,62,7,0.43026420202097115,-0.005061709682872562,0.5641267002724708,0.109375,-0.09251627654355168,-0.16050253014766755,-0.00738003629810513,0.078125
seqFISH+ olfactory bulb,gated_logreg_learned_permuted_prior,gated_learned_neighborhood,62,7,0.41285319250328467,0.0064419682886382446,0.4593152660944309,0.015625,-0.12997047731164835,-0.16091651046144168,-0.014920721492086952,0.03125
seqFISH+ olfactory bulb,gated_logreg_learned_permuted_prior,gated_learned_permuted_prior,62,7,0.316940007886724,0.0,0.5184740092949796,0.0625,-0.12997047731164835,-0.17034391422438527,-0.039352369879334714,0.03125
seqFISH+ olfactory bulb,gated_logreg_learned_permuted_prior,gated_learned_random_graph,62,7,0.40604065947561097,0.0,0.5246063284085597,0.0625,-0.13252239577615596,-0.17195052768403069,-0.016984825785790414,0.03125
seqFISH+ olfactory bulb,gated_logreg_learned_permuted_prior,gated_logreg_context_specific,62,7,0.023749627179463828,0.0,0.03914459332941034,0.4375,0.005558372292214453,-0.001397921268804031,0.009790115818152145,0.296875
seqFISH+ olfactory bulb,gated_logreg_learned_permuted_prior,gated_logreg_learned_neighborhood,62,7,0.0048533153476644775,-0.018334287468304455,0.06020453379366286,0.46875,0.00048639343570383575,0.0,0.014855073379105244,0.3125
seqFISH+ olfactory bulb,gated_logreg_learned_permuted_prior,gated_logreg_learned_random_graph,62,7,-0.029604320050899635,-0.06492866155111043,0.01757850189289112,0.5625,0.003994618804395028,0.0,0.012293551370477912,0.625
seqFISH+ olfactory bulb,gated_logreg_learned_permuted_prior,gated_spatial_smoothing,62,7,0.37323121117994495,0.004604098125172484,0.5235394897140164,0.078125,-0.12960131936790076,-0.14832115489795217,-0.011544922986874484,0.03125
seqFISH+ olfactory bulb,gated_logreg_learned_permuted_prior,gated_spatial_smoothing_random_graph,62,7,0.27820381415005213,0.11068875784454912,0.5097278819164401,0.015625,-0.08314258010382086,-0.1444991813821626,-0.047979232858907706,0.015625
seqFISH+ olfactory bulb,gated_logreg_learned_permuted_prior,learned_neighborhood,62,7,0.516811394121702,0.024255567271190825,0.6834791336795171,0.03125,-0.14304450186126016,-0.2419411121825798,-0.06856950146305035,0.03125
seqFISH+ olfactory bulb,gated_logreg_learned_permuted_prior,learned_permuted_prior,62,7,0.39942231564063524,0.025078369905956133,0.5485727295119873,0.03125,-0.1727491571060416,-0.19673612098550203,-0.039352369879334714,0.03125
seqFISH+ olfactory bulb,gated_logreg_learned_permuted_prior,learned_random_graph,62,7,0.5204511094162128,0.0,0.6576193757264236,0.0625,-0.15041818381566033,-0.23655125763317209,-0.034492935844414374,0.03125
seqFISH+ olfactory bulb,gated_logreg_learned_permuted_prior,linear_svm,62,7,-0.3336848841457274,-0.3909618255388396,-0.05940788692109655,0.015625,0.20658996003655683,0.1024861914566399,0.2588619674739017,0.015625
seqFISH+ olfactory bulb,gated_logreg_learned_permuted_prior,logreg_context_specific,62,7,0.1712200082186821,-0.0004444200568838319,0.35769586490879696,0.078125,-0.06673452359363324,-0.07230183946165658,-0.007924521230441017,0.046875
seqFISH+ olfactory bulb,gated_logreg_learned_permuted_prior,logreg_learned_neighborhood,62,7,0.05766411987728212,0.010189876480866333,0.18722721278543186,0.015625,-0.031879457020366264,-0.03876609362756983,0.02137475851415266,0.078125
seqFISH+ olfactory bulb,gated_logreg_learned_permuted_prior,logreg_learned_permuted_prior,62,7,0.13949955887177812,0.06941063359662392,0.3357359536471387,0.03125,-0.08168854692059424,-0.10293920484047293,-0.04486798804046083,0.03125
seqFISH+ olfactory bulb,gated_logreg_learned_permuted_prior,logreg_learned_random_graph,62,7,0.08846245546705975,-0.028789731472907087,0.22770128828468028,0.15625,-0.022596403820950517,-0.12522215918924856,-0.007811118864055666,0.015625
seqFISH+ olfactory bulb,gated_logreg_learned_permuted_prior,logreg_only,62,7,-0.3201441022425665,-0.39626615025055456,-0.07530023141078346,0.015625,0.2136943282994428,0.12089779232882916,0.28110413916715493,0.015625
seqFISH+ olfactory bulb,gated_logreg_learned_permuted_prior,marker_only,62,7,0.28310558293988,-0.01868090732844574,0.5145605894850105,0.078125,-0.07605778713706646,-0.13869525673413902,-0.021321447925361947,0.078125
seqFISH+ olfactory bulb,gated_logreg_learned_permuted_prior,nested_gated_logreg_context_specific,62,7,-0.3201441022425665,-0.39626615025055456,-0.07530023141078346,0.015625,0.2136943282994428,0.12089779232882916,0.28110413916715493,0.015625
seqFISH+ olfactory bulb,gated_logreg_learned_permuted_prior,nested_gated_logreg_learned_neighborhood,62,7,-0.3201441022425665,-0.39626615025055456,-0.07530023141078346,0.015625,0.2136943282994428,0.12089779232882916,0.28110413916715493,0.015625
seqFISH+ olfactory bulb,gated_logreg_learned_permuted_prior,nested_gated_logreg_learned_permuted_prior,62,7,-0.3201441022425665,-0.39626615025055456,-0.07530023141078346,0.015625,0.2136943282994428,0.12089779232882916,0.28110413916715493,0.015625
seqFISH+ olfactory bulb,gated_logreg_learned_permuted_prior,nested_gated_logreg_learned_random_graph,62,7,-0.3201441022425665,-0.39626615025055456,-0.07530023141078346,0.015625,0.2136943282994428,0.12089779232882916,0.28110413916715493,0.015625
seqFISH+ olfactory bulb,gated_logreg_learned_permuted_prior,nested_logreg_context_specific,62,7,-0.3201441022425665,-0.39626615025055456,-0.07530023141078346,0.015625,0.2136943282994428,0.12089779232882916,0.28110413916715493,0.015625
seqFISH+ olfactory bulb,gated_logreg_learned_permuted_prior,nested_logreg_learned_neighborhood,62,7,-0.3201441022425665,-0.39626615025055456,-0.07530023141078346,0.015625,0.2136943282994428,0.12089779232882916,0.28110413916715493,0.015625
seqFISH+ olfactory bulb,gated_logreg_learned_permuted_prior,nested_logreg_learned_permuted_prior,62,7,-0.3201441022425665,-0.39626615025055456,-0.07530023141078346,0.015625,0.2136943282994428,0.12089779232882916,0.28110413916715493,0.015625
seqFISH+ olfactory bulb,gated_logreg_learned_permuted_prior,nested_logreg_learned_random_graph,62,7,-0.3201441022425665,-0.39626615025055456,-0.07530023141078346,0.015625,0.2136943282994428,0.12089779232882916,0.28110413916715493,0.015625
seqFISH+ olfactory bulb,gated_logreg_learned_permuted_prior,pca_knn,62,7,-0.38188405993122665,-0.40613467714370466,-0.12498878978406847,0.015625,0.2345093252613789,0.14350135643674647,0.3027366481823668,0.015625
seqFISH+ olfactory bulb,gated_logreg_learned_permuted_prior,singler_native,62,7,-0.38188405993122665,-0.4118936155178954,-0.053505450695687684,0.015625,0.24855924874072366,0.10281211865216436,0.29960795642109317,0.015625
seqFISH+ olfactory bulb,gated_logreg_learned_permuted_prior,spatial_smoothing,62,7,0.37323121117994495,0.006050051512832111,0.6459381636317248,0.046875,-0.12085614982336841,-0.17113699047567493,-0.0393853227423209,0.03125
seqFISH+ olfactory bulb,gated_logreg_learned_permuted_prior,spatial_smoothing_random_graph,62,7,0.2725645314330872,0.19510819402832125,0.55849826463076,0.015625,-0.1397434936843946,-0.15425182923723307,-0.06275498797557727,0.015625
seqFISH+ olfactory bulb,gated_logreg_learned_random_graph,context_specific,62,7,0.46795843930190634,0.0,0.635280938422411,0.09375,-0.1480509193396616,-0.17599018058452373,-0.01343113463401438,0.03125
seqFISH+ olfactory bulb,gated_logreg_learned_random_graph,extra_trees,62,7,-0.3099559537545743,-0.3440211354818794,-0.18156747062771805,0.015625,0.24560306354613057,0.14684538048181442,0.27885470331578005,0.015625
seqFISH+ olfactory bulb,gated_logreg_learned_random_graph,gated_context_specific,62,7,0.407293365536885,0.0,0.476446684705782,0.0625,-0.10021875136903524,-0.17512564644528708,-0.011450330193731678,0.03125
seqFISH+ olfactory bulb,gated_logreg_learned_random_graph,gated_learned_neighborhood,62,7,0.3508469121898232,0.002649002496164732,0.5887818991428884,0.03125,-0.14958551006135867,-0.16569824268234348,0.0,0.0625
seqFISH+ olfactory bulb,gated_logreg_learned_random_graph,gated_learned_permuted_prior,62,7,0.28936755869157765,0.050070214704308724,0.5707612426379837,0.03125,-0.14499041682779806,-0.17512564644528708,-0.03649965860753565,0.03125
seqFISH+ olfactory bulb,gated_logreg_learned_random_graph,gated_learned_random_graph,62,7,0.42902777108495316,0.0,0.5872418322190713,0.09375,-0.1280638481398567,-0.2032816054659489,-0.02486148135042654,0.015625
seqFISH+ olfactory bulb,gated_logreg_learned_random_graph,gated_logreg_context_specific,62,7,0.0,-0.039064440454917776,0.06083082337521628,1.0,-0.003328849003662482,-0.0096048639865568,0.007898723955856862,0.84375
seqFISH+ olfactory bulb,gated_logreg_learned_random_graph,gated_logreg_learned_neighborhood,62,7,0.0,-0.01414095047751529,0.04190281587286504,0.84375,0.00661763761821621,0.0,0.013806502787550162,0.0625
seqFISH+ olfactory bulb,gated_logreg_learned_random_graph,gated_logreg_learned_permuted_prior,62,7,0.029604320050899635,-0.01757850189289112,0.06492866155111043,0.5625,-0.003994618804395028,-0.012293551370477912,0.0,0.625
seqFISH+ olfactory bulb,gated_logreg_learned_random_graph,gated_spatial_smoothing,62,7,0.2957127349943556,0.002649002496164732,0.4969825849072703,0.03125,-0.10665946012740843,-0.1415129765868799,-0.044712267917245,0.03125
seqFISH+ olfactory bulb,gated_logreg_learned_random_graph,gated_spatial_smoothing_random_graph,62,7,0.3508469121898232,0.050070214704308724,0.5316304298184238,0.03125,-0.11485534696999589,-0.1423772758970838,-0.034313068280157635,0.03125
seqFISH+ olfactory bulb,gated_logreg_learned_random_graph,learned_neighborhood,62,7,0.5754033465911994,0.0,0.6192935751548,0.0625,-0.14316889388991116,-0.230963462250188,0.0,0.0625
seqFISH+ olfactory bulb,gated_logreg_learned_random_graph,learned_permuted_prior,62,7,0.31313822220541004,0.0,0.6045648330162382,0.0625,-0.18939420597093717,-0.2118022664059932,0.0,0.0625
seqFISH+ olfactory bulb,gated_logreg_learned_random_graph,learned_random_graph,62,7,0.4248725520926062,0.021260888110934184,0.7057030901639755,0.03125,-0.14844313882837662,-0.22219183370129425,-0.08103343541512825,0.03125
seqFISH+ olfactory bulb,gated_logreg_learned_random_graph,linear_svm,62,7,-0.32312106796602064,-0.3671643682400202,-0.12600341954854066,0.015625,0.20210195700208827,0.07548875021634688,0.2787084882489139,0.015625
seqFISH+ olfactory bulb,gated_logreg_learned_random_graph,logreg_context_specific,62,7,0.14577774760179632,0.014530970909231722,0.38812787377758057,0.078125,-0.06269559257030607,-0.08383795385063209,-0.048203819264155456,0.03125
seqFISH+ olfactory bulb,gated_logreg_learned_random_graph,logreg_learned_neighborhood,62,7,0.14344271093069816,0.017771115003364577,0.21504610367361715,0.078125,-0.03878445212203652,-0.06516363003940906,0.008498309239663382,0.109375
seqFISH+ olfactory bulb,gated_logreg_learned_random_graph,logreg_learned_permuted_prior,62,7,0.17294364368323556,0.13600299049353481,0.37189245583826436,0.015625,-0.07953205356212761,-0.09609169616850605,-0.03679938308575231,0.015625
seqFISH+ olfactory bulb,gated_logreg_learned_random_graph,logreg_learned_random_graph,62,7,0.05311336100310626,0.015075567228888198,0.2598168238041172,0.046875,-0.01958023163630429,-0.11155599461049848,-0.005581501699587377,0.015625
seqFISH+ olfactory bulb,gated_logreg_learned_random_graph,logreg_only,62,7,-0.3472640134714111,-0.3719995434671335,-0.07751020235874717,0.015625,0.2165481830068831,0.07781953111478321,0.3029308477905737,0.015625
seqFISH+ olfactory bulb,gated_logreg_learned_random_graph,marker_only,62,7,0.3508469121898232,0.003758945446537515,0.5661672479661722,0.03125,-0.10777055400324148,-0.1559319288171705,-0.034313068280157635,0.03125
seqFISH+ olfactory bulb,gated_logreg_learned_random_graph,nested_gated_logreg_context_specific,62,7,-0.3472640134714111,-0.3719995434671335,-0.07751020235874717,0.015625,0.2165481830068831,0.07781953111478321,0.3029308477905737,0.015625
seqFISH+ olfactory bulb,gated_logreg_learned_random_graph,nested_gated_logreg_learned_neighborhood,62,7,-0.3472640134714111,-0.3719995434671335,-0.07751020235874717,0.015625,0.2165481830068831,0.07781953111478321,0.3029308477905737,0.015625
seqFISH+ olfactory bulb,gated_logreg_learned_random_graph,nested_gated_logreg_learned_permuted_prior,62,7,-0.3472640134714111,-0.3719995434671335,-0.07751020235874717,0.015625,0.2165481830068831,0.07781953111478321,0.3029308477905737,0.015625
seqFISH+ olfactory bulb,gated_logreg_learned_random_graph,nested_gated_logreg_learned_random_graph,62,7,-0.3472640134714111,-0.3719995434671335,-0.07751020235874717,0.015625,0.2165481830068831,0.07781953111478321,0.3029308477905737,0.015625
seqFISH+ olfactory bulb,gated_logreg_learned_random_graph,nested_logreg_context_specific,62,7,-0.3472640134714111,-0.3719995434671335,-0.07751020235874717,0.015625,0.2165481830068831,0.07781953111478321,0.3029308477905737,0.015625
seqFISH+ olfactory bulb,gated_logreg_learned_random_graph,nested_logreg_learned_neighborhood,62,7,-0.3472640134714111,-0.3719995434671335,-0.07751020235874717,0.015625,0.2165481830068831,0.07781953111478321,0.3029308477905737,0.015625
seqFISH+ olfactory bulb,gated_logreg_learned_random_graph,nested_logreg_learned_permuted_prior,62,7,-0.3472640134714111,-0.3719995434671335,-0.07751020235874717,0.015625,0.2165481830068831,0.07781953111478321,0.3029308477905737,0.015625
seqFISH+ olfactory bulb,gated_logreg_learned_random_graph,nested_logreg_learned_random_graph,62,7,-0.3472640134714111,-0.3719995434671335,-0.07751020235874717,0.015625,0.2165481830068831,0.07781953111478321,0.3029308477905737,0.015625
seqFISH+ olfactory bulb,gated_logreg_learned_random_graph,pca_knn,62,7,-0.3203423502248539,-0.3531442142246626,-0.1538823672208396,0.015625,0.2343849332327279,0.17623995973223924,0.2931967422247099,0.015625
seqFISH+ olfactory bulb,gated_logreg_learned_random_graph,singler_native,62,7,-0.3250876855774063,-0.3402287152661774,-0.09822350102333,0.015625,0.21949806886787354,0.08402888371610563,0.2818296725610021,0.015625
seqFISH+ olfactory bulb,gated_logreg_learned_random_graph,spatial_smoothing,62,7,0.2891478049938456,0.011582090283099089,0.500379817470715,0.03125,-0.09530893670935309,-0.17512564644528708,-0.04337994154671593,0.03125
seqFISH+ olfactory bulb,gated_logreg_learned_random_graph,spatial_smoothing_random_graph,62,7,0.3508469121898232,0.07470853132475469,0.5023099455424114,0.015625,-0.12150644992396831,-0.15774300337433467,-0.034313068280157635,0.015625
seqFISH+ olfactory bulb,gated_spatial_smoothing,context_specific,62,7,-0.020217314513397366,-0.09822594722397254,0.147989651552393,0.9375,-0.01903300994618848,-0.06136006589332155,0.014719737336740396,0.15625
seqFISH+ olfactory bulb,gated_spatial_smoothing,extra_trees,62,7,-0.7940574932802672,-0.8851728167301914,-0.18712323912775009,0.015625,0.3288309042655483,0.13719873517384967,0.41450473052386505,0.015625
seqFISH+ olfactory bulb,gated_spatial_smoothing,gated_context_specific,62,7,0.02077707543545071,-0.08450721205254472,0.029413719148604633,1.0,0.0,-0.013635077023262193,0.0,0.75
seqFISH+ olfactory bulb,gated_spatial_smoothing,gated_learned_neighborhood,62,7,0.003758945446537515,0.0,0.05152558100274146,0.3125,-0.01148058636493765,-0.02196355180167031,0.0,0.125
seqFISH+ olfactory bulb,gated_spatial_smoothing,gated_learned_permuted_prior,62,7,0.0,-0.062151234515043674,0.048120510429505825,1.0,0.0,-0.007898723955856918,0.0037942423366641997,0.8125
seqFISH+ olfactory bulb,gated_spatial_smoothing,gated_learned_random_graph,62,7,0.022842199620724396,0.0,0.06889264109413704,0.15625,-0.013941411627256817,-0.023957843763666997,-0.0030388384756904196,0.03125
seqFISH+ olfactory bulb,gated_spatial_smoothing,gated_logreg_context_specific,62,7,-0.3464625421616687,-0.4828310696266759,-0.02376859280333843,0.03125,0.12628150278806852,0.03542439898304192,0.1415129765868799,0.03125
seqFISH+ olfactory bulb,gated_spatial_smoothing,gated_logreg_learned_neighborhood,62,7,-0.2937379400861266,-0.5600786944761098,-0.021029041037100016,0.015625,0.12558229141656466,0.02020082805301593,0.14741357573966274,0.046875
seqFISH+ olfactory bulb,gated_spatial_smoothing,gated_logreg_learned_permuted_prior,62,7,-0.37323121117994495,-0.5235394897140164,-0.004604098125172484,0.078125,0.12960131936790076,0.011544922986874484,0.14832115489795217,0.03125
seqFISH+ olfactory bulb,gated_spatial_smoothing,gated_logreg_learned_random_graph,62,7,-0.2957127349943556,-0.4969825849072703,-0.002649002496164732,0.03125,0.10665946012740843,0.044712267917245,0.1415129765868799,0.03125
seqFISH+ olfactory bulb,gated_spatial_smoothing,gated_spatial_smoothing_random_graph,62,7,0.0,-0.015269306356014575,0.00706020240975358,0.6875,0.0,-0.017285486841866704,0.0,0.25
seqFISH+ olfactory bulb,gated_spatial_smoothing,learned_neighborhood,62,7,0.06294533421639419,-0.007224679176262683,0.13295392859803717,0.15625,-0.06350921105625917,-0.1074309400495232,0.0006095135319221096,0.15625
seqFISH+ olfactory bulb,gated_spatial_smoothing,learned_permuted_prior,62,7,0.0,-0.07239680454151731,0.09781241169229339,0.8125,-0.007898723955856918,-0.059701748696467716,0.025070878305568256,0.5625
seqFISH+ olfactory bulb,gated_spatial_smoothing,learned_random_graph,62,7,0.060618774513503726,0.0,0.2584935789212404,0.09375,-0.027773576050238058,-0.0827902775373926,-0.020426041486377583,0.03125
seqFISH+ olfactory bulb,gated_spatial_smoothing,linear_svm,62,7,-0.7930583393500362,-0.8985438636600926,-0.13869220728643272,0.03125,0.3501970758733643,0.08387728720707838,0.405104408420099,0.015625
seqFISH+ olfactory bulb,gated_spatial_smoothing,logreg_context_specific,62,7,-0.008646923699468262,-0.3920592874378497,0.12203185962826923,0.46875,0.05876212981717982,-0.05623621472505963,0.16289967610229567,0.296875
seqFISH+ olfactory bulb,gated_spatial_smoothing,logreg_learned_neighborhood,62,7,-0.23807996256270036,-0.46822973793673106,0.030871376581738663,0.15625,0.032242334616574886,-0.06001348592452602,0.14946177055558385,0.296875
seqFISH+ olfactory bulb,gated_spatial_smoothing,logreg_learned_permuted_prior,62,7,-0.04830277574611613,-0.2820667262286687,0.08656738977538325,0.375,0.02977372872970896,-0.08876775234944151,0.073400739899493,1.0
seqFISH+ olfactory bulb,gated_spatial_smoothing,logreg_learned_random_graph,62,7,-0.15699009841536254,-0.6173467554454607,0.25806451612903214,0.46875,0.07283455682377493,-0.0650157871604117,0.12890568987490975,0.46875
seqFISH+ olfactory bulb,gated_spatial_smoothing,logreg_only,62,7,-0.7830330861443854,-0.9010139417080318,-0.21551634439788414,0.015625,0.35464732380426833,0.09479593046877022,0.4280473037420529,0.015625
seqFISH+ olfactory bulb,gated_spatial_smoothing,marker_only,62,7,-0.031497039417435604,-0.0345332179914459,0.022264797678821696,0.15625,1.1102230246251565e-16,-0.010676777291639905,0.022036048012012713,0.5625
seqFISH+ olfactory bulb,gated_spatial_smoothing,nested_gated_logreg_context_specific,62,7,-0.7830330861443854,-0.9010139417080318,-0.21551634439788414,0.015625,0.35464732380426833,0.09479593046877022,0.4280473037420529,0.015625
seqFISH+ olfactory bulb,gated_spatial_smoothing,nested_gated_logreg_learned_neighborhood,62,7,-0.7830330861443854,-0.9010139417080318,-0.21551634439788414,0.015625,0.35464732380426833,0.09479593046877022,0.4280473037420529,0.015625
seqFISH+ olfactory bulb,gated_spatial_smoothing,nested_gated_logreg_learned_permuted_prior,62,7,-0.7830330861443854,-0.9010139417080318,-0.21551634439788414,0.015625,0.35464732380426833,0.09479593046877022,0.4280473037420529,0.015625
seqFISH+ olfactory bulb,gated_spatial_smoothing,nested_gated_logreg_learned_random_graph,62,7,-0.7830330861443854,-0.9010139417080318,-0.21551634439788414,0.015625,0.35464732380426833,0.09479593046877022,0.4280473037420529,0.015625
seqFISH+ olfactory bulb,gated_spatial_smoothing,nested_logreg_context_specific,62,7,-0.7830330861443854,-0.9010139417080318,-0.21551634439788414,0.015625,0.35464732380426833,0.09479593046877022,0.4280473037420529,0.015625
seqFISH+ olfactory bulb,gated_spatial_smoothing,nested_logreg_learned_neighborhood,62,7,-0.7830330861443854,-0.9010139417080318,-0.21551634439788414,0.015625,0.35464732380426833,0.09479593046877022,0.4280473037420529,0.015625
seqFISH+ olfactory bulb,gated_spatial_smoothing,nested_logreg_learned_permuted_prior,62,7,-0.7830330861443854,-0.9010139417080318,-0.21551634439788414,0.015625,0.35464732380426833,0.09479593046877022,0.4280473037420529,0.015625
seqFISH+ olfactory bulb,gated_spatial_smoothing,nested_logreg_learned_random_graph,62,7,-0.7830330861443854,-0.9010139417080318,-0.21551634439788414,0.015625,0.35464732380426833,0.09479593046877022,0.4280473037420529,0.015625
seqFISH+ olfactory bulb,gated_spatial_smoothing,pca_knn,62,7,-0.8039769013481164,-0.912417286964607,-0.2680245140929445,0.015625,0.3623572350664154,0.12539272740818178,0.4263152403246803,0.015625
seqFISH+ olfactory bulb,gated_spatial_smoothing,singler_native,62,7,-0.815124216141045,-0.912417286964607,-0.19880555784423126,0.015625,0.3622195611662327,0.10222177715222966,0.4460650377441666,0.015625
seqFISH+ olfactory bulb,gated_spatial_smoothing,spatial_smoothing,62,7,0.0,0.0,0.014956698901836651,0.5,0.0,-0.00010700377697453467,0.0,0.5
seqFISH+ olfactory bulb,gated_spatial_smoothing,spatial_smoothing_random_graph,62,7,0.042590318523267945,-0.01276720516023222,0.10689942658652207,0.15625,-0.0202239605383715,-0.03935236987933474,0.0073035978818380975,0.21875
seqFISH+ olfactory bulb,gated_spatial_smoothing_random_graph,context_specific,62,7,-0.0240387289736132,-0.10198489267051006,0.03103676652315379,0.6875,-0.009173603028266863,-0.06344200996756777,0.032615070258931345,0.578125
seqFISH+ olfactory bulb,gated_spatial_smoothing_random_graph,extra_trees,62,7,-0.9124940828787453,-0.9402844324027789,-0.3096832145753654,0.015625,0.32709358547305406,0.1838190429291573,0.4313969348899918,0.015625
seqFISH+ olfactory bulb,gated_spatial_smoothing_random_graph,gated_context_specific,62,7,-0.0041733589934005305,-0.03556939615584881,0.006232719943239484,0.5625,0.003385167409652945,-0.008518654600843112,0.023703369783120376,0.375
seqFISH+ olfactory bulb,gated_spatial_smoothing_random_graph,gated_learned_neighborhood,62,7,0.0,-0.03445473880052097,0.08722374120150987,0.8125,0.0,-0.03573307695719363,0.019354232060839444,0.6875
seqFISH+ olfactory bulb,gated_spatial_smoothing_random_graph,gated_learned_permuted_prior,62,7,0.0,-0.026844519802029537,0.06211449713844963,1.0,-0.0032806876645757044,-0.040192541655465513,0.0,0.3125
seqFISH+ olfactory bulb,gated_spatial_smoothing_random_graph,gated_learned_random_graph,62,7,0.006232719943239484,-0.05104589241942424,0.07230471420331508,0.5625,-0.009785996977267342,-0.04516376049224574,0.014085801668540454,0.3125
seqFISH+ olfactory bulb,gated_spatial_smoothing_random_graph,gated_logreg_context_specific,62,7,-0.29001608881460694,-0.5867606001613206,-0.06897095497645844,0.03125,0.12214704063445125,0.018912599472680647,0.1519440597920957,0.015625
seqFISH+ olfactory bulb,gated_spatial_smoothing_random_graph,gated_logreg_learned_neighborhood,62,7,-0.36349055813250486,-0.5457713802959391,-0.03905883692569345,0.015625,0.12679271217649277,0.001248666342630489,0.14699640677184,0.046875
seqFISH+ olfactory bulb,gated_spatial_smoothing_random_graph,gated_logreg_learned_permuted_prior,62,7,-0.27820381415005213,-0.5097278819164401,-0.11068875784454912,0.015625,0.08314258010382086,0.047979232858907706,0.1444991813821626,0.015625
seqFISH+ olfactory bulb,gated_spatial_smoothing_random_graph,gated_logreg_learned_random_graph,62,7,-0.3508469121898232,-0.5316304298184238,-0.050070214704308724,0.03125,0.11485534696999589,0.034313068280157635,0.1423772758970838,0.03125
seqFISH+ olfactory bulb,gated_spatial_smoothing_random_graph,gated_spatial_smoothing,62,7,0.0,-0.00706020240975358,0.015269306356014575,0.6875,0.0,0.0,0.017285486841866704,0.25
seqFISH+ olfactory bulb,gated_spatial_smoothing_random_graph,learned_neighborhood,62,7,0.059993283464934946,-0.04330326468625201,0.13283651485441472,0.46875,-0.06887035040479345,-0.12941113748250604,0.008985259259537859,0.21875
seqFISH+ olfactory bulb,gated_spatial_smoothing_random_graph,learned_permuted_prior,62,7,-0.022713215781174634,-0.08861169947944869,0.07724837316166377,0.6875,-0.00288877040463853,-0.08047685874386207,0.0,0.15625
seqFISH+ olfactory bulb,gated_spatial_smoothing_random_graph,learned_random_graph,62,7,0.11382691212846853,-0.021114428972902055,0.32345491699814,0.15625,-0.017308325537245373,-0.1064571944711335,-0.0010883274291999534,0.03125
seqFISH+ olfactory bulb,gated_spatial_smoothing_random_graph,linear_svm,62,7,-0.8785411609238712,-0.9276207033320141,-0.23737518738524654,0.015625,0.3734970893835294,0.12227440009659482,0.39870117705229624,0.015625
seqFISH+ olfactory bulb,gated_spatial_smoothing_random_graph,logreg_context_specific,62,7,-0.19032409882909163,-0.4308043329671677,0.062334414308291175,0.15625,0.07538928530591371,-0.0597409195142658,0.16440707711473185,0.15625
seqFISH+ olfactory bulb,gated_spatial_smoothing_random_graph,logreg_learned_neighborhood,62,7,-0.2804823100574384,-0.40776805012662953,0.030871376581738663,0.078125,0.04886949010530878,-0.016410597873118993,0.15404056234105346,0.21875
seqFISH+ olfactory bulb,gated_spatial_smoothing_random_graph,logreg_learned_permuted_prior,62,7,0.00807077886010088,-0.36025202448586036,0.12942934354234367,0.578125,-0.05015468398910178,-0.06512200975079419,0.08575964248488749,0.9375
seqFISH+ olfactory bulb,gated_spatial_smoothing_random_graph,logreg_learned_random_graph,62,7,-0.20709738495850893,-0.5754493512165345,0.24276513400768773,0.46875,0.05112775477840115,-0.08166850125684849,0.1341516387672987,0.578125
seqFISH+ olfactory bulb,gated_spatial_smoothing_random_graph,logreg_only,62,7,-0.8997424896862158,-0.9320803331840724,-0.18888197019545305,0.015625,0.37326118890668675,0.10621468930041122,0.4478288888867091,0.015625
seqFISH+ olfactory bulb,gated_spatial_smoothing_random_graph,marker_only,62,7,-0.0019178521262481762,-0.06822517691240126,0.008309646811074073,0.4375,0.002778194303235393,0.0011623327768448544,0.0077620570178791315,0.015625
seqFISH+ olfactory bulb,gated_spatial_smoothing_random_graph,nested_gated_logreg_context_specific,62,7,-0.8997424896862158,-0.9320803331840724,-0.18888197019545305,0.015625,0.37326118890668675,0.10621468930041122,0.4478288888867091,0.015625
seqFISH+ olfactory bulb,gated_spatial_smoothing_random_graph,nested_gated_logreg_learned_neighborhood,62,7,-0.8997424896862158,-0.9320803331840724,-0.18888197019545305,0.015625,0.37326118890668675,0.10621468930041122,0.4478288888867091,0.015625
seqFISH+ olfactory bulb,gated_spatial_smoothing_random_graph,nested_gated_logreg_learned_permuted_prior,62,7,-0.8997424896862158,-0.9320803331840724,-0.18888197019545305,0.015625,0.37326118890668675,0.10621468930041122,0.4478288888867091,0.015625
seqFISH+ olfactory bulb,gated_spatial_smoothing_random_graph,nested_gated_logreg_learned_random_graph,62,7,-0.8997424896862158,-0.9320803331840724,-0.18888197019545305,0.015625,0.37326118890668675,0.10621468930041122,0.4478288888867091,0.015625
seqFISH+ olfactory bulb,gated_spatial_smoothing_random_graph,nested_logreg_context_specific,62,7,-0.8997424896862158,-0.9320803331840724,-0.18888197019545305,0.015625,0.37326118890668675,0.10621468930041122,0.4478288888867091,0.015625
seqFISH+ olfactory bulb,gated_spatial_smoothing_random_graph,nested_logreg_learned_neighborhood,62,7,-0.8997424896862158,-0.9320803331840724,-0.18888197019545305,0.015625,0.37326118890668675,0.10621468930041122,0.4478288888867091,0.015625
seqFISH+ olfactory bulb,gated_spatial_smoothing_random_graph,nested_logreg_learned_permuted_prior,62,7,-0.8997424896862158,-0.9320803331840724,-0.18888197019545305,0.015625,0.37326118890668675,0.10621468930041122,0.4478288888867091,0.015625
seqFISH+ olfactory bulb,gated_spatial_smoothing_random_graph,nested_logreg_learned_random_graph,62,7,-0.8997424896862158,-0.9320803331840724,-0.18888197019545305,0.015625,0.37326118890668675,0.10621468930041122,0.4478288888867091,0.015625
seqFISH+ olfactory bulb,gated_spatial_smoothing_random_graph,pca_knn,62,7,-0.9224134909465944,-0.9696435367732256,-0.2713639852530746,0.015625,0.3543244153529194,0.15325958348888977,0.455553339582512,0.015625
seqFISH+ olfactory bulb,gated_spatial_smoothing_random_graph,singler_native,62,7,-0.9335608057395232,-0.9696435367732256,-0.191333756974988,0.015625,0.34034187750582073,0.14720877569293192,0.4253641801841761,0.015625
seqFISH+ olfactory bulb,gated_spatial_smoothing_random_graph,spatial_smoothing,62,7,0.0,-0.0070303422018505035,0.043321252693992965,0.4375,0.0,-0.008588795254946546,0.008627675720934647,0.8125
seqFISH+ olfactory bulb,gated_spatial_smoothing_random_graph,spatial_smoothing_random_graph,62,7,0.0,0.0,0.004186757855168297,0.5,0.0,-0.009306349146552317,0.0,0.5
seqFISH+ olfactory bulb,learned_neighborhood,context_specific,62,7,0.0,-0.13372445891910512,0.024804046579914307,0.6875,0.015243683995604607,-0.020426041486377555,0.08628561354325592,0.5625
seqFISH+ olfactory bulb,learned_neighborhood,extra_trees,62,7,-0.9114826584520075,-1.1490651429328853,-0.2663799498891134,0.015625,0.3441067202255425,0.14451846422783607,0.5710426218181663,0.015625
seqFISH+ olfactory bulb,learned_neighborhood,gated_context_specific,62,7,-0.11827732755731679,-0.19633804268281008,0.03372879744126678,0.21875,0.08230025100430516,0.0,0.09190235512651324,0.125
seqFISH+ olfactory bulb,learned_neighborhood,gated_learned_neighborhood,62,7,-0.023656215084372836,-0.06584101463362567,0.0,0.0625,0.04130278009153571,0.0,0.05914791702724481,0.0625
seqFISH+ olfactory bulb,learned_neighborhood,gated_learned_permuted_prior,62,7,0.0,-0.14390862122256387,0.06086588294369294,0.4375,0.019033579833411973,0.0,0.08496134416912618,0.09375
seqFISH+ olfactory bulb,learned_neighborhood,gated_learned_random_graph,62,7,-0.015991097713505598,-0.07631163830858023,0.0034071602700273887,0.4375,0.0494244363795146,0.0,0.07369796003437079,0.09375
seqFISH+ olfactory bulb,learned_neighborhood,gated_logreg_context_specific,62,7,-0.44387603557742844,-0.6088277033387355,-0.004565297192489104,0.015625,0.12231337249598281,0.00791523951741957,0.30016086590241425,0.03125
seqFISH+ olfactory bulb,learned_neighborhood,gated_logreg_learned_neighborhood,62,7,-0.48455090636829573,-0.6066530497289817,0.0,0.0625,0.1216120951314977,-0.0023269162539783506,0.25124907287503107,0.078125
seqFISH+ olfactory bulb,learned_neighborhood,gated_logreg_learned_permuted_prior,62,7,-0.516811394121702,-0.6834791336795171,-0.024255567271190825,0.03125,0.14304450186126016,0.06856950146305035,0.2419411121825798,0.03125
seqFISH+ olfactory bulb,learned_neighborhood,gated_logreg_learned_random_graph,62,7,-0.5754033465911994,-0.6192935751548,0.0,0.0625,0.14316889388991116,0.0,0.230963462250188,0.0625
seqFISH+ olfactory bulb,learned_neighborhood,gated_spatial_smoothing,62,7,-0.06294533421639419,-0.13295392859803717,0.007224679176262683,0.15625,0.06350921105625917,-0.0006095135319221096,0.1074309400495232,0.15625
seqFISH+ olfactory bulb,learned_neighborhood,gated_spatial_smoothing_random_graph,62,7,-0.059993283464934946,-0.13283651485441472,0.04330326468625201,0.46875,0.06887035040479345,-0.008985259259537859,0.12941113748250604,0.21875
seqFISH+ olfactory bulb,learned_neighborhood,learned_permuted_prior,62,7,0.0,-0.19220935568500816,0.027171972773993802,0.8125,-0.012194299653430163,-0.02323257227895348,0.05272124780465676,1.0
seqFISH+ olfactory bulb,learned_neighborhood,learned_random_graph,62,7,0.003458069545760667,-0.030324644826531855,0.25108946500393886,0.46875,-0.0027800886762669452,-0.050632213524882785,0.05583132471406216,0.84375
seqFISH+ olfactory bulb,learned_neighborhood,linear_svm,62,7,-0.9360822659998471,-1.1360164231629382,-0.19407192269899454,0.03125,0.318846098358777,0.11933620852306495,0.5666540062534837,0.015625
seqFISH+ olfactory bulb,learned_neighborhood,logreg_context_specific,62,7,-0.31097495417661525,-0.5189455908114358,0.021811384845408788,0.109375,0.04285388203836721,-0.0570485501391742,0.23161591893810687,0.375
seqFISH+ olfactory bulb,learned_neighborhood,logreg_learned_neighborhood,62,7,-0.23187357115913054,-0.46672245401195434,-0.008108775681093083,0.046875,0.09669998375578559,0.0012810462527667044,0.21498836449183173,0.078125
seqFISH+ olfactory bulb,learned_neighborhood,logreg_learned_permuted_prior,62,7,-0.21851289980352578,-0.40263037995358364,0.06943606007740871,0.21875,0.044243962768839074,-0.02455948417681697,0.16859656843808074,0.15625
seqFISH+ olfactory bulb,learned_neighborhood,logreg_learned_random_graph,62,7,-0.5366070867152376,-0.5512731565107428,0.3327272027727013,0.15625,0.1353907223310395,-0.13802927625885603,0.20465922571354386,0.296875
seqFISH+ olfactory bulb,learned_neighborhood,logreg_only,62,7,-0.8960470916843407,-1.0889881197070355,-0.19558893245300457,0.015625,0.3387657218767598,0.1496694882690433,0.5924485520776721,0.015625
seqFISH+ olfactory bulb,learned_neighborhood,marker_only,62,7,-0.11159698596052645,-0.21076189208328477,0.01992741194487957,0.15625,0.07369796003437079,0.005754426766184206,0.09561840929245363,0.078125
seqFISH+ olfactory bulb,learned_neighborhood,nested_gated_logreg_context_specific,62,7,-0.8960470916843407,-1.0889881197070355,-0.19558893245300457,0.015625,0.3387657218767598,0.1496694882690433,0.5924485520776721,0.015625
seqFISH+ olfactory bulb,learned_neighborhood,nested_gated_logreg_learned_neighborhood,62,7,-0.8960470916843407,-1.0889881197070355,-0.19558893245300457,0.015625,0.3387657218767598,0.1496694882690433,0.5924485520776721,0.015625
seqFISH+ olfactory bulb,learned_neighborhood,nested_gated_logreg_learned_permuted_prior,62,7,-0.8960470916843407,-1.0889881197070355,-0.19558893245300457,0.015625,0.3387657218767598,0.1496694882690433,0.5924485520776721,0.015625
seqFISH+ olfactory bulb,learned_neighborhood,nested_gated_logreg_learned_random_graph,62,7,-0.8960470916843407,-1.0889881197070355,-0.19558893245300457,0.015625,0.3387657218767598,0.1496694882690433,0.5924485520776721,0.015625
seqFISH+ olfactory bulb,learned_neighborhood,nested_logreg_context_specific,62,7,-0.8960470916843407,-1.0889881197070355,-0.19558893245300457,0.015625,0.3387657218767598,0.1496694882690433,0.5924485520776721,0.015625
seqFISH+ olfactory bulb,learned_neighborhood,nested_logreg_learned_neighborhood,62,7,-0.8960470916843407,-1.0889881197070355,-0.19558893245300457,0.015625,0.3387657218767598,0.1496694882690433,0.5924485520776721,0.015625
seqFISH+ olfactory bulb,learned_neighborhood,nested_logreg_learned_permuted_prior,62,7,-0.8960470916843407,-1.0889881197070355,-0.19558893245300457,0.015625,0.3387657218767598,0.1496694882690433,0.5924485520776721,0.015625
seqFISH+ olfactory bulb,learned_neighborhood,nested_logreg_learned_random_graph,62,7,-0.8960470916843407,-1.0889881197070355,-0.19558893245300457,0.015625,0.3387657218767598,0.1496694882690433,0.5924485520776721,0.015625
seqFISH+ olfactory bulb,learned_neighborhood,pca_knn,62,7,-0.9462960604859709,-1.15240405238316,-0.3472812248543078,0.015625,0.36718184663881015,0.17466315190330126,0.5744361883139814,0.015625
seqFISH+ olfactory bulb,learned_neighborhood,singler_native,62,7,-0.8947820652600026,-1.15240405238316,-0.1788781458993517,0.015625,0.37727620734838446,0.09986304443459466,0.5854693908698217,0.015625
seqFISH+ olfactory bulb,learned_neighborhood,spatial_smoothing,62,7,-0.056003599036984486,-0.11210915742870017,0.006206391403569822,0.15625,0.050556419236486794,0.0,0.07177939929590593,0.125
seqFISH+ olfactory bulb,learned_neighborhood,spatial_smoothing_random_graph,62,7,-0.059993283464934946,-0.14958348930114876,0.1283534631390314,0.9375,0.004167430157687335,-0.0325354032675465,0.0729435864001386,0.6875
seqFISH+ olfactory bulb,learned_permuted_prior,context_specific,62,7,0.010596903562001131,-0.2919290287612445,0.23958457586562787,0.84375,0.0078036243279811235,-0.04715561443063429,0.082618133455517,1.0
seqFISH+ olfactory bulb,learned_permuted_prior,extra_trees,62,7,-0.8817340951102849,-0.9465369628154396,-0.2149254794644644,0.015625,0.40502515295761493,0.15984299792492024,0.4588599086911196,0.015625
seqFISH+ olfactory bulb,learned_permuted_prior,gated_context_specific,62,7,0.0,-0.11241944412927002,0.05100103356289665,1.0,0.018960858634498978,-0.015073092516940653,0.07201633321580042,0.21875
seqFISH+ olfactory bulb,learned_permuted_prior,gated_learned_neighborhood,62,7,0.0,-0.07431415443354861,0.08656995320902725,1.0,0.0081595984612583,-0.014315318095697804,0.07148288699378752,0.3125
seqFISH+ olfactory bulb,learned_permuted_prior,gated_learned_permuted_prior,62,7,0.016489615379092992,-0.03380359037825453,0.060191865723242144,0.84375,0.0,-0.009211244548951503,0.03453069403996434,0.3125
seqFISH+ olfactory bulb,learned_permuted_prior,gated_learned_random_graph,62,7,0.04536540346967266,0.0,0.16091641368276377,0.4375,0.004440832230047209,0.0,0.07868521351011953,0.21875
seqFISH+ olfactory bulb,learned_permuted_prior,gated_logreg_context_specific,62,7,-0.4815258104240726,-0.6425499706654944,-0.038088924829086934,0.03125,0.18001640938410846,0.05539303150765762,0.2550606531796398,0.03125
seqFISH+ olfactory bulb,learned_permuted_prior,gated_logreg_learned_neighborhood,62,7,-0.21790410368549185,-0.5476572983627352,-0.002649002496164732,0.046875,0.1801063370367341,0.017840585838946432,0.188419351781273,0.03125
seqFISH+ olfactory bulb,learned_permuted_prior,gated_logreg_learned_permuted_prior,62,7,-0.39942231564063524,-0.5485727295119873,-0.025078369905956133,0.03125,0.1727491571060416,0.039352369879334714,0.19673612098550203,0.03125
seqFISH+ olfactory bulb,learned_permuted_prior,gated_logreg_learned_random_graph,62,7,-0.31313822220541004,-0.6045648330162382,0.0,0.0625,0.18939420597093717,0.0,0.2118022664059932,0.0625
seqFISH+ olfactory bulb,learned_permuted_prior,gated_spatial_smoothing,62,7,0.0,-0.09781241169229339,0.07239680454151731,0.8125,0.007898723955856918,-0.025070878305568256,0.059701748696467716,0.5625
seqFISH+ olfactory bulb,learned_permuted_prior,gated_spatial_smoothing_random_graph,62,7,0.022713215781174634,-0.07724837316166377,0.08861169947944869,0.6875,0.00288877040463853,0.0,0.08047685874386207,0.15625
seqFISH+ olfactory bulb,learned_permuted_prior,learned_neighborhood,62,7,0.0,-0.027171972773993802,0.19220935568500816,0.8125,0.012194299653430163,-0.05272124780465676,0.02323257227895348,1.0
seqFISH+ olfactory bulb,learned_permuted_prior,learned_random_graph,62,7,0.13301557905502104,0.0,0.1618847108584763,0.0625,-0.016411470652357568,-0.04462055582877056,0.027784149518848777,0.6875
seqFISH+ olfactory bulb,learned_permuted_prior,linear_svm,62,7,-0.8868152778851435,-1.0343301568058436,-0.19300918729109395,0.03125,0.3404922785071829,0.08612941903059915,0.44546993013763225,0.015625
seqFISH+ olfactory bulb,learned_permuted_prior,logreg_context_specific,62,7,-0.1380399395994907,-0.37911234602997845,0.09093198967942984,0.296875,0.1153956004459954,-0.01240154517894057,0.16434782389014746,0.078125
seqFISH+ olfactory bulb,learned_permuted_prior,logreg_learned_neighborhood,62,7,-0.12132051236515015,-0.3333171591015655,-0.011569017462535802,0.046875,0.13257799827191463,0.022939292229021524,0.21096411673428578,0.046875
seqFISH+ olfactory bulb,learned_permuted_prior,logreg_learned_permuted_prior,62,7,-0.07165343943549118,-0.2234401273346695,0.044332263690667784,0.296875,0.06471648541010366,-0.04255548218064659,0.09334476682032938,0.375
seqFISH+ olfactory bulb,learned_permuted_prior,logreg_learned_random_graph,62,7,-0.14036648038754712,-0.5514514720131319,0.27218034118892,0.375,0.12505104641437548,-0.07296960323070711,0.2096092653789831,0.15625
seqFISH+ olfactory bulb,learned_permuted_prior,logreg_only,62,7,-0.8785692182146531,-1.0430856284280252,-0.26983332440254537,0.015625,0.38077447543589704,0.13118604336063655,0.48002995629865886,0.015625
seqFISH+ olfactory bulb,learned_permuted_prior,marker_only,62,7,-0.011407414215521383,-0.20026224368875065,-0.006232719943239484,0.15625,0.05463669291044505,0.00803369272806348,0.07131168504624175,0.046875
seqFISH+ olfactory bulb,learned_permuted_prior,nested_gated_logreg_context_specific,62,7,-0.8785692182146531,-1.0430856284280252,-0.26983332440254537,0.015625,0.38077447543589704,0.13118604336063655,0.48002995629865886,0.015625
seqFISH+ olfactory bulb,learned_permuted_prior,nested_gated_logreg_learned_neighborhood,62,7,-0.8785692182146531,-1.0430856284280252,-0.26983332440254537,0.015625,0.38077447543589704,0.13118604336063655,0.48002995629865886,0.015625
seqFISH+ olfactory bulb,learned_permuted_prior,nested_gated_logreg_learned_permuted_prior,62,7,-0.8785692182146531,-1.0430856284280252,-0.26983332440254537,0.015625,0.38077447543589704,0.13118604336063655,0.48002995629865886,0.015625
seqFISH+ olfactory bulb,learned_permuted_prior,nested_gated_logreg_learned_random_graph,62,7,-0.8785692182146531,-1.0430856284280252,-0.26983332440254537,0.015625,0.38077447543589704,0.13118604336063655,0.48002995629865886,0.015625
seqFISH+ olfactory bulb,learned_permuted_prior,nested_logreg_context_specific,62,7,-0.8785692182146531,-1.0430856284280252,-0.26983332440254537,0.015625,0.38077447543589704,0.13118604336063655,0.48002995629865886,0.015625
seqFISH+ olfactory bulb,learned_permuted_prior,nested_logreg_learned_neighborhood,62,7,-0.8785692182146531,-1.0430856284280252,-0.26983332440254537,0.015625,0.38077447543589704,0.13118604336063655,0.48002995629865886,0.015625
seqFISH+ olfactory bulb,learned_permuted_prior,nested_logreg_learned_permuted_prior,62,7,-0.8785692182146531,-1.0430856284280252,-0.26983332440254537,0.015625,0.38077447543589704,0.13118604336063655,0.48002995629865886,0.015625
seqFISH+ olfactory bulb,learned_permuted_prior,nested_logreg_learned_random_graph,62,7,-0.8785692182146531,-1.0430856284280252,-0.26983332440254537,0.015625,0.38077447543589704,0.13118604336063655,0.48002995629865886,0.015625
seqFISH+ olfactory bulb,learned_permuted_prior,pca_knn,62,7,-0.9241552358453055,-0.9385234940658248,-0.18438231850531273,0.015625,0.37518922091458945,0.16489319922605047,0.5223531024721368,0.015625
seqFISH+ olfactory bulb,learned_permuted_prior,singler_native,62,7,-0.913261776132567,-0.9396610406712438,-0.2531225378488925,0.015625,0.385169144869019,0.12552212428326587,0.5209986819229564,0.015625
seqFISH+ olfactory bulb,learned_permuted_prior,spatial_smoothing,62,7,-8.523642661206754e-05,-0.09781241169229339,0.027250642116820392,0.4375,0.0,-0.025520655434861816,0.07188806348891552,0.84375
seqFISH+ olfactory bulb,learned_permuted_prior,spatial_smoothing_random_graph,62,7,0.03340765523905309,-0.02279590965717071,0.16591078090994876,0.21875,-0.00548038565330658,-0.04245350875207965,0.0784812901454755,0.6875
seqFISH+ olfactory bulb,learned_random_graph,context_specific,62,7,-0.03052220319213217,-0.28422532588206684,0.076920884541546,0.296875,0.03317065034514044,0.011337872123347914,0.07415749499322535,0.015625
seqFISH+ olfactory bulb,learned_random_graph,extra_trees,62,7,-0.8699802957842944,-0.9973201256524276,-0.4659392045460299,0.015625,0.4200098294943572,0.2699577684042244,0.4754739218909959,0.015625
seqFISH+ olfactory bulb,learned_random_graph,gated_context_specific,62,7,-0.08010177267396945,-0.19601393506007758,-0.003458069545760667,0.109375,0.030014782890013608,-0.01069099818619701,0.12418541630608862,0.15625
seqFISH+ olfactory bulb,learned_random_graph,gated_learned_neighborhood,62,7,-0.035071425858096805,-0.21713858350500545,-5.551115123125783e-17,0.078125,0.009304751743074352,-0.017497519738569167,0.10410691186385923,0.3125
seqFISH+ olfactory bulb,learned_random_graph,gated_learned_permuted_prior,62,7,-0.09904472626535699,-0.18796231771490052,-0.06143414839787382,0.03125,0.04152568877850504,-0.010943146149163141,0.06001217752575516,0.15625
seqFISH+ olfactory bulb,learned_random_graph,gated_learned_random_graph,62,7,-0.02208544953351832,-0.05614577015050398,0.0,0.0625,0.033678300422318785,0.011651675612790513,0.058695651389338355,0.03125
seqFISH+ olfactory bulb,learned_random_graph,gated_logreg_context_specific,62,7,-0.5423685268502854,-0.7126367725655063,-0.04218106309997671,0.015625,0.19161402911233466,0.07142857142857145,0.2213405387774956,0.015625
seqFISH+ olfactory bulb,learned_random_graph,gated_logreg_learned_neighborhood,62,7,-0.42289775718437717,-0.6806728774177564,-0.043460012973665085,0.03125,0.16635864041828569,0.08460005934762382,0.22784996693107207,0.03125
seqFISH+ olfactory bulb,learned_random_graph,gated_logreg_learned_permuted_prior,62,7,-0.5204511094162128,-0.6576193757264236,0.0,0.0625,0.15041818381566033,0.034492935844414374,0.23655125763317209,0.03125
seqFISH+ olfactory bulb,learned_random_graph,gated_logreg_learned_random_graph,62,7,-0.4248725520926062,-0.7057030901639755,-0.021260888110934184,0.03125,0.14844313882837662,0.08103343541512825,0.22219183370129425,0.03125
seqFISH+ olfactory bulb,learned_random_graph,gated_spatial_smoothing,62,7,-0.060618774513503726,-0.2584935789212404,0.0,0.09375,0.027773576050238058,0.020426041486377583,0.0827902775373926,0.03125
seqFISH+ olfactory bulb,learned_random_graph,gated_spatial_smoothing_random_graph,62,7,-0.11382691212846853,-0.32345491699814,0.021114428972902055,0.15625,0.017308325537245373,0.0010883274291999534,0.1064571944711335,0.03125
seqFISH+ olfactory bulb,learned_random_graph,learned_neighborhood,62,7,-0.003458069545760667,-0.25108946500393886,0.030324644826531855,0.46875,0.0027800886762669452,-0.05583132471406216,0.050632213524882785,0.84375
seqFISH+ olfactory bulb,learned_random_graph,learned_permuted_prior,62,7,-0.13301557905502104,-0.1618847108584763,0.0,0.0625,0.016411470652357568,-0.027784149518848777,0.04462055582877056,0.6875
seqFISH+ olfactory bulb,learned_random_graph,linear_svm,62,7,-0.8614720438403349,-1.0306519412839754,-0.36580201383747346,0.015625,0.39361501192903015,0.2223953747884005,0.46617190778015105,0.015625
seqFISH+ olfactory bulb,learned_random_graph,logreg_context_specific,62,7,-0.42042159753594543,-0.6008711465734,0.023126194425161062,0.078125,0.05528302510806321,0.011249996159120756,0.16728195819846503,0.109375
seqFISH+ olfactory bulb,learned_random_graph,logreg_learned_neighborhood,62,7,-0.5102993946159795,-0.5973895550349817,-0.08488660586593888,0.046875,0.11872529120767628,0.023901026119016094,0.19655789366609672,0.109375
seqFISH+ olfactory bulb,learned_random_graph,logreg_learned_permuted_prior,62,7,-0.27499656519906857,-0.5292715440824605,0.10189433021957772,0.109375,0.05270854857609836,-0.021351130733936297,0.1202006738106296,0.296875
seqFISH+ olfactory bulb,learned_random_graph,logreg_learned_random_graph,62,7,-0.2597879815451971,-0.5266605866864857,-0.08083045598981053,0.078125,0.08504378706569299,0.007644580406666102,0.23059306112964612,0.15625
seqFISH+ olfactory bulb,learned_random_graph,logreg_only,62,7,-0.8644279217575506,-1.039407412906157,-0.37857912246916936,0.015625,0.4209573347009947,0.22002568798123429,0.4917113651895143,0.015625
seqFISH+ olfactory bulb,learned_random_graph,marker_only,62,7,-0.16525071955791007,-0.18937127763575773,-0.005595725504662918,0.078125,0.05257237806784343,0.01659111232794408,0.12950540493801366,0.03125
seqFISH+ olfactory bulb,learned_random_graph,nested_gated_logreg_context_specific,62,7,-0.8644279217575506,-1.039407412906157,-0.37857912246916936,0.015625,0.4209573347009947,0.22002568798123429,0.4917113651895143,0.015625
seqFISH+ olfactory bulb,learned_random_graph,nested_gated_logreg_learned_neighborhood,62,7,-0.8644279217575506,-1.039407412906157,-0.37857912246916936,0.015625,0.4209573347009947,0.22002568798123429,0.4917113651895143,0.015625
seqFISH+ olfactory bulb,learned_random_graph,nested_gated_logreg_learned_permuted_prior,62,7,-0.8644279217575506,-1.039407412906157,-0.37857912246916936,0.015625,0.4209573347009947,0.22002568798123429,0.4917113651895143,0.015625
seqFISH+ olfactory bulb,learned_random_graph,nested_gated_logreg_learned_random_graph,62,7,-0.8644279217575506,-1.039407412906157,-0.37857912246916936,0.015625,0.4209573347009947,0.22002568798123429,0.4917113651895143,0.015625
seqFISH+ olfactory bulb,learned_random_graph,nested_logreg_context_specific,62,7,-0.8644279217575506,-1.039407412906157,-0.37857912246916936,0.015625,0.4209573347009947,0.22002568798123429,0.4917113651895143,0.015625
seqFISH+ olfactory bulb,learned_random_graph,nested_logreg_learned_neighborhood,62,7,-0.8644279217575506,-1.039407412906157,-0.37857912246916936,0.015625,0.4209573347009947,0.22002568798123429,0.4917113651895143,0.015625
seqFISH+ olfactory bulb,learned_random_graph,nested_logreg_learned_permuted_prior,62,7,-0.8644279217575506,-1.039407412906157,-0.37857912246916936,0.015625,0.4209573347009947,0.22002568798123429,0.4917113651895143,0.015625
seqFISH+ olfactory bulb,learned_random_graph,nested_logreg_learned_random_graph,62,7,-0.8644279217575506,-1.039407412906157,-0.37857912246916936,0.015625,0.4209573347009947,0.22002568798123429,0.4917113651895143,0.015625
seqFISH+ olfactory bulb,learned_random_graph,pca_knn,62,7,-0.8591256170326804,-1.0017677619701444,-0.44929851866938597,0.015625,0.44198412168068174,0.22129889310957224,0.49754340135224484,0.015625
seqFISH+ olfactory bulb,learned_random_graph,singler_native,62,7,-0.8700057995183599,-0.9920558410333749,-0.459063282401834,0.015625,0.44208698083547837,0.2208492593955425,0.5172931987717311,0.015625
seqFISH+ olfactory bulb,learned_random_graph,spatial_smoothing,62,7,-0.07206056796582655,-0.2489432005601841,0.013724904874735266,0.15625,0.027773576050238058,0.0,0.086676371744551,0.0625
seqFISH+ olfactory bulb,learned_random_graph,spatial_smoothing_random_graph,62,7,-0.04494078057594264,-0.3068925401221482,0.07556689247739512,0.578125,0.0,-0.005086165123266095,0.08931308166351459,0.5625
seqFISH+ olfactory bulb,linear_svm,context_specific,62,7,0.7799729077702251,0.1779776489954148,1.1417927137458503,0.015625,-0.39964865534535243,-0.4832296881034636,-0.13464449033873713,0.015625
seqFISH+ olfactory bulb,linear_svm,extra_trees,62,7,-0.021916292173370433,-0.03491881206907488,-0.004609795188439236,0.015625,0.017558061812744143,0.012022574440264305,0.024873313041388286,0.03125
seqFISH+ olfactory bulb,linear_svm,gated_context_specific,62,7,0.8656707682502236,0.11957287049593568,0.9737922890614628,0.03125,-0.35988605450343397,-0.3953160096426433,-0.08387728720707838,0.015625
seqFISH+ olfactory bulb,linear_svm,gated_learned_neighborhood,62,7,0.758125429631656,0.13493013240672047,1.0464676431966886,0.03125,-0.3197380412911349,-0.449746960329763,-0.08387728720707838,0.015625
seqFISH+ olfactory bulb,linear_svm,gated_learned_permuted_prior,62,7,0.7589867379937749,0.20949880267018695,0.8793967235003444,0.03125,-0.32766056986664444,-0.45127007102259914,-0.09858444724467266,0.015625
seqFISH+ olfactory bulb,linear_svm,gated_learned_random_graph,62,7,0.7842741803205793,0.23737518738524654,1.032841294404073,0.03125,-0.35100655948133663,-0.4385851597114914,-0.13155919745836916,0.015625
seqFISH+ olfactory bulb,linear_svm,gated_logreg_context_specific,62,7,0.33908781296790025,0.0910466191342928,0.37145275357450236,0.015625,-0.225623630954561,-0.2425831839863815,-0.07922247248929648,0.015625
seqFISH+ olfactory bulb,linear_svm,gated_logreg_learned_neighborhood,62,7,0.297145679383634,0.08915685519162231,0.36792763520356697,0.015625,-0.20735885758914782,-0.24795225635576995,-0.08690624451652072,0.015625
seqFISH+ olfactory bulb,linear_svm,gated_logreg_learned_permuted_prior,62,7,0.3336848841457274,0.05940788692109655,0.3909618255388396,0.015625,-0.20658996003655683,-0.2588619674739017,-0.1024861914566399,0.015625
seqFISH+ olfactory bulb,linear_svm,gated_logreg_learned_random_graph,62,7,0.32312106796602064,0.12600341954854066,0.3671643682400202,0.015625,-0.20210195700208827,-0.2787084882489139,-0.07548875021634688,0.015625
seqFISH+ olfactory bulb,linear_svm,gated_spatial_smoothing,62,7,0.7930583393500362,0.13869220728643272,0.8985438636600926,0.03125,-0.3501970758733643,-0.405104408420099,-0.08387728720707838,0.015625
seqFISH+ olfactory bulb,linear_svm,gated_spatial_smoothing_random_graph,62,7,0.8785411609238712,0.23737518738524654,0.9276207033320141,0.015625,-0.3734970893835294,-0.39870117705229624,-0.12227440009659482,0.015625
seqFISH+ olfactory bulb,linear_svm,learned_neighborhood,62,7,0.9360822659998471,0.19407192269899454,1.1360164231629382,0.03125,-0.318846098358777,-0.5666540062534837,-0.11933620852306495,0.015625
seqFISH+ olfactory bulb,linear_svm,learned_permuted_prior,62,7,0.8868152778851435,0.19300918729109395,1.0343301568058436,0.03125,-0.3404922785071829,-0.44546993013763225,-0.08612941903059915,0.015625
seqFISH+ olfactory bulb,linear_svm,learned_random_graph,62,7,0.8614720438403349,0.36580201383747346,1.0306519412839754,0.015625,-0.39361501192903015,-0.46617190778015105,-0.2223953747884005,0.015625
seqFISH+ olfactory bulb,linear_svm,logreg_context_specific,62,7,0.5154930251004888,0.15657603155587774,0.6575464155588204,0.015625,-0.24808979801939446,-0.3345190349510953,-0.17285607018122187,0.015625
seqFISH+ olfactory bulb,linear_svm,logreg_learned_neighborhood,62,7,0.48531525361114547,0.17038923504234282,0.5456017047516803,0.015625,-0.24150872649096264,-0.25021032179877556,-0.12581458369391146,0.015625
seqFISH+ olfactory bulb,linear_svm,logreg_learned_permuted_prior,62,7,0.5046011520234734,0.16123074923213043,0.6510271851997389,0.015625,-0.2711943558588678,-0.35217517925652375,-0.12581458369391146,0.015625
seqFISH+ olfactory bulb,linear_svm,logreg_learned_random_graph,62,7,0.4455489748656134,0.2850445825427128,0.46769799686909236,0.015625,-0.25360245791802055,-0.2734019467100893,-0.2114012934627217,0.015625
seqFISH+ olfactory bulb,linear_svm,logreg_only,62,7,-0.00013193709456688074,-0.00926662996210914,0.011930370365443865,1.0,0.012263561041743514,0.004958089820027205,0.016974968625794846,0.015625
seqFISH+ olfactory bulb,linear_svm,marker_only,62,7,0.7694879607420324,0.1700103888090394,0.9140956474794688,0.03125,-0.3263309072770558,-0.40812628206519946,-0.12227440009659482,0.03125
seqFISH+ olfactory bulb,linear_svm,nested_gated_logreg_context_specific,62,7,-0.00013193709456688074,-0.00926662996210914,0.011930370365443865,1.0,0.012263561041743514,0.004958089820027205,0.016974968625794846,0.015625
seqFISH+ olfactory bulb,linear_svm,nested_gated_logreg_learned_neighborhood,62,7,-0.00013193709456688074,-0.00926662996210914,0.011930370365443865,1.0,0.012263561041743514,0.004958089820027205,0.016974968625794846,0.015625
seqFISH+ olfactory bulb,linear_svm,nested_gated_logreg_learned_permuted_prior,62,7,-0.00013193709456688074,-0.00926662996210914,0.011930370365443865,1.0,0.012263561041743514,0.004958089820027205,0.016974968625794846,0.015625
seqFISH+ olfactory bulb,linear_svm,nested_gated_logreg_learned_random_graph,62,7,-0.00013193709456688074,-0.00926662996210914,0.011930370365443865,1.0,0.012263561041743514,0.004958089820027205,0.016974968625794846,0.015625
seqFISH+ olfactory bulb,linear_svm,nested_logreg_context_specific,62,7,-0.00013193709456688074,-0.00926662996210914,0.011930370365443865,1.0,0.012263561041743514,0.004958089820027205,0.016974968625794846,0.015625
seqFISH+ olfactory bulb,linear_svm,nested_logreg_learned_neighborhood,62,7,-0.00013193709456688074,-0.00926662996210914,0.011930370365443865,1.0,0.012263561041743514,0.004958089820027205,0.016974968625794846,0.015625
seqFISH+ olfactory bulb,linear_svm,nested_logreg_learned_permuted_prior,62,7,-0.00013193709456688074,-0.00926662996210914,0.011930370365443865,1.0,0.012263561041743514,0.004958089820027205,0.016974968625794846,0.015625
seqFISH+ olfactory bulb,linear_svm,nested_logreg_learned_random_graph,62,7,-0.00013193709456688074,-0.00926662996210914,0.011930370365443865,1.0,0.012263561041743514,0.004958089820027205,0.016974968625794846,0.015625
seqFISH+ olfactory bulb,linear_svm,pca_knn,62,7,-0.023604879929912892,-0.055408405175992215,-0.007151997199130733,0.015625,0.021233053499668246,0.018060628444689336,0.028744724846085295,0.015625
seqFISH+ olfactory bulb,linear_svm,singler_native,62,7,-0.02850486297642807,-0.03418486005296317,-0.02081628409041003,0.015625,0.017377749317066326,0.013406730941083717,0.031786438647939036,0.015625
seqFISH+ olfactory bulb,linear_svm,spatial_smoothing,62,7,0.8131881058228982,0.1627335794001502,0.971506643617571,0.03125,-0.363583394576666,-0.40687846361339847,-0.1147790297554879,0.015625
seqFISH+ olfactory bulb,linear_svm,spatial_smoothing_random_graph,62,7,0.8886594416092107,0.35169011349456714,0.9441069140606091,0.015625,-0.3606368111126949,-0.39870117705229624,-0.14475694538394718,0.015625
seqFISH+ olfactory bulb,logreg_context_specific,context_specific,62,7,0.15663657525186125,-0.051766234653453314,0.39086618297450937,0.21875,-0.07136266940586444,-0.21089588040385457,0.017941996747044775,0.21875
seqFISH+ olfactory bulb,logreg_context_specific,extra_trees,62,7,-0.5691755936356515,-0.6494543446653172,-0.25806451612903214,0.015625,0.27832892730131703,0.22399571898916398,0.34640647834604205,0.015625
seqFISH+ olfactory bulb,logreg_context_specific,gated_context_specific,62,7,0.23176253134033387,-0.1377956109865519,0.41077023625182224,0.21875,-0.06721231302085034,-0.16269523780534506,0.045752788438472775,0.375
seqFISH+ olfactory bulb,logreg_context_specific,gated_learned_neighborhood,62,7,0.23133673904771596,-0.11348590134227221,0.4590836565848318,0.21875,-0.03349942431702457,-0.17699936164095686,0.049821696151655936,0.46875
seqFISH+ olfactory bulb,logreg_context_specific,gated_learned_permuted_prior,62,7,0.04633491203446122,-0.10956703019440661,0.4781247621668786,0.46875,-0.05459293523778114,-0.19088790894442956,0.03907968058498079,0.21875
seqFISH+ olfactory bulb,logreg_context_specific,gated_learned_random_graph,62,7,0.10167297464137459,-0.00783963041608371,0.4858419512741129,0.109375,-0.03896872460888445,-0.1807337284135685,0.03257726584010602,0.21875
seqFISH+ olfactory bulb,logreg_context_specific,gated_logreg_context_specific,62,7,-0.18815884512797765,-0.35391751383578307,-0.0535954113641495,0.015625,0.07548875021634693,0.04175711696662693,0.08410167253413398,0.015625
seqFISH+ olfactory bulb,logreg_context_specific,gated_logreg_learned_neighborhood,62,7,-0.140758653079882,-0.3093490287999172,0.0004444200568838319,0.109375,0.054861217135112994,0.050160059363791476,0.08591766903888826,0.03125
seqFISH+ olfactory bulb,logreg_context_specific,gated_logreg_learned_permuted_prior,62,7,-0.1712200082186821,-0.35769586490879696,0.0004444200568838319,0.078125,0.06673452359363324,0.007924521230441017,0.07230183946165658,0.046875
seqFISH+ olfactory bulb,logreg_context_specific,gated_logreg_learned_random_graph,62,7,-0.14577774760179632,-0.38812787377758057,-0.014530970909231722,0.078125,0.06269559257030607,0.048203819264155456,0.08383795385063209,0.03125
seqFISH+ olfactory bulb,logreg_context_specific,gated_spatial_smoothing,62,7,0.008646923699468262,-0.12203185962826923,0.3920592874378497,0.46875,-0.05876212981717982,-0.16289967610229567,0.05623621472505963,0.296875
seqFISH+ olfactory bulb,logreg_context_specific,gated_spatial_smoothing_random_graph,62,7,0.19032409882909163,-0.062334414308291175,0.4308043329671677,0.15625,-0.07538928530591371,-0.16440707711473185,0.0597409195142658,0.15625
seqFISH+ olfactory bulb,logreg_context_specific,learned_neighborhood,62,7,0.31097495417661525,-0.021811384845408788,0.5189455908114358,0.109375,-0.04285388203836721,-0.23161591893810687,0.0570485501391742,0.375
seqFISH+ olfactory bulb,logreg_context_specific,learned_permuted_prior,62,7,0.1380399395994907,-0.09093198967942984,0.37911234602997845,0.296875,-0.1153956004459954,-0.16434782389014746,0.01240154517894057,0.078125
seqFISH+ olfactory bulb,logreg_context_specific,learned_random_graph,62,7,0.42042159753594543,-0.023126194425161062,0.6008711465734,0.078125,-0.05528302510806321,-0.16728195819846503,-0.011249996159120756,0.109375
seqFISH+ olfactory bulb,logreg_context_specific,linear_svm,62,7,-0.5154930251004888,-0.6575464155588204,-0.15657603155587774,0.015625,0.24808979801939446,0.17285607018122187,0.3345190349510953,0.015625
seqFISH+ olfactory bulb,logreg_context_specific,logreg_learned_neighborhood,62,7,-0.05882219924332191,-0.1022175695459352,0.07937861684370962,0.8125,0.017690587397238028,0.0,0.043184157072004015,0.21875
seqFISH+ olfactory bulb,logreg_context_specific,logreg_learned_permuted_prior,62,7,0.04632714023071527,-0.026070984490874943,0.20235319568403973,0.375,-0.03208852988319674,-0.05639984700984835,0.012461563587829017,0.21875
seqFISH+ olfactory bulb,logreg_context_specific,logreg_learned_random_graph,62,7,-0.19649051621745361,-0.3451733983416201,0.09211972725860984,0.46875,0.03171436156631313,-0.09620088394398357,0.06429085898218828,0.9375
seqFISH+ olfactory bulb,logreg_context_specific,logreg_only,62,7,-0.47643846541414914,-0.6640627936980126,-0.10808281436608425,0.015625,0.2707125539721165,0.18922498529682819,0.33662976035645686,0.015625
seqFISH+ olfactory bulb,logreg_context_specific,marker_only,62,7,0.3032717798618147,-0.13005625562204481,0.334284351700051,0.15625,-0.07538928530591354,-0.10801066925433206,0.06862613656031523,0.46875
seqFISH+ olfactory bulb,logreg_context_specific,nested_gated_logreg_context_specific,62,7,-0.47643846541414914,-0.6640627936980126,-0.10808281436608425,0.015625,0.2707125539721165,0.18922498529682819,0.33662976035645686,0.015625
seqFISH+ olfactory bulb,logreg_context_specific,nested_gated_logreg_learned_neighborhood,62,7,-0.47643846541414914,-0.6640627936980126,-0.10808281436608425,0.015625,0.2707125539721165,0.18922498529682819,0.33662976035645686,0.015625
seqFISH+ olfactory bulb,logreg_context_specific,nested_gated_logreg_learned_permuted_prior,62,7,-0.47643846541414914,-0.6640627936980126,-0.10808281436608425,0.015625,0.2707125539721165,0.18922498529682819,0.33662976035645686,0.015625
seqFISH+ olfactory bulb,logreg_context_specific,nested_gated_logreg_learned_random_graph,62,7,-0.47643846541414914,-0.6640627936980126,-0.10808281436608425,0.015625,0.2707125539721165,0.18922498529682819,0.33662976035645686,0.015625
seqFISH+ olfactory bulb,logreg_context_specific,nested_logreg_context_specific,62,7,-0.47643846541414914,-0.6640627936980126,-0.10808281436608425,0.015625,0.2707125539721165,0.18922498529682819,0.33662976035645686,0.015625
seqFISH+ olfactory bulb,logreg_context_specific,nested_logreg_learned_neighborhood,62,7,-0.47643846541414914,-0.6640627936980126,-0.10808281436608425,0.015625,0.2707125539721165,0.18922498529682819,0.33662976035645686,0.015625
seqFISH+ olfactory bulb,logreg_context_specific,nested_logreg_learned_permuted_prior,62,7,-0.47643846541414914,-0.6640627936980126,-0.10808281436608425,0.015625,0.2707125539721165,0.18922498529682819,0.33662976035645686,0.015625
seqFISH+ olfactory bulb,logreg_context_specific,nested_logreg_learned_random_graph,62,7,-0.47643846541414914,-0.6640627936980126,-0.10808281436608425,0.015625,0.2707125539721165,0.18922498529682819,0.33662976035645686,0.015625
seqFISH+ olfactory bulb,logreg_context_specific,pca_knn,62,7,-0.6125537588524281,-0.6494543446653172,-0.309785333711191,0.015625,0.2892044333746443,0.15750244560514196,0.34362402334057063,0.015625
seqFISH+ olfactory bulb,logreg_context_specific,singler_native,62,7,-0.5557096833594241,-0.6439284271026946,-0.25806451612903214,0.015625,0.2892934007968244,0.1899043106068991,0.33894653476509706,0.015625
seqFISH+ olfactory bulb,logreg_context_specific,spatial_smoothing,62,7,0.028808847707282592,-0.004332619782030894,0.44600308817200945,0.15625,-0.05619005968932722,-0.12418497888858368,0.04647577056890201,0.296875
seqFISH+ olfactory bulb,logreg_context_specific,spatial_smoothing_random_graph,62,7,0.28663958074794593,0.08079915582936881,0.41297028135351344,0.015625,-0.07538928530591371,-0.14883758403369596,-0.005737845595229829,0.078125
seqFISH+ olfactory bulb,logreg_learned_neighborhood,context_specific,62,7,0.4162090666429104,0.02433595549830639,0.6011184835118559,0.046875,-0.07920949684286571,-0.13826478537445724,-0.009640155675075035,0.078125
seqFISH+ olfactory bulb,logreg_learned_neighborhood,extra_trees,62,7,-0.4772231827176422,-0.5770078126730234,-0.3526087752242729,0.015625,0.2659818939743746,0.24126639458229818,0.2843875156681671,0.015625
seqFISH+ olfactory bulb,logreg_learned_neighborhood,gated_context_specific,62,7,0.28517811010863237,-0.04337948312936124,0.5641637739463861,0.078125,-0.04460310939712231,-0.1465927446155093,0.007454903770391874,0.21875
seqFISH+ olfactory bulb,logreg_learned_neighborhood,gated_learned_neighborhood,62,7,0.15086456279546245,-0.030871376581738663,0.6223557413071921,0.078125,-0.0549778970918835,-0.21696211038033675,-0.002388503032462297,0.109375
seqFISH+ olfactory bulb,logreg_learned_neighborhood,gated_learned_permuted_prior,62,7,0.16703827619526512,-0.04628918849830166,0.4619826720304889,0.15625,-0.04782861012833295,-0.18791257400861092,0.0003480963261633663,0.21875
seqFISH+ olfactory bulb,logreg_learned_neighborhood,gated_learned_random_graph,62,7,0.2681414599717722,-0.030031859800300653,0.5275012897329969,0.078125,-0.0665175891860103,-0.17522021180148506,0.016410597873118965,0.15625
seqFISH+ olfactory bulb,logreg_learned_neighborhood,gated_logreg_context_specific,62,7,-0.09374271727078698,-0.1971448940903072,-0.028852662294779285,0.03125,0.03743782931258072,-0.0014944278559433921,0.043657957176418516,0.078125
seqFISH+ olfactory bulb,logreg_learned_neighborhood,gated_logreg_learned_neighborhood,62,7,-0.09374271727078698,-0.15138986995704645,-0.0021942882953795706,0.078125,0.01167706006310898,-0.00518403545722837,0.0323658504560701,0.21875
seqFISH+ olfactory bulb,logreg_learned_neighborhood,gated_logreg_learned_permuted_prior,62,7,-0.05766411987728212,-0.18722721278543186,-0.010189876480866333,0.015625,0.031879457020366264,-0.02137475851415266,0.03876609362756983,0.078125
seqFISH+ olfactory bulb,logreg_learned_neighborhood,gated_logreg_learned_random_graph,62,7,-0.14344271093069816,-0.21504610367361715,-0.017771115003364577,0.078125,0.03878445212203652,-0.008498309239663382,0.06516363003940906,0.109375
seqFISH+ olfactory bulb,logreg_learned_neighborhood,gated_spatial_smoothing,62,7,0.23807996256270036,-0.030871376581738663,0.46822973793673106,0.15625,-0.032242334616574886,-0.14946177055558385,0.06001348592452602,0.296875
seqFISH+ olfactory bulb,logreg_learned_neighborhood,gated_spatial_smoothing_random_graph,62,7,0.2804823100574384,-0.030871376581738663,0.40776805012662953,0.078125,-0.04886949010530878,-0.15404056234105346,0.016410597873118993,0.21875
seqFISH+ olfactory bulb,logreg_learned_neighborhood,learned_neighborhood,62,7,0.23187357115913054,0.008108775681093083,0.46672245401195434,0.046875,-0.09669998375578559,-0.21498836449183173,-0.0012810462527667044,0.078125
seqFISH+ olfactory bulb,logreg_learned_neighborhood,learned_permuted_prior,62,7,0.12132051236515015,0.011569017462535802,0.3333171591015655,0.046875,-0.13257799827191463,-0.21096411673428578,-0.022939292229021524,0.046875
seqFISH+ olfactory bulb,logreg_learned_neighborhood,learned_random_graph,62,7,0.5102993946159795,0.08488660586593888,0.5973895550349817,0.046875,-0.11872529120767628,-0.19655789366609672,-0.023901026119016094,0.109375
seqFISH+ olfactory bulb,logreg_learned_neighborhood,linear_svm,62,7,-0.48531525361114547,-0.5456017047516803,-0.17038923504234282,0.015625,0.24150872649096264,0.12581458369391146,0.25021032179877556,0.015625
seqFISH+ olfactory bulb,logreg_learned_neighborhood,logreg_context_specific,62,7,0.05882219924332191,-0.07937861684370962,0.1022175695459352,0.8125,-0.017690587397238028,-0.043184157072004015,0.0,0.21875
seqFISH+ olfactory bulb,logreg_learned_neighborhood,logreg_learned_permuted_prior,62,7,0.025404289761819097,1.1102230246251565e-16,0.24147386258569464,0.109375,-0.04249827068720652,-0.10607380171186803,0.0,0.0625
seqFISH+ olfactory bulb,logreg_learned_neighborhood,logreg_learned_random_graph,62,7,-0.001223170931105022,-0.07207976505537167,0.21189375742594907,1.0,-0.02609632424159669,-0.11311578771413433,-0.011469795505690883,0.15625
seqFISH+ olfactory bulb,logreg_learned_neighborhood,logreg_only,62,7,-0.4918316317503376,-0.5285841351227225,-0.21149286784166244,0.015625,0.2597293806530023,0.15097750043269373,0.2864387898620249,0.015625
seqFISH+ olfactory bulb,logreg_learned_neighborhood,marker_only,62,7,0.28879195686851244,-0.04148258807438732,0.4729324255554579,0.15625,-0.04886949010530861,-0.15126236803781806,0.011005161449490819,0.296875
seqFISH+ olfactory bulb,logreg_learned_neighborhood,nested_gated_logreg_context_specific,62,7,-0.4918316317503376,-0.5285841351227225,-0.21149286784166244,0.015625,0.2597293806530023,0.15097750043269373,0.2864387898620249,0.015625
seqFISH+ olfactory bulb,logreg_learned_neighborhood,nested_gated_logreg_learned_neighborhood,62,7,-0.4918316317503376,-0.5285841351227225,-0.21149286784166244,0.015625,0.2597293806530023,0.15097750043269373,0.2864387898620249,0.015625
seqFISH+ olfactory bulb,logreg_learned_neighborhood,nested_gated_logreg_learned_permuted_prior,62,7,-0.4918316317503376,-0.5285841351227225,-0.21149286784166244,0.015625,0.2597293806530023,0.15097750043269373,0.2864387898620249,0.015625
seqFISH+ olfactory bulb,logreg_learned_neighborhood,nested_gated_logreg_learned_random_graph,62,7,-0.4918316317503376,-0.5285841351227225,-0.21149286784166244,0.015625,0.2597293806530023,0.15097750043269373,0.2864387898620249,0.015625
seqFISH+ olfactory bulb,logreg_learned_neighborhood,nested_logreg_context_specific,62,7,-0.4918316317503376,-0.5285841351227225,-0.21149286784166244,0.015625,0.2597293806530023,0.15097750043269373,0.2864387898620249,0.015625
seqFISH+ olfactory bulb,logreg_learned_neighborhood,nested_logreg_learned_neighborhood,62,7,-0.4918316317503376,-0.5285841351227225,-0.21149286784166244,0.015625,0.2597293806530023,0.15097750043269373,0.2864387898620249,0.015625
seqFISH+ olfactory bulb,logreg_learned_neighborhood,nested_logreg_learned_permuted_prior,62,7,-0.4918316317503376,-0.5285841351227225,-0.21149286784166244,0.015625,0.2597293806530023,0.15097750043269373,0.2864387898620249,0.015625
seqFISH+ olfactory bulb,logreg_learned_neighborhood,nested_logreg_learned_random_graph,62,7,-0.4918316317503376,-0.5285841351227225,-0.21149286784166244,0.015625,0.2597293806530023,0.15097750043269373,0.2864387898620249,0.015625
seqFISH+ olfactory bulb,logreg_learned_neighborhood,pca_knn,62,7,-0.4772231827176422,-0.5919697329003781,-0.28092757637132315,0.015625,0.2712781759395431,0.20964627375828174,0.2761870689262231,0.015625
seqFISH+ olfactory bulb,logreg_learned_neighborhood,singler_native,62,7,-0.47169726515501964,-0.5923399098038806,-0.19694816162638595,0.015625,0.25828252098991006,0.16344686346751497,0.26707013881007147,0.015625
seqFISH+ olfactory bulb,logreg_learned_neighborhood,spatial_smoothing,62,7,0.23807996256270036,0.03153971725781038,0.4616648079362211,0.03125,-0.07225623168389445,-0.1466472959175087,-0.012866224695253226,0.078125
seqFISH+ olfactory bulb,logreg_learned_neighborhood,spatial_smoothing_random_graph,62,7,0.2760364294683833,0.07993303122093931,0.37876865379749947,0.03125,-0.07312193705498227,-0.15857937706344374,-0.02398889434800744,0.03125
seqFISH+ olfactory bulb,logreg_learned_permuted_prior,context_specific,62,7,0.1323608612642299,-0.1951658300078477,0.39112869466716726,0.578125,-0.029556623033295926,-0.08487621644145205,0.012220880176583016,0.375
seqFISH+ olfactory bulb,logreg_learned_permuted_prior,extra_trees,62,7,-0.5460536507653877,-0.8038815189194946,-0.3043916563597474,0.015625,0.2733465801746848,0.24699233939957851,0.36739448082894544,0.015625
seqFISH+ olfactory bulb,logreg_learned_permuted_prior,gated_context_specific,62,7,0.10103102268189962,-0.1951658300078477,0.36662288928181896,0.375,0.012030113931382036,-0.07664010843501423,0.08200915013473548,0.9375
seqFISH+ olfactory bulb,logreg_learned_permuted_prior,gated_learned_neighborhood,62,7,0.1728805096202987,-0.08656738977538325,0.2637523469111447,0.21875,-0.03024528378862057,-0.047300396303112446,0.10648315845254061,1.0
seqFISH+ olfactory bulb,logreg_learned_permuted_prior,gated_learned_permuted_prior,62,7,0.1341596857487094,-0.0899883402199777,0.19370403950669463,0.21875,-0.0393563828399513,-0.07035962098245341,0.08070867232592208,0.9375
seqFISH+ olfactory bulb,logreg_learned_permuted_prior,gated_learned_random_graph,62,7,0.1773828466204831,-0.052112650974862285,0.353571670347231,0.21875,-0.005283245120214941,-0.08865403653438425,0.06512200975079416,0.6875
seqFISH+ olfactory bulb,logreg_learned_permuted_prior,gated_logreg_context_specific,62,7,-0.2027383357838216,-0.232417420050342,-0.14180330357935245,0.015625,0.09669926422914388,0.07480719059946334,0.11910487221088135,0.015625
seqFISH+ olfactory bulb,logreg_learned_permuted_prior,gated_logreg_learned_neighborhood,62,7,-0.1576616616744111,-0.289161936899578,-0.046981266186832515,0.015625,0.08736344255155096,0.0292386514770957,0.09609169616850605,0.03125
seqFISH+ olfactory bulb,logreg_learned_permuted_prior,gated_logreg_learned_permuted_prior,62,7,-0.13949955887177812,-0.3357359536471387,-0.06941063359662392,0.03125,0.08168854692059424,0.04486798804046083,0.10293920484047293,0.03125
seqFISH+ olfactory bulb,logreg_learned_permuted_prior,gated_logreg_learned_random_graph,62,7,-0.17294364368323556,-0.37189245583826436,-0.13600299049353481,0.015625,0.07953205356212761,0.03679938308575231,0.09609169616850605,0.015625
seqFISH+ olfactory bulb,logreg_learned_permuted_prior,gated_spatial_smoothing,62,7,0.04830277574611613,-0.08656738977538325,0.2820667262286687,0.375,-0.02977372872970896,-0.073400739899493,0.08876775234944151,1.0
seqFISH+ olfactory bulb,logreg_learned_permuted_prior,gated_spatial_smoothing_random_graph,62,7,-0.00807077886010088,-0.12942934354234367,0.36025202448586036,0.578125,0.05015468398910178,-0.08575964248488749,0.06512200975079419,0.9375
seqFISH+ olfactory bulb,logreg_learned_permuted_prior,learned_neighborhood,62,7,0.21851289980352578,-0.06943606007740871,0.40263037995358364,0.21875,-0.044243962768839074,-0.16859656843808074,0.02455948417681697,0.15625
seqFISH+ olfactory bulb,logreg_learned_permuted_prior,learned_permuted_prior,62,7,0.07165343943549118,-0.044332263690667784,0.2234401273346695,0.296875,-0.06471648541010366,-0.09334476682032938,0.04255548218064659,0.375
seqFISH+ olfactory bulb,logreg_learned_permuted_prior,learned_random_graph,62,7,0.27499656519906857,-0.10189433021957772,0.5292715440824605,0.109375,-0.05270854857609836,-0.1202006738106296,0.021351130733936297,0.296875
seqFISH+ olfactory bulb,logreg_learned_permuted_prior,linear_svm,62,7,-0.5046011520234734,-0.6510271851997389,-0.16123074923213043,0.015625,0.2711943558588678,0.12581458369391146,0.35217517925652375,0.015625
seqFISH+ olfactory bulb,logreg_learned_permuted_prior,logreg_context_specific,62,7,-0.04632714023071527,-0.20235319568403973,0.026070984490874943,0.375,0.03208852988319674,-0.012461563587829017,0.05639984700984835,0.21875
seqFISH+ olfactory bulb,logreg_learned_permuted_prior,logreg_learned_neighborhood,62,7,-0.025404289761819097,-0.24147386258569464,-1.1102230246251565e-16,0.109375,0.04249827068720652,0.0,0.10607380171186803,0.0625
seqFISH+ olfactory bulb,logreg_learned_permuted_prior,logreg_learned_random_graph,62,7,-0.18272478620938826,-0.24438982824350025,0.17469635442382336,0.375,0.08168854692059432,-0.0031586062258296965,0.08369131869300955,0.375
seqFISH+ olfactory bulb,logreg_learned_permuted_prior,logreg_only,62,7,-0.46553663711182414,-0.639096814834295,-0.20108736960814366,0.015625,0.27627329919067833,0.14997983014913738,0.3833350925070674,0.015625
seqFISH+ olfactory bulb,logreg_learned_permuted_prior,marker_only,62,7,0.009628454711721357,-0.1951658300078477,0.39207991772363043,0.6875,0.05495997198156523,-0.07903076852593394,0.09457542699737126,0.375
seqFISH+ olfactory bulb,logreg_learned_permuted_prior,nested_gated_logreg_context_specific,62,7,-0.46553663711182414,-0.639096814834295,-0.20108736960814366,0.015625,0.27627329919067833,0.14997983014913738,0.3833350925070674,0.015625
seqFISH+ olfactory bulb,logreg_learned_permuted_prior,nested_gated_logreg_learned_neighborhood,62,7,-0.46553663711182414,-0.639096814834295,-0.20108736960814366,0.015625,0.27627329919067833,0.14997983014913738,0.3833350925070674,0.015625
seqFISH+ olfactory bulb,logreg_learned_permuted_prior,nested_gated_logreg_learned_permuted_prior,62,7,-0.46553663711182414,-0.639096814834295,-0.20108736960814366,0.015625,0.27627329919067833,0.14997983014913738,0.3833350925070674,0.015625
seqFISH+ olfactory bulb,logreg_learned_permuted_prior,nested_gated_logreg_learned_random_graph,62,7,-0.46553663711182414,-0.639096814834295,-0.20108736960814366,0.015625,0.27627329919067833,0.14997983014913738,0.3833350925070674,0.015625
seqFISH+ olfactory bulb,logreg_learned_permuted_prior,nested_logreg_context_specific,62,7,-0.46553663711182414,-0.639096814834295,-0.20108736960814366,0.015625,0.27627329919067833,0.14997983014913738,0.3833350925070674,0.015625
seqFISH+ olfactory bulb,logreg_learned_permuted_prior,nested_logreg_learned_neighborhood,62,7,-0.46553663711182414,-0.639096814834295,-0.20108736960814366,0.015625,0.27627329919067833,0.14997983014913738,0.3833350925070674,0.015625
seqFISH+ olfactory bulb,logreg_learned_permuted_prior,nested_logreg_learned_permuted_prior,62,7,-0.46553663711182414,-0.639096814834295,-0.20108736960814366,0.015625,0.27627329919067833,0.14997983014913738,0.3833350925070674,0.015625
seqFISH+ olfactory bulb,logreg_learned_permuted_prior,nested_logreg_learned_random_graph,62,7,-0.46553663711182414,-0.639096814834295,-0.20108736960814366,0.015625,0.27627329919067833,0.14997983014913738,0.3833350925070674,0.015625
seqFISH+ olfactory bulb,logreg_learned_permuted_prior,pca_knn,62,7,-0.5422536148700259,-0.8038815189194946,-0.19170776046208693,0.015625,0.2871214109681039,0.2105263157894737,0.3915508855214656,0.015625
seqFISH+ olfactory bulb,logreg_learned_permuted_prior,singler_native,62,7,-0.561385747896245,-0.8038815189194946,-0.19814558591036602,0.015625,0.29909865397594976,0.20751874963942185,0.38396161790446276,0.015625
seqFISH+ olfactory bulb,logreg_learned_permuted_prior,spatial_smoothing,62,7,0.17217086986743446,-0.08512143638772363,0.33105801118112654,0.21875,-0.03923355616036084,-0.07877005194302639,0.03729920531578007,0.46875
seqFISH+ olfactory bulb,logreg_learned_permuted_prior,spatial_smoothing_random_graph,62,7,0.029820496159838727,-0.08360360136965611,0.3640499222901138,0.375,0.005725944817280337,-0.08575964248488749,0.04549621193806086,0.6875
seqFISH+ olfactory bulb,logreg_learned_random_graph,context_specific,62,7,0.17317385042015304,-0.25806451612903214,0.6044171804327647,0.375,-0.1369950586205058,-0.17265302627448165,0.07675680312398458,0.578125
seqFISH+ olfactory bulb,logreg_learned_random_graph,extra_trees,62,7,-0.5011862912674693,-0.5818609561002115,-0.3002022140837687,0.015625,0.2729459362952842,0.2662869947694881,0.3024847062570677,0.015625
seqFISH+ olfactory bulb,logreg_learned_random_graph,gated_context_specific,62,7,0.15593425332669109,-0.25806451612903214,0.5139364208087838,0.375,-0.07272784619928468,-0.13273490199110394,0.14195367238245635,0.9375
seqFISH+ olfactory bulb,logreg_learned_random_graph,gated_learned_neighborhood,62,7,0.2628499840331464,-0.25806451612903214,0.5734838637191434,0.21875,-0.1010430953301526,-0.16442886248592398,0.14195367238245635,0.46875
seqFISH+ olfactory bulb,logreg_learned_random_graph,gated_learned_permuted_prior,62,7,0.10750406681866928,-0.24276513400768773,0.5176478816348774,0.46875,-0.05820430492162798,-0.112699314097362,0.11690434396865237,0.6875
seqFISH+ olfactory bulb,logreg_learned_random_graph,gated_learned_random_graph,62,7,0.2860701692897295,-0.20817378748036686,0.5948930712795623,0.15625,-0.08965735210892428,-0.13463545087892614,0.08912689336612689,0.375
seqFISH+ olfactory bulb,logreg_learned_random_graph,gated_logreg_context_specific,62,7,-0.03955641814601539,-0.2656171368899348,0.03938378603936721,0.296875,0.016258179846138504,0.012014931241724258,0.148349120493745,0.015625
seqFISH+ olfactory bulb,logreg_learned_random_graph,gated_logreg_learned_neighborhood,62,7,-0.020013549574433354,-0.23244554194270284,0.043624939541028335,0.296875,0.030148303215496053,0.013613087695685477,0.148349120493745,0.03125
seqFISH+ olfactory bulb,logreg_learned_random_graph,gated_logreg_learned_permuted_prior,62,7,-0.08846245546705975,-0.22770128828468028,0.028789731472907087,0.15625,0.022596403820950517,0.007811118864055666,0.12522215918924856,0.015625
seqFISH+ olfactory bulb,logreg_learned_random_graph,gated_logreg_learned_random_graph,62,7,-0.05311336100310626,-0.2598168238041172,-0.015075567228888198,0.046875,0.01958023163630429,0.005581501699587377,0.11155599461049848,0.015625
seqFISH+ olfactory bulb,logreg_learned_random_graph,gated_spatial_smoothing,62,7,0.15699009841536254,-0.25806451612903214,0.6173467554454607,0.46875,-0.07283455682377493,-0.12890568987490975,0.0650157871604117,0.46875
seqFISH+ olfactory bulb,logreg_learned_random_graph,gated_spatial_smoothing_random_graph,62,7,0.20709738495850893,-0.24276513400768773,0.5754493512165345,0.46875,-0.05112775477840115,-0.1341516387672987,0.08166850125684849,0.578125
seqFISH+ olfactory bulb,logreg_learned_random_graph,learned_neighborhood,62,7,0.5366070867152376,-0.3327272027727013,0.5512731565107428,0.15625,-0.1353907223310395,-0.20465922571354386,0.13802927625885603,0.296875
seqFISH+ olfactory bulb,logreg_learned_random_graph,learned_permuted_prior,62,7,0.14036648038754712,-0.27218034118892,0.5514514720131319,0.375,-0.12505104641437548,-0.2096092653789831,0.07296960323070711,0.15625
seqFISH+ olfactory bulb,logreg_learned_random_graph,learned_random_graph,62,7,0.2597879815451971,0.08083045598981053,0.5266605866864857,0.078125,-0.08504378706569299,-0.23059306112964612,-0.007644580406666102,0.15625
seqFISH+ olfactory bulb,logreg_learned_random_graph,linear_svm,62,7,-0.4455489748656134,-0.46769799686909236,-0.2850445825427128,0.015625,0.25360245791802055,0.2114012934627217,0.2734019467100893,0.015625
seqFISH+ olfactory bulb,logreg_learned_random_graph,logreg_context_specific,62,7,0.19649051621745361,-0.09211972725860984,0.3451733983416201,0.46875,-0.03171436156631313,-0.06429085898218828,0.09620088394398357,0.9375
seqFISH+ olfactory bulb,logreg_learned_random_graph,logreg_learned_neighborhood,62,7,0.001223170931105022,-0.21189375742594907,0.07207976505537167,1.0,0.02609632424159669,0.011469795505690883,0.11311578771413433,0.15625
seqFISH+ olfactory bulb,logreg_learned_random_graph,logreg_learned_permuted_prior,62,7,0.18272478620938826,-0.17469635442382336,0.24438982824350025,0.375,-0.08168854692059432,-0.08369131869300955,0.0031586062258296965,0.375
seqFISH+ olfactory bulb,logreg_learned_random_graph,logreg_only,62,7,-0.3970557576758199,-0.5112721476584903,-0.3203341145855324,0.015625,0.2754887502163469,0.19534158266653812,0.28560114576288986,0.015625
seqFISH+ olfactory bulb,logreg_learned_random_graph,marker_only,62,7,0.09567572010207614,-0.20817378748036686,0.609986169364283,0.375,-0.019446748192606222,-0.13243890495216648,0.08912689336612689,0.578125
seqFISH+ olfactory bulb,logreg_learned_random_graph,nested_gated_logreg_context_specific,62,7,-0.3970557576758199,-0.5112721476584903,-0.3203341145855324,0.015625,0.2754887502163469,0.19534158266653812,0.28560114576288986,0.015625
seqFISH+ olfactory bulb,logreg_learned_random_graph,nested_gated_logreg_learned_neighborhood,62,7,-0.3970557576758199,-0.5112721476584903,-0.3203341145855324,0.015625,0.2754887502163469,0.19534158266653812,0.28560114576288986,0.015625
seqFISH+ olfactory bulb,logreg_learned_random_graph,nested_gated_logreg_learned_permuted_prior,62,7,-0.3970557576758199,-0.5112721476584903,-0.3203341145855324,0.015625,0.2754887502163469,0.19534158266653812,0.28560114576288986,0.015625
seqFISH+ olfactory bulb,logreg_learned_random_graph,nested_gated_logreg_learned_random_graph,62,7,-0.3970557576758199,-0.5112721476584903,-0.3203341145855324,0.015625,0.2754887502163469,0.19534158266653812,0.28560114576288986,0.015625
seqFISH+ olfactory bulb,logreg_learned_random_graph,nested_logreg_context_specific,62,7,-0.3970557576758199,-0.5112721476584903,-0.3203341145855324,0.015625,0.2754887502163469,0.19534158266653812,0.28560114576288986,0.015625
seqFISH+ olfactory bulb,logreg_learned_random_graph,nested_logreg_learned_neighborhood,62,7,-0.3970557576758199,-0.5112721476584903,-0.3203341145855324,0.015625,0.2754887502163469,0.19534158266653812,0.28560114576288986,0.015625
seqFISH+ olfactory bulb,logreg_learned_random_graph,nested_logreg_learned_permuted_prior,62,7,-0.3970557576758199,-0.5112721476584903,-0.3203341145855324,0.015625,0.2754887502163469,0.19534158266653812,0.28560114576288986,0.015625
seqFISH+ olfactory bulb,logreg_learned_random_graph,nested_logreg_learned_random_graph,62,7,-0.3970557576758199,-0.5112721476584903,-0.3203341145855324,0.015625,0.2754887502163469,0.19534158266653812,0.28560114576288986,0.015625
seqFISH+ olfactory bulb,logreg_learned_random_graph,pca_knn,62,7,-0.461996377766309,-0.5902292569448684,-0.29647352931855175,0.015625,0.2969210781635478,0.24238647685501666,0.31274383709315373,0.015625
seqFISH+ olfactory bulb,logreg_learned_random_graph,singler_native,62,7,-0.47036037566192934,-0.5727487816408813,-0.3009818896216039,0.015625,0.2662869947694881,0.25480629697034196,0.30197791850675243,0.015625
seqFISH+ olfactory bulb,logreg_learned_random_graph,spatial_smoothing,62,7,0.1498711351498903,-0.24276513400768773,0.6394067667089852,0.296875,-0.12360766314907018,-0.15458263910762438,0.0650157871604117,0.46875
seqFISH+ olfactory bulb,logreg_learned_random_graph,spatial_smoothing_random_graph,62,7,0.21749289781447634,-0.12903285370103668,0.546128866940522,0.15625,-0.05112775477840115,-0.13147696885351284,0.05503653257726576,0.296875
seqFISH+ olfactory bulb,logreg_only,context_specific,62,7,0.8298501169545227,0.1294844318056213,1.156491210142476,0.015625,-0.41236326182542954,-0.49582943167107624,-0.1728642282926781,0.015625
seqFISH+ olfactory bulb,logreg_only,extra_trees,62,7,-0.015351097027940797,-0.06154877572003703,0.0006945295232756998,0.078125,0.0051256861297981696,-0.009455121195517495,0.011569099729241271,0.46875
seqFISH+ olfactory bulb,logreg_only,gated_context_specific,62,7,0.8657772584431065,0.09644776184029524,0.9735187656953146,0.015625,-0.38116804367560725,-0.40405228323609077,-0.09832542109026385,0.015625
seqFISH+ olfactory bulb,logreg_only,gated_learned_neighborhood,62,7,0.7519720230622265,0.11563885687956954,1.0489377212446278,0.015625,-0.3679424895877229,-0.4986136490161385,-0.10065467217655172,0.015625
seqFISH+ olfactory bulb,logreg_only,gated_learned_permuted_prior,62,7,0.76429106270549,0.28632293978163836,0.8306363903441485,0.015625,-0.3321108177975485,-0.46537215465278003,-0.14364107157471007,0.015625
seqFISH+ olfactory bulb,logreg_only,gated_learned_random_graph,62,7,0.7217934405921377,0.30361627467868046,0.9926684851815261,0.015625,-0.37092618299931945,-0.47451031525254467,-0.1749862262954574,0.015625
seqFISH+ olfactory bulb,logreg_only,gated_logreg_context_specific,62,7,0.33639805936919265,0.0425534019444993,0.35743259955914475,0.015625,-0.2199743900895966,-0.267578664310826,-0.10595721162167185,0.015625
seqFISH+ olfactory bulb,logreg_only,gated_logreg_learned_neighborhood,62,7,0.24964947113950564,0.07530023141078346,0.3771942651656761,0.015625,-0.21996598310457588,-0.263257605531504,-0.10595721162167185,0.015625
seqFISH+ olfactory bulb,logreg_only,gated_logreg_learned_permuted_prior,62,7,0.3201441022425665,0.07530023141078346,0.39626615025055456,0.015625,-0.2136943282994428,-0.28110413916715493,-0.12089779232882916,0.015625
seqFISH+ olfactory bulb,logreg_only,gated_logreg_learned_random_graph,62,7,0.3472640134714111,0.07751020235874717,0.3719995434671335,0.015625,-0.2165481830068831,-0.3029308477905737,-0.07781953111478321,0.015625
seqFISH+ olfactory bulb,logreg_only,gated_spatial_smoothing,62,7,0.7830330861443854,0.21551634439788414,0.9010139417080318,0.015625,-0.35464732380426833,-0.4280473037420529,-0.09479593046877022,0.015625
seqFISH+ olfactory bulb,logreg_only,gated_spatial_smoothing_random_graph,62,7,0.8997424896862158,0.18888197019545305,0.9320803331840724,0.015625,-0.37326118890668675,-0.4478288888867091,-0.10621468930041122,0.015625
seqFISH+ olfactory bulb,logreg_only,learned_neighborhood,62,7,0.8960470916843407,0.19558893245300457,1.0889881197070355,0.015625,-0.3387657218767598,-0.5924485520776721,-0.1496694882690433,0.015625
seqFISH+ olfactory bulb,logreg_only,learned_permuted_prior,62,7,0.8785692182146531,0.26983332440254537,1.0430856284280252,0.015625,-0.38077447543589704,-0.48002995629865886,-0.13118604336063655,0.015625
seqFISH+ olfactory bulb,logreg_only,learned_random_graph,62,7,0.8644279217575506,0.37857912246916936,1.039407412906157,0.015625,-0.4209573347009947,-0.4917113651895143,-0.22002568798123429,0.015625
seqFISH+ olfactory bulb,logreg_only,linear_svm,62,7,0.00013193709456688074,-0.011930370365443865,0.00926662996210914,1.0,-0.012263561041743514,-0.016974968625794846,-0.004958089820027205,0.015625
seqFISH+ olfactory bulb,logreg_only,logreg_context_specific,62,7,0.47643846541414914,0.10808281436608425,0.6640627936980126,0.015625,-0.2707125539721165,-0.33662976035645686,-0.18922498529682819,0.015625
seqFISH+ olfactory bulb,logreg_only,logreg_learned_neighborhood,62,7,0.4918316317503376,0.21149286784166244,0.5285841351227225,0.015625,-0.2597293806530023,-0.2864387898620249,-0.15097750043269373,0.015625
seqFISH+ olfactory bulb,logreg_only,logreg_learned_permuted_prior,62,7,0.46553663711182414,0.20108736960814366,0.639096814834295,0.015625,-0.27627329919067833,-0.3833350925070674,-0.14997983014913738,0.015625
seqFISH+ olfactory bulb,logreg_only,logreg_learned_random_graph,62,7,0.3970557576758199,0.3203341145855324,0.5112721476584903,0.015625,-0.2754887502163469,-0.28560114576288986,-0.19534158266653812,0.015625
seqFISH+ olfactory bulb,logreg_only,marker_only,62,7,0.7719580387899716,0.18888197019545305,0.8811000067701245,0.03125,-0.3667184761462864,-0.40647285119515236,-0.11478697925681117,0.03125
seqFISH+ olfactory bulb,logreg_only,nested_gated_logreg_context_specific,62,7,0.0,0.0,0.0,1.0,0.0,0.0,0.0,1.0
seqFISH+ olfactory bulb,logreg_only,nested_gated_logreg_learned_neighborhood,62,7,0.0,0.0,0.0,1.0,0.0,0.0,0.0,1.0
seqFISH+ olfactory bulb,logreg_only,nested_gated_logreg_learned_permuted_prior,62,7,0.0,0.0,0.0,1.0,0.0,0.0,0.0,1.0
seqFISH+ olfactory bulb,logreg_only,nested_gated_logreg_learned_random_graph,62,7,0.0,0.0,0.0,1.0,0.0,0.0,0.0,1.0
seqFISH+ olfactory bulb,logreg_only,nested_logreg_context_specific,62,7,0.0,0.0,0.0,1.0,0.0,0.0,0.0,1.0
seqFISH+ olfactory bulb,logreg_only,nested_logreg_learned_neighborhood,62,7,0.0,0.0,0.0,1.0,0.0,0.0,0.0,1.0
seqFISH+ olfactory bulb,logreg_only,nested_logreg_learned_permuted_prior,62,7,0.0,0.0,0.0,1.0,0.0,0.0,0.0,1.0
seqFISH+ olfactory bulb,logreg_only,nested_logreg_learned_random_graph,62,7,0.0,0.0,0.0,1.0,0.0,0.0,0.0,1.0
seqFISH+ olfactory bulb,logreg_only,pca_knn,62,7,-0.058343206227228994,-0.07422553087991468,-0.002692367347072455,0.015625,0.011319932400657897,-0.00623639674759504,0.029482416446356175,0.21875
seqFISH+ olfactory bulb,logreg_only,singler_native,62,7,-0.014926335540122126,-0.055702362041167186,-0.0059014791535905164,0.046875,0.008379154973376423,-0.0022863602813507286,0.014014494030768631,0.375
seqFISH+ olfactory bulb,logreg_only,spatial_smoothing,62,7,0.8247513983783256,0.21551634439788414,0.9305903530417,0.015625,-0.3704631818729488,-0.43506139160510554,-0.0987193189593043,0.015625
seqFISH+ olfactory bulb,logreg_only,spatial_smoothing_random_graph,62,7,0.9111112733512646,0.42851425060601855,0.9320803331840724,0.015625,-0.37761177973848975,-0.4529146042822804,-0.18872187554086717,0.015625
seqFISH+ olfactory bulb,marker_only,context_specific,62,7,0.0,-0.01885721539471963,0.12455215739860831,0.4375,-0.026815803844766006,-0.10728886544120456,0.0,0.0625
seqFISH+ olfactory bulb,marker_only,extra_trees,62,7,-0.7402382660954989,-0.9173267904473155,-0.3053524275315491,0.015625,0.31456519505473024,0.13654265079388403,0.385072936463006,0.015625
seqFISH+ olfactory bulb,marker_only,gated_context_specific,62,7,0.0,-0.014053527092335219,0.11130917721482644,0.84375,-0.005425289369015762,-0.034369564743825576,2.220446049250313e-16,0.078125
seqFISH+ olfactory bulb,marker_only,gated_learned_neighborhood,62,7,0.06447524283124301,0.0,0.06852071716445862,0.3125,-0.021963551801670422,-0.039412498438152116,-0.005754426766184206,0.21875
seqFISH+ olfactory bulb,marker_only,gated_learned_permuted_prior,62,7,0.02224264514374158,-0.0133017577278354,0.12408977013300024,0.375,-0.026942228858244224,-0.039278792724223244,-0.015655766724370024,0.109375
seqFISH+ olfactory bulb,marker_only,gated_learned_random_graph,62,7,0.0029392654130687146,0.0,0.11941434277485656,0.4375,-0.023957843763666997,-0.04292985805018319,0.0,0.15625
seqFISH+ olfactory bulb,marker_only,gated_logreg_context_specific,62,7,-0.29001608881460694,-0.5952299731929884,-0.021029041037100016,0.03125,0.12214704063445125,-0.02207992441459347,0.15546196207608487,0.109375
seqFISH+ olfactory bulb,marker_only,gated_logreg_learned_neighborhood,62,7,-0.3132052088178524,-0.4170072372531749,-0.021029041037100016,0.03125,0.12387126654626762,-0.02207992441459347,0.13862415864944586,0.078125
seqFISH+ olfactory bulb,marker_only,gated_logreg_learned_permuted_prior,62,7,-0.28310558293988,-0.5145605894850105,0.01868090732844574,0.078125,0.07605778713706646,0.021321447925361947,0.13869525673413902,0.078125
seqFISH+ olfactory bulb,marker_only,gated_logreg_learned_random_graph,62,7,-0.3508469121898232,-0.5661672479661722,-0.003758945446537515,0.03125,0.10777055400324148,0.034313068280157635,0.1559319288171705,0.03125
seqFISH+ olfactory bulb,marker_only,gated_spatial_smoothing,62,7,0.031497039417435604,-0.022264797678821696,0.0345332179914459,0.15625,-1.1102230246251565e-16,-0.022036048012012713,0.010676777291639905,0.5625
seqFISH+ olfactory bulb,marker_only,gated_spatial_smoothing_random_graph,62,7,0.0019178521262481762,-0.008309646811074073,0.06822517691240126,0.4375,-0.002778194303235393,-0.0077620570178791315,-0.0011623327768448544,0.015625
seqFISH+ olfactory bulb,marker_only,learned_neighborhood,62,7,0.11159698596052645,-0.01992741194487957,0.21076189208328477,0.15625,-0.07369796003437079,-0.09561840929245363,-0.005754426766184206,0.078125
seqFISH+ olfactory bulb,marker_only,learned_permuted_prior,62,7,0.011407414215521383,0.006232719943239484,0.20026224368875065,0.15625,-0.05463669291044505,-0.07131168504624175,-0.00803369272806348,0.046875
seqFISH+ olfactory bulb,marker_only,learned_random_graph,62,7,0.16525071955791007,0.005595725504662918,0.18937127763575773,0.078125,-0.05257237806784343,-0.12950540493801366,-0.01659111232794408,0.03125
seqFISH+ olfactory bulb,marker_only,linear_svm,62,7,-0.7694879607420324,-0.9140956474794688,-0.1700103888090394,0.03125,0.3263309072770558,0.12227440009659482,0.40812628206519946,0.03125
seqFISH+ olfactory bulb,marker_only,logreg_context_specific,62,7,-0.3032717798618147,-0.334284351700051,0.13005625562204481,0.15625,0.07538928530591354,-0.06862613656031523,0.10801066925433206,0.46875
seqFISH+ olfactory bulb,marker_only,logreg_learned_neighborhood,62,7,-0.28879195686851244,-0.4729324255554579,0.04148258807438732,0.15625,0.04886949010530861,-0.011005161449490819,0.15126236803781806,0.296875
seqFISH+ olfactory bulb,marker_only,logreg_learned_permuted_prior,62,7,-0.009628454711721357,-0.39207991772363043,0.1951658300078477,0.6875,-0.05495997198156523,-0.09457542699737126,0.07903076852593394,0.375
seqFISH+ olfactory bulb,marker_only,logreg_learned_random_graph,62,7,-0.09567572010207614,-0.609986169364283,0.20817378748036686,0.375,0.019446748192606222,-0.08912689336612689,0.13243890495216648,0.578125
seqFISH+ olfactory bulb,marker_only,logreg_only,62,7,-0.7719580387899716,-0.8811000067701245,-0.18888197019545305,0.03125,0.3667184761462864,0.11478697925681117,0.40647285119515236,0.03125
seqFISH+ olfactory bulb,marker_only,nested_gated_logreg_context_specific,62,7,-0.7719580387899716,-0.8811000067701245,-0.18888197019545305,0.03125,0.3667184761462864,0.11478697925681117,0.40647285119515236,0.03125
seqFISH+ olfactory bulb,marker_only,nested_gated_logreg_learned_neighborhood,62,7,-0.7719580387899716,-0.8811000067701245,-0.18888197019545305,0.03125,0.3667184761462864,0.11478697925681117,0.40647285119515236,0.03125
seqFISH+ olfactory bulb,marker_only,nested_gated_logreg_learned_permuted_prior,62,7,-0.7719580387899716,-0.8811000067701245,-0.18888197019545305,0.03125,0.3667184761462864,0.11478697925681117,0.40647285119515236,0.03125
seqFISH+ olfactory bulb,marker_only,nested_gated_logreg_learned_random_graph,62,7,-0.7719580387899716,-0.8811000067701245,-0.18888197019545305,0.03125,0.3667184761462864,0.11478697925681117,0.40647285119515236,0.03125
seqFISH+ olfactory bulb,marker_only,nested_logreg_context_specific,62,7,-0.7719580387899716,-0.8811000067701245,-0.18888197019545305,0.03125,0.3667184761462864,0.11478697925681117,0.40647285119515236,0.03125
seqFISH+ olfactory bulb,marker_only,nested_logreg_learned_neighborhood,62,7,-0.7719580387899716,-0.8811000067701245,-0.18888197019545305,0.03125,0.3667184761462864,0.11478697925681117,0.40647285119515236,0.03125
seqFISH+ olfactory bulb,marker_only,nested_logreg_learned_permuted_prior,62,7,-0.7719580387899716,-0.8811000067701245,-0.18888197019545305,0.03125,0.3667184761462864,0.11478697925681117,0.40647285119515236,0.03125
seqFISH+ olfactory bulb,marker_only,nested_logreg_learned_random_graph,62,7,-0.7719580387899716,-0.8811000067701245,-0.18888197019545305,0.03125,0.3667184761462864,0.11478697925681117,0.40647285119515236,0.03125
seqFISH+ olfactory bulb,marker_only,pca_knn,62,7,-0.7869354985691982,-0.9347349469358123,-0.23559129167201132,0.015625,0.3480146316809556,0.13098951126894964,0.4333923109284911,0.015625
seqFISH+ olfactory bulb,marker_only,singler_native,62,7,-0.7402382660954989,-0.9383935133080934,-0.19880555784423126,0.015625,0.32709174145146613,0.10222177715222966,0.38152857405366253,0.015625
seqFISH+ olfactory bulb,marker_only,spatial_smoothing,62,7,0.02529244455717322,0.0,0.057818435509303295,0.09375,-0.017225764921374564,-0.059215465461013306,0.0,0.09375
seqFISH+ olfactory bulb,marker_only,spatial_smoothing_random_graph,62,7,0.07137512387299892,0.0,0.15768311270052718,0.0625,-0.01936734899275505,-0.058051278356780645,-0.011914813187891116,0.015625
seqFISH+ olfactory bulb,nested_gated_logreg_context_specific,context_specific,62,7,0.8298501169545227,0.1294844318056213,1.156491210142476,0.015625,-0.41236326182542954,-0.49582943167107624,-0.1728642282926781,0.015625
seqFISH+ olfactory bulb,nested_gated_logreg_context_specific,extra_trees,62,7,-0.015351097027940797,-0.06154877572003703,0.0006945295232756998,0.078125,0.0051256861297981696,-0.009455121195517495,0.011569099729241271,0.46875
seqFISH+ olfactory bulb,nested_gated_logreg_context_specific,gated_context_specific,62,7,0.8657772584431065,0.09644776184029524,0.9735187656953146,0.015625,-0.38116804367560725,-0.40405228323609077,-0.09832542109026385,0.015625
seqFISH+ olfactory bulb,nested_gated_logreg_context_specific,gated_learned_neighborhood,62,7,0.7519720230622265,0.11563885687956954,1.0489377212446278,0.015625,-0.3679424895877229,-0.4986136490161385,-0.10065467217655172,0.015625
seqFISH+ olfactory bulb,nested_gated_logreg_context_specific,gated_learned_permuted_prior,62,7,0.76429106270549,0.28632293978163836,0.8306363903441485,0.015625,-0.3321108177975485,-0.46537215465278003,-0.14364107157471007,0.015625
seqFISH+ olfactory bulb,nested_gated_logreg_context_specific,gated_learned_random_graph,62,7,0.7217934405921377,0.30361627467868046,0.9926684851815261,0.015625,-0.37092618299931945,-0.47451031525254467,-0.1749862262954574,0.015625
seqFISH+ olfactory bulb,nested_gated_logreg_context_specific,gated_logreg_context_specific,62,7,0.33639805936919265,0.0425534019444993,0.35743259955914475,0.015625,-0.2199743900895966,-0.267578664310826,-0.10595721162167185,0.015625
seqFISH+ olfactory bulb,nested_gated_logreg_context_specific,gated_logreg_learned_neighborhood,62,7,0.24964947113950564,0.07530023141078346,0.3771942651656761,0.015625,-0.21996598310457588,-0.263257605531504,-0.10595721162167185,0.015625
seqFISH+ olfactory bulb,nested_gated_logreg_context_specific,gated_logreg_learned_permuted_prior,62,7,0.3201441022425665,0.07530023141078346,0.39626615025055456,0.015625,-0.2136943282994428,-0.28110413916715493,-0.12089779232882916,0.015625
seqFISH+ olfactory bulb,nested_gated_logreg_context_specific,gated_logreg_learned_random_graph,62,7,0.3472640134714111,0.07751020235874717,0.3719995434671335,0.015625,-0.2165481830068831,-0.3029308477905737,-0.07781953111478321,0.015625
seqFISH+ olfactory bulb,nested_gated_logreg_context_specific,gated_spatial_smoothing,62,7,0.7830330861443854,0.21551634439788414,0.9010139417080318,0.015625,-0.35464732380426833,-0.4280473037420529,-0.09479593046877022,0.015625
seqFISH+ olfactory bulb,nested_gated_logreg_context_specific,gated_spatial_smoothing_random_graph,62,7,0.8997424896862158,0.18888197019545305,0.9320803331840724,0.015625,-0.37326118890668675,-0.4478288888867091,-0.10621468930041122,0.015625
seqFISH+ olfactory bulb,nested_gated_logreg_context_specific,learned_neighborhood,62,7,0.8960470916843407,0.19558893245300457,1.0889881197070355,0.015625,-0.3387657218767598,-0.5924485520776721,-0.1496694882690433,0.015625
seqFISH+ olfactory bulb,nested_gated_logreg_context_specific,learned_permuted_prior,62,7,0.8785692182146531,0.26983332440254537,1.0430856284280252,0.015625,-0.38077447543589704,-0.48002995629865886,-0.13118604336063655,0.015625
seqFISH+ olfactory bulb,nested_gated_logreg_context_specific,learned_random_graph,62,7,0.8644279217575506,0.37857912246916936,1.039407412906157,0.015625,-0.4209573347009947,-0.4917113651895143,-0.22002568798123429,0.015625
seqFISH+ olfactory bulb,nested_gated_logreg_context_specific,linear_svm,62,7,0.00013193709456688074,-0.011930370365443865,0.00926662996210914,1.0,-0.012263561041743514,-0.016974968625794846,-0.004958089820027205,0.015625
seqFISH+ olfactory bulb,nested_gated_logreg_context_specific,logreg_context_specific,62,7,0.47643846541414914,0.10808281436608425,0.6640627936980126,0.015625,-0.2707125539721165,-0.33662976035645686,-0.18922498529682819,0.015625
seqFISH+ olfactory bulb,nested_gated_logreg_context_specific,logreg_learned_neighborhood,62,7,0.4918316317503376,0.21149286784166244,0.5285841351227225,0.015625,-0.2597293806530023,-0.2864387898620249,-0.15097750043269373,0.015625
seqFISH+ olfactory bulb,nested_gated_logreg_context_specific,logreg_learned_permuted_prior,62,7,0.46553663711182414,0.20108736960814366,0.639096814834295,0.015625,-0.27627329919067833,-0.3833350925070674,-0.14997983014913738,0.015625
seqFISH+ olfactory bulb,nested_gated_logreg_context_specific,logreg_learned_random_graph,62,7,0.3970557576758199,0.3203341145855324,0.5112721476584903,0.015625,-0.2754887502163469,-0.28560114576288986,-0.19534158266653812,0.015625
seqFISH+ olfactory bulb,nested_gated_logreg_context_specific,logreg_only,62,7,0.0,0.0,0.0,1.0,0.0,0.0,0.0,1.0
seqFISH+ olfactory bulb,nested_gated_logreg_context_specific,marker_only,62,7,0.7719580387899716,0.18888197019545305,0.8811000067701245,0.03125,-0.3667184761462864,-0.40647285119515236,-0.11478697925681117,0.03125
seqFISH+ olfactory bulb,nested_gated_logreg_context_specific,nested_gated_logreg_learned_neighborhood,62,7,0.0,0.0,0.0,1.0,0.0,0.0,0.0,1.0
seqFISH+ olfactory bulb,nested_gated_logreg_context_specific,nested_gated_logreg_learned_permuted_prior,62,7,0.0,0.0,0.0,1.0,0.0,0.0,0.0,1.0
seqFISH+ olfactory bulb,nested_gated_logreg_context_specific,nested_gated_logreg_learned_random_graph,62,7,0.0,0.0,0.0,1.0,0.0,0.0,0.0,1.0
seqFISH+ olfactory bulb,nested_gated_logreg_context_specific,nested_logreg_context_specific,62,7,0.0,0.0,0.0,1.0,0.0,0.0,0.0,1.0
seqFISH+ olfactory bulb,nested_gated_logreg_context_specific,nested_logreg_learned_neighborhood,62,7,0.0,0.0,0.0,1.0,0.0,0.0,0.0,1.0
seqFISH+ olfactory bulb,nested_gated_logreg_context_specific,nested_logreg_learned_permuted_prior,62,7,0.0,0.0,0.0,1.0,0.0,0.0,0.0,1.0
seqFISH+ olfactory bulb,nested_gated_logreg_context_specific,nested_logreg_learned_random_graph,62,7,0.0,0.0,0.0,1.0,0.0,0.0,0.0,1.0
seqFISH+ olfactory bulb,nested_gated_logreg_context_specific,pca_knn,62,7,-0.058343206227228994,-0.07422553087991468,-0.002692367347072455,0.015625,0.011319932400657897,-0.00623639674759504,0.029482416446356175,0.21875
seqFISH+ olfactory bulb,nested_gated_logreg_context_specific,singler_native,62,7,-0.014926335540122126,-0.055702362041167186,-0.0059014791535905164,0.046875,0.008379154973376423,-0.0022863602813507286,0.014014494030768631,0.375
seqFISH+ olfactory bulb,nested_gated_logreg_context_specific,spatial_smoothing,62,7,0.8247513983783256,0.21551634439788414,0.9305903530417,0.015625,-0.3704631818729488,-0.43506139160510554,-0.0987193189593043,0.015625
seqFISH+ olfactory bulb,nested_gated_logreg_context_specific,spatial_smoothing_random_graph,62,7,0.9111112733512646,0.42851425060601855,0.9320803331840724,0.015625,-0.37761177973848975,-0.4529146042822804,-0.18872187554086717,0.015625
seqFISH+ olfactory bulb,nested_gated_logreg_learned_neighborhood,context_specific,62,7,0.8298501169545227,0.1294844318056213,1.156491210142476,0.015625,-0.41236326182542954,-0.49582943167107624,-0.1728642282926781,0.015625
seqFISH+ olfactory bulb,nested_gated_logreg_learned_neighborhood,extra_trees,62,7,-0.015351097027940797,-0.06154877572003703,0.0006945295232756998,0.078125,0.0051256861297981696,-0.009455121195517495,0.011569099729241271,0.46875
seqFISH+ olfactory bulb,nested_gated_logreg_learned_neighborhood,gated_context_specific,62,7,0.8657772584431065,0.09644776184029524,0.9735187656953146,0.015625,-0.38116804367560725,-0.40405228323609077,-0.09832542109026385,0.015625
seqFISH+ olfactory bulb,nested_gated_logreg_learned_neighborhood,gated_learned_neighborhood,62,7,0.7519720230622265,0.11563885687956954,1.0489377212446278,0.015625,-0.3679424895877229,-0.4986136490161385,-0.10065467217655172,0.015625
seqFISH+ olfactory bulb,nested_gated_logreg_learned_neighborhood,gated_learned_permuted_prior,62,7,0.76429106270549,0.28632293978163836,0.8306363903441485,0.015625,-0.3321108177975485,-0.46537215465278003,-0.14364107157471007,0.015625
seqFISH+ olfactory bulb,nested_gated_logreg_learned_neighborhood,gated_learned_random_graph,62,7,0.7217934405921377,0.30361627467868046,0.9926684851815261,0.015625,-0.37092618299931945,-0.47451031525254467,-0.1749862262954574,0.015625
seqFISH+ olfactory bulb,nested_gated_logreg_learned_neighborhood,gated_logreg_context_specific,62,7,0.33639805936919265,0.0425534019444993,0.35743259955914475,0.015625,-0.2199743900895966,-0.267578664310826,-0.10595721162167185,0.015625
seqFISH+ olfactory bulb,nested_gated_logreg_learned_neighborhood,gated_logreg_learned_neighborhood,62,7,0.24964947113950564,0.07530023141078346,0.3771942651656761,0.015625,-0.21996598310457588,-0.263257605531504,-0.10595721162167185,0.015625
seqFISH+ olfactory bulb,nested_gated_logreg_learned_neighborhood,gated_logreg_learned_permuted_prior,62,7,0.3201441022425665,0.07530023141078346,0.39626615025055456,0.015625,-0.2136943282994428,-0.28110413916715493,-0.12089779232882916,0.015625
seqFISH+ olfactory bulb,nested_gated_logreg_learned_neighborhood,gated_logreg_learned_random_graph,62,7,0.3472640134714111,0.07751020235874717,0.3719995434671335,0.015625,-0.2165481830068831,-0.3029308477905737,-0.07781953111478321,0.015625
seqFISH+ olfactory bulb,nested_gated_logreg_learned_neighborhood,gated_spatial_smoothing,62,7,0.7830330861443854,0.21551634439788414,0.9010139417080318,0.015625,-0.35464732380426833,-0.4280473037420529,-0.09479593046877022,0.015625
seqFISH+ olfactory bulb,nested_gated_logreg_learned_neighborhood,gated_spatial_smoothing_random_graph,62,7,0.8997424896862158,0.18888197019545305,0.9320803331840724,0.015625,-0.37326118890668675,-0.4478288888867091,-0.10621468930041122,0.015625
seqFISH+ olfactory bulb,nested_gated_logreg_learned_neighborhood,learned_neighborhood,62,7,0.8960470916843407,0.19558893245300457,1.0889881197070355,0.015625,-0.3387657218767598,-0.5924485520776721,-0.1496694882690433,0.015625
seqFISH+ olfactory bulb,nested_gated_logreg_learned_neighborhood,learned_permuted_prior,62,7,0.8785692182146531,0.26983332440254537,1.0430856284280252,0.015625,-0.38077447543589704,-0.48002995629865886,-0.13118604336063655,0.015625
seqFISH+ olfactory bulb,nested_gated_logreg_learned_neighborhood,learned_random_graph,62,7,0.8644279217575506,0.37857912246916936,1.039407412906157,0.015625,-0.4209573347009947,-0.4917113651895143,-0.22002568798123429,0.015625
seqFISH+ olfactory bulb,nested_gated_logreg_learned_neighborhood,linear_svm,62,7,0.00013193709456688074,-0.011930370365443865,0.00926662996210914,1.0,-0.012263561041743514,-0.016974968625794846,-0.004958089820027205,0.015625
seqFISH+ olfactory bulb,nested_gated_logreg_learned_neighborhood,logreg_context_specific,62,7,0.47643846541414914,0.10808281436608425,0.6640627936980126,0.015625,-0.2707125539721165,-0.33662976035645686,-0.18922498529682819,0.015625
seqFISH+ olfactory bulb,nested_gated_logreg_learned_neighborhood,logreg_learned_neighborhood,62,7,0.4918316317503376,0.21149286784166244,0.5285841351227225,0.015625,-0.2597293806530023,-0.2864387898620249,-0.15097750043269373,0.015625
seqFISH+ olfactory bulb,nested_gated_logreg_learned_neighborhood,logreg_learned_permuted_prior,62,7,0.46553663711182414,0.20108736960814366,0.639096814834295,0.015625,-0.27627329919067833,-0.3833350925070674,-0.14997983014913738,0.015625
seqFISH+ olfactory bulb,nested_gated_logreg_learned_neighborhood,logreg_learned_random_graph,62,7,0.3970557576758199,0.3203341145855324,0.5112721476584903,0.015625,-0.2754887502163469,-0.28560114576288986,-0.19534158266653812,0.015625
seqFISH+ olfactory bulb,nested_gated_logreg_learned_neighborhood,logreg_only,62,7,0.0,0.0,0.0,1.0,0.0,0.0,0.0,1.0
seqFISH+ olfactory bulb,nested_gated_logreg_learned_neighborhood,marker_only,62,7,0.7719580387899716,0.18888197019545305,0.8811000067701245,0.03125,-0.3667184761462864,-0.40647285119515236,-0.11478697925681117,0.03125
seqFISH+ olfactory bulb,nested_gated_logreg_learned_neighborhood,nested_gated_logreg_context_specific,62,7,0.0,0.0,0.0,1.0,0.0,0.0,0.0,1.0
seqFISH+ olfactory bulb,nested_gated_logreg_learned_neighborhood,nested_gated_logreg_learned_permuted_prior,62,7,0.0,0.0,0.0,1.0,0.0,0.0,0.0,1.0
seqFISH+ olfactory bulb,nested_gated_logreg_learned_neighborhood,nested_gated_logreg_learned_random_graph,62,7,0.0,0.0,0.0,1.0,0.0,0.0,0.0,1.0
seqFISH+ olfactory bulb,nested_gated_logreg_learned_neighborhood,nested_logreg_context_specific,62,7,0.0,0.0,0.0,1.0,0.0,0.0,0.0,1.0
seqFISH+ olfactory bulb,nested_gated_logreg_learned_neighborhood,nested_logreg_learned_neighborhood,62,7,0.0,0.0,0.0,1.0,0.0,0.0,0.0,1.0
seqFISH+ olfactory bulb,nested_gated_logreg_learned_neighborhood,nested_logreg_learned_permuted_prior,62,7,0.0,0.0,0.0,1.0,0.0,0.0,0.0,1.0
seqFISH+ olfactory bulb,nested_gated_logreg_learned_neighborhood,nested_logreg_learned_random_graph,62,7,0.0,0.0,0.0,1.0,0.0,0.0,0.0,1.0
seqFISH+ olfactory bulb,nested_gated_logreg_learned_neighborhood,pca_knn,62,7,-0.058343206227228994,-0.07422553087991468,-0.002692367347072455,0.015625,0.011319932400657897,-0.00623639674759504,0.029482416446356175,0.21875
seqFISH+ olfactory bulb,nested_gated_logreg_learned_neighborhood,singler_native,62,7,-0.014926335540122126,-0.055702362041167186,-0.0059014791535905164,0.046875,0.008379154973376423,-0.0022863602813507286,0.014014494030768631,0.375
seqFISH+ olfactory bulb,nested_gated_logreg_learned_neighborhood,spatial_smoothing,62,7,0.8247513983783256,0.21551634439788414,0.9305903530417,0.015625,-0.3704631818729488,-0.43506139160510554,-0.0987193189593043,0.015625
seqFISH+ olfactory bulb,nested_gated_logreg_learned_neighborhood,spatial_smoothing_random_graph,62,7,0.9111112733512646,0.42851425060601855,0.9320803331840724,0.015625,-0.37761177973848975,-0.4529146042822804,-0.18872187554086717,0.015625
seqFISH+ olfactory bulb,nested_gated_logreg_learned_permuted_prior,context_specific,62,7,0.8298501169545227,0.1294844318056213,1.156491210142476,0.015625,-0.41236326182542954,-0.49582943167107624,-0.1728642282926781,0.015625
seqFISH+ olfactory bulb,nested_gated_logreg_learned_permuted_prior,extra_trees,62,7,-0.015351097027940797,-0.06154877572003703,0.0006945295232756998,0.078125,0.0051256861297981696,-0.009455121195517495,0.011569099729241271,0.46875
seqFISH+ olfactory bulb,nested_gated_logreg_learned_permuted_prior,gated_context_specific,62,7,0.8657772584431065,0.09644776184029524,0.9735187656953146,0.015625,-0.38116804367560725,-0.40405228323609077,-0.09832542109026385,0.015625
seqFISH+ olfactory bulb,nested_gated_logreg_learned_permuted_prior,gated_learned_neighborhood,62,7,0.7519720230622265,0.11563885687956954,1.0489377212446278,0.015625,-0.3679424895877229,-0.4986136490161385,-0.10065467217655172,0.015625
seqFISH+ olfactory bulb,nested_gated_logreg_learned_permuted_prior,gated_learned_permuted_prior,62,7,0.76429106270549,0.28632293978163836,0.8306363903441485,0.015625,-0.3321108177975485,-0.46537215465278003,-0.14364107157471007,0.015625
seqFISH+ olfactory bulb,nested_gated_logreg_learned_permuted_prior,gated_learned_random_graph,62,7,0.7217934405921377,0.30361627467868046,0.9926684851815261,0.015625,-0.37092618299931945,-0.47451031525254467,-0.1749862262954574,0.015625
seqFISH+ olfactory bulb,nested_gated_logreg_learned_permuted_prior,gated_logreg_context_specific,62,7,0.33639805936919265,0.0425534019444993,0.35743259955914475,0.015625,-0.2199743900895966,-0.267578664310826,-0.10595721162167185,0.015625
seqFISH+ olfactory bulb,nested_gated_logreg_learned_permuted_prior,gated_logreg_learned_neighborhood,62,7,0.24964947113950564,0.07530023141078346,0.3771942651656761,0.015625,-0.21996598310457588,-0.263257605531504,-0.10595721162167185,0.015625
seqFISH+ olfactory bulb,nested_gated_logreg_learned_permuted_prior,gated_logreg_learned_permuted_prior,62,7,0.3201441022425665,0.07530023141078346,0.39626615025055456,0.015625,-0.2136943282994428,-0.28110413916715493,-0.12089779232882916,0.015625
seqFISH+ olfactory bulb,nested_gated_logreg_learned_permuted_prior,gated_logreg_learned_random_graph,62,7,0.3472640134714111,0.07751020235874717,0.3719995434671335,0.015625,-0.2165481830068831,-0.3029308477905737,-0.07781953111478321,0.015625
seqFISH+ olfactory bulb,nested_gated_logreg_learned_permuted_prior,gated_spatial_smoothing,62,7,0.7830330861443854,0.21551634439788414,0.9010139417080318,0.015625,-0.35464732380426833,-0.4280473037420529,-0.09479593046877022,0.015625
seqFISH+ olfactory bulb,nested_gated_logreg_learned_permuted_prior,gated_spatial_smoothing_random_graph,62,7,0.8997424896862158,0.18888197019545305,0.9320803331840724,0.015625,-0.37326118890668675,-0.4478288888867091,-0.10621468930041122,0.015625
seqFISH+ olfactory bulb,nested_gated_logreg_learned_permuted_prior,learned_neighborhood,62,7,0.8960470916843407,0.19558893245300457,1.0889881197070355,0.015625,-0.3387657218767598,-0.5924485520776721,-0.1496694882690433,0.015625
seqFISH+ olfactory bulb,nested_gated_logreg_learned_permuted_prior,learned_permuted_prior,62,7,0.8785692182146531,0.26983332440254537,1.0430856284280252,0.015625,-0.38077447543589704,-0.48002995629865886,-0.13118604336063655,0.015625
seqFISH+ olfactory bulb,nested_gated_logreg_learned_permuted_prior,learned_random_graph,62,7,0.8644279217575506,0.37857912246916936,1.039407412906157,0.015625,-0.4209573347009947,-0.4917113651895143,-0.22002568798123429,0.015625
seqFISH+ olfactory bulb,nested_gated_logreg_learned_permuted_prior,linear_svm,62,7,0.00013193709456688074,-0.011930370365443865,0.00926662996210914,1.0,-0.012263561041743514,-0.016974968625794846,-0.004958089820027205,0.015625
seqFISH+ olfactory bulb,nested_gated_logreg_learned_permuted_prior,logreg_context_specific,62,7,0.47643846541414914,0.10808281436608425,0.6640627936980126,0.015625,-0.2707125539721165,-0.33662976035645686,-0.18922498529682819,0.015625
seqFISH+ olfactory bulb,nested_gated_logreg_learned_permuted_prior,logreg_learned_neighborhood,62,7,0.4918316317503376,0.21149286784166244,0.5285841351227225,0.015625,-0.2597293806530023,-0.2864387898620249,-0.15097750043269373,0.015625
seqFISH+ olfactory bulb,nested_gated_logreg_learned_permuted_prior,logreg_learned_permuted_prior,62,7,0.46553663711182414,0.20108736960814366,0.639096814834295,0.015625,-0.27627329919067833,-0.3833350925070674,-0.14997983014913738,0.015625
seqFISH+ olfactory bulb,nested_gated_logreg_learned_permuted_prior,logreg_learned_random_graph,62,7,0.3970557576758199,0.3203341145855324,0.5112721476584903,0.015625,-0.2754887502163469,-0.28560114576288986,-0.19534158266653812,0.015625
seqFISH+ olfactory bulb,nested_gated_logreg_learned_permuted_prior,logreg_only,62,7,0.0,0.0,0.0,1.0,0.0,0.0,0.0,1.0
seqFISH+ olfactory bulb,nested_gated_logreg_learned_permuted_prior,marker_only,62,7,0.7719580387899716,0.18888197019545305,0.8811000067701245,0.03125,-0.3667184761462864,-0.40647285119515236,-0.11478697925681117,0.03125
seqFISH+ olfactory bulb,nested_gated_logreg_learned_permuted_prior,nested_gated_logreg_context_specific,62,7,0.0,0.0,0.0,1.0,0.0,0.0,0.0,1.0
seqFISH+ olfactory bulb,nested_gated_logreg_learned_permuted_prior,nested_gated_logreg_learned_neighborhood,62,7,0.0,0.0,0.0,1.0,0.0,0.0,0.0,1.0
seqFISH+ olfactory bulb,nested_gated_logreg_learned_permuted_prior,nested_gated_logreg_learned_random_graph,62,7,0.0,0.0,0.0,1.0,0.0,0.0,0.0,1.0
seqFISH+ olfactory bulb,nested_gated_logreg_learned_permuted_prior,nested_logreg_context_specific,62,7,0.0,0.0,0.0,1.0,0.0,0.0,0.0,1.0
seqFISH+ olfactory bulb,nested_gated_logreg_learned_permuted_prior,nested_logreg_learned_neighborhood,62,7,0.0,0.0,0.0,1.0,0.0,0.0,0.0,1.0
seqFISH+ olfactory bulb,nested_gated_logreg_learned_permuted_prior,nested_logreg_learned_permuted_prior,62,7,0.0,0.0,0.0,1.0,0.0,0.0,0.0,1.0
seqFISH+ olfactory bulb,nested_gated_logreg_learned_permuted_prior,nested_logreg_learned_random_graph,62,7,0.0,0.0,0.0,1.0,0.0,0.0,0.0,1.0
seqFISH+ olfactory bulb,nested_gated_logreg_learned_permuted_prior,pca_knn,62,7,-0.058343206227228994,-0.07422553087991468,-0.002692367347072455,0.015625,0.011319932400657897,-0.00623639674759504,0.029482416446356175,0.21875
seqFISH+ olfactory bulb,nested_gated_logreg_learned_permuted_prior,singler_native,62,7,-0.014926335540122126,-0.055702362041167186,-0.0059014791535905164,0.046875,0.008379154973376423,-0.0022863602813507286,0.014014494030768631,0.375
seqFISH+ olfactory bulb,nested_gated_logreg_learned_permuted_prior,spatial_smoothing,62,7,0.8247513983783256,0.21551634439788414,0.9305903530417,0.015625,-0.3704631818729488,-0.43506139160510554,-0.0987193189593043,0.015625
seqFISH+ olfactory bulb,nested_gated_logreg_learned_permuted_prior,spatial_smoothing_random_graph,62,7,0.9111112733512646,0.42851425060601855,0.9320803331840724,0.015625,-0.37761177973848975,-0.4529146042822804,-0.18872187554086717,0.015625
seqFISH+ olfactory bulb,nested_gated_logreg_learned_random_graph,context_specific,62,7,0.8298501169545227,0.1294844318056213,1.156491210142476,0.015625,-0.41236326182542954,-0.49582943167107624,-0.1728642282926781,0.015625
seqFISH+ olfactory bulb,nested_gated_logreg_learned_random_graph,extra_trees,62,7,-0.015351097027940797,-0.06154877572003703,0.0006945295232756998,0.078125,0.0051256861297981696,-0.009455121195517495,0.011569099729241271,0.46875
seqFISH+ olfactory bulb,nested_gated_logreg_learned_random_graph,gated_context_specific,62,7,0.8657772584431065,0.09644776184029524,0.9735187656953146,0.015625,-0.38116804367560725,-0.40405228323609077,-0.09832542109026385,0.015625
seqFISH+ olfactory bulb,nested_gated_logreg_learned_random_graph,gated_learned_neighborhood,62,7,0.7519720230622265,0.11563885687956954,1.0489377212446278,0.015625,-0.3679424895877229,-0.4986136490161385,-0.10065467217655172,0.015625
seqFISH+ olfactory bulb,nested_gated_logreg_learned_random_graph,gated_learned_permuted_prior,62,7,0.76429106270549,0.28632293978163836,0.8306363903441485,0.015625,-0.3321108177975485,-0.46537215465278003,-0.14364107157471007,0.015625
seqFISH+ olfactory bulb,nested_gated_logreg_learned_random_graph,gated_learned_random_graph,62,7,0.7217934405921377,0.30361627467868046,0.9926684851815261,0.015625,-0.37092618299931945,-0.47451031525254467,-0.1749862262954574,0.015625
seqFISH+ olfactory bulb,nested_gated_logreg_learned_random_graph,gated_logreg_context_specific,62,7,0.33639805936919265,0.0425534019444993,0.35743259955914475,0.015625,-0.2199743900895966,-0.267578664310826,-0.10595721162167185,0.015625
seqFISH+ olfactory bulb,nested_gated_logreg_learned_random_graph,gated_logreg_learned_neighborhood,62,7,0.24964947113950564,0.07530023141078346,0.3771942651656761,0.015625,-0.21996598310457588,-0.263257605531504,-0.10595721162167185,0.015625
seqFISH+ olfactory bulb,nested_gated_logreg_learned_random_graph,gated_logreg_learned_permuted_prior,62,7,0.3201441022425665,0.07530023141078346,0.39626615025055456,0.015625,-0.2136943282994428,-0.28110413916715493,-0.12089779232882916,0.015625
seqFISH+ olfactory bulb,nested_gated_logreg_learned_random_graph,gated_logreg_learned_random_graph,62,7,0.3472640134714111,0.07751020235874717,0.3719995434671335,0.015625,-0.2165481830068831,-0.3029308477905737,-0.07781953111478321,0.015625
seqFISH+ olfactory bulb,nested_gated_logreg_learned_random_graph,gated_spatial_smoothing,62,7,0.7830330861443854,0.21551634439788414,0.9010139417080318,0.015625,-0.35464732380426833,-0.4280473037420529,-0.09479593046877022,0.015625
seqFISH+ olfactory bulb,nested_gated_logreg_learned_random_graph,gated_spatial_smoothing_random_graph,62,7,0.8997424896862158,0.18888197019545305,0.9320803331840724,0.015625,-0.37326118890668675,-0.4478288888867091,-0.10621468930041122,0.015625
seqFISH+ olfactory bulb,nested_gated_logreg_learned_random_graph,learned_neighborhood,62,7,0.8960470916843407,0.19558893245300457,1.0889881197070355,0.015625,-0.3387657218767598,-0.5924485520776721,-0.1496694882690433,0.015625
seqFISH+ olfactory bulb,nested_gated_logreg_learned_random_graph,learned_permuted_prior,62,7,0.8785692182146531,0.26983332440254537,1.0430856284280252,0.015625,-0.38077447543589704,-0.48002995629865886,-0.13118604336063655,0.015625
seqFISH+ olfactory bulb,nested_gated_logreg_learned_random_graph,learned_random_graph,62,7,0.8644279217575506,0.37857912246916936,1.039407412906157,0.015625,-0.4209573347009947,-0.4917113651895143,-0.22002568798123429,0.015625
seqFISH+ olfactory bulb,nested_gated_logreg_learned_random_graph,linear_svm,62,7,0.00013193709456688074,-0.011930370365443865,0.00926662996210914,1.0,-0.012263561041743514,-0.016974968625794846,-0.004958089820027205,0.015625
seqFISH+ olfactory bulb,nested_gated_logreg_learned_random_graph,logreg_context_specific,62,7,0.47643846541414914,0.10808281436608425,0.6640627936980126,0.015625,-0.2707125539721165,-0.33662976035645686,-0.18922498529682819,0.015625
seqFISH+ olfactory bulb,nested_gated_logreg_learned_random_graph,logreg_learned_neighborhood,62,7,0.4918316317503376,0.21149286784166244,0.5285841351227225,0.015625,-0.2597293806530023,-0.2864387898620249,-0.15097750043269373,0.015625
seqFISH+ olfactory bulb,nested_gated_logreg_learned_random_graph,logreg_learned_permuted_prior,62,7,0.46553663711182414,0.20108736960814366,0.639096814834295,0.015625,-0.27627329919067833,-0.3833350925070674,-0.14997983014913738,0.015625
seqFISH+ olfactory bulb,nested_gated_logreg_learned_random_graph,logreg_learned_random_graph,62,7,0.3970557576758199,0.3203341145855324,0.5112721476584903,0.015625,-0.2754887502163469,-0.28560114576288986,-0.19534158266653812,0.015625
seqFISH+ olfactory bulb,nested_gated_logreg_learned_random_graph,logreg_only,62,7,0.0,0.0,0.0,1.0,0.0,0.0,0.0,1.0
seqFISH+ olfactory bulb,nested_gated_logreg_learned_random_graph,marker_only,62,7,0.7719580387899716,0.18888197019545305,0.8811000067701245,0.03125,-0.3667184761462864,-0.40647285119515236,-0.11478697925681117,0.03125
seqFISH+ olfactory bulb,nested_gated_logreg_learned_random_graph,nested_gated_logreg_context_specific,62,7,0.0,0.0,0.0,1.0,0.0,0.0,0.0,1.0
seqFISH+ olfactory bulb,nested_gated_logreg_learned_random_graph,nested_gated_logreg_learned_neighborhood,62,7,0.0,0.0,0.0,1.0,0.0,0.0,0.0,1.0
seqFISH+ olfactory bulb,nested_gated_logreg_learned_random_graph,nested_gated_logreg_learned_permuted_prior,62,7,0.0,0.0,0.0,1.0,0.0,0.0,0.0,1.0
seqFISH+ olfactory bulb,nested_gated_logreg_learned_random_graph,nested_logreg_context_specific,62,7,0.0,0.0,0.0,1.0,0.0,0.0,0.0,1.0
seqFISH+ olfactory bulb,nested_gated_logreg_learned_random_graph,nested_logreg_learned_neighborhood,62,7,0.0,0.0,0.0,1.0,0.0,0.0,0.0,1.0
seqFISH+ olfactory bulb,nested_gated_logreg_learned_random_graph,nested_logreg_learned_permuted_prior,62,7,0.0,0.0,0.0,1.0,0.0,0.0,0.0,1.0
seqFISH+ olfactory bulb,nested_gated_logreg_learned_random_graph,nested_logreg_learned_random_graph,62,7,0.0,0.0,0.0,1.0,0.0,0.0,0.0,1.0
seqFISH+ olfactory bulb,nested_gated_logreg_learned_random_graph,pca_knn,62,7,-0.058343206227228994,-0.07422553087991468,-0.002692367347072455,0.015625,0.011319932400657897,-0.00623639674759504,0.029482416446356175,0.21875
seqFISH+ olfactory bulb,nested_gated_logreg_learned_random_graph,singler_native,62,7,-0.014926335540122126,-0.055702362041167186,-0.0059014791535905164,0.046875,0.008379154973376423,-0.0022863602813507286,0.014014494030768631,0.375
seqFISH+ olfactory bulb,nested_gated_logreg_learned_random_graph,spatial_smoothing,62,7,0.8247513983783256,0.21551634439788414,0.9305903530417,0.015625,-0.3704631818729488,-0.43506139160510554,-0.0987193189593043,0.015625
seqFISH+ olfactory bulb,nested_gated_logreg_learned_random_graph,spatial_smoothing_random_graph,62,7,0.9111112733512646,0.42851425060601855,0.9320803331840724,0.015625,-0.37761177973848975,-0.4529146042822804,-0.18872187554086717,0.015625
seqFISH+ olfactory bulb,nested_logreg_context_specific,context_specific,62,7,0.8298501169545227,0.1294844318056213,1.156491210142476,0.015625,-0.41236326182542954,-0.49582943167107624,-0.1728642282926781,0.015625
seqFISH+ olfactory bulb,nested_logreg_context_specific,extra_trees,62,7,-0.015351097027940797,-0.06154877572003703,0.0006945295232756998,0.078125,0.0051256861297981696,-0.009455121195517495,0.011569099729241271,0.46875
seqFISH+ olfactory bulb,nested_logreg_context_specific,gated_context_specific,62,7,0.8657772584431065,0.09644776184029524,0.9735187656953146,0.015625,-0.38116804367560725,-0.40405228323609077,-0.09832542109026385,0.015625
seqFISH+ olfactory bulb,nested_logreg_context_specific,gated_learned_neighborhood,62,7,0.7519720230622265,0.11563885687956954,1.0489377212446278,0.015625,-0.3679424895877229,-0.4986136490161385,-0.10065467217655172,0.015625
seqFISH+ olfactory bulb,nested_logreg_context_specific,gated_learned_permuted_prior,62,7,0.76429106270549,0.28632293978163836,0.8306363903441485,0.015625,-0.3321108177975485,-0.46537215465278003,-0.14364107157471007,0.015625
seqFISH+ olfactory bulb,nested_logreg_context_specific,gated_learned_random_graph,62,7,0.7217934405921377,0.30361627467868046,0.9926684851815261,0.015625,-0.37092618299931945,-0.47451031525254467,-0.1749862262954574,0.015625
seqFISH+ olfactory bulb,nested_logreg_context_specific,gated_logreg_context_specific,62,7,0.33639805936919265,0.0425534019444993,0.35743259955914475,0.015625,-0.2199743900895966,-0.267578664310826,-0.10595721162167185,0.015625
seqFISH+ olfactory bulb,nested_logreg_context_specific,gated_logreg_learned_neighborhood,62,7,0.24964947113950564,0.07530023141078346,0.3771942651656761,0.015625,-0.21996598310457588,-0.263257605531504,-0.10595721162167185,0.015625
seqFISH+ olfactory bulb,nested_logreg_context_specific,gated_logreg_learned_permuted_prior,62,7,0.3201441022425665,0.07530023141078346,0.39626615025055456,0.015625,-0.2136943282994428,-0.28110413916715493,-0.12089779232882916,0.015625
seqFISH+ olfactory bulb,nested_logreg_context_specific,gated_logreg_learned_random_graph,62,7,0.3472640134714111,0.07751020235874717,0.3719995434671335,0.015625,-0.2165481830068831,-0.3029308477905737,-0.07781953111478321,0.015625
seqFISH+ olfactory bulb,nested_logreg_context_specific,gated_spatial_smoothing,62,7,0.7830330861443854,0.21551634439788414,0.9010139417080318,0.015625,-0.35464732380426833,-0.4280473037420529,-0.09479593046877022,0.015625
seqFISH+ olfactory bulb,nested_logreg_context_specific,gated_spatial_smoothing_random_graph,62,7,0.8997424896862158,0.18888197019545305,0.9320803331840724,0.015625,-0.37326118890668675,-0.4478288888867091,-0.10621468930041122,0.015625
seqFISH+ olfactory bulb,nested_logreg_context_specific,learned_neighborhood,62,7,0.8960470916843407,0.19558893245300457,1.0889881197070355,0.015625,-0.3387657218767598,-0.5924485520776721,-0.1496694882690433,0.015625
seqFISH+ olfactory bulb,nested_logreg_context_specific,learned_permuted_prior,62,7,0.8785692182146531,0.26983332440254537,1.0430856284280252,0.015625,-0.38077447543589704,-0.48002995629865886,-0.13118604336063655,0.015625
seqFISH+ olfactory bulb,nested_logreg_context_specific,learned_random_graph,62,7,0.8644279217575506,0.37857912246916936,1.039407412906157,0.015625,-0.4209573347009947,-0.4917113651895143,-0.22002568798123429,0.015625
seqFISH+ olfactory bulb,nested_logreg_context_specific,linear_svm,62,7,0.00013193709456688074,-0.011930370365443865,0.00926662996210914,1.0,-0.012263561041743514,-0.016974968625794846,-0.004958089820027205,0.015625
seqFISH+ olfactory bulb,nested_logreg_context_specific,logreg_context_specific,62,7,0.47643846541414914,0.10808281436608425,0.6640627936980126,0.015625,-0.2707125539721165,-0.33662976035645686,-0.18922498529682819,0.015625
seqFISH+ olfactory bulb,nested_logreg_context_specific,logreg_learned_neighborhood,62,7,0.4918316317503376,0.21149286784166244,0.5285841351227225,0.015625,-0.2597293806530023,-0.2864387898620249,-0.15097750043269373,0.015625
seqFISH+ olfactory bulb,nested_logreg_context_specific,logreg_learned_permuted_prior,62,7,0.46553663711182414,0.20108736960814366,0.639096814834295,0.015625,-0.27627329919067833,-0.3833350925070674,-0.14997983014913738,0.015625
seqFISH+ olfactory bulb,nested_logreg_context_specific,logreg_learned_random_graph,62,7,0.3970557576758199,0.3203341145855324,0.5112721476584903,0.015625,-0.2754887502163469,-0.28560114576288986,-0.19534158266653812,0.015625
seqFISH+ olfactory bulb,nested_logreg_context_specific,logreg_only,62,7,0.0,0.0,0.0,1.0,0.0,0.0,0.0,1.0
seqFISH+ olfactory bulb,nested_logreg_context_specific,marker_only,62,7,0.7719580387899716,0.18888197019545305,0.8811000067701245,0.03125,-0.3667184761462864,-0.40647285119515236,-0.11478697925681117,0.03125
seqFISH+ olfactory bulb,nested_logreg_context_specific,nested_gated_logreg_context_specific,62,7,0.0,0.0,0.0,1.0,0.0,0.0,0.0,1.0
seqFISH+ olfactory bulb,nested_logreg_context_specific,nested_gated_logreg_learned_neighborhood,62,7,0.0,0.0,0.0,1.0,0.0,0.0,0.0,1.0
seqFISH+ olfactory bulb,nested_logreg_context_specific,nested_gated_logreg_learned_permuted_prior,62,7,0.0,0.0,0.0,1.0,0.0,0.0,0.0,1.0
seqFISH+ olfactory bulb,nested_logreg_context_specific,nested_gated_logreg_learned_random_graph,62,7,0.0,0.0,0.0,1.0,0.0,0.0,0.0,1.0
seqFISH+ olfactory bulb,nested_logreg_context_specific,nested_logreg_learned_neighborhood,62,7,0.0,0.0,0.0,1.0,0.0,0.0,0.0,1.0
seqFISH+ olfactory bulb,nested_logreg_context_specific,nested_logreg_learned_permuted_prior,62,7,0.0,0.0,0.0,1.0,0.0,0.0,0.0,1.0
seqFISH+ olfactory bulb,nested_logreg_context_specific,nested_logreg_learned_random_graph,62,7,0.0,0.0,0.0,1.0,0.0,0.0,0.0,1.0
seqFISH+ olfactory bulb,nested_logreg_context_specific,pca_knn,62,7,-0.058343206227228994,-0.07422553087991468,-0.002692367347072455,0.015625,0.011319932400657897,-0.00623639674759504,0.029482416446356175,0.21875
seqFISH+ olfactory bulb,nested_logreg_context_specific,singler_native,62,7,-0.014926335540122126,-0.055702362041167186,-0.0059014791535905164,0.046875,0.008379154973376423,-0.0022863602813507286,0.014014494030768631,0.375
seqFISH+ olfactory bulb,nested_logreg_context_specific,spatial_smoothing,62,7,0.8247513983783256,0.21551634439788414,0.9305903530417,0.015625,-0.3704631818729488,-0.43506139160510554,-0.0987193189593043,0.015625
seqFISH+ olfactory bulb,nested_logreg_context_specific,spatial_smoothing_random_graph,62,7,0.9111112733512646,0.42851425060601855,0.9320803331840724,0.015625,-0.37761177973848975,-0.4529146042822804,-0.18872187554086717,0.015625
seqFISH+ olfactory bulb,nested_logreg_learned_neighborhood,context_specific,62,7,0.8298501169545227,0.1294844318056213,1.156491210142476,0.015625,-0.41236326182542954,-0.49582943167107624,-0.1728642282926781,0.015625
seqFISH+ olfactory bulb,nested_logreg_learned_neighborhood,extra_trees,62,7,-0.015351097027940797,-0.06154877572003703,0.0006945295232756998,0.078125,0.0051256861297981696,-0.009455121195517495,0.011569099729241271,0.46875
seqFISH+ olfactory bulb,nested_logreg_learned_neighborhood,gated_context_specific,62,7,0.8657772584431065,0.09644776184029524,0.9735187656953146,0.015625,-0.38116804367560725,-0.40405228323609077,-0.09832542109026385,0.015625
seqFISH+ olfactory bulb,nested_logreg_learned_neighborhood,gated_learned_neighborhood,62,7,0.7519720230622265,0.11563885687956954,1.0489377212446278,0.015625,-0.3679424895877229,-0.4986136490161385,-0.10065467217655172,0.015625
seqFISH+ olfactory bulb,nested_logreg_learned_neighborhood,gated_learned_permuted_prior,62,7,0.76429106270549,0.28632293978163836,0.8306363903441485,0.015625,-0.3321108177975485,-0.46537215465278003,-0.14364107157471007,0.015625
seqFISH+ olfactory bulb,nested_logreg_learned_neighborhood,gated_learned_random_graph,62,7,0.7217934405921377,0.30361627467868046,0.9926684851815261,0.015625,-0.37092618299931945,-0.47451031525254467,-0.1749862262954574,0.015625
seqFISH+ olfactory bulb,nested_logreg_learned_neighborhood,gated_logreg_context_specific,62,7,0.33639805936919265,0.0425534019444993,0.35743259955914475,0.015625,-0.2199743900895966,-0.267578664310826,-0.10595721162167185,0.015625
seqFISH+ olfactory bulb,nested_logreg_learned_neighborhood,gated_logreg_learned_neighborhood,62,7,0.24964947113950564,0.07530023141078346,0.3771942651656761,0.015625,-0.21996598310457588,-0.263257605531504,-0.10595721162167185,0.015625
seqFISH+ olfactory bulb,nested_logreg_learned_neighborhood,gated_logreg_learned_permuted_prior,62,7,0.3201441022425665,0.07530023141078346,0.39626615025055456,0.015625,-0.2136943282994428,-0.28110413916715493,-0.12089779232882916,0.015625
seqFISH+ olfactory bulb,nested_logreg_learned_neighborhood,gated_logreg_learned_random_graph,62,7,0.3472640134714111,0.07751020235874717,0.3719995434671335,0.015625,-0.2165481830068831,-0.3029308477905737,-0.07781953111478321,0.015625
seqFISH+ olfactory bulb,nested_logreg_learned_neighborhood,gated_spatial_smoothing,62,7,0.7830330861443854,0.21551634439788414,0.9010139417080318,0.015625,-0.35464732380426833,-0.4280473037420529,-0.09479593046877022,0.015625
seqFISH+ olfactory bulb,nested_logreg_learned_neighborhood,gated_spatial_smoothing_random_graph,62,7,0.8997424896862158,0.18888197019545305,0.9320803331840724,0.015625,-0.37326118890668675,-0.4478288888867091,-0.10621468930041122,0.015625
seqFISH+ olfactory bulb,nested_logreg_learned_neighborhood,learned_neighborhood,62,7,0.8960470916843407,0.19558893245300457,1.0889881197070355,0.015625,-0.3387657218767598,-0.5924485520776721,-0.1496694882690433,0.015625
seqFISH+ olfactory bulb,nested_logreg_learned_neighborhood,learned_permuted_prior,62,7,0.8785692182146531,0.26983332440254537,1.0430856284280252,0.015625,-0.38077447543589704,-0.48002995629865886,-0.13118604336063655,0.015625
seqFISH+ olfactory bulb,nested_logreg_learned_neighborhood,learned_random_graph,62,7,0.8644279217575506,0.37857912246916936,1.039407412906157,0.015625,-0.4209573347009947,-0.4917113651895143,-0.22002568798123429,0.015625
seqFISH+ olfactory bulb,nested_logreg_learned_neighborhood,linear_svm,62,7,0.00013193709456688074,-0.011930370365443865,0.00926662996210914,1.0,-0.012263561041743514,-0.016974968625794846,-0.004958089820027205,0.015625
seqFISH+ olfactory bulb,nested_logreg_learned_neighborhood,logreg_context_specific,62,7,0.47643846541414914,0.10808281436608425,0.6640627936980126,0.015625,-0.2707125539721165,-0.33662976035645686,-0.18922498529682819,0.015625
seqFISH+ olfactory bulb,nested_logreg_learned_neighborhood,logreg_learned_neighborhood,62,7,0.4918316317503376,0.21149286784166244,0.5285841351227225,0.015625,-0.2597293806530023,-0.2864387898620249,-0.15097750043269373,0.015625
seqFISH+ olfactory bulb,nested_logreg_learned_neighborhood,logreg_learned_permuted_prior,62,7,0.46553663711182414,0.20108736960814366,0.639096814834295,0.015625,-0.27627329919067833,-0.3833350925070674,-0.14997983014913738,0.015625
seqFISH+ olfactory bulb,nested_logreg_learned_neighborhood,logreg_learned_random_graph,62,7,0.3970557576758199,0.3203341145855324,0.5112721476584903,0.015625,-0.2754887502163469,-0.28560114576288986,-0.19534158266653812,0.015625
seqFISH+ olfactory bulb,nested_logreg_learned_neighborhood,logreg_only,62,7,0.0,0.0,0.0,1.0,0.0,0.0,0.0,1.0
seqFISH+ olfactory bulb,nested_logreg_learned_neighborhood,marker_only,62,7,0.7719580387899716,0.18888197019545305,0.8811000067701245,0.03125,-0.3667184761462864,-0.40647285119515236,-0.11478697925681117,0.03125
seqFISH+ olfactory bulb,nested_logreg_learned_neighborhood,nested_gated_logreg_context_specific,62,7,0.0,0.0,0.0,1.0,0.0,0.0,0.0,1.0
seqFISH+ olfactory bulb,nested_logreg_learned_neighborhood,nested_gated_logreg_learned_neighborhood,62,7,0.0,0.0,0.0,1.0,0.0,0.0,0.0,1.0
seqFISH+ olfactory bulb,nested_logreg_learned_neighborhood,nested_gated_logreg_learned_permuted_prior,62,7,0.0,0.0,0.0,1.0,0.0,0.0,0.0,1.0
seqFISH+ olfactory bulb,nested_logreg_learned_neighborhood,nested_gated_logreg_learned_random_graph,62,7,0.0,0.0,0.0,1.0,0.0,0.0,0.0,1.0
seqFISH+ olfactory bulb,nested_logreg_learned_neighborhood,nested_logreg_context_specific,62,7,0.0,0.0,0.0,1.0,0.0,0.0,0.0,1.0
seqFISH+ olfactory bulb,nested_logreg_learned_neighborhood,nested_logreg_learned_permuted_prior,62,7,0.0,0.0,0.0,1.0,0.0,0.0,0.0,1.0
seqFISH+ olfactory bulb,nested_logreg_learned_neighborhood,nested_logreg_learned_random_graph,62,7,0.0,0.0,0.0,1.0,0.0,0.0,0.0,1.0
seqFISH+ olfactory bulb,nested_logreg_learned_neighborhood,pca_knn,62,7,-0.058343206227228994,-0.07422553087991468,-0.002692367347072455,0.015625,0.011319932400657897,-0.00623639674759504,0.029482416446356175,0.21875
seqFISH+ olfactory bulb,nested_logreg_learned_neighborhood,singler_native,62,7,-0.014926335540122126,-0.055702362041167186,-0.0059014791535905164,0.046875,0.008379154973376423,-0.0022863602813507286,0.014014494030768631,0.375
seqFISH+ olfactory bulb,nested_logreg_learned_neighborhood,spatial_smoothing,62,7,0.8247513983783256,0.21551634439788414,0.9305903530417,0.015625,-0.3704631818729488,-0.43506139160510554,-0.0987193189593043,0.015625
seqFISH+ olfactory bulb,nested_logreg_learned_neighborhood,spatial_smoothing_random_graph,62,7,0.9111112733512646,0.42851425060601855,0.9320803331840724,0.015625,-0.37761177973848975,-0.4529146042822804,-0.18872187554086717,0.015625
seqFISH+ olfactory bulb,nested_logreg_learned_permuted_prior,context_specific,62,7,0.8298501169545227,0.1294844318056213,1.156491210142476,0.015625,-0.41236326182542954,-0.49582943167107624,-0.1728642282926781,0.015625
seqFISH+ olfactory bulb,nested_logreg_learned_permuted_prior,extra_trees,62,7,-0.015351097027940797,-0.06154877572003703,0.0006945295232756998,0.078125,0.0051256861297981696,-0.009455121195517495,0.011569099729241271,0.46875
seqFISH+ olfactory bulb,nested_logreg_learned_permuted_prior,gated_context_specific,62,7,0.8657772584431065,0.09644776184029524,0.9735187656953146,0.015625,-0.38116804367560725,-0.40405228323609077,-0.09832542109026385,0.015625
seqFISH+ olfactory bulb,nested_logreg_learned_permuted_prior,gated_learned_neighborhood,62,7,0.7519720230622265,0.11563885687956954,1.0489377212446278,0.015625,-0.3679424895877229,-0.4986136490161385,-0.10065467217655172,0.015625
seqFISH+ olfactory bulb,nested_logreg_learned_permuted_prior,gated_learned_permuted_prior,62,7,0.76429106270549,0.28632293978163836,0.8306363903441485,0.015625,-0.3321108177975485,-0.46537215465278003,-0.14364107157471007,0.015625
seqFISH+ olfactory bulb,nested_logreg_learned_permuted_prior,gated_learned_random_graph,62,7,0.7217934405921377,0.30361627467868046,0.9926684851815261,0.015625,-0.37092618299931945,-0.47451031525254467,-0.1749862262954574,0.015625
seqFISH+ olfactory bulb,nested_logreg_learned_permuted_prior,gated_logreg_context_specific,62,7,0.33639805936919265,0.0425534019444993,0.35743259955914475,0.015625,-0.2199743900895966,-0.267578664310826,-0.10595721162167185,0.015625
seqFISH+ olfactory bulb,nested_logreg_learned_permuted_prior,gated_logreg_learned_neighborhood,62,7,0.24964947113950564,0.07530023141078346,0.3771942651656761,0.015625,-0.21996598310457588,-0.263257605531504,-0.10595721162167185,0.015625
seqFISH+ olfactory bulb,nested_logreg_learned_permuted_prior,gated_logreg_learned_permuted_prior,62,7,0.3201441022425665,0.07530023141078346,0.39626615025055456,0.015625,-0.2136943282994428,-0.28110413916715493,-0.12089779232882916,0.015625
seqFISH+ olfactory bulb,nested_logreg_learned_permuted_prior,gated_logreg_learned_random_graph,62,7,0.3472640134714111,0.07751020235874717,0.3719995434671335,0.015625,-0.2165481830068831,-0.3029308477905737,-0.07781953111478321,0.015625
seqFISH+ olfactory bulb,nested_logreg_learned_permuted_prior,gated_spatial_smoothing,62,7,0.7830330861443854,0.21551634439788414,0.9010139417080318,0.015625,-0.35464732380426833,-0.4280473037420529,-0.09479593046877022,0.015625
seqFISH+ olfactory bulb,nested_logreg_learned_permuted_prior,gated_spatial_smoothing_random_graph,62,7,0.8997424896862158,0.18888197019545305,0.9320803331840724,0.015625,-0.37326118890668675,-0.4478288888867091,-0.10621468930041122,0.015625
seqFISH+ olfactory bulb,nested_logreg_learned_permuted_prior,learned_neighborhood,62,7,0.8960470916843407,0.19558893245300457,1.0889881197070355,0.015625,-0.3387657218767598,-0.5924485520776721,-0.1496694882690433,0.015625
seqFISH+ olfactory bulb,nested_logreg_learned_permuted_prior,learned_permuted_prior,62,7,0.8785692182146531,0.26983332440254537,1.0430856284280252,0.015625,-0.38077447543589704,-0.48002995629865886,-0.13118604336063655,0.015625
seqFISH+ olfactory bulb,nested_logreg_learned_permuted_prior,learned_random_graph,62,7,0.8644279217575506,0.37857912246916936,1.039407412906157,0.015625,-0.4209573347009947,-0.4917113651895143,-0.22002568798123429,0.015625
seqFISH+ olfactory bulb,nested_logreg_learned_permuted_prior,linear_svm,62,7,0.00013193709456688074,-0.011930370365443865,0.00926662996210914,1.0,-0.012263561041743514,-0.016974968625794846,-0.004958089820027205,0.015625
seqFISH+ olfactory bulb,nested_logreg_learned_permuted_prior,logreg_context_specific,62,7,0.47643846541414914,0.10808281436608425,0.6640627936980126,0.015625,-0.2707125539721165,-0.33662976035645686,-0.18922498529682819,0.015625
seqFISH+ olfactory bulb,nested_logreg_learned_permuted_prior,logreg_learned_neighborhood,62,7,0.4918316317503376,0.21149286784166244,0.5285841351227225,0.015625,-0.2597293806530023,-0.2864387898620249,-0.15097750043269373,0.015625
seqFISH+ olfactory bulb,nested_logreg_learned_permuted_prior,logreg_learned_permuted_prior,62,7,0.46553663711182414,0.20108736960814366,0.639096814834295,0.015625,-0.27627329919067833,-0.3833350925070674,-0.14997983014913738,0.015625
seqFISH+ olfactory bulb,nested_logreg_learned_permuted_prior,logreg_learned_random_graph,62,7,0.3970557576758199,0.3203341145855324,0.5112721476584903,0.015625,-0.2754887502163469,-0.28560114576288986,-0.19534158266653812,0.015625
seqFISH+ olfactory bulb,nested_logreg_learned_permuted_prior,logreg_only,62,7,0.0,0.0,0.0,1.0,0.0,0.0,0.0,1.0
seqFISH+ olfactory bulb,nested_logreg_learned_permuted_prior,marker_only,62,7,0.7719580387899716,0.18888197019545305,0.8811000067701245,0.03125,-0.3667184761462864,-0.40647285119515236,-0.11478697925681117,0.03125
seqFISH+ olfactory bulb,nested_logreg_learned_permuted_prior,nested_gated_logreg_context_specific,62,7,0.0,0.0,0.0,1.0,0.0,0.0,0.0,1.0
seqFISH+ olfactory bulb,nested_logreg_learned_permuted_prior,nested_gated_logreg_learned_neighborhood,62,7,0.0,0.0,0.0,1.0,0.0,0.0,0.0,1.0
seqFISH+ olfactory bulb,nested_logreg_learned_permuted_prior,nested_gated_logreg_learned_permuted_prior,62,7,0.0,0.0,0.0,1.0,0.0,0.0,0.0,1.0
seqFISH+ olfactory bulb,nested_logreg_learned_permuted_prior,nested_gated_logreg_learned_random_graph,62,7,0.0,0.0,0.0,1.0,0.0,0.0,0.0,1.0
seqFISH+ olfactory bulb,nested_logreg_learned_permuted_prior,nested_logreg_context_specific,62,7,0.0,0.0,0.0,1.0,0.0,0.0,0.0,1.0
seqFISH+ olfactory bulb,nested_logreg_learned_permuted_prior,nested_logreg_learned_neighborhood,62,7,0.0,0.0,0.0,1.0,0.0,0.0,0.0,1.0
seqFISH+ olfactory bulb,nested_logreg_learned_permuted_prior,nested_logreg_learned_random_graph,62,7,0.0,0.0,0.0,1.0,0.0,0.0,0.0,1.0
seqFISH+ olfactory bulb,nested_logreg_learned_permuted_prior,pca_knn,62,7,-0.058343206227228994,-0.07422553087991468,-0.002692367347072455,0.015625,0.011319932400657897,-0.00623639674759504,0.029482416446356175,0.21875
seqFISH+ olfactory bulb,nested_logreg_learned_permuted_prior,singler_native,62,7,-0.014926335540122126,-0.055702362041167186,-0.0059014791535905164,0.046875,0.008379154973376423,-0.0022863602813507286,0.014014494030768631,0.375
seqFISH+ olfactory bulb,nested_logreg_learned_permuted_prior,spatial_smoothing,62,7,0.8247513983783256,0.21551634439788414,0.9305903530417,0.015625,-0.3704631818729488,-0.43506139160510554,-0.0987193189593043,0.015625
seqFISH+ olfactory bulb,nested_logreg_learned_permuted_prior,spatial_smoothing_random_graph,62,7,0.9111112733512646,0.42851425060601855,0.9320803331840724,0.015625,-0.37761177973848975,-0.4529146042822804,-0.18872187554086717,0.015625
seqFISH+ olfactory bulb,nested_logreg_learned_random_graph,context_specific,62,7,0.8298501169545227,0.1294844318056213,1.156491210142476,0.015625,-0.41236326182542954,-0.49582943167107624,-0.1728642282926781,0.015625
seqFISH+ olfactory bulb,nested_logreg_learned_random_graph,extra_trees,62,7,-0.015351097027940797,-0.06154877572003703,0.0006945295232756998,0.078125,0.0051256861297981696,-0.009455121195517495,0.011569099729241271,0.46875
seqFISH+ olfactory bulb,nested_logreg_learned_random_graph,gated_context_specific,62,7,0.8657772584431065,0.09644776184029524,0.9735187656953146,0.015625,-0.38116804367560725,-0.40405228323609077,-0.09832542109026385,0.015625
seqFISH+ olfactory bulb,nested_logreg_learned_random_graph,gated_learned_neighborhood,62,7,0.7519720230622265,0.11563885687956954,1.0489377212446278,0.015625,-0.3679424895877229,-0.4986136490161385,-0.10065467217655172,0.015625
seqFISH+ olfactory bulb,nested_logreg_learned_random_graph,gated_learned_permuted_prior,62,7,0.76429106270549,0.28632293978163836,0.8306363903441485,0.015625,-0.3321108177975485,-0.46537215465278003,-0.14364107157471007,0.015625
seqFISH+ olfactory bulb,nested_logreg_learned_random_graph,gated_learned_random_graph,62,7,0.7217934405921377,0.30361627467868046,0.9926684851815261,0.015625,-0.37092618299931945,-0.47451031525254467,-0.1749862262954574,0.015625
seqFISH+ olfactory bulb,nested_logreg_learned_random_graph,gated_logreg_context_specific,62,7,0.33639805936919265,0.0425534019444993,0.35743259955914475,0.015625,-0.2199743900895966,-0.267578664310826,-0.10595721162167185,0.015625
seqFISH+ olfactory bulb,nested_logreg_learned_random_graph,gated_logreg_learned_neighborhood,62,7,0.24964947113950564,0.07530023141078346,0.3771942651656761,0.015625,-0.21996598310457588,-0.263257605531504,-0.10595721162167185,0.015625
seqFISH+ olfactory bulb,nested_logreg_learned_random_graph,gated_logreg_learned_permuted_prior,62,7,0.3201441022425665,0.07530023141078346,0.39626615025055456,0.015625,-0.2136943282994428,-0.28110413916715493,-0.12089779232882916,0.015625
seqFISH+ olfactory bulb,nested_logreg_learned_random_graph,gated_logreg_learned_random_graph,62,7,0.3472640134714111,0.07751020235874717,0.3719995434671335,0.015625,-0.2165481830068831,-0.3029308477905737,-0.07781953111478321,0.015625
seqFISH+ olfactory bulb,nested_logreg_learned_random_graph,gated_spatial_smoothing,62,7,0.7830330861443854,0.21551634439788414,0.9010139417080318,0.015625,-0.35464732380426833,-0.4280473037420529,-0.09479593046877022,0.015625
seqFISH+ olfactory bulb,nested_logreg_learned_random_graph,gated_spatial_smoothing_random_graph,62,7,0.8997424896862158,0.18888197019545305,0.9320803331840724,0.015625,-0.37326118890668675,-0.4478288888867091,-0.10621468930041122,0.015625
seqFISH+ olfactory bulb,nested_logreg_learned_random_graph,learned_neighborhood,62,7,0.8960470916843407,0.19558893245300457,1.0889881197070355,0.015625,-0.3387657218767598,-0.5924485520776721,-0.1496694882690433,0.015625
seqFISH+ olfactory bulb,nested_logreg_learned_random_graph,learned_permuted_prior,62,7,0.8785692182146531,0.26983332440254537,1.0430856284280252,0.015625,-0.38077447543589704,-0.48002995629865886,-0.13118604336063655,0.015625
seqFISH+ olfactory bulb,nested_logreg_learned_random_graph,learned_random_graph,62,7,0.8644279217575506,0.37857912246916936,1.039407412906157,0.015625,-0.4209573347009947,-0.4917113651895143,-0.22002568798123429,0.015625
seqFISH+ olfactory bulb,nested_logreg_learned_random_graph,linear_svm,62,7,0.00013193709456688074,-0.011930370365443865,0.00926662996210914,1.0,-0.012263561041743514,-0.016974968625794846,-0.004958089820027205,0.015625
seqFISH+ olfactory bulb,nested_logreg_learned_random_graph,logreg_context_specific,62,7,0.47643846541414914,0.10808281436608425,0.6640627936980126,0.015625,-0.2707125539721165,-0.33662976035645686,-0.18922498529682819,0.015625
seqFISH+ olfactory bulb,nested_logreg_learned_random_graph,logreg_learned_neighborhood,62,7,0.4918316317503376,0.21149286784166244,0.5285841351227225,0.015625,-0.2597293806530023,-0.2864387898620249,-0.15097750043269373,0.015625
seqFISH+ olfactory bulb,nested_logreg_learned_random_graph,logreg_learned_permuted_prior,62,7,0.46553663711182414,0.20108736960814366,0.639096814834295,0.015625,-0.27627329919067833,-0.3833350925070674,-0.14997983014913738,0.015625
seqFISH+ olfactory bulb,nested_logreg_learned_random_graph,logreg_learned_random_graph,62,7,0.3970557576758199,0.3203341145855324,0.5112721476584903,0.015625,-0.2754887502163469,-0.28560114576288986,-0.19534158266653812,0.015625
seqFISH+ olfactory bulb,nested_logreg_learned_random_graph,logreg_only,62,7,0.0,0.0,0.0,1.0,0.0,0.0,0.0,1.0
seqFISH+ olfactory bulb,nested_logreg_learned_random_graph,marker_only,62,7,0.7719580387899716,0.18888197019545305,0.8811000067701245,0.03125,-0.3667184761462864,-0.40647285119515236,-0.11478697925681117,0.03125
seqFISH+ olfactory bulb,nested_logreg_learned_random_graph,nested_gated_logreg_context_specific,62,7,0.0,0.0,0.0,1.0,0.0,0.0,0.0,1.0
seqFISH+ olfactory bulb,nested_logreg_learned_random_graph,nested_gated_logreg_learned_neighborhood,62,7,0.0,0.0,0.0,1.0,0.0,0.0,0.0,1.0
seqFISH+ olfactory bulb,nested_logreg_learned_random_graph,nested_gated_logreg_learned_permuted_prior,62,7,0.0,0.0,0.0,1.0,0.0,0.0,0.0,1.0
seqFISH+ olfactory bulb,nested_logreg_learned_random_graph,nested_gated_logreg_learned_random_graph,62,7,0.0,0.0,0.0,1.0,0.0,0.0,0.0,1.0
seqFISH+ olfactory bulb,nested_logreg_learned_random_graph,nested_logreg_context_specific,62,7,0.0,0.0,0.0,1.0,0.0,0.0,0.0,1.0
seqFISH+ olfactory bulb,nested_logreg_learned_random_graph,nested_logreg_learned_neighborhood,62,7,0.0,0.0,0.0,1.0,0.0,0.0,0.0,1.0
seqFISH+ olfactory bulb,nested_logreg_learned_random_graph,nested_logreg_learned_permuted_prior,62,7,0.0,0.0,0.0,1.0,0.0,0.0,0.0,1.0
seqFISH+ olfactory bulb,nested_logreg_learned_random_graph,pca_knn,62,7,-0.058343206227228994,-0.07422553087991468,-0.002692367347072455,0.015625,0.011319932400657897,-0.00623639674759504,0.029482416446356175,0.21875
seqFISH+ olfactory bulb,nested_logreg_learned_random_graph,singler_native,62,7,-0.014926335540122126,-0.055702362041167186,-0.0059014791535905164,0.046875,0.008379154973376423,-0.0022863602813507286,0.014014494030768631,0.375
seqFISH+ olfactory bulb,nested_logreg_learned_random_graph,spatial_smoothing,62,7,0.8247513983783256,0.21551634439788414,0.9305903530417,0.015625,-0.3704631818729488,-0.43506139160510554,-0.0987193189593043,0.015625
seqFISH+ olfactory bulb,nested_logreg_learned_random_graph,spatial_smoothing_random_graph,62,7,0.9111112733512646,0.42851425060601855,0.9320803331840724,0.015625,-0.37761177973848975,-0.4529146042822804,-0.18872187554086717,0.015625
seqFISH+ olfactory bulb,pca_knn,context_specific,62,7,0.940790183552199,0.33118695115072805,1.0973633322644276,0.015625,-0.4254743668689896,-0.5124111732249825,-0.1728642282926781,0.015625
seqFISH+ olfactory bulb,pca_knn,extra_trees,62,7,0.0029581724020010247,0.0,0.021346894630861035,0.15625,-0.000902712308549109,-0.004858410545453062,0.015608368428873365,0.8125
seqFISH+ olfactory bulb,pca_knn,gated_context_specific,62,7,0.926078806624471,0.27278217265124893,0.9847108510595428,0.015625,-0.3858806029189331,-0.40859786329343634,-0.10774948307567359,0.015625
seqFISH+ olfactory bulb,pca_knn,gated_learned_neighborhood,62,7,0.7969071047899989,0.2881394345620337,1.0416323674479409,0.015625,-0.33325087289077204,-0.5055239434697553,-0.1459323405915515,0.015625
seqFISH+ olfactory bulb,pca_knn,gated_learned_permuted_prior,62,7,0.8549504840043711,0.3582260585501168,0.9054665023382877,0.015625,-0.3490583812881507,-0.5016543939654413,-0.13750930346288115,0.015625
seqFISH+ olfactory bulb,pca_knn,gated_learned_random_graph,62,7,0.802856471025899,0.3905844895405598,1.0629330795271488,0.015625,-0.38377213120347303,-0.5095694685214684,-0.15325958348888977,0.015625
seqFISH+ olfactory bulb,pca_knn,gated_logreg_context_specific,62,7,0.35743259955914475,0.24425592128960605,0.39727294642676325,0.015625,-0.23061585121727332,-0.277944916721624,-0.05774323723427404,0.015625
seqFISH+ olfactory bulb,pca_knn,gated_logreg_learned_neighborhood,62,7,0.3232154582215774,0.24236615734693556,0.5003962158694211,0.015625,-0.2219612890951276,-0.2741354534650503,-0.14350135643674647,0.015625
seqFISH+ olfactory bulb,pca_knn,gated_logreg_learned_permuted_prior,62,7,0.38188405993122665,0.12498878978406847,0.40613467714370466,0.015625,-0.2345093252613789,-0.3027366481823668,-0.14350135643674647,0.015625
seqFISH+ olfactory bulb,pca_knn,gated_logreg_learned_random_graph,62,7,0.3203423502248539,0.1538823672208396,0.3531442142246626,0.015625,-0.2343849332327279,-0.2931967422247099,-0.17623995973223924,0.015625
seqFISH+ olfactory bulb,pca_knn,gated_spatial_smoothing,62,7,0.8039769013481164,0.2680245140929445,0.912417286964607,0.015625,-0.3623572350664154,-0.4263152403246803,-0.12539272740818178,0.015625
seqFISH+ olfactory bulb,pca_knn,gated_spatial_smoothing_random_graph,62,7,0.9224134909465944,0.2713639852530746,0.9696435367732256,0.015625,-0.3543244153529194,-0.455553339582512,-0.15325958348888977,0.015625
seqFISH+ olfactory bulb,pca_knn,learned_neighborhood,62,7,0.9462960604859709,0.3472812248543078,1.15240405238316,0.015625,-0.36718184663881015,-0.5744361883139814,-0.17466315190330126,0.015625
seqFISH+ olfactory bulb,pca_knn,learned_permuted_prior,62,7,0.9241552358453055,0.18438231850531273,0.9385234940658248,0.015625,-0.37518922091458945,-0.5223531024721368,-0.16489319922605047,0.015625
seqFISH+ olfactory bulb,pca_knn,learned_random_graph,62,7,0.8591256170326804,0.44929851866938597,1.0017677619701444,0.015625,-0.44198412168068174,-0.49754340135224484,-0.22129889310957224,0.015625
seqFISH+ olfactory bulb,pca_knn,linear_svm,62,7,0.023604879929912892,0.007151997199130733,0.055408405175992215,0.015625,-0.021233053499668246,-0.028744724846085295,-0.018060628444689336,0.015625
seqFISH+ olfactory bulb,pca_knn,logreg_context_specific,62,7,0.6125537588524281,0.309785333711191,0.6494543446653172,0.015625,-0.2892044333746443,-0.34362402334057063,-0.15750244560514196,0.015625
seqFISH+ olfactory bulb,pca_knn,logreg_learned_neighborhood,62,7,0.4772231827176422,0.28092757637132315,0.5919697329003781,0.015625,-0.2712781759395431,-0.2761870689262231,-0.20964627375828174,0.015625
seqFISH+ olfactory bulb,pca_knn,logreg_learned_permuted_prior,62,7,0.5422536148700259,0.19170776046208693,0.8038815189194946,0.015625,-0.2871214109681039,-0.3915508855214656,-0.2105263157894737,0.015625
seqFISH+ olfactory bulb,pca_knn,logreg_learned_random_graph,62,7,0.461996377766309,0.29647352931855175,0.5902292569448684,0.015625,-0.2969210781635478,-0.31274383709315373,-0.24238647685501666,0.015625
seqFISH+ olfactory bulb,pca_knn,logreg_only,62,7,0.058343206227228994,0.002692367347072455,0.07422553087991468,0.015625,-0.011319932400657897,-0.029482416446356175,0.00623639674759504,0.21875
seqFISH+ olfactory bulb,pca_knn,marker_only,62,7,0.7869354985691982,0.23559129167201132,0.9347349469358123,0.015625,-0.3480146316809556,-0.4333923109284911,-0.13098951126894964,0.015625
seqFISH+ olfactory bulb,pca_knn,nested_gated_logreg_context_specific,62,7,0.058343206227228994,0.002692367347072455,0.07422553087991468,0.015625,-0.011319932400657897,-0.029482416446356175,0.00623639674759504,0.21875
seqFISH+ olfactory bulb,pca_knn,nested_gated_logreg_learned_neighborhood,62,7,0.058343206227228994,0.002692367347072455,0.07422553087991468,0.015625,-0.011319932400657897,-0.029482416446356175,0.00623639674759504,0.21875
seqFISH+ olfactory bulb,pca_knn,nested_gated_logreg_learned_permuted_prior,62,7,0.058343206227228994,0.002692367347072455,0.07422553087991468,0.015625,-0.011319932400657897,-0.029482416446356175,0.00623639674759504,0.21875
seqFISH+ olfactory bulb,pca_knn,nested_gated_logreg_learned_random_graph,62,7,0.058343206227228994,0.002692367347072455,0.07422553087991468,0.015625,-0.011319932400657897,-0.029482416446356175,0.00623639674759504,0.21875
seqFISH+ olfactory bulb,pca_knn,nested_logreg_context_specific,62,7,0.058343206227228994,0.002692367347072455,0.07422553087991468,0.015625,-0.011319932400657897,-0.029482416446356175,0.00623639674759504,0.21875
seqFISH+ olfactory bulb,pca_knn,nested_logreg_learned_neighborhood,62,7,0.058343206227228994,0.002692367347072455,0.07422553087991468,0.015625,-0.011319932400657897,-0.029482416446356175,0.00623639674759504,0.21875
seqFISH+ olfactory bulb,pca_knn,nested_logreg_learned_permuted_prior,62,7,0.058343206227228994,0.002692367347072455,0.07422553087991468,0.015625,-0.011319932400657897,-0.029482416446356175,0.00623639674759504,0.21875
seqFISH+ olfactory bulb,pca_knn,nested_logreg_learned_random_graph,62,7,0.058343206227228994,0.002692367347072455,0.07422553087991468,0.015625,-0.011319932400657897,-0.029482416446356175,0.00623639674759504,0.21875
seqFISH+ olfactory bulb,pca_knn,singler_native,62,7,-0.0003701769035024949,-0.007790975194505223,0.012915498958485205,1.0,0.0,-0.0040534098156339154,0.009385462597151766,0.5625
seqFISH+ olfactory bulb,pca_knn,spatial_smoothing,62,7,0.8468997035687538,0.31594288155546346,1.0409227276950765,0.015625,-0.3594658131784268,-0.4524470848753327,-0.12584219051203485,0.015625
seqFISH+ olfactory bulb,pca_knn,spatial_smoothing_random_graph,62,7,0.9347727005311448,0.3905844895405598,0.9711838736609142,0.015625,-0.38231410726116677,-0.46976183533367266,-0.2013520573041729,0.015625
seqFISH+ olfactory bulb,singler_native,context_specific,62,7,0.959565588780633,0.09892807032591666,1.0844277357286018,0.015625,-0.39270605220213994,-0.5045183487565471,-0.14669176440231715,0.015625
seqFISH+ olfactory bulb,singler_native,extra_trees,62,7,-0.00042476148781867007,-0.0029899522477058182,0.022475623686984858,1.0,0.0,-0.012526546396735873,0.034091408382264876,0.84375
seqFISH+ olfactory bulb,singler_native,gated_context_specific,62,7,0.9366098643834997,0.13887618679826497,0.9958581658524716,0.015625,-0.37840870389510045,-0.4061588477859474,-0.07269223959957866,0.015625
seqFISH+ olfactory bulb,singler_native,gated_learned_neighborhood,62,7,0.7983420878905912,0.09892807032591666,1.0253961358478632,0.015625,-0.35502374697780104,-0.47614894031360555,-0.0783884817388612,0.015625
seqFISH+ olfactory bulb,singler_native,gated_learned_permuted_prior,62,7,0.8418486289789504,0.2696121532279855,0.9003477469825343,0.015625,-0.337029158932297,-0.47132239486015953,-0.11787754387659968,0.015625
seqFISH+ olfactory bulb,singler_native,gated_learned_random_graph,62,7,0.802856471025899,0.2869054881250276,1.0721687836487028,0.015625,-0.36490240666190915,-0.4882487679529779,-0.12235464734808899,0.015625
seqFISH+ olfactory bulb,singler_native,gated_logreg_context_specific,62,7,0.2922274697214916,0.08872601755815435,0.4056369443223836,0.015625,-0.23613869155399203,-0.27005665775430376,-0.11340199901229446,0.015625
seqFISH+ olfactory bulb,singler_native,gated_logreg_learned_neighborhood,62,7,0.3104351083916701,0.053505450695687795,0.46481796646168877,0.015625,-0.24613402543141905,-0.26374253248893614,-0.11843868860903317,0.015625
seqFISH+ olfactory bulb,singler_native,gated_logreg_learned_permuted_prior,62,7,0.38188405993122665,0.053505450695687684,0.4118936155178954,0.015625,-0.24855924874072366,-0.29960795642109317,-0.10281211865216436,0.015625
seqFISH+ olfactory bulb,singler_native,gated_logreg_learned_random_graph,62,7,0.3250876855774063,0.09822350102333,0.3402287152661774,0.015625,-0.21949806886787354,-0.2818296725610021,-0.08402888371610563,0.015625
seqFISH+ olfactory bulb,singler_native,gated_spatial_smoothing,62,7,0.815124216141045,0.19880555784423126,0.912417286964607,0.015625,-0.3622195611662327,-0.4460650377441666,-0.10222177715222966,0.015625
seqFISH+ olfactory bulb,singler_native,gated_spatial_smoothing_random_graph,62,7,0.9335608057395232,0.191333756974988,0.9696435367732256,0.015625,-0.34034187750582073,-0.4253641801841761,-0.14720877569293192,0.015625
seqFISH+ olfactory bulb,singler_native,learned_neighborhood,62,7,0.8947820652600026,0.1788781458993517,1.15240405238316,0.015625,-0.37727620734838446,-0.5854693908698217,-0.09986304443459466,0.015625
seqFISH+ olfactory bulb,singler_native,learned_permuted_prior,62,7,0.913261776132567,0.2531225378488925,0.9396610406712438,0.015625,-0.385169144869019,-0.5209986819229564,-0.12552212428326587,0.015625
seqFISH+ olfactory bulb,singler_native,learned_random_graph,62,7,0.8700057995183599,0.459063282401834,0.9920558410333749,0.015625,-0.44208698083547837,-0.5172931987717311,-0.2208492593955425,0.015625
seqFISH+ olfactory bulb,singler_native,linear_svm,62,7,0.02850486297642807,0.02081628409041003,0.03418486005296317,0.015625,-0.017377749317066326,-0.031786438647939036,-0.013406730941083717,0.015625
seqFISH+ olfactory bulb,singler_native,logreg_context_specific,62,7,0.5557096833594241,0.25806451612903214,0.6439284271026946,0.015625,-0.2892934007968244,-0.33894653476509706,-0.1899043106068991,0.015625
seqFISH+ olfactory bulb,singler_native,logreg_learned_neighborhood,62,7,0.47169726515501964,0.19694816162638595,0.5923399098038806,0.015625,-0.25828252098991006,-0.26707013881007147,-0.16344686346751497,0.015625
seqFISH+ olfactory bulb,singler_native,logreg_learned_permuted_prior,62,7,0.561385747896245,0.19814558591036602,0.8038815189194946,0.015625,-0.29909865397594976,-0.38396161790446276,-0.20751874963942185,0.015625
seqFISH+ olfactory bulb,singler_native,logreg_learned_random_graph,62,7,0.47036037566192934,0.3009818896216039,0.5727487816408813,0.015625,-0.2662869947694881,-0.30197791850675243,-0.25480629697034196,0.015625
seqFISH+ olfactory bulb,singler_native,logreg_only,62,7,0.014926335540122126,0.0059014791535905164,0.055702362041167186,0.046875,-0.008379154973376423,-0.014014494030768631,0.0022863602813507286,0.375
seqFISH+ olfactory bulb,singler_native,marker_only,62,7,0.7402382660954989,0.19880555784423126,0.9383935133080934,0.015625,-0.32709174145146613,-0.38152857405366253,-0.10222177715222966,0.015625
seqFISH+ olfactory bulb,singler_native,nested_gated_logreg_context_specific,62,7,0.014926335540122126,0.0059014791535905164,0.055702362041167186,0.046875,-0.008379154973376423,-0.014014494030768631,0.0022863602813507286,0.375
seqFISH+ olfactory bulb,singler_native,nested_gated_logreg_learned_neighborhood,62,7,0.014926335540122126,0.0059014791535905164,0.055702362041167186,0.046875,-0.008379154973376423,-0.014014494030768631,0.0022863602813507286,0.375
seqFISH+ olfactory bulb,singler_native,nested_gated_logreg_learned_permuted_prior,62,7,0.014926335540122126,0.0059014791535905164,0.055702362041167186,0.046875,-0.008379154973376423,-0.014014494030768631,0.0022863602813507286,0.375
seqFISH+ olfactory bulb,singler_native,nested_gated_logreg_learned_random_graph,62,7,0.014926335540122126,0.0059014791535905164,0.055702362041167186,0.046875,-0.008379154973376423,-0.014014494030768631,0.0022863602813507286,0.375
seqFISH+ olfactory bulb,singler_native,nested_logreg_context_specific,62,7,0.014926335540122126,0.0059014791535905164,0.055702362041167186,0.046875,-0.008379154973376423,-0.014014494030768631,0.0022863602813507286,0.375
seqFISH+ olfactory bulb,singler_native,nested_logreg_learned_neighborhood,62,7,0.014926335540122126,0.0059014791535905164,0.055702362041167186,0.046875,-0.008379154973376423,-0.014014494030768631,0.0022863602813507286,0.375
seqFISH+ olfactory bulb,singler_native,nested_logreg_learned_permuted_prior,62,7,0.014926335540122126,0.0059014791535905164,0.055702362041167186,0.046875,-0.008379154973376423,-0.014014494030768631,0.0022863602813507286,0.375
seqFISH+ olfactory bulb,singler_native,nested_logreg_learned_random_graph,62,7,0.014926335540122126,0.0059014791535905164,0.055702362041167186,0.046875,-0.008379154973376423,-0.014014494030768631,0.0022863602813507286,0.375
seqFISH+ olfactory bulb,singler_native,pca_knn,62,7,0.0003701769035024949,-0.012915498958485205,0.007790975194505223,1.0,0.0,-0.009385462597151766,0.0040534098156339154,0.5625
seqFISH+ olfactory bulb,singler_native,spatial_smoothing,62,7,0.8371877826319843,0.19880555784423126,1.0165083087972908,0.015625,-0.3725697464228054,-0.44617204152114115,-0.10222177715222966,0.015625
seqFISH+ olfactory bulb,singler_native,spatial_smoothing_random_graph,62,7,0.9379818123376629,0.41401270701696813,0.982331188453843,0.015625,-0.37475803219953674,-0.4395726759353368,-0.19564215620212894,0.015625
seqFISH+ olfactory bulb,spatial_smoothing,context_specific,62,7,-0.030750593678376514,-0.10863786973288725,0.16759975425893153,1.0,0.00017497636445584774,-0.061011969567158264,0.028109908690857832,0.9375
seqFISH+ olfactory bulb,spatial_smoothing,extra_trees,62,7,-0.8424520672510369,-1.0165083087972908,-0.23504160659026907,0.015625,0.3481556689796016,0.17395660840248808,0.4138458150604877,0.015625
seqFISH+ olfactory bulb,spatial_smoothing,gated_context_specific,62,7,0.0,-0.09298495476910384,0.02077707543545071,0.4375,0.0,-0.02094901025724563,0.03253709478276118,0.625
seqFISH+ olfactory bulb,spatial_smoothing,gated_learned_neighborhood,62,7,-0.0014459533876596264,-0.04350654108835919,0.07215309923870938,1.0,-0.005275318178389998,-0.022201773480804488,0.0,0.1875
seqFISH+ olfactory bulb,spatial_smoothing,gated_learned_permuted_prior,62,7,-0.003999679681589763,-0.10022632427710795,0.048120510429505825,0.4375,0.0,-0.013920733902320293,0.012081858840413628,0.8125
seqFISH+ olfactory bulb,spatial_smoothing,gated_learned_random_graph,62,7,0.030061497409071825,-0.0013152787851608838,0.08809993028079632,0.5625,-0.01277947522541134,-0.020132870195859326,0.0,0.09375
seqFISH+ olfactory bulb,spatial_smoothing,gated_logreg_context_specific,62,7,-0.3464625421616687,-0.5711247078814423,-0.05427774586962461,0.03125,0.1290489705534807,0.03409207261251285,0.19162129925630472,0.03125
seqFISH+ olfactory bulb,spatial_smoothing,gated_logreg_learned_neighborhood,62,7,-0.28717301008561663,-0.5915596384515075,-0.021029041037100016,0.015625,0.11110682163441438,0.03409207261251285,0.19162129925630472,0.03125
seqFISH+ olfactory bulb,spatial_smoothing,gated_logreg_learned_permuted_prior,62,7,-0.37323121117994495,-0.6459381636317248,-0.006050051512832111,0.046875,0.12085614982336841,0.0393853227423209,0.17113699047567493,0.03125
seqFISH+ olfactory bulb,spatial_smoothing,gated_logreg_learned_random_graph,62,7,-0.2891478049938456,-0.500379817470715,-0.011582090283099089,0.03125,0.09530893670935309,0.04337994154671593,0.17512564644528708,0.03125
seqFISH+ olfactory bulb,spatial_smoothing,gated_spatial_smoothing,62,7,0.0,-0.014956698901836651,0.0,0.5,0.0,0.0,0.00010700377697453467,0.5
seqFISH+ olfactory bulb,spatial_smoothing,gated_spatial_smoothing_random_graph,62,7,0.0,-0.043321252693992965,0.0070303422018505035,0.4375,0.0,-0.008627675720934647,0.008588795254946546,0.8125
seqFISH+ olfactory bulb,spatial_smoothing,learned_neighborhood,62,7,0.056003599036984486,-0.006206391403569822,0.11210915742870017,0.15625,-0.050556419236486794,-0.07177939929590593,0.0,0.125
seqFISH+ olfactory bulb,spatial_smoothing,learned_permuted_prior,62,7,8.523642661206754e-05,-0.027250642116820392,0.09781241169229339,0.4375,0.0,-0.07188806348891552,0.025520655434861816,0.84375
seqFISH+ olfactory bulb,spatial_smoothing,learned_random_graph,62,7,0.07206056796582655,-0.013724904874735266,0.2489432005601841,0.15625,-0.027773576050238058,-0.086676371744551,0.0,0.0625
seqFISH+ olfactory bulb,spatial_smoothing,linear_svm,62,7,-0.8131881058228982,-0.971506643617571,-0.1627335794001502,0.03125,0.363583394576666,0.1147790297554879,0.40687846361339847,0.015625
seqFISH+ olfactory bulb,spatial_smoothing,logreg_context_specific,62,7,-0.028808847707282592,-0.44600308817200945,0.004332619782030894,0.15625,0.05619005968932722,-0.04647577056890201,0.12418497888858368,0.296875
seqFISH+ olfactory bulb,spatial_smoothing,logreg_learned_neighborhood,62,7,-0.23807996256270036,-0.4616648079362211,-0.03153971725781038,0.03125,0.07225623168389445,0.012866224695253226,0.1466472959175087,0.078125
seqFISH+ olfactory bulb,spatial_smoothing,logreg_learned_permuted_prior,62,7,-0.17217086986743446,-0.33105801118112654,0.08512143638772363,0.21875,0.03923355616036084,-0.03729920531578007,0.07877005194302639,0.46875
seqFISH+ olfactory bulb,spatial_smoothing,logreg_learned_random_graph,62,7,-0.1498711351498903,-0.6394067667089852,0.24276513400768773,0.296875,0.12360766314907018,-0.0650157871604117,0.15458263910762438,0.46875
seqFISH+ olfactory bulb,spatial_smoothing,logreg_only,62,7,-0.8247513983783256,-0.9305903530417,-0.21551634439788414,0.015625,0.3704631818729488,0.0987193189593043,0.43506139160510554,0.015625
seqFISH+ olfactory bulb,spatial_smoothing,marker_only,62,7,-0.02529244455717322,-0.057818435509303295,0.0,0.09375,0.017225764921374564,0.0,0.059215465461013306,0.09375
seqFISH+ olfactory bulb,spatial_smoothing,nested_gated_logreg_context_specific,62,7,-0.8247513983783256,-0.9305903530417,-0.21551634439788414,0.015625,0.3704631818729488,0.0987193189593043,0.43506139160510554,0.015625
seqFISH+ olfactory bulb,spatial_smoothing,nested_gated_logreg_learned_neighborhood,62,7,-0.8247513983783256,-0.9305903530417,-0.21551634439788414,0.015625,0.3704631818729488,0.0987193189593043,0.43506139160510554,0.015625
seqFISH+ olfactory bulb,spatial_smoothing,nested_gated_logreg_learned_permuted_prior,62,7,-0.8247513983783256,-0.9305903530417,-0.21551634439788414,0.015625,0.3704631818729488,0.0987193189593043,0.43506139160510554,0.015625
seqFISH+ olfactory bulb,spatial_smoothing,nested_gated_logreg_learned_random_graph,62,7,-0.8247513983783256,-0.9305903530417,-0.21551634439788414,0.015625,0.3704631818729488,0.0987193189593043,0.43506139160510554,0.015625
seqFISH+ olfactory bulb,spatial_smoothing,nested_logreg_context_specific,62,7,-0.8247513983783256,-0.9305903530417,-0.21551634439788414,0.015625,0.3704631818729488,0.0987193189593043,0.43506139160510554,0.015625
seqFISH+ olfactory bulb,spatial_smoothing,nested_logreg_learned_neighborhood,62,7,-0.8247513983783256,-0.9305903530417,-0.21551634439788414,0.015625,0.3704631818729488,0.0987193189593043,0.43506139160510554,0.015625
seqFISH+ olfactory bulb,spatial_smoothing,nested_logreg_learned_permuted_prior,62,7,-0.8247513983783256,-0.9305903530417,-0.21551634439788414,0.015625,0.3704631818729488,0.0987193189593043,0.43506139160510554,0.015625
seqFISH+ olfactory bulb,spatial_smoothing,nested_logreg_learned_random_graph,62,7,-0.8247513983783256,-0.9305903530417,-0.21551634439788414,0.015625,0.3704631818729488,0.0987193189593043,0.43506139160510554,0.015625
seqFISH+ olfactory bulb,spatial_smoothing,pca_knn,62,7,-0.8468997035687538,-1.0409227276950765,-0.31594288155546346,0.015625,0.3594658131784268,0.12584219051203485,0.4524470848753327,0.015625
seqFISH+ olfactory bulb,spatial_smoothing,singler_native,62,7,-0.8371877826319843,-1.0165083087972908,-0.19880555784423126,0.015625,0.3725697464228054,0.10222177715222966,0.44617204152114115,0.015625
seqFISH+ olfactory bulb,spatial_smoothing,spatial_smoothing_random_graph,62,7,0.00295205075145924,-0.015268915262736549,0.10689942658652207,0.46875,-0.007495370341106922,-0.022895089238614996,0.004033549957923294,0.46875
seqFISH+ olfactory bulb,spatial_smoothing_random_graph,context_specific,62,7,-0.06237130653626169,-0.12462987238396206,-0.03368752357723037,0.296875,0.018332592213475052,-0.012370090242142306,0.031235474512014638,0.46875
seqFISH+ olfactory bulb,spatial_smoothing_random_graph,extra_trees,62,7,-0.9325382268486466,-0.9612644655930651,-0.6666666666666666,0.015625,0.32601093098065276,0.24126639458229818,0.4456054306411525,0.015625
seqFISH+ olfactory bulb,spatial_smoothing_random_graph,gated_context_specific,62,7,-0.052457570176723034,-0.14951501596651526,0.034403119126759266,0.296875,0.01775366356745972,-0.015903349667877126,0.052826779016329456,0.21875
seqFISH+ olfactory bulb,spatial_smoothing_random_graph,gated_learned_neighborhood,62,7,-0.04645859183981843,-0.18256936121708578,0.046113375231318365,0.375,0.022471088681810247,-0.02876660834619324,0.05116980665962964,0.578125
seqFISH+ olfactory bulb,spatial_smoothing_random_graph,gated_learned_permuted_prior,62,7,-0.047797902916032364,-0.16820599889162346,0.08397423505304197,0.46875,0.008183407261471293,-0.04072601346461291,0.061247453314015265,0.9375
seqFISH+ olfactory bulb,spatial_smoothing_random_graph,gated_learned_random_graph,62,7,-0.010404765713411313,-0.10418232318934106,0.08528544559141746,0.8125,0.01374575502687106,-0.06832458046156875,0.03136261349792063,0.8125
seqFISH+ olfactory bulb,spatial_smoothing_random_graph,gated_logreg_context_specific,62,7,-0.29001608881460694,-0.5943274584486601,-0.1015669538874917,0.015625,0.12214704063445125,0.058257083509519025,0.178692180003126,0.015625
seqFISH+ olfactory bulb,spatial_smoothing_random_graph,gated_logreg_learned_neighborhood,62,7,-0.3974394005430221,-0.5164508960199266,-0.19510819402832114,0.015625,0.12679271217649277,0.0714285714285714,0.16770878319084287,0.015625
seqFISH+ olfactory bulb,spatial_smoothing_random_graph,gated_logreg_learned_permuted_prior,62,7,-0.2725645314330872,-0.55849826463076,-0.19510819402832125,0.015625,0.1397434936843946,0.06275498797557727,0.15425182923723307,0.015625
seqFISH+ olfactory bulb,spatial_smoothing_random_graph,gated_logreg_learned_random_graph,62,7,-0.3508469121898232,-0.5023099455424114,-0.07470853132475469,0.015625,0.12150644992396831,0.034313068280157635,0.15774300337433467,0.015625
seqFISH+ olfactory bulb,spatial_smoothing_random_graph,gated_spatial_smoothing,62,7,-0.042590318523267945,-0.10689942658652207,0.01276720516023222,0.15625,0.0202239605383715,-0.0073035978818380975,0.03935236987933474,0.21875
seqFISH+ olfactory bulb,spatial_smoothing_random_graph,gated_spatial_smoothing_random_graph,62,7,0.0,-0.004186757855168297,0.0,0.5,0.0,0.0,0.009306349146552317,0.5
seqFISH+ olfactory bulb,spatial_smoothing_random_graph,learned_neighborhood,62,7,0.059993283464934946,-0.1283534631390314,0.14958348930114876,0.9375,-0.004167430157687335,-0.0729435864001386,0.0325354032675465,0.6875
seqFISH+ olfactory bulb,spatial_smoothing_random_graph,learned_permuted_prior,62,7,-0.03340765523905309,-0.16591078090994876,0.02279590965717071,0.21875,0.00548038565330658,-0.0784812901454755,0.04245350875207965,0.6875
seqFISH+ olfactory bulb,spatial_smoothing_random_graph,learned_random_graph,62,7,0.04494078057594264,-0.07556689247739512,0.3068925401221482,0.578125,0.0,-0.08931308166351459,0.005086165123266095,0.5625
seqFISH+ olfactory bulb,spatial_smoothing_random_graph,linear_svm,62,7,-0.8886594416092107,-0.9441069140606091,-0.35169011349456714,0.015625,0.3606368111126949,0.14475694538394718,0.39870117705229624,0.015625
seqFISH+ olfactory bulb,spatial_smoothing_random_graph,logreg_context_specific,62,7,-0.28663958074794593,-0.41297028135351344,-0.08079915582936881,0.015625,0.07538928530591371,0.005737845595229829,0.14883758403369596,0.078125
seqFISH+ olfactory bulb,spatial_smoothing_random_graph,logreg_learned_neighborhood,62,7,-0.2760364294683833,-0.37876865379749947,-0.07993303122093931,0.03125,0.07312193705498227,0.02398889434800744,0.15857937706344374,0.03125
seqFISH+ olfactory bulb,spatial_smoothing_random_graph,logreg_learned_permuted_prior,62,7,-0.029820496159838727,-0.3640499222901138,0.08360360136965611,0.375,-0.005725944817280337,-0.04549621193806086,0.08575964248488749,0.6875
seqFISH+ olfactory bulb,spatial_smoothing_random_graph,logreg_learned_random_graph,62,7,-0.21749289781447634,-0.546128866940522,0.12903285370103668,0.15625,0.05112775477840115,-0.05503653257726576,0.13147696885351284,0.296875
seqFISH+ olfactory bulb,spatial_smoothing_random_graph,logreg_only,62,7,-0.9111112733512646,-0.9320803331840724,-0.42851425060601855,0.015625,0.37761177973848975,0.18872187554086717,0.4529146042822804,0.015625
seqFISH+ olfactory bulb,spatial_smoothing_random_graph,marker_only,62,7,-0.07137512387299892,-0.15768311270052718,0.0,0.0625,0.01936734899275505,0.011914813187891116,0.058051278356780645,0.015625
seqFISH+ olfactory bulb,spatial_smoothing_random_graph,nested_gated_logreg_context_specific,62,7,-0.9111112733512646,-0.9320803331840724,-0.42851425060601855,0.015625,0.37761177973848975,0.18872187554086717,0.4529146042822804,0.015625
seqFISH+ olfactory bulb,spatial_smoothing_random_graph,nested_gated_logreg_learned_neighborhood,62,7,-0.9111112733512646,-0.9320803331840724,-0.42851425060601855,0.015625,0.37761177973848975,0.18872187554086717,0.4529146042822804,0.015625
seqFISH+ olfactory bulb,spatial_smoothing_random_graph,nested_gated_logreg_learned_permuted_prior,62,7,-0.9111112733512646,-0.9320803331840724,-0.42851425060601855,0.015625,0.37761177973848975,0.18872187554086717,0.4529146042822804,0.015625
seqFISH+ olfactory bulb,spatial_smoothing_random_graph,nested_gated_logreg_learned_random_graph,62,7,-0.9111112733512646,-0.9320803331840724,-0.42851425060601855,0.015625,0.37761177973848975,0.18872187554086717,0.4529146042822804,0.015625
seqFISH+ olfactory bulb,spatial_smoothing_random_graph,nested_logreg_context_specific,62,7,-0.9111112733512646,-0.9320803331840724,-0.42851425060601855,0.015625,0.37761177973848975,0.18872187554086717,0.4529146042822804,0.015625
seqFISH+ olfactory bulb,spatial_smoothing_random_graph,nested_logreg_learned_neighborhood,62,7,-0.9111112733512646,-0.9320803331840724,-0.42851425060601855,0.015625,0.37761177973848975,0.18872187554086717,0.4529146042822804,0.015625
seqFISH+ olfactory bulb,spatial_smoothing_random_graph,nested_logreg_learned_permuted_prior,62,7,-0.9111112733512646,-0.9320803331840724,-0.42851425060601855,0.015625,0.37761177973848975,0.18872187554086717,0.4529146042822804,0.015625
seqFISH+ olfactory bulb,spatial_smoothing_random_graph,nested_logreg_learned_random_graph,62,7,-0.9111112733512646,-0.9320803331840724,-0.42851425060601855,0.015625,0.37761177973848975,0.18872187554086717,0.4529146042822804,0.015625
seqFISH+ olfactory bulb,spatial_smoothing_random_graph,pca_knn,62,7,-0.9347727005311448,-0.9711838736609142,-0.3905844895405598,0.015625,0.38231410726116677,0.2013520573041729,0.46976183533367266,0.015625
seqFISH+ olfactory bulb,spatial_smoothing_random_graph,singler_native,62,7,-0.9379818123376629,-0.982331188453843,-0.41401270701696813,0.015625,0.37475803219953674,0.19564215620212894,0.4395726759353368,0.015625
seqFISH+ olfactory bulb,spatial_smoothing_random_graph,spatial_smoothing,62,7,-0.00295205075145924,-0.10689942658652207,0.015268915262736549,0.46875,0.007495370341106922,-0.004033549957923294,0.022895089238614996,0.46875
