dataset_id,fold,cell_id,comparator_model,change_type,truth,marker_label,comparator_label,marker_confidence,comparator_confidence,marker_margin,comparator_margin,confidence_gain,margin_gain,marker_conflict_reason,comparator_conflict_reason
GEO_GSE240015_VISIUM_THYMUS_DOMAIN,1,d0_02mo::CGCAATTCTACAATAA-1,reference_profile,changed_but_still_wrong,d0_02mo::leiden_1.0_1,d0_18mo::leiden_1.0_6,d0_18mo::leiden_1.0_3,0.3195063018137855,0.8995444259430909,0.0197645776886444,0.8469654642450956,0.5800381241293054,0.8272008865564512,consistent;low_margin,consistent
GEO_GSE240015_VISIUM_THYMUS_DOMAIN,1,d0_02mo::TGGACCAATCTAAGAT-1,reference_profile,changed_but_still_wrong,d0_02mo::leiden_1.0_1,d0_18mo::leiden_1.0_4,d0_18mo::leiden_1.0_3,0.3554187940634294,0.8746285448943204,0.0347456600653177,0.8289993532850689,0.519209750830891,0.7942536932197513,consistent;low_margin,consistent
GEO_GSE240015_VISIUM_THYMUS_DOMAIN,1,d0_02mo::TCTTACGGCATCCGAC-1,reference_profile,changed_but_still_wrong,d0_02mo::leiden_1.0_1,d0_18mo::leiden_1.0_4,d0_18mo::leiden_1.0_3,0.3254205727253061,0.8526173349600019,0.0665527613136959,0.7723056936012965,0.5271967622346958,0.7057529322876006,consistent;low_margin,consistent
GEO_GSE240015_VISIUM_THYMUS_DOMAIN,5,d0_18mo::GTGTCGTATAGCGTTC-1,reference_profile,changed_but_still_wrong,d0_18mo::leiden_1.0_4,d0_18mo::leiden_1.0_6,d0_02mo::leiden_1.0_1,0.466383971486945,0.7824354100734947,0.2384631614090968,0.6634029066420931,0.3160514385865497,0.4249397452329963,consistent,consistent
GEO_GSE240015_VISIUM_THYMUS_DOMAIN,1,d0_02mo::AACTTTACGGGAGCTT-1,reference_profile,changed_but_still_wrong,d0_02mo::leiden_1.0_1,d0_18mo::leiden_1.0_4,d0_18mo::leiden_1.0_3,0.3759873567456497,0.7778122557072223,0.0472393165496961,0.6508359786062795,0.40182489896157264,0.6035966620565834,consistent;low_margin,consistent
GEO_GSE240015_VISIUM_THYMUS_DOMAIN,1,d0_02mo::GTCGTACCTACGATTG-1,reference_profile,changed_but_still_wrong,d0_02mo::leiden_1.0_1,d0_18mo::leiden_1.0_4,d0_18mo::leiden_1.0_3,0.3327351578353641,0.7221326863777925,0.0095762185371408,0.6368532427795627,0.3893975285424284,0.6272770242424219,consistent;low_margin,consistent
GEO_GSE240015_VISIUM_THYMUS_DOMAIN,1,d0_02mo::GACATACTGTCGCAGA-1,reference_profile,changed_but_still_wrong,d0_02mo::leiden_1.0_1,d0_18mo::leiden_1.0_6,d0_18mo::leiden_1.0_3,0.3432999273101518,0.7657671993937105,0.0681750533654079,0.6117880069239867,0.4224672720835587,0.5436129535585789,consistent;low_margin,consistent
GEO_GSE240015_VISIUM_THYMUS_DOMAIN,1,d0_02mo::GGGAAGGGCTTTCTCA-1,reference_profile,changed_but_still_wrong,d0_02mo::leiden_1.0_1,d0_18mo::leiden_1.0_4,d0_18mo::leiden_1.0_3,0.4550598653752235,0.6979972761204425,0.2258419207943875,0.5983254562386322,0.24293741074521896,0.37248353544424473,consistent,consistent
GEO_GSE240015_VISIUM_THYMUS_DOMAIN,5,d0_02mo::TCGCTAAACCGCTATC-1,reference_profile,context_rescue,d0_02mo::leiden_1.0_1,d0_18mo::leiden_1.0_4,d0_02mo::leiden_1.0_1,0.5112257105238351,0.8567315971598806,0.0790010703346864,0.8065319900706148,0.3455058866360454,0.7275309197359284,consistent;low_margin,consistent
GEO_GSE240015_VISIUM_THYMUS_DOMAIN,5,d0_02mo::ATCGGCAAGCAGTCCA-1,reference_profile,context_rescue,d0_02mo::leiden_1.0_1,d0_18mo::leiden_1.0_4,d0_02mo::leiden_1.0_1,0.4372011948015677,0.821662044324348,0.0730816476404736,0.7415066853043528,0.38446084952278026,0.6684250376638792,consistent;low_margin,consistent
GEO_GSE240015_VISIUM_THYMUS_DOMAIN,5,d0_02mo::GTACAGAGGCAAGGGT-1,reference_profile,context_rescue,d0_02mo::leiden_1.0_1,d0_18mo::leiden_1.0_3,d0_02mo::leiden_1.0_1,0.3907847792586869,0.8411993829339366,0.0605688828879391,0.7273026708419751,0.4504146036752497,0.666733787954036,consistent;low_margin,consistent
GEO_GSE240015_VISIUM_THYMUS_DOMAIN,5,d0_02mo::GGAAAGTGCCCATGCC-1,reference_profile,context_rescue,d0_02mo::leiden_1.0_1,d0_18mo::leiden_1.0_3,d0_02mo::leiden_1.0_1,0.4871021304680372,0.8314089458384506,0.1506261500189926,0.7125435803639959,0.3443068153704134,0.5619174303450033,consistent,consistent
GEO_GSE240015_VISIUM_THYMUS_DOMAIN,4,d0_18mo::TCCGCTGTCATCCCGG-1,reference_profile,context_rescue,d0_18mo::leiden_1.0_3,d0_02mo::leiden_1.0_1,d0_18mo::leiden_1.0_3,0.2806398129806555,0.7667640069337652,0.0154512745691813,0.6593713178605987,0.48612419395310974,0.6439200432914174,consistent;low_margin,consistent
GEO_GSE240015_VISIUM_THYMUS_DOMAIN,4,d0_18mo::TTACTCCGGCCGGGAA-1,reference_profile,context_rescue,d0_18mo::leiden_1.0_3,d0_02mo::leiden_1.0_1,d0_18mo::leiden_1.0_3,0.3010357091831763,0.7832864853402117,0.0669538871836399,0.6566573931485544,0.48225077615703543,0.5897035059649145,consistent;low_margin,consistent
GEO_GSE240015_VISIUM_THYMUS_DOMAIN,4,d0_18mo::TATTTAGTCTAGATCG-1,reference_profile,context_rescue,d0_18mo::leiden_1.0_3,d0_18mo::leiden_1.0_6,d0_18mo::leiden_1.0_3,0.3224180705903013,0.7573540877782239,0.0946285448382785,0.6425930644066552,0.4349360171879226,0.5479645195683767,consistent,consistent
GEO_GSE240015_VISIUM_THYMUS_DOMAIN,4,d0_18mo::TGAGAATGCTTTACCG-1,reference_profile,context_rescue,d0_18mo::leiden_1.0_3,d0_02mo::leiden_1.0_1,d0_18mo::leiden_1.0_3,0.4281758983458519,0.7768811143288628,0.1849790223189154,0.6364782645769922,0.34870521598301085,0.4514992422580768,consistent,consistent
GEO_GSE240015_VISIUM_THYMUS_DOMAIN,1,d0_02mo::AGGCGGTTTGTCCCGC-1,reference_profile,context_harm,d0_02mo::leiden_1.0_1,d0_02mo::leiden_1.0_1,d0_18mo::leiden_1.0_3,0.327451370890261,0.906806585663548,0.0433441183089555,0.8743743191203486,0.579355214773287,0.8310302008113931,consistent;low_margin,consistent
GEO_GSE240015_VISIUM_THYMUS_DOMAIN,1,d0_02mo::CTCAACTAACCCGGAT-1,reference_profile,context_harm,d0_02mo::leiden_1.0_1,d0_02mo::leiden_1.0_1,d0_18mo::leiden_1.0_3,0.3283497747354311,0.8994306456315068,0.0722620344036717,0.8595200745536415,0.5710808708960757,0.7872580401499698,consistent;low_margin,consistent
GEO_GSE240015_VISIUM_THYMUS_DOMAIN,1,d0_02mo::ATAATCTTGGAGAACC-1,reference_profile,context_harm,d0_02mo::leiden_1.0_1,d0_02mo::leiden_1.0_1,d0_18mo::leiden_1.0_3,0.3774664532355725,0.8883527640417382,0.0287909498469324,0.8416860491106241,0.5108863108061658,0.8128950992636916,consistent;low_margin,consistent
GEO_GSE240015_VISIUM_THYMUS_DOMAIN,1,d0_02mo::AAGCACCCTGCGTATC-1,reference_profile,context_harm,d0_02mo::leiden_1.0_1,d0_02mo::leiden_1.0_1,d0_18mo::leiden_1.0_3,0.326410615042544,0.8840911263746216,0.0476855010517072,0.8370357079193339,0.5576805113320776,0.7893502068676267,consistent;low_margin,consistent
GEO_GSE240015_VISIUM_THYMUS_DOMAIN,1,d0_02mo::GCTGAGCAACGGTTCT-1,reference_profile,context_harm,d0_02mo::leiden_1.0_1,d0_02mo::leiden_1.0_1,d0_18mo::leiden_1.0_3,0.4537403850449649,0.8858377099419159,0.1308578260898952,0.8269260526179852,0.432097324896951,0.69606822652809,consistent,consistent
GEO_GSE240015_VISIUM_THYMUS_DOMAIN,1,d0_02mo::TTGTGCAGCCACGTCA-1,reference_profile,context_harm,d0_02mo::leiden_1.0_1,d0_02mo::leiden_1.0_1,d0_18mo::leiden_1.0_3,0.323285190168565,0.8791692850567079,0.0269102790686494,0.8053570957168533,0.5558840948881429,0.7784468166482039,consistent;low_margin,consistent
GEO_GSE240015_VISIUM_THYMUS_DOMAIN,1,d0_02mo::GTAGTCTACGATATTG-1,reference_profile,context_harm,d0_02mo::leiden_1.0_1,d0_02mo::leiden_1.0_1,d0_18mo::leiden_1.0_3,0.3221151170204458,0.8599441807786101,0.0102485563416102,0.7942630859621079,0.5378290637581643,0.7840145296204978,consistent;low_margin,consistent
GEO_GSE240015_VISIUM_THYMUS_DOMAIN,1,d0_02mo::AGTATAATACTAGGCA-1,reference_profile,context_harm,d0_02mo::leiden_1.0_1,d0_02mo::leiden_1.0_1,d0_18mo::leiden_1.0_3,0.4626398357716957,0.8533508810222249,0.179309308105711,0.7859257561393983,0.3907110452505292,0.6066164480336873,consistent,consistent
GEO_GSE284005_MERSCOPE_MS,1,ms8r0_1158060700219100254,reference_profile,changed_but_still_wrong,Micro Homeo,Micro SPP1,Micro Foamy,0.2476386910905922,0.9800581218311768,0.0300759104416209,0.9740258125858736,0.7324194307405846,0.9439499021442527,consistent;low_margin,consistent
GEO_GSE284005_MERSCOPE_MS,1,ms6r1_4527009402506100003,reference_profile,changed_but_still_wrong,Micro Stress,Micro SPP1,Micro Foamy,0.3506744144176302,0.9801885641938406,0.1919181956990303,0.97324971585485,0.6295141497762105,0.7813315201558197,consistent,consistent
GEO_GSE284005_MERSCOPE_MS,5,ms4r1_4486557600025100296,reference_profile,changed_but_still_wrong,Micro Homeo,Micro Stress,Micro IL1B,0.2833575869274236,0.9747836833924792,0.0654963735223661,0.9565355322215894,0.6914260964650556,0.8910391586992232,consistent;low_margin,consistent
GEO_GSE284005_MERSCOPE_MS,1,ms8r0_1158060700248100054,reference_profile,changed_but_still_wrong,Micro Homeo,Micro SPP1,Micro Foamy,0.2371579214534478,0.9631995623921886,0.052781618652842,0.9503689524687012,0.7260416409387408,0.8975873338158592,consistent;low_margin,consistent
GEO_GSE284005_MERSCOPE_MS,1,ms6r1_4527009402124100017,reference_profile,changed_but_still_wrong,Micro Homeo,Micro SPP1,Micro Foamy,0.2552254973516432,0.9596004777618228,0.0249693475420646,0.9479995963320762,0.7043749804101795,0.9230302487900116,consistent;low_margin,consistent
GEO_GSE284005_MERSCOPE_MS,1,ms16r1_1915492200105100206,reference_profile,changed_but_still_wrong,Micro VEGFA,Micro SPP1,Micro Foamy,0.3744231080845099,0.9593622040827984,0.1818971502574103,0.9468033691732366,0.5849390959982885,0.7649062189158263,consistent,consistent
GEO_GSE284005_MERSCOPE_MS,1,ms6r1_4527009400856100036,reference_profile,changed_but_still_wrong,Micro Homeo,Micro SPP1,Micro Foamy,0.2916035195578744,0.9577640687196144,0.0362956311935938,0.9456026637105054,0.66616054916174,0.9093070325169116,consistent;low_margin,consistent
GEO_GSE284005_MERSCOPE_MS,5,ms12r1_1705282100042100053,reference_profile,changed_but_still_wrong,Micro VEGFA,Micro SPP1,Micro IL1B,0.3017527487740804,0.9665735351193128,0.0544517571667995,0.9446892388141838,0.6648207863452323,0.8902374816473843,consistent;low_margin,consistent
GEO_GSE284005_MERSCOPE_MS,2,ms11r1_1546636600074100221,reference_profile,context_rescue,DAOPC,OPC,DAOPC,0.8231557623204192,0.9924668816099174,0.649428258646297,0.9861233750619944,0.16931111928949816,0.3366951164156974,consistent,consistent
GEO_GSE284005_MERSCOPE_MS,2,ms11r1_1546636600161100173,reference_profile,context_rescue,DAOPC,OPC,DAOPC,0.8361682744055499,0.9885853617383038,0.6897515834278085,0.97874618183817,0.15241708733275394,0.28899459841036146,consistent,consistent
GEO_GSE284005_MERSCOPE_MS,2,ms11r1_1546636600107100835,reference_profile,context_rescue,DAOPC,OPC,DAOPC,0.9386774421571054,0.987158644953998,0.8780268774680549,0.9770368485928456,0.04848120279689261,0.09900997112479071,consistent,consistent
GEO_GSE284005_MERSCOPE_MS,2,ms11r1_1546636600147100551,reference_profile,context_rescue,DAOPC,OPC,DAOPC,0.8296777917404192,0.9869218775754764,0.6737786756357187,0.9761905126857574,0.15724408583505722,0.3024118370500387,consistent,consistent
GEO_GSE284005_MERSCOPE_MS,2,ms10r0_1454334000042100070,reference_profile,context_rescue,DAOPC,OPC,DAOPC,0.794166266215744,0.9853234036497336,0.5985488034402773,0.9746526205375224,0.19115713743398954,0.37610381709724516,consistent,consistent
GEO_GSE284005_MERSCOPE_MS,2,ms11r1_1546636600090100145,reference_profile,context_rescue,DAOPC,OPC,DAOPC,0.7272080807439623,0.9849385346616004,0.5013963462386424,0.9718791407577124,0.25773045391763816,0.47048279451907005,consistent,consistent
GEO_GSE284005_MERSCOPE_MS,2,ms11r1_1546636600186101002,reference_profile,context_rescue,DAOPC,OPC,DAOPC,0.8640158833749737,0.9800544849421626,0.7315155039915447,0.9616295036518814,0.11603860156718893,0.23011399966033663,consistent,consistent
GEO_GSE284005_MERSCOPE_MS,1,ms6r1_4527009402413100010,reference_profile,context_rescue,Micro Foamy,Micro Homeo,Micro Foamy,0.2456720967534927,0.9684598155473942,0.0070307761449384,0.960298770723332,0.7227877187939016,0.9532679945783936,consistent;low_margin,consistent
GEO_GSE284005_MERSCOPE_MS,4,ms1r1_4318552600080100403,reference_profile,context_harm,OPC,OPC,DAOPC,0.4889115657905352,0.992409378965604,0.0708777076885723,0.986747056484019,0.5034978131750688,0.9158693487954467,consistent;low_margin,consistent
GEO_GSE284005_MERSCOPE_MS,2,ms11r1_1546636600091100378,reference_profile,context_harm,OPC,OPC,DAOPC,0.8964879688065392,0.9904969179655077,0.7966490590999925,0.9832029835917117,0.0940089491589684,0.18655392449171915,consistent,consistent
GEO_GSE284005_MERSCOPE_MS,2,ms11r1_1546636600055101960,reference_profile,context_harm,OPC,OPC,DAOPC,0.936622400665214,0.9910004024935204,0.8736105830706988,0.9830707295555204,0.05437800182830643,0.10946014648482161,consistent,consistent
GEO_GSE284005_MERSCOPE_MS,2,ms10r0_1454334000058100134,reference_profile,context_harm,OPC,OPC,DAOPC,0.9209009337448352,0.9860170271125588,0.8435958228353351,0.9723329353534688,0.06511609336772362,0.1287371125181337,consistent,consistent
GEO_GSE284005_MERSCOPE_MS,4,ms1r1_4318552600104100105,reference_profile,context_harm,COP,COP,DAOPC,0.9350361022122702,0.9818208524401782,0.9018466503877556,0.9710173899481048,0.04678475022790807,0.06917073956034925,consistent,consistent
GEO_GSE284005_MERSCOPE_MS,2,ms11r1_1546636600036100487,reference_profile,context_harm,OPC,OPC,DAOPC,0.8366170143863503,0.9845852616182016,0.6942316599883949,0.970359725431524,0.1479682472318513,0.2761280654431292,consistent,consistent
GEO_GSE284005_MERSCOPE_MS,4,ms1r1_4318552600139100518,reference_profile,context_harm,COP,COP,DAOPC,0.9828328608366472,0.982277938837164,0.9724319033959212,0.9703104768371128,-0.0005549219994832599,-0.002121426558808426,consistent,consistent
GEO_GSE284005_MERSCOPE_MS,4,ms1r1_4318552600094100245,reference_profile,context_harm,COP,COP,DAOPC,0.89803065319739,0.9808993463326814,0.8428040329696129,0.96972329765749,0.08286869313529144,0.12691926468787706,consistent,consistent
GEO_GSE327581_COSMX_AD_BRAIN,2,GSM9661874_217Rand144_2L::46::223,reference_profile,context_harm,Excitatory.neurons.hippocampal.CA3,Excitatory.neurons.hippocampal.CA3,Excitatory.neurons.hippocampal.CA2,0.9999999999982412,0.9999962008804568,0.9999999999964968,0.9999944096758384,-3.7991177843643698e-06,-5.590320658388492e-06,consistent,consistent
GEO_GSE327581_COSMX_AD_BRAIN,2,GSM9661874_217Rand144_2L::243::60,reference_profile,context_harm,Excitatory.neurons.hippocampal.CA3,Excitatory.neurons.hippocampal.CA3,Excitatory.neurons.hippocampal.CA2,0.9999981735079132,0.999987030117818,0.9999965644760332,0.999982613862374,-1.1143390095225136e-05,-1.3950613659274858e-05,consistent,consistent
GEO_GSE327581_COSMX_AD_BRAIN,2,GSM9661874_217Rand144_2L::46::212,reference_profile,context_harm,Excitatory.neurons.hippocampal.CA3,Excitatory.neurons.hippocampal.CA3,Excitatory.neurons.hippocampal.CA2,0.9999999966851412,0.9999872246544712,0.9999999933764004,0.9999802024792734,-1.2772030669960799e-05,-1.9790897127003326e-05,consistent,consistent
GEO_GSE327581_COSMX_AD_BRAIN,2,GSM9661874_217Rand144_2L::46::308,reference_profile,context_harm,Excitatory.neurons.hippocampal.CA3,Excitatory.neurons.hippocampal.CA3,Excitatory.neurons.hippocampal.CA2,0.9999999935717035,0.9999871932946974,0.9999999871506744,0.9999796818920772,-1.2800277006119742e-05,-2.030525859719745e-05,consistent,consistent
GEO_GSE327581_COSMX_AD_BRAIN,2,GSM9661874_217Rand144_2L::59::22,reference_profile,context_harm,Excitatory.neurons.hippocampal.CA3,Excitatory.neurons.hippocampal.CA3,Excitatory.neurons.hippocampal.CA2,0.9895540363730077,0.9998639712656796,0.9795603728762324,0.999824839068751,0.010309934892671957,0.020264466192518538,consistent,consistent
GEO_GSE327581_COSMX_AD_BRAIN,2,GSM9661874_217Rand144_2L::32::334,reference_profile,context_harm,Excitatory.neurons.hippocampal.CA1,Excitatory.neurons.hippocampal.CA1,Excitatory.neurons.hippocampal.CA2,0.9951072673255028,0.998502636224348,0.9929596691903312,0.9978209232881446,0.0033953688988451747,0.004861254097813461,consistent,consistent
GEO_GSE327581_COSMX_AD_BRAIN,2,GSM9661874_217Rand144_2L::181::202,reference_profile,context_harm,Excitatory.neurons.hippocampal.CA3,Excitatory.neurons.hippocampal.CA3,Excitatory.neurons.hippocampal.CA2,0.9681462646713812,0.9977552096516374,0.939822283626956,0.9973085577009214,0.029608944980256235,0.05748627407396545,consistent,consistent
GEO_GSE327581_COSMX_AD_BRAIN,2,GSM9661874_217Rand144_2L::39::399,reference_profile,context_harm,Dopaminergic.neurons,Dopaminergic.neurons,Inhibitory.neurons.habenula.hypothalamus,0.9999574981424204,0.9980929070423687,0.9999269641810375,0.9964636667717924,-0.0018645911000516602,-0.003463297409245114,consistent,consistent
GEO_GSE327581_COSMX_AD_BRAIN,1,GSM9661875_367Rand215L::158::678,reference_profile,changed_but_still_wrong,Olfactory.ensheathing.cells,Tanycytes,Astrocytes.Bergmann.glia,0.6653799035859943,0.992717735390777,0.4265165999770942,0.9919242879989212,0.3273378318047827,0.5654076880218271,consistent,consistent
GEO_GSE327581_COSMX_AD_BRAIN,2,GSM9661874_217Rand144_2L::181::191,reference_profile,changed_but_still_wrong,Excitatory.neurons.amygdala,Excitatory.neurons.hippocampal.CA3,Excitatory.neurons.hippocampal.CA2,0.9759317343014786,0.990040311874636,0.9524198128658158,0.9884177006033044,0.014108577573157421,0.035997887737488576,consistent,consistent
GEO_GSE327581_COSMX_AD_BRAIN,1,GSM9661875_367Rand215L::281::116,reference_profile,changed_but_still_wrong,Olfactory.ensheathing.cells,Astrocytes.cortex.hippocampus,Astrocytes.Bergmann.glia,0.6366979230818448,0.96394910880101,0.343239341407504,0.9600815812601003,0.3272511857191652,0.6168422398525963,consistent,consistent
GEO_GSE327581_COSMX_AD_BRAIN,2,GSM9661874_217Rand144_2L::44::84,reference_profile,changed_but_still_wrong,Excitatory.neurons.hippocampal.CA1,Excitatory.neurons.hippocampal.CA3,Excitatory.neurons.hippocampal.CA2,0.5234318243692048,0.969065437247378,0.3023488846635366,0.9568886136226704,0.44563361287817327,0.6545397289591338,consistent,consistent
GEO_GSE327581_COSMX_AD_BRAIN,1,GSM9661875_367Rand215L::179::179,reference_profile,changed_but_still_wrong,Radial.glia,Astrocytes.cortex.hippocampus,Granule.neurons,0.9830365129371136,0.9521131120331862,0.9661994940683926,0.942734672469978,-0.030923400903927423,-0.023464821598414565,consistent,consistent
GEO_GSE327581_COSMX_AD_BRAIN,1,GSM9661875_367Rand215L::238::104,reference_profile,changed_but_still_wrong,Astrocytes.thalamus.hypothalamus,Astrocytes.cortex.hippocampus,Astrocytes.Bergmann.glia,0.8762103380833778,0.9409253965139786,0.8004722943126498,0.9352905536130712,0.06471505843060077,0.13481825930042146,consistent,consistent
GEO_GSE327581_COSMX_AD_BRAIN,1,GSM9661875_367Rand215L::222::192,reference_profile,changed_but_still_wrong,Mature.oligodendrocytes,Astrocytes.cortex.hippocampus,Astrocytes.Bergmann.glia,0.9471597897723272,0.9287262806403742,0.903338499149137,0.9227012103039032,-0.018433509131952963,0.019362711154766177,consistent,consistent
GEO_GSE327581_COSMX_AD_BRAIN,1,GSM9661875_367Rand215L::268::300,reference_profile,changed_but_still_wrong,Pericytes,Astrocytes.cortex.hippocampus,Astrocytes.Bergmann.glia,0.9049124038588852,0.9258526821615698,0.8123922706876057,0.9195124582966416,0.020940278302684634,0.10712018760903597,consistent,consistent
GEO_GSE327581_COSMX_AD_BRAIN,2,GSM9661874_217Rand144_2L::59::89,reference_profile,context_rescue,Excitatory.neurons.hippocampal.CA2,Excitatory.neurons.hippocampal.CA3,Excitatory.neurons.hippocampal.CA2,0.8918338321037564,0.999999844497711,0.7836945301005982,0.9999997830968343,0.10816601239395451,0.21630525299623615,consistent,consistent
GEO_GSE327581_COSMX_AD_BRAIN,2,GSM9661874_217Rand144_2L::243::161,reference_profile,context_rescue,Excitatory.neurons.hippocampal.CA2,Excitatory.neurons.hippocampal.CA3,Excitatory.neurons.hippocampal.CA2,0.9629751916768444,0.999999245269897,0.9260563110389664,0.999998910679808,0.03702405359305261,0.0739425996408416,consistent,consistent
GEO_GSE327581_COSMX_AD_BRAIN,2,GSM9661874_217Rand144_2L::59::150,reference_profile,context_rescue,Excitatory.neurons.hippocampal.CA2,Excitatory.neurons.hippocampal.CA3,Excitatory.neurons.hippocampal.CA2,0.9654739201535768,0.9999943199432664,0.931366894525129,0.9999924595092043,0.03452039978968957,0.06862556498407535,consistent,consistent
GEO_GSE327581_COSMX_AD_BRAIN,1,GSM9661875_367Rand215L::179::332,reference_profile,context_rescue,Granule.neurons,Excitatory.neurons.hippocampal.CA3,Granule.neurons,0.3216994119280128,0.989398230437442,0.0552797648546744,0.9868697984695696,0.6676988185094292,0.9315900336148951,consistent;low_margin,consistent
GEO_GSE327581_COSMX_AD_BRAIN,2,GSM9661874_217Rand144_2L::243::62,reference_profile,context_rescue,Excitatory.neurons.hippocampal.CA2,Excitatory.neurons.hippocampal.CA3,Excitatory.neurons.hippocampal.CA2,0.6906201629079315,0.9852310588932436,0.3992285166187868,0.9836012864180144,0.2946108959853121,0.5843727697992276,consistent,consistent
GEO_GSE327581_COSMX_AD_BRAIN,2,GSM9661874_217Rand144_2L::52::65,reference_profile,context_rescue,Inhibitory.neurons.habenula.hypothalamus,Serotonergic.neurons,Inhibitory.neurons.habenula.hypothalamus,0.8051949133901601,0.985493631114335,0.6133497347067747,0.9732694652273288,0.18029871772417483,0.35991973052055415,consistent,consistent
GEO_GSE327581_COSMX_AD_BRAIN,5,GSM9661872_118Band1182L::65::109,reference_profile,context_rescue,Astrocytes.Bergmann.glia,Purkinje.cells,Astrocytes.Bergmann.glia,0.8222749453486875,0.9304356037315462,0.7052572572158881,0.9250542073147758,0.10816065838285871,0.21979695009888778,consistent,consistent
GEO_GSE327581_COSMX_AD_BRAIN,2,GSM9661874_217Rand144_2L::99::41,reference_profile,context_rescue,D1.medium.spiny.neurons,D2.medium.spiny.neurons,D1.medium.spiny.neurons,0.7056641656318394,0.951523124696644,0.5959651391678805,0.9121669074438437,0.2458589590648046,0.31620176827596314,consistent,consistent
GEO_GSE333737_MERSCOPE_PANCREAS_VASCULAR,3,153926800514100725,reference_profile,context_harm,Endothelial Cells,Endothelial Cells,Pericytes,0.4946945880749284,0.697899655103958,0.0610219514171792,0.4305790200448662,0.20320506702902963,0.369557068627687,consistent;low_margin,consistent
GEO_GSE333737_MERSCOPE_PANCREAS_VASCULAR,2,441891300183100684,reference_profile,context_harm,Islet-associated Fibroblasts,Islet-associated Fibroblasts,Pericytes,0.3320860984242793,0.5237719846358194,0.0170803349493121,0.2796624465039047,0.19168588621154015,0.2625821115545926,consistent;low_margin,consistent
GEO_GSE333737_MERSCOPE_PANCREAS_VASCULAR,3,1542364300321100674,reference_profile,context_harm,Fibroblasts,Fibroblasts,Pericytes,0.3385143510784216,0.4657424001063839,0.0357354782047311,0.2216892811023298,0.1272280490279623,0.1859538028975987,consistent;low_margin,consistent
GEO_GSE333737_MERSCOPE_PANCREAS_VASCULAR,2,1952862500127101002,reference_profile,context_harm,Fibroblasts,Fibroblasts,Pericytes,0.3168654310392313,0.4383360720812778,0.036419795548031,0.2046005563326831,0.12147064104204647,0.1681807607846521,consistent;low_margin,consistent
GEO_GSE333737_MERSCOPE_PANCREAS_VASCULAR,1,3116423600266100250,reference_profile,context_harm,Pericytes,Pericytes,Endothelial Cells,0.361059091535288,0.4766737195452674,0.005685626936398,0.2002508450812623,0.1156146280099794,0.19456521814486433,consistent;low_margin,consistent
GEO_GSE333737_MERSCOPE_PANCREAS_VASCULAR,2,1952862500051100138,reference_profile,context_harm,Islet-associated Fibroblasts,Islet-associated Fibroblasts,Fibroblasts,0.5655917210385182,0.5564749546433707,0.1563167544016033,0.1841846919751008,-0.009116766395147469,0.02786793757349748,consistent,consistent
GEO_GSE333737_MERSCOPE_PANCREAS_VASCULAR,2,1952862500173101036,reference_profile,context_harm,Islet-associated Fibroblasts,Islet-associated Fibroblasts,Pericytes,0.5428622967452906,0.4598217757560978,0.3118874674678049,0.1300980633533847,-0.08304052098919285,-0.18178940411442018,consistent,consistent
GEO_GSE333737_MERSCOPE_PANCREAS_VASCULAR,2,1952862500100102004,reference_profile,context_harm,Islet-associated Fibroblasts,Islet-associated Fibroblasts,Pericytes,0.3563846955069321,0.4113235641110175,0.0442130375215031,0.0942790218703774,0.05493886860408542,0.0500659843488743,consistent;low_margin,consistent
GEO_GSE333737_MERSCOPE_PANCREAS_VASCULAR,2,1952862500322101421,reference_profile,changed_but_still_wrong,Pericytes,Fibroblasts,Endothelial Cells,0.3821549327481708,0.5020059699674849,0.0815306297890183,0.2580691144860784,0.11985103721931412,0.17653848469706007,consistent,consistent
GEO_GSE333737_MERSCOPE_PANCREAS_VASCULAR,2,441891300176102051,reference_profile,changed_but_still_wrong,Fibroblasts,Endothelial Cells,Islet-associated Fibroblasts,0.3228334334239044,0.4256749657199805,0.0254140254616576,0.1782185058954745,0.10284153229607607,0.1528044804338169,consistent;low_margin,consistent
GEO_GSE333737_MERSCOPE_PANCREAS_VASCULAR,2,441891300146102591,reference_profile,changed_but_still_wrong,Fibroblasts,Endothelial Cells,Islet-associated Fibroblasts,0.3250348170881529,0.3867660578661969,0.0528533613615491,0.1536550151214113,0.06173124077804398,0.1008016537598622,consistent;low_margin,consistent
GEO_GSE333737_MERSCOPE_PANCREAS_VASCULAR,3,1542364300237100450,reference_profile,changed_but_still_wrong,Fibroblasts,Islet-associated Fibroblasts,Pericytes,0.2780404203949328,0.3361218773630133,0.0120705455169303,0.1101723580590472,0.05808145696808048,0.09810181254211689,consistent;low_margin,consistent
GEO_GSE333737_MERSCOPE_PANCREAS_VASCULAR,3,153926800353100962,reference_profile,changed_but_still_wrong,Islet-associated Fibroblasts,Pericytes,Endothelial Cells,0.3068728138728197,0.3280315613893641,0.028218565300876,0.0812787709043462,0.021158747516544396,0.0530602056034702,consistent;low_margin,consistent
GEO_GSE333737_MERSCOPE_PANCREAS_VASCULAR,2,1952862500297101876,reference_profile,changed_but_still_wrong,Pericytes,Fibroblasts,Endothelial Cells,0.3626024286233012,0.3616563841430271,0.0246975521605777,0.0803683220892638,-0.000946044480274133,0.055670769928686095,consistent;low_margin,consistent
GEO_GSE333737_MERSCOPE_PANCREAS_VASCULAR,3,1542364300069100696,reference_profile,changed_but_still_wrong,Fibroblasts,Pericytes,Islet-associated Fibroblasts,0.3014485616346888,0.3313677020288895,0.0412877629384585,0.076745643056145,0.029919140394200683,0.0354578801176865,consistent;low_margin,consistent;low_margin
GEO_GSE333737_MERSCOPE_PANCREAS_VASCULAR,2,1952862500051100362,reference_profile,changed_but_still_wrong,Pericytes,Islet-associated Fibroblasts,Endothelial Cells,0.4822274833248233,0.4300872558336278,0.1558395597841552,0.073764133085955,-0.05214022749119551,-0.0820754266982002,consistent,consistent;low_margin
GEO_GSE333737_MERSCOPE_PANCREAS_VASCULAR,2,441891300165100755,reference_profile,context_rescue,Pericytes,Endothelial Cells,Pericytes,0.3703527756283353,0.5444145807584327,0.0327890910244282,0.3034840390971495,0.17406180513009745,0.2706949480727213,consistent;low_margin,consistent
GEO_GSE333737_MERSCOPE_PANCREAS_VASCULAR,3,153926800372100869,reference_profile,context_rescue,Pericytes,Islet-associated Fibroblasts,Pericytes,0.3941363725174963,0.4694527215668931,0.0746603664450539,0.2225951797920107,0.07531634904939682,0.1479348133469568,consistent;low_margin,consistent
GEO_GSE333737_MERSCOPE_PANCREAS_VASCULAR,1,3008132100156102310,reference_profile,context_rescue,Pericytes,Fibroblasts,Pericytes,0.4181204706844824,0.4500778206974599,0.1198286073497149,0.1682461788174386,0.0319573500129775,0.04841757146772371,consistent,consistent
GEO_GSE333737_MERSCOPE_PANCREAS_VASCULAR,2,1952862500281101452,reference_profile,context_rescue,Endothelial Cells,Fibroblasts,Endothelial Cells,0.3933898048244185,0.4148157731542062,0.1040177159740302,0.1676491506427208,0.021425968329787715,0.06363143466869059,consistent,consistent
GEO_GSE333737_MERSCOPE_PANCREAS_VASCULAR,2,1952862500277101943,reference_profile,context_rescue,Pericytes,Endothelial Cells,Pericytes,0.2792923633665409,0.4000309076024246,0.0054833181693718,0.1526993248761337,0.1207385442358837,0.14721600670676188,consistent;low_margin,consistent
GEO_GSE333737_MERSCOPE_PANCREAS_VASCULAR,1,3116423600348102266,reference_profile,context_rescue,Pericytes,Fibroblasts,Pericytes,0.3679568355775903,0.412581482418637,0.0143637920682193,0.1245328459948005,0.04462464684104672,0.11016905392658119,consistent;low_margin,consistent
GEO_GSE333737_MERSCOPE_PANCREAS_VASCULAR,2,1952862500405100949,reference_profile,context_rescue,Endothelial Cells,Pericytes,Endothelial Cells,0.4605270075753314,0.4706978071378297,0.0740363032935036,0.1077695203077446,0.010170799562498334,0.03373321701424101,consistent;low_margin,consistent
GEO_GSE333737_MERSCOPE_PANCREAS_VASCULAR,1,3116423600108101492,reference_profile,context_rescue,Pericytes,Fibroblasts,Pericytes,0.2842250825685172,0.3655262821196019,0.0024345252949729,0.1075903980076072,0.08130119955108472,0.1051558727126343,consistent;low_margin,consistent
GSE202623_LESION,5,b4s8_2.45293460604847e+38,reference_profile,context_harm,Endothelial,Endothelial,Pericytes,0.5872931478827885,0.9879993092073543,0.2221673905639456,0.9802489797158278,0.4007061613245658,0.7580815891518822,consistent,consistent
GSE202623_LESION,2,b4s8_1.22002273124479e+38,reference_profile,context_harm,Endothelial,Endothelial,Pericytes,0.7617738451198449,0.9487718942993544,0.6297012347887541,0.9112936904716774,0.18699804917950946,0.28159245568292335,consistent,consistent
GSE202623_LESION,3,b4s8_1.38076022307661e+38,reference_profile,context_harm,VLMC,VLMC,Pericytes,0.8134560091309443,0.8969985306191556,0.700926519199178,0.8525095935399534,0.08354252148821129,0.15158307434077534,consistent,consistent
GSE202623_LESION,2,b4s8_2.97736455986773e+38,reference_profile,context_harm,Endothelial,Endothelial,Pericytes,0.7790808576054052,0.885234787513984,0.6282256786448152,0.8227233942289849,0.10615392990857875,0.19449771558416973,consistent,consistent
GSE202623_LESION,5,b4s8_6.53869039139163e+37,reference_profile,context_harm,Endothelial,Endothelial,Pericytes,0.4664608936369557,0.8906639164521131,0.2115995853511328,0.8070199693525945,0.42420302281515737,0.5954203840014617,consistent,consistent
GSE202623_LESION,4,b4s8_1.82862972939911e+37,reference_profile,context_harm,Microglia,Microglia,Astrocytes,0.8096305616022411,0.8413183565566692,0.7140792268674788,0.7969838356864535,0.031687794954428083,0.08290460881897466,consistent,consistent
GSE202623_LESION,5,b4s8_2.89562340947865e+38,reference_profile,context_harm,Endothelial,Endothelial,Pericytes,0.9174854044786724,0.8951006597555422,0.849265884438528,0.7956110901072989,-0.022384744723130234,-0.053654794331229105,consistent,consistent
GSE202623_LESION,5,b4s8_1.61959115567321e+38,reference_profile,context_harm,Endothelial,Endothelial,Pericytes,0.5802317129772138,0.8855382022760185,0.3254487837156564,0.7941081670545915,0.3053064892988048,0.46865938333893514,consistent,consistent
GSE202623_LESION,3,b4s8_1.48013756176275e+38,reference_profile,changed_but_still_wrong,VLMC,Endothelial,Pericytes,0.3383936838927845,0.9730498782025834,0.0019639704867163,0.9584027880940174,0.6346561943097988,0.9564388176073011,consistent;low_margin,consistent
GSE202623_LESION,5,b4s8_1.32666980483984e+38,reference_profile,changed_but_still_wrong,Microglia,Endothelial,Pericytes,0.9352724130000812,0.9046092108382144,0.8887359842482108,0.8227262481882581,-0.030663202161866798,-0.06600973605995264,consistent,consistent
GSE202623_LESION,2,b4s8_2.92116036486583e+38,reference_profile,changed_but_still_wrong,Microglia,Endothelial,Pericytes,0.5980905673681194,0.8500749748433101,0.4362061167014508,0.777078929518396,0.2519844074751907,0.34087281281694515,consistent,consistent
GSE202623_LESION,5,b4s8_1.5017698984471e+38,reference_profile,changed_but_still_wrong,VLMC,Endothelial,Pericytes,0.914575007983254,0.8605243240767522,0.8479827447296051,0.7547926776268099,-0.054050683906501806,-0.0931900671027952,consistent,consistent
GSE202623_LESION,5,b4s8_5.92848049867572e+36,reference_profile,changed_but_still_wrong,Microglia,T-cells,Pericytes,0.5150531896247016,0.8208690145552432,0.1557791011893669,0.7406536394151557,0.3058158249305416,0.5848745382257888,consistent,consistent
GSE202623_LESION,3,b4s8_2.54472720095129e+38,reference_profile,changed_but_still_wrong,VLMC,Endothelial,Pericytes,0.7299605273766626,0.8193490933478161,0.4942145415050802,0.7182260848182027,0.08938856597115352,0.2240115433131225,consistent,consistent
GSE202623_LESION,5,b4s8_9.82060583975385e+37,reference_profile,changed_but_still_wrong,VLMC,Endothelial,Pericytes,0.7284298359323758,0.8143747558575035,0.5889903532433004,0.6668734376563782,0.08594491992512776,0.07788308441307779,consistent,consistent
GSE202623_LESION,2,b4s8_2.67822777407318e+38,reference_profile,changed_but_still_wrong,Microglia,VLMC,Astrocytes,0.2458641528819267,0.711768235559083,0.0443394528292592,0.6435437809198858,0.4659040826771563,0.5992043280906266,consistent;low_margin,consistent
GSE202623_LESION,2,b4s8_3.14675320445181e+38,reference_profile,context_rescue,Pericytes,Endothelial,Pericytes,0.5301089889939856,0.998052758280834,0.0936800170755102,0.997023758253644,0.46794376928684833,0.9033437411781338,consistent,consistent
GSE202623_LESION,1,b4s8_7.65784018482415e+37,reference_profile,context_rescue,Pericytes,Endothelial,Pericytes,0.7340117040595138,0.982054387637019,0.5250922754658084,0.9703361739244644,0.24804268357750525,0.445243898458656,consistent,consistent
GSE202623_LESION,1,b4s8_2.29779315593715e+38,reference_profile,context_rescue,Pericytes,Endothelial,Pericytes,0.8854911528345923,0.9812468391493864,0.791427288137407,0.9660360962534086,0.09575568631479403,0.17460880811600155,consistent,consistent
GSE202623_LESION,2,b4s8_1.505166694334e+38,reference_profile,context_rescue,Pericytes,Endothelial,Pericytes,0.9355023739138578,0.9818326254666662,0.8853438761124984,0.965904488831176,0.046330251552808344,0.08056061271867754,consistent,consistent
GSE202623_LESION,3,b4s8_3.22250041579889e+38,reference_profile,context_rescue,Pericytes,Endothelial,Pericytes,0.657345867805152,0.9565327584997048,0.444825525416224,0.9221559890106596,0.29918689069455273,0.47733046359443565,consistent,consistent
GSE202623_LESION,2,b4s8_9.8663806544093e+37,reference_profile,context_rescue,OPCs,Microglia,OPCs,0.5642898908273853,0.9240716437163496,0.234359890894845,0.8848846711167772,0.3597817528889643,0.6505247802219322,consistent,consistent
GSE202623_LESION,5,b4s8_3.19791877139124e+37,reference_profile,context_rescue,Astrocytes,Microglia,Astrocytes,0.5822787979471629,0.9101656993276016,0.3555548269901232,0.8827243276553179,0.32788690138043874,0.5271695006651947,consistent,consistent
GSE202623_LESION,4,b4s8_1.21559168165543e+38,reference_profile,context_rescue,Astrocytes,Microglia,Astrocytes,0.6147845927681646,0.8842369328071127,0.4075557421796478,0.8504885524557434,0.26945234003894813,0.4429328102760956,consistent,consistent
SQUIDPY_IMC,3,379,reference_profile,changed_but_still_wrong,macrophages,small elongated stromal cell,vimentin hi stromal cell,0.6103587080744665,0.4534110746950865,0.3732902991387626,0.281930889117892,-0.15694763337937995,-0.09135941002087061,consistent,consistent
SQUIDPY_IMC,3,79,reference_profile,changed_but_still_wrong,T cells,small elongated stromal cell,vimentin hi stromal cell,0.5958168356706205,0.4699816266544837,0.4082145237750558,0.2631236451411566,-0.12583520901613682,-0.1450908786338992,consistent,consistent
SQUIDPY_IMC,3,352,reference_profile,changed_but_still_wrong,macrophages,small elongated stromal cell,vimentin hi stromal cell,0.3670921976946741,0.4932759067818157,0.038252855459138,0.2618850126484141,0.1261837090871416,0.22363215718927607,consistent;low_margin,consistent
SQUIDPY_IMC,1,693,reference_profile,changed_but_still_wrong,T cells,small elongated stromal cell,vimentin hi stromal cell,0.3756285783551443,0.4207142616642591,0.0419213565942185,0.252455718664754,0.04508568330911483,0.21053436207053552,consistent;low_margin,consistent
SQUIDPY_IMC,1,722,reference_profile,changed_but_still_wrong,T cells,small elongated stromal cell,vimentin hi stromal cell,0.3494405746085143,0.4418694816861023,0.0420326430011748,0.232555014488831,0.092428907077588,0.19052237148765622,consistent;low_margin,consistent
SQUIDPY_IMC,3,61,reference_profile,changed_but_still_wrong,macrophages,small elongated stromal cell,vimentin hi stromal cell,0.3756477849204555,0.3640679725335649,0.1328498259055906,0.1842838093654382,-0.011579812386890598,0.05143398345984759,consistent,consistent
SQUIDPY_IMC,1,4253,reference_profile,changed_but_still_wrong,T cells,small elongated stromal cell,vimentin hi stromal cell,0.321347024575158,0.3901851033302084,0.0256307651863291,0.1782039243756507,0.06883807875505038,0.1525731591893216,consistent;low_margin,consistent
SQUIDPY_IMC,3,2066,reference_profile,changed_but_still_wrong,T cells,endothelial,vimentin hi stromal cell,0.4324268105779908,0.4875765606843308,0.0178833755791327,0.1754839423728638,0.05514975010633999,0.1576005667937311,consistent;low_margin,consistent
SQUIDPY_IMC,3,266,reference_profile,context_harm,small elongated stromal cell,small elongated stromal cell,vimentin hi stromal cell,0.3824062861714044,0.5109999539416609,0.052658503107616,0.2713440759134309,0.1285936677702565,0.2186855728058149,consistent;low_margin,consistent
SQUIDPY_IMC,1,4149,reference_profile,context_harm,small elongated stromal cell,small elongated stromal cell,vimentin hi stromal cell,0.4131359961291831,0.3817475213691342,0.1261740690303165,0.1801742765912301,-0.03138847476004891,0.05400020756091359,consistent,consistent
SQUIDPY_IMC,3,273,reference_profile,context_harm,small elongated stromal cell,small elongated stromal cell,vimentin hi stromal cell,0.4217356943617044,0.3242463888924021,0.224508020533886,0.1393740823381263,-0.09748930546930229,-0.0851339381957597,consistent,consistent
SQUIDPY_IMC,5,3300,reference_profile,context_harm,T cells,T cells,macrophages,0.3481757082892482,0.301044886999024,0.0280374253617377,0.134326438749931,-0.04713082129022422,0.1062890133881933,consistent;low_margin,consistent
SQUIDPY_IMC,1,684,reference_profile,context_harm,T cells,T cells,macrophages,0.3148943725648351,0.3300880974938694,0.007436275504897,0.1203443418108104,0.015193724929034313,0.1129080663059134,consistent;low_margin,consistent
SQUIDPY_IMC,3,2138,reference_profile,context_harm,endothelial,endothelial,vimentin hi stromal cell,0.4355182728839423,0.4657643257337053,0.1310910319396189,0.0994167260620538,0.030246052849763005,-0.031674305877565104,consistent,consistent
SQUIDPY_IMC,1,4106,reference_profile,context_harm,small elongated stromal cell,small elongated stromal cell,vimentin hi stromal cell,0.4788122183522089,0.2956966627446555,0.2812730247612248,0.0906829102847253,-0.18311555560755338,-0.19059011447649948,consistent,consistent
SQUIDPY_IMC,5,1093,reference_profile,context_harm,T cells,T cells,macrophages,0.1922374851679382,0.2629505688242778,0.0085810869432065,0.0883554702589717,0.0707130836563396,0.0797743833157652,consistent;low_margin,consistent
SQUIDPY_IMC,1,1135,reference_profile,context_rescue,vimentin hi stromal cell,small elongated stromal cell,vimentin hi stromal cell,0.452618596367169,0.460280448777327,0.1019649651034144,0.2391120152078289,0.007661852410157988,0.1371470501044145,consistent,consistent
SQUIDPY_IMC,1,1142,reference_profile,context_rescue,vimentin hi stromal cell,small elongated stromal cell,vimentin hi stromal cell,0.374122876269007,0.3887118476925151,0.0656993955977952,0.212088485190424,0.014588971423508124,0.1463890895926288,consistent;low_margin,consistent
SQUIDPY_IMC,3,3873,reference_profile,context_rescue,vimentin hi stromal cell,small elongated stromal cell,vimentin hi stromal cell,0.3253577540276515,0.4069501095796766,0.0166765142121023,0.2040690328903385,0.0815923555520251,0.1873925186782362,consistent;low_margin,consistent
SQUIDPY_IMC,3,322,reference_profile,context_rescue,vimentin hi stromal cell,endothelial,vimentin hi stromal cell,0.4064212216742503,0.4921970042657673,0.0411927138030556,0.1623843404096077,0.08577578259151697,0.1211916266065521,consistent;low_margin,consistent
SQUIDPY_IMC,5,941,reference_profile,context_rescue,macrophages,small elongated stromal cell,macrophages,0.2930128467339727,0.3226472130181074,0.0234655304434843,0.1546582578501661,0.029634366284134683,0.1311927274066818,consistent;low_margin,consistent
SQUIDPY_IMC,5,3068,reference_profile,context_rescue,macrophages,small elongated stromal cell,macrophages,0.2825267353880737,0.3070882133278083,0.0318971088902472,0.1414823083067974,0.024561477939734566,0.10958519941655019,consistent;low_margin,consistent
SQUIDPY_IMC,1,1168,reference_profile,context_rescue,vimentin hi stromal cell,small elongated stromal cell,vimentin hi stromal cell,0.3483475964985808,0.3905540182981734,0.0762210636253531,0.138380278728276,0.04220642179959255,0.062159215102922896,consistent;low_margin,consistent
SQUIDPY_IMC,5,3089,reference_profile,context_rescue,macrophages,small elongated stromal cell,macrophages,0.4559111605543445,0.2926037751253265,0.2523466022544927,0.1311322929935809,-0.16330738542901801,-0.12121430926091178,consistent,consistent
SQUIDPY_MERFISH,5,15400-9,reference_profile,context_harm,OD Mature 2,OD Mature 2,OD Mature 4,0.3358329979772366,0.9085489267880732,0.0898912862715738,0.8425346636386748,0.5727159288108365,0.752643377367101,consistent,consistent
SQUIDPY_MERFISH,5,15532-9,reference_profile,context_harm,OD Mature 2,OD Mature 2,OD Mature 4,0.3507651185234997,0.905768309328236,0.111362652950643,0.8323407046557567,0.5550031908047364,0.7209780517051138,consistent,consistent
SQUIDPY_MERFISH,5,14136-9,reference_profile,context_harm,OD Mature 2,OD Mature 2,OD Mature 4,0.2679894612638397,0.8842983379830014,0.0199982454231269,0.8248267517261114,0.6163088767191617,0.8048285063029845,consistent;low_margin,consistent
SQUIDPY_MERFISH,3,55645-2,reference_profile,context_harm,OD Mature 2,OD Mature 2,OD Mature 4,0.2910592124350036,0.8666142857008602,0.0183352663544966,0.766672828271266,0.5755550732658565,0.7483375619167695,consistent;low_margin,consistent
SQUIDPY_MERFISH,5,14262-9,reference_profile,context_harm,OD Mature 1,OD Mature 1,OD Mature 4,0.3285206398789321,0.8242348775671601,0.0397557634618535,0.7540548356813905,0.495714237688228,0.714299072219537,consistent;low_margin,consistent
SQUIDPY_MERFISH,4,52368-3,reference_profile,context_harm,OD Mature 2,OD Mature 2,OD Mature 4,0.3672863234452332,0.8257351093030545,0.0845462232490876,0.7218308199348432,0.4584487858578213,0.6372845966857557,consistent,consistent
SQUIDPY_MERFISH,4,26301-7,reference_profile,context_harm,OD Mature 2,OD Mature 2,OD Mature 4,0.3838287854155687,0.8158733132528683,0.1298732966492279,0.7059182850864224,0.4320445278372996,0.5760449884371945,consistent,consistent
SQUIDPY_MERFISH,5,15428-9,reference_profile,context_harm,OD Mature 2,OD Mature 2,OD Mature 4,0.3211732735931513,0.8036811701136709,0.0096830992993912,0.6910654287770651,0.4825078965205196,0.681382329477674,consistent;low_margin,consistent
SQUIDPY_MERFISH,5,15646-9,reference_profile,changed_but_still_wrong,OD Mature 2,OD Mature 1,OD Mature 4,0.3032273210504249,0.9014279745550356,0.0142883923065833,0.8511656613855234,0.5982006535046107,0.8368772690789401,consistent;low_margin,consistent
SQUIDPY_MERFISH,3,60253-2,reference_profile,changed_but_still_wrong,OD Mature 2,OD Mature 1,OD Mature 4,0.343312121023722,0.8903067766727535,0.0749458374226627,0.8215864590478846,0.5469946556490315,0.7466406216252219,consistent;low_margin,consistent
SQUIDPY_MERFISH,2,38377-5,reference_profile,changed_but_still_wrong,OD Mature 1,OD Mature 2,OD Mature 4,0.2735622934917878,0.8470303677463253,0.016400735392286,0.7428569081849177,0.5734680742545375,0.7264561727926316,consistent;low_margin,consistent
SQUIDPY_MERFISH,5,15647-9,reference_profile,changed_but_still_wrong,OD Mature 1,OD Mature 2,OD Mature 4,0.2569584292662128,0.8155348559491209,0.0112472146945891,0.7317121772907366,0.5585764266829081,0.7204649625961475,consistent;low_margin,consistent
SQUIDPY_MERFISH,2,38409-5,reference_profile,changed_but_still_wrong,OD Mature 1,OD Mature 2,OD Mature 4,0.2433051233198511,0.7962304890048971,0.0157528643111709,0.7264999595838341,0.552925365685046,0.7107470952726631,consistent;low_margin,consistent
SQUIDPY_MERFISH,3,56154-2,reference_profile,changed_but_still_wrong,Microglia,OD Mature 2,OD Mature 4,0.304385518244677,0.8362841055660067,0.0451248299961635,0.7246734012635526,0.5318985873213298,0.6795485712673891,consistent;low_margin,consistent
SQUIDPY_MERFISH,2,38365-5,reference_profile,changed_but_still_wrong,OD Mature 1,OD Mature 2,OD Mature 4,0.2875769813717644,0.8195132885938797,0.0044290897743223,0.7077070883883197,0.5319363072221153,0.7032779986139974,consistent;low_margin,consistent
SQUIDPY_MERFISH,2,20392-8,reference_profile,changed_but_still_wrong,OD Mature 1,OD Mature 2,OD Mature 4,0.2855214912800063,0.7725778970222246,0.0243906432728271,0.66231860525615,0.48705640574221826,0.6379279619833229,consistent;low_margin,consistent
SQUIDPY_MERFISH,5,12912-9,reference_profile,context_rescue,OD Mature 4,OD Mature 2,OD Mature 4,0.3622228418308237,0.9415101488638022,0.1021063679590569,0.9022402258648454,0.5792873070329785,0.8001338579057885,consistent,consistent
SQUIDPY_MERFISH,2,20252-8,reference_profile,context_rescue,OD Mature 4,OD Mature 2,OD Mature 4,0.3407385754608369,0.940568960269412,0.0079968949513735,0.8846586561765557,0.5998303848085751,0.8766617612251822,consistent;low_margin,consistent
SQUIDPY_MERFISH,5,15525-9,reference_profile,context_rescue,OD Mature 4,OD Mature 2,OD Mature 4,0.300655085785904,0.9217410383626808,0.0014770997291414,0.8637875066586849,0.6210859525767769,0.8623104069295434,consistent;low_margin,consistent
SQUIDPY_MERFISH,5,16718-9,reference_profile,context_rescue,OD Mature 4,OD Mature 2,OD Mature 4,0.3597821736808463,0.9154004344757244,0.0924942219144684,0.8622521076201565,0.5556182607948781,0.769757885705688,consistent,consistent
SQUIDPY_MERFISH,4,52578-3,reference_profile,context_rescue,OD Mature 4,OD Mature 2,OD Mature 4,0.3983034109522484,0.9185215465310032,0.0660653424035134,0.8599535176871603,0.5202181355787547,0.793888175283647,consistent;low_margin,consistent
SQUIDPY_MERFISH,4,26279-7,reference_profile,context_rescue,OD Mature 4,OD Mature 2,OD Mature 4,0.3501443827569149,0.900948402875146,0.0417520813822904,0.8456497231706169,0.5508040201182312,0.8038976417883266,consistent;low_margin,consistent
SQUIDPY_MERFISH,3,60325-2,reference_profile,context_rescue,OD Mature 4,OD Mature 1,OD Mature 4,0.3713392287620075,0.8943316306944002,0.0324841319940298,0.8396244825862461,0.5229924019323928,0.8071403505922163,consistent;low_margin,consistent
SQUIDPY_MERFISH,5,72028-0,reference_profile,context_rescue,OD Mature 4,OD Mature 2,OD Mature 4,0.2826157102999762,0.9051012448565648,0.0145657107028325,0.8302049991939716,0.6224855345565887,0.8156392884911391,consistent;low_margin,consistent
SQUIDPY_MIBITOF,3,9871-1,reference_profile,context_harm,Imm_other,Imm_other,Tcell_CD8,0.461773569073848,0.4957330141456222,0.2637560497270901,0.3416256738792032,0.03395944507177423,0.07786962415211307,consistent,consistent
SQUIDPY_MIBITOF,3,10215-1,reference_profile,context_harm,Fibroblast,Fibroblast,Endothelial,0.366915919911229,0.4493062437740563,0.0564628770364835,0.2511379989318035,0.0823903238628273,0.19467512189532,consistent;low_margin,consistent
SQUIDPY_MIBITOF,3,9875-1,reference_profile,context_harm,Imm_other,Imm_other,Tcell_CD8,0.3177326273319204,0.3750680365716677,0.0139820280295871,0.2048711530738388,0.05733540923974728,0.1908891250442517,consistent;low_margin,consistent
SQUIDPY_MIBITOF,3,10048-1,reference_profile,context_harm,Tcell_CD4,Tcell_CD4,Tcell_CD8,0.390440884027339,0.3765673398211265,0.0277801327270814,0.2011066296361553,-0.013873544206212507,0.1733264969090739,consistent;low_margin,consistent
SQUIDPY_MIBITOF,3,9948-1,reference_profile,context_harm,Fibroblast,Fibroblast,Endothelial,0.4430524176810272,0.3617023660582021,0.2324355814843384,0.1934309303481551,-0.0813500516228251,-0.039004651136183316,consistent,consistent
SQUIDPY_MIBITOF,2,3753-0,reference_profile,context_harm,Myeloid_CD11c,Myeloid_CD11c,Endothelial,0.2522160527472962,0.3591316315088644,0.0373528424209602,0.1573824804738426,0.10691557876156821,0.12002963805288239,consistent;low_margin,consistent
SQUIDPY_MIBITOF,1,46930-2,reference_profile,context_harm,Tcell_CD4,Tcell_CD4,Tcell_CD8,0.2726892116055801,0.3422577750748694,0.0040591541360895,0.144734048691024,0.0695685634692893,0.14067489455493448,consistent;low_margin,consistent
SQUIDPY_MIBITOF,1,46509-2,reference_profile,context_harm,Tcell_CD4,Tcell_CD4,Tcell_CD8,0.2915721912792234,0.3401324466713138,0.0171404228665754,0.1432920130806045,0.04856025539209041,0.12615159021402908,consistent;low_margin,consistent
SQUIDPY_MIBITOF,2,3217-0,reference_profile,changed_but_still_wrong,Myeloid_CD11c,Fibroblast,Endothelial,0.4643250749700722,0.6470876565317013,0.1164030983552095,0.5354950164623703,0.1827625815616291,0.4190919181071608,consistent,consistent
SQUIDPY_MIBITOF,2,3805-0,reference_profile,changed_but_still_wrong,Imm_other,Fibroblast,Endothelial,0.4149707774232827,0.6137347647427074,0.0532678760396876,0.5061335174209711,0.19876398731942468,0.45286564138128355,consistent;low_margin,consistent
SQUIDPY_MIBITOF,2,3456-0,reference_profile,changed_but_still_wrong,Tcell_CD4,Fibroblast,Endothelial,0.296611232754613,0.5125181256260037,0.0302064725843722,0.3844537286617959,0.21590689287139075,0.3542472560774237,consistent;low_margin,consistent
SQUIDPY_MIBITOF,2,3867-0,reference_profile,changed_but_still_wrong,Tcell_CD4,Imm_other,Endothelial,0.2419903217575326,0.5233117731397868,0.0179239944551447,0.3735331948987372,0.28132145138225423,0.3556092004435925,consistent;low_margin,consistent
SQUIDPY_MIBITOF,2,3719-0,reference_profile,changed_but_still_wrong,Myeloid_CD11c,Fibroblast,Endothelial,0.280118115511604,0.5017176932261956,0.0279593941615433,0.356178716529448,0.22159957771459166,0.3282193223679047,consistent;low_margin,consistent
SQUIDPY_MIBITOF,2,3072-0,reference_profile,changed_but_still_wrong,Myeloid_CD11c,Fibroblast,Endothelial,0.5061301710902532,0.5037746699722924,0.2151577186941868,0.3363338211077867,-0.00235550111796079,0.12117610241359991,consistent,consistent
SQUIDPY_MIBITOF,2,3894-0,reference_profile,changed_but_still_wrong,Tcell_CD8,Imm_other,Endothelial,0.2140105579896629,0.4460109760991716,0.0002349382379775,0.3011948339350622,0.23200041810950872,0.3009598956970847,consistent;low_margin,consistent
SQUIDPY_MIBITOF,3,10179-1,reference_profile,changed_but_still_wrong,Myeloid_CD68,Tcell_CD4,Endothelial,0.3119890638553127,0.4175034619334902,0.029911919539478,0.2726941326590404,0.10551439807817747,0.2427822131195624,consistent;low_margin,consistent
SQUIDPY_MIBITOF,2,3540-0,reference_profile,context_rescue,Endothelial,Epithelial,Endothelial,0.5090643107796254,0.6070702550219976,0.155557747656753,0.3850900917912166,0.09800594424237219,0.2295323441344636,consistent,consistent
SQUIDPY_MIBITOF,3,9690-1,reference_profile,context_rescue,Epithelial,Imm_other,Epithelial,0.3810711722053051,0.4634456289065335,0.0376612819469446,0.3298505556792079,0.0823744567012284,0.29218927373226333,consistent;low_margin,consistent
SQUIDPY_MIBITOF,3,9589-1,reference_profile,context_rescue,Endothelial,Imm_other,Endothelial,0.4270972436686902,0.4157918048817394,0.1343834223212779,0.2854010135162915,-0.011305438786950783,0.1510175911950136,consistent,consistent
SQUIDPY_MIBITOF,3,9525-1,reference_profile,context_rescue,Epithelial,Imm_other,Epithelial,0.4702979152511561,0.4405996495252333,0.1203670734420893,0.280882495339935,-0.029698265725922823,0.16051542189784568,consistent,consistent
SQUIDPY_MIBITOF,1,46924-2,reference_profile,context_rescue,Tcell_CD8,Endothelial,Tcell_CD8,0.3358451158694259,0.4079746917796708,0.1128427824423917,0.2747400620595619,0.07212957591024488,0.1618972796171702,consistent,consistent
SQUIDPY_MIBITOF,1,46836-2,reference_profile,context_rescue,Tcell_CD8,Endothelial,Tcell_CD8,0.3082318018475229,0.4119272631657976,0.0494289046626066,0.249845182750145,0.10369546131827467,0.2004162780875384,consistent;low_margin,consistent
SQUIDPY_MIBITOF,3,9851-1,reference_profile,context_rescue,Tcell_CD8,Imm_other,Tcell_CD8,0.5568020757128003,0.3584668160028506,0.3705660006635397,0.2484668742320628,-0.1983352597099497,-0.12209912643147688,consistent,consistent
SQUIDPY_MIBITOF,3,9796-1,reference_profile,context_rescue,Tcell_CD8,Imm_other,Tcell_CD8,0.373029465767533,0.4081551787421291,0.0529317412011677,0.2479731787536618,0.0351257129745961,0.1950414375524941,consistent;low_margin,consistent
SQUIDPY_SEQFISH,2,embryo1_Pos11_cell94_z2,reference_profile,context_rescue,Endothelium,Haematoendothelial progenitors,Endothelium,0.6897388104690113,0.9864050469415768,0.3870594394546313,0.9780520574917856,0.2966662364725655,0.5909926180371543,consistent,consistent
SQUIDPY_SEQFISH,2,embryo1_Pos12_cell197_z2,reference_profile,context_rescue,Endothelium,Haematoendothelial progenitors,Endothelium,0.7069480646390154,0.986944555663064,0.4160160072812936,0.9779498317127971,0.27999649102404867,0.5619338244315035,consistent,consistent
SQUIDPY_SEQFISH,2,embryo1_Pos0_cell393_z2,reference_profile,context_rescue,Endothelium,Haematoendothelial progenitors,Endothelium,0.9574023029412424,0.9826335699584792,0.9151225669440352,0.9681175397602604,0.02523126701723677,0.05299497281622523,consistent,consistent
SQUIDPY_SEQFISH,2,embryo1_Pos6_cell291_z2,reference_profile,context_rescue,Endothelium,Haematoendothelial progenitors,Endothelium,0.7379869817956085,0.981121343859234,0.4769967541570356,0.9665186936358284,0.2431343620636255,0.48952193947879286,consistent,consistent
SQUIDPY_SEQFISH,1,embryo1_Pos1_cell273_z5,reference_profile,context_rescue,Endothelium,Haematoendothelial progenitors,Endothelium,0.7611751947282989,0.9822249860651384,0.5256952215348846,0.9660565618078274,0.22104979133683955,0.4403613402729428,consistent,consistent
SQUIDPY_SEQFISH,2,embryo1_Pos11_cell317_z2,reference_profile,context_rescue,Endothelium,Haematoendothelial progenitors,Endothelium,0.6299003419526701,0.9771506458193422,0.2639689332699691,0.9659908412457984,0.3472503038666721,0.7020219079758292,consistent,consistent
SQUIDPY_SEQFISH,3,embryo1_Pos21_cell225_z2,reference_profile,context_rescue,Endothelium,Haematoendothelial progenitors,Endothelium,0.6329942724009623,0.974427130962138,0.2837063351284304,0.9651293522790508,0.34143285856117567,0.6814230171506204,consistent,consistent
SQUIDPY_SEQFISH,1,embryo1_Pos20_cell380_z2,reference_profile,context_rescue,Endothelium,Haematoendothelial progenitors,Endothelium,0.6103363618636323,0.9812672685214364,0.2301521308961099,0.9641096725448706,0.37093090665780415,0.7339575416487607,consistent,consistent
SQUIDPY_SEQFISH,2,embryo1_Pos0_cell410_z2,reference_profile,context_harm,Haematoendothelial progenitors,Haematoendothelial progenitors,Endothelium,0.6847249491349384,0.9607899124415438,0.4180935402227506,0.9426656717819176,0.27606496330660535,0.524572131559167,consistent,consistent
SQUIDPY_SEQFISH,3,embryo1_Pos10_cell140_z2,reference_profile,context_harm,Haematoendothelial progenitors,Haematoendothelial progenitors,Endothelium,0.5226394160026189,0.9558834161601476,0.0556673624407478,0.9271580404831112,0.43324400015752873,0.8714906780423635,consistent;low_margin,consistent
SQUIDPY_SEQFISH,3,embryo1_Pos6_cell33_z5,reference_profile,context_harm,Haematoendothelial progenitors,Haematoendothelial progenitors,Endothelium,0.5868087270084674,0.9475409187986844,0.1970845301458539,0.916061943718575,0.360732191790217,0.718977413572721,consistent,consistent
SQUIDPY_SEQFISH,1,embryo1_Pos1_cell268_z2,reference_profile,context_harm,Haematoendothelial progenitors,Haematoendothelial progenitors,Endothelium,0.7385851959440715,0.950361618602286,0.4981358397131991,0.9107548006821692,0.2117764226582145,0.4126189609689701,consistent,consistent
SQUIDPY_SEQFISH,3,embryo1_Pos10_cell151_z2,reference_profile,context_harm,Haematoendothelial progenitors,Haematoendothelial progenitors,Endothelium,0.4863875931588008,0.93137557302013,0.0486324358280109,0.9043244053953232,0.44498797986132915,0.8556919695673123,consistent;low_margin,consistent
SQUIDPY_SEQFISH,2,embryo1_Pos8_cell130_z5,reference_profile,context_harm,Haematoendothelial progenitors,Haematoendothelial progenitors,Endothelium,0.537011747247172,0.9176497748869272,0.2190959452954768,0.8875579148212326,0.3806380276397552,0.6684619695257558,consistent,consistent
SQUIDPY_SEQFISH,2,embryo1_Pos11_cell9_z2,reference_profile,context_harm,Haematoendothelial progenitors,Haematoendothelial progenitors,Endothelium,0.5578343965711445,0.9103647102674322,0.2065339038430588,0.8679711538279082,0.3525303136962876,0.6614372499848494,consistent,consistent
SQUIDPY_SEQFISH,2,embryo1_Pos0_cell323_z5,reference_profile,context_harm,Haematoendothelial progenitors,Haematoendothelial progenitors,Endothelium,0.9093460810037244,0.9077184208352744,0.8336947191254699,0.8623697413363004,-0.0016276601684499514,0.028675022210830514,consistent,consistent
SQUIDPY_SEQFISH,3,embryo1_Pos20_cell77_z2,reference_profile,changed_but_still_wrong,Haematoendothelial progenitors,Splanchnic mesoderm,Endothelium,0.6325735856812327,0.856568399102151,0.3935391661763679,0.8043013756444847,0.22399481342091832,0.41076220946811676,consistent,consistent
SQUIDPY_SEQFISH,1,embryo1_Pos20_cell391_z2,reference_profile,changed_but_still_wrong,Haematoendothelial progenitors,Cardiomyocytes,Endothelium,0.2322025196034767,0.8347446576580838,0.020700281988409,0.7499464084208318,0.6025421380546071,0.7292461264324228,consistent;low_margin,consistent
SQUIDPY_SEQFISH,1,embryo1_Pos28_cell348_z2,reference_profile,changed_but_still_wrong,Haematoendothelial progenitors,Sclerotome,Endothelium,0.5418436974460951,0.8250819355101545,0.2445563180060244,0.7110005336113169,0.28323823806405946,0.4664442156052925,consistent,consistent
SQUIDPY_SEQFISH,4,embryo1_Pos12_cell16_z2,reference_profile,changed_but_still_wrong,Haematoendothelial progenitors,Cranial mesoderm,Endothelium,0.7071179019380034,0.8097834393498333,0.5808145005175065,0.7051393237944442,0.10266553741182993,0.12432482327693772,consistent,consistent
SQUIDPY_SEQFISH,1,embryo1_Pos23_cell278_z2,reference_profile,changed_but_still_wrong,Haematoendothelial progenitors,Splanchnic mesoderm,Endothelium,0.4337485040033351,0.8126841009895671,0.2889401721286565,0.7007118766949517,0.378935596986232,0.4117717045662952,consistent,consistent
SQUIDPY_SEQFISH,1,embryo1_Pos28_cell340_z2,reference_profile,changed_but_still_wrong,Haematoendothelial progenitors,Anterior somitic tissues,Endothelium,0.7315766443800716,0.8063746758925167,0.6012181152357593,0.6948929781070872,0.07479803151244502,0.09367486287132787,consistent,consistent
SQUIDPY_SEQFISH,1,embryo1_Pos28_cell140_z5,reference_profile,changed_but_still_wrong,Dermomyotome,Sclerotome,Anterior somitic tissues,0.6163121066945147,0.798606210539719,0.2474342378168872,0.6839266714899755,0.18229410384520428,0.4364924336730883,consistent,consistent
SQUIDPY_SEQFISH,4,embryo1_Pos12_cell18_z2,reference_profile,changed_but_still_wrong,Haematoendothelial progenitors,Cranial mesoderm,Endothelium,0.781866497696299,0.739896397829384,0.7025611054221119,0.6725442424489717,-0.04197009986691502,-0.030016862973140213,consistent,consistent
SQUIDPY_SLIDESEQV2,1,CACGTCATTGTGGA,reference_profile,context_harm,Polydendrocytes,Polydendrocytes,Oligodendrocytes,0.6384018843770813,0.8785697610634248,0.4478789385928703,0.8535634305604562,0.24016787668634343,0.40568449196758594,consistent,consistent
SQUIDPY_SLIDESEQV2,1,AGGTTGTGGCACTT,reference_profile,context_harm,Microglia,Microglia,Oligodendrocytes,0.5759797775227862,0.8527185616755909,0.3718330656582048,0.8238005970097051,0.27673878415280473,0.4519675313515003,consistent,consistent
SQUIDPY_SLIDESEQV2,4,ACATGCCTAGACTC,reference_profile,context_harm,Polydendrocytes,Polydendrocytes,Oligodendrocytes,0.6604972239764051,0.8541245249935304,0.47681773601897,0.8165446214326899,0.19362730101712533,0.3397268854137199,consistent,consistent
SQUIDPY_SLIDESEQV2,2,CTGGATACATATTC,reference_profile,context_harm,Polydendrocytes,Polydendrocytes,Oligodendrocytes,0.5933553811378529,0.8356291615596112,0.3094893954055383,0.798516897949504,0.2422737804217583,0.48902750254396565,consistent,consistent
SQUIDPY_SLIDESEQV2,3,AGCGGCATCTTGAC,reference_profile,context_harm,DentatePyramids,DentatePyramids,CA1_CA2_CA3_Subiculum,0.6431801522241264,0.8530832709443956,0.4903144301901034,0.7889833416164121,0.20990311872026923,0.29866891142630875,consistent,consistent
SQUIDPY_SLIDESEQV2,3,CCACCCACTATCGA,reference_profile,context_harm,DentatePyramids,DentatePyramids,CA1_CA2_CA3_Subiculum,0.5133456561375908,0.8458360246298794,0.2841677644544157,0.7842821119112527,0.33249036849228863,0.500114347456837,consistent,consistent
SQUIDPY_SLIDESEQV2,1,AGAGCAACCCGACG,reference_profile,context_harm,Endothelial_Tip,Endothelial_Tip,Ependymal,0.2425367262403122,0.8055321476384663,0.0795018975035647,0.7719497634448245,0.5629954213981541,0.6924478659412597,consistent;low_margin,consistent
SQUIDPY_SLIDESEQV2,1,TCTTCAGTAGGCGA,reference_profile,context_harm,Endothelial_Tip,Endothelial_Tip,Ependymal,0.2429243405298927,0.8020123809962537,0.0648558358689629,0.7717240159841278,0.559088040466361,0.7068681801151648,consistent;low_margin,consistent
SQUIDPY_SLIDESEQV2,1,CTAACGACGGACTG,reference_profile,changed_but_still_wrong,Mural,Endothelial_Tip,Ependymal,0.2180934989827214,0.8243293367786255,0.0140718168502891,0.7985684605924029,0.6062358377959041,0.7844966437421138,consistent;low_margin,consistent
SQUIDPY_SLIDESEQV2,1,TGCAAATGTTTTGA,reference_profile,changed_but_still_wrong,Endothelial_Stalk,Microglia,Oligodendrocytes,0.534143742869677,0.794444259310409,0.3775806116288694,0.7631598625248192,0.26030051644073193,0.38557925089594974,consistent,consistent
SQUIDPY_SLIDESEQV2,4,GCTAAAAGCAGAAC,reference_profile,changed_but_still_wrong,Neurogenesis,Polydendrocytes,Oligodendrocytes,0.3910029570692643,0.774794425995193,0.008610820952952,0.7213416940975097,0.3837914689259287,0.7127308731445577,consistent;low_margin,consistent
SQUIDPY_SLIDESEQV2,1,GCTTAACCTATTTG,reference_profile,changed_but_still_wrong,DentatePyramids,Endothelial_Tip,Ependymal,0.4045327503750499,0.7463335796830907,0.2558033261341034,0.7061728224433703,0.3418008293080408,0.4503694963092669,consistent,consistent
SQUIDPY_SLIDESEQV2,3,TGCTCTCACCACCG,reference_profile,changed_but_still_wrong,Endothelial_Tip,Polydendrocytes,Oligodendrocytes,0.4094830278343338,0.6731281301391795,0.1317927443317986,0.6170308711248226,0.26364510230484567,0.48523812679302397,consistent,consistent
SQUIDPY_SLIDESEQV2,3,GGCAAAGTGCCGGA,reference_profile,changed_but_still_wrong,Neurogenesis,DentatePyramids,CA1_CA2_CA3_Subiculum,0.6076935648389066,0.7099097655244088,0.4070727194227332,0.6133428505302141,0.10221620068550219,0.20627013110748088,consistent,consistent
SQUIDPY_SLIDESEQV2,1,TGTATCCCCTCCAT,reference_profile,changed_but_still_wrong,Mural,Endothelial_Stalk,Ependymal,0.3353237280572967,0.6071171053799556,0.1950063987106703,0.5641751249577366,0.27179337732265885,0.3691687262470663,consistent,consistent
SQUIDPY_SLIDESEQV2,1,AGGGAGGGCAGAAT,reference_profile,changed_but_still_wrong,Endothelial_Tip,Endothelial_Stalk,Ependymal,0.3378815254166676,0.6169508448250818,0.1244129632892844,0.5611634043126567,0.2790693194084142,0.43675044102337224,consistent,consistent
SQUIDPY_SLIDESEQV2,5,TTACCTACGCTGCT,reference_profile,context_rescue,Oligodendrocytes,Polydendrocytes,Oligodendrocytes,0.6182367423929539,0.9406105538105376,0.2981578221438864,0.923317590111388,0.3223738114175837,0.6251597679675016,consistent,consistent
SQUIDPY_SLIDESEQV2,1,AGACACGCTAGTGT,reference_profile,context_rescue,Oligodendrocytes,Polydendrocytes,Oligodendrocytes,0.5198305440072989,0.9264112525466232,0.2498283508178979,0.9128846558413564,0.40658070853932426,0.6630563050234585,consistent,consistent
SQUIDPY_SLIDESEQV2,3,CTCATTGTGGCAGA,reference_profile,context_rescue,Ependymal,Endothelial_Tip,Ependymal,0.5066796442645023,0.9110410319005792,0.0492603993096886,0.8834015343918248,0.4043613876360769,0.8341411350821362,consistent;low_margin,consistent
SQUIDPY_SLIDESEQV2,1,CCGACCCTAGCGGC,reference_profile,context_rescue,Ependymal,Endothelial_Stalk,Ependymal,0.2336634816897103,0.8097006536621051,0.0465679514077266,0.7831093062454281,0.5760371719723948,0.7365413548377014,consistent;low_margin,consistent
SQUIDPY_SLIDESEQV2,1,TGAATGGGAGTGGC,reference_profile,context_rescue,Oligodendrocytes,Polydendrocytes,Oligodendrocytes,0.3354753573813723,0.7981570603027738,0.0676864757264709,0.762714327359384,0.4626817029214015,0.6950278516329131,consistent;low_margin,consistent
SQUIDPY_SLIDESEQV2,2,TACGCGCCCAGTGT,reference_profile,context_rescue,Oligodendrocytes,Polydendrocytes,Oligodendrocytes,0.3872013914551049,0.7695248713953343,0.0643769072705482,0.7330634747268331,0.3823234799402294,0.6686865674562849,consistent;low_margin,consistent
SQUIDPY_SLIDESEQV2,3,CGGACAGATTCATC,reference_profile,context_rescue,Oligodendrocytes,Polydendrocytes,Oligodendrocytes,0.4844357375753048,0.7763054076722832,0.2388048547971832,0.7293854819215215,0.2918696700969784,0.49058062712433836,consistent,consistent
SQUIDPY_SLIDESEQV2,1,TGCGGAGTGAGCGA,reference_profile,context_rescue,Ependymal,Endothelial_Stalk,Ependymal,0.2666765482696093,0.7551992736491412,0.0257562005543746,0.7188401509166467,0.4885227253795319,0.6930839503622721,consistent;low_margin,consistent
SQUIDPY_VISIUM_FLUO,1,GACTGATTGGTCACAA-1,reference_profile,changed_but_still_wrong,Cortex_1,Thalamus_2,Hypothalamus_2,0.3124844476494252,0.7172786469900726,0.0835341254152872,0.6629856264125232,0.4047941993406474,0.5794515009972361,consistent,consistent
SQUIDPY_VISIUM_FLUO,1,CTCAAGACATTAGCGC-1,reference_profile,changed_but_still_wrong,Cortex_1,Thalamus_2,Hypothalamus_2,0.5712913629068044,0.5883811768012751,0.435866369750661,0.4930378023102902,0.01708981389447073,0.0571714325596292,consistent,consistent
SQUIDPY_VISIUM_FLUO,4,CTAGGTCTGAAGGAAT-1,reference_profile,changed_but_still_wrong,Hypothalamus_1,Thalamus_2,Hypothalamus_2,0.5873423801496216,0.6109976232534075,0.3073667085463685,0.4919162918575142,0.02365524310378586,0.18454958331114568,consistent,consistent
SQUIDPY_VISIUM_FLUO,4,CTAGATGTGAGTGTAA-1,reference_profile,changed_but_still_wrong,Hypothalamus_1,Thalamus_2,Hypothalamus_2,0.4252135500571927,0.510770849250646,0.0327699192509893,0.4257771364844068,0.08555729919345328,0.39300721723341747,consistent;low_margin,consistent
SQUIDPY_VISIUM_FLUO,1,CAGGCGCCATGCTAGG-1,reference_profile,changed_but_still_wrong,Hypothalamus_1,Thalamus_2,Hypothalamus_2,0.4177011389576091,0.5738840665466366,0.1379553169906223,0.416329318417022,0.15618292758902752,0.2783740014263997,consistent,consistent
SQUIDPY_VISIUM_FLUO,4,ATTGTACAACTCGGCT-1,reference_profile,changed_but_still_wrong,Hypothalamus_1,Thalamus_2,Hypothalamus_2,0.4615278796373253,0.5217224139337783,0.1312703041554745,0.4107347877914943,0.060194534296452995,0.27946448363601983,consistent,consistent
SQUIDPY_VISIUM_FLUO,1,CGTTGAGTAATTGCGT-1,reference_profile,changed_but_still_wrong,Cortex_1,Thalamus_2,Hypothalamus_2,0.4726809074125788,0.4610923999611521,0.3663089101215191,0.3650296490049516,-0.0115885074514267,-0.0012792611165675094,consistent,consistent
SQUIDPY_VISIUM_FLUO,4,GCGTAAATGGCCATAA-1,reference_profile,changed_but_still_wrong,Hypothalamus_1,Thalamus_2,Hypothalamus_2,0.3994210310445578,0.4545272374498498,0.0919254910680891,0.3380999946667655,0.05510620640529201,0.24617450359867638,consistent,consistent
SQUIDPY_VISIUM_FLUO,1,TCAGACGCTATAGAAG-1,reference_profile,context_harm,Hypothalamus_1,Hypothalamus_1,Hypothalamus_2,0.4668557148162753,0.7141587658368606,0.1987301389427178,0.5750699472352446,0.24730305102058525,0.37633980829252683,consistent,consistent
SQUIDPY_VISIUM_FLUO,1,ACTCCCTAGAATAGTA-1,reference_profile,context_harm,Hypothalamus_1,Hypothalamus_1,Hypothalamus_2,0.335491313471267,0.6822580940719698,0.0229587262739879,0.559034647159713,0.3467667806007028,0.5360759208857251,consistent;low_margin,consistent
SQUIDPY_VISIUM_FLUO,4,AACTCTCAATAGAGCG-1,reference_profile,context_harm,Thalamus_2,Thalamus_2,Thalamus_1,0.7055633227624317,0.6532264710678339,0.5730553065933996,0.5081707724716584,-0.052336851694597786,-0.06488453412174122,consistent,consistent
SQUIDPY_VISIUM_FLUO,4,CAAGTGTGGTTGCAAA-1,reference_profile,context_harm,Thalamus_2,Thalamus_2,Thalamus_1,0.896379000817677,0.6206521029932678,0.8252287107719516,0.3758001249597977,-0.2757268978244092,-0.4494285858121539,consistent,consistent
SQUIDPY_VISIUM_FLUO,4,CGAGTTTATCGGACTG-1,reference_profile,context_harm,Thalamus_2,Thalamus_2,Thalamus_1,0.9210939247993258,0.5727314839592602,0.891825366097616,0.3676728150464956,-0.3483624408400656,-0.5241525510511204,consistent,consistent
SQUIDPY_VISIUM_FLUO,4,TATTACCATCCTGCTT-1,reference_profile,context_harm,Thalamus_2,Thalamus_2,Thalamus_1,0.9075446837254132,0.5390844161352352,0.8751814756968097,0.3192091575702325,-0.368460267590178,-0.5559723181265772,consistent,consistent
SQUIDPY_VISIUM_FLUO,4,GACTCACCCACGTGAG-1,reference_profile,context_harm,Thalamus_2,Thalamus_2,Hypothalamus_2,0.6402848149081712,0.3766328585395727,0.4661677250073605,0.2586603818243966,-0.26365195636859856,-0.20750734318296388,consistent,consistent
SQUIDPY_VISIUM_FLUO,4,TGACGATGCACTAGAA-1,reference_profile,context_harm,Thalamus_2,Thalamus_2,Thalamus_1,0.8723517175128824,0.4994862467353669,0.8370213523287225,0.2528768004533633,-0.37286547077751553,-0.5841445518753592,consistent,consistent
SQUIDPY_VISIUM_FLUO,1,GTTTGGCCCAAGTTAT-1,reference_profile,context_rescue,Thalamus_1,Thalamus_2,Thalamus_1,0.5140027720174478,0.9673589308436228,0.0869473950113277,0.9530931563803297,0.45335615882617497,0.866145761369002,consistent,consistent
SQUIDPY_VISIUM_FLUO,1,GATTCGACGGTTCACG-1,reference_profile,context_rescue,Thalamus_1,Thalamus_2,Thalamus_1,0.5043932800378071,0.9570787589138352,0.1366677070714109,0.9391702389307712,0.45268547887602806,0.8025025318593604,consistent,consistent
SQUIDPY_VISIUM_FLUO,1,GTGTTACTATGCGTCC-1,reference_profile,context_rescue,Thalamus_1,Thalamus_2,Thalamus_1,0.6094705575506236,0.9482567623856396,0.345590217669435,0.9293432562425872,0.338786204835016,0.5837530385731522,consistent,consistent
SQUIDPY_VISIUM_FLUO,1,ACTCTCTGACTTAGGT-1,reference_profile,context_rescue,Thalamus_1,Thalamus_2,Thalamus_1,0.412223531785901,0.8851578951137625,0.09380194822504,0.8481452335083697,0.47293436332786154,0.7543432852833297,consistent,consistent
SQUIDPY_VISIUM_FLUO,1,TCGCAAAGATGCATTT-1,reference_profile,context_rescue,Thalamus_1,Thalamus_2,Thalamus_1,0.5018590685246657,0.875231412141937,0.103012707926594,0.836877262777619,0.37337234361727134,0.733864554851025,consistent,consistent
SQUIDPY_VISIUM_FLUO,1,GAGATCTTCCATGACA-1,reference_profile,context_rescue,Thalamus_1,Thalamus_2,Thalamus_1,0.3555027505378819,0.823868276286554,0.0066691105010893,0.7686599070370776,0.46836552574867213,0.7619907965359883,consistent;low_margin,consistent
SQUIDPY_VISIUM_FLUO,1,CGTTGAGCGACCGTCG-1,reference_profile,context_rescue,Thalamus_1,Thalamus_2,Thalamus_1,0.5027541704780883,0.8120847917750144,0.1891900496231315,0.7517048625155267,0.309330621296926,0.5625148128923952,consistent,consistent
SQUIDPY_VISIUM_FLUO,1,GATCTTGGAGGGCATA-1,reference_profile,context_rescue,Thalamus_1,Thalamus_2,Thalamus_1,0.5268929055620297,0.7495098653707631,0.2407816571830032,0.6761426695831899,0.22261695980873342,0.4353610124001867,consistent,consistent
SQUIDPY_VISIUM_HNE,3,GAGTATACCCTAATCA-1,reference_profile,context_rescue,Hypothalamus_1,Thalamus_2,Hypothalamus_1,0.4419416140011759,0.6186102706168571,0.0257969644055084,0.4025367267696538,0.17666865661568126,0.3767397623641454,consistent;low_margin,consistent
SQUIDPY_VISIUM_HNE,3,AGAGAAACACCAGAAA-1,reference_profile,context_rescue,Hypothalamus_1,Thalamus_2,Hypothalamus_1,0.4505262606171923,0.6080747495895767,0.0699380981908799,0.3720290787276071,0.15754848897238444,0.3020909805367272,consistent;low_margin,consistent
SQUIDPY_VISIUM_HNE,3,ACTGCCCGCCATTCTC-1,reference_profile,context_rescue,Hypothalamus_1,Thalamus_2,Hypothalamus_1,0.4142817716928095,0.579364945840388,0.01043860924649,0.360626154317915,0.1650831741475785,0.350187545071425,consistent;low_margin,consistent
SQUIDPY_VISIUM_HNE,3,GAGGGTAGTAACAAAG-1,reference_profile,context_rescue,Hypothalamus_1,Thalamus_2,Hypothalamus_1,0.4983925338296426,0.6113425728706416,0.1185649212261327,0.3498457314339043,0.11295003904099904,0.23128081020777158,consistent,consistent
SQUIDPY_VISIUM_HNE,3,CCCTCGATAATACACA-1,reference_profile,context_rescue,Hypothalamus_1,Thalamus_2,Hypothalamus_1,0.477478327237837,0.5745350166384281,0.0797606155932105,0.3059573735542705,0.09705668940059109,0.22619675796105998,consistent;low_margin,consistent
SQUIDPY_VISIUM_HNE,3,CATACGAACTAGCTGG-1,reference_profile,context_rescue,Hypothalamus_1,Thalamus_2,Hypothalamus_1,0.4334778334394649,0.5339256109869978,0.1143074808039542,0.3050846530510086,0.10044777754753287,0.19077717224705443,consistent,consistent
SQUIDPY_VISIUM_HNE,2,TCCTGCGTTGATACTC-1,reference_profile,context_rescue,Thalamus_2,Thalamus_1,Thalamus_2,0.5656400764651344,0.4747618938159509,0.2536716582127437,0.3025649024549225,-0.09087818264918346,0.048893244242178835,consistent,consistent
SQUIDPY_VISIUM_HNE,3,CGCACGTCTGTTTATG-1,reference_profile,context_rescue,Hypothalamus_1,Thalamus_2,Hypothalamus_1,0.5707325374316388,0.5191270886584312,0.2765083861849072,0.274965068888822,-0.05160544877320761,-0.0015433172960852004,consistent,consistent
SQUIDPY_VISIUM_HNE,4,TAGGTCCAAGTAAGGA-1,reference_profile,context_harm,Lateral_ventricle,Lateral_ventricle,Hypothalamus_1,0.5188842920733707,0.906548493103386,0.0976681519364195,0.8628231950700119,0.3876642010300153,0.7651550431335924,consistent,consistent
SQUIDPY_VISIUM_HNE,4,TACCTGCTGCACTGTG-1,reference_profile,context_harm,Lateral_ventricle,Lateral_ventricle,Hypothalamus_1,0.4971429941799123,0.8796364771174507,0.0398417692500893,0.8157036267089871,0.38249348293753843,0.7758618574588978,consistent;low_margin,consistent
SQUIDPY_VISIUM_HNE,4,TCGTCACACTGTTAGC-1,reference_profile,context_harm,Lateral_ventricle,Lateral_ventricle,Hypothalamus_1,0.4911057764059487,0.8430020629119012,0.090085743480948,0.7745706225442666,0.35189628650595245,0.6844848790633186,consistent,consistent
SQUIDPY_VISIUM_HNE,4,GGGTATGTATGCACTT-1,reference_profile,context_harm,Lateral_ventricle,Lateral_ventricle,Hypothalamus_1,0.4922051478594544,0.685972132037334,0.0823164419591209,0.5387720299174615,0.19376698417787958,0.4564555879583406,consistent,consistent
SQUIDPY_VISIUM_HNE,4,CCGCACGTGACCTCGG-1,reference_profile,context_harm,Lateral_ventricle,Lateral_ventricle,Hypothalamus_1,0.4725184907239916,0.6275117424965381,0.1547769825190265,0.5019123370703812,0.15499325177254647,0.3471353545513547,consistent,consistent
SQUIDPY_VISIUM_HNE,4,GAAACTCGTGCGATGC-1,reference_profile,context_harm,Lateral_ventricle,Lateral_ventricle,Hypothalamus_1,0.4595214873580449,0.636338174361723,0.1913089063414604,0.4888832614541574,0.17681668700367814,0.29757435511269703,consistent,consistent
SQUIDPY_VISIUM_HNE,4,GGTGCTGATCACAAAG-1,reference_profile,context_harm,Lateral_ventricle,Lateral_ventricle,Hypothalamus_1,0.5864623138463024,0.6268275399496526,0.3211299272208971,0.4607149430852524,0.04036522610335014,0.1395850158643553,consistent,consistent
SQUIDPY_VISIUM_HNE,1,GGCAAGGCGAAATAGC-1,reference_profile,context_harm,Lateral_ventricle,Lateral_ventricle,Hypothalamus_1,0.3934144376474707,0.4801852540692737,0.1353457473355057,0.3408220366333344,0.08677081642180301,0.20547628929782868,consistent,consistent
SQUIDPY_VISIUM_HNE,3,TGAGGAGTGCCAGCTT-1,reference_profile,changed_but_still_wrong,Striatum,Thalamus_2,Hypothalamus_1,0.3677609596996153,0.5398816366668284,0.0267212962937792,0.3220346404728915,0.17212067696721312,0.29531334417911226,consistent;low_margin,consistent
SQUIDPY_VISIUM_HNE,2,TAATAGGTCACCAGAA-1,reference_profile,changed_but_still_wrong,Hypothalamus_1,Striatum,Thalamus_2,0.4428295786110354,0.5241643541686547,0.1816232730882683,0.3148155416628229,0.08133477555761931,0.13319226857455457,consistent,consistent
SQUIDPY_VISIUM_HNE,3,ACTACGCGTTAGAATT-1,reference_profile,changed_but_still_wrong,Striatum,Thalamus_2,Hypothalamus_1,0.3310535724381485,0.4917256903406583,0.0072197202261142,0.2987932687083156,0.1606721179025098,0.29157354848220135,consistent;low_margin,consistent
SQUIDPY_VISIUM_HNE,2,CCCTATGTAGAGCAGA-1,reference_profile,changed_but_still_wrong,Hypothalamus_1,Striatum,Thalamus_2,0.3623221011531783,0.521416792599988,0.043996116771683,0.2947207924603915,0.15909469144680966,0.2507246756887085,consistent;low_margin,consistent
SQUIDPY_VISIUM_HNE,3,CCGGAGCGTACTTTCT-1,reference_profile,changed_but_still_wrong,Striatum,Thalamus_2,Hypothalamus_1,0.3984559988420236,0.5001905135016136,0.0896090665420221,0.2598001504844735,0.10173451465958999,0.17019108394245142,consistent,consistent
SQUIDPY_VISIUM_HNE,3,TACCGTAGGTTAACTA-1,reference_profile,changed_but_still_wrong,Striatum,Thalamus_2,Hypothalamus_1,0.3467650607228936,0.4797240367103471,0.0320455772593306,0.254420708161442,0.1329589759874535,0.22237513090211142,consistent;low_margin,consistent
SQUIDPY_VISIUM_HNE,2,CTCGGGTTCTCTGGCC-1,reference_profile,changed_but_still_wrong,Hypothalamus_1,Striatum,Thalamus_2,0.4531983059973684,0.4913024352222554,0.1863610456722306,0.2503207662594126,0.03810412922488704,0.06395972058718197,consistent,consistent
SQUIDPY_VISIUM_HNE,2,CTGCCTTTAATACCTT-1,reference_profile,changed_but_still_wrong,Hypothalamus_1,Striatum,Thalamus_2,0.4102518220260667,0.4794589044682828,0.165001457758489,0.2427750921824754,0.06920708244221613,0.07777363442398638,consistent,consistent
GEO_GSE240015_VISIUM_THYMUS_DOMAIN,1,d0_02mo::CGCAATTCTACAATAA-1,marker_reference_profile,changed_but_still_wrong,d0_02mo::leiden_1.0_1,d0_18mo::leiden_1.0_6,d0_18mo::leiden_1.0_3,0.3195063018137855,0.6901933983776795,0.0197645776886444,0.5297481853468762,0.370687096563894,0.5099836076582318,consistent;low_margin,consistent
GEO_GSE240015_VISIUM_THYMUS_DOMAIN,5,d0_18mo::GTGTCGTATAGCGTTC-1,marker_reference_profile,changed_but_still_wrong,d0_18mo::leiden_1.0_4,d0_18mo::leiden_1.0_6,d0_02mo::leiden_1.0_1,0.466383971486945,0.5722831750869144,0.2384631614090968,0.4269556632729073,0.1058992035999694,0.1884925018638105,consistent,marker_conflict
GEO_GSE240015_VISIUM_THYMUS_DOMAIN,1,d0_02mo::TCTTACGGCATCCGAC-1,marker_reference_profile,changed_but_still_wrong,d0_02mo::leiden_1.0_1,d0_18mo::leiden_1.0_4,d0_18mo::leiden_1.0_3,0.3254205727253061,0.6135217086148952,0.0665527613136959,0.4240568492922258,0.2881011358895891,0.3575040879785299,consistent;low_margin,marker_conflict
GEO_GSE240015_VISIUM_THYMUS_DOMAIN,1,d0_02mo::TGGACCAATCTAAGAT-1,marker_reference_profile,changed_but_still_wrong,d0_02mo::leiden_1.0_1,d0_18mo::leiden_1.0_4,d0_18mo::leiden_1.0_3,0.3554187940634294,0.5516492335640837,0.0347456600653177,0.3724729607684232,0.19623043950065427,0.33772730070310547,consistent;low_margin,consistent
GEO_GSE240015_VISIUM_THYMUS_DOMAIN,4,d0_18mo::ATGTGGACATCTTGAT-1,marker_reference_profile,changed_but_still_wrong,d0_18mo::leiden_1.0_1,d0_18mo::leiden_1.0_6,d0_18mo::leiden_1.0_3,0.2697348677042869,0.5020138703697979,0.0077928676962257,0.2780840543765872,0.23227900266551105,0.27029118668036145,consistent;low_margin,consistent
GEO_GSE240015_VISIUM_THYMUS_DOMAIN,1,d0_02mo::GACATACTGTCGCAGA-1,marker_reference_profile,changed_but_still_wrong,d0_02mo::leiden_1.0_1,d0_18mo::leiden_1.0_6,d0_18mo::leiden_1.0_3,0.3432999273101518,0.5409826722216939,0.0681750533654079,0.2757719027859378,0.19768274491154214,0.20759684942052986,consistent;low_margin,marker_conflict
GEO_GSE240015_VISIUM_THYMUS_DOMAIN,1,d0_02mo::TTCGGGCGCTAGTCTT-1,marker_reference_profile,changed_but_still_wrong,d0_02mo::leiden_1.0_1,d0_18mo::leiden_1.0_6,d0_18mo::leiden_1.0_3,0.3912290970390197,0.457364359915193,0.0773862569254625,0.2730915128185615,0.06613526287617327,0.19570525589309898,consistent;low_margin,marker_conflict
GEO_GSE240015_VISIUM_THYMUS_DOMAIN,1,d0_02mo::AACTTTACGGGAGCTT-1,marker_reference_profile,changed_but_still_wrong,d0_02mo::leiden_1.0_1,d0_18mo::leiden_1.0_4,d0_18mo::leiden_1.0_3,0.3759873567456497,0.4942286332068164,0.0472393165496961,0.2215681725475956,0.11824127646116672,0.1743288559978995,consistent;low_margin,consistent
GEO_GSE240015_VISIUM_THYMUS_DOMAIN,5,d0_02mo::TCGCTAAACCGCTATC-1,marker_reference_profile,context_rescue,d0_02mo::leiden_1.0_1,d0_18mo::leiden_1.0_4,d0_02mo::leiden_1.0_1,0.5112257105238351,0.7940216536565307,0.0790010703346864,0.6804289303286588,0.2827959431326955,0.6014278599939724,consistent;low_margin,marker_conflict
GEO_GSE240015_VISIUM_THYMUS_DOMAIN,5,d0_02mo::ATCGGCAAGCAGTCCA-1,marker_reference_profile,context_rescue,d0_02mo::leiden_1.0_1,d0_18mo::leiden_1.0_4,d0_02mo::leiden_1.0_1,0.4372011948015677,0.6994450285143691,0.0730816476404736,0.5731016003420278,0.26224383371280136,0.5000199527015542,consistent;low_margin,marker_conflict
GEO_GSE240015_VISIUM_THYMUS_DOMAIN,4,d0_18mo::GCCCGTAATACCTTCT-1,marker_reference_profile,context_rescue,d0_18mo::leiden_1.0_3,d0_18mo::leiden_1.0_6,d0_18mo::leiden_1.0_3,0.4418043287247824,0.6008091000815428,0.1276050554876225,0.4422498596919301,0.15900477135676033,0.3146448042043076,consistent,marker_conflict
GEO_GSE240015_VISIUM_THYMUS_DOMAIN,5,d0_02mo::ATTCAGGACCTATTTC-1,marker_reference_profile,context_rescue,d0_02mo::leiden_1.0_1,d0_18mo::leiden_1.0_6,d0_02mo::leiden_1.0_1,0.29050680965912,0.5850875389789434,0.0052012699882281,0.4293004807303343,0.2945807293198234,0.42409921074210616,consistent;low_margin,consistent
GEO_GSE240015_VISIUM_THYMUS_DOMAIN,5,d0_02mo::GTACAGAGGCAAGGGT-1,marker_reference_profile,context_rescue,d0_02mo::leiden_1.0_1,d0_18mo::leiden_1.0_3,d0_02mo::leiden_1.0_1,0.3907847792586869,0.6382365657810809,0.0605688828879391,0.3827561378130586,0.24745178652239402,0.3221872549251195,consistent;low_margin,marker_conflict
GEO_GSE240015_VISIUM_THYMUS_DOMAIN,4,d0_18mo::CAGCAGCCCGTTCCTT-1,marker_reference_profile,context_rescue,d0_18mo::leiden_1.0_3,d0_18mo::leiden_1.0_6,d0_18mo::leiden_1.0_3,0.4643706218821319,0.5444985080636034,0.2202627903920308,0.366558051452136,0.08012788618147154,0.14629526106010518,consistent,marker_conflict
GEO_GSE240015_VISIUM_THYMUS_DOMAIN,5,d0_02mo::GGAAAGTGCCCATGCC-1,marker_reference_profile,context_rescue,d0_02mo::leiden_1.0_1,d0_18mo::leiden_1.0_3,d0_02mo::leiden_1.0_1,0.4871021304680372,0.6399564347394703,0.1506261500189926,0.3488152066701879,0.1528543042714331,0.1981890566511953,consistent,marker_conflict
GEO_GSE240015_VISIUM_THYMUS_DOMAIN,4,d0_18mo::TATTTAGTCTAGATCG-1,marker_reference_profile,context_rescue,d0_18mo::leiden_1.0_3,d0_18mo::leiden_1.0_6,d0_18mo::leiden_1.0_3,0.3224180705903013,0.5195200385981822,0.0946285448382785,0.3321088935455619,0.19710196800788088,0.2374803487072834,consistent,marker_conflict
GEO_GSE240015_VISIUM_THYMUS_DOMAIN,1,d0_02mo::ATAATCTTGGAGAACC-1,marker_reference_profile,context_harm,d0_02mo::leiden_1.0_1,d0_02mo::leiden_1.0_1,d0_18mo::leiden_1.0_3,0.3774664532355725,0.6964237467797713,0.0287909498469324,0.5303454358219123,0.31895729354419877,0.5015544859749799,consistent;low_margin,consistent
GEO_GSE240015_VISIUM_THYMUS_DOMAIN,1,d0_02mo::CTCAACTAACCCGGAT-1,marker_reference_profile,context_harm,d0_02mo::leiden_1.0_1,d0_02mo::leiden_1.0_1,d0_18mo::leiden_1.0_3,0.3283497747354311,0.6524364213868632,0.0722620344036717,0.4968139546635043,0.3240866466514321,0.4245519202598326,consistent;low_margin,marker_conflict
GEO_GSE240015_VISIUM_THYMUS_DOMAIN,1,d0_02mo::AAGCACCCTGCGTATC-1,marker_reference_profile,context_harm,d0_02mo::leiden_1.0_1,d0_02mo::leiden_1.0_1,d0_18mo::leiden_1.0_3,0.326410615042544,0.6448398226309262,0.0476855010517072,0.4838485846444423,0.3184292075883822,0.4361630835927351,consistent;low_margin,consistent
GEO_GSE240015_VISIUM_THYMUS_DOMAIN,1,d0_02mo::AGGCGGTTTGTCCCGC-1,marker_reference_profile,context_harm,d0_02mo::leiden_1.0_1,d0_02mo::leiden_1.0_1,d0_18mo::leiden_1.0_3,0.327451370890261,0.630313593639153,0.0433441183089555,0.4778596619942751,0.30286222274889196,0.4345155436853196,consistent;low_margin,consistent
GEO_GSE240015_VISIUM_THYMUS_DOMAIN,1,d0_02mo::GCTGAGCAACGGTTCT-1,marker_reference_profile,context_harm,d0_02mo::leiden_1.0_1,d0_02mo::leiden_1.0_1,d0_18mo::leiden_1.0_3,0.4537403850449649,0.6704433273308761,0.1308578260898952,0.4654843075573818,0.2167029422859112,0.3346264814674866,consistent,marker_conflict
GEO_GSE240015_VISIUM_THYMUS_DOMAIN,5,d0_18mo::GAAAGTGACTAACTGC-1,marker_reference_profile,context_harm,d0_18mo::leiden_1.0_4,d0_18mo::leiden_1.0_4,d0_02mo::leiden_1.0_1,0.5294786599404716,0.6347329955976039,0.2093975159469276,0.4629492872302952,0.10525433565713227,0.2535517712833676,consistent,marker_conflict
GEO_GSE240015_VISIUM_THYMUS_DOMAIN,1,d0_02mo::GTAGTCTACGATATTG-1,marker_reference_profile,context_harm,d0_02mo::leiden_1.0_1,d0_02mo::leiden_1.0_1,d0_18mo::leiden_1.0_3,0.3221151170204458,0.6396768439366077,0.0102485563416102,0.4600104552943275,0.3175617269161619,0.4497618989527173,consistent;low_margin,consistent
GEO_GSE240015_VISIUM_THYMUS_DOMAIN,1,d0_02mo::TTGTGCAGCCACGTCA-1,marker_reference_profile,context_harm,d0_02mo::leiden_1.0_1,d0_02mo::leiden_1.0_1,d0_18mo::leiden_1.0_3,0.323285190168565,0.6558929759583554,0.0269102790686494,0.4574055696957165,0.3326077857897904,0.4304952906270671,consistent;low_margin,consistent
GEO_GSE284005_MERSCOPE_MS,2,ms11r1_1546636600184100635,marker_reference_profile,changed_but_still_wrong,Micro Homeo,Micro VEGFA,Micro IL1B,0.3771770905239923,0.8559550707115264,0.019471108510645,0.7785381651569402,0.47877798018753415,0.7590670566462951,consistent;low_margin,consistent
GEO_GSE284005_MERSCOPE_MS,1,ms8r0_1158060700219100254,marker_reference_profile,changed_but_still_wrong,Micro Homeo,Micro SPP1,Micro Foamy,0.2476386910905922,0.806845221330242,0.0300759104416209,0.7393111296030086,0.5592065302396497,0.7092352191613877,consistent;low_margin,consistent
GEO_GSE284005_MERSCOPE_MS,1,ms6r1_4527009402506100003,marker_reference_profile,changed_but_still_wrong,Micro Stress,Micro SPP1,Micro Foamy,0.3506744144176302,0.778508529023123,0.1919181956990303,0.6802643349446834,0.42783411460549275,0.4883461392456531,consistent,marker_conflict
GEO_GSE284005_MERSCOPE_MS,5,ms4r1_4486557600025100296,marker_reference_profile,changed_but_still_wrong,Micro Homeo,Micro Stress,Micro IL1B,0.2833575869274236,0.7599051518956679,0.0654963735223661,0.6690985085453673,0.4765475649682443,0.6036021350230012,consistent;low_margin,marker_conflict
GEO_GSE284005_MERSCOPE_MS,5,ms12r1_1705282100042100053,marker_reference_profile,changed_but_still_wrong,Micro VEGFA,Micro SPP1,Micro IL1B,0.3017527487740804,0.7229647667974027,0.0544517571667995,0.644459315001606,0.4212120180233223,0.5900075578348065,consistent;low_margin,marker_conflict
GEO_GSE284005_MERSCOPE_MS,2,ms10r0_1454334000179100427,marker_reference_profile,changed_but_still_wrong,Micro Homeo,Micro Stress,Micro IL1B,0.5902295571107019,0.7173730072438128,0.3409279671404852,0.6351235129025419,0.1271434501331109,0.2941955457620567,consistent,marker_conflict
GEO_GSE284005_MERSCOPE_MS,1,ms8r0_1158060700248100054,marker_reference_profile,changed_but_still_wrong,Micro Homeo,Micro SPP1,Micro Foamy,0.2371579214534478,0.722717799893371,0.052781618652842,0.6281157536364809,0.4855598784399232,0.5753341349836388,consistent;low_margin,marker_conflict
GEO_GSE284005_MERSCOPE_MS,1,ms16r1_1915492200105100206,marker_reference_profile,changed_but_still_wrong,Micro VEGFA,Micro SPP1,Micro Foamy,0.3744231080845099,0.7334642611966915,0.1818971502574103,0.6164337757870033,0.3590411531121816,0.43453662552959305,consistent,marker_conflict
GEO_GSE284005_MERSCOPE_MS,3,ms6r0_4527008702185100004,marker_reference_profile,context_rescue,DA.Astro,Imm.Astro,DA.Astro,0.5427829603286198,0.9171006851756248,0.1400130066451166,0.8667653180276613,0.374317724847005,0.7267523113825447,consistent,marker_conflict
GEO_GSE284005_MERSCOPE_MS,3,ms6r0_4527008701922100031,marker_reference_profile,context_rescue,DA.Astro,Imm.Astro,DA.Astro,0.5320975837095188,0.9040064731819006,0.1280996684286707,0.8602300205606673,0.3719088894723819,0.7321303521319966,consistent,marker_conflict
GEO_GSE284005_MERSCOPE_MS,3,ms16r0_1915491600188100035,marker_reference_profile,context_rescue,Vas.Astro,Imm.Astro,Vas.Astro,0.5796312384480471,0.8856229595470894,0.2283154592388881,0.8542397993309832,0.30599172109904227,0.6259243400920951,consistent,marker_conflict
GEO_GSE284005_MERSCOPE_MS,3,ms16r0_1915491600186200018,marker_reference_profile,context_rescue,Vas.Astro,Imm.Astro,Vas.Astro,0.4225377046639512,0.8649168452916445,0.0295049695661699,0.8124315173537059,0.4423791406276933,0.782926547787536,consistent;low_margin,consistent
GEO_GSE284005_MERSCOPE_MS,3,ms16r0_1915491600129100181,marker_reference_profile,context_rescue,DAOPC,OPC,DAOPC,0.5693230202477534,0.8510692125518338,0.2170802093013309,0.7238462708854203,0.2817461923040804,0.5067660615840894,consistent,marker_conflict
GEO_GSE284005_MERSCOPE_MS,1,ms6r1_4527009402413100010,marker_reference_profile,context_rescue,Micro Foamy,Micro Homeo,Micro Foamy,0.2456720967534927,0.780898857340324,0.0070307761449384,0.7238319339382474,0.5352267605868314,0.716801157793309,consistent;low_margin,consistent
GEO_GSE284005_MERSCOPE_MS,4,ms1r1_4318552600054100528,marker_reference_profile,context_rescue,DAOPC,OPC,DAOPC,0.410418507138609,0.838767855410164,0.0438174622135855,0.7158322319607541,0.42834934827155496,0.6720147697471686,consistent;low_margin,consistent
GEO_GSE284005_MERSCOPE_MS,2,ms11r1_1546636600146101058,marker_reference_profile,context_rescue,DA.Astro,Imm.Astro,DA.Astro,0.42752882994113,0.8347499858113394,0.006094821699131,0.705715649685075,0.4072211558702094,0.699620827985944,consistent;low_margin,consistent
GEO_GSE284005_MERSCOPE_MS,4,ms1r1_4318552600080100403,marker_reference_profile,context_harm,OPC,OPC,DAOPC,0.4889115657905352,0.9089774707785612,0.0708777076885723,0.8347244005655262,0.420065904988026,0.763846692876954,consistent;low_margin,marker_conflict
GEO_GSE284005_MERSCOPE_MS,2,ms11r1_1546636600146101042,marker_reference_profile,context_harm,Micro SPP1,Micro SPP1,Micro IL1B,0.4638640913080412,0.849375480871204,0.0417000137827744,0.7553517069297144,0.3855113895631628,0.71365169314694,consistent;low_margin,consistent
GEO_GSE284005_MERSCOPE_MS,1,ms6r1_4527009403069100005,marker_reference_profile,context_harm,Micro SPP1,Micro SPP1,Micro Foamy,0.3773677689268538,0.8344466326181809,0.0524342315179197,0.7485032320044904,0.45707886369132705,0.6960690004865707,consistent;low_margin,marker_conflict
GEO_GSE284005_MERSCOPE_MS,2,ms11r1_1546636600113100603,marker_reference_profile,context_harm,Micro SPP1,Micro SPP1,Micro IL1B,0.6091910569227008,0.7939595726849832,0.365167516514198,0.6846277720576658,0.18476851576228237,0.3194602555434678,consistent,marker_conflict
GEO_GSE284005_MERSCOPE_MS,2,ms11r1_1546636600106101834,marker_reference_profile,context_harm,OPC,OPC,DAOPC,0.6618563720684238,0.8365185807607742,0.3606189880187513,0.6834568969613817,0.17466220869235038,0.32283790894263037,consistent,marker_conflict
GEO_GSE284005_MERSCOPE_MS,2,ms10r0_1454334000179100422,marker_reference_profile,context_harm,Micro Stress,Micro Stress,Micro IL1B,0.4053651462984691,0.7244700983789399,0.218295523861206,0.6467551090747421,0.31910495208047085,0.4284595852135361,consistent,marker_conflict
GEO_GSE284005_MERSCOPE_MS,2,ms11r1_1546636600025100446,marker_reference_profile,context_harm,Imm.Astro,Imm.Astro,DA.Astro,0.4246111496221855,0.7170659038584233,0.1497916523160866,0.6016538339815534,0.2924547542362378,0.45186218166546677,consistent,marker_conflict
GEO_GSE284005_MERSCOPE_MS,2,ms11r1_1546636600042100140,marker_reference_profile,context_harm,Micro Homeo,Micro Homeo,Micro IL1B,0.4176470204051675,0.721999873121273,0.0826379810406252,0.5984520044828134,0.3043528527161055,0.5158140234421882,consistent,marker_conflict
GEO_GSE327581_COSMX_AD_BRAIN,2,GSM9661874_217Rand144_2L::99::81,marker_reference_profile,context_harm,Dopaminergic.neurons,Dopaminergic.neurons,Inhibitory.neurons.habenula.hypothalamus,0.4678913979255155,0.979610000084557,0.0231053129603588,0.9661741979735888,0.5117186021590415,0.94306888501323,consistent;low_margin,consistent
GEO_GSE327581_COSMX_AD_BRAIN,1,GSM9661875_367Rand215L::30::442,marker_reference_profile,context_harm,Astrocytes.cortex.hippocampus,Astrocytes.cortex.hippocampus,Astrocytes.Bergmann.glia,0.471495145648534,0.9404647672425266,0.2174921670570196,0.9188956490915446,0.4689696215939926,0.7014034820345251,consistent,marker_conflict
GEO_GSE327581_COSMX_AD_BRAIN,2,GSM9661874_217Rand144_2L::59::22,marker_reference_profile,context_harm,Excitatory.neurons.hippocampal.CA3,Excitatory.neurons.hippocampal.CA3,Excitatory.neurons.hippocampal.CA2,0.9895540363730077,0.9403573382241166,0.9795603728762324,0.8818181130503819,-0.04919669814889105,-0.0977422598258505,consistent,marker_conflict
GEO_GSE327581_COSMX_AD_BRAIN,2,GSM9661874_217Rand144_2L::6::519,marker_reference_profile,context_harm,Inhibitory.neurons.reticular.nucleus,Inhibitory.neurons.reticular.nucleus,Inhibitory.neurons.habenula.hypothalamus,0.9008032995933114,0.906826430887535,0.8436598343038071,0.8380056634564383,0.006023131294223605,-0.005654170847368745,consistent,marker_conflict
GEO_GSE327581_COSMX_AD_BRAIN,2,GSM9661874_217Rand144_2L::181::202,marker_reference_profile,context_harm,Excitatory.neurons.hippocampal.CA3,Excitatory.neurons.hippocampal.CA3,Excitatory.neurons.hippocampal.CA2,0.9681462646713812,0.8853358755080084,0.939822283626956,0.7758207719713893,-0.0828103891633728,-0.16400151165556665,consistent,marker_conflict
GEO_GSE327581_COSMX_AD_BRAIN,2,GSM9661874_217Rand144_2L::45::250,marker_reference_profile,context_harm,Excitatory.neurons.hippocampal.CA1,Excitatory.neurons.hippocampal.CA1,Excitatory.neurons.hippocampal.CA2,0.9355591916165068,0.8508086153485769,0.8962962938427217,0.720056377444606,-0.08475057626792992,-0.17623991639811565,consistent,marker_conflict
GEO_GSE327581_COSMX_AD_BRAIN,1,GSM9661875_367Rand215L::148::250,marker_reference_profile,context_harm,Serotonergic.neurons,Serotonergic.neurons,Dopaminergic.neurons,0.7685361638950198,0.8459612194432158,0.5370818411718598,0.7111303032897254,0.07742505554819601,0.17404846211786562,consistent,marker_conflict;reference_conflict
GEO_GSE327581_COSMX_AD_BRAIN,1,GSM9661875_367Rand215L::193::30,marker_reference_profile,context_harm,Excitatory.neurons.hippocampal.CA3,Excitatory.neurons.hippocampal.CA3,Excitatory.neurons.hippocampal.CA2,0.9826406004655828,0.840994416140014,0.9654873668433008,0.6906844457500502,-0.14164618432556875,-0.27480292109325066,consistent,marker_conflict
GEO_GSE327581_COSMX_AD_BRAIN,2,GSM9661874_217Rand144_2L::59::89,marker_reference_profile,context_rescue,Excitatory.neurons.hippocampal.CA2,Excitatory.neurons.hippocampal.CA3,Excitatory.neurons.hippocampal.CA2,0.8918338321037564,0.9993895661762456,0.7836945301005982,0.9987831999809514,0.1075557340724892,0.21508866988035324,consistent,marker_conflict
GEO_GSE327581_COSMX_AD_BRAIN,2,GSM9661874_217Rand144_2L::243::161,marker_reference_profile,context_rescue,Excitatory.neurons.hippocampal.CA2,Excitatory.neurons.hippocampal.CA3,Excitatory.neurons.hippocampal.CA2,0.9629751916768444,0.9970431595129304,0.9260563110389664,0.9940976939785006,0.03406796783608601,0.06804138293953421,consistent,marker_conflict
GEO_GSE327581_COSMX_AD_BRAIN,2,GSM9661874_217Rand144_2L::59::150,marker_reference_profile,context_rescue,Excitatory.neurons.hippocampal.CA2,Excitatory.neurons.hippocampal.CA3,Excitatory.neurons.hippocampal.CA2,0.9654739201535768,0.9926792966825708,0.931366894525129,0.9854754296426134,0.02720537652899402,0.05410853511748437,consistent,marker_conflict
GEO_GSE327581_COSMX_AD_BRAIN,2,GSM9661874_217Rand144_2L::52::65,marker_reference_profile,context_rescue,Inhibitory.neurons.habenula.hypothalamus,Serotonergic.neurons,Inhibitory.neurons.habenula.hypothalamus,0.8051949133901601,0.9903100843016476,0.6133497347067747,0.98495342124289,0.18511517091148744,0.3716036865361153,consistent,marker_conflict
GEO_GSE327581_COSMX_AD_BRAIN,1,GSM9661875_367Rand215L::53::212,marker_reference_profile,context_rescue,Excitatory.neurons.hippocampal.CA2,Excitatory.neurons.hippocampal.CA3,Excitatory.neurons.hippocampal.CA2,0.9099173679814396,0.9563370625986172,0.8204981751728853,0.9223018591813048,0.04641969461717754,0.10180368400841955,consistent,marker_conflict
GEO_GSE327581_COSMX_AD_BRAIN,1,GSM9661875_367Rand215L::179::332,marker_reference_profile,context_rescue,Granule.neurons,Excitatory.neurons.hippocampal.CA3,Granule.neurons,0.3216994119280128,0.9182723992075156,0.0552797648546744,0.89813029162179,0.5965729872795027,0.8428505267671156,consistent;low_margin,marker_conflict
GEO_GSE327581_COSMX_AD_BRAIN,2,GSM9661874_217Rand144_2L::243::62,marker_reference_profile,context_rescue,Excitatory.neurons.hippocampal.CA2,Excitatory.neurons.hippocampal.CA3,Excitatory.neurons.hippocampal.CA2,0.6906201629079315,0.9235853652466464,0.3992285166187868,0.8657554490218989,0.23296520233871487,0.46652693240311216,consistent,marker_conflict
GEO_GSE327581_COSMX_AD_BRAIN,2,GSM9661874_217Rand144_2L::5::401,marker_reference_profile,context_rescue,Inhibitory.neurons.habenula.hypothalamus,Vascular.endothelial.cells,Inhibitory.neurons.habenula.hypothalamus,0.881426749930425,0.8810846024462082,0.7641896842723068,0.8427989492336009,-0.00034214748421679264,0.07860926496129406,consistent,marker_conflict
GEO_GSE327581_COSMX_AD_BRAIN,1,GSM9661875_367Rand215L::276::380,marker_reference_profile,changed_but_still_wrong,Peptidergic.neurons,Vascular.leptomeningeal.cells,Neurogliaform.cells,0.9254179262164292,0.927828586933721,0.8705606061461867,0.9143712647598916,0.0024106607172917904,0.04381065861370492,consistent,marker_conflict
GEO_GSE327581_COSMX_AD_BRAIN,1,GSM9661875_367Rand215L::188::469,marker_reference_profile,changed_but_still_wrong,Excitatory.neurons.telencephalon,Astrocytes.cortex.hippocampus,Committed.oligodendrocytes,0.7292369248690702,0.8454996383326518,0.466146201655074,0.7274471135101755,0.11626271346358164,0.26130091185510157,consistent,marker_conflict;reference_conflict
GEO_GSE327581_COSMX_AD_BRAIN,1,GSM9661875_367Rand215L::151::321,marker_reference_profile,changed_but_still_wrong,Astrocytes.thalamus.hypothalamus,Peptidergic.neurons,Astrocytes.Bergmann.glia,0.3549570240550346,0.7762908979950633,0.1768851795706558,0.7246528900243602,0.42133387394002875,0.5477677104537044,consistent,marker_conflict
GEO_GSE327581_COSMX_AD_BRAIN,2,GSM9661874_217Rand144_2L::23::404,marker_reference_profile,changed_but_still_wrong,Olfactory.ensheathing.cells,Tanycytes,Astrocytes.Bergmann.glia,0.497087032724394,0.7437850612606488,0.2259427025620254,0.6839310002856184,0.24669802853625483,0.45798829772359295,consistent,marker_conflict
GEO_GSE327581_COSMX_AD_BRAIN,2,GSM9661874_217Rand144_2L::47::521,marker_reference_profile,changed_but_still_wrong,Mature.oligodendrocytes,Hypendymal,Committed.oligodendrocytes,0.7719559702052815,0.7393073548686607,0.5871926719529776,0.6114113800216725,-0.03264861533662078,0.02421870806869486,consistent,marker_conflict;reference_conflict
GEO_GSE327581_COSMX_AD_BRAIN,4,GSM9661871_120Land323DY::5::225,marker_reference_profile,changed_but_still_wrong,Mature.oligodendrocytes,Hypendymal,Committed.oligodendrocytes,0.2908970329818753,0.6515022744539931,0.0300265841597094,0.5935350403665127,0.3606052414721178,0.5635084562068033,consistent;low_margin,consistent
GEO_GSE327581_COSMX_AD_BRAIN,2,GSM9661874_217Rand144_2L::181::191,marker_reference_profile,changed_but_still_wrong,Excitatory.neurons.amygdala,Excitatory.neurons.hippocampal.CA3,Excitatory.neurons.hippocampal.CA2,0.9759317343014786,0.7889688567967744,0.9524198128658158,0.5831873586347013,-0.1869628775047042,-0.3692324542311145,consistent,marker_conflict
GEO_GSE327581_COSMX_AD_BRAIN,1,GSM9661875_367Rand215L::158::678,marker_reference_profile,changed_but_still_wrong,Olfactory.ensheathing.cells,Tanycytes,Astrocytes.Bergmann.glia,0.6653799035859943,0.6777190592630908,0.4265165999770942,0.5623851897664269,0.012339155677096536,0.13586858978933275,consistent,marker_conflict
GEO_GSE333737_MERSCOPE_PANCREAS_VASCULAR,2,441891300165100755,marker_reference_profile,context_rescue,Pericytes,Endothelial Cells,Pericytes,0.3703527756283353,0.4388863306210611,0.0327890910244282,0.1330683250370967,0.06853355499272579,0.1002792340126685,consistent;low_margin,consistent
GEO_GSE333737_MERSCOPE_PANCREAS_VASCULAR,3,153926800372100869,marker_reference_profile,context_rescue,Pericytes,Islet-associated Fibroblasts,Pericytes,0.3941363725174963,0.3966295195747689,0.0746603664450539,0.0771695561062623,0.0024931470572726044,0.0025091896612084025,consistent;low_margin,marker_conflict;low_margin
GEO_GSE333737_MERSCOPE_PANCREAS_VASCULAR,2,1952862500277101943,marker_reference_profile,context_rescue,Pericytes,Endothelial Cells,Pericytes,0.2792923633665409,0.3334582816580488,0.0054833181693718,0.0680278488261645,0.05416591829150791,0.0625445306567927,consistent;low_margin,consistent;low_margin
GEO_GSE333737_MERSCOPE_PANCREAS_VASCULAR,1,3116423600348102266,marker_reference_profile,context_rescue,Pericytes,Fibroblasts,Pericytes,0.3679568355775903,0.3835191876856772,0.0143637920682193,0.0566215936312683,0.01556235210808693,0.042257801563049,consistent;low_margin,consistent;low_margin
GEO_GSE333737_MERSCOPE_PANCREAS_VASCULAR,3,153926800215100488,marker_reference_profile,context_rescue,Endothelial Cells,Islet-associated Fibroblasts,Endothelial Cells,0.3326795104050858,0.3691015051494297,0.0008583217150734,0.0432229810799022,0.03642199474434388,0.0423646593648288,consistent;low_margin,consistent;low_margin
GEO_GSE333737_MERSCOPE_PANCREAS_VASCULAR,3,153926800325100473,marker_reference_profile,context_rescue,Fibroblasts,Islet-associated Fibroblasts,Fibroblasts,0.408694810007649,0.4114547236824334,0.0009022905577393,0.0383757215088964,0.0027599136747843978,0.0374734309511571,consistent;low_margin,consistent;low_margin
GEO_GSE333737_MERSCOPE_PANCREAS_VASCULAR,2,441891300153101124,marker_reference_profile,context_rescue,Islet-associated Fibroblasts,Pericytes,Islet-associated Fibroblasts,0.2774635709949846,0.2988094503485778,0.0158549184852224,0.0356881681627763,0.021345879353593222,0.0198332496775539,consistent;low_margin,consistent;low_margin
GEO_GSE333737_MERSCOPE_PANCREAS_VASCULAR,2,1952862500281101452,marker_reference_profile,context_rescue,Endothelial Cells,Fibroblasts,Endothelial Cells,0.3933898048244185,0.3517444815837103,0.1040177159740302,0.0351686153914345,-0.04164532324070819,-0.06884910058259569,consistent,marker_conflict;low_margin
GEO_GSE333737_MERSCOPE_PANCREAS_VASCULAR,3,153926800514100725,marker_reference_profile,context_harm,Endothelial Cells,Endothelial Cells,Pericytes,0.4946945880749284,0.5708639045157293,0.0610219514171792,0.1935177719414803,0.07616931644080094,0.1324958205243011,consistent;low_margin,marker_conflict
GEO_GSE333737_MERSCOPE_PANCREAS_VASCULAR,2,441891300183100684,marker_reference_profile,context_harm,Islet-associated Fibroblasts,Islet-associated Fibroblasts,Pericytes,0.3320860984242793,0.4080242482969031,0.0170803349493121,0.1229881111059736,0.07593814987262382,0.1059077761566615,consistent;low_margin,consistent
GEO_GSE333737_MERSCOPE_PANCREAS_VASCULAR,1,3116423600266100250,marker_reference_profile,context_harm,Pericytes,Pericytes,Endothelial Cells,0.361059091535288,0.4148607302088551,0.005685626936398,0.0964223861078387,0.05380163867356713,0.0907367591714407,consistent;low_margin,consistent
GEO_GSE333737_MERSCOPE_PANCREAS_VASCULAR,3,1542364300321100674,marker_reference_profile,context_harm,Fibroblasts,Fibroblasts,Pericytes,0.3385143510784216,0.3816992704895688,0.0357354782047311,0.0895422134246712,0.043184919411147216,0.053806735219940095,consistent;low_margin,consistent
GEO_GSE333737_MERSCOPE_PANCREAS_VASCULAR,2,1952862500127101002,marker_reference_profile,context_harm,Fibroblasts,Fibroblasts,Pericytes,0.3168654310392313,0.3558667864976083,0.036419795548031,0.0891186413010096,0.03900135545837696,0.052698845752978604,consistent;low_margin,consistent
GEO_GSE333737_MERSCOPE_PANCREAS_VASCULAR,1,3008132100375201684,marker_reference_profile,context_harm,Endothelial Cells,Endothelial Cells,Pericytes,0.3943823133039918,0.3993733217812515,0.0196422302761986,0.0264611684068033,0.004991008477259695,0.006818938130604701,consistent;low_margin,consistent;low_margin
GEO_GSE333737_MERSCOPE_PANCREAS_VASCULAR,2,1952862500100102004,marker_reference_profile,context_harm,Islet-associated Fibroblasts,Islet-associated Fibroblasts,Pericytes,0.3563846955069321,0.3604769420084044,0.0442130375215031,0.0223275405551006,0.00409224650147233,-0.0218854969664025,consistent;low_margin,consistent;low_margin
GEO_GSE333737_MERSCOPE_PANCREAS_VASCULAR,2,1952862500051100138,marker_reference_profile,context_harm,Islet-associated Fibroblasts,Islet-associated Fibroblasts,Fibroblasts,0.5655917210385182,0.4886400535347077,0.1563167544016033,0.0187989355601336,-0.0769516675038105,-0.1375178188414697,consistent,marker_conflict;low_margin
GEO_GSE333737_MERSCOPE_PANCREAS_VASCULAR,2,1952862500322101421,marker_reference_profile,changed_but_still_wrong,Pericytes,Fibroblasts,Endothelial Cells,0.3821549327481708,0.3977039258156782,0.0815306297890183,0.0851306536876064,0.0155489930675074,0.0036000238985881006,consistent,marker_conflict
GEO_GSE333737_MERSCOPE_PANCREAS_VASCULAR,2,441891300176102051,marker_reference_profile,changed_but_still_wrong,Fibroblasts,Endothelial Cells,Islet-associated Fibroblasts,0.3228334334239044,0.3610328821166615,0.0254140254616576,0.0742444026838854,0.0381994486927571,0.04883037722222779,consistent;low_margin,consistent;low_margin
GEO_GSE333737_MERSCOPE_PANCREAS_VASCULAR,2,441891300146102591,marker_reference_profile,changed_but_still_wrong,Fibroblasts,Endothelial Cells,Islet-associated Fibroblasts,0.3250348170881529,0.330773365675351,0.0528533613615491,0.056691047683711,0.005738548587198078,0.003837686322161901,consistent;low_margin,marker_conflict;low_margin
GEO_GSE333737_MERSCOPE_PANCREAS_VASCULAR,3,153926800353100962,marker_reference_profile,changed_but_still_wrong,Islet-associated Fibroblasts,Pericytes,Endothelial Cells,0.3068728138728197,0.3056289589363897,0.028218565300876,0.05192007332784,-0.0012438549364300333,0.023701508026964004,consistent;low_margin,consistent;low_margin
GEO_GSE333737_MERSCOPE_PANCREAS_VASCULAR,3,1542364300069100696,marker_reference_profile,changed_but_still_wrong,Fibroblasts,Pericytes,Islet-associated Fibroblasts,0.3014485616346888,0.2954802279914787,0.0412877629384585,0.0314274593081957,-0.005968333643210089,-0.009860303630262794,consistent;low_margin,consistent;low_margin
GEO_GSE333737_MERSCOPE_PANCREAS_VASCULAR,2,1952862500297101876,marker_reference_profile,changed_but_still_wrong,Pericytes,Fibroblasts,Endothelial Cells,0.3626024286233012,0.3520901051862328,0.0246975521605777,0.0304282759343896,-0.010512323437068427,0.0057307237738119,consistent;low_margin,consistent;low_margin
GEO_GSE333737_MERSCOPE_PANCREAS_VASCULAR,3,1542364300237100450,marker_reference_profile,changed_but_still_wrong,Fibroblasts,Islet-associated Fibroblasts,Pericytes,0.2780404203949328,0.2768198800725015,0.0120705455169303,0.0240563420729791,-0.001220540322431296,0.0119857965560488,consistent;low_margin,consistent;low_margin
GEO_GSE333737_MERSCOPE_PANCREAS_VASCULAR,2,441891300192100407,marker_reference_profile,changed_but_still_wrong,Fibroblasts,Islet-associated Fibroblasts,Pericytes,0.2779083022281207,0.2925397397053324,0.0081472397572789,0.0218219464000669,0.01463143747721174,0.013674706642788002,consistent;low_margin,consistent;low_margin
GSE202623_LESION,3,b4s8_1.48013756176275e+38,marker_reference_profile,changed_but_still_wrong,VLMC,Endothelial,Pericytes,0.3383936838927845,0.8190507893170883,0.0019639704867163,0.718268803865817,0.4806571054243038,0.7163048333791008,consistent;low_margin,consistent
GSE202623_LESION,2,b4s8_3.28573396818011e+38,marker_reference_profile,changed_but_still_wrong,Microglia,T-cells,Astrocytes,0.3902052640772422,0.5777930255726471,0.1831069424657684,0.3497344745598751,0.1875877614954049,0.16662753209410672,consistent,marker_conflict
GSE202623_LESION,2,b4s8_2.67822777407318e+38,marker_reference_profile,changed_but_still_wrong,Microglia,VLMC,Astrocytes,0.2458641528819267,0.4472377870179457,0.0443394528292592,0.2942972221998875,0.201373634136019,0.24995776937062833,consistent;low_margin,consistent
GSE202623_LESION,5,b4s8_5.92848049867572e+36,marker_reference_profile,changed_but_still_wrong,Microglia,T-cells,Pericytes,0.5150531896247016,0.4563796338304504,0.1557791011893669,0.2445944048763657,-0.05867355579425121,0.0888153036869988,consistent,marker_conflict
GSE202623_LESION,2,b4s8_8.42875595515589e+37,marker_reference_profile,changed_but_still_wrong,Microglia,Oligodendrocyte,OPCs,0.3304816483841018,0.479176610646511,0.0884447416838232,0.2271775453122645,0.1486949622624092,0.13873280362844131,consistent,marker_conflict
GSE202623_LESION,2,b4s8_2.92116036486583e+38,marker_reference_profile,changed_but_still_wrong,Microglia,Endothelial,Pericytes,0.5980905673681194,0.5206275366312846,0.4362061167014508,0.2176668106983298,-0.0774630307368348,-0.21853930600312102,consistent,marker_conflict
GSE202623_LESION,4,b4s8_2.10365173008493e+38,marker_reference_profile,changed_but_still_wrong,VLMC,Endothelial,Pericytes,0.3741801288365801,0.4942421741710182,0.0821000999190978,0.2106638366222529,0.1200620453344381,0.12856373670315513,consistent,marker_conflict
GSE202623_LESION,3,b4s8_2.46113003264508e+38,marker_reference_profile,changed_but_still_wrong,Microglia,VLMC,Endothelial,0.4525167779703601,0.4532639868041366,0.0560569805967998,0.1929645700074389,0.0007472088337764915,0.1369075894106391,consistent;low_margin,marker_conflict;reference_conflict
GSE202623_LESION,2,b4s8_3.14675320445181e+38,marker_reference_profile,context_rescue,Pericytes,Endothelial,Pericytes,0.5301089889939856,0.9601234636449026,0.0936800170755102,0.9261465579778084,0.430014474650917,0.8324665409022982,consistent,marker_conflict
GSE202623_LESION,1,b4s8_7.65784018482415e+37,marker_reference_profile,context_rescue,Pericytes,Endothelial,Pericytes,0.7340117040595138,0.8042189224695382,0.5250922754658084,0.6395546793859694,0.07020721841002442,0.11446240392016105,consistent,marker_conflict
GSE202623_LESION,1,b4s8_2.35161905563887e+38,marker_reference_profile,context_rescue,Astrocytes,Microglia,Astrocytes,0.4184454504483793,0.7174394004639413,0.0496278370270591,0.570422747246383,0.298993950015562,0.5207949102193239,consistent;low_margin,consistent
GSE202623_LESION,5,b4s8_3.19791877139124e+37,marker_reference_profile,context_rescue,Astrocytes,Microglia,Astrocytes,0.5822787979471629,0.7101151519236403,0.3555548269901232,0.5686381446771234,0.1278363539764774,0.21308331768700017,consistent,marker_conflict
GSE202623_LESION,4,b4s8_1.21559168165543e+38,marker_reference_profile,context_rescue,Astrocytes,Microglia,Astrocytes,0.6147845927681646,0.6781644205050025,0.4075557421796478,0.5032448580309161,0.06337982773683792,0.09568911585126832,consistent,marker_conflict
GSE202623_LESION,3,b4s8_1.96586085760156e+38,marker_reference_profile,context_rescue,Astrocytes,Microglia,Astrocytes,0.5236235660680022,0.6671365611179908,0.2602223993414531,0.4922475376228319,0.1435129950499886,0.23202513828137883,consistent,marker_conflict
GSE202623_LESION,2,b4s8_9.8663806544093e+37,marker_reference_profile,context_rescue,OPCs,Microglia,OPCs,0.5642898908273853,0.6479811089399158,0.234359890894845,0.4861355957171938,0.08369121811253044,0.2517757048223488,consistent,marker_conflict
GSE202623_LESION,3,b4s8_3.22250041579889e+38,marker_reference_profile,context_rescue,Pericytes,Endothelial,Pericytes,0.657345867805152,0.7126774791739923,0.444825525416224,0.4750632974939713,0.05533161136884024,0.030237772077747305,consistent,marker_conflict
GSE202623_LESION,5,b4s8_2.45293460604847e+38,marker_reference_profile,context_harm,Endothelial,Endothelial,Pericytes,0.5872931478827885,0.8823635201400207,0.2221673905639456,0.7832493979970221,0.2950703722572322,0.5610820074330765,consistent,marker_conflict
GSE202623_LESION,5,b4s8_6.53869039139163e+37,marker_reference_profile,context_harm,Endothelial,Endothelial,Pericytes,0.4664608936369557,0.6284941404977498,0.2115995853511328,0.367928450558281,0.16203324686079407,0.1563288652071482,consistent,marker_conflict
GSE202623_LESION,4,b4s8_1.29987934188501e+38,marker_reference_profile,context_harm,Endothelial,Endothelial,Pericytes,0.5290818316039859,0.637872062387548,0.1222548125362235,0.3609943559597364,0.10879023078356209,0.2387395434235129,consistent,marker_conflict
GSE202623_LESION,2,b4s8_2.97736455986773e+38,marker_reference_profile,context_harm,Endothelial,Endothelial,Pericytes,0.7790808576054052,0.6347851414133627,0.6282256786448152,0.3456488836710614,-0.1442957161920425,-0.28257679497375376,consistent,marker_conflict
GSE202623_LESION,2,b4s8_1.22002273124479e+38,marker_reference_profile,context_harm,Endothelial,Endothelial,Pericytes,0.7617738451198449,0.6366894294709061,0.6297012347887541,0.332780985804012,-0.1250844156489388,-0.29692024898474206,consistent,marker_conflict
GSE202623_LESION,5,b4s8_1.61959115567321e+38,marker_reference_profile,context_harm,Endothelial,Endothelial,Pericytes,0.5802317129772138,0.6196162934684339,0.3254487837156564,0.3191614634748182,0.03938458049122018,-0.006287320240838168,consistent,marker_conflict
GSE202623_LESION,1,b4s8_1.65744714078942e+38,marker_reference_profile,context_harm,Microglia,Microglia,Astrocytes,0.3851115436243103,0.488124467877353,0.1069275416160087,0.3089832080786997,0.10301292425304265,0.20205566646269102,consistent,marker_conflict
GSE202623_LESION,2,b4s8_1.11160785557156e+38,marker_reference_profile,context_harm,Microglia,Microglia,OPCs,0.800075546577283,0.5001903557193956,0.7017693864141006,0.2981324346024324,-0.29988519085788734,-0.4036369518116682,consistent,marker_conflict
SQUIDPY_IMC,3,352,marker_reference_profile,changed_but_still_wrong,macrophages,small elongated stromal cell,vimentin hi stromal cell,0.3670921976946741,0.4267835297016276,0.038252855459138,0.1988914786120072,0.05969133200695348,0.1606386231528692,consistent;low_margin,consistent
SQUIDPY_IMC,1,3402,marker_reference_profile,changed_but_still_wrong,endothelial,small elongated stromal cell,vimentin hi stromal cell,0.3877038586121663,0.4158440085527128,0.0399471828605817,0.1929489349407577,0.028140149940546533,0.15300175208017602,consistent;low_margin,consistent
SQUIDPY_IMC,1,693,marker_reference_profile,changed_but_still_wrong,T cells,small elongated stromal cell,vimentin hi stromal cell,0.3756285783551443,0.3974971945641397,0.0419213565942185,0.1782140066568336,0.021868616208995384,0.1362926500626151,consistent;low_margin,consistent
SQUIDPY_IMC,1,4280,marker_reference_profile,changed_but_still_wrong,T cells,small elongated stromal cell,vimentin hi stromal cell,0.4554157176487113,0.4123820335821019,0.1539922034138039,0.1741574820525344,-0.0430336840666094,0.020165278638730494,consistent,marker_conflict
SQUIDPY_IMC,1,722,marker_reference_profile,changed_but_still_wrong,T cells,small elongated stromal cell,vimentin hi stromal cell,0.3494405746085143,0.3849285919882526,0.0420326430011748,0.1734979110960097,0.03548801737973828,0.13146526809483491,consistent;low_margin,consistent
SQUIDPY_IMC,1,4253,marker_reference_profile,changed_but_still_wrong,T cells,small elongated stromal cell,vimentin hi stromal cell,0.321347024575158,0.355665049750187,0.0256307651863291,0.1724887157246321,0.034318025175028966,0.146857950538303,consistent;low_margin,consistent
SQUIDPY_IMC,4,4189,marker_reference_profile,changed_but_still_wrong,T cells,small elongated stromal cell,endothelial,0.324284412002998,0.3607969900007694,0.0248710259116231,0.1311131713739337,0.03651257799777141,0.10624214546231059,consistent;low_margin,consistent
SQUIDPY_IMC,3,1925,marker_reference_profile,changed_but_still_wrong,macrophages,small elongated stromal cell,vimentin hi stromal cell,0.3008807166595403,0.3198985196528299,0.0414068150910931,0.1117720554264926,0.01901780299328959,0.07036524033539951,consistent;low_margin,consistent
SQUIDPY_IMC,1,1135,marker_reference_profile,context_rescue,vimentin hi stromal cell,small elongated stromal cell,vimentin hi stromal cell,0.452618596367169,0.4440772707623656,0.1019649651034144,0.2073968079206909,-0.008541325604803418,0.1054318428172765,consistent,marker_conflict
SQUIDPY_IMC,3,3873,marker_reference_profile,context_rescue,vimentin hi stromal cell,small elongated stromal cell,vimentin hi stromal cell,0.3253577540276515,0.3653004819339968,0.0166765142121023,0.155281822722209,0.03994272790634529,0.1386053085101067,consistent;low_margin,consistent
SQUIDPY_IMC,1,1168,marker_reference_profile,context_rescue,vimentin hi stromal cell,small elongated stromal cell,vimentin hi stromal cell,0.3483475964985808,0.3467293007905834,0.0762210636253531,0.1410061020694913,-0.0016182957079974303,0.0647850384441382,consistent;low_margin,marker_conflict
SQUIDPY_IMC,5,941,marker_reference_profile,context_rescue,macrophages,small elongated stromal cell,macrophages,0.2930128467339727,0.3043142733593375,0.0234655304434843,0.1127413450893854,0.011301426625364763,0.08927581464590109,consistent;low_margin,consistent
SQUIDPY_IMC,5,1041,marker_reference_profile,context_rescue,vimentin hi stromal cell,small elongated stromal cell,vimentin hi stromal cell,0.3395971524642341,0.3290913697005482,0.052103160292468,0.1073923433641007,-0.010505782763685911,0.0552891830716327,consistent;low_margin,marker_conflict
SQUIDPY_IMC,1,1142,marker_reference_profile,context_rescue,vimentin hi stromal cell,small elongated stromal cell,vimentin hi stromal cell,0.374122876269007,0.357623668175067,0.0656993955977952,0.1035759014897516,-0.016499208093939954,0.0378765058919564,consistent;low_margin,marker_conflict
SQUIDPY_IMC,5,3068,marker_reference_profile,context_rescue,macrophages,small elongated stromal cell,macrophages,0.2825267353880737,0.2834993127109274,0.0318971088902472,0.0805771999725366,0.0009725773228536627,0.04868009108228939,consistent;low_margin,consistent
SQUIDPY_IMC,1,1514,marker_reference_profile,context_rescue,macrophages,small elongated stromal cell,macrophages,0.2848193050464269,0.2814241088131884,0.0330413150002308,0.0785785997212561,-0.0033951962332384733,0.04553728472102529,consistent;low_margin,consistent;low_margin
SQUIDPY_IMC,3,266,marker_reference_profile,context_harm,small elongated stromal cell,small elongated stromal cell,vimentin hi stromal cell,0.3824062861714044,0.4396848685103863,0.052658503107616,0.2100687384486804,0.05727858233898192,0.1574102353410644,consistent;low_margin,marker_conflict
SQUIDPY_IMC,1,4149,marker_reference_profile,context_harm,small elongated stromal cell,small elongated stromal cell,vimentin hi stromal cell,0.4131359961291831,0.3492531812140483,0.1261740690303165,0.0950768391667152,-0.06388281491513481,-0.031097229863601306,consistent,marker_conflict
SQUIDPY_IMC,5,3300,marker_reference_profile,context_harm,T cells,T cells,macrophages,0.3481757082892482,0.3225441655918751,0.0280374253617377,0.0722240096560928,-0.02563154269737311,0.0441865842943551,consistent;low_margin,consistent;low_margin
SQUIDPY_IMC,1,684,marker_reference_profile,context_harm,T cells,T cells,macrophages,0.3148943725648351,0.3253850170209293,0.007436275504897,0.0628926849764729,0.010490644456094211,0.05545640947157591,consistent;low_margin,consistent;low_margin
SQUIDPY_IMC,4,712,marker_reference_profile,context_harm,T cells,T cells,macrophages,0.2669866411895816,0.2611057781263365,0.0027536089710257,0.0378348759375129,-0.00588086306324509,0.035081266966487196,consistent;low_margin,consistent;low_margin
SQUIDPY_IMC,5,1093,marker_reference_profile,context_harm,T cells,T cells,macrophages,0.1922374851679382,0.2223048784815758,0.0085810869432065,0.0373141619689037,0.030067393313637586,0.028733075025697198,consistent;low_margin,consistent;low_margin
SQUIDPY_IMC,5,3152,marker_reference_profile,context_harm,small elongated stromal cell,small elongated stromal cell,vimentin hi stromal cell,0.3034327243139034,0.2609272354224806,0.050122773806435,0.0368173384323727,-0.042505488891422805,-0.0133054353740623,consistent;low_margin,marker_conflict;low_margin
SQUIDPY_IMC,1,678,marker_reference_profile,context_harm,T cells,T cells,macrophages,0.235411402764839,0.2609386432287737,0.0068725692257781,0.0361698922792479,0.025527240463934703,0.029297323053469798,consistent;low_margin,consistent;low_margin
SQUIDPY_MERFISH,5,15400-9,marker_reference_profile,context_harm,OD Mature 2,OD Mature 2,OD Mature 4,0.3358329979772366,0.6864515294664039,0.0898912862715738,0.534856060973752,0.3506185314891673,0.4449647747021782,consistent,marker_conflict
SQUIDPY_MERFISH,5,15532-9,marker_reference_profile,context_harm,OD Mature 2,OD Mature 2,OD Mature 4,0.3507651185234997,0.6703798739731182,0.111362652950643,0.4925754942044946,0.3196147554496185,0.3812128412538516,consistent,marker_conflict
SQUIDPY_MERFISH,5,14136-9,marker_reference_profile,context_harm,OD Mature 2,OD Mature 2,OD Mature 4,0.2679894612638397,0.6291447068351487,0.0199982454231269,0.4843585578624071,0.36115524557130896,0.4643603124392802,consistent;low_margin,consistent
SQUIDPY_MERFISH,2,17698-8,marker_reference_profile,context_harm,OD Mature 2,OD Mature 2,OD Mature 3,0.3843537017986654,0.6459305648974971,0.0059845331891058,0.4729400548505078,0.2615768630988317,0.466955521661402,consistent;low_margin,consistent
SQUIDPY_MERFISH,3,55645-2,marker_reference_profile,context_harm,OD Mature 2,OD Mature 2,OD Mature 4,0.2910592124350036,0.6545343307979035,0.0183352663544966,0.469785517713412,0.36347511836289986,0.45145025135891537,consistent;low_margin,consistent
SQUIDPY_MERFISH,4,52368-3,marker_reference_profile,context_harm,OD Mature 2,OD Mature 2,OD Mature 4,0.3672863234452332,0.6068276663487914,0.0845462232490876,0.4020025763926916,0.23954134290355816,0.317456353143604,consistent,marker_conflict
SQUIDPY_MERFISH,4,62510-1,marker_reference_profile,context_harm,OD Mature 1,OD Mature 1,OD Mature 4,0.3345270821202876,0.5870411906768229,0.0183455379318984,0.3861872952231108,0.25251410855653533,0.3678417572912124,consistent;low_margin,consistent
SQUIDPY_MERFISH,4,26301-7,marker_reference_profile,context_harm,OD Mature 2,OD Mature 2,OD Mature 4,0.3838287854155687,0.5960412647813084,0.1298732966492279,0.3854913493987036,0.21221247936573967,0.2556180527494757,consistent,marker_conflict
SQUIDPY_MERFISH,3,60253-2,marker_reference_profile,changed_but_still_wrong,OD Mature 2,OD Mature 1,OD Mature 4,0.343312121023722,0.6840456957359015,0.0749458374226627,0.5460081510405723,0.34073357471217947,0.4710623136179096,consistent;low_margin,marker_conflict
SQUIDPY_MERFISH,5,15646-9,marker_reference_profile,changed_but_still_wrong,OD Mature 2,OD Mature 1,OD Mature 4,0.3032273210504249,0.6561989466676021,0.0142883923065833,0.511048388591574,0.35297162561717726,0.4967599962849907,consistent;low_margin,consistent
SQUIDPY_MERFISH,2,38377-5,marker_reference_profile,changed_but_still_wrong,OD Mature 1,OD Mature 2,OD Mature 4,0.2735622934917878,0.6073281506510825,0.016400735392286,0.411945567894964,0.3337658571592947,0.395544832502678,consistent;low_margin,consistent
SQUIDPY_MERFISH,3,56154-2,marker_reference_profile,changed_but_still_wrong,Microglia,OD Mature 2,OD Mature 4,0.304385518244677,0.6030015289093923,0.0451248299961635,0.3929207644393898,0.29861601066471527,0.34779593444322626,consistent;low_margin,consistent
SQUIDPY_MERFISH,5,15647-9,marker_reference_profile,changed_but_still_wrong,OD Mature 1,OD Mature 2,OD Mature 4,0.2569584292662128,0.5471242173155972,0.0112472146945891,0.3903436535537291,0.2901657880493844,0.37909643885913996,consistent;low_margin,consistent
SQUIDPY_MERFISH,2,20392-8,marker_reference_profile,changed_but_still_wrong,OD Mature 1,OD Mature 2,OD Mature 4,0.2855214912800063,0.5449618725847374,0.0243906432728271,0.3779902086930981,0.25944038130473107,0.353599565420271,consistent;low_margin,consistent
SQUIDPY_MERFISH,2,38365-5,marker_reference_profile,changed_but_still_wrong,OD Mature 1,OD Mature 2,OD Mature 4,0.2875769813717644,0.5651604335015741,0.0044290897743223,0.3756931030205963,0.27758345212980967,0.37126401324627395,consistent;low_margin,consistent
SQUIDPY_MERFISH,2,38409-5,marker_reference_profile,changed_but_still_wrong,OD Mature 1,OD Mature 2,OD Mature 4,0.2433051233198511,0.5269726142722339,0.0157528643111709,0.3717001970274167,0.28366749095238275,0.3559473327162458,consistent;low_margin,consistent
SQUIDPY_MERFISH,4,52578-3,marker_reference_profile,context_rescue,OD Mature 4,OD Mature 2,OD Mature 4,0.3983034109522484,0.7657945771278358,0.0660653424035134,0.6364253628564283,0.3674911661755874,0.5703600204529149,consistent;low_margin,marker_conflict
SQUIDPY_MERFISH,5,12912-9,marker_reference_profile,context_rescue,OD Mature 4,OD Mature 2,OD Mature 4,0.3622228418308237,0.7437672200203456,0.1021063679590569,0.6258520795969567,0.38154437818952186,0.5237457116378997,consistent,marker_conflict
SQUIDPY_MERFISH,2,20252-8,marker_reference_profile,context_rescue,OD Mature 4,OD Mature 2,OD Mature 4,0.3407385754608369,0.7831934643824912,0.0079968949513735,0.6179240826874611,0.44245488892165424,0.6099271877360877,consistent;low_margin,consistent
SQUIDPY_MERFISH,5,15525-9,marker_reference_profile,context_rescue,OD Mature 4,OD Mature 2,OD Mature 4,0.300655085785904,0.732408331406284,0.0014770997291414,0.5955595367667317,0.43175324562038003,0.5940824370375902,consistent;low_margin,consistent
SQUIDPY_MERFISH,3,60325-2,marker_reference_profile,context_rescue,OD Mature 4,OD Mature 1,OD Mature 4,0.3713392287620075,0.7205684134747403,0.0324841319940298,0.5729867867445553,0.34922918471273284,0.5405026547505255,consistent;low_margin,consistent
SQUIDPY_MERFISH,5,16718-9,marker_reference_profile,context_rescue,OD Mature 4,OD Mature 2,OD Mature 4,0.3597821736808463,0.7028998283596121,0.0924942219144684,0.5720488043813488,0.34311765467876576,0.4795545824668803,consistent,marker_conflict
SQUIDPY_MERFISH,4,26279-7,marker_reference_profile,context_rescue,OD Mature 4,OD Mature 2,OD Mature 4,0.3501443827569149,0.7115578774175207,0.0417520813822904,0.5533342338712847,0.36141349466060585,0.5115821524889943,consistent;low_margin,consistent
SQUIDPY_MERFISH,4,27416-7,marker_reference_profile,context_rescue,OD Mature 4,OD Mature 2,OD Mature 4,0.3327078167897503,0.6981277079940895,0.0254717507070512,0.5519423761098333,0.3654198912043392,0.5264706254027821,consistent;low_margin,consistent
SQUIDPY_MIBITOF,3,9690-1,marker_reference_profile,context_rescue,Epithelial,Imm_other,Epithelial,0.3810711722053051,0.4307424328240326,0.0376612819469446,0.2256862874006768,0.04967126061872745,0.1880250054537322,consistent;low_margin,consistent
SQUIDPY_MIBITOF,3,9897-1,marker_reference_profile,context_rescue,Tcell_CD8,Imm_other,Tcell_CD8,0.3783867398877364,0.3550389427476377,0.1735287134390915,0.1802162406991472,-0.023347797140098714,0.006687527260055726,consistent,marker_conflict
SQUIDPY_MIBITOF,1,46836-2,marker_reference_profile,context_rescue,Tcell_CD8,Endothelial,Tcell_CD8,0.3082318018475229,0.3495037581953438,0.0494289046626066,0.1711515318274356,0.04127195634782088,0.12172262716482898,consistent;low_margin,consistent
SQUIDPY_MIBITOF,2,3890-0,marker_reference_profile,context_rescue,Tcell_CD8,Imm_other,Tcell_CD8,0.3765222438252962,0.3810224529206972,0.0294412152061472,0.1646638407333097,0.004500209095400998,0.1352226255271625,consistent;low_margin,consistent
SQUIDPY_MIBITOF,3,9589-1,marker_reference_profile,context_rescue,Endothelial,Imm_other,Endothelial,0.4270972436686902,0.3808007386538318,0.1343834223212779,0.1641533777794626,-0.04629650501485838,0.0297699554581847,consistent,marker_conflict
SQUIDPY_MIBITOF,3,9812-1,marker_reference_profile,context_rescue,Myeloid_CD11c,Imm_other,Myeloid_CD11c,0.2746827714925964,0.3458411438227817,0.0011117257821479,0.1619476421255491,0.0711583723301853,0.1608359163434012,consistent;low_margin,consistent
SQUIDPY_MIBITOF,2,3364-0,marker_reference_profile,context_rescue,Tcell_CD8,Imm_other,Tcell_CD8,0.418301753817624,0.3849756968999961,0.103628943146831,0.1604220207678287,-0.03332605691762791,0.05679307762099768,consistent,marker_conflict
SQUIDPY_MIBITOF,3,10050-1,marker_reference_profile,context_rescue,Epithelial,Imm_other,Epithelial,0.3507055257213429,0.3406033561512253,0.078538968209524,0.1456917267681484,-0.010102169570117614,0.0671527585586244,consistent;low_margin,marker_conflict
SQUIDPY_MIBITOF,2,3805-0,marker_reference_profile,changed_but_still_wrong,Imm_other,Fibroblast,Endothelial,0.4149707774232827,0.5074360419084599,0.0532678760396876,0.2798569487838591,0.09246526448517722,0.22658907274417148,consistent;low_margin,marker_conflict
SQUIDPY_MIBITOF,2,3217-0,marker_reference_profile,changed_but_still_wrong,Myeloid_CD11c,Fibroblast,Endothelial,0.4643250749700722,0.5203889678658321,0.1164030983552095,0.2707373199161503,0.056063892895759915,0.1543342215609408,consistent,marker_conflict
SQUIDPY_MIBITOF,2,3456-0,marker_reference_profile,changed_but_still_wrong,Tcell_CD4,Fibroblast,Endothelial,0.296611232754613,0.3996617628488119,0.0302064725843722,0.2336160268202565,0.1030505300941989,0.2034095542358843,consistent;low_margin,consistent
SQUIDPY_MIBITOF,2,3719-0,marker_reference_profile,changed_but_still_wrong,Myeloid_CD11c,Fibroblast,Endothelial,0.280118115511604,0.3768438754085451,0.0279593941615433,0.2147091958011155,0.0967257598969411,0.1867498016395722,consistent;low_margin,consistent
SQUIDPY_MIBITOF,2,3867-0,marker_reference_profile,changed_but_still_wrong,Tcell_CD4,Imm_other,Endothelial,0.2419903217575326,0.3809637945444534,0.0179239944551447,0.2129494621062517,0.1389734727869208,0.195025467651107,consistent;low_margin,consistent
SQUIDPY_MIBITOF,2,3894-0,marker_reference_profile,changed_but_still_wrong,Tcell_CD8,Imm_other,Endothelial,0.2140105579896629,0.3325200944428317,0.0002349382379775,0.1764293049085363,0.1185095364531688,0.17619436667055882,consistent;low_margin,consistent
SQUIDPY_MIBITOF,3,10179-1,marker_reference_profile,changed_but_still_wrong,Myeloid_CD68,Tcell_CD4,Endothelial,0.3119890638553127,0.3600326975147683,0.029911919539478,0.1686583572500036,0.048043633659455576,0.1387464377105256,consistent;low_margin,consistent
SQUIDPY_MIBITOF,2,4113-0,marker_reference_profile,changed_but_still_wrong,Tcell_CD4,Epithelial,Endothelial,0.3786189393938162,0.4173146746176219,0.0170813465570108,0.1541930067214187,0.038695735223805705,0.1371116601644079,consistent;low_margin,consistent
SQUIDPY_MIBITOF,3,9871-1,marker_reference_profile,context_harm,Imm_other,Imm_other,Tcell_CD8,0.461773569073848,0.382777088671919,0.2637560497270901,0.2182651667854645,-0.07899648040192897,-0.04549088294162559,consistent,marker_conflict
SQUIDPY_MIBITOF,3,9875-1,marker_reference_profile,context_harm,Imm_other,Imm_other,Tcell_CD8,0.3177326273319204,0.3745024564595221,0.0139820280295871,0.2171222700128296,0.0567698291276017,0.20314024198324251,consistent;low_margin,consistent
SQUIDPY_MIBITOF,3,10048-1,marker_reference_profile,context_harm,Tcell_CD4,Tcell_CD4,Tcell_CD8,0.390440884027339,0.385837134128307,0.0277801327270814,0.1125620701714934,-0.004603749899032006,0.08478193744441201,consistent;low_margin,consistent
SQUIDPY_MIBITOF,3,10215-1,marker_reference_profile,context_harm,Fibroblast,Fibroblast,Endothelial,0.366915919911229,0.3920615984600812,0.0564628770364835,0.1089970844258074,0.02514567854885219,0.0525342073893239,consistent;low_margin,marker_conflict
SQUIDPY_MIBITOF,2,4197-0,marker_reference_profile,context_harm,Imm_other,Imm_other,Tcell_CD8,0.3393988146372995,0.3038330071961312,0.0397177113383236,0.1022550417025786,-0.03556580744116827,0.06253733036425499,consistent;low_margin,consistent
SQUIDPY_MIBITOF,3,9405-1,marker_reference_profile,context_harm,Myeloid_CD68,Myeloid_CD68,Imm_other,0.234525086444048,0.2424565217847217,0.0581154110797056,0.0942886605417904,0.007931435340673726,0.0361732494620848,consistent;low_margin,marker_conflict
SQUIDPY_MIBITOF,3,10087-1,marker_reference_profile,context_harm,Imm_other,Imm_other,Myeloid_CD11c,0.338779550430339,0.2274322655682633,0.172401317397199,0.0835311453766427,-0.11134728486207573,-0.08887017202055629,consistent,marker_conflict
SQUIDPY_MIBITOF,1,46930-2,marker_reference_profile,context_harm,Tcell_CD4,Tcell_CD4,Tcell_CD8,0.2726892116055801,0.3110143131978138,0.0040591541360895,0.0729633047975058,0.038325101592233735,0.06890415066141631,consistent;low_margin,consistent;low_margin
SQUIDPY_SEQFISH,2,embryo1_Pos11_cell94_z2,marker_reference_profile,context_rescue,Endothelium,Haematoendothelial progenitors,Endothelium,0.6897388104690113,0.8711176974650793,0.3870594394546313,0.7501077476211219,0.18137888699606797,0.3630483081664906,consistent,marker_conflict
SQUIDPY_SEQFISH,3,embryo1_Pos21_cell225_z2,marker_reference_profile,context_rescue,Endothelium,Haematoendothelial progenitors,Endothelium,0.6329942724009623,0.8620333498360996,0.2837063351284304,0.7486766789751678,0.2290390774351373,0.46497034384673736,consistent,marker_conflict
SQUIDPY_SEQFISH,2,embryo1_Pos11_cell317_z2,marker_reference_profile,context_rescue,Endothelium,Haematoendothelial progenitors,Endothelium,0.6299003419526701,0.8683741591376241,0.2639689332699691,0.7466181224911627,0.23847381718495397,0.48264918922119354,consistent,marker_conflict
SQUIDPY_SEQFISH,2,embryo1_Pos12_cell197_z2,marker_reference_profile,context_rescue,Endothelium,Haematoendothelial progenitors,Endothelium,0.7069480646390154,0.8667522910557676,0.4160160072812936,0.7377669055565425,0.15980422641675218,0.32175089827524883,consistent,marker_conflict
SQUIDPY_SEQFISH,1,embryo1_Pos27_cell54_z2,marker_reference_profile,context_rescue,Endothelium,Haematoendothelial progenitors,Endothelium,0.5297342687564244,0.8479981386485765,0.0857990168859856,0.7097319353026809,0.31826386989215216,0.6239329184166953,consistent,marker_conflict
SQUIDPY_SEQFISH,1,embryo1_Pos20_cell380_z2,marker_reference_profile,context_rescue,Endothelium,Haematoendothelial progenitors,Endothelium,0.6103363618636323,0.8524145178466189,0.2301521308961099,0.7095997979401936,0.24207815598298665,0.4794476670440837,consistent,marker_conflict
SQUIDPY_SEQFISH,3,embryo1_Pos7_cell107_z5,marker_reference_profile,context_rescue,Endothelium,Haematoendothelial progenitors,Endothelium,0.5194658411230704,0.8377105478475237,0.0629915095775031,0.7060881682398358,0.3182447067244534,0.6430966586623327,consistent;low_margin,marker_conflict
SQUIDPY_SEQFISH,3,embryo1_Pos8_cell322_z5,marker_reference_profile,context_rescue,Endothelium,Haematoendothelial progenitors,Endothelium,0.5795545037622744,0.8456916588372864,0.1697023407829769,0.7060711603373117,0.266137155075012,0.5363688195543348,consistent,marker_conflict
SQUIDPY_SEQFISH,3,embryo1_Pos10_cell140_z2,marker_reference_profile,context_harm,Haematoendothelial progenitors,Haematoendothelial progenitors,Endothelium,0.5226394160026189,0.8341339056701063,0.0556673624407478,0.6811584327662046,0.3114944896674874,0.6254910703254568,consistent;low_margin,marker_conflict
SQUIDPY_SEQFISH,3,embryo1_Pos10_cell151_z2,marker_reference_profile,context_harm,Haematoendothelial progenitors,Haematoendothelial progenitors,Endothelium,0.4863875931588008,0.7905310367594264,0.0486324358280109,0.6485190119107227,0.30414344360062556,0.5998865760827118,consistent;low_margin,consistent
SQUIDPY_SEQFISH,3,embryo1_Pos6_cell33_z5,marker_reference_profile,context_harm,Haematoendothelial progenitors,Haematoendothelial progenitors,Endothelium,0.5868087270084674,0.7951947117290523,0.1970845301458539,0.6173445006714753,0.2083859847205849,0.42025997052562136,consistent,marker_conflict
SQUIDPY_SEQFISH,2,embryo1_Pos0_cell410_z2,marker_reference_profile,context_harm,Haematoendothelial progenitors,Haematoendothelial progenitors,Endothelium,0.6847249491349384,0.7800831869759259,0.4180935402227506,0.6083876394771344,0.09535823784098751,0.1902940992543838,consistent,marker_conflict
SQUIDPY_SEQFISH,2,embryo1_Pos8_cell130_z5,marker_reference_profile,context_harm,Haematoendothelial progenitors,Haematoendothelial progenitors,Endothelium,0.537011747247172,0.7182805181484557,0.2190959452954768,0.5492302132456937,0.18126877090128368,0.33013426795021683,consistent,marker_conflict
SQUIDPY_SEQFISH,3,embryo1_Pos7_cell110_z2,marker_reference_profile,context_harm,Haematoendothelial progenitors,Haematoendothelial progenitors,Endothelium,0.5707734372109244,0.7642317789280454,0.1474584569233915,0.5409199371568308,0.19345834171712095,0.39346148023343935,consistent,marker_conflict
SQUIDPY_SEQFISH,3,embryo1_Pos10_cell105_z5,marker_reference_profile,context_harm,Haematoendothelial progenitors,Haematoendothelial progenitors,Endothelium,0.5763287605394517,0.7239018575242933,0.2276031180765973,0.5387412888166563,0.14757309698484156,0.311138170740059,consistent,marker_conflict
SQUIDPY_SEQFISH,3,embryo1_Pos7_cell81_z5,marker_reference_profile,context_harm,Haematoendothelial progenitors,Haematoendothelial progenitors,Endothelium,0.5774091427359374,0.7644494320836286,0.1575500836417885,0.5385561371919163,0.18704028934769124,0.38100605355012784,consistent,marker_conflict
SQUIDPY_SEQFISH,1,embryo1_Pos28_cell261_z2,marker_reference_profile,changed_but_still_wrong,Haematoendothelial progenitors,Sclerotome,Anterior somitic tissues,0.5069237452487676,0.7042071301018393,0.0515231139009346,0.5158117078642706,0.19728338485307173,0.46428859396333594,consistent;low_margin,marker_conflict
SQUIDPY_SEQFISH,3,embryo1_Pos20_cell77_z2,marker_reference_profile,changed_but_still_wrong,Haematoendothelial progenitors,Splanchnic mesoderm,Endothelium,0.6325735856812327,0.6304227185835742,0.3935391661763679,0.4010952526201627,-0.0021508670976584376,0.007556086443794796,consistent,marker_conflict
SQUIDPY_SEQFISH,1,embryo1_Pos28_cell263_z2,marker_reference_profile,changed_but_still_wrong,Cranial mesoderm,Sclerotome,Anterior somitic tissues,0.388089233812591,0.5320253346948846,0.0465539246864673,0.3554749461890485,0.14393610088229358,0.3089210215025812,consistent;low_margin,consistent
SQUIDPY_SEQFISH,1,embryo1_Pos28_cell203_z2,marker_reference_profile,changed_but_still_wrong,Dermomyotome,Sclerotome,Anterior somitic tissues,0.45408911052813,0.5540970977309211,0.1142942252444174,0.3316100319537857,0.10000798720279108,0.2173158067093683,consistent,marker_conflict
SQUIDPY_SEQFISH,1,embryo1_Pos28_cell140_z5,marker_reference_profile,changed_but_still_wrong,Dermomyotome,Sclerotome,Anterior somitic tissues,0.6163121066945147,0.6454438815288187,0.2474342378168872,0.329293168683139,0.02913177483430396,0.08185893086625182,consistent,marker_conflict
SQUIDPY_SEQFISH,5,embryo1_Pos0_cell230_z5,marker_reference_profile,changed_but_still_wrong,Haematoendothelial progenitors,Gut tube,Endothelium,0.4384259556674835,0.5795807509378342,0.1507290274718398,0.3246640774986301,0.14115479527035074,0.17393505002679027,consistent,marker_conflict
SQUIDPY_SEQFISH,5,embryo1_Pos17_cell435_z2,marker_reference_profile,changed_but_still_wrong,Mixed mesenchymal mesoderm,Allantois,Surface ectoderm,0.2605729206278606,0.424893948628591,0.0175444499338887,0.3232147988546575,0.1643210280007304,0.3056703489207688,consistent;low_margin,consistent
SQUIDPY_SEQFISH,1,embryo1_Pos20_cell391_z2,marker_reference_profile,changed_but_still_wrong,Haematoendothelial progenitors,Cardiomyocytes,Endothelium,0.2322025196034767,0.5032540248983913,0.020700281988409,0.3204839414656107,0.2710515052949146,0.2997836594772017,consistent;low_margin,consistent
SQUIDPY_SLIDESEQV2,2,CTGGATACATATTC,marker_reference_profile,context_harm,Polydendrocytes,Polydendrocytes,Oligodendrocytes,0.5933553811378529,0.6460836267223979,0.3094893954055383,0.4492309030501756,0.05272824558454503,0.13974150764463728,consistent,marker_conflict
SQUIDPY_SLIDESEQV2,1,CACGTCATTGTGGA,marker_reference_profile,context_harm,Polydendrocytes,Polydendrocytes,Oligodendrocytes,0.6384018843770813,0.6266933661184431,0.4478789385928703,0.4331557481942688,-0.011708518258638279,-0.014723190398601538,consistent,marker_conflict
SQUIDPY_SLIDESEQV2,4,GGCACGAGTATCGG,marker_reference_profile,context_harm,Polydendrocytes,Polydendrocytes,Oligodendrocytes,0.5834490562510838,0.6392753916078273,0.2595028040433987,0.4265369748781945,0.05582633535674353,0.16703417083479577,consistent,marker_conflict
SQUIDPY_SLIDESEQV2,1,AGGTTGTGGCACTT,marker_reference_profile,context_harm,Microglia,Microglia,Oligodendrocytes,0.5759797775227862,0.6094882249963887,0.3718330656582048,0.4209589723336204,0.03350844747360249,0.04912590667541561,consistent,marker_conflict
SQUIDPY_SLIDESEQV2,1,TCTTCAGTAGGCGA,marker_reference_profile,context_harm,Endothelial_Tip,Endothelial_Tip,Ependymal,0.2429243405298927,0.4963423223423922,0.0648558358689629,0.4114824668851262,0.25341798181249947,0.3466266310161633,consistent;low_margin,marker_conflict
SQUIDPY_SLIDESEQV2,3,CCACCCACTATCGA,marker_reference_profile,context_harm,DentatePyramids,DentatePyramids,CA1_CA2_CA3_Subiculum,0.5133456561375908,0.6054519073864539,0.2841677644544157,0.4055478441270128,0.09210625124886318,0.12138007967259706,consistent,marker_conflict
SQUIDPY_SLIDESEQV2,4,ACATGCCTAGACTC,marker_reference_profile,context_harm,Polydendrocytes,Polydendrocytes,Oligodendrocytes,0.6604972239764051,0.6048599084157283,0.47681773601897,0.3642701133616335,-0.05563731556067675,-0.11254762265733648,consistent,marker_conflict
SQUIDPY_SLIDESEQV2,2,GCCAACTTACAAGT,marker_reference_profile,context_harm,DentatePyramids,DentatePyramids,CA1_CA2_CA3_Subiculum,0.4911488019905347,0.5597042722478023,0.2212423759208795,0.3553038592004031,0.0685554702572676,0.13406148327952358,consistent,marker_conflict
SQUIDPY_SLIDESEQV2,4,GCTAAAAGCAGAAC,marker_reference_profile,changed_but_still_wrong,Neurogenesis,Polydendrocytes,Oligodendrocytes,0.3910029570692643,0.6177373644323862,0.008610820952952,0.4536666289587435,0.22673440736312195,0.4450558080057915,consistent;low_margin,consistent
SQUIDPY_SLIDESEQV2,1,CTAACGACGGACTG,marker_reference_profile,changed_but_still_wrong,Mural,Endothelial_Tip,Ependymal,0.2180934989827214,0.5334735683040284,0.0140718168502891,0.4359687579884321,0.31538006932130697,0.421896941138143,consistent;low_margin,consistent
SQUIDPY_SLIDESEQV2,3,TGCTCTCACCACCG,marker_reference_profile,changed_but_still_wrong,Endothelial_Tip,Polydendrocytes,Oligodendrocytes,0.4094830278343338,0.4980777802099866,0.1317927443317986,0.3234727586967407,0.08859475237565279,0.1916800143649421,consistent,marker_conflict
SQUIDPY_SLIDESEQV2,1,TGCAAATGTTTTGA,marker_reference_profile,changed_but_still_wrong,Endothelial_Stalk,Microglia,Oligodendrocytes,0.534143742869677,0.5078607836200321,0.3775806116288694,0.3217115815414979,-0.026282959249644966,-0.055869030087371485,consistent,marker_conflict
SQUIDPY_SLIDESEQV2,5,TCTTAAGGGTCTCG,marker_reference_profile,changed_but_still_wrong,Neurogenesis,Polydendrocytes,Oligodendrocytes,0.3179150908193791,0.4269140586765775,0.0597274349493388,0.2681001755151531,0.10899896785719843,0.20837274056581429,consistent;low_margin,marker_conflict
SQUIDPY_SLIDESEQV2,2,TTGCGGAGTACGAT,marker_reference_profile,changed_but_still_wrong,Neurogenesis,DentatePyramids,CA1_CA2_CA3_Subiculum,0.3664512166729538,0.4566589479595507,0.1016581847508293,0.2453268626387249,0.09020773128659693,0.1436686778878956,consistent,marker_conflict
SQUIDPY_SLIDESEQV2,1,CCGTAAAGACATGA,marker_reference_profile,changed_but_still_wrong,Neurogenesis,DentatePyramids,CA1_CA2_CA3_Subiculum,0.3528920547082007,0.4530814450834,0.0578446590114836,0.2451488019307686,0.1001893903751993,0.187304142919285,consistent;low_margin,marker_conflict
SQUIDPY_SLIDESEQV2,1,GCTTAACCTATTTG,marker_reference_profile,changed_but_still_wrong,DentatePyramids,Endothelial_Tip,Ependymal,0.4045327503750499,0.4174189795770061,0.2558033261341034,0.24496177962695,0.0128862292019562,-0.010841546507153382,consistent,marker_conflict
SQUIDPY_SLIDESEQV2,3,CTCATTGTGGCAGA,marker_reference_profile,context_rescue,Ependymal,Endothelial_Tip,Ependymal,0.5066796442645023,0.7972252908867328,0.0492603993096886,0.6510793752018211,0.2905456466222305,0.6018189758921325,consistent;low_margin,consistent
SQUIDPY_SLIDESEQV2,5,TTACCTACGCTGCT,marker_reference_profile,context_rescue,Oligodendrocytes,Polydendrocytes,Oligodendrocytes,0.6182367423929539,0.7847511804954717,0.2981578221438864,0.6368707731172564,0.16651443810251776,0.33871295097336995,consistent,marker_conflict
SQUIDPY_SLIDESEQV2,1,AGACACGCTAGTGT,marker_reference_profile,context_rescue,Oligodendrocytes,Polydendrocytes,Oligodendrocytes,0.5198305440072989,0.7244678984562499,0.2498283508178979,0.6030007719752372,0.20463735444895104,0.35317242115733927,consistent,marker_conflict
SQUIDPY_SLIDESEQV2,2,TACGCGCCCAGTGT,marker_reference_profile,context_rescue,Oligodendrocytes,Polydendrocytes,Oligodendrocytes,0.3872013914551049,0.5948872639988895,0.0643769072705482,0.4530712702056109,0.20768587254378457,0.38869436293506265,consistent;low_margin,marker_conflict
SQUIDPY_SLIDESEQV2,1,CCGACCCTAGCGGC,marker_reference_profile,context_rescue,Ependymal,Endothelial_Stalk,Ependymal,0.2336634816897103,0.5125238438354164,0.0465679514077266,0.434222894289862,0.2788603621457061,0.3876549428821354,consistent;low_margin,consistent
SQUIDPY_SLIDESEQV2,1,TGAATGGGAGTGGC,marker_reference_profile,context_rescue,Oligodendrocytes,Polydendrocytes,Oligodendrocytes,0.3354753573813723,0.5626897025989287,0.0676864757264709,0.429973963442394,0.2272143452175564,0.3622874877159231,consistent;low_margin,marker_conflict
SQUIDPY_SLIDESEQV2,5,ACCTCCCTCGTTCA,marker_reference_profile,context_rescue,Oligodendrocytes,Neurogenesis,Oligodendrocytes,0.3613714698605444,0.5480543508773811,0.0673889318817925,0.4172854123431969,0.18668288101683667,0.34989648046140437,consistent;low_margin,marker_conflict
SQUIDPY_SLIDESEQV2,2,ACGTCAAGGCGCTC,marker_reference_profile,context_rescue,Ependymal,Endothelial_Tip,Ependymal,0.3971545661976452,0.5719170066472764,0.0703371048975188,0.4057537514193371,0.17476244044963118,0.3354166465218183,consistent;low_margin,marker_conflict
SQUIDPY_VISIUM_FLUO,1,GACTGATTGGTCACAA-1,marker_reference_profile,changed_but_still_wrong,Cortex_1,Thalamus_2,Hypothalamus_2,0.3124844476494252,0.4782817906454741,0.0835341254152872,0.324552907638897,0.16579734299604892,0.24101878222360978,consistent,marker_conflict
SQUIDPY_VISIUM_FLUO,4,CTAGATGTGAGTGTAA-1,marker_reference_profile,changed_but_still_wrong,Hypothalamus_1,Thalamus_2,Hypothalamus_2,0.4252135500571927,0.4988936047090146,0.0327699192509893,0.2922548367598663,0.07368005465182192,0.259484917508877,consistent;low_margin,consistent
SQUIDPY_VISIUM_FLUO,4,ATTGTACAACTCGGCT-1,marker_reference_profile,changed_but_still_wrong,Hypothalamus_1,Thalamus_2,Hypothalamus_2,0.4615278796373253,0.4684240535395061,0.1312703041554745,0.2489776980310512,0.0068961739021808355,0.11770739387557669,consistent,marker_conflict
SQUIDPY_VISIUM_FLUO,4,AGAATTATGGATTCGA-1,marker_reference_profile,changed_but_still_wrong,Hypothalamus_1,Thalamus_2,Hypothalamus_2,0.4283916732182408,0.4124372845208153,0.0917835772093318,0.2007002938717887,-0.015954388697425492,0.1089167166624569,consistent,marker_conflict
SQUIDPY_VISIUM_FLUO,1,CAGGCGCCATGCTAGG-1,marker_reference_profile,changed_but_still_wrong,Hypothalamus_1,Thalamus_2,Hypothalamus_2,0.4177011389576091,0.442305239940261,0.1379553169906223,0.1873148469633082,0.024604100982651922,0.04935952997268589,consistent,marker_conflict
SQUIDPY_VISIUM_FLUO,4,CTAGGTCTGAAGGAAT-1,marker_reference_profile,changed_but_still_wrong,Hypothalamus_1,Thalamus_2,Hypothalamus_2,0.5873423801496216,0.4777907749553873,0.3073667085463685,0.1722808225649735,-0.10955160519423429,-0.13508588598139498,consistent,marker_conflict
SQUIDPY_VISIUM_FLUO,4,GCGTAAATGGCCATAA-1,marker_reference_profile,changed_but_still_wrong,Hypothalamus_1,Thalamus_2,Hypothalamus_2,0.3994210310445578,0.4030140248616737,0.0919254910680891,0.1705458193471224,0.0035929938171159193,0.0786203282790333,consistent,marker_conflict
SQUIDPY_VISIUM_FLUO,1,GGCAAGGCGAAATAGC-1,marker_reference_profile,changed_but_still_wrong,Hypothalamus_1,Thalamus_2,Hypothalamus_2,0.5112115575190568,0.3770296748682057,0.2837141456037875,0.1687844398522305,-0.13418188265085107,-0.114929705751557,consistent,marker_conflict
SQUIDPY_VISIUM_FLUO,1,ACTCCCTAGAATAGTA-1,marker_reference_profile,context_harm,Hypothalamus_1,Hypothalamus_1,Hypothalamus_2,0.335491313471267,0.5327002609730666,0.0229587262739879,0.2981433550568044,0.19720894750179957,0.27518462878281646,consistent;low_margin,consistent
SQUIDPY_VISIUM_FLUO,1,TCAGACGCTATAGAAG-1,marker_reference_profile,context_harm,Hypothalamus_1,Hypothalamus_1,Hypothalamus_2,0.4668557148162753,0.4937783028824266,0.1987301389427178,0.1720980689020625,0.026922588066151276,-0.026632070040655292,consistent,marker_conflict
SQUIDPY_VISIUM_FLUO,2,GAGCATCAACAACTTG-1,marker_reference_profile,context_harm,Cortex_2,Cortex_2,Hippocampus,0.2170953236224206,0.2802030954219808,0.0071319716745996,0.1165881594663998,0.0631077717995602,0.1094561877918002,consistent;low_margin,consistent
SQUIDPY_VISIUM_FLUO,4,GAAGCCACTGATTATG-1,marker_reference_profile,context_harm,Amygdala,Amygdala,Hypothalamus_2,0.2333583435187361,0.2982882430744836,0.0179381814384748,0.096418612687976,0.06492989955574749,0.0784804312495012,consistent;low_margin,consistent
SQUIDPY_VISIUM_FLUO,5,AGCATCGTCGATAATT-1,marker_reference_profile,context_harm,Cortex_1,Cortex_1,Thalamus_1,0.1432469153027991,0.2146863923677911,0.0045623040230124,0.0889775830052853,0.07143947706499201,0.0844152789822729,consistent;low_margin,consistent
SQUIDPY_VISIUM_FLUO,3,CCTAACTAAGGCTCTA-1,marker_reference_profile,context_harm,Hippocampus,Hippocampus,Dentate_gyrus,0.4186661039223881,0.4102525234482762,0.0701753068428489,0.0841285053866394,-0.008413580474111948,0.013953198543790499,consistent;low_margin,marker_conflict
SQUIDPY_VISIUM_FLUO,2,GCAAACCTTGGCCATA-1,marker_reference_profile,context_harm,Amygdala,Amygdala,Hypothalamus_2,0.1717522314140115,0.2430527455816442,0.0073438875963307,0.0831327919713856,0.0713005141676327,0.0757889043750549,consistent;low_margin,consistent
SQUIDPY_VISIUM_FLUO,5,CCCGACCATAGTCCGC-1,marker_reference_profile,context_harm,Hippocampus,Hippocampus,Cortex_2,0.3415557476633817,0.2612094354177232,0.0925488773690493,0.0753587089991522,-0.08034631224565852,-0.017190168369897105,consistent,marker_conflict;low_margin
SQUIDPY_VISIUM_FLUO,1,GTTTGGCCCAAGTTAT-1,marker_reference_profile,context_rescue,Thalamus_1,Thalamus_2,Thalamus_1,0.5140027720174478,0.8455839550319367,0.0869473950113277,0.7329287606892292,0.3315811830144889,0.6459813656779014,consistent,marker_conflict
SQUIDPY_VISIUM_FLUO,1,GATTCGACGGTTCACG-1,marker_reference_profile,context_rescue,Thalamus_1,Thalamus_2,Thalamus_1,0.5043932800378071,0.7988811319052478,0.1366677070714109,0.670895592726767,0.29448785186744064,0.5342278856553562,consistent,marker_conflict
SQUIDPY_VISIUM_FLUO,1,TCGCAAAGATGCATTT-1,marker_reference_profile,context_rescue,Thalamus_1,Thalamus_2,Thalamus_1,0.5018590685246657,0.7367620230114127,0.103012707926594,0.5931717160806379,0.23490295448674703,0.4901590081540439,consistent,marker_conflict
SQUIDPY_VISIUM_FLUO,1,GTGTTACTATGCGTCC-1,marker_reference_profile,context_rescue,Thalamus_1,Thalamus_2,Thalamus_1,0.6094705575506236,0.7486720700660755,0.345590217669435,0.5879825596134938,0.13920151251545188,0.2423923419440588,consistent,marker_conflict
SQUIDPY_VISIUM_FLUO,1,ACTCTCTGACTTAGGT-1,marker_reference_profile,context_rescue,Thalamus_1,Thalamus_2,Thalamus_1,0.412223531785901,0.6859377302742148,0.09380194822504,0.5731003265426441,0.2737141984883138,0.4792983783176041,consistent,marker_conflict
SQUIDPY_VISIUM_FLUO,1,GAGATCTTCCATGACA-1,marker_reference_profile,context_rescue,Thalamus_1,Thalamus_2,Thalamus_1,0.3555027505378819,0.6496059154035291,0.0066691105010893,0.5214553319759601,0.2941031648656472,0.5147862214748707,consistent;low_margin,consistent
SQUIDPY_VISIUM_FLUO,1,CGTTGAGCGACCGTCG-1,marker_reference_profile,context_rescue,Thalamus_1,Thalamus_2,Thalamus_1,0.5027541704780883,0.6443641815299745,0.1891900496231315,0.4895192969242216,0.1416100110518862,0.3003292473010901,consistent,marker_conflict
SQUIDPY_VISIUM_FLUO,1,GATCTTGGAGGGCATA-1,marker_reference_profile,context_rescue,Thalamus_1,Thalamus_2,Thalamus_1,0.5268929055620297,0.5817707455149218,0.2407816571830032,0.4003292045014615,0.05487783995289208,0.15954754731845827,consistent,marker_conflict
SQUIDPY_VISIUM_HNE,3,GAGTATACCCTAATCA-1,marker_reference_profile,context_rescue,Hypothalamus_1,Thalamus_2,Hypothalamus_1,0.4419416140011759,0.5246958543890278,0.0257969644055084,0.2051301548592444,0.0827542403878519,0.179333190453736,consistent;low_margin,consistent
SQUIDPY_VISIUM_HNE,3,ACTGCCCGCCATTCTC-1,marker_reference_profile,context_rescue,Hypothalamus_1,Thalamus_2,Hypothalamus_1,0.4142817716928095,0.4980057810765246,0.01043860924649,0.1880764161319399,0.0837240093837151,0.1776378068854499,consistent;low_margin,consistent
SQUIDPY_VISIUM_HNE,3,AGAGAAACACCAGAAA-1,marker_reference_profile,context_rescue,Hypothalamus_1,Thalamus_2,Hypothalamus_1,0.4505262606171923,0.4985964139256403,0.0699380981908799,0.1606085527735046,0.048070153308447994,0.09067045458262471,consistent;low_margin,marker_conflict
SQUIDPY_VISIUM_HNE,3,GGGAACGGTTTCAGAT-1,marker_reference_profile,context_rescue,Hypothalamus_1,Thalamus_2,Hypothalamus_1,0.4208609336785971,0.4432901627973378,0.0260255270822633,0.1255613493234038,0.02242922911874068,0.09953582224114049,consistent;low_margin,consistent
SQUIDPY_VISIUM_HNE,3,GAGGGTAGTAACAAAG-1,marker_reference_profile,context_rescue,Hypothalamus_1,Thalamus_2,Hypothalamus_1,0.4983925338296426,0.5001407586771246,0.1185649212261327,0.1254476987933641,0.001748224847481994,0.0068827775672313934,consistent,marker_conflict
SQUIDPY_VISIUM_HNE,3,CCCTCGATAATACACA-1,marker_reference_profile,context_rescue,Hypothalamus_1,Thalamus_2,Hypothalamus_1,0.477478327237837,0.4918761416348605,0.0797606155932105,0.1233894552520447,0.014397814397023478,0.0436288396588342,consistent;low_margin,marker_conflict
SQUIDPY_VISIUM_HNE,3,AGGGTGCCGTTCTTTA-1,marker_reference_profile,context_rescue,Hypothalamus_1,Thalamus_2,Hypothalamus_1,0.444150271645744,0.4638805020506259,0.0359282315053827,0.1212815452323894,0.01973023040488192,0.0853533137270067,consistent;low_margin,consistent
SQUIDPY_VISIUM_HNE,3,GTAGTTCGAAGGCGAA-1,marker_reference_profile,context_rescue,Hypothalamus_1,Thalamus_2,Hypothalamus_1,0.3795033161826575,0.3845171380089766,0.017836844528748,0.1087149953115846,0.005013821826319098,0.09087815078283659,consistent;low_margin,consistent
SQUIDPY_VISIUM_HNE,4,TAGGTCCAAGTAAGGA-1,marker_reference_profile,context_harm,Lateral_ventricle,Lateral_ventricle,Hypothalamus_1,0.5188842920733707,0.7526509497001836,0.0976681519364195,0.5691884769377124,0.23376665762681292,0.4715203250012928,consistent,marker_conflict
SQUIDPY_VISIUM_HNE,4,TACCTGCTGCACTGTG-1,marker_reference_profile,context_harm,Lateral_ventricle,Lateral_ventricle,Hypothalamus_1,0.4971429941799123,0.7376005207787242,0.0398417692500893,0.5302662408874235,0.24045752659881187,0.49042447163733416,consistent;low_margin,consistent
SQUIDPY_VISIUM_HNE,4,TCGTCACACTGTTAGC-1,marker_reference_profile,context_harm,Lateral_ventricle,Lateral_ventricle,Hypothalamus_1,0.4911057764059487,0.6758333488486011,0.090085743480948,0.4627460191383733,0.18472757244265242,0.3726602756574253,consistent,marker_conflict
SQUIDPY_VISIUM_HNE,4,GGGTATGTATGCACTT-1,marker_reference_profile,context_harm,Lateral_ventricle,Lateral_ventricle,Hypothalamus_1,0.4922051478594544,0.5793890437598475,0.0823164419591209,0.285278091289521,0.08718389590039305,0.20296164933040006,consistent,marker_conflict
SQUIDPY_VISIUM_HNE,4,CCGCACGTGACCTCGG-1,marker_reference_profile,context_harm,Lateral_ventricle,Lateral_ventricle,Hypothalamus_1,0.4725184907239916,0.5011143509003082,0.1547769825190265,0.2277183666609157,0.0285958601763166,0.07294138414188919,consistent,marker_conflict
SQUIDPY_VISIUM_HNE,4,GAAACTCGTGCGATGC-1,marker_reference_profile,context_harm,Lateral_ventricle,Lateral_ventricle,Hypothalamus_1,0.4595214873580449,0.4706773542007082,0.1913089063414604,0.174110727420158,0.011155866842663342,-0.017198178921302376,consistent,marker_conflict
SQUIDPY_VISIUM_HNE,1,CAGATCCTGGTTTGAA-1,marker_reference_profile,context_harm,Thalamus_2,Thalamus_2,Hypothalamus_1,0.3909807033345556,0.4115340365141373,0.0463097837726201,0.1365886855169956,0.02055333317958169,0.0902789017443755,consistent;low_margin,consistent
SQUIDPY_VISIUM_HNE,1,GGCAAGGCGAAATAGC-1,marker_reference_profile,context_harm,Lateral_ventricle,Lateral_ventricle,Hypothalamus_1,0.3934144376474707,0.373755583597571,0.1353457473355057,0.1251477266694029,-0.0196588540498997,-0.010198020666102786,consistent,marker_conflict
SQUIDPY_VISIUM_HNE,2,CCCTATGTAGAGCAGA-1,marker_reference_profile,changed_but_still_wrong,Hypothalamus_1,Striatum,Thalamus_2,0.3623221011531783,0.427876909100597,0.043996116771683,0.2010099710940991,0.06555480794741869,0.1570138543224161,consistent;low_margin,consistent
SQUIDPY_VISIUM_HNE,2,TAAGAGGGACAGGGAC-1,marker_reference_profile,changed_but_still_wrong,Hypothalamus_1,Striatum,Thalamus_2,0.3404895236141714,0.4003007177999932,0.0195010065216998,0.1807047251303025,0.059811194185821814,0.1612037186086027,consistent;low_margin,consistent
SQUIDPY_VISIUM_HNE,2,CGAATGAAGTCATTGC-1,marker_reference_profile,changed_but_still_wrong,Hypothalamus_1,Striatum,Thalamus_2,0.350853886840104,0.3917034854773117,0.0533632618873128,0.16567149945069,0.04084959863720772,0.11230823756337721,consistent;low_margin,marker_conflict
SQUIDPY_VISIUM_HNE,3,TGAGGAGTGCCAGCTT-1,marker_reference_profile,changed_but_still_wrong,Striatum,Thalamus_2,Hypothalamus_1,0.3677609596996153,0.4412277107094062,0.0267212962937792,0.1501763349092514,0.07346675100979089,0.12345503861547219,consistent;low_margin,consistent
SQUIDPY_VISIUM_HNE,3,ACTACGCGTTAGAATT-1,marker_reference_profile,changed_but_still_wrong,Striatum,Thalamus_2,Hypothalamus_1,0.3310535724381485,0.4093296254643058,0.0072197202261142,0.1500894224915522,0.07827605302615731,0.142869702265438,consistent;low_margin,consistent
SQUIDPY_VISIUM_HNE,2,TGCTTAGAGAGAATGC-1,marker_reference_profile,changed_but_still_wrong,Hypothalamus_1,Striatum,Thalamus_2,0.404214290816825,0.3866248194639994,0.1311671050462179,0.1366325468683348,-0.01758947135282557,0.00546544182211689,consistent,marker_conflict
SQUIDPY_VISIUM_HNE,2,AGCCCGGCATTAGAGG-1,marker_reference_profile,changed_but_still_wrong,Hypothalamus_1,Striatum,Thalamus_2,0.3918621680545602,0.3793720209720723,0.1190546224199315,0.1332918555675753,-0.012490147082487912,0.014237233147643802,consistent,marker_conflict
SQUIDPY_VISIUM_HNE,2,GATTGCTCCAGTTGCA-1,marker_reference_profile,changed_but_still_wrong,Hypothalamus_1,Striatum,Thalamus_2,0.3807100360712814,0.3831248981192792,0.1121172969907686,0.1277381230585983,0.00241486204799779,0.015620826067829705,consistent,marker_conflict
GEO_GSE240015_VISIUM_THYMUS_DOMAIN,2,d0_18mo::GCGGTTCCCTATCATG-1,marker_spatial_smoothing,context_rescue,d0_18mo::leiden_1.0_1,d0_18mo::leiden_1.0_5,d0_18mo::leiden_1.0_1,0.2557174176559447,0.3450398012187382,0.0073372614623394,0.1277473888321511,0.08932238356279348,0.12041012736981169,consistent;low_margin,consistent
GEO_GSE240015_VISIUM_THYMUS_DOMAIN,2,d0_18mo::GGGCTATGATCGATGG-1,marker_spatial_smoothing,context_rescue,d0_18mo::leiden_1.0_1,d0_18mo::leiden_1.0_3,d0_18mo::leiden_1.0_1,0.207961373176479,0.2470260533571207,0.0286661058714821,0.0889659077940112,0.03906468018064169,0.0602998019225291,consistent;low_margin,consistent
GEO_GSE240015_VISIUM_THYMUS_DOMAIN,3,d0_18mo::GTTTGGGCTTGTGAGC-1,marker_spatial_smoothing,context_rescue,d0_18mo::leiden_1.0_1,d0_18mo::leiden_1.0_5,d0_18mo::leiden_1.0_1,0.260097674726879,0.2940372848611203,0.0225744242209785,0.0776532328677909,0.033939610134241294,0.0550788086468124,consistent;low_margin,consistent;low_margin
GEO_GSE240015_VISIUM_THYMUS_DOMAIN,2,d0_18mo::ATGATGCAATGGTACA-1,marker_spatial_smoothing,context_rescue,d0_18mo::leiden_1.0_1,d0_18mo::leiden_1.0_4,d0_18mo::leiden_1.0_1,0.2010591726713639,0.2533507485085099,0.0047529248218168,0.0767325306240167,0.052291575837146026,0.0719796058021999,consistent;low_margin,consistent;low_margin
GEO_GSE240015_VISIUM_THYMUS_DOMAIN,2,d0_18mo::TAGATATGGACTGGAA-1,marker_spatial_smoothing,context_rescue,d0_18mo::leiden_1.0_1,d0_18mo::leiden_1.0_5,d0_18mo::leiden_1.0_1,0.2427637861147829,0.2963056988812285,0.0237730720131786,0.0716618886431876,0.0535419127664456,0.04788881663000899,consistent;low_margin,consistent;low_margin
GEO_GSE240015_VISIUM_THYMUS_DOMAIN,5,d0_18mo::GCTATCGCGGCGCAAC-1,marker_spatial_smoothing,context_rescue,d0_18mo::leiden_1.0_5,d0_18mo::leiden_1.0_6,d0_18mo::leiden_1.0_5,0.2775347746370572,0.2708106088843592,0.0253697477359901,0.0703684778889866,-0.006724165752698019,0.044998730152996505,consistent;low_margin,consistent;low_margin
GEO_GSE240015_VISIUM_THYMUS_DOMAIN,1,d0_02mo::TTACTATCGGCTTCTC-1,marker_spatial_smoothing,context_rescue,d0_02mo::leiden_1.0_0,d0_18mo::leiden_1.0_4,d0_02mo::leiden_1.0_0,0.1951888909266369,0.2249226602824161,0.0063865262583888,0.0674091688716666,0.029733769355779177,0.061022642613277805,consistent;low_margin,consistent;low_margin
GEO_GSE240015_VISIUM_THYMUS_DOMAIN,1,d0_02mo::GAAGCCGGGTAAGCTC-1,marker_spatial_smoothing,context_rescue,d0_02mo::leiden_1.0_0,d0_02mo::leiden_1.0_3,d0_02mo::leiden_1.0_0,0.2145263255523285,0.2470777031354892,0.0052618589022019,0.0599871966351671,0.03255137758316071,0.0547253377329652,consistent;low_margin,consistent;low_margin
GEO_GSE240015_VISIUM_THYMUS_DOMAIN,2,d0_18mo::GTGACTTCAGTAGTGC-1,marker_spatial_smoothing,context_harm,d0_18mo::leiden_1.0_4,d0_18mo::leiden_1.0_4,d0_18mo::leiden_1.0_1,0.4126435460776953,0.3754067519415016,0.1762506264720831,0.0893499337975821,-0.03723679413619374,-0.08690069267450098,consistent,marker_conflict
GEO_GSE240015_VISIUM_THYMUS_DOMAIN,2,d0_18mo::GGGACCCGTATATCTT-1,marker_spatial_smoothing,context_harm,d0_18mo::leiden_1.0_4,d0_18mo::leiden_1.0_4,d0_18mo::leiden_1.0_1,0.338758354933539,0.3239060640983119,0.1211784626217132,0.0654535118212697,-0.0148522908352271,-0.0557249508004435,consistent,marker_conflict;low_margin
GEO_GSE240015_VISIUM_THYMUS_DOMAIN,2,d0_18mo::CAAATGTCCTTCCGTG-1,marker_spatial_smoothing,context_harm,d0_18mo::leiden_1.0_4,d0_18mo::leiden_1.0_4,d0_18mo::leiden_1.0_1,0.3042252233002506,0.2943939376447838,0.0522719407161094,0.0497286251913247,-0.009831285655466815,-0.002543315524784699,consistent;low_margin,marker_conflict;low_margin
GEO_GSE240015_VISIUM_THYMUS_DOMAIN,2,d0_18mo::GAAACCGAATTACCTT-1,marker_spatial_smoothing,context_harm,d0_18mo::leiden_1.0_4,d0_18mo::leiden_1.0_4,d0_18mo::leiden_1.0_1,0.3051051013768394,0.2904183467665497,0.0580866631124196,0.0443262916927342,-0.014686754610289676,-0.013760371419685398,consistent;low_margin,marker_conflict;low_margin
GEO_GSE240015_VISIUM_THYMUS_DOMAIN,1,d0_02mo::AACGATAATGCCGTAG-1,marker_spatial_smoothing,context_harm,d0_02mo::leiden_1.0_1,d0_02mo::leiden_1.0_1,d0_18mo::leiden_1.0_4,0.3153627054380504,0.3288111685761956,0.0030953240298766,0.0435409144806668,0.013448463138145184,0.0404455904507902,consistent;low_margin,consistent;low_margin
GEO_GSE240015_VISIUM_THYMUS_DOMAIN,1,d0_02mo::TAATGAAAGACCCTTG-1,marker_spatial_smoothing,context_harm,d0_02mo::leiden_1.0_2,d0_02mo::leiden_1.0_2,d0_02mo::leiden_1.0_0,0.2239190018910074,0.2809976539761998,0.0003030392991935,0.0374868770413167,0.05707865208519239,0.0371838377421232,consistent;low_margin,consistent;low_margin
GEO_GSE240015_VISIUM_THYMUS_DOMAIN,1,d0_02mo::GGCTTGGCTCTCACCT-1,marker_spatial_smoothing,context_harm,d0_02mo::leiden_1.0_2,d0_02mo::leiden_1.0_2,d0_02mo::leiden_1.0_0,0.2150967792598991,0.2544647183275175,0.0236597671258501,0.0368933571539355,0.0393679390676184,0.013233590028085399,consistent;low_margin,consistent;low_margin
GEO_GSE240015_VISIUM_THYMUS_DOMAIN,3,d0_18mo::TGGCAACTCGCGCGCC-1,marker_spatial_smoothing,context_harm,d0_18mo::leiden_1.0_4,d0_18mo::leiden_1.0_4,d0_18mo::leiden_1.0_1,0.1596912904686361,0.1774102809642837,0.0044971341918896,0.0333689127999101,0.017718990495647624,0.028871778608020496,consistent;low_margin,consistent;low_margin
GEO_GSE240015_VISIUM_THYMUS_DOMAIN,2,d0_18mo::CGTCACGTCCATTGGT-1,marker_spatial_smoothing,changed_but_still_wrong,d0_18mo::leiden_1.0_4,d0_18mo::leiden_1.0_6,d0_18mo::leiden_1.0_1,0.249861677669212,0.334809170994681,0.0358888703592535,0.1182261256808872,0.084947493325469,0.08233725532163369,consistent;low_margin,consistent
GEO_GSE240015_VISIUM_THYMUS_DOMAIN,5,d0_02mo::GGATTTCACTTCTATA-1,marker_spatial_smoothing,changed_but_still_wrong,d0_02mo::leiden_1.0_2,d0_18mo::leiden_1.0_6,d0_02mo::leiden_1.0_3,0.1667442293927584,0.2084098905024124,0.009542643645058,0.08164841143479,0.041665661109654,0.072105767789732,consistent;low_margin,consistent
GEO_GSE240015_VISIUM_THYMUS_DOMAIN,1,d0_02mo::GCAGATCCTCGCAAAT-1,marker_spatial_smoothing,changed_but_still_wrong,d0_02mo::leiden_1.0_2,d0_02mo::leiden_1.0_4,d0_02mo::leiden_1.0_0,0.192509469385404,0.2280683746614214,0.0109876500203469,0.0628878489136162,0.035558905276017405,0.05190019889326931,consistent;low_margin,consistent;low_margin
GEO_GSE240015_VISIUM_THYMUS_DOMAIN,2,d0_18mo::GGTGCTGGTACACATT-1,marker_spatial_smoothing,changed_but_still_wrong,d0_18mo::leiden_1.0_0,d0_18mo::leiden_1.0_5,d0_18mo::leiden_1.0_1,0.248993761140148,0.2912447107894179,0.0116072316246709,0.0617505344487773,0.04225094964926987,0.0501433028241064,consistent;low_margin,consistent;low_margin
GEO_GSE240015_VISIUM_THYMUS_DOMAIN,2,d0_18mo::GTTGGATTTGCGTTGG-1,marker_spatial_smoothing,changed_but_still_wrong,d0_18mo::leiden_1.0_0,d0_18mo::leiden_1.0_6,d0_18mo::leiden_1.0_5,0.1989405927706258,0.2111769659847072,0.0060990679926475,0.0585313677672666,0.012236373214081386,0.0524322997746191,consistent;low_margin,consistent;low_margin
GEO_GSE240015_VISIUM_THYMUS_DOMAIN,1,d0_02mo::CCAATTGAATGTTAAT-1,marker_spatial_smoothing,changed_but_still_wrong,d0_02mo::leiden_1.0_2,d0_02mo::leiden_1.0_4,d0_18mo::leiden_1.0_4,0.1832037008042075,0.2031329937061106,0.0021133696732644,0.0435985749424406,0.019929292901903095,0.0414852052691762,consistent;low_margin,consistent;low_margin
GEO_GSE240015_VISIUM_THYMUS_DOMAIN,1,d0_02mo::GGATCTTGACTCAACC-1,marker_spatial_smoothing,changed_but_still_wrong,d0_02mo::leiden_1.0_2,d0_18mo::leiden_1.0_5,d0_18mo::leiden_1.0_7,0.2779473548371362,0.2816982548239553,0.0124858804355671,0.0404547715400639,0.0037508999868191006,0.027968891104496796,consistent;low_margin,consistent;low_margin
GEO_GSE240015_VISIUM_THYMUS_DOMAIN,2,d0_18mo::CGGAAAGAATCAAACG-1,marker_spatial_smoothing,changed_but_still_wrong,d0_18mo::leiden_1.0_0,d0_18mo::leiden_1.0_6,d0_18mo::leiden_1.0_5,0.1791216419022417,0.1830580480434695,0.0045288561306623,0.0381047331238244,0.003936406141227811,0.0335758769931621,consistent;low_margin,consistent;low_margin
GEO_GSE284005_MERSCOPE_MS,2,ms10r0_1454334000195100090,marker_spatial_smoothing,changed_but_still_wrong,Homeo.Astro,Neu.GLUT,Vas.Astro,0.1873224990728264,0.4985257232194608,0.1313366478887325,0.3679346488825483,0.3112032241466344,0.23659800099381578,consistent,marker_conflict
GEO_GSE284005_MERSCOPE_MS,2,ms10r0_1454334000103100085,marker_spatial_smoothing,changed_but_still_wrong,DA.Astro,Imm.Astro,Stress.Astro,0.2518155415140803,0.2929662594692442,0.0092663872771592,0.0826833421752142,0.041150717955163896,0.073416954898055,consistent;low_margin,consistent
GEO_GSE284005_MERSCOPE_MS,2,ms11r1_1546636600106100804,marker_spatial_smoothing,changed_but_still_wrong,Disease OL,BCAS1+ OL,COP,0.0994692419465449,0.1517950705981432,0.0066809506735165,0.0777656908165628,0.05232582865159831,0.0710847401430463,consistent;low_margin,consistent;low_margin
GEO_GSE284005_MERSCOPE_MS,2,ms11r1_1546636600081100500,marker_spatial_smoothing,changed_but_still_wrong,Fibroblast,Pericyte,SMC,0.3066156518107654,0.3274709259298777,0.0598977372509741,0.0685757566842121,0.02085527411911231,0.008678019433238003,consistent;low_margin,marker_conflict;low_margin
GEO_GSE284005_MERSCOPE_MS,2,ms10r0_1454334000181100250,marker_spatial_smoothing,changed_but_still_wrong,Pericyte,Repair.Endo,Homeo.Endo,0.4035203120648306,0.3982950980799747,0.0299753664055565,0.0589384064772713,-0.00522521398485587,0.028963040071714796,consistent;low_margin,consistent;low_margin
GEO_GSE284005_MERSCOPE_MS,2,ms10r0_1454334000128100082,marker_spatial_smoothing,changed_but_still_wrong,Fibroblast,Pericyte,Neu.GABA,0.2200439373166788,0.2121082069481229,0.1047493172281763,0.0515716048981185,-0.007935730368555882,-0.0531777123300578,consistent,marker_conflict;low_margin
GEO_GSE284005_MERSCOPE_MS,2,ms10r0_1454334000198100060,marker_spatial_smoothing,changed_but_still_wrong,Stress.Astro,Homeo.Astro,Vas.Astro,0.3036995685257395,0.3225864281151291,7.661083309634664e-05,0.0508591315930035,0.018886859589389626,0.050782520759907156,consistent;low_margin,consistent;low_margin
GEO_GSE284005_MERSCOPE_MS,4,ms4r2_4486558600099100031,marker_spatial_smoothing,changed_but_still_wrong,Treg,Fibroblast,Stress T,0.1761454987990382,0.1790067356086191,0.005908603484419,0.0368614394258526,0.0028612368095808915,0.0309528359414336,consistent;low_margin,consistent;low_margin
GEO_GSE284005_MERSCOPE_MS,3,ms16r0_1915491600186200018,marker_spatial_smoothing,context_rescue,Vas.Astro,Imm.Astro,Vas.Astro,0.4225377046639512,0.5476715564106849,0.0295049695661699,0.261752036302375,0.1251338517467337,0.23224706673620507,consistent;low_margin,consistent
GEO_GSE284005_MERSCOPE_MS,4,ms1r1_4318552600058100310,marker_spatial_smoothing,context_rescue,SMC,Fibroblast,SMC,0.45912727895452,0.5486042773128039,0.0073050138575826,0.164675212581268,0.08947699835828393,0.1573701987236854,consistent;low_margin,consistent
GEO_GSE284005_MERSCOPE_MS,4,ms4r2_4486558600050100361,marker_spatial_smoothing,context_rescue,SMC,Stress.Endo,SMC,0.4410041421064107,0.5231809718312138,0.0179922972560541,0.1429133422597886,0.08217682972480311,0.12492104500373451,consistent;low_margin,consistent
GEO_GSE284005_MERSCOPE_MS,3,ms16r0_1915491600140100146,marker_spatial_smoothing,context_rescue,Vas.Astro,Imm.Astro,Vas.Astro,0.410749178897795,0.4554923659821901,0.0247141233345625,0.1225781098052414,0.04474318708439512,0.0978639864706789,consistent;low_margin,consistent
GEO_GSE284005_MERSCOPE_MS,2,ms11r1_1546636600180101882,marker_spatial_smoothing,context_rescue,Micro VEGFA,Micro IL1B,Micro VEGFA,0.3325769379972382,0.3801636283786217,0.0042614668546507,0.1107850740676355,0.04758669038138352,0.1065236072129848,consistent;low_margin,consistent
GEO_GSE284005_MERSCOPE_MS,4,ms1r1_4318552600129100132,marker_spatial_smoothing,context_rescue,inflammatory.Endo,Repair.Endo,inflammatory.Endo,0.3377364028283272,0.35700510175446,0.0257616654127446,0.0844494985248858,0.01926869892613281,0.0586878331121412,consistent;low_margin,consistent
GEO_GSE284005_MERSCOPE_MS,4,ms1r1_4318552600058100151,marker_spatial_smoothing,context_rescue,SMC,Repair.Endo,SMC,0.2003862448019655,0.2408267816664088,0.0090779902263986,0.0825193171310462,0.040440536864443294,0.0734413269046476,consistent;low_margin,consistent
GEO_GSE284005_MERSCOPE_MS,2,ms10r0_1454334000086100415,marker_spatial_smoothing,context_rescue,CCN1.Astro,Homeo.Astro,CCN1.Astro,0.255848363500749,0.318306115129554,0.00516552286814,0.0798003655337565,0.06245775162880496,0.0746348426656165,consistent;low_margin,consistent;low_margin
GEO_GSE284005_MERSCOPE_MS,2,ms10r0_1454334000194100293,marker_spatial_smoothing,context_harm,Pericyte,Pericyte,Vas.Astro,0.107328260186743,0.3828303552001919,0.031613761268649,0.314969082810591,0.27550209501344886,0.283355321541942,consistent;low_margin,consistent
GEO_GSE284005_MERSCOPE_MS,2,ms10r0_1454334000213100206,marker_spatial_smoothing,context_harm,Neu.GLUT,Neu.GLUT,Neu.GABA,0.3231631755128721,0.4765473376415073,0.1442989364070346,0.1828267612390172,0.1533841621286352,0.03852782483198261,consistent,marker_conflict
GEO_GSE284005_MERSCOPE_MS,4,ms1r1_4318552600060100066,marker_spatial_smoothing,context_harm,Neu.GLUT,Neu.GLUT,Neu.GABA,0.4882244709514372,0.554119544143352,0.0224166703918979,0.1563718290032764,0.06589507319191479,0.1339551586113785,consistent;low_margin,consistent
GEO_GSE284005_MERSCOPE_MS,2,ms11r1_1546636600147100246,marker_spatial_smoothing,context_harm,Neu.GABA,Neu.GABA,Neu.GLUT,0.0994839290109863,0.2452426635310145,0.0024040822375264,0.1191237875019283,0.14575873452002822,0.1167197052644019,consistent;low_margin,consistent
GEO_GSE284005_MERSCOPE_MS,2,ms11r1_1546636600247100148,marker_spatial_smoothing,context_harm,Repair.Endo,Repair.Endo,SMC,0.3561510808811404,0.3130448695401781,0.1601144756134103,0.0955086259947749,-0.04310621134096232,-0.0646058496186354,consistent,marker_conflict
GEO_GSE284005_MERSCOPE_MS,2,ms10r0_1454334000231100286,marker_spatial_smoothing,context_harm,Neu.GLUT,Neu.GLUT,Neu.GABA,0.1086629895369122,0.2764768065875277,0.0264703316002307,0.0926723569154825,0.16781381705061552,0.06620202531525181,consistent;low_margin,consistent
GEO_GSE284005_MERSCOPE_MS,2,ms10r0_1454334000212200384,marker_spatial_smoothing,context_harm,Neu.GLUT,Neu.GLUT,Neu.GABA,0.7103401727174461,0.5414514317319989,0.4206807194699353,0.0829034077662512,-0.16888874098544715,-0.3377773117036841,consistent,marker_conflict
GEO_GSE284005_MERSCOPE_MS,2,ms11r1_1546636600181100181,marker_spatial_smoothing,context_harm,DA.Astro,DA.Astro,Imm.Astro,0.3698267370078733,0.3752603794203887,0.0119306202190564,0.0604011652811243,0.005433642412515427,0.048470545062067896,consistent;low_margin,consistent;low_margin
GEO_GSE327581_COSMX_AD_BRAIN,2,GSM9661874_217Rand144_2L::60::474,marker_spatial_smoothing,changed_but_still_wrong,Cajal.Retzius.cells,Peptidergic.neurons,Choroid.plexus.epithelial.cells,0.0742450798212706,0.8337288633192603,0.030694880237754,0.818394522729751,0.7594837834979897,0.787699642491997,consistent;low_margin,consistent
GEO_GSE327581_COSMX_AD_BRAIN,2,GSM9661874_217Rand144_2L::73::134,marker_spatial_smoothing,changed_but_still_wrong,Tanycytes,Astrocytes.cortex.hippocampus,Choroid.plexus.epithelial.cells,0.0654996204060023,0.6525741275274574,0.0126233172326079,0.6148740979411339,0.587074507121455,0.602250780708526,consistent;low_margin,consistent
GEO_GSE327581_COSMX_AD_BRAIN,2,GSM9661874_217Rand144_2L::61::236,marker_spatial_smoothing,changed_but_still_wrong,Ependymal.cells,Olfactory.bulb.inhibitory.neurons,Choroid.plexus.epithelial.cells,0.0960156991355308,0.5307470691040649,0.0080166084783167,0.4257980084147986,0.43473136996853406,0.4177813999364819,consistent;low_margin,consistent
GEO_GSE327581_COSMX_AD_BRAIN,2,GSM9661874_217Rand144_2L::46::177,marker_spatial_smoothing,changed_but_still_wrong,Perivascular.macrophages,Vascular.endothelial.cells,Excitatory.neurons.hippocampal.CA3,0.1428693779178989,0.4433886697583996,0.0457345152222947,0.3781983846767545,0.3005192918405007,0.33246386945445977,consistent;low_margin,consistent
GEO_GSE327581_COSMX_AD_BRAIN,2,GSM9661874_217Rand144_2L::122::454,marker_spatial_smoothing,changed_but_still_wrong,Excitatory.neurons.di.mesencephalon,Inhibitory.neurons.habenula.thalamus,Inhibitory.neurons.reticular.nucleus,0.3821923284549267,0.5403815897415507,0.152688122878097,0.369572083673195,0.15818926128662403,0.216883960795098,consistent,marker_conflict
GEO_GSE327581_COSMX_AD_BRAIN,2,GSM9661874_217Rand144_2L::167::271,marker_spatial_smoothing,changed_but_still_wrong,Ependymal.cells,Myelin.forming.oligodendrocytes,Choroid.plexus.epithelial.cells,0.0348066575374779,0.3804585009413428,0.00166705808699,0.3482268536676129,0.3456518434038649,0.3465597955806229,consistent;low_margin,consistent
GEO_GSE327581_COSMX_AD_BRAIN,2,GSM9661874_217Rand144_2L::61::564,marker_spatial_smoothing,changed_but_still_wrong,Mature.oligodendrocytes,Hypendymal,Choroid.plexus.epithelial.cells,0.0719307952822878,0.3826855685256367,0.0270886227472737,0.3363749515425417,0.3107547732433489,0.309286328795268,consistent;low_margin,consistent
GEO_GSE327581_COSMX_AD_BRAIN,4,GSM9661871_120Land323DY::75::75,marker_spatial_smoothing,changed_but_still_wrong,Pericytes,Vascular.endothelial.cells,Olfactory.bulb.inhibitory.neurons,0.0856053389072308,0.2370234354590651,0.0133742031616261,0.1632492335599408,0.1514180965518343,0.1498750303983147,consistent;low_margin,consistent
GEO_GSE327581_COSMX_AD_BRAIN,2,GSM9661874_217Rand144_2L::60::341,marker_spatial_smoothing,context_rescue,Choroid.plexus.epithelial.cells,Pericytes,Choroid.plexus.epithelial.cells,0.3078122112209052,0.8397957362997079,0.1396561765794163,0.7982433749550353,0.5319835250788028,0.658587198375619,consistent,marker_conflict
GEO_GSE327581_COSMX_AD_BRAIN,4,GSM9661871_120Land323DY::247::80,marker_spatial_smoothing,context_rescue,Granule.neurons,Excitatory.neurons.hippocampal.CA3,Granule.neurons,0.3467983726985966,0.4106085034097919,0.0316234229672762,0.133292832652556,0.06381013071119529,0.10166940968527981,consistent;low_margin,consistent
GEO_GSE327581_COSMX_AD_BRAIN,4,GSM9661871_120Land323DY::247::166,marker_spatial_smoothing,context_rescue,Granule.neurons,Excitatory.neurons.hippocampal.CA3,Granule.neurons,0.3534319775193074,0.4128453177096211,0.0323948322798663,0.1308493220338996,0.05941334019031369,0.09845448975403329,consistent;low_margin,consistent
GEO_GSE327581_COSMX_AD_BRAIN,2,GSM9661874_217Rand144_2L::51::239,marker_spatial_smoothing,context_rescue,Inhibitory.neurons.habenula.hypothalamus,Inhibitory.neurons.reticular.nucleus,Inhibitory.neurons.habenula.hypothalamus,0.4462258638916185,0.4087260182601709,0.1471118836008957,0.1060451036055073,-0.03749984563144759,-0.041066779995388394,consistent,marker_conflict;spatial_smoothing_conflict
GEO_GSE327581_COSMX_AD_BRAIN,3,GSM9661873_368R::110::196,marker_spatial_smoothing,context_rescue,Peptidergic.neurons,Inhibitory.neurons.habenula.hypothalamus,Peptidergic.neurons,0.2806009753728453,0.3324283513421236,0.0237864254635095,0.1019720454745054,0.05182737596927833,0.07818562001099591,consistent;low_margin,consistent
GEO_GSE327581_COSMX_AD_BRAIN,3,GSM9661873_368R::160::250,marker_spatial_smoothing,context_rescue,Newly.formed.oligodendrocytes,Committed.oligodendrocytes,Newly.formed.oligodendrocytes,0.4583220312976216,0.4438536235173414,0.117477513537031,0.0924306239863794,-0.01446840778028019,-0.025046889550651597,consistent,marker_conflict
GEO_GSE327581_COSMX_AD_BRAIN,4,GSM9661871_120Land323DY::114::200,marker_spatial_smoothing,context_rescue,Telencephalon.inhibitory.neurons,Inhibitory.neurons.reticular.nucleus,Telencephalon.inhibitory.neurons,0.5789814021466102,0.4516393182398363,0.2851569673439253,0.079248329163289,-0.12734208390677393,-0.20590863818063632,consistent,marker_conflict;low_margin
GEO_GSE327581_COSMX_AD_BRAIN,4,GSM9661871_120Land323DY::46::139,marker_spatial_smoothing,context_rescue,Excitatory.neurons.di.mesencephalon,Vascular.endothelial.cells,Excitatory.neurons.di.mesencephalon,0.0687279178996585,0.1340767019127112,0.0149455409811189,0.07202898351393,0.0653487840130527,0.0570834425328111,consistent;low_margin,consistent;low_margin
GEO_GSE327581_COSMX_AD_BRAIN,2,GSM9661874_217Rand144_2L::71::178,marker_spatial_smoothing,context_harm,Ependymal.cells,Ependymal.cells,Choroid.plexus.epithelial.cells,0.197027654470639,0.8763352095300331,0.0970231308434111,0.8367912724838575,0.6793075550593941,0.7397681416404465,consistent,marker_conflict
GEO_GSE327581_COSMX_AD_BRAIN,2,GSM9661874_217Rand144_2L::60::512,marker_spatial_smoothing,context_harm,Ependymal.cells,Ependymal.cells,Choroid.plexus.epithelial.cells,0.624593927940339,0.6977758175705111,0.3700134319831694,0.4540683282663783,0.07318188963017214,0.08405489628320889,consistent,marker_conflict
GEO_GSE327581_COSMX_AD_BRAIN,2,GSM9661874_217Rand144_2L::166::142,marker_spatial_smoothing,context_harm,Ependymal.cells,Ependymal.cells,Choroid.plexus.epithelial.cells,0.0846744091367528,0.4105596752460969,0.0054436715088674,0.3423759693340089,0.3258852661093441,0.3369322978251415,consistent;low_margin,consistent
GEO_GSE327581_COSMX_AD_BRAIN,4,GSM9661871_120Land323DY::108::651,marker_spatial_smoothing,context_harm,CCK.interneurons,CCK.interneurons,Olfactory.bulb.inhibitory.neurons,0.1422313215214556,0.238563547085488,0.0666693154653899,0.128312999530467,0.0963322255640324,0.06164368406507709,consistent;low_margin,marker_conflict
GEO_GSE327581_COSMX_AD_BRAIN,2,GSM9661874_217Rand144_2L::198::59,marker_spatial_smoothing,context_harm,Inhibitory.neurons.reticular.nucleus,Inhibitory.neurons.reticular.nucleus,Committed.oligodendrocytes,0.312925553969397,0.2900797252825866,0.1754913342799488,0.118534271262193,-0.0228458286868104,-0.05695706301775581,consistent,marker_conflict
GEO_GSE327581_COSMX_AD_BRAIN,2,GSM9661874_217Rand144_2L::51::10,marker_spatial_smoothing,context_harm,Serotonergic.neurons,Serotonergic.neurons,Dopaminergic.neurons,0.3577414607082506,0.3906775811666566,0.1734303741848965,0.0743989692786432,0.03293612045840599,-0.09903140490625331,consistent,marker_conflict;low_margin
GEO_GSE327581_COSMX_AD_BRAIN,4,GSM9661871_120Land323DY::50::605,marker_spatial_smoothing,context_harm,Vascular.endothelial.cells,Vascular.endothelial.cells,D1.medium.spiny.neurons,0.1067457903165462,0.1618955676275397,0.0136616753612336,0.0591821522377181,0.055149777310993506,0.0455204768764845,consistent;low_margin,consistent;low_margin
GEO_GSE327581_COSMX_AD_BRAIN,4,GSM9661871_120Land323DY::235::209,marker_spatial_smoothing,context_harm,Microglia,Microglia,D2.medium.spiny.neurons,0.0582085257660481,0.0973014072484527,0.0093469019726288,0.0334171747900416,0.0390928814824046,0.0240702728174128,consistent;low_margin,consistent;low_margin
GEO_GSE333737_MERSCOPE_PANCREAS_VASCULAR,1,3116423600171102560,marker_spatial_smoothing,context_harm,Pericytes,Pericytes,Islet-associated Fibroblasts,0.3684877859136961,0.4190951681035592,0.0096129843319763,0.0817777607782662,0.050607382189863104,0.07216477644628991,consistent;low_margin,consistent
GEO_GSE333737_MERSCOPE_PANCREAS_VASCULAR,4,341424900085201165,marker_spatial_smoothing,context_harm,Fibroblasts,Fibroblasts,Islet-associated Fibroblasts,0.4058102570139346,0.4311776150861545,0.0046824826403309,0.0587073051231024,0.025367358072219903,0.054024822482771497,consistent;low_margin,consistent;low_margin
GEO_GSE333737_MERSCOPE_PANCREAS_VASCULAR,5,1941758400086101633,marker_spatial_smoothing,context_harm,Islet-associated Fibroblasts,Islet-associated Fibroblasts,Pericytes,0.3258655177572234,0.3494801779379402,0.0010703408696296,0.0364054827805465,0.023614660180716784,0.0353351419109169,consistent;low_margin,consistent;low_margin
GEO_GSE333737_MERSCOPE_PANCREAS_VASCULAR,4,341423700028100965,marker_spatial_smoothing,context_harm,Fibroblasts,Fibroblasts,Islet-associated Fibroblasts,0.4269619519383275,0.4449062648379326,0.0056166922236092,0.0289989074865264,0.01794431289960513,0.0233822152629172,consistent;low_margin,consistent;low_margin
GEO_GSE333737_MERSCOPE_PANCREAS_VASCULAR,4,341424100075100666,marker_spatial_smoothing,context_harm,Fibroblasts,Fibroblasts,Islet-associated Fibroblasts,0.3182128186938662,0.3486500481908788,0.0042412095710719,0.0261546788115759,0.030437229497012608,0.021913469240504,consistent;low_margin,consistent;low_margin
GEO_GSE333737_MERSCOPE_PANCREAS_VASCULAR,5,4402015400201100545,marker_spatial_smoothing,context_harm,Islet-associated Fibroblasts,Islet-associated Fibroblasts,Fibroblasts,0.3142960545553694,0.3164676716607143,0.0038571714205233,0.0169182214952934,0.002171617105344914,0.013061050074770101,consistent;low_margin,consistent;low_margin
GEO_GSE333737_MERSCOPE_PANCREAS_VASCULAR,2,441891300077101827,marker_spatial_smoothing,context_harm,Pericytes,Pericytes,Endothelial Cells,0.4041080606152908,0.4166272869370106,0.0019668658407263,0.0146802350488595,0.012519226321719812,0.0127133692081332,consistent;low_margin,consistent;low_margin
GEO_GSE333737_MERSCOPE_PANCREAS_VASCULAR,2,1952862500030101719,marker_spatial_smoothing,context_harm,Pericytes,Pericytes,Fibroblasts,0.4014474952441054,0.3888607013828906,0.031532383525665,0.0145614638538164,-0.012586793861214807,-0.016970919671848602,consistent;low_margin,consistent;low_margin
GEO_GSE333737_MERSCOPE_PANCREAS_VASCULAR,4,341424100076100392,marker_spatial_smoothing,context_rescue,Islet-associated Fibroblasts,Pericytes,Islet-associated Fibroblasts,0.3546294620017242,0.3789950457019248,0.0111761172059696,0.0496029808371139,0.024365583700200644,0.038426863631144295,consistent;low_margin,consistent;low_margin
GEO_GSE333737_MERSCOPE_PANCREAS_VASCULAR,1,3008132100099102330,marker_spatial_smoothing,context_rescue,Endothelial Cells,Pericytes,Endothelial Cells,0.4784187953597201,0.484457520961604,0.0066195348728488,0.0399882780089287,0.006038725601883899,0.033368743136079904,consistent;low_margin,consistent;low_margin
GEO_GSE333737_MERSCOPE_PANCREAS_VASCULAR,4,341424100049102116,marker_spatial_smoothing,context_rescue,Pericytes,Endothelial Cells,Pericytes,0.4736664375066067,0.4562232556325669,0.0593905884796407,0.0395897054874941,-0.017443181874039815,-0.0198008829921466,consistent;low_margin,marker_conflict;low_margin
GEO_GSE333737_MERSCOPE_PANCREAS_VASCULAR,4,341424100007100208,marker_spatial_smoothing,context_rescue,Fibroblasts,Endothelial Cells,Fibroblasts,0.3268468627458763,0.3152146778620335,0.0416562643170979,0.0374779564957523,-0.011632184883842822,-0.004178307821345602,consistent;low_margin,consistent;low_margin
GEO_GSE333737_MERSCOPE_PANCREAS_VASCULAR,4,341424900160100481,marker_spatial_smoothing,context_rescue,Islet-associated Fibroblasts,Endothelial Cells,Islet-associated Fibroblasts,0.3549969887528725,0.372304796757137,0.0202351798518441,0.0370205212577679,0.017307808004264513,0.016785341405923797,consistent;low_margin,consistent;low_margin
GEO_GSE333737_MERSCOPE_PANCREAS_VASCULAR,2,1952862500008100358,marker_spatial_smoothing,context_rescue,Islet-associated Fibroblasts,Pericytes,Islet-associated Fibroblasts,0.342460397698544,0.3539458068349136,0.008256141797127,0.0339079240984521,0.01148540913636964,0.0256517823013251,consistent;low_margin,consistent;low_margin
GEO_GSE333737_MERSCOPE_PANCREAS_VASCULAR,4,1671142400177100053,marker_spatial_smoothing,context_rescue,Pericytes,Endothelial Cells,Pericytes,0.5095480367699058,0.450100378572829,0.1257743341030739,0.0314980611883424,-0.059447658197076814,-0.09427627291473151,consistent,marker_conflict;low_margin
GEO_GSE333737_MERSCOPE_PANCREAS_VASCULAR,1,3116423600381101729,marker_spatial_smoothing,context_rescue,Fibroblasts,Endothelial Cells,Fibroblasts,0.3232373319709043,0.3265733983435825,0.0180744132452559,0.0281493266172261,0.0033360663726781925,0.010074913371970199,consistent;low_margin,consistent;low_margin
GEO_GSE333737_MERSCOPE_PANCREAS_VASCULAR,4,341423700017100162,marker_spatial_smoothing,changed_but_still_wrong,Fibroblasts,Endothelial Cells,Islet-associated Fibroblasts,0.3179880992013814,0.3523745363146797,0.0300347991549836,0.0920147037004828,0.03438643711329831,0.061979904545499204,consistent;low_margin,consistent
GEO_GSE333737_MERSCOPE_PANCREAS_VASCULAR,5,4402015400416101041,marker_spatial_smoothing,changed_but_still_wrong,Islet-associated Fibroblasts,Endothelial Cells,Fibroblasts,0.3367951561902965,0.3437647335753174,0.0054469169779969,0.0306669248302139,0.006969577385020909,0.025220007852217,consistent;low_margin,consistent;low_margin
GEO_GSE333737_MERSCOPE_PANCREAS_VASCULAR,2,1952862500303102222,marker_spatial_smoothing,changed_but_still_wrong,Pericytes,Endothelial Cells,Islet-associated Fibroblasts,0.3860810824037702,0.3931583134965882,0.0059365375980085,0.0266518919608805,0.007077231092817993,0.020715354362872,consistent;low_margin,consistent;low_margin
GEO_GSE333737_MERSCOPE_PANCREAS_VASCULAR,4,341424100024100623,marker_spatial_smoothing,changed_but_still_wrong,Fibroblasts,Endothelial Cells,Islet-associated Fibroblasts,0.3119792017287551,0.3158514229943298,0.0122976398312458,0.0192593949050771,0.0038722212655746824,0.006961755073831299,consistent;low_margin,consistent;low_margin
GEO_GSE333737_MERSCOPE_PANCREAS_VASCULAR,4,341424100033101731,marker_spatial_smoothing,changed_but_still_wrong,Fibroblasts,Endothelial Cells,Islet-associated Fibroblasts,0.2716869341952502,0.2752827714086741,0.0059782363907829,0.0114347296831041,0.0035958372134238803,0.005456493292321201,consistent;low_margin,consistent;low_margin
GEO_GSE333737_MERSCOPE_PANCREAS_VASCULAR,5,1681451800333102505,marker_spatial_smoothing,changed_but_still_wrong,Fibroblasts,Endothelial Cells,Islet-associated Fibroblasts,0.3374701990782083,0.332868636653811,0.0139684477591102,0.0113242390782052,-0.004601562424397299,-0.0026442086809049994,consistent;low_margin,consistent;low_margin
GEO_GSE333737_MERSCOPE_PANCREAS_VASCULAR,5,1941758400063101128,marker_spatial_smoothing,changed_but_still_wrong,Islet-associated Fibroblasts,Endothelial Cells,Pericytes,0.3828652882427543,0.3700522230189595,0.0329520783592742,0.0064903252151092,-0.012813065223794773,-0.026461753144165004,consistent;low_margin,consistent;low_margin
GEO_GSE333737_MERSCOPE_PANCREAS_VASCULAR,2,441891300176102051,marker_spatial_smoothing,changed_but_still_wrong,Fibroblasts,Endothelial Cells,Islet-associated Fibroblasts,0.3228334334239044,0.314103092368358,0.0254140254616576,0.0057784659031395,-0.008730341055546431,-0.0196355595585181,consistent;low_margin,consistent;low_margin
GSE202623_LESION,3,b4s8_1.39483640693086e+38,marker_spatial_smoothing,changed_but_still_wrong,Microglia,OPCs,VLMC,0.1666271765811297,0.1779435035070977,0.0002160938748558,0.0108508218108627,0.011316326925968012,0.0106347279360069,consistent;low_margin,consistent;low_margin
GSE202623_LESION,3,b4s8_2.83150037852063e+38,marker_spatial_smoothing,changed_but_still_wrong,Microglia,OPCs,VLMC,0.1720134796131712,0.1799177894426827,0.002145068663734,0.0092456787841712,0.007904309829511486,0.0071006101204372,consistent;low_margin,consistent;low_margin
GSE202623_LESION,1,b4s8_1.99312532057385e+37,marker_spatial_smoothing,changed_but_still_wrong,Microglia,T-cells,Endothelial,0.1337037914209407,0.1439313488942665,0.0009222287735032,0.0064242453595093,0.010227557473325821,0.005502016586006101,consistent;low_margin,consistent;low_margin
GSE202623_LESION,1,b4s8_1.07460879845176e+38,marker_spatial_smoothing,changed_but_still_wrong,Oligodendrocyte,VLMC,Endothelial,0.1561690185201284,0.1593956949906567,0.0009019575659671,0.0060843604865516,0.0032266764705282946,0.0051824029205845,consistent;low_margin,consistent;low_margin
GSE202623_LESION,1,b4s8_9.59420477808402e+37,marker_spatial_smoothing,changed_but_still_wrong,Astrocytes,VLMC,Endothelial,0.1514325142382163,0.1527436051910024,0.0019362021270123,0.0045341717723636,0.0013110909527861148,0.0025979696453513005,consistent;low_margin,spatial_smoothing_conflict;low_margin
GSE202623_LESION,1,b4s8_2.53624226045246e+38,marker_spatial_smoothing,changed_but_still_wrong,Microglia,OPCs,VLMC,0.1470582648260671,0.1482610951232308,0.0056195323184367,0.0034253751198194,0.0012028302971636984,-0.0021941571986172997,consistent;low_margin,consistent;low_margin
GSE202623_LESION,3,b4s8_1.88328180816647e+38,marker_spatial_smoothing,changed_but_still_wrong,Microglia,OPCs,Oligodendrocyte,0.1647605236563546,0.1537451340409878,0.0118701449171616,0.003036870804588,-0.0110153896153668,-0.008833274112573598,consistent;low_margin,spatial_smoothing_conflict;low_margin
GSE202623_LESION,3,b4s8_2.38989552046214e+38,marker_spatial_smoothing,changed_but_still_wrong,Oligodendrocyte,VLMC,Endothelial,0.1567068853824403,0.1563449374441091,0.0104333380509161,0.002191082534831,-0.0003619479383311919,-0.0082422555160851,consistent;low_margin,consistent;low_margin
GSE202623_LESION,3,b4s8_1.30000736513451e+38,marker_spatial_smoothing,context_harm,Endothelial,Endothelial,VLMC,0.4102990133489976,0.4218835125746529,0.0108827935343525,0.03335576000859,0.011584499225655298,0.0224729664742375,consistent;low_margin,consistent;low_margin
GSE202623_LESION,3,b4s8_4.23810686741173e+37,marker_spatial_smoothing,context_harm,Microglia,Microglia,Astrocytes,0.2166521579288192,0.2217953279130908,0.0013461829824932,0.0289630342108466,0.005143169984271612,0.0276168512283534,consistent;low_margin,consistent;low_margin
GSE202623_LESION,3,b4s8_3.68263440290285e+37,marker_spatial_smoothing,context_harm,Oligodendrocyte,Oligodendrocyte,Endothelial,0.1788394217031544,0.1878483601675882,0.0079628353711985,0.016611662582809,0.009008938464433819,0.008648827211610501,consistent;low_margin,consistent;low_margin
GSE202623_LESION,3,b4s8_3.06437268767028e+38,marker_spatial_smoothing,context_harm,Microglia,Microglia,T-cells,0.3986052525700517,0.3870802966657521,0.0030690450121567,0.0106313648814997,-0.011524955904299583,0.007562319869343,consistent;low_margin,consistent;low_margin
GSE202623_LESION,1,b4s8_8.5743383785656e+37,marker_spatial_smoothing,context_harm,Astrocytes,Astrocytes,VLMC,0.2359943995971226,0.2350838184108633,0.0035265986398201,0.0080494330956087,-0.0009105811862593072,0.0045228344557885995,consistent;low_margin,consistent;low_margin
GSE202623_LESION,3,b4s8_2.59815136048345e+38,marker_spatial_smoothing,context_harm,Microglia,Microglia,VLMC,0.1656968727755546,0.1661502414152987,0.0034685064995105,0.0059118457338061,0.0004533686397441006,0.0024433392342956,consistent;low_margin,consistent;low_margin
GSE202623_LESION,3,b4s8_3.01253169904398e+38,marker_spatial_smoothing,context_harm,Microglia,Microglia,T-cells,0.3708504411451735,0.3532223391625864,0.0132229558599298,0.0052261221622946,-0.01762810198258713,-0.007996833697635201,consistent;low_margin,consistent;low_margin
GSE202623_LESION,1,b4s8_2.40987183469319e+38,marker_spatial_smoothing,context_harm,Microglia,Microglia,OPCs,0.1405011550536092,0.1431437988297107,0.0028358454632834,0.0047241440721941,0.0026426437761015165,0.0018882986089107001,consistent;low_margin,consistent;low_margin
GSE202623_LESION,3,b4s8_1.41508096575424e+38,marker_spatial_smoothing,context_rescue,Oligodendrocyte,OPCs,Oligodendrocyte,0.4940576085171582,0.4865415343171372,0.0494160906057749,0.0480836903369378,-0.0075160742000209835,-0.0013324002688370959,consistent;low_margin,consistent;low_margin
GSE202623_LESION,1,b4s8_3.10302102556544e+38,marker_spatial_smoothing,context_rescue,Oligodendrocyte,Endothelial,Oligodendrocyte,0.1754627857533655,0.1957671304857046,0.0050529874263219,0.0212985508812013,0.020304344732339108,0.0162455634548794,consistent;low_margin,consistent;low_margin
GSE202623_LESION,3,b4s8_2.48177564794663e+38,marker_spatial_smoothing,context_rescue,Astrocytes,VLMC,Astrocytes,0.1881114558103586,0.19092084619078,0.0024842935175125,0.0140395347285451,0.0028093903804214115,0.0115552412110326,consistent;low_margin,consistent;low_margin
GSE202623_LESION,1,b4s8_4.07859012269168e+37,marker_spatial_smoothing,context_rescue,Oligodendrocyte,VLMC,Oligodendrocyte,0.1684762051946487,0.1707818290277486,0.0165599528585032,0.0126242917853333,0.0023056238330999013,-0.003935661073169899,consistent;low_margin,consistent;low_margin
GSE202623_LESION,3,b4s8_3.30364127744366e+38,marker_spatial_smoothing,context_rescue,Microglia,VLMC,Microglia,0.1524431295039385,0.1606802753672101,0.0014004792660606,0.0080236880134425,0.008237145863271594,0.0066232087473819,consistent;low_margin,consistent;low_margin
GSE202623_LESION,1,b4s8_9.0678682469264e+37,marker_spatial_smoothing,context_rescue,Oligodendrocyte,VLMC,Oligodendrocyte,0.166233915055337,0.1667544600642464,0.0074005861889713,0.0058249133395818,0.0005205450089094121,-0.0015756728493894999,consistent;low_margin,consistent;low_margin
GSE202623_LESION,3,b4s8_7.63513293340861e+37,marker_spatial_smoothing,context_rescue,Oligodendrocyte,OPCs,Oligodendrocyte,0.1924103290090294,0.1912908514396447,0.0047242287236144,0.0053253385638399,-0.0011194775693847137,0.0006011098402255001,consistent;low_margin,spatial_smoothing_conflict;low_margin
GSE202623_LESION,3,b4s8_1.48013756176275e+38,marker_spatial_smoothing,context_rescue,VLMC,Endothelial,VLMC,0.3383936838927845,0.3378385903262227,0.0019639704867163,0.0040682908826737,-0.000555093566561804,0.0021043203959574003,consistent;low_margin,consistent;low_margin
SQUIDPY_IMC,3,3621,marker_spatial_smoothing,changed_but_still_wrong,apoptotic tumor cell,proliferative tumor cell,basal CK tumor cell,0.1554695820702748,0.186544152431421,0.0191962700351599,0.0587771207877742,0.031074570361146192,0.039580850752614305,consistent;low_margin,consistent;low_margin
SQUIDPY_IMC,3,9,marker_spatial_smoothing,changed_but_still_wrong,T cells,small elongated stromal cell,endothelial,0.3241184813987233,0.329190187651558,0.0038626031920679,0.045363684527574,0.005071706252834707,0.0415010813355061,consistent;low_margin,consistent;low_margin
SQUIDPY_IMC,3,2081,marker_spatial_smoothing,changed_but_still_wrong,macrophages,vimentin hi stromal cell,endothelial,0.2849023076752611,0.3306517607163612,0.0176543026797179,0.0434763691984823,0.04574945304110012,0.0258220665187644,consistent;low_margin,consistent;low_margin
SQUIDPY_IMC,1,332,marker_spatial_smoothing,changed_but_still_wrong,CK low HR low tumor cell,T cells,macrophages,0.1635663821923119,0.2035232909227551,0.0006526503260566,0.0410867845160184,0.03995690873044319,0.0404341341899618,consistent;low_margin,consistent;low_margin
SQUIDPY_IMC,3,2048,marker_spatial_smoothing,changed_but_still_wrong,small elongated stromal cell,vimentin hi stromal cell,endothelial,0.430617381120783,0.432737859127967,0.030178780613067,0.0381219881949943,0.002120478007183957,0.007943207581927302,consistent;low_margin,consistent;low_margin
SQUIDPY_IMC,3,2711,marker_spatial_smoothing,changed_but_still_wrong,apoptotic tumor cell,small elongated stromal cell,proliferative tumor cell,0.1263493290291694,0.1451408332859494,0.0015273106501845,0.0371319419148813,0.01879150425678,0.0356046312646968,consistent;low_margin,consistent;low_margin
SQUIDPY_IMC,3,2173,marker_spatial_smoothing,changed_but_still_wrong,proliferative tumor cell,small elongated stromal cell,endothelial,0.1511263581094967,0.1894638247858384,0.0034400374362462,0.0333436118991037,0.03833746667634169,0.029903574462857505,consistent;low_margin,consistent;low_margin
SQUIDPY_IMC,3,739,marker_spatial_smoothing,changed_but_still_wrong,apoptotic tumor cell,proliferative tumor cell,CK+ HR+ tumor cell,0.160913448190816,0.1598299594992049,0.0075088596658321,0.0327408896552342,-0.0010834886916110953,0.0252320299894021,consistent;low_margin,consistent;low_margin
SQUIDPY_IMC,3,2023,marker_spatial_smoothing,context_harm,small elongated stromal cell,small elongated stromal cell,endothelial,0.2991711758805375,0.325061401752302,0.0482332818863186,0.0748856873248312,0.02589022587176454,0.0266524054385126,consistent;low_margin,consistent;low_margin
SQUIDPY_IMC,3,1969,marker_spatial_smoothing,context_harm,vimentin hi stromal cell,vimentin hi stromal cell,endothelial,0.3748321929841022,0.3941632627154667,0.0215973552932984,0.0526677656461893,0.019331069731364503,0.0310704103528909,consistent;low_margin,consistent;low_margin
SQUIDPY_IMC,1,1311,marker_spatial_smoothing,context_harm,T cells,T cells,macrophages,0.1452331255037834,0.1887169201209713,0.0079748499817169,0.0467106724057811,0.043483794617187904,0.0387358224240642,consistent;low_margin,consistent;low_margin
SQUIDPY_IMC,3,2043,marker_spatial_smoothing,context_harm,macrophages,macrophages,endothelial,0.3145315557136643,0.2826231278543957,0.1071266216350624,0.0457938131035138,-0.03190842785926862,-0.0613328085315486,consistent,marker_conflict;low_margin
SQUIDPY_IMC,1,684,marker_spatial_smoothing,context_harm,T cells,T cells,macrophages,0.3148943725648351,0.3178857833389132,0.007436275504897,0.0408256784213788,0.002991410774078107,0.0333894029164818,consistent;low_margin,consistent;low_margin
SQUIDPY_IMC,4,4264,marker_spatial_smoothing,context_harm,T cells,T cells,small elongated stromal cell,0.2202763743069243,0.2417104457215007,0.0086255890954627,0.0379817964549647,0.0214340714145764,0.029356207359502003,consistent;low_margin,consistent;low_margin
SQUIDPY_IMC,3,2593,marker_spatial_smoothing,context_harm,macrophages,macrophages,CK low HR low tumor cell,0.2272108486955729,0.2090026710668225,0.0318469500770332,0.0333532145965359,-0.018208177628750405,0.001506264519502705,consistent;low_margin,consistent;low_margin
SQUIDPY_IMC,1,1058,marker_spatial_smoothing,context_harm,basal CK tumor cell,basal CK tumor cell,proliferative tumor cell,0.1384309305605215,0.1699383736226743,0.0053948596439709,0.0312673278222131,0.03150744306215281,0.0258724681782422,consistent;low_margin,consistent;low_margin
SQUIDPY_IMC,5,941,marker_spatial_smoothing,context_rescue,macrophages,small elongated stromal cell,macrophages,0.2930128467339727,0.3016034203739458,0.0234655304434843,0.0677271061260442,0.008590573639973065,0.044261575682559895,consistent;low_margin,consistent;low_margin
SQUIDPY_IMC,1,4190,marker_spatial_smoothing,context_rescue,basal CK tumor cell,proliferative tumor cell,basal CK tumor cell,0.1651020616710505,0.2095314445539112,0.0143933699344189,0.0547188459203351,0.04442938288286072,0.0403254759859162,consistent;low_margin,consistent;low_margin
SQUIDPY_IMC,1,4070,marker_spatial_smoothing,context_rescue,basal CK tumor cell,proliferative tumor cell,basal CK tumor cell,0.1504920701294921,0.1936059403226648,0.0110316078645053,0.0518063601011783,0.0431138701931727,0.040774752236673,consistent;low_margin,consistent;low_margin
SQUIDPY_IMC,3,3873,marker_spatial_smoothing,context_rescue,vimentin hi stromal cell,small elongated stromal cell,vimentin hi stromal cell,0.3253577540276515,0.3146332529179914,0.0166765142121023,0.0517437724290066,-0.010724501109660112,0.035067258216904304,consistent;low_margin,consistent;low_margin
SQUIDPY_IMC,5,3085,marker_spatial_smoothing,context_rescue,macrophages,small elongated stromal cell,macrophages,0.3025281679128065,0.2857149867339947,0.0936832446073018,0.043806358196318,-0.01681318117881181,-0.049876886410983805,consistent,marker_conflict;low_margin
SQUIDPY_IMC,1,3367,marker_spatial_smoothing,context_rescue,endothelial,vimentin hi stromal cell,endothelial,0.3128131649262196,0.3199021331492234,0.0201387897013389,0.0419312182970724,0.007088968223003811,0.0217924285957335,consistent;low_margin,consistent;low_margin
SQUIDPY_IMC,5,1140,marker_spatial_smoothing,context_rescue,endothelial,small elongated stromal cell,endothelial,0.2821739494335186,0.2815683306466427,0.0104314799555433,0.0400567094701508,-0.0006056187868758722,0.029625229514607505,consistent;low_margin,consistent;low_margin
SQUIDPY_IMC,4,472,marker_spatial_smoothing,context_rescue,macrophages,vimentin hi stromal cell,macrophages,0.2699378061329649,0.2742511489042941,0.0104350085208578,0.0368833762023775,0.004313342771329165,0.0264483676815197,consistent;low_margin,consistent;low_margin
SQUIDPY_MERFISH,2,39323-5,marker_spatial_smoothing,context_rescue,Pericytes,Endothelial 1,Pericytes,0.4630279815491813,0.4649665601334724,0.1105815293748107,0.1217421139522048,0.001938578584291084,0.011160584577394106,consistent,marker_conflict
SQUIDPY_MERFISH,4,49776-3,marker_spatial_smoothing,context_rescue,OD Immature 2,Excitatory,OD Immature 2,0.372357746067339,0.4337067734988731,0.0038800203974145,0.1205165744107888,0.06134902743153409,0.11663655401337429,consistent;low_margin,consistent
SQUIDPY_MERFISH,2,40918-5,marker_spatial_smoothing,context_rescue,OD Immature 1,Astrocyte,OD Immature 1,0.4282795887169637,0.4174528925219315,0.0824115797322931,0.1001767319918231,-0.010826696195032182,0.01776515225953,consistent,marker_conflict
SQUIDPY_MERFISH,2,35876-5,marker_spatial_smoothing,context_rescue,OD Immature 1,Inhibitory,OD Immature 1,0.3665445443347648,0.3927754062031652,0.0172815668508494,0.097740172517917,0.0262308618684004,0.0804586056670676,consistent;low_margin,consistent
SQUIDPY_MERFISH,2,18264-8,marker_spatial_smoothing,context_rescue,Endothelial 2,Endothelial 3,Endothelial 2,0.2499770916387737,0.2876862966989585,0.003295387002187,0.0967902889079489,0.0377092050601848,0.0934949019057619,consistent;low_margin,consistent
SQUIDPY_MERFISH,3,30395-6,marker_spatial_smoothing,context_rescue,Endothelial 2,Microglia,Endothelial 2,0.3104884880783373,0.352022240112204,0.01436332285408,0.0802084007197076,0.04153375203386672,0.0658450778656276,consistent;low_margin,consistent
SQUIDPY_MERFISH,2,40028-5,marker_spatial_smoothing,context_rescue,Endothelial 3,Endothelial 1,Endothelial 3,0.4526893849116493,0.4651397449310761,0.0034803233118376,0.0676586330949958,0.012450360019426843,0.0641783097831582,consistent;low_margin,consistent;low_margin
SQUIDPY_MERFISH,5,41823-4,marker_spatial_smoothing,context_rescue,Pericytes,Endothelial 1,Pericytes,0.3900413373113349,0.3842516775068969,0.0166843265933834,0.0573286974513316,-0.005789659804437963,0.0406443708579482,consistent;low_margin,consistent;low_margin
SQUIDPY_MERFISH,4,63664-1,marker_spatial_smoothing,changed_but_still_wrong,OD Immature 2,Astrocyte,Ependymal,0.4151813289446044,0.4427463420573683,0.0476812146334175,0.079820948254469,0.02756501311276388,0.032139733621051506,consistent;low_margin,consistent;low_margin
SQUIDPY_MERFISH,2,18898-8,marker_spatial_smoothing,changed_but_still_wrong,OD Mature 1,OD Mature 2,OD Mature 3,0.2842119078516108,0.2851025495981134,0.0071948986426328,0.0255089327010629,0.0008906417465025518,0.0183140340584301,consistent;low_margin,consistent;low_margin
SQUIDPY_MERFISH,4,27344-7,marker_spatial_smoothing,changed_but_still_wrong,Microglia,OD Mature 2,OD Mature 4,0.2366301825785115,0.2589382798891096,0.0009263697614166,0.0216162706961411,0.022308097310598102,0.0206899009347245,consistent;low_margin,consistent;low_margin
SQUIDPY_MERFISH,2,20304-8,marker_spatial_smoothing,changed_but_still_wrong,OD Mature 1,OD Mature 2,OD Mature 3,0.2926676568966655,0.283821220109235,0.0177513079181974,0.0201448589316719,-0.008846436787430523,0.0023935510134745,consistent;low_margin,consistent;low_margin
SQUIDPY_MERFISH,5,46024-4,marker_spatial_smoothing,changed_but_still_wrong,OD Mature 2,OD Mature 1,OD Mature 3,0.3100306549900086,0.3198148256740082,0.000686415262732,0.0199163191121021,0.009784170683999616,0.0192299038493701,consistent;low_margin,consistent;low_margin
SQUIDPY_MERFISH,4,23885-7,marker_spatial_smoothing,changed_but_still_wrong,OD Immature 1,Excitatory,OD Immature 2,0.2170152041712871,0.2204484523392453,0.0092218401497086,0.0193017471520841,0.003433248167958175,0.0100799070023755,consistent;low_margin,consistent;low_margin
SQUIDPY_MERFISH,2,38383-5,marker_spatial_smoothing,changed_but_still_wrong,OD Mature 1,OD Mature 2,OD Mature 3,0.2404600557701743,0.2414747734593332,0.0092752108974435,0.018289708541908,0.001014717689158895,0.009014497644464499,consistent;low_margin,consistent;low_margin
SQUIDPY_MERFISH,2,20358-8,marker_spatial_smoothing,changed_but_still_wrong,OD Mature 1,OD Mature 2,OD Mature 3,0.2117944276926672,0.2228322498955449,0.0034976806475305,0.0180893673790001,0.01103782220287769,0.0145916867314696,consistent;low_margin,consistent;low_margin
SQUIDPY_MERFISH,5,41928-4,marker_spatial_smoothing,context_harm,OD Immature 1,OD Immature 1,OD Immature 2,0.4732498098803447,0.4740084940098648,0.049197212791946,0.0473025340030588,0.0007586841295200708,-0.0018946787888871955,consistent;low_margin,consistent;low_margin
SQUIDPY_MERFISH,2,17698-8,marker_spatial_smoothing,context_harm,OD Mature 2,OD Mature 2,OD Mature 3,0.3843537017986654,0.3898652206615318,0.0059845331891058,0.0428267660691041,0.0055115188628663825,0.0368422328799983,consistent;low_margin,consistent;low_margin
SQUIDPY_MERFISH,5,45953-4,marker_spatial_smoothing,context_harm,OD Mature 2,OD Mature 2,OD Mature 3,0.3434391834959183,0.3507732236924482,0.0076145555471536,0.0418163833047308,0.00733404019652989,0.0342018277575772,consistent;low_margin,consistent;low_margin
SQUIDPY_MERFISH,5,14290-9,marker_spatial_smoothing,context_harm,OD Mature 2,OD Mature 2,OD Mature 3,0.3837994521566891,0.3806842750170572,0.0148616640315221,0.0374595611712542,-0.003115177139631886,0.0225978971397321,consistent;low_margin,consistent;low_margin
SQUIDPY_MERFISH,2,22859-8,marker_spatial_smoothing,context_harm,OD Mature 2,OD Mature 2,OD Mature 3,0.3222150389139407,0.3256565648205205,0.0059967923829424,0.0357663315686381,0.003441525906579812,0.0297695391856957,consistent;low_margin,consistent;low_margin
SQUIDPY_MERFISH,5,15096-9,marker_spatial_smoothing,context_harm,OD Mature 2,OD Mature 2,OD Mature 3,0.3259076093860757,0.3177929200820731,0.0219980363029033,0.0282663348182554,-0.008114689304002609,0.0062682985153521,consistent;low_margin,consistent;low_margin
SQUIDPY_MERFISH,5,43411-4,marker_spatial_smoothing,context_harm,Inhibitory,Inhibitory,Ependymal,0.0895014691513359,0.1167941222633872,0.0017875987629949,0.0282272277629336,0.0272926531120513,0.026439628999938698,consistent;low_margin,consistent;low_margin
SQUIDPY_MERFISH,2,18874-8,marker_spatial_smoothing,context_harm,OD Mature 2,OD Mature 2,OD Mature 3,0.3918634772094649,0.3690764575168391,0.0353817489175839,0.0232998885864103,-0.02278701969262581,-0.012081860331173602,consistent;low_margin,consistent;low_margin
SQUIDPY_MIBITOF,3,9984-1,marker_spatial_smoothing,context_rescue,Myeloid_CD68,Endothelial,Myeloid_CD68,0.2937296121658656,0.3105838497094247,0.0300811260072053,0.060610186170217,0.016854237543559136,0.030529060163011698,consistent;low_margin,consistent;low_margin
SQUIDPY_MIBITOF,1,47332-2,marker_spatial_smoothing,context_rescue,Fibroblast,Endothelial,Fibroblast,0.3978763628963976,0.4306361752013003,0.0267930314306601,0.0563856963284774,0.03275981230490271,0.029592664897817297,consistent;low_margin,consistent;low_margin
SQUIDPY_MIBITOF,1,47166-2,marker_spatial_smoothing,context_rescue,Fibroblast,Endothelial,Fibroblast,0.349095321470881,0.3858061063705292,0.0214994798338203,0.0523564991384484,0.036710784899648186,0.0308570193046281,consistent;low_margin,consistent;low_margin
SQUIDPY_MIBITOF,1,47279-2,marker_spatial_smoothing,context_rescue,Fibroblast,Endothelial,Fibroblast,0.2981192463499202,0.3263761445442341,0.0396341281776891,0.0495449739395154,0.028256898194313873,0.009910845761826305,consistent;low_margin,consistent;low_margin
SQUIDPY_MIBITOF,1,46353-2,marker_spatial_smoothing,context_rescue,Imm_other,Fibroblast,Imm_other,0.2762702207971621,0.2843311289822143,0.0292802646002372,0.0445917541131829,0.008060908185052174,0.015311489512945697,consistent;low_margin,consistent;low_margin
SQUIDPY_MIBITOF,1,47189-2,marker_spatial_smoothing,context_rescue,Fibroblast,Endothelial,Fibroblast,0.3802696540505884,0.3627922847815014,0.0521153564909307,0.0409234664232567,-0.017477369269086995,-0.011191890067674001,consistent;low_margin,marker_conflict;low_margin
SQUIDPY_MIBITOF,1,46732-2,marker_spatial_smoothing,context_rescue,Epithelial,Myeloid_CD11c,Epithelial,0.3365786286126511,0.3606102470753144,0.0537159486364309,0.0339439690861096,0.02403161846266333,-0.019771979550321298,consistent;low_margin,marker_conflict;low_margin
SQUIDPY_MIBITOF,1,46717-2,marker_spatial_smoothing,context_rescue,Tcell_CD4,Tcell_CD8,Tcell_CD4,0.3317484670736966,0.3148014754112516,0.0300291573276978,0.0330392938949982,-0.01694699166244501,0.0030101365673003977,consistent;low_margin,consistent;low_margin
SQUIDPY_MIBITOF,1,47136-2,marker_spatial_smoothing,changed_but_still_wrong,Imm_other,Endothelial,Epithelial,0.2129526932328062,0.4096439184878571,0.0440764060879685,0.2568570519233001,0.1966912252550509,0.2127806458353316,consistent;low_margin,consistent
SQUIDPY_MIBITOF,1,47044-2,marker_spatial_smoothing,changed_but_still_wrong,Tcell_CD8,Myeloid_CD68,Epithelial,0.1955537145661703,0.3159627434582844,0.0203300012420556,0.1491421835403893,0.1204090288921141,0.1288121822983337,consistent;low_margin,consistent
SQUIDPY_MIBITOF,1,47169-2,marker_spatial_smoothing,changed_but_still_wrong,Fibroblast,Epithelial,Endothelial,0.3165628972168356,0.3438692217967922,0.00945674311163,0.0958492616523348,0.027306324579956576,0.0863925185407048,consistent;low_margin,consistent
SQUIDPY_MIBITOF,1,47290-2,marker_spatial_smoothing,changed_but_still_wrong,Imm_other,Myeloid_CD68,Fibroblast,0.223146328673472,0.2630707310938416,0.0198306423499136,0.0697426702355687,0.0399244024203696,0.049912027885655096,consistent;low_margin,consistent;low_margin
SQUIDPY_MIBITOF,1,47118-2,marker_spatial_smoothing,changed_but_still_wrong,Imm_other,Myeloid_CD11c,Epithelial,0.2357116893615215,0.2677879075014112,0.0319086399714145,0.0571866211318247,0.03207621813988967,0.025277981160410197,consistent;low_margin,consistent;low_margin
SQUIDPY_MIBITOF,1,46625-2,marker_spatial_smoothing,changed_but_still_wrong,Tcell_CD4,Tcell_CD8,Imm_other,0.2885118570662339,0.2993632083458888,0.0144817291272034,0.0563206926722743,0.01085135127965492,0.0418389635450709,consistent;low_margin,consistent;low_margin
SQUIDPY_MIBITOF,1,46655-2,marker_spatial_smoothing,changed_but_still_wrong,Imm_other,Myeloid_CD11c,Epithelial,0.2800709737860838,0.3233608640296179,0.0779417403817943,0.054986713853154,0.04328989024353408,-0.0229550265286403,consistent;low_margin,marker_conflict;low_margin
SQUIDPY_MIBITOF,3,10351-1,marker_spatial_smoothing,changed_but_still_wrong,Imm_other,Tcell_CD4,Epithelial,0.2012632107495596,0.222616740275455,0.0347769398408954,0.0503606543416984,0.021353529525895393,0.015583714500803002,consistent;low_margin,consistent;low_margin
SQUIDPY_MIBITOF,3,9554-1,marker_spatial_smoothing,context_harm,Epithelial,Epithelial,Imm_other,0.4129413205192815,0.4642891582163002,0.0335094695849492,0.1462512867721645,0.05134783769701867,0.1127418171872153,consistent;low_margin,consistent
SQUIDPY_MIBITOF,3,9450-1,marker_spatial_smoothing,context_harm,Myeloid_CD68,Myeloid_CD68,Imm_other,0.3016782070658463,0.3707974801768324,0.0165865292560983,0.1448841902854774,0.06911927311098609,0.1282976610293791,consistent;low_margin,consistent
SQUIDPY_MIBITOF,3,9856-1,marker_spatial_smoothing,context_harm,Tcell_CD8,Tcell_CD8,Imm_other,0.3282923502461313,0.3784435543889481,0.0072940744295446,0.105538613619588,0.05015120414281682,0.09824453919004339,consistent;low_margin,consistent
SQUIDPY_MIBITOF,1,46841-2,marker_spatial_smoothing,context_harm,Myeloid_CD68,Myeloid_CD68,Endothelial,0.2622628589641589,0.2717298610119461,0.0165394689379007,0.0596799023781525,0.00946700204778722,0.0431404334402518,consistent;low_margin,consistent;low_margin
SQUIDPY_MIBITOF,1,46984-2,marker_spatial_smoothing,context_harm,Myeloid_CD11c,Myeloid_CD11c,Epithelial,0.4314361356048567,0.4139317850889846,0.1803682252402263,0.0566529848364234,-0.017504350515872125,-0.12371524040380291,consistent,marker_conflict;low_margin
SQUIDPY_MIBITOF,1,46619-2,marker_spatial_smoothing,context_harm,Imm_other,Imm_other,Epithelial,0.2334425733972994,0.2500608331194613,0.0670121572718924,0.0543723189168153,0.01661825972216191,-0.0126398383550771,consistent;low_margin,marker_conflict;low_margin
SQUIDPY_MIBITOF,3,9741-1,marker_spatial_smoothing,context_harm,Myeloid_CD68,Myeloid_CD68,Myeloid_CD11c,0.3370068882028199,0.3512105986068627,0.0206446720545767,0.0512937869487987,0.014203710404042835,0.030649114894222,consistent;low_margin,consistent;low_margin
SQUIDPY_MIBITOF,3,10114-1,marker_spatial_smoothing,context_harm,Fibroblast,Fibroblast,Myeloid_CD68,0.2422902845995057,0.2540115210310705,0.0110697566951407,0.04969165300341,0.011721236431564808,0.038621896308269295,consistent;low_margin,consistent;low_margin
SQUIDPY_SEQFISH,1,embryo1_Pos0_cell24_z5,marker_spatial_smoothing,context_harm,Allantois,Allantois,Lateral plate mesoderm,0.3688127659369147,0.4260811269122191,0.0149458279488338,0.1008000779763647,0.05726836097530441,0.0858542500275309,consistent;low_margin,consistent
SQUIDPY_SEQFISH,1,embryo1_Pos27_cell74_z2,marker_spatial_smoothing,context_harm,Gut tube,Gut tube,Definitive endoderm,0.233534890635398,0.2667838204641449,0.0912214877307508,0.060571840555096,0.03324892982874689,-0.0306496471756548,consistent,marker_conflict;low_margin
SQUIDPY_SEQFISH,1,embryo1_Pos5_cell337_z2,marker_spatial_smoothing,context_harm,Cranial mesoderm,Cranial mesoderm,Neural crest,0.291133076350045,0.3259406764080483,0.0169520483882798,0.0541765922753659,0.03480760005800332,0.0372245438870861,consistent;low_margin,consistent;low_margin
SQUIDPY_SEQFISH,1,embryo1_Pos28_cell267_z2,marker_spatial_smoothing,context_harm,Spinal cord,Spinal cord,Definitive endoderm,0.0986381957180981,0.1373293949716065,0.0058267745138441,0.045118037899523,0.038691199253508404,0.0392912633856789,consistent;low_margin,consistent;low_margin
SQUIDPY_SEQFISH,1,embryo1_Pos23_cell43_z2,marker_spatial_smoothing,context_harm,Haematoendothelial progenitors,Haematoendothelial progenitors,Gut tube,0.2181857509242655,0.2294608719099068,0.0220440077390647,0.0391257895194205,0.01127512098564129,0.0170817817803558,consistent;low_margin,consistent;low_margin
SQUIDPY_SEQFISH,1,embryo1_Pos25_cell40_z2,marker_spatial_smoothing,context_harm,Haematoendothelial progenitors,Haematoendothelial progenitors,Erythroid,0.2370125713370837,0.2260095727682196,0.0646651331278768,0.017182324707489,-0.011002998568864109,-0.04748280842038781,consistent;low_margin,marker_conflict;low_margin
SQUIDPY_SEQFISH,1,embryo1_Pos8_cell19_z5,marker_spatial_smoothing,context_harm,Surface ectoderm,Surface ectoderm,Neural crest,0.1696603085186959,0.1794812978781184,0.0193046911805204,0.0149715007865251,0.009820989359422494,-0.004333190393995299,consistent;low_margin,consistent;low_margin
SQUIDPY_SEQFISH,1,embryo1_Pos28_cell245_z5,marker_spatial_smoothing,context_harm,Spinal cord,Spinal cord,Forebrain/Midbrain/Hindbrain,0.3058162939683698,0.2991899290623689,0.037647061836532,0.0147069664230971,-0.006626364906000881,-0.022940095413434898,consistent;low_margin,consistent;low_margin
SQUIDPY_SEQFISH,1,embryo1_Pos28_cell381_z2,marker_spatial_smoothing,context_rescue,Definitive endoderm,Gut tube,Definitive endoderm,0.3775253015607339,0.5234871913215454,0.0465065225203368,0.2592871822507203,0.14596188976081154,0.2127806597303835,consistent;low_margin,consistent
SQUIDPY_SEQFISH,1,embryo1_Pos27_cell56_z2,marker_spatial_smoothing,context_rescue,Definitive endoderm,Erythroid,Definitive endoderm,0.077915810819892,0.1899263522905631,0.0006127414656285,0.121773031511877,0.11201054147067109,0.12116029004624851,consistent;low_margin,consistent
SQUIDPY_SEQFISH,1,embryo1_Pos28_cell308_z2,marker_spatial_smoothing,context_rescue,Definitive endoderm,Gut tube,Definitive endoderm,0.2360447183904554,0.3274764095504694,0.0463486389552638,0.1191496585072944,0.09143169116001401,0.07280101955203061,consistent;low_margin,consistent
SQUIDPY_SEQFISH,1,embryo1_Pos8_cell86_z2,marker_spatial_smoothing,context_rescue,Neural crest,Surface ectoderm,Neural crest,0.3573015366768906,0.4056471929891888,0.0306938410674889,0.0983164754366696,0.0483456563122982,0.0676226343691807,consistent;low_margin,consistent
SQUIDPY_SEQFISH,1,embryo1_Pos9_cell265_z2,marker_spatial_smoothing,context_rescue,Neural crest,Erythroid,Neural crest,0.1093130485060975,0.1574080415250374,0.0215198454906822,0.0655113808248916,0.04809499301893991,0.043991535334209395,consistent;low_margin,consistent;low_margin
SQUIDPY_SEQFISH,1,embryo1_Pos9_cell386_z5,marker_spatial_smoothing,context_rescue,Neural crest,Forebrain/Midbrain/Hindbrain,Neural crest,0.2500508794732738,0.2778762960975771,0.0543599006508309,0.054875471356762,0.027825416624303267,0.0005155707059310982,consistent;low_margin,marker_conflict;low_margin
SQUIDPY_SEQFISH,1,embryo1_Pos20_cell249_z2,marker_spatial_smoothing,context_rescue,Splanchnic mesoderm,Cardiomyocytes,Splanchnic mesoderm,0.1415884891840404,0.2029021081665467,0.0182468186482976,0.0451371538275457,0.061313618982506285,0.026890335179248097,consistent;low_margin,consistent;low_margin
SQUIDPY_SEQFISH,1,embryo1_Pos14_cell55_z5,marker_spatial_smoothing,context_rescue,Surface ectoderm,Definitive endoderm,Surface ectoderm,0.1047331475802821,0.1374637611396363,0.019577078278656,0.0349724701604289,0.032730613559354194,0.015395391881772899,consistent;low_margin,consistent;low_margin
SQUIDPY_SEQFISH,1,embryo1_Pos20_cell316_z5,marker_spatial_smoothing,changed_but_still_wrong,Splanchnic mesoderm,Mixed mesenchymal mesoderm,Cardiomyocytes,0.1306471768259748,0.2274337875885803,0.0066351174455523,0.107351661728684,0.0967866107626055,0.1007165442831317,consistent;low_margin,consistent
SQUIDPY_SEQFISH,1,embryo1_Pos27_cell124_z2,marker_spatial_smoothing,changed_but_still_wrong,Gut tube,Presomitic mesoderm,Definitive endoderm,0.1600485702997039,0.2135435118458387,0.0613140827184903,0.0906997159672507,0.053494941546134794,0.029385633248760396,consistent;low_margin,marker_conflict
SQUIDPY_SEQFISH,1,embryo1_Pos28_cell234_z5,marker_spatial_smoothing,changed_but_still_wrong,Spinal cord,NMP,Forebrain/Midbrain/Hindbrain,0.2831051417299031,0.3097599824317055,0.0120984097852644,0.0458067643421793,0.026654840701802407,0.0337083545569149,consistent;low_margin,consistent;low_margin
SQUIDPY_SEQFISH,4,embryo1_Pos27_cell418_z2,marker_spatial_smoothing,changed_but_still_wrong,Spinal cord,Erythroid,Definitive endoderm,0.0817161122938655,0.1190652717028332,0.0028749228691967,0.0433063680607291,0.0373491594089677,0.0404314451915324,consistent;low_margin,consistent;low_margin
SQUIDPY_SEQFISH,4,embryo1_Pos27_cell380_z5,marker_spatial_smoothing,changed_but_still_wrong,Surface ectoderm,Gut tube,Definitive endoderm,0.2469036279649086,0.2685996455810753,0.0454331635280198,0.0432494981030398,0.021696017616166685,-0.002183665424979997,consistent;low_margin,consistent;low_margin
SQUIDPY_SEQFISH,1,embryo1_Pos5_cell478_z2,marker_spatial_smoothing,changed_but_still_wrong,Intermediate mesoderm,Lateral plate mesoderm,Surface ectoderm,0.2560053330343184,0.3050556500936097,0.0072938905557467,0.0335114154584738,0.049050317059291304,0.026217524902727104,consistent;low_margin,consistent;low_margin
SQUIDPY_SEQFISH,1,embryo1_Pos28_cell431_z2,marker_spatial_smoothing,changed_but_still_wrong,Surface ectoderm,Forebrain/Midbrain/Hindbrain,Definitive endoderm,0.1185119792119282,0.1503559280736252,0.0118437680243389,0.0330116015227106,0.03184394886169699,0.0211678334983717,consistent;low_margin,consistent;low_margin
SQUIDPY_SEQFISH,1,embryo1_Pos27_cell112_z2,marker_spatial_smoothing,changed_but_still_wrong,Haematoendothelial progenitors,Forebrain/Midbrain/Hindbrain,Endothelium,0.1790740330625584,0.2124424397142305,0.0096511513001081,0.0306860480707791,0.033368406651672095,0.021034896770670997,consistent;low_margin,consistent;low_margin
SQUIDPY_SLIDESEQV2,2,TTTAAGGGGAGACG,marker_spatial_smoothing,context_rescue,Ependymal,CA1_CA2_CA3_Subiculum,Ependymal,0.1458253329444495,0.2071025796067822,0.0140472311905514,0.0827228019693877,0.061277246662332696,0.06867557077883629,consistent;low_margin,consistent
SQUIDPY_SLIDESEQV2,4,AGTAGCCGGACTGT,marker_spatial_smoothing,context_rescue,Ependymal,Astrocytes,Ependymal,0.1596305893457523,0.2177517752454141,0.0157129749793658,0.0817363299751097,0.05812118589966178,0.0660233549957439,consistent;low_margin,consistent
SQUIDPY_SLIDESEQV2,2,ATTTTTACCTCTGT,marker_spatial_smoothing,context_rescue,Ependymal,CA1_CA2_CA3_Subiculum,Ependymal,0.1652910320694728,0.2043108589502338,0.0217132340725385,0.0603416832475945,0.039019826880761,0.038628449175056,consistent;low_margin,consistent;low_margin
SQUIDPY_SLIDESEQV2,4,ACAGCAGTGAGATG,marker_spatial_smoothing,context_rescue,Subiculum_Entorhinal_cl3,Ependymal,Subiculum_Entorhinal_cl3,0.1808174601418398,0.1951544955482162,0.0034541376452258,0.0518895096519972,0.014337035406376403,0.0484353720067714,consistent;low_margin,consistent;low_margin
SQUIDPY_SLIDESEQV2,2,CTAGGAAATAGCGT,marker_spatial_smoothing,context_rescue,DentatePyramids,CA1_CA2_CA3_Subiculum,DentatePyramids,0.412991058308219,0.4221625431987438,0.0282545431159767,0.0489516697003581,0.009171484890524828,0.0206971265843814,consistent;low_margin,consistent;low_margin
SQUIDPY_SLIDESEQV2,4,GGGCTGCGGTGAAG,marker_spatial_smoothing,context_rescue,Subiculum_Entorhinal_cl2,CA1_CA2_CA3_Subiculum,Subiculum_Entorhinal_cl2,0.2837452422456352,0.2788804731948921,0.027983831613448,0.0197033720405393,-0.004864769050743067,-0.0082804595729087,consistent;low_margin,consistent;low_margin
SQUIDPY_SLIDESEQV2,4,ATGTTGCTGGAAAG,marker_spatial_smoothing,context_rescue,Subiculum_Entorhinal_cl3,Subiculum_Entorhinal_cl2,Subiculum_Entorhinal_cl3,0.252115727229355,0.243118490998656,0.0317141193765474,0.0169095913495812,-0.00899723623069898,-0.014804528026966204,consistent;low_margin,consistent;low_margin
SQUIDPY_SLIDESEQV2,3,CTCATTGTGGCAGA,marker_spatial_smoothing,context_rescue,Ependymal,Endothelial_Tip,Ependymal,0.5066796442645023,0.4923436835041789,0.0492603993096886,0.0163184069429682,-0.014335960760323396,-0.03294199236672039,consistent;low_margin,consistent;low_margin
SQUIDPY_SLIDESEQV2,2,CGCTGATATTCACG,marker_spatial_smoothing,changed_but_still_wrong,Neurogenesis,Interneurons,Ependymal,0.1749108435829608,0.2550403562998937,0.021254518795391,0.1101339168348084,0.08012951271693289,0.0888793980394174,consistent;low_margin,consistent
SQUIDPY_SLIDESEQV2,4,GATCCCGGCCCTTG,marker_spatial_smoothing,changed_but_still_wrong,Oligodendrocytes,Polydendrocytes,Ependymal,0.1288876499958066,0.2050378926352253,0.017815127953412,0.081411706738314,0.07615024263941869,0.06359657878490199,consistent;low_margin,consistent
SQUIDPY_SLIDESEQV2,2,GGGTGTATGAATCT,marker_spatial_smoothing,changed_but_still_wrong,Neurogenesis,Endothelial_Tip,Ependymal,0.148342814444108,0.2192821353077508,0.0099588618422191,0.0710760806417502,0.0709393208636428,0.061117218799531095,consistent;low_margin,consistent;low_margin
SQUIDPY_SLIDESEQV2,2,CCTGGAAGGCCAAC,marker_spatial_smoothing,changed_but_still_wrong,Mural,Endothelial_Tip,Ependymal,0.1786791749410561,0.2408941854700072,0.0353936773112454,0.0694234907773427,0.06221501052895112,0.03402981346609729,consistent;low_margin,consistent;low_margin
SQUIDPY_SLIDESEQV2,4,CCTCCGAACCGTTT,marker_spatial_smoothing,changed_but_still_wrong,DentatePyramids,Endothelial_Stalk,Neurogenesis,0.2205180545814878,0.2493912779636929,0.0369448553359486,0.0511830640909616,0.028873223382205104,0.014238208755012999,consistent;low_margin,consistent;low_margin
SQUIDPY_SLIDESEQV2,3,GGTTTGGGTTTGTT,marker_spatial_smoothing,changed_but_still_wrong,CA1_CA2_CA3_Subiculum,Interneurons,Ependymal,0.2702521550235497,0.293766506663857,0.0027140102779248,0.0500721937070278,0.023514351640307296,0.047358183429103,consistent;low_margin,consistent;low_margin
SQUIDPY_SLIDESEQV2,4,GATATGCGAGATGG,marker_spatial_smoothing,changed_but_still_wrong,Neurogenesis,Endothelial_Stalk,Oligodendrocytes,0.3109508646795677,0.3054874778083124,0.0700612490096886,0.0482388489019297,-0.005463386871255249,-0.021822400107758905,consistent;low_margin,marker_conflict;low_margin
SQUIDPY_SLIDESEQV2,2,GGAATACGGCAGAC,marker_spatial_smoothing,changed_but_still_wrong,Subiculum_Entorhinal_cl3,Endothelial_Stalk,Ependymal,0.1734424944166979,0.194096315501524,0.0658866507756419,0.0375257621890205,0.020653821084826107,-0.028360888586621405,consistent;low_margin,marker_conflict;low_margin
SQUIDPY_SLIDESEQV2,4,AGGTGTAAACCGGA,marker_spatial_smoothing,context_harm,Polydendrocytes,Polydendrocytes,Ependymal,0.1515628660480503,0.1947140304218814,0.0370485636535284,0.0509675652299487,0.0431511643738311,0.0139190015764203,consistent;low_margin,consistent;low_margin
SQUIDPY_SLIDESEQV2,2,GAAGGGACCGGGGA,marker_spatial_smoothing,context_harm,Oligodendrocytes,Oligodendrocytes,Polydendrocytes,0.3685315306599045,0.3816610499481391,0.0023496250511665,0.041120876291979,0.013129519288234581,0.038771251240812495,consistent;low_margin,consistent;low_margin
SQUIDPY_SLIDESEQV2,2,TACCAGGTCGGTGG,marker_spatial_smoothing,context_harm,CA1_CA2_CA3_Subiculum,CA1_CA2_CA3_Subiculum,DentatePyramids,0.4315078074303908,0.4410450605752019,0.006963882312462,0.0340991465853005,0.009537253144811075,0.0271352642728385,consistent;low_margin,consistent;low_margin
SQUIDPY_SLIDESEQV2,4,CCCATGGCCCCAGC,marker_spatial_smoothing,context_harm,CA1_CA2_CA3_Subiculum,CA1_CA2_CA3_Subiculum,Subiculum_Entorhinal_cl3,0.2054427994176903,0.2179250166972875,0.0039659411313178,0.0301358533647805,0.012482217279597196,0.0261699122334627,consistent;low_margin,consistent;low_margin
SQUIDPY_SLIDESEQV2,4,CATGGGTAGTACGT,marker_spatial_smoothing,context_harm,Endothelial_Stalk,Endothelial_Stalk,Microglia,0.1533338935982788,0.1546582318367859,0.0440660536893355,0.0280100163557134,0.0013243382385071112,-0.0160560373336221,consistent;low_margin,consistent;low_margin
SQUIDPY_SLIDESEQV2,4,TAGGCCCTGCTTTT,marker_spatial_smoothing,context_harm,CA1_CA2_CA3_Subiculum,CA1_CA2_CA3_Subiculum,Interneurons,0.1569623451101141,0.1406036710652001,0.008153929358163,0.0127557367926499,-0.01635867404491398,0.004601807434486901,consistent;low_margin,consistent;low_margin
SQUIDPY_SLIDESEQV2,2,TGGACATATTTCTC,marker_spatial_smoothing,context_harm,CA1_CA2_CA3_Subiculum,CA1_CA2_CA3_Subiculum,DentatePyramids,0.3758466318539405,0.3686688133876795,0.0282237246943557,0.0114601128932401,-0.007177818466261032,-0.016763611801115602,consistent;low_margin,consistent;low_margin
SQUIDPY_SLIDESEQV2,4,TAACCAGTATACGG,marker_spatial_smoothing,context_harm,Subiculum_Entorhinal_cl2,Subiculum_Entorhinal_cl2,Interneurons,0.208062247188982,0.1928541698814634,0.0194099607292977,0.0101439587075363,-0.015208077307518608,-0.009266002021761399,consistent;low_margin,consistent;low_margin
SQUIDPY_VISIUM_FLUO,4,TTATCTGTATCATAAC-1,marker_spatial_smoothing,changed_but_still_wrong,Hippocampus,Fiber_tracts,Lateral_ventricle,0.2079986775615801,0.2680726234267999,0.0300171553691874,0.0952750072751359,0.060073945865219774,0.06525785190594849,consistent;low_margin,consistent
SQUIDPY_VISIUM_FLUO,4,ATCAGACGGCACGCCG-1,marker_spatial_smoothing,changed_but_still_wrong,Cortex_4,Fiber_tracts,Striatum,0.1459094777769069,0.207394492694041,0.0245279110277368,0.0782500989125153,0.061485014917134095,0.053722187884778505,consistent;low_margin,consistent;low_margin
SQUIDPY_VISIUM_FLUO,4,CTGTTCACTGCCTGTG-1,marker_spatial_smoothing,changed_but_still_wrong,Cortex_1,Fiber_tracts,Lateral_ventricle,0.2429348813604589,0.2642023777741317,0.0805811289481789,0.0645076878428064,0.021267496413672787,-0.016073441105372496,consistent,marker_conflict;low_margin
SQUIDPY_VISIUM_FLUO,2,TCAACATAGCGCCCTA-1,marker_spatial_smoothing,changed_but_still_wrong,Cortex_5,Striatum,Cortex_4,0.1612044865346353,0.193916536799978,0.0100651846382765,0.0614129649310639,0.03271205026534271,0.0513477802927874,consistent;low_margin,consistent;low_margin
SQUIDPY_VISIUM_FLUO,1,CTGGCATCCGAATGAG-1,marker_spatial_smoothing,changed_but_still_wrong,Cortex_4,Amygdala,Striatum,0.2271709754826518,0.2439879094845194,0.0068865231731949,0.0614047267052381,0.016816934001867595,0.054518203532043195,consistent;low_margin,consistent;low_margin
SQUIDPY_VISIUM_FLUO,4,CACCCAAATCTTATGT-1,marker_spatial_smoothing,changed_but_still_wrong,Hypothalamus_1,Hypothalamus_2,Thalamus_2,0.4162172088613881,0.4204642232937213,0.032313949301357,0.0576909475949324,0.004247014432333218,0.025376998293575398,consistent;low_margin,consistent;low_margin
SQUIDPY_VISIUM_FLUO,2,CTTGGCCAAGCTGGGA-1,marker_spatial_smoothing,changed_but_still_wrong,Cortex_5,Hippocampus,Cortex_4,0.1817181684599585,0.2110283655326708,0.0007158435747293,0.0573600608029,0.02931019707271229,0.0566442172281707,consistent;low_margin,consistent;low_margin
SQUIDPY_VISIUM_FLUO,4,TTGCGTCGGCCAACCG-1,marker_spatial_smoothing,changed_but_still_wrong,Cortex_4,Cortex_1,Striatum,0.1848951898884259,0.1960654830841905,0.0350610969468856,0.0540939959087694,0.011170293195764597,0.0190328989618838,consistent;low_margin,consistent;low_margin
SQUIDPY_VISIUM_FLUO,2,CTCATTGCTCTAACAA-1,marker_spatial_smoothing,context_rescue,Fiber_tracts,Lateral_ventricle,Fiber_tracts,0.4156051298457106,0.4977691924876184,0.0059584249883171,0.1993867208714025,0.08216406264190784,0.19342829588308538,consistent;low_margin,consistent
SQUIDPY_VISIUM_FLUO,1,GAGATCTTCCATGACA-1,marker_spatial_smoothing,context_rescue,Thalamus_1,Thalamus_2,Thalamus_1,0.3555027505378819,0.4631424192998037,0.0066691105010893,0.1676202540053094,0.10763966876192183,0.1609511435042201,consistent;low_margin,consistent
SQUIDPY_VISIUM_FLUO,2,TAGGTGACGATAACCT-1,marker_spatial_smoothing,context_rescue,Fiber_tracts,Lateral_ventricle,Fiber_tracts,0.3857001281005848,0.4518670230066301,0.005087164399235,0.1664637113759637,0.06616689490604533,0.16137654697672868,consistent;low_margin,consistent
SQUIDPY_VISIUM_FLUO,1,GTTTGGCCCAAGTTAT-1,marker_spatial_smoothing,context_rescue,Thalamus_1,Thalamus_2,Thalamus_1,0.5140027720174478,0.5506678727035291,0.0869473950113277,0.1599749955987791,0.03666510068608131,0.07302760058745139,consistent,marker_conflict
SQUIDPY_VISIUM_FLUO,2,ACCAAGTCATCGGCAG-1,marker_spatial_smoothing,context_rescue,Hypothalamus_2,Amygdala,Hypothalamus_2,0.3247104489544886,0.3953037525617734,0.0006464042425549,0.1557057878309171,0.07059330360728483,0.1550593835883622,consistent;low_margin,consistent
SQUIDPY_VISIUM_FLUO,2,TTGTGCAGCCACGTCA-1,marker_spatial_smoothing,context_rescue,Fiber_tracts,Lateral_ventricle,Fiber_tracts,0.3694073273459066,0.4034073272523149,0.014733451715063,0.1391757542295968,0.033999999906408285,0.1244423025145338,consistent;low_margin,consistent
SQUIDPY_VISIUM_FLUO,2,TGAGCGGAAAGTGTTC-1,marker_spatial_smoothing,context_rescue,Fiber_tracts,Lateral_ventricle,Fiber_tracts,0.3944206254610176,0.4200158481225495,0.0137309285847208,0.1203322762636134,0.025595222661531913,0.1066013476788926,consistent;low_margin,consistent
SQUIDPY_VISIUM_FLUO,2,AACCTTTAAATACGGT-1,marker_spatial_smoothing,context_rescue,Fiber_tracts,Lateral_ventricle,Fiber_tracts,0.3433520322990628,0.3623925304935381,0.070499430649316,0.1172935096306208,0.019040498194475286,0.04679407898130479,consistent;low_margin,marker_conflict
SQUIDPY_VISIUM_FLUO,4,GGGCCCGTCTTAAACA-1,marker_spatial_smoothing,context_harm,Fiber_tracts,Fiber_tracts,Lateral_ventricle,0.4829632333167534,0.5665689468529633,0.0675223223149159,0.238916464258515,0.08360571353620994,0.17139414194359912,consistent;low_margin,marker_conflict
SQUIDPY_VISIUM_FLUO,1,CCATGCCTGTTTAGTA-1,marker_spatial_smoothing,context_harm,Fiber_tracts,Fiber_tracts,Lateral_ventricle,0.4736104731506917,0.5094703569230442,0.086271264016679,0.1475397753869488,0.0358598837723525,0.061268511370269785,consistent,marker_conflict
SQUIDPY_VISIUM_FLUO,4,TTACGGATGGTTCGAG-1,marker_spatial_smoothing,context_harm,Thalamus_1,Thalamus_1,Thalamus_2,0.5035191909049548,0.5031109967558134,0.1214547283389527,0.1470855862901776,-0.0004081941491413943,0.025630857951224897,consistent,marker_conflict
SQUIDPY_VISIUM_FLUO,4,GTTACTTTGGGCCTAG-1,marker_spatial_smoothing,context_harm,Fiber_tracts,Fiber_tracts,Lateral_ventricle,0.506493195434883,0.4835243708958004,0.1900320380070475,0.1387060319919966,-0.02296882453908261,-0.051326006015050885,consistent,marker_conflict
SQUIDPY_VISIUM_FLUO,4,TAACTCATCCGCGCGG-1,marker_spatial_smoothing,context_harm,Fiber_tracts,Fiber_tracts,Striatum,0.4507737829969011,0.4572848856684343,0.0944825547092942,0.1250169096039344,0.006511102671533209,0.03053435489464021,consistent,marker_conflict
SQUIDPY_VISIUM_FLUO,2,GGCCAATTGTATAGAC-1,marker_spatial_smoothing,context_harm,Cortex_2,Cortex_2,Hypothalamus_2,0.2278035637231673,0.2698323380519915,0.0212376371398893,0.0986553402473484,0.04202877432882424,0.0774177031074591,consistent;low_margin,consistent
SQUIDPY_VISIUM_FLUO,2,TTCCTCGGACTAACCA-1,marker_spatial_smoothing,context_harm,Fiber_tracts,Fiber_tracts,Thalamus_1,0.215105646256228,0.2656280691035809,0.0189237124843855,0.082925778296314,0.050522422847352894,0.06400206581192851,consistent;low_margin,consistent
SQUIDPY_VISIUM_FLUO,1,TTCTGCCGCGCCTAGA-1,marker_spatial_smoothing,context_harm,Fiber_tracts,Fiber_tracts,Hypothalamus_1,0.2612163729895384,0.2823998923903406,0.0304208745527283,0.0670499532412007,0.021183519400802153,0.03662907868847239,consistent;low_margin,consistent;low_margin
SQUIDPY_VISIUM_HNE,2,GGGACTGCATAGATAG-1,marker_spatial_smoothing,changed_but_still_wrong,Hypothalamus_2,Fiber_tract,Thalamus_1,0.20590500035405,0.2472090780044948,0.0082746561662608,0.091883691771848,0.041304077650444804,0.0836090356055872,consistent;low_margin,consistent
SQUIDPY_VISIUM_HNE,1,AACAACTGGTAGTTGC-1,marker_spatial_smoothing,changed_but_still_wrong,Hypothalamus_2,Fiber_tract,Thalamus_1,0.2297272995397037,0.275945573682717,0.0130688490727285,0.0904113918603516,0.0462182741430133,0.0773425427876231,consistent;low_margin,consistent
SQUIDPY_VISIUM_HNE,2,CACAGCACCCACGGCA-1,marker_spatial_smoothing,changed_but_still_wrong,Hypothalamus_2,Fiber_tract,Thalamus_1,0.2059408145400259,0.229122561267872,0.0299169688956996,0.0791033125065237,0.023181746727846092,0.04918634361082411,consistent;low_margin,consistent;low_margin
SQUIDPY_VISIUM_HNE,3,TTACCCTAGGGATTGG-1,marker_spatial_smoothing,changed_but_still_wrong,Striatum,Thalamus_2,Hypothalamus_1,0.3567681722231037,0.3619458193174775,0.0034518114663684,0.0645694921939049,0.005177647094373794,0.0611176807275365,consistent;low_margin,consistent;low_margin
SQUIDPY_VISIUM_HNE,3,ACTACGCGTTAGAATT-1,marker_spatial_smoothing,changed_but_still_wrong,Striatum,Thalamus_2,Hypothalamus_1,0.3310535724381485,0.3387470527300241,0.0072197202261142,0.0602796679648049,0.0076934802918756096,0.053059947738690695,consistent;low_margin,consistent;low_margin
SQUIDPY_VISIUM_HNE,3,TGAGGAGTGCCAGCTT-1,marker_spatial_smoothing,changed_but_still_wrong,Striatum,Thalamus_2,Hypothalamus_1,0.3677609596996153,0.3562484341790696,0.0267212962937792,0.0595858122578723,-0.011512525520545713,0.0328645159640931,consistent;low_margin,consistent;low_margin
SQUIDPY_VISIUM_HNE,2,CAGATATGAAGATGAC-1,marker_spatial_smoothing,changed_but_still_wrong,Hypothalamus_1,Thalamus_2,Striatum,0.3112974697554606,0.3315906338848183,0.0055520437746725,0.0579525871552233,0.02029316412935772,0.0524005433805508,consistent;low_margin,consistent;low_margin
SQUIDPY_VISIUM_HNE,2,GATCGCTATATCTCAG-1,marker_spatial_smoothing,changed_but_still_wrong,Hypothalamus_1,Thalamus_2,Striatum,0.3254394658963264,0.3434800698489459,0.0135880696683017,0.0502360050294736,0.018040603952619527,0.0366479353611719,consistent;low_margin,consistent;low_margin
SQUIDPY_VISIUM_HNE,3,GAGTATACCCTAATCA-1,marker_spatial_smoothing,context_rescue,Hypothalamus_1,Thalamus_2,Hypothalamus_1,0.4419416140011759,0.4830901118076234,0.0257969644055084,0.148202544246902,0.041148497806447526,0.1224055798413936,consistent;low_margin,consistent
SQUIDPY_VISIUM_HNE,1,CGGAGTTTGAGAGACA-1,marker_spatial_smoothing,context_rescue,Thalamus_1,Thalamus_2,Thalamus_1,0.3120832272416283,0.3887593559786404,0.0133340231001883,0.1379701007505076,0.07667612873701213,0.12463607765031931,consistent;low_margin,consistent
SQUIDPY_VISIUM_HNE,3,AGTCGGCCCAAACGAC-1,marker_spatial_smoothing,context_rescue,Pyramidal_layer_dentate_gyrus,Pyramidal_layer,Pyramidal_layer_dentate_gyrus,0.4399930538103754,0.4816432799291498,0.0305777066926943,0.1210037148497227,0.04165022611877439,0.09042600815702839,consistent;low_margin,consistent
SQUIDPY_VISIUM_HNE,3,TCAGCAGTAGGCCCTG-1,marker_spatial_smoothing,context_rescue,Hypothalamus_1,Thalamus_2,Hypothalamus_1,0.4000452634720449,0.4291334684617205,0.0063118670340323,0.1159901739122745,0.029088204989675626,0.10967830687824219,consistent;low_margin,consistent
SQUIDPY_VISIUM_HNE,3,ACTGCCCGCCATTCTC-1,marker_spatial_smoothing,context_rescue,Hypothalamus_1,Thalamus_2,Hypothalamus_1,0.4142817716928095,0.4486278717949432,0.01043860924649,0.113109573798914,0.03434610010213368,0.102670964552424,consistent;low_margin,consistent
SQUIDPY_VISIUM_HNE,3,TATATAGGGCTTTACG-1,marker_spatial_smoothing,context_rescue,Hypothalamus_1,Thalamus_2,Hypothalamus_1,0.3968086149242366,0.4311352504743477,0.0131118344330495,0.1105439688198596,0.03432663555011112,0.0974321343868101,consistent;low_margin,consistent
SQUIDPY_VISIUM_HNE,3,AAGGCGCGTAAAGCTT-1,marker_spatial_smoothing,context_rescue,Pyramidal_layer_dentate_gyrus,Pyramidal_layer,Pyramidal_layer_dentate_gyrus,0.4848788102670215,0.5004251127097128,0.0614576980707319,0.1105416445103965,0.015546302442691284,0.0490839464396646,consistent;low_margin,marker_conflict
SQUIDPY_VISIUM_HNE,5,TCCTAACCGTCGGGCA-1,marker_spatial_smoothing,context_rescue,Lateral_ventricle,Striatum,Lateral_ventricle,0.2240250180758653,0.2564844656105604,0.0106161504778057,0.105235841095519,0.03245944753469507,0.0946196906177133,consistent;low_margin,consistent
SQUIDPY_VISIUM_HNE,3,AGGTAACCTCCTATTC-1,marker_spatial_smoothing,context_harm,Cortex_3,Cortex_3,Fiber_tract,0.1660535764473563,0.2092336008035903,0.0026124664795786,0.0536211842628768,0.043180024356234,0.0510087177832982,consistent;low_margin,consistent;low_margin
SQUIDPY_VISIUM_HNE,2,ACCCGAGCGAAATTAC-1,marker_spatial_smoothing,context_harm,Hypothalamus_1,Hypothalamus_1,Striatum,0.2854316700922188,0.3153402478013347,0.0030613726299196,0.0497996131009127,0.02990857770911587,0.0467382404709931,consistent;low_margin,consistent;low_margin
SQUIDPY_VISIUM_HNE,4,TAGGTCCAAGTAAGGA-1,marker_spatial_smoothing,context_harm,Lateral_ventricle,Lateral_ventricle,Hypothalamus_1,0.5188842920733707,0.4887987091151364,0.0976681519364195,0.0477737207738105,-0.030085582958234325,-0.049894431162609006,consistent,marker_conflict;low_margin
SQUIDPY_VISIUM_HNE,1,TGGCTTTGGGTAGACA-1,marker_spatial_smoothing,context_harm,Hippocampus,Hippocampus,Pyramidal_layer,0.1395820658853636,0.1867829827538926,0.0011010331557023,0.0460646561724534,0.04720091686852901,0.0449636230167511,consistent;low_margin,consistent;low_margin
SQUIDPY_VISIUM_HNE,4,TATTCCGGCAGTCCTA-1,marker_spatial_smoothing,context_harm,Cortex_4,Cortex_4,Cortex_5,0.140720349160775,0.1663883697483175,0.0034972708429726,0.0435844278199687,0.0256680205875425,0.0400871569769961,consistent;low_margin,consistent;low_margin
SQUIDPY_VISIUM_HNE,4,AGTAATGTCTTGCCGC-1,marker_spatial_smoothing,context_harm,Fiber_tract,Fiber_tract,Lateral_ventricle,0.346604763782432,0.3175596404099439,0.0169567611881721,0.031781239523925,-0.029045123372488102,0.014824478335752903,consistent;low_margin,consistent;low_margin
SQUIDPY_VISIUM_HNE,5,TCAACGCGACCGGCAG-1,marker_spatial_smoothing,context_harm,Fiber_tract,Fiber_tract,Thalamus_1,0.1809164753133337,0.1967488416815424,0.0086954796946376,0.0315488956001794,0.0158323663682087,0.0228534159055418,consistent;low_margin,consistent;low_margin
SQUIDPY_VISIUM_HNE,4,AAGTTTACTAATGGCA-1,marker_spatial_smoothing,context_harm,Cortex_4,Cortex_4,Cortex_5,0.1288688309223424,0.1422882104089592,0.0172747421407229,0.0308126259801991,0.013419379486616811,0.013537883839476197,consistent;low_margin,consistent;low_margin
GEO_GSE240015_VISIUM_THYMUS_DOMAIN,1,d0_02mo::TATATCATTGATCAGT-1,marker_learned_neighborhood,context_harm,d0_02mo::leiden_1.0_1,d0_02mo::leiden_1.0_1,d0_18mo::leiden_1.0_4,0.5253046020845796,0.4799530630225112,0.1562891278481534,0.2762557057476354,-0.04535153906206846,0.11996657789948201,consistent,marker_conflict
GEO_GSE240015_VISIUM_THYMUS_DOMAIN,1,d0_02mo::ACAATTTAGGAGGCTC-1,marker_learned_neighborhood,context_harm,d0_02mo::leiden_1.0_1,d0_02mo::leiden_1.0_1,d0_18mo::leiden_1.0_4,0.4308139388653982,0.4236685951284609,0.0587650675397469,0.2527617578293577,-0.007145343736937315,0.19399669028961083,consistent;low_margin,marker_conflict
GEO_GSE240015_VISIUM_THYMUS_DOMAIN,1,d0_02mo::ACACCCGAGAAATCCG-1,marker_learned_neighborhood,context_harm,d0_02mo::leiden_1.0_1,d0_02mo::leiden_1.0_1,d0_18mo::leiden_1.0_4,0.4510059479855697,0.4064568667336323,0.1411557178564143,0.2422732929087979,-0.044549081251937406,0.10111757505238361,consistent,marker_conflict
GEO_GSE240015_VISIUM_THYMUS_DOMAIN,1,d0_02mo::GCTGAGCAACGGTTCT-1,marker_learned_neighborhood,context_harm,d0_02mo::leiden_1.0_1,d0_02mo::leiden_1.0_1,d0_18mo::leiden_1.0_3,0.4537403850449649,0.4195936988621295,0.1308578260898952,0.2421290585951083,-0.034146686182835395,0.11127123250521309,consistent,marker_conflict
GEO_GSE240015_VISIUM_THYMUS_DOMAIN,1,d0_02mo::CCGGAATGGTTTCAGT-1,marker_learned_neighborhood,context_harm,d0_02mo::leiden_1.0_1,d0_02mo::leiden_1.0_1,d0_18mo::leiden_1.0_3,0.39119523289086,0.4411649920457684,0.0322116822780198,0.2229226381684222,0.04996975915490842,0.1907109558904024,consistent;low_margin,consistent
GEO_GSE240015_VISIUM_THYMUS_DOMAIN,1,d0_02mo::AGTTCACCGGTTGGAC-1,marker_learned_neighborhood,context_harm,d0_02mo::leiden_1.0_1,d0_02mo::leiden_1.0_1,d0_18mo::leiden_1.0_3,0.3918994356871708,0.4057568532723523,0.0612038864352239,0.2177400758631802,0.013857417585181497,0.1565361894279563,consistent;low_margin,marker_conflict
GEO_GSE240015_VISIUM_THYMUS_DOMAIN,1,d0_02mo::GGTCGTAAGCTCGCAC-1,marker_learned_neighborhood,context_harm,d0_02mo::leiden_1.0_1,d0_02mo::leiden_1.0_1,d0_18mo::leiden_1.0_4,0.4050421101356742,0.370039888622198,0.0428469286771207,0.2070210467451943,-0.035002221513476206,0.1641741180680736,consistent;low_margin,consistent
GEO_GSE240015_VISIUM_THYMUS_DOMAIN,1,d0_02mo::TTCTTGTGTCCATCAG-1,marker_learned_neighborhood,context_harm,d0_02mo::leiden_1.0_1,d0_02mo::leiden_1.0_1,d0_18mo::leiden_1.0_4,0.4730371986182948,0.3738707784840269,0.1833949497407591,0.2060512262750395,-0.09916642013426791,0.0226562765342804,consistent,marker_conflict
GEO_GSE240015_VISIUM_THYMUS_DOMAIN,1,d0_02mo::TATGCTCCCTACTTAC-1,marker_learned_neighborhood,changed_but_still_wrong,d0_02mo::leiden_1.0_2,d0_18mo::leiden_1.0_7,d0_02mo::leiden_1.0_0,0.2610254049408195,0.4491332190884934,0.0165805167610021,0.2967489904528174,0.1881078141476739,0.2801684736918153,consistent;low_margin,consistent
GEO_GSE240015_VISIUM_THYMUS_DOMAIN,1,d0_02mo::CTTAAATAAGACCCAT-1,marker_learned_neighborhood,changed_but_still_wrong,d0_02mo::leiden_1.0_2,d0_18mo::leiden_1.0_2,d0_02mo::leiden_1.0_0,0.2328946193445994,0.3286856803660844,0.0429268993912653,0.1798799526055952,0.09579106102148502,0.13695305321432988,consistent;low_margin,consistent
GEO_GSE240015_VISIUM_THYMUS_DOMAIN,2,d0_18mo::TAATAGAACAGAGTTA-1,marker_learned_neighborhood,changed_but_still_wrong,d0_18mo::leiden_1.0_0,d0_02mo::leiden_1.0_0,d0_18mo::leiden_1.0_2,0.3078487153238957,0.2789784383854871,0.1262587371123946,0.1284668232195043,-0.0288702769384086,0.002208086107109708,consistent,marker_conflict;learned_neighborhood_conflict
GEO_GSE240015_VISIUM_THYMUS_DOMAIN,1,d0_02mo::TTGGCTCGCATGAGAC-1,marker_learned_neighborhood,changed_but_still_wrong,d0_02mo::leiden_1.0_2,d0_02mo::leiden_1.0_1,d0_18mo::leiden_1.0_4,0.3101318961484651,0.2585009183078096,0.0942806481481617,0.1195948019158736,-0.05163097784065551,0.0253141537677119,consistent,marker_conflict
GEO_GSE240015_VISIUM_THYMUS_DOMAIN,1,d0_02mo::TATTCCGAGCTGTTAT-1,marker_learned_neighborhood,changed_but_still_wrong,d0_02mo::leiden_1.0_0,d0_18mo::leiden_1.0_7,d0_02mo::leiden_1.0_1,0.1788926260453024,0.2204073705650036,0.05666911146217,0.1156427146005433,0.04151474451970119,0.058973603138373305,consistent;low_margin,marker_conflict;learned_neighborhood_conflict
GEO_GSE240015_VISIUM_THYMUS_DOMAIN,1,d0_02mo::GCAGATCCTCGCAAAT-1,marker_learned_neighborhood,changed_but_still_wrong,d0_02mo::leiden_1.0_2,d0_02mo::leiden_1.0_4,d0_02mo::leiden_1.0_0,0.192509469385404,0.2594119055756204,0.0109876500203469,0.1073688165055387,0.06690243619021638,0.0963811664851918,consistent;low_margin,learned_neighborhood_conflict
GEO_GSE240015_VISIUM_THYMUS_DOMAIN,4,d0_18mo::TCCGCTGTCATCCCGG-1,marker_learned_neighborhood,changed_but_still_wrong,d0_18mo::leiden_1.0_3,d0_02mo::leiden_1.0_1,d0_18mo::leiden_1.0_6,0.2806398129806555,0.2822609130888662,0.0154512745691813,0.0918586916141492,0.0016211001082107046,0.0764074170449679,consistent;low_margin,consistent
GEO_GSE240015_VISIUM_THYMUS_DOMAIN,1,d0_02mo::TAACTCCATGGAGGCT-1,marker_learned_neighborhood,changed_but_still_wrong,d0_02mo::leiden_1.0_2,d0_02mo::leiden_1.0_0,d0_18mo::leiden_1.0_7,0.291981775931205,0.2025388133168798,0.1409075234174617,0.0916937503361281,-0.08944296261432519,-0.04921377308133361,consistent,marker_conflict
GEO_GSE240015_VISIUM_THYMUS_DOMAIN,4,d0_18mo::ATGATCGGGAATAGAC-1,marker_learned_neighborhood,context_rescue,d0_18mo::leiden_1.0_3,d0_02mo::leiden_1.0_1,d0_18mo::leiden_1.0_3,0.3755430098394693,0.4150539250636162,0.0040898949570066,0.2458684521944655,0.0395109152241469,0.2417785572374589,consistent;low_margin,consistent
GEO_GSE240015_VISIUM_THYMUS_DOMAIN,1,d0_02mo::GCTAAGTAAAGGCGAT-1,marker_learned_neighborhood,context_rescue,d0_02mo::leiden_1.0_0,d0_18mo::leiden_1.0_7,d0_02mo::leiden_1.0_0,0.1796918327223668,0.3120664782581269,0.0265137318323259,0.2271940601949646,0.1323746455357601,0.20068032836263872,consistent;low_margin,consistent
GEO_GSE240015_VISIUM_THYMUS_DOMAIN,1,d0_02mo::GGAACGGCCTGCAGCC-1,marker_learned_neighborhood,context_rescue,d0_02mo::leiden_1.0_0,d0_18mo::leiden_1.0_0,d0_02mo::leiden_1.0_0,0.2062754593407571,0.3131786355853588,0.0276262572175683,0.1935062546116756,0.10690317624460169,0.16587999739410728,consistent;low_margin,consistent
GEO_GSE240015_VISIUM_THYMUS_DOMAIN,1,d0_02mo::GTTGCACGGAGTTTCG-1,marker_learned_neighborhood,context_rescue,d0_02mo::leiden_1.0_1,d0_18mo::leiden_1.0_3,d0_02mo::leiden_1.0_1,0.3098834098440623,0.3562819030162121,0.0051132252583903,0.1663677259287363,0.04639849317214978,0.161254500670346,consistent;low_margin,consistent
GEO_GSE240015_VISIUM_THYMUS_DOMAIN,4,d0_18mo::AAACGAGACGGTTGAT-1,marker_learned_neighborhood,context_rescue,d0_18mo::leiden_1.0_3,d0_02mo::leiden_1.0_1,d0_18mo::leiden_1.0_3,0.3235034139887988,0.3174911617493702,0.0171243673245504,0.1559088076991805,-0.006012252239428584,0.1387844403746301,consistent;low_margin,consistent
GEO_GSE240015_VISIUM_THYMUS_DOMAIN,4,d0_18mo::TCGGACGCCCAGCCCA-1,marker_learned_neighborhood,context_rescue,d0_18mo::leiden_1.0_3,d0_02mo::leiden_1.0_1,d0_18mo::leiden_1.0_3,0.3632776252626577,0.329591259795147,0.0767156347993012,0.1419227164329811,-0.03368636546751075,0.0652070816336799,consistent;low_margin,marker_conflict
GEO_GSE240015_VISIUM_THYMUS_DOMAIN,4,d0_18mo::TTGCTGAAGGAACCAC-1,marker_learned_neighborhood,context_rescue,d0_18mo::leiden_1.0_4,d0_02mo::leiden_1.0_1,d0_18mo::leiden_1.0_4,0.3210053356391473,0.3380573604064729,0.0133127537842517,0.1389298162005903,0.01705202476732559,0.1256170624163386,consistent;low_margin,consistent
GEO_GSE240015_VISIUM_THYMUS_DOMAIN,4,d0_18mo::ACTCGTCAGTAATCCC-1,marker_learned_neighborhood,context_rescue,d0_18mo::leiden_1.0_4,d0_02mo::leiden_1.0_1,d0_18mo::leiden_1.0_4,0.4272806799505814,0.3570886503208292,0.0914054056343188,0.1380283392791801,-0.07019202962975218,0.046622933644861295,consistent,marker_conflict
GEO_GSE284005_MERSCOPE_MS,3,ms16r0_1915491600085100012,marker_learned_neighborhood,context_harm,Imm.Astro,Imm.Astro,Stress.Astro,0.1339126131895486,0.1277420865763512,0.0104764965359676,0.0365819964711015,-0.006170526613197419,0.026105499935133898,consistent;low_margin,consistent;low_margin
GEO_GSE284005_MERSCOPE_MS,1,ms16r1_1915492200197100210,marker_learned_neighborhood,context_harm,Mac,Mac,Micro VEGFA,0.1458125065090919,0.1394789986792343,7.872309172432534e-05,0.0318894996359067,-0.0063335078298575875,0.03181077654418237,consistent;low_margin,consistent;low_margin
GEO_GSE284005_MERSCOPE_MS,3,ms16r0_1915491600113100364,marker_learned_neighborhood,context_harm,CD4+ T,CD4+ T,Homeo.Endo,0.2340710079928782,0.1973073223938727,0.0472884874298193,0.0310198868275761,-0.0367636855990055,-0.0162686006022432,consistent;low_margin,learned_neighborhood_conflict;low_margin
GEO_GSE284005_MERSCOPE_MS,3,ms6r0_4527008700877100009,marker_learned_neighborhood,context_harm,DA.Astro,DA.Astro,Imm.Astro,0.4247719217749487,0.3725982053947416,0.0901327923867876,0.0306158524301212,-0.052173716380207125,-0.059516939956666404,consistent,marker_conflict;low_margin
GEO_GSE284005_MERSCOPE_MS,3,ms6r0_4527008702657100002,marker_learned_neighborhood,context_harm,Micro Stress,Micro Stress,Micro Homeo,0.3527158635536723,0.3572761099607356,0.0462235689997636,0.0296689910616242,0.0045602464070633175,-0.016554577938139397,consistent;low_margin,learned_neighborhood_conflict;low_margin
GEO_GSE284005_MERSCOPE_MS,3,ms6r0_4527008702025100045,marker_learned_neighborhood,context_harm,Homeo.Endo,Homeo.Endo,Repair.Endo,0.193512437936593,0.1625543290403535,0.0254868621138103,0.0290171122900008,-0.03095810889623951,0.0035302501761904984,consistent;low_margin,learned_neighborhood_conflict;low_margin
GEO_GSE284005_MERSCOPE_MS,1,ms8r0_1158060700091100200,marker_learned_neighborhood,context_harm,Homeo.Endo,Homeo.Endo,Repair.Endo,0.0603282051212253,0.1002384391819627,0.0005234218756099,0.0285726572918968,0.03991023406073739,0.0280492354162869,consistent;low_margin,consistent;low_margin
GEO_GSE284005_MERSCOPE_MS,1,ms8r0_1158060700117100163,marker_learned_neighborhood,context_harm,Homeo.Endo,Homeo.Endo,Repair.Endo,0.2865327300942253,0.2882180023509345,0.0134296202143276,0.0267182215452816,0.0016852722567091694,0.013288601330954001,consistent;low_margin,learned_neighborhood_conflict;low_margin
GEO_GSE284005_MERSCOPE_MS,1,ms8r0_1158060700217100491,marker_learned_neighborhood,changed_but_still_wrong,SMC,Repair.Endo,Homeo.Endo,0.3173296191802435,0.2807215273507623,0.0582699987803164,0.0781202725142641,-0.036608091829481215,0.019850273733947696,consistent;low_margin,marker_conflict;low_margin
GEO_GSE284005_MERSCOPE_MS,1,ms16r1_1915492200021100281,marker_learned_neighborhood,changed_but_still_wrong,Homeo.Astro,Imm.Astro,DA.Astro,0.1598033306319722,0.1670738597143216,0.0018496979641179,0.0542291306858948,0.007270529082349403,0.0523794327217769,consistent;low_margin,consistent;low_margin
GEO_GSE284005_MERSCOPE_MS,3,ms6r0_4527008702135100004,marker_learned_neighborhood,changed_but_still_wrong,Micro VEGFA,Micro SPP1,Micro Homeo,0.2219127098731434,0.257125476588638,0.0246090250497234,0.0518048033505443,0.03521276671549459,0.0271957783008209,consistent;low_margin,consistent;low_margin
GEO_GSE284005_MERSCOPE_MS,3,ms6r0_4527008701876100002,marker_learned_neighborhood,changed_but_still_wrong,CD4+ T,NK,CD8+ T,0.3728401694538698,0.3575114855589336,0.0409150515087732,0.050932407771689,-0.01532868389493619,0.010017356262915805,consistent;low_margin,learned_neighborhood_conflict;low_margin
GEO_GSE284005_MERSCOPE_MS,4,ms4r2_4486558600056100295,marker_learned_neighborhood,changed_but_still_wrong,Stress.Astro,Imm.Astro,CCN1.Astro,0.361873676768024,0.3644739254556146,0.017811021985588,0.0434509923552504,0.0026002486875905673,0.0256399703696624,consistent;low_margin,learned_neighborhood_conflict;low_margin
GEO_GSE284005_MERSCOPE_MS,3,ms16r0_1915491600092100390,marker_learned_neighborhood,changed_but_still_wrong,SMC,Repair.Endo,Homeo.Endo,0.1586681183211835,0.1735713241571126,0.0092930217980065,0.0424012128896455,0.014903205835929106,0.033108191091639,consistent;low_margin,learned_neighborhood_conflict;low_margin
GEO_GSE284005_MERSCOPE_MS,3,ms16r0_1915491600128100083,marker_learned_neighborhood,changed_but_still_wrong,Micro IL1B,Micro Stress,Micro Homeo,0.2510281732150961,0.2333149213734044,0.0175513615862339,0.0395262093519721,-0.017713251841691674,0.021974847765738197,consistent;low_margin,learned_neighborhood_conflict;low_margin
GEO_GSE284005_MERSCOPE_MS,3,ms6r0_4527008701503100020,marker_learned_neighborhood,changed_but_still_wrong,CD8+ T,NK,CD4+ T,0.3010896373336702,0.2908763786872901,0.0669306996392591,0.0386677446029138,-0.010213258646380119,-0.0282629550363453,consistent;low_margin,marker_conflict;low_margin
GEO_GSE284005_MERSCOPE_MS,3,ms16r0_1915491600186200018,marker_learned_neighborhood,context_rescue,Vas.Astro,Imm.Astro,Vas.Astro,0.4225377046639512,0.5122711147722816,0.0295049695661699,0.1731315885597276,0.08973341010833041,0.1436266189935577,consistent;low_margin,learned_neighborhood_conflict
GEO_GSE284005_MERSCOPE_MS,3,ms6r0_4527008702550100020,marker_learned_neighborhood,context_rescue,DA.Astro,Imm.Astro,DA.Astro,0.3579662424447117,0.3820331064372795,0.0211082453929902,0.097953695927155,0.0240668639925678,0.0768454505341648,consistent;low_margin,learned_neighborhood_conflict
GEO_GSE284005_MERSCOPE_MS,3,ms16r0_1915491600140100146,marker_learned_neighborhood,context_rescue,Vas.Astro,Imm.Astro,Vas.Astro,0.410749178897795,0.4300959181515484,0.0247141233345625,0.0827275320203574,0.01934673925375341,0.0580134086857949,consistent;low_margin,learned_neighborhood_conflict
GEO_GSE284005_MERSCOPE_MS,5,ms4r1_4486557600085100349,marker_learned_neighborhood,context_rescue,CD4+ T,Stress T,CD4+ T,0.3836567541563133,0.3854943750565177,0.0014149614139378,0.0820613553374263,0.0018376209002043953,0.08064639392348849,consistent;low_margin,learned_neighborhood_conflict
GEO_GSE284005_MERSCOPE_MS,3,ms16r0_1915491600095100157,marker_learned_neighborhood,context_rescue,Mac,Micro Stress,Mac,0.2070996696823479,0.2157890628700169,0.0012985293618164,0.0742798562254909,0.008689393187669009,0.07298132686367449,consistent;low_margin,learned_neighborhood_conflict;low_margin
GEO_GSE284005_MERSCOPE_MS,1,ms8r0_1158060700121100213,marker_learned_neighborhood,context_rescue,Vas.Astro,DA.Astro,Vas.Astro,0.1758402586963011,0.2031784910007847,0.0043109936085397,0.0691981613048055,0.027338232304483595,0.06488716769626579,consistent;low_margin,consistent;low_margin
GEO_GSE284005_MERSCOPE_MS,5,ms4r1_4486557600084100420,marker_learned_neighborhood,context_rescue,Vas.Astro,DA.Astro,Vas.Astro,0.2855908158351364,0.3133470174982086,0.0203225328812799,0.0669764876467807,0.02775620166307219,0.0466539547655008,consistent;low_margin,learned_neighborhood_conflict;low_margin
GEO_GSE284005_MERSCOPE_MS,3,ms6r0_4527008701878100071,marker_learned_neighborhood,context_rescue,Stress.Endo,Repair.Endo,Stress.Endo,0.2069927231664733,0.1712995041293024,0.0063328400437824,0.0649496559708073,-0.035693219037170903,0.058616815927024904,consistent;low_margin,learned_neighborhood_conflict;low_margin
GEO_GSE327581_COSMX_AD_BRAIN,4,GSM9661871_120Land323DY::108::651,marker_learned_neighborhood,context_harm,CCK.interneurons,CCK.interneurons,Olfactory.bulb.inhibitory.neurons,0.1422313215214556,0.5793520695953037,0.0666693154653899,0.5388512639983457,0.43712074807384815,0.4721819485329558,consistent;low_margin,marker_conflict
GEO_GSE327581_COSMX_AD_BRAIN,1,GSM9661875_367Rand215L::250::179,marker_learned_neighborhood,context_harm,Vascular.smooth.muscle.cells,Vascular.smooth.muscle.cells,Vascular.endothelial.cells,0.8139411499682453,0.6467949663732657,0.6356946154156238,0.4436278561996706,-0.16714618359497957,-0.19206675921595318,consistent,marker_conflict;learned_neighborhood_conflict
GEO_GSE327581_COSMX_AD_BRAIN,2,GSM9661874_217Rand144_2L::58::328,marker_learned_neighborhood,context_harm,Ependymal.cells,Ependymal.cells,Excitatory.neurons.hippocampal.CA2,0.670203736307716,0.4526645554044551,0.6138527971256909,0.2695689691866346,-0.2175391809032609,-0.34428382793905626,consistent,marker_conflict
GEO_GSE327581_COSMX_AD_BRAIN,1,GSM9661875_367Rand215L::170::622,marker_learned_neighborhood,context_harm,Excitatory.neurons.hippocampal.CA3,Excitatory.neurons.hippocampal.CA3,Excitatory.neurons.hippocampal.CA2,0.9856414348383552,0.6269407518605795,0.973763474245184,0.2593485224235122,-0.3587006829777757,-0.7144149518216718,consistent,marker_conflict
GEO_GSE327581_COSMX_AD_BRAIN,4,GSM9661871_120Land323DY::92::130,marker_learned_neighborhood,context_harm,Radial.glia,Radial.glia,Olfactory.bulb.inhibitory.neurons,0.2213751791729369,0.394669891738258,0.1234081033125205,0.2407832188029188,0.1732947125653211,0.11737511549039831,consistent,marker_conflict
GEO_GSE327581_COSMX_AD_BRAIN,4,GSM9661871_120Land323DY::91::402,marker_learned_neighborhood,context_harm,Neuroblasts,Neuroblasts,Olfactory.bulb.inhibitory.neurons,0.2410564169178287,0.3430031478903282,0.1147052631966894,0.2237054601202257,0.10194673097249951,0.10900019692353631,consistent,marker_conflict
GEO_GSE327581_COSMX_AD_BRAIN,1,GSM9661875_367Rand215L::55::692,marker_learned_neighborhood,context_harm,Astrocytes.cortex.hippocampus,Astrocytes.cortex.hippocampus,Radial.glia,0.5302894506668528,0.409489286158565,0.1161590207560159,0.1811865574602518,-0.12080016450828784,0.0650275367042359,consistent,marker_conflict;learned_neighborhood_conflict
GEO_GSE327581_COSMX_AD_BRAIN,4,GSM9661871_120Land323DY::107::585,marker_learned_neighborhood,context_harm,Interneuron.selective.interneurons,Interneuron.selective.interneurons,Olfactory.bulb.inhibitory.neurons,0.1993983799828748,0.2849777845644873,0.0831929871245636,0.1768062252979297,0.0855794045816125,0.09361323817336609,consistent,marker_conflict
GEO_GSE327581_COSMX_AD_BRAIN,4,GSM9661871_120Land323DY::75::75,marker_learned_neighborhood,changed_but_still_wrong,Pericytes,Vascular.endothelial.cells,Olfactory.bulb.inhibitory.neurons,0.0856053389072308,0.596375705101439,0.0133742031616261,0.5725518633469289,0.5107703661942082,0.5591776601853028,consistent;low_margin,consistent
GEO_GSE327581_COSMX_AD_BRAIN,4,GSM9661871_120Land323DY::108::147,marker_learned_neighborhood,changed_but_still_wrong,Radial.glia,Cajal.Retzius.cells,Olfactory.bulb.inhibitory.neurons,0.6007607700778347,0.6292734251700474,0.5334615080851813,0.515748394356916,0.02851265509221268,-0.01771311372826534,consistent,marker_conflict
GEO_GSE327581_COSMX_AD_BRAIN,1,GSM9661875_367Rand215L::170::248,marker_learned_neighborhood,changed_but_still_wrong,Olfactory.ensheathing.cells,Tanycytes,Astrocytes.cortex.hippocampus,0.3779292834229283,0.5344316299780598,0.1237655801078939,0.446709689804692,0.1565023465551315,0.3229441096967981,consistent,marker_conflict;learned_neighborhood_conflict
GEO_GSE327581_COSMX_AD_BRAIN,4,GSM9661871_120Land323DY::55::262,marker_learned_neighborhood,changed_but_still_wrong,Vascular.smooth.muscle.cells,Vascular.leptomeningeal.cells,Olfactory.bulb.inhibitory.neurons,0.1875988651738052,0.4816656889635917,0.0902474833658597,0.4392480140003481,0.2940668237897865,0.3490005306344884,consistent,marker_conflict
GEO_GSE327581_COSMX_AD_BRAIN,2,GSM9661874_217Rand144_2L::38::192,marker_learned_neighborhood,changed_but_still_wrong,Astrocytes.thalamus.hypothalamus,Microglia,Perivascular.macrophages,0.6300113752431591,0.574953783561921,0.3297571673278546,0.3490465791215357,-0.05505759168123814,0.0192894117936811,consistent,marker_conflict;learned_neighborhood_conflict
GEO_GSE327581_COSMX_AD_BRAIN,3,GSM9661873_368R::165::716,marker_learned_neighborhood,changed_but_still_wrong,Newly.formed.oligodendrocytes,Committed.oligodendrocytes,Hindbrain.excitatory.neurons,0.4667381930571814,0.4529903762159804,0.2124562499607119,0.2540463619672277,-0.013747816841201022,0.04159011200651577,consistent,marker_conflict
GEO_GSE327581_COSMX_AD_BRAIN,4,GSM9661871_120Land323DY::55::151,marker_learned_neighborhood,changed_but_still_wrong,Interneuron.selective.interneurons,Cholinergic.neurons.habenula,Olfactory.bulb.inhibitory.neurons,0.7550374595755667,0.5492081285565574,0.6608045314595798,0.252387600409429,-0.20582933101900924,-0.40841693105015087,consistent,marker_conflict
GEO_GSE327581_COSMX_AD_BRAIN,1,GSM9661875_367Rand215L::206::490,marker_learned_neighborhood,changed_but_still_wrong,Vascular.smooth.muscle.cells,Vascular.endothelial.cells,Vascular.leptomeningeal.cells,0.5760067566106871,0.5635212308523544,0.1828606635829641,0.2245454499928293,-0.012485525758332727,0.0416847864098652,consistent,marker_conflict
GEO_GSE327581_COSMX_AD_BRAIN,1,GSM9661875_367Rand215L::246::472,marker_learned_neighborhood,context_rescue,Excitatory.neurons.hippocampal.CA3,Cajal.Retzius.cells,Excitatory.neurons.hippocampal.CA3,0.5213756557691565,0.881187358042285,0.0431515129029142,0.8089205379726725,0.35981170227312853,0.7657690250697583,consistent;low_margin,learned_neighborhood_conflict
GEO_GSE327581_COSMX_AD_BRAIN,1,GSM9661875_367Rand215L::182::374,marker_learned_neighborhood,context_rescue,Excitatory.neurons.hippocampal.CA2,Excitatory.neurons.hippocampal.CA3,Excitatory.neurons.hippocampal.CA2,0.4507450989436118,0.818228690918086,0.0944375409003648,0.7002016876827041,0.3674835919744742,0.6057641467823393,consistent,marker_conflict
GEO_GSE327581_COSMX_AD_BRAIN,1,GSM9661875_367Rand215L::182::345,marker_learned_neighborhood,context_rescue,Excitatory.neurons.hippocampal.CA2,Excitatory.neurons.hippocampal.CA3,Excitatory.neurons.hippocampal.CA2,0.0643862428865629,0.6912171965831951,0.0085924954770263,0.6045179405392839,0.6268309536966322,0.5959254450622575,consistent;low_margin,consistent
GEO_GSE327581_COSMX_AD_BRAIN,1,GSM9661875_367Rand215L::193::99,marker_learned_neighborhood,context_rescue,Excitatory.neurons.hippocampal.CA2,Hindbrain.inhibitory.neurons,Excitatory.neurons.hippocampal.CA2,0.09733483340827,0.5850332449508279,0.0257665550498648,0.5215488027577756,0.4876984115425579,0.4957822477079108,consistent;low_margin,consistent
GEO_GSE327581_COSMX_AD_BRAIN,1,GSM9661875_367Rand215L::152::5,marker_learned_neighborhood,context_rescue,Microglia,Perivascular.macrophages,Microglia,0.6919895964902619,0.6173143075668204,0.3936974250894461,0.3988298087266178,-0.07467528892344155,0.005132383637171667,consistent,marker_conflict
GEO_GSE327581_COSMX_AD_BRAIN,2,GSM9661874_217Rand144_2L::39::128,marker_learned_neighborhood,context_rescue,Vascular.smooth.muscle.cells,Pericytes,Vascular.smooth.muscle.cells,0.7224304160106086,0.6295538760164237,0.4526803824510279,0.3952546663759904,-0.09287653999418499,-0.05742571607503749,consistent,marker_conflict
GEO_GSE327581_COSMX_AD_BRAIN,2,GSM9661874_217Rand144_2L::69::183,marker_learned_neighborhood,context_rescue,Excitatory.neurons.layer.5,Inhibitory.neurons.reticular.nucleus,Excitatory.neurons.layer.5,0.4772607037723237,0.5966545582519532,0.0517996767542691,0.3890519593256472,0.11939385447962952,0.33725228257137807,consistent;low_margin,marker_conflict
GEO_GSE327581_COSMX_AD_BRAIN,3,GSM9661873_368R::36::123,marker_learned_neighborhood,context_rescue,Excitatory.neurons.hippocampal.CA2,Excitatory.neurons.hippocampal.CA3,Excitatory.neurons.hippocampal.CA2,0.7519945349321645,0.653263076990278,0.564180724887255,0.3321476042449443,-0.09873145794188654,-0.23203312064231074,consistent,marker_conflict
GEO_GSE333737_MERSCOPE_PANCREAS_VASCULAR,2,1952862500173101437,marker_learned_neighborhood,context_rescue,Islet-associated Fibroblasts,Fibroblasts,Islet-associated Fibroblasts,0.4046077228484938,0.3713953914467895,0.0663708260071593,0.0262193502365166,-0.033212331401704265,-0.040151475770642694,consistent;low_margin,marker_conflict;low_margin
GEO_GSE333737_MERSCOPE_PANCREAS_VASCULAR,3,153926800344100354,marker_learned_neighborhood,context_rescue,Fibroblasts,Islet-associated Fibroblasts,Fibroblasts,0.4119190957702164,0.4001575055275029,0.0156007405555984,0.0241122114766358,-0.011761590242713504,0.008511470921037401,consistent;low_margin,learned_neighborhood_conflict;low_margin
GEO_GSE333737_MERSCOPE_PANCREAS_VASCULAR,1,3008132100167100306,marker_learned_neighborhood,context_rescue,Islet-associated Fibroblasts,Fibroblasts,Islet-associated Fibroblasts,0.3742064722906864,0.3673822352419306,0.0146641031157216,0.0211835745873772,-0.006824237048755788,0.006519471471655599,consistent;low_margin,learned_neighborhood_conflict;low_margin
GEO_GSE333737_MERSCOPE_PANCREAS_VASCULAR,1,3116423600363101366,marker_learned_neighborhood,context_rescue,Fibroblasts,Islet-associated Fibroblasts,Fibroblasts,0.4692517057966284,0.4665655084185395,0.0164009352059539,0.0190613694122606,-0.002686197378088895,0.002660434206306697,consistent;low_margin,consistent;low_margin
GEO_GSE333737_MERSCOPE_PANCREAS_VASCULAR,2,441891300278100226,marker_learned_neighborhood,context_rescue,Fibroblasts,Islet-associated Fibroblasts,Fibroblasts,0.3808676969420609,0.3813320539248324,0.0095221943416174,0.018233885128025,0.0004643569827714744,0.008711690786407598,consistent;low_margin,consistent;low_margin
GEO_GSE333737_MERSCOPE_PANCREAS_VASCULAR,1,3008132100099102330,marker_learned_neighborhood,context_rescue,Endothelial Cells,Pericytes,Endothelial Cells,0.4784187953597201,0.4775537035182394,0.0066195348728488,0.0168356203047578,-0.000865091841480703,0.010216085431909001,consistent;low_margin,learned_neighborhood_conflict;low_margin
GEO_GSE333737_MERSCOPE_PANCREAS_VASCULAR,1,3116423600136101303,marker_learned_neighborhood,context_rescue,Endothelial Cells,Fibroblasts,Endothelial Cells,0.3407915016082727,0.3311202492934294,0.0106128157833405,0.0159076667948224,-0.009671252314843282,0.0052948510114819,consistent;low_margin,consistent;low_margin
GEO_GSE333737_MERSCOPE_PANCREAS_VASCULAR,2,1952862500008100358,marker_learned_neighborhood,context_rescue,Islet-associated Fibroblasts,Pericytes,Islet-associated Fibroblasts,0.342460397698544,0.3446486217733036,0.008256141797127,0.0124891248663135,0.002188224074759604,0.004232983069186501,consistent;low_margin,consistent;low_margin
GEO_GSE333737_MERSCOPE_PANCREAS_VASCULAR,1,3116423600171102560,marker_learned_neighborhood,context_harm,Pericytes,Pericytes,Islet-associated Fibroblasts,0.3684877859136961,0.3954038227031311,0.0096129843319763,0.0379369027220434,0.02691603678943505,0.0283239183900671,consistent;low_margin,consistent;low_margin
GEO_GSE333737_MERSCOPE_PANCREAS_VASCULAR,2,1952862500141101583,marker_learned_neighborhood,context_harm,Islet-associated Fibroblasts,Islet-associated Fibroblasts,Fibroblasts,0.506567660296073,0.4830205901870277,0.0826761779915193,0.0369982300476203,-0.02354707010904533,-0.045677947943899004,consistent,marker_conflict;low_margin
GEO_GSE333737_MERSCOPE_PANCREAS_VASCULAR,1,3008132100166102367,marker_learned_neighborhood,context_harm,Fibroblasts,Fibroblasts,Islet-associated Fibroblasts,0.4900871775875921,0.4834436096019202,0.0338473955691711,0.0321942168076774,-0.00664356798567195,-0.0016531787614936996,consistent;low_margin,consistent;low_margin
GEO_GSE333737_MERSCOPE_PANCREAS_VASCULAR,2,441891300077101827,marker_learned_neighborhood,context_harm,Pericytes,Pericytes,Endothelial Cells,0.4041080606152908,0.4212723947004338,0.0019668658407263,0.0292054144714791,0.017164334085143007,0.027238548630752802,consistent;low_margin,consistent;low_margin
GEO_GSE333737_MERSCOPE_PANCREAS_VASCULAR,3,1542364300132100616,marker_learned_neighborhood,context_harm,Pericytes,Pericytes,Endothelial Cells,0.4638380021136882,0.470254164783404,0.0142697055381579,0.0289018306156567,0.006416162669715786,0.014632125077498798,consistent;low_margin,consistent;low_margin
GEO_GSE333737_MERSCOPE_PANCREAS_VASCULAR,5,4402015400201100545,marker_learned_neighborhood,context_harm,Islet-associated Fibroblasts,Islet-associated Fibroblasts,Fibroblasts,0.3142960545553694,0.3208998065713609,0.0038571714205233,0.0239439991626661,0.006603752015991504,0.0200868277421428,consistent;low_margin,consistent;low_margin
GEO_GSE333737_MERSCOPE_PANCREAS_VASCULAR,5,1941758400086101633,marker_learned_neighborhood,context_harm,Islet-associated Fibroblasts,Islet-associated Fibroblasts,Pericytes,0.3258655177572234,0.3393143270115121,0.0010703408696296,0.0220126587803177,0.013448809254288707,0.0209423179106881,consistent;low_margin,consistent;low_margin
GEO_GSE333737_MERSCOPE_PANCREAS_VASCULAR,5,4402015400305101233,marker_learned_neighborhood,context_harm,Pericytes,Pericytes,Endothelial Cells,0.4840054829375976,0.4795550104801748,0.0272436321001532,0.0206694957942834,-0.004450472457422805,-0.0065741363058697995,consistent;low_margin,consistent;low_margin
GEO_GSE333737_MERSCOPE_PANCREAS_VASCULAR,3,153926800033100906,marker_learned_neighborhood,changed_but_still_wrong,Pericytes,Islet-associated Fibroblasts,Fibroblasts,0.3352673372811858,0.3501882409320112,0.0272007464851265,0.0368027271263295,0.014920903650825379,0.009601980641203003,consistent;low_margin,consistent;low_margin
GEO_GSE333737_MERSCOPE_PANCREAS_VASCULAR,1,3116423600108101492,marker_learned_neighborhood,changed_but_still_wrong,Pericytes,Fibroblasts,Islet-associated Fibroblasts,0.2842250825685172,0.2948054155826387,0.0024345252949729,0.0270729540423178,0.010580333014121479,0.024638428747344898,consistent;low_margin,learned_neighborhood_conflict;low_margin
GEO_GSE333737_MERSCOPE_PANCREAS_VASCULAR,3,1542364300158100492,marker_learned_neighborhood,changed_but_still_wrong,Fibroblasts,Islet-associated Fibroblasts,Endothelial Cells,0.2935549638871931,0.3030566370635326,0.0077319593448574,0.0194263373233403,0.009501673176339487,0.011694377978482901,consistent;low_margin,consistent;low_margin
GEO_GSE333737_MERSCOPE_PANCREAS_VASCULAR,5,4402015400416101041,marker_learned_neighborhood,changed_but_still_wrong,Islet-associated Fibroblasts,Endothelial Cells,Fibroblasts,0.3367951561902965,0.3384692017288543,0.0054469169779969,0.0168022769394944,0.0016740455385578223,0.0113553599614975,consistent;low_margin,learned_neighborhood_conflict;low_margin
GEO_GSE333737_MERSCOPE_PANCREAS_VASCULAR,2,441891300176102051,marker_learned_neighborhood,changed_but_still_wrong,Fibroblasts,Endothelial Cells,Islet-associated Fibroblasts,0.3228334334239044,0.3153086522234266,0.0254140254616576,0.0137563295196115,-0.007524781200477837,-0.0116576959420461,consistent;low_margin,consistent;low_margin
GEO_GSE333737_MERSCOPE_PANCREAS_VASCULAR,5,1681451800333102505,marker_learned_neighborhood,changed_but_still_wrong,Fibroblasts,Endothelial Cells,Islet-associated Fibroblasts,0.3374701990782083,0.3336357986300068,0.0139684477591102,0.010989612854644,-0.0038344004482014915,-0.0029788349044661995,consistent;low_margin,learned_neighborhood_conflict;low_margin
GEO_GSE333737_MERSCOPE_PANCREAS_VASCULAR,5,1941758400373102588,marker_learned_neighborhood,changed_but_still_wrong,Endothelial Cells,Fibroblasts,Pericytes,0.3664301430677317,0.3641099331172699,0.0074905652491623,0.010655273875194,-0.0023202099504617824,0.0031647086260317,consistent;low_margin,learned_neighborhood_conflict;low_margin
GEO_GSE333737_MERSCOPE_PANCREAS_VASCULAR,1,3116423600171101709,marker_learned_neighborhood,changed_but_still_wrong,Pericytes,Fibroblasts,Islet-associated Fibroblasts,0.3283361786063146,0.3014181460152501,0.0619435358409702,0.0105575099286842,-0.02691803259106451,-0.051386025912286,consistent;low_margin,marker_conflict;low_margin
GSE202623_LESION,5,b4s8_9.74050345617864e+37,marker_learned_neighborhood,changed_but_still_wrong,Oligodendrocyte,VLMC,OPCs,0.2079492285769007,0.29712904857908,0.0453656079554297,0.1807386214656903,0.0891798200021793,0.1353730135102606,consistent;low_margin,consistent
GSE202623_LESION,2,b4s8_8.42875595515589e+37,marker_learned_neighborhood,changed_but_still_wrong,Microglia,Oligodendrocyte,OPCs,0.3304816483841018,0.3257285409995749,0.0884447416838232,0.1195450656625171,-0.0047531073845269445,0.031100323978693903,consistent,marker_conflict
GSE202623_LESION,5,b4s8_8.61244981131752e+37,marker_learned_neighborhood,changed_but_still_wrong,Microglia,Endothelial,OPCs,0.1594738705180798,0.2574602594424514,0.0007702784322425,0.1181619043214573,0.09798638892437159,0.1173916258892148,consistent;low_margin,consistent
GSE202623_LESION,2,b4s8_2.42186993321474e+37,marker_learned_neighborhood,changed_but_still_wrong,Microglia,Endothelial,OPCs,0.16962411709125,0.2497096946964361,0.0181097137564379,0.1055578075698517,0.08008557760518611,0.0874480938134138,consistent;low_margin,consistent
GSE202623_LESION,2,b4s8_2.13286757904917e+38,marker_learned_neighborhood,changed_but_still_wrong,Microglia,VLMC,OPCs,0.1761152741452879,0.2269529186518485,0.014342282178061,0.1008851098088315,0.050837644506560586,0.08654282763077051,consistent;low_margin,consistent
GSE202623_LESION,5,b4s8_2.5692458651046e+38,marker_learned_neighborhood,changed_but_still_wrong,Microglia,VLMC,OPCs,0.172311698947831,0.2459506992981403,0.0200113646940859,0.0982000836743189,0.07363900035030932,0.078188718980233,consistent;low_margin,consistent
GSE202623_LESION,5,b4s8_1.02436336885316e+38,marker_learned_neighborhood,changed_but_still_wrong,Microglia,VLMC,OPCs,0.1672962383261396,0.2286617683616737,0.022270317799674,0.0949953240853454,0.061365530035534105,0.07272500628567141,consistent;low_margin,consistent
GSE202623_LESION,2,b4s8_2.33289771133164e+38,marker_learned_neighborhood,changed_but_still_wrong,Microglia,VLMC,OPCs,0.1685805376549469,0.2150509823664923,0.0116091005201817,0.0867983475591843,0.046470444711545406,0.0751892470390026,consistent;low_margin,consistent
GSE202623_LESION,2,b4s8_4.38376168482874e+37,marker_learned_neighborhood,context_rescue,Microglia,T-cells,Microglia,0.4894426717768814,0.4948520824343442,0.0321175358295119,0.1004336576154484,0.00540941065746281,0.06831612178593649,consistent;low_margin,consistent
GSE202623_LESION,2,b4s8_3.26011467585051e+38,marker_learned_neighborhood,context_rescue,Oligodendrocyte,OPCs,Oligodendrocyte,0.2561729049304275,0.2767055196683986,0.0083766006103355,0.0865298750495595,0.020532614737971133,0.078153274439224,consistent;low_margin,consistent
GSE202623_LESION,2,b4s8_2.73825743635813e+38,marker_learned_neighborhood,context_rescue,Microglia,T-cells,Microglia,0.4593419818849749,0.4625655208082562,0.0155503747226127,0.0778624865672472,0.0032235389232813105,0.062312111844634505,consistent;low_margin,consistent;low_margin
GSE202623_LESION,5,b4s8_2.69774021113909e+38,marker_learned_neighborhood,context_rescue,Oligodendrocyte,Pericytes,Oligodendrocyte,0.2355352124690599,0.2993797129303831,0.0341779231147938,0.0770437121359565,0.06384450046132323,0.0428657890211627,consistent;low_margin,consistent;low_margin
GSE202623_LESION,2,b4s8_3.30599940348919e+38,marker_learned_neighborhood,context_rescue,Microglia,Astrocytes,Microglia,0.4151929056524366,0.3667967704777117,0.076251523939056,0.0668351517997697,-0.04839613517472491,-0.009416372139286297,consistent;low_margin,marker_conflict;low_margin
GSE202623_LESION,2,b4s8_7.63909889328148e+37,marker_learned_neighborhood,context_rescue,Microglia,VLMC,Microglia,0.1859839027188458,0.2443245089083005,0.0302162176161173,0.0566962354548126,0.05834060618945469,0.026480017838695302,consistent;low_margin,learned_neighborhood_conflict;low_margin
GSE202623_LESION,2,b4s8_2.55399197502434e+38,marker_learned_neighborhood,context_rescue,Oligodendrocyte,Endothelial,Oligodendrocyte,0.1899619052096868,0.2172637637664538,0.0123402568895034,0.053173347826301,0.027301858556766978,0.0408330909367976,consistent;low_margin,consistent;low_margin
GSE202623_LESION,2,b3s20_1.30170250963263e+38,marker_learned_neighborhood,context_rescue,Microglia,T-cells,Microglia,0.4089351098701482,0.3216672654541653,0.0558401252817155,0.052154681863518,-0.0872678444159829,-0.003685443418197501,consistent;low_margin,marker_conflict;low_margin
GSE202623_LESION,5,b4s8_1.12785883629453e+38,marker_learned_neighborhood,context_harm,Oligodendrocyte,Oligodendrocyte,OPCs,0.3470698156408573,0.4111561666187484,0.172129056756279,0.2216574414191053,0.06408635097789106,0.0495283846628263,consistent,marker_conflict
GSE202623_LESION,5,b4s8_2.94429365886976e+38,marker_learned_neighborhood,context_harm,Oligodendrocyte,Oligodendrocyte,OPCs,0.3338946116522765,0.3645525748179454,0.0663927657852643,0.134570038250225,0.030657963165668878,0.0681772724649607,consistent;low_margin,marker_conflict
GSE202623_LESION,2,b4s8_2.14594145461841e+38,marker_learned_neighborhood,context_harm,Microglia,Microglia,T-cells,0.3311015826273183,0.2715907417047898,0.1013269479152744,0.0932662084801407,-0.05951084092252851,-0.008060739435133704,consistent,marker_conflict
GSE202623_LESION,5,b4s8_7.53800966476461e+37,marker_learned_neighborhood,context_harm,Astrocytes,Astrocytes,OPCs,0.1855588661132503,0.2150355640648177,0.0194466233387398,0.087810634239249,0.029476697951567404,0.0683640109005092,consistent;low_margin,consistent
GSE202623_LESION,5,b4s8_1.13142547400775e+37,marker_learned_neighborhood,context_harm,Microglia,Microglia,Oligodendrocyte,0.2520419577100655,0.213681801621639,0.0546610039543584,0.0849165062668286,-0.038360156088426495,0.030255502312470206,consistent;low_margin,marker_conflict
GSE202623_LESION,2,b4s8_1.07826003952633e+38,marker_learned_neighborhood,context_harm,Microglia,Microglia,T-cells,0.5044254102465116,0.4781629745947846,0.0542955621056084,0.0796160489448917,-0.02626243565172698,0.0253204868392833,consistent;low_margin,marker_conflict;low_margin
GSE202623_LESION,2,b4s8_9.23630217750763e+37,marker_learned_neighborhood,context_harm,Microglia,Microglia,Oligodendrocyte,0.3478113373488003,0.3626744419730868,0.0172320285781343,0.0769898078506068,0.014863104624286472,0.0597577792724725,consistent;low_margin,consistent;low_margin
GSE202623_LESION,2,b4s8_1.62569086591849e+38,marker_learned_neighborhood,context_harm,Microglia,Microglia,T-cells,0.5462019352120967,0.5115418429785252,0.1079642717128489,0.0729779748761438,-0.03466009223357147,-0.03498629683670511,consistent,marker_conflict;low_margin
SQUIDPY_IMC,1,3956,marker_learned_neighborhood,context_harm,macrophages,macrophages,CK+ HR+ tumor cell,0.1582018933254208,0.1656103464246808,0.0071767213940216,0.035160622254078,0.007408453099259998,0.027983900860056397,consistent;low_margin,learned_neighborhood_conflict;low_margin
SQUIDPY_IMC,1,1058,marker_learned_neighborhood,context_harm,basal CK tumor cell,basal CK tumor cell,proliferative tumor cell,0.1384309305605215,0.1634277509258431,0.0053948596439709,0.0331412437279996,0.02499682036532161,0.0277463840840287,consistent;low_margin,consistent;low_margin
SQUIDPY_IMC,4,4264,marker_learned_neighborhood,context_harm,T cells,T cells,small elongated stromal cell,0.2202763743069243,0.2275399495700716,0.0086255890954627,0.0286134264041991,0.007263575263147304,0.0199878373087364,consistent;low_margin,consistent;low_margin
SQUIDPY_IMC,4,2297,marker_learned_neighborhood,context_harm,T cells,T cells,CK low HR low tumor cell,0.146490372953073,0.1408221610455403,0.0026902341060919,0.0274026506368803,-0.005668211907532694,0.0247124165307884,consistent;low_margin,learned_neighborhood_conflict;low_margin
SQUIDPY_IMC,3,2593,marker_learned_neighborhood,context_harm,macrophages,macrophages,CK low HR low tumor cell,0.2272108486955729,0.1913833721855886,0.0318469500770332,0.0272479774635281,-0.0358274765099843,-0.004598972613505097,consistent;low_margin,consistent;low_margin
SQUIDPY_IMC,1,978,marker_learned_neighborhood,context_harm,apoptotic tumor cell,apoptotic tumor cell,CK low HR low tumor cell,0.1702266242419073,0.1926505529777823,0.0016879729306537,0.0211166284543957,0.02242392873587501,0.019428655523742,consistent;low_margin,consistent;low_margin
SQUIDPY_IMC,3,3848,marker_learned_neighborhood,context_harm,CK low HR low tumor cell,CK low HR low tumor cell,basal CK tumor cell,0.1385420430516972,0.1246974571182972,0.0087051580723595,0.016037488664673,-0.013844585933400003,0.0073323305923135,consistent;low_margin,learned_neighborhood_conflict;low_margin
SQUIDPY_IMC,3,2023,marker_learned_neighborhood,context_harm,small elongated stromal cell,small elongated stromal cell,endothelial,0.2991711758805375,0.2662872799698294,0.0482332818863186,0.0153478481131176,-0.03288389591070806,-0.032885433773200995,consistent;low_margin,consistent;low_margin
SQUIDPY_IMC,3,3621,marker_learned_neighborhood,changed_but_still_wrong,apoptotic tumor cell,proliferative tumor cell,basal CK tumor cell,0.1554695820702748,0.1843751522386395,0.0191962700351599,0.0493082910268885,0.028905570168364703,0.030112020991728602,consistent;low_margin,consistent;low_margin
SQUIDPY_IMC,1,4681,marker_learned_neighborhood,changed_but_still_wrong,small elongated stromal cell,vimentin hi stromal cell,proliferative tumor cell,0.1446737634905411,0.140594655846017,0.0019886940373219,0.037232785098734,-0.004079107644524099,0.035244091061412096,consistent;low_margin,consistent;low_margin
SQUIDPY_IMC,3,2711,marker_learned_neighborhood,changed_but_still_wrong,apoptotic tumor cell,small elongated stromal cell,proliferative tumor cell,0.1263493290291694,0.1448369135694512,0.0015273106501845,0.035300401033805,0.018487584540281793,0.0337730903836205,consistent;low_margin,consistent;low_margin
SQUIDPY_IMC,3,3861,marker_learned_neighborhood,changed_but_still_wrong,apoptotic tumor cell,CK low HR low tumor cell,basal CK tumor cell,0.2278797020373842,0.2146174541497917,0.0301041238811875,0.0255806612211821,-0.013262247887592504,-0.0045234626600054,consistent;low_margin,consistent;low_margin
SQUIDPY_IMC,3,2675,marker_learned_neighborhood,changed_but_still_wrong,CK low HR low tumor cell,endothelial,proliferative tumor cell,0.1313903640375645,0.1327852153517169,0.0018790567988675,0.021849329512488,0.001394851314152401,0.0199702727136205,consistent;low_margin,consistent;low_margin
SQUIDPY_IMC,3,309,marker_learned_neighborhood,changed_but_still_wrong,apoptotic tumor cell,CK+ HR+ tumor cell,small elongated stromal cell,0.1441805997887215,0.1482599563044525,0.0142059810564211,0.0197515116080894,0.004079356515730992,0.005545530551668301,consistent;low_margin,consistent;low_margin
SQUIDPY_IMC,1,3432,marker_learned_neighborhood,changed_but_still_wrong,basal CK tumor cell,CK+ HR+ tumor cell,small elongated stromal cell,0.1397652085421813,0.1265455693254766,0.0174302416950293,0.0172950710737162,-0.013219639216704715,-0.0001351706213131021,consistent;low_margin,consistent;low_margin
SQUIDPY_IMC,3,739,marker_learned_neighborhood,changed_but_still_wrong,apoptotic tumor cell,proliferative tumor cell,CK+ HR+ tumor cell,0.160913448190816,0.1473260930488159,0.0075088596658321,0.0170248613040654,-0.013587355142000102,0.0095160016382333,consistent;low_margin,consistent;low_margin
SQUIDPY_IMC,3,3240,marker_learned_neighborhood,context_rescue,basal CK tumor cell,proliferative tumor cell,basal CK tumor cell,0.1973800989076376,0.2178524990924096,0.0057499719096286,0.023683624385685,0.020472400184772005,0.0179336524760564,consistent;low_margin,consistent;low_margin
SQUIDPY_IMC,1,4190,marker_learned_neighborhood,context_rescue,basal CK tumor cell,proliferative tumor cell,basal CK tumor cell,0.1651020616710505,0.1804759402399357,0.0143933699344189,0.0212611262394874,0.015373878568885224,0.006867756305068501,consistent;low_margin,consistent;low_margin
SQUIDPY_IMC,1,4070,marker_learned_neighborhood,context_rescue,basal CK tumor cell,proliferative tumor cell,basal CK tumor cell,0.1504920701294921,0.166695930756431,0.0110316078645053,0.0187164227214049,0.016203860626938904,0.0076848148568996015,consistent;low_margin,consistent;low_margin
SQUIDPY_IMC,3,622,marker_learned_neighborhood,context_rescue,small elongated stromal cell,vimentin hi stromal cell,small elongated stromal cell,0.2972134288917978,0.2772347369239504,0.0061507329918312,0.0185554650010256,-0.019978691967847406,0.0124047320091944,consistent;low_margin,consistent;low_margin
SQUIDPY_IMC,4,1774,marker_learned_neighborhood,context_rescue,basal CK tumor cell,proliferative tumor cell,basal CK tumor cell,0.1111262885404777,0.1373069591514961,0.0012015826784745,0.0180361344955556,0.026180670611018406,0.0168345518170811,consistent;low_margin,consistent;low_margin
SQUIDPY_IMC,4,1935,marker_learned_neighborhood,context_rescue,T cells,macrophages,T cells,0.1536997519306061,0.1502273169249184,0.0052067309463722,0.0099637579832065,-0.0034724350056876963,0.004757027036834301,consistent;low_margin,consistent;low_margin
SQUIDPY_IMC,4,2005,marker_learned_neighborhood,context_rescue,T cells,macrophages,T cells,0.2452236195959971,0.2119681729264646,0.0072922264667812,0.0097639518400885,-0.03325544666953248,0.0024717253733073,consistent;low_margin,consistent;low_margin
SQUIDPY_IMC,3,2474,marker_learned_neighborhood,context_rescue,apoptotic tumor cell,proliferative tumor cell,apoptotic tumor cell,0.1193281109163995,0.1141042230772862,0.0089922751012065,0.0078573626679743,-0.005223887839113303,-0.0011349124332322002,consistent;low_margin,consistent;low_margin
SQUIDPY_MERFISH,5,71373-0,marker_learned_neighborhood,context_harm,OD Mature 4,OD Mature 4,OD Mature 3,0.3821927640956676,0.3556410316366748,0.0724147858315234,0.0457928330463201,-0.026551732458992783,-0.026621952785203302,consistent;low_margin,marker_conflict;learned_neighborhood_conflict;low_margin
SQUIDPY_MERFISH,1,7574-10,marker_learned_neighborhood,context_harm,OD Mature 2,OD Mature 2,OD Mature 3,0.2955447579929173,0.2995163598143001,0.0073670830434193,0.0289524783261661,0.003971601821382786,0.021585395282746802,consistent;low_margin,consistent;low_margin
SQUIDPY_MERFISH,5,69627-0,marker_learned_neighborhood,context_harm,Microglia,Microglia,Inhibitory,0.1970212563732392,0.17587765538615,0.0134316013953664,0.0283570623947218,-0.0211436009870892,0.014925460999355399,consistent;low_margin,learned_neighborhood_conflict;low_margin
SQUIDPY_MERFISH,2,19160-8,marker_learned_neighborhood,context_harm,OD Immature 1,OD Immature 1,OD Mature 4,0.2421910762986062,0.2309978900480447,0.0334176332377314,0.027617991694405,-0.01119318625056151,-0.005799641543326399,consistent;low_margin,consistent;low_margin
SQUIDPY_MERFISH,4,24214-7,marker_learned_neighborhood,context_harm,Ependymal,Ependymal,Endothelial 2,0.1800980911268374,0.1872558840969288,0.0027912250192973,0.0226284506358421,0.00715779297009142,0.019837225616544798,consistent;low_margin,consistent;low_margin
SQUIDPY_MERFISH,4,27567-7,marker_learned_neighborhood,context_harm,Excitatory,Excitatory,OD Mature 4,0.178819211311991,0.167237435556193,0.027295503758993,0.0188999618863537,-0.011581775755797996,-0.0083955418726393,consistent;low_margin,consistent;low_margin
SQUIDPY_MERFISH,2,35468-5,marker_learned_neighborhood,context_harm,OD Mature 2,OD Mature 2,OD Mature 3,0.3567261995421175,0.3559968485842239,0.0100108628830241,0.0136738066764772,-0.0007293509578935597,0.0036629437934531,consistent;low_margin,consistent;low_margin
SQUIDPY_MERFISH,5,70194-0,marker_learned_neighborhood,context_harm,Inhibitory,Inhibitory,Excitatory,0.2675053351514064,0.2553651547134777,0.0503127152566117,0.0110166505076914,-0.012140180437928694,-0.0392960647489203,consistent;low_margin,marker_conflict;learned_neighborhood_conflict;low_margin
SQUIDPY_MERFISH,4,63664-1,marker_learned_neighborhood,changed_but_still_wrong,OD Immature 2,Astrocyte,Ependymal,0.4151813289446044,0.4607677210503993,0.0476812146334175,0.1144342602789916,0.045586392105794904,0.0667530456455741,consistent;low_margin,consistent
SQUIDPY_MERFISH,2,21352-8,marker_learned_neighborhood,changed_but_still_wrong,OD Mature 1,OD Mature 3,OD Mature 2,0.2784008607752511,0.2847149059893518,0.0030894419316204,0.0392190078150396,0.006314045214100672,0.0361295658834192,consistent;low_margin,consistent;low_margin
SQUIDPY_MERFISH,2,21342-8,marker_learned_neighborhood,changed_but_still_wrong,OD Mature 1,OD Mature 3,OD Mature 2,0.2844335674855028,0.2894656998130108,0.0038337682845427,0.0371437590599448,0.005032132327507988,0.033309990775402094,consistent;low_margin,learned_neighborhood_conflict;low_margin
SQUIDPY_MERFISH,1,7763-10,marker_learned_neighborhood,changed_but_still_wrong,OD Mature 4,OD Mature 2,OD Mature 3,0.2780202742711882,0.2953459393360574,0.0066903735599673,0.0362684381540345,0.01732566506486921,0.0295780645940672,consistent;low_margin,learned_neighborhood_conflict;low_margin
SQUIDPY_MERFISH,2,37419-5,marker_learned_neighborhood,changed_but_still_wrong,OD Mature 1,OD Mature 3,OD Mature 4,0.2027577263035938,0.2013010090198618,0.0050973380934058,0.0353871588822786,-0.0014567172837319786,0.0302898207888728,consistent;low_margin,learned_neighborhood_conflict;low_margin
SQUIDPY_MERFISH,2,19142-8,marker_learned_neighborhood,changed_but_still_wrong,OD Mature 1,OD Mature 3,OD Mature 2,0.2913316372221828,0.2742935726273847,0.0324162741834012,0.0240492619484813,-0.01703806459479812,-0.0083670122349199,consistent;low_margin,learned_neighborhood_conflict;low_margin
SQUIDPY_MERFISH,2,41348-5,marker_learned_neighborhood,changed_but_still_wrong,OD Mature 1,OD Mature 3,OD Mature 2,0.3052989588009758,0.2883576033807756,0.0310124914965649,0.0238119809156795,-0.0169413554202002,-0.007200510580885399,consistent;low_margin,consistent;low_margin
SQUIDPY_MERFISH,2,22846-8,marker_learned_neighborhood,changed_but_still_wrong,OD Mature 1,OD Mature 3,OD Mature 2,0.333142509502097,0.3014592056269853,0.0504289253892133,0.022051906839634,-0.0316833038751117,-0.0283770185495793,consistent;low_margin,marker_conflict;learned_neighborhood_conflict;low_margin
SQUIDPY_MERFISH,3,30395-6,marker_learned_neighborhood,context_rescue,Endothelial 2,Microglia,Endothelial 2,0.3104884880783373,0.3380592351246813,0.01436332285408,0.06624702743068,0.02757074704634399,0.05188370457660001,consistent;low_margin,consistent;low_margin
SQUIDPY_MERFISH,5,14844-9,marker_learned_neighborhood,context_rescue,Endothelial 2,Microglia,Endothelial 2,0.1272362521939916,0.1647105530532802,0.0038929377721396,0.0538991374615484,0.0374743008592886,0.0500061996894088,consistent;low_margin,consistent;low_margin
SQUIDPY_MERFISH,4,50350-3,marker_learned_neighborhood,context_rescue,Ependymal,Astrocyte,Ependymal,0.3344609030595201,0.3484265337989335,0.0194793224878848,0.0497948952704376,0.013965630739413426,0.030315572782552803,consistent;low_margin,consistent;low_margin
SQUIDPY_MERFISH,2,21411-8,marker_learned_neighborhood,context_rescue,OD Mature 2,OD Mature 3,OD Mature 2,0.336887679426229,0.3317833853663315,0.0272131979798964,0.0497864216436811,-0.005104294059897485,0.022573223663784697,consistent;low_margin,learned_neighborhood_conflict;low_margin
SQUIDPY_MERFISH,2,18985-8,marker_learned_neighborhood,context_rescue,OD Mature 2,OD Mature 3,OD Mature 2,0.3888995448390733,0.382884103677294,0.0266450000796785,0.0459654099840431,-0.006015441161779322,0.019320409904364604,consistent;low_margin,learned_neighborhood_conflict;low_margin
SQUIDPY_MERFISH,2,39778-5,marker_learned_neighborhood,context_rescue,OD Mature 2,OD Mature 3,OD Mature 2,0.3283346856166315,0.3253198217709295,0.0196976321623082,0.0442882901591029,-0.003014863845701987,0.024590657996794697,consistent;low_margin,consistent;low_margin
SQUIDPY_MERFISH,2,20277-8,marker_learned_neighborhood,context_rescue,OD Mature 2,OD Mature 3,OD Mature 2,0.3318338666522324,0.3186219594610932,0.0345948593434579,0.0438943732790473,-0.013211907191139238,0.0092995139355894,consistent;low_margin,learned_neighborhood_conflict;low_margin
SQUIDPY_MERFISH,4,49776-3,marker_learned_neighborhood,context_rescue,OD Immature 2,Excitatory,OD Immature 2,0.372357746067339,0.3842831845650984,0.0038800203974145,0.039283208929639,0.0119254384977594,0.035403188532224496,consistent;low_margin,consistent;low_margin
SQUIDPY_MIBITOF,1,46732-2,marker_learned_neighborhood,context_rescue,Epithelial,Myeloid_CD11c,Epithelial,0.3365786286126511,0.3719832556838143,0.0537159486364309,0.073804299493256,0.03540462707116321,0.020088350856825095,consistent;low_margin,marker_conflict;low_margin
SQUIDPY_MIBITOF,3,9984-1,marker_learned_neighborhood,context_rescue,Myeloid_CD68,Endothelial,Myeloid_CD68,0.2937296121658656,0.2935163015305286,0.0300811260072053,0.0549180174032675,-0.0002133106353369718,0.024836891396062204,consistent;low_margin,consistent;low_margin
SQUIDPY_MIBITOF,3,10193-1,marker_learned_neighborhood,context_rescue,Fibroblast,Tcell_CD4,Fibroblast,0.2380798414470114,0.249880398168725,0.0047033770215258,0.0310890685840605,0.011800556721713623,0.0263856915625347,consistent;low_margin,consistent;low_margin
SQUIDPY_MIBITOF,1,47166-2,marker_learned_neighborhood,context_rescue,Fibroblast,Endothelial,Fibroblast,0.349095321470881,0.3555396030737494,0.0214994798338203,0.0262722183700797,0.0064442816028683625,0.0047727385362594,consistent;low_margin,consistent;low_margin
SQUIDPY_MIBITOF,3,10296-1,marker_learned_neighborhood,context_rescue,Fibroblast,Endothelial,Fibroblast,0.2530956914179948,0.2574783858484672,0.0431284619181289,0.0218524956832676,0.0043826944304724,-0.0212759662348613,consistent;low_margin,consistent;low_margin
SQUIDPY_MIBITOF,1,47279-2,marker_learned_neighborhood,context_rescue,Fibroblast,Endothelial,Fibroblast,0.2981192463499202,0.3001880199945138,0.0396341281776891,0.0194077577715042,0.002068773644593569,-0.0202263704061849,consistent;low_margin,consistent;low_margin
SQUIDPY_MIBITOF,1,47332-2,marker_learned_neighborhood,context_rescue,Fibroblast,Endothelial,Fibroblast,0.3978763628963976,0.4022332811789442,0.0267930314306601,0.0189488602206717,0.004356918282546585,-0.007844171209988399,consistent;low_margin,consistent;low_margin
SQUIDPY_MIBITOF,2,3514-0,marker_learned_neighborhood,context_rescue,Myeloid_CD11c,Myeloid_CD68,Myeloid_CD11c,0.3847243780778219,0.3889417743086239,0.0005926145197579,0.0188859827800257,0.0042173962308020285,0.018293368260267798,consistent;low_margin,consistent;low_margin
SQUIDPY_MIBITOF,3,9450-1,marker_learned_neighborhood,context_harm,Myeloid_CD68,Myeloid_CD68,Imm_other,0.3016782070658463,0.3518028112137117,0.0165865292560983,0.1312983479937018,0.050124604147865404,0.1147118187376035,consistent;low_margin,consistent
SQUIDPY_MIBITOF,1,46984-2,marker_learned_neighborhood,context_harm,Myeloid_CD11c,Myeloid_CD11c,Epithelial,0.4314361356048567,0.4381137407397791,0.1803682252402263,0.113273292184832,0.006677605134922382,-0.06709493305539431,consistent,marker_conflict
SQUIDPY_MIBITOF,3,9966-1,marker_learned_neighborhood,context_harm,Endothelial,Endothelial,Epithelial,0.4496748797240014,0.4418034248540029,0.0500020891183112,0.0860299998587326,-0.007871454869998462,0.036027910740421394,consistent;low_margin,marker_conflict
SQUIDPY_MIBITOF,3,9856-1,marker_learned_neighborhood,context_harm,Tcell_CD8,Tcell_CD8,Imm_other,0.3282923502461313,0.3653239524620695,0.0072940744295446,0.0756237718285647,0.03703160221593821,0.06832969739902009,consistent;low_margin,consistent;low_margin
SQUIDPY_MIBITOF,3,9554-1,marker_learned_neighborhood,context_harm,Epithelial,Epithelial,Imm_other,0.4129413205192815,0.4173016137166954,0.0335094695849492,0.0673156634453686,0.004360293197413878,0.0338061938604194,consistent;low_margin,consistent;low_margin
SQUIDPY_MIBITOF,1,46407-2,marker_learned_neighborhood,context_harm,Imm_other,Imm_other,Myeloid_CD68,0.2559659193691691,0.2450642042913536,0.0102676264308276,0.0664803915231627,-0.010901715077815538,0.056212765092335096,consistent;low_margin,learned_neighborhood_conflict;low_margin
SQUIDPY_MIBITOF,2,3947-0,marker_learned_neighborhood,context_harm,Myeloid_CD68,Myeloid_CD68,Myeloid_CD11c,0.3822601061635761,0.398324096110003,0.0103319785640547,0.0635892161400891,0.016063989946426938,0.0532572375760344,consistent;low_margin,learned_neighborhood_conflict;low_margin
SQUIDPY_MIBITOF,1,46447-2,marker_learned_neighborhood,context_harm,Myeloid_CD11c,Myeloid_CD11c,Epithelial,0.2914264364645502,0.3355325699407859,0.0400364418981631,0.0618124651985707,0.04410613347623571,0.0217760233004076,consistent;low_margin,consistent;low_margin
SQUIDPY_MIBITOF,1,47136-2,marker_learned_neighborhood,changed_but_still_wrong,Imm_other,Endothelial,Epithelial,0.2129526932328062,0.3715274450599003,0.0440764060879685,0.1893378782537277,0.15857475182709413,0.1452614721657592,consistent;low_margin,consistent
SQUIDPY_MIBITOF,1,47044-2,marker_learned_neighborhood,changed_but_still_wrong,Tcell_CD8,Myeloid_CD68,Epithelial,0.1955537145661703,0.2949618114964553,0.0203300012420556,0.1239544324497455,0.09940809693028499,0.1036244312076899,consistent;low_margin,consistent
SQUIDPY_MIBITOF,1,47202-2,marker_learned_neighborhood,changed_but_still_wrong,Tcell_CD4,Myeloid_CD11c,Myeloid_CD68,0.3953417237708602,0.3609398008503132,0.0768286135170894,0.058341731447701,-0.034401922920547,-0.0184868820693884,consistent;low_margin,marker_conflict;low_margin
SQUIDPY_MIBITOF,3,10294-1,marker_learned_neighborhood,changed_but_still_wrong,Imm_other,Tcell_CD8,Fibroblast,0.3028970514418823,0.3126292990089726,0.0281408939498736,0.0573407572064984,0.009732247567090346,0.0291998632566248,consistent;low_margin,consistent;low_margin
SQUIDPY_MIBITOF,3,9630-1,marker_learned_neighborhood,changed_but_still_wrong,Myeloid_CD68,Tcell_CD4,Epithelial,0.2359543326451471,0.2510300326624338,0.0262991658338669,0.052623138502677,0.015075700017286697,0.0263239726688101,consistent;low_margin,consistent;low_margin
SQUIDPY_MIBITOF,1,46655-2,marker_learned_neighborhood,changed_but_still_wrong,Imm_other,Myeloid_CD11c,Epithelial,0.2800709737860838,0.3145975335348805,0.0779417403817943,0.0522175877504781,0.034526559748796704,-0.0257241526313162,consistent;low_margin,marker_conflict;low_margin
SQUIDPY_MIBITOF,3,10351-1,marker_learned_neighborhood,changed_but_still_wrong,Imm_other,Tcell_CD4,Epithelial,0.2012632107495596,0.2174608487104872,0.0347769398408954,0.0509082388768871,0.016197637960927602,0.016131299035991697,consistent;low_margin,consistent;low_margin
SQUIDPY_MIBITOF,3,9500-1,marker_learned_neighborhood,changed_but_still_wrong,Myeloid_CD68,Endothelial,Imm_other,0.2478890186685113,0.2420809025372288,0.0090847613646751,0.0372975327721941,-0.005808116131282487,0.028212771407519002,consistent;low_margin,learned_neighborhood_conflict;low_margin
SQUIDPY_SEQFISH,3,embryo1_Pos16_cell130_z5,marker_learned_neighborhood,changed_but_still_wrong,Spinal cord,Forebrain/Midbrain/Hindbrain,Definitive endoderm,0.1155303483661235,0.1777705002861708,0.016390112264574,0.0617914358069505,0.06224015192004731,0.0454013235423765,consistent;low_margin,consistent;low_margin
SQUIDPY_SEQFISH,3,embryo1_Pos7_cell313_z5,marker_learned_neighborhood,changed_but_still_wrong,Presomitic mesoderm,Surface ectoderm,Intermediate mesoderm,0.2216745067618687,0.170250285549225,0.0688050169157923,0.0567516731309944,-0.0514242212126437,-0.012053343784797901,consistent;low_margin,marker_conflict;low_margin
SQUIDPY_SEQFISH,5,embryo1_Pos25_cell139_z2,marker_learned_neighborhood,changed_but_still_wrong,Gut tube,NMP,Definitive endoderm,0.1116386703716638,0.1487400314565067,0.0155845895470383,0.0478842252847728,0.03710136108484288,0.0322996357377345,consistent;low_margin,consistent;low_margin
SQUIDPY_SEQFISH,3,embryo1_Pos4_cell6_z2,marker_learned_neighborhood,changed_but_still_wrong,Neural crest,Erythroid,Cranial mesoderm,0.1027488155920973,0.1316634692838964,0.0082954668084573,0.0465126684425635,0.028914653691799116,0.0382172016341062,consistent;low_margin,consistent;low_margin
SQUIDPY_SEQFISH,3,embryo1_Pos5_cell197_z5,marker_learned_neighborhood,changed_but_still_wrong,Spinal cord,Erythroid,Forebrain/Midbrain/Hindbrain,0.0947437247044272,0.1332086162951676,0.0196088529417149,0.0458998661976452,0.03846489159074039,0.026291013255930303,consistent;low_margin,consistent;low_margin
SQUIDPY_SEQFISH,5,embryo1_Pos17_cell435_z2,marker_learned_neighborhood,changed_but_still_wrong,Mixed mesenchymal mesoderm,Allantois,Surface ectoderm,0.2605729206278606,0.2392256932746811,0.0175444499338887,0.0399383908963362,-0.021347227353179482,0.022393940962447498,consistent;low_margin,consistent;low_margin
SQUIDPY_SEQFISH,5,embryo1_Pos28_cell93_z2,marker_learned_neighborhood,changed_but_still_wrong,Neural crest,Anterior somitic tissues,Sclerotome,0.2950158846345795,0.2718608098746271,0.01622587818092,0.0342540658558368,-0.023155074759952432,0.018028187674916797,consistent;low_margin,consistent;low_margin
SQUIDPY_SEQFISH,5,embryo1_Pos10_cell357_z2,marker_learned_neighborhood,changed_but_still_wrong,Surface ectoderm,Forebrain/Midbrain/Hindbrain,Neural crest,0.2527847765155886,0.2151617178087862,0.0068232543000663,0.0333862343889866,-0.03762305870680241,0.0265629800889203,consistent;low_margin,learned_neighborhood_conflict;low_margin
SQUIDPY_SEQFISH,5,embryo1_Pos0_cell244_z2,marker_learned_neighborhood,context_harm,Gut tube,Gut tube,Lateral plate mesoderm,0.5072256369834284,0.606204170115587,0.0367365682284055,0.251925980876365,0.09897853313215865,0.2151894126479595,consistent;low_margin,consistent
SQUIDPY_SEQFISH,5,embryo1_Pos0_cell264_z2,marker_learned_neighborhood,context_harm,Haematoendothelial progenitors,Haematoendothelial progenitors,Lateral plate mesoderm,0.2778758118950598,0.3149007460542631,0.0078284263276467,0.1306966436620661,0.03702493415920333,0.1228682173344194,consistent;low_margin,consistent
SQUIDPY_SEQFISH,3,embryo1_Pos5_cell372_z5,marker_learned_neighborhood,context_harm,Cranial mesoderm,Cranial mesoderm,Neural crest,0.4521000197365837,0.3737855958005874,0.1690133813009974,0.0947967736740313,-0.0783144239359963,-0.07421660762696611,consistent,marker_conflict
SQUIDPY_SEQFISH,3,embryo1_Pos13_cell140_z2,marker_learned_neighborhood,context_harm,Mixed mesenchymal mesoderm,Mixed mesenchymal mesoderm,Cardiomyocytes,0.4571891341104903,0.4658497275851347,0.0457105613372374,0.092044132790281,0.008660593474644429,0.04633357145304359,consistent;low_margin,consistent
SQUIDPY_SEQFISH,5,embryo1_Pos26_cell445_z2,marker_learned_neighborhood,context_harm,Endothelium,Endothelium,Haematoendothelial progenitors,0.4423490272279325,0.3674780977350753,0.0267550789498483,0.0712727621979562,-0.07487092949285723,0.0445176832481079,consistent;low_margin,consistent;low_margin
SQUIDPY_SEQFISH,3,embryo1_Pos13_cell124_z2,marker_learned_neighborhood,context_harm,Mixed mesenchymal mesoderm,Mixed mesenchymal mesoderm,Cardiomyocytes,0.376984113566373,0.3898856744393373,0.0527190897612518,0.0681451568810228,0.01290156087296429,0.015426067119770993,consistent;low_margin,marker_conflict;low_margin
SQUIDPY_SEQFISH,3,embryo1_Pos13_cell148_z2,marker_learned_neighborhood,context_harm,Mixed mesenchymal mesoderm,Mixed mesenchymal mesoderm,Cardiomyocytes,0.2260167169969305,0.2876359382609599,0.0007798393008453,0.0611647037877455,0.06161922126402941,0.060384864486900204,consistent;low_margin,consistent;low_margin
SQUIDPY_SEQFISH,5,embryo1_Pos28_cell79_z2,marker_learned_neighborhood,context_harm,Anterior somitic tissues,Anterior somitic tissues,Sclerotome,0.4347544163611086,0.4227088774677295,0.0192318193854912,0.0582422549734051,-0.012045538893379115,0.0390104355879139,consistent;low_margin,consistent;low_margin
SQUIDPY_SEQFISH,5,embryo1_Pos0_cell284_z2,marker_learned_neighborhood,context_rescue,Gut tube,Lateral plate mesoderm,Gut tube,0.3482400306483886,0.4332820686027602,0.0313688031828011,0.2002148532843646,0.0850420379543716,0.1688460501015635,consistent;low_margin,consistent
SQUIDPY_SEQFISH,5,embryo1_Pos20_cell194_z2,marker_learned_neighborhood,context_rescue,Cardiomyocytes,Splanchnic mesoderm,Cardiomyocytes,0.2760243380817639,0.4086340124217947,0.0084064275896612,0.1945958106878426,0.1326096743400308,0.1861893830981814,consistent;low_margin,consistent
SQUIDPY_SEQFISH,3,embryo1_Pos22_cell232_z2,marker_learned_neighborhood,context_rescue,Cranial mesoderm,Splanchnic mesoderm,Cranial mesoderm,0.4615517296830511,0.4333653489821428,0.0873772698355008,0.1568811409680212,-0.028186380700908287,0.06950387113252039,consistent,marker_conflict
SQUIDPY_SEQFISH,5,embryo1_Pos0_cell135_z2,marker_learned_neighborhood,context_rescue,Gut tube,Lateral plate mesoderm,Gut tube,0.4763897239981402,0.5071579318586045,0.0400676330553023,0.1439011032501593,0.030768207860464247,0.103833470194857,consistent;low_margin,consistent
SQUIDPY_SEQFISH,5,embryo1_Pos0_cell119_z5,marker_learned_neighborhood,context_rescue,Gut tube,Lateral plate mesoderm,Gut tube,0.3510631019225738,0.4055996102478352,0.0250759195316753,0.1318174789104458,0.05453650832526141,0.10674155937877049,consistent;low_margin,consistent
SQUIDPY_SEQFISH,5,embryo1_Pos0_cell279_z2,marker_learned_neighborhood,context_rescue,Gut tube,Lateral plate mesoderm,Gut tube,0.1996717785977082,0.2907494572955298,0.0048585804607113,0.1271685976163691,0.0910776786978216,0.12231001715565779,consistent;low_margin,consistent
SQUIDPY_SEQFISH,5,embryo1_Pos0_cell172_z2,marker_learned_neighborhood,context_rescue,Gut tube,Lateral plate mesoderm,Gut tube,0.4941151736841824,0.5021389167094839,0.0639719084335449,0.1255335224075071,0.008023743025301455,0.06156161397396219,consistent;low_margin,marker_conflict
SQUIDPY_SEQFISH,3,embryo1_Pos10_cell107_z2,marker_learned_neighborhood,context_rescue,Neural crest,Lateral plate mesoderm,Neural crest,0.2117602150026162,0.2444525051315751,0.0155571053142655,0.1194324549021365,0.03269229012895891,0.103875349587871,consistent;low_margin,consistent
SQUIDPY_SLIDESEQV2,3,CCTGACATCTCTAT,marker_learned_neighborhood,context_rescue,Subiculum_Entorhinal_cl3,Endothelial_Stalk,Subiculum_Entorhinal_cl3,0.1330907266225162,0.1337589027572249,0.0088427392491588,0.0157216451810989,0.000668176134708709,0.006878905931940099,consistent;low_margin,consistent;low_margin
SQUIDPY_SLIDESEQV2,3,CTCATTGTGGCAGA,marker_learned_neighborhood,context_rescue,Ependymal,Endothelial_Tip,Ependymal,0.5066796442645023,0.4887929687613419,0.0492603993096886,0.0077388996060465,-0.01788667550316042,-0.0415214997036421,consistent;low_margin,consistent;low_margin
SQUIDPY_SLIDESEQV2,3,AGCGGCTCTGGTAT,marker_learned_neighborhood,context_rescue,DentatePyramids,Neurogenesis,DentatePyramids,0.1209175241584721,0.1207651612848666,0.0042660205494984,0.005940493634957,-0.0001523628736054966,0.0016744730854586004,consistent;low_margin,learned_neighborhood_conflict;low_margin
SQUIDPY_SLIDESEQV2,3,AAGGTAAGTACCTG,marker_learned_neighborhood,context_rescue,Microglia,Astrocytes,Microglia,0.2112569805076376,0.1973022837090302,0.0077186386700061,0.0041034540021941,-0.013954696798607419,-0.0036151846678119997,consistent;low_margin,consistent;low_margin
SQUIDPY_SLIDESEQV2,3,AATCCCGAGCAAAG,marker_learned_neighborhood,context_rescue,Microglia,Astrocytes,Microglia,0.134568334068626,0.1196191642222505,0.019875347497867,0.0027701934391478,-0.01494916984637551,-0.0171051540587192,consistent;low_margin,learned_neighborhood_conflict;low_margin
SQUIDPY_SLIDESEQV2,3,GAACCAGAAGCCAA,marker_learned_neighborhood,context_rescue,Polydendrocytes,Endothelial_Stalk,Polydendrocytes,0.1378333964580711,0.128489996737762,0.0087101211325193,0.0002248905960957,-0.009343399720309092,-0.0084852305364236,consistent;low_margin,consistent;low_margin
SQUIDPY_SLIDESEQV2,3,GGTTTGGGTTTGTT,marker_learned_neighborhood,changed_but_still_wrong,CA1_CA2_CA3_Subiculum,Interneurons,Ependymal,0.2702521550235497,0.3000079873754185,0.0027140102779248,0.0677553981124221,0.029755832351868794,0.0650413878344973,consistent;low_margin,consistent;low_margin
SQUIDPY_SLIDESEQV2,3,TTGAGCACGACGCT,marker_learned_neighborhood,changed_but_still_wrong,Interneurons,Astrocytes,Endothelial_Tip,0.243210178328293,0.2272675626960711,0.0256111358876295,0.0262562268299874,-0.015942615632221907,0.0006450909423578975,consistent;low_margin,consistent;low_margin
SQUIDPY_SLIDESEQV2,3,GTCAAAGCGTTTTT,marker_learned_neighborhood,changed_but_still_wrong,Subiculum_Entorhinal_cl2,CA1_CA2_CA3_Subiculum,Endothelial_Tip,0.1182649177086848,0.1306728154578872,0.0020300539325361,0.0232272521823117,0.012407897749202396,0.0211971982497756,consistent;low_margin,consistent;low_margin
SQUIDPY_SLIDESEQV2,3,GCGGTCAACCACGT,marker_learned_neighborhood,changed_but_still_wrong,Interneurons,Endothelial_Tip,Ependymal,0.1800017086479054,0.2284915320326509,0.0062075410089703,0.0216965497563508,0.0484898233847455,0.0154890087473805,consistent;low_margin,consistent;low_margin
SQUIDPY_SLIDESEQV2,3,GGGGTTTCTGGCCT,marker_learned_neighborhood,changed_but_still_wrong,Mural,Microglia,Subiculum_Entorhinal_cl3,0.1671844845609487,0.1537472433864379,0.032194666704174,0.0172130035064153,-0.013437241174510811,-0.014981663197758701,consistent;low_margin,learned_neighborhood_conflict;low_margin
SQUIDPY_SLIDESEQV2,3,GGCGCTCGACACAT,marker_learned_neighborhood,changed_but_still_wrong,Mural,Ependymal,CA1_CA2_CA3_Subiculum,0.131781098629115,0.1315341151418536,0.0052091272123118,0.0131713996023133,-0.00024698348726140407,0.0079622723900015,consistent;low_margin,consistent;low_margin
SQUIDPY_SLIDESEQV2,3,AGAGACGGTGAATA,marker_learned_neighborhood,changed_but_still_wrong,Polydendrocytes,Neurogenesis,CA1_CA2_CA3_Subiculum,0.1456691434231404,0.1422058323379119,0.0132958294968727,0.0105461148990609,-0.0034633110852285154,-0.0027497145978118004,consistent;low_margin,learned_neighborhood_conflict;low_margin
SQUIDPY_SLIDESEQV2,3,TTTGCGAAGCAGGC,marker_learned_neighborhood,changed_but_still_wrong,Interneurons,DentatePyramids,Neurogenesis,0.12989166429656,0.1306854520324764,0.000897260457711,0.0083087061403214,0.0007937877359164014,0.0074114456826104,consistent;low_margin,consistent;low_margin
SQUIDPY_SLIDESEQV2,3,CGTCTCCCGGTTGG,marker_learned_neighborhood,context_harm,Endothelial_Stalk,Endothelial_Stalk,Ependymal,0.2815591720599353,0.2864155315844339,0.0221881795197271,0.0294368554032027,0.004856359524498588,0.007248675883475598,consistent;low_margin,consistent;low_margin
SQUIDPY_SLIDESEQV2,3,ATTCCTAAACACGT,marker_learned_neighborhood,context_harm,Neurogenesis,Neurogenesis,Polydendrocytes,0.2381905736579049,0.2465286362708799,0.0134505874505007,0.0233329993770077,0.008338062612974984,0.009882411926507,consistent;low_margin,consistent;low_margin
SQUIDPY_SLIDESEQV2,3,TGTCCTAGACCTGT,marker_learned_neighborhood,context_harm,Astrocytes,Astrocytes,Oligodendrocytes,0.1351878146171,0.1302964885903335,0.0061854886960185,0.0041963716981652,-0.004891326026766507,-0.0019891169978533,consistent;low_margin,consistent;low_margin
SQUIDPY_SLIDESEQV2,3,GGAACAATCGTCAA,marker_learned_neighborhood,context_harm,Interneurons,Interneurons,Astrocytes,0.1540386561713197,0.1439309934333248,0.0048507794755343,0.0014190308685445,-0.010107662737994905,-0.0034317486069897997,consistent;low_margin,consistent;low_margin
SQUIDPY_VISIUM_FLUO,1,TCAGACGCTATAGAAG-1,marker_learned_neighborhood,context_harm,Hypothalamus_1,Hypothalamus_1,Thalamus_2,0.4668557148162753,0.7266092891256778,0.1987301389427178,0.5938435003315445,0.2597535743094025,0.39511336138882674,consistent,marker_conflict
SQUIDPY_VISIUM_FLUO,5,GAGTGTCAACCAGAAA-1,marker_learned_neighborhood,context_harm,Hypothalamus_1,Hypothalamus_1,Hypothalamus_2,0.5782755292039666,0.7469685522187072,0.2107909211298876,0.5372424946919945,0.16869302301474054,0.32645157356210686,consistent,marker_conflict
SQUIDPY_VISIUM_FLUO,5,CTAGTAGAAAGGGATT-1,marker_learned_neighborhood,context_harm,Hypothalamus_1,Hypothalamus_1,Hypothalamus_2,0.4758464171929509,0.7466497189881229,0.0038107188279362,0.529434140492838,0.27080330179517204,0.5256234216649018,consistent;low_margin,consistent
SQUIDPY_VISIUM_FLUO,1,ACTCCCTAGAATAGTA-1,marker_learned_neighborhood,context_harm,Hypothalamus_1,Hypothalamus_1,Thalamus_2,0.335491313471267,0.6768083643454568,0.0229587262739879,0.5190922032186546,0.3413170508741898,0.4961334769446667,consistent;low_margin,consistent
SQUIDPY_VISIUM_FLUO,4,GCAGACCCAGCACGTA-1,marker_learned_neighborhood,context_harm,Fiber_tracts,Fiber_tracts,Thalamus_2,0.617083990159689,0.643952946544119,0.4530759527615078,0.4863621739039149,0.026868956384430098,0.03328622114240709,consistent,marker_conflict
SQUIDPY_VISIUM_FLUO,4,TTACGGATGGTTCGAG-1,marker_learned_neighborhood,context_harm,Thalamus_1,Thalamus_1,Thalamus_2,0.5035191909049548,0.7000072516642112,0.1214547283389527,0.449311928383971,0.1964880607592564,0.3278572000450183,consistent,marker_conflict
SQUIDPY_VISIUM_FLUO,4,ATAGTTCCACCCACTC-1,marker_learned_neighborhood,context_harm,Fiber_tracts,Fiber_tracts,Thalamus_2,0.7285663572757624,0.6135743592457128,0.6294471022323225,0.4096047757844525,-0.11499199803004956,-0.21984232644787,consistent,marker_conflict
SQUIDPY_VISIUM_FLUO,5,ATTGCCTTTATGTTTG-1,marker_learned_neighborhood,context_harm,Hypothalamus_1,Hypothalamus_1,Hypothalamus_2,0.6836731051608891,0.6528437047593383,0.4489470620462956,0.382445607702216,-0.0308294004015508,-0.06650145434407961,consistent,marker_conflict
SQUIDPY_VISIUM_FLUO,1,ACTCTCTGACTTAGGT-1,marker_learned_neighborhood,context_rescue,Thalamus_1,Thalamus_2,Thalamus_1,0.412223531785901,0.8573727664576125,0.09380194822504,0.7173234983790215,0.4451492346717115,0.6235215501539816,consistent,marker_conflict
SQUIDPY_VISIUM_FLUO,1,GTTTGGCCCAAGTTAT-1,marker_learned_neighborhood,context_rescue,Thalamus_1,Thalamus_2,Thalamus_1,0.5140027720174478,0.8356050310216604,0.0869473950113277,0.6724554036490973,0.3216022590042126,0.5855080086377695,consistent,marker_conflict
SQUIDPY_VISIUM_FLUO,1,GAGATCTTCCATGACA-1,marker_learned_neighborhood,context_rescue,Thalamus_1,Thalamus_2,Thalamus_1,0.3555027505378819,0.8208659862875932,0.0066691105010893,0.646817883705475,0.46536323574971133,0.6401487732043857,consistent;low_margin,consistent
SQUIDPY_VISIUM_FLUO,1,GTGTTACTATGCGTCC-1,marker_learned_neighborhood,context_rescue,Thalamus_1,Thalamus_2,Thalamus_1,0.6094705575506236,0.7958519095734111,0.345590217669435,0.5935891973631692,0.1863813520227875,0.2479989796937342,consistent,marker_conflict
SQUIDPY_VISIUM_FLUO,1,CGTTGAGCGACCGTCG-1,marker_learned_neighborhood,context_rescue,Thalamus_1,Thalamus_2,Thalamus_1,0.5027541704780883,0.7578358706268975,0.1891900496231315,0.5202501715449059,0.25508170014880915,0.3310601219217745,consistent,marker_conflict
SQUIDPY_VISIUM_FLUO,1,CTGTGCAGGGTAGGTC-1,marker_learned_neighborhood,context_rescue,Thalamus_1,Hypothalamus_1,Thalamus_1,0.2408934461491365,0.6905331714121945,0.0094360456718486,0.4180844297077181,0.449639725263058,0.4086483840358695,consistent;low_margin,consistent
SQUIDPY_VISIUM_FLUO,5,CCGTTACGTTAGAACA-1,marker_learned_neighborhood,context_rescue,Hippocampus,Thalamus_1,Hippocampus,0.2558111794036827,0.4520252490642238,0.0442114839569668,0.3169533124230503,0.1962140696605411,0.2727418284660835,consistent;low_margin,consistent
SQUIDPY_VISIUM_FLUO,1,CATGGTAAGTAGCGTT-1,marker_learned_neighborhood,context_rescue,Thalamus_1,Thalamus_2,Thalamus_1,0.5717147917604363,0.6504074149172514,0.3230371617502402,0.3071112194328483,0.07869262315681513,-0.015925942317391917,consistent,marker_conflict
SQUIDPY_VISIUM_FLUO,1,CACTCGAGCTGAACAA-1,marker_learned_neighborhood,changed_but_still_wrong,Hypothalamus_1,Hypothalamus_2,Thalamus_2,0.3374989575744534,0.7099979342081828,0.099732280348051,0.5404830626471746,0.3724989766337294,0.4407507822991236,consistent,marker_conflict
SQUIDPY_VISIUM_FLUO,1,ACGTTAATGTCGAAGA-1,marker_learned_neighborhood,changed_but_still_wrong,Fiber_tracts,Lateral_ventricle,Thalamus_2,0.5091808776198572,0.6522403674157956,0.152181863751135,0.437846501165047,0.1430594897959384,0.285664637413912,consistent,marker_conflict;learned_neighborhood_conflict
SQUIDPY_VISIUM_FLUO,1,ATGTGGACATCTTGAT-1,marker_learned_neighborhood,changed_but_still_wrong,Hypothalamus_1,Hypothalamus_2,Thalamus_2,0.521744617290894,0.5759396830965584,0.2105206119710039,0.3913322057090624,0.054195065805664355,0.1808115937380585,consistent,marker_conflict
SQUIDPY_VISIUM_FLUO,1,CCGAACCTTCCCGGCC-1,marker_learned_neighborhood,changed_but_still_wrong,Hypothalamus_1,Hypothalamus_2,Thalamus_2,0.4366650936629705,0.5807545265555101,0.0817664370725458,0.3494097168293401,0.14408943289253956,0.26764327975679425,consistent,marker_conflict
SQUIDPY_VISIUM_FLUO,5,TTGCGTGTGTAGGCAT-1,marker_learned_neighborhood,changed_but_still_wrong,Cortex_2,Hypothalamus_1,Hypothalamus_2,0.5561398613185113,0.6294396911637593,0.3056309536686727,0.3287137008465715,0.07329982984524797,0.023082747177898766,consistent,marker_conflict
SQUIDPY_VISIUM_FLUO,1,CTCTATTTGGCTGCAG-1,marker_learned_neighborhood,changed_but_still_wrong,Hypothalamus_1,Hypothalamus_2,Thalamus_2,0.3245193319442451,0.4946229263018366,0.149510602701494,0.2789726350280707,0.17010359435759148,0.1294620323265767,consistent,marker_conflict
SQUIDPY_VISIUM_FLUO,1,TGACTATAATCCTTTC-1,marker_learned_neighborhood,changed_but_still_wrong,Fiber_tracts,Hypothalamus_2,Thalamus_2,0.378978359487338,0.5060017036785179,0.0401337297062717,0.2678676086176517,0.12702334419117994,0.22773387891137997,consistent;low_margin,consistent
SQUIDPY_VISIUM_FLUO,1,GTACGTTTGCCCGTCA-1,marker_learned_neighborhood,changed_but_still_wrong,Fiber_tracts,Hypothalamus_2,Thalamus_2,0.4829419192786949,0.4243996471895528,0.1431004687537895,0.2329168716546111,-0.05854227208914209,0.0898164029008216,consistent,marker_conflict
SQUIDPY_VISIUM_HNE,1,AACAACTGGTAGTTGC-1,marker_learned_neighborhood,changed_but_still_wrong,Hypothalamus_2,Fiber_tract,Thalamus_1,0.2297272995397037,0.2782939286565766,0.0130688490727285,0.106206620439726,0.0485666291168729,0.0931377713669975,consistent;low_margin,consistent
SQUIDPY_VISIUM_HNE,1,TACGCCATATTCTAAT-1,marker_learned_neighborhood,changed_but_still_wrong,Hypothalamus_2,Fiber_tract,Thalamus_2,0.2474022992157845,0.2677092049100233,0.0473055957842762,0.0945906423584096,0.02030690569423882,0.0472850465741334,consistent;low_margin,consistent
SQUIDPY_VISIUM_HNE,1,AGGCCACCCGTTATGA-1,marker_learned_neighborhood,changed_but_still_wrong,Hypothalamus_2,Lateral_ventricle,Thalamus_2,0.1967372619150272,0.2009173959511923,0.0293531142839043,0.0485054143209518,0.004180134036165101,0.019152300037047498,consistent;low_margin,consistent;low_margin
SQUIDPY_VISIUM_HNE,3,ACTACGCGTTAGAATT-1,marker_learned_neighborhood,changed_but_still_wrong,Striatum,Thalamus_2,Hypothalamus_1,0.3310535724381485,0.3588931667869398,0.0072197202261142,0.0385877453849463,0.027839594348791297,0.031368025158832094,consistent;low_margin,consistent;low_margin
SQUIDPY_VISIUM_HNE,3,TTACCCTAGGGATTGG-1,marker_learned_neighborhood,changed_but_still_wrong,Striatum,Thalamus_2,Hypothalamus_1,0.3567681722231037,0.3803683918082549,0.0034518114663684,0.0359798000667958,0.023600219585151183,0.032527988600427396,consistent;low_margin,consistent;low_margin
SQUIDPY_VISIUM_HNE,1,CGTGTCCCATTCGCGA-1,marker_learned_neighborhood,changed_but_still_wrong,Hippocampus,Lateral_ventricle,Thalamus_2,0.1893313191305504,0.1691044005326032,0.0520533616442322,0.0269605047954972,-0.020226918597947202,-0.025092856848735003,consistent;low_margin,marker_conflict;learned_neighborhood_conflict;low_margin
SQUIDPY_VISIUM_HNE,5,AATACAATGTTTCAGG-1,marker_learned_neighborhood,changed_but_still_wrong,Hippocampus,Cortex_1,Pyramidal_layer,0.1498735638449533,0.1550486561643816,0.0314615772916562,0.0267970036865566,0.005175092319428309,-0.004664573605099597,consistent;low_margin,consistent;low_margin
SQUIDPY_VISIUM_HNE,2,GGGACTGCATAGATAG-1,marker_learned_neighborhood,changed_but_still_wrong,Hypothalamus_2,Fiber_tract,Thalamus_1,0.20590500035405,0.2126618609384248,0.0082746561662608,0.0253585908729491,0.006756860584374802,0.0170839347066883,consistent;low_margin,consistent;low_margin
SQUIDPY_VISIUM_HNE,5,AGCTGAAGTAAACCAA-1,marker_learned_neighborhood,context_rescue,Cortex_1,Cortex_3,Cortex_1,0.248878389392245,0.4192284092489922,0.0029789225045991,0.2307340092678176,0.1703500198567472,0.22775508676321848,consistent;low_margin,consistent
SQUIDPY_VISIUM_HNE,5,CGGTCTATCAACCCGT-1,marker_learned_neighborhood,context_rescue,Cortex_1,Cortex_3,Cortex_1,0.2738138637293734,0.4173667068368186,0.0223186764515955,0.1999157731385137,0.1435528431074452,0.1775970966869182,consistent;low_margin,consistent
SQUIDPY_VISIUM_HNE,5,ATCACATTAGAATATC-1,marker_learned_neighborhood,context_rescue,Cortex_1,Cortex_3,Cortex_1,0.254504640478301,0.3682128005841709,0.0624531248946896,0.1961282338234806,0.11370816010586987,0.133675108928791,consistent;low_margin,marker_conflict
SQUIDPY_VISIUM_HNE,5,TCATGCAGGTTCTCAT-1,marker_learned_neighborhood,context_rescue,Cortex_1,Cortex_3,Cortex_1,0.2761670835067752,0.4145750226930592,0.0298952933616142,0.1916548890342654,0.13840793918628397,0.1617595956726512,consistent;low_margin,consistent
SQUIDPY_VISIUM_HNE,5,GCTCGGAATTTAAAGC-1,marker_learned_neighborhood,context_rescue,Cortex_1,Cortex_3,Cortex_1,0.2874420929163528,0.3753824387686109,0.0978065296257539,0.1851812288925033,0.08794034585225807,0.0873746992667494,consistent,marker_conflict
SQUIDPY_VISIUM_HNE,5,GGCATATCGGTTCTGC-1,marker_learned_neighborhood,context_rescue,Cortex_1,Cortex_3,Cortex_1,0.2328188062729042,0.406915087404181,0.0037359747668635,0.1759640726119118,0.1740962811312768,0.1722280978450483,consistent;low_margin,consistent
SQUIDPY_VISIUM_HNE,5,ATGCCGGTTGATGGGA-1,marker_learned_neighborhood,context_rescue,Cortex_1,Cortex_3,Cortex_1,0.261761739124445,0.3851353088058582,0.0479221107804795,0.1752158226359113,0.12337356968141322,0.12729371185543178,consistent;low_margin,consistent
SQUIDPY_VISIUM_HNE,5,ATTATACTTTGCTCGT-1,marker_learned_neighborhood,context_rescue,Cortex_1,Cortex_3,Cortex_1,0.2259714605331591,0.3730252907561427,0.0244803325763469,0.1742648342531332,0.1470538302229836,0.14978450167678628,consistent;low_margin,consistent
SQUIDPY_VISIUM_HNE,5,CCACGAGAAGAGAATC-1,marker_learned_neighborhood,context_harm,Cortex_3,Cortex_3,Cortex_1,0.3058476999618534,0.4323283046768307,0.0693179340502586,0.2482694481302705,0.1264806047149773,0.1789515140800119,consistent;low_margin,marker_conflict
SQUIDPY_VISIUM_HNE,5,TTAATCAGTACGTCAG-1,marker_learned_neighborhood,context_harm,Cortex_3,Cortex_3,Cortex_1,0.35462156794126,0.4038183767841135,0.1400255292451406,0.1923156734994284,0.04919680884285349,0.052290144254287796,consistent,marker_conflict
SQUIDPY_VISIUM_HNE,5,CCTCGCCAGCAAATTA-1,marker_learned_neighborhood,context_harm,Cortex_3,Cortex_3,Cortex_1,0.1828921195882742,0.3547970456287885,0.0069375859544979,0.1737518100241765,0.1719049260405143,0.1668142240696786,consistent;low_margin,consistent
SQUIDPY_VISIUM_HNE,5,CTGTCAAATGGCTCGG-1,marker_learned_neighborhood,context_harm,Cortex_3,Cortex_3,Cortex_1,0.3830423570655973,0.4263546032883399,0.1497754713836206,0.1735954771240717,0.0433122462227426,0.023820005740451095,consistent,marker_conflict
SQUIDPY_VISIUM_HNE,5,ACGCCAGATGATTTCT-1,marker_learned_neighborhood,context_harm,Cortex_3,Cortex_3,Cortex_1,0.3534689471265937,0.3950473424839412,0.1545863992181896,0.1619342229653505,0.041578395357347475,0.00734782374716092,consistent,marker_conflict
SQUIDPY_VISIUM_HNE,5,CACCTTGCGAAACTCG-1,marker_learned_neighborhood,context_harm,Cortex_3,Cortex_3,Cortex_1,0.3895499558256172,0.4056984349366637,0.1687742004903028,0.147342721321745,0.0161484791110465,-0.02143147916855781,consistent,marker_conflict
SQUIDPY_VISIUM_HNE,5,AGCCACTCCCGTGCTT-1,marker_learned_neighborhood,context_harm,Cortex_3,Cortex_3,Cortex_1,0.3004543898486634,0.3585062065321709,0.1134753251874947,0.1324585350249726,0.05805181668350751,0.018983209837477893,consistent,marker_conflict
SQUIDPY_VISIUM_HNE,3,CTCGTTACGGCTACCA-1,marker_learned_neighborhood,context_harm,Lateral_ventricle,Lateral_ventricle,Hypothalamus_1,0.2805051485641322,0.3371445604161001,0.0590951831736498,0.124296281939991,0.05663941185196786,0.0652010987663412,consistent;low_margin,marker_conflict
GEO_GSE240015_VISIUM_THYMUS_DOMAIN,1,d0_02mo::CTCAACTAACCCGGAT-1,reference_profile_learned_neighborhood,context_harm,d0_02mo::leiden_1.0_1,d0_02mo::leiden_1.0_1,d0_18mo::leiden_1.0_3,0.3283497747354311,0.8237944263457552,0.0722620344036717,0.7826297448994493,0.4954446516103241,0.7103677104957775,consistent;low_margin,consistent
GEO_GSE240015_VISIUM_THYMUS_DOMAIN,1,d0_02mo::ATAATCTTGGAGAACC-1,reference_profile_learned_neighborhood,context_harm,d0_02mo::leiden_1.0_1,d0_02mo::leiden_1.0_1,d0_18mo::leiden_1.0_3,0.3774664532355725,0.8130660749100695,0.0287909498469324,0.7750329452282507,0.43559962167449706,0.7462419953813183,consistent;low_margin,consistent
GEO_GSE240015_VISIUM_THYMUS_DOMAIN,1,d0_02mo::AGGCGGTTTGTCCCGC-1,reference_profile_learned_neighborhood,context_harm,d0_02mo::leiden_1.0_1,d0_02mo::leiden_1.0_1,d0_18mo::leiden_1.0_3,0.327451370890261,0.8071349102465779,0.0433441183089555,0.7592684604446168,0.4796835393563169,0.7159243421356614,consistent;low_margin,consistent
GEO_GSE240015_VISIUM_THYMUS_DOMAIN,1,d0_02mo::TTGTGCAGCCACGTCA-1,reference_profile_learned_neighborhood,context_harm,d0_02mo::leiden_1.0_1,d0_02mo::leiden_1.0_1,d0_18mo::leiden_1.0_3,0.323285190168565,0.8170504925854464,0.0269102790686494,0.7576938163223472,0.4937653024168814,0.7307835372536978,consistent;low_margin,consistent
GEO_GSE240015_VISIUM_THYMUS_DOMAIN,1,d0_02mo::AAGCACCCTGCGTATC-1,reference_profile_learned_neighborhood,context_harm,d0_02mo::leiden_1.0_1,d0_02mo::leiden_1.0_1,d0_18mo::leiden_1.0_3,0.326410615042544,0.7960279616388711,0.0476855010517072,0.749586542021292,0.46961734659632715,0.7019010409695848,consistent;low_margin,consistent
GEO_GSE240015_VISIUM_THYMUS_DOMAIN,1,d0_02mo::GCTGAGCAACGGTTCT-1,reference_profile_learned_neighborhood,context_harm,d0_02mo::leiden_1.0_1,d0_02mo::leiden_1.0_1,d0_18mo::leiden_1.0_3,0.4537403850449649,0.8003150392114866,0.1308578260898952,0.7379069561852902,0.3465746541665217,0.6070491300953951,consistent,consistent
GEO_GSE240015_VISIUM_THYMUS_DOMAIN,1,d0_02mo::GTAGTCTACGATATTG-1,reference_profile_learned_neighborhood,context_harm,d0_02mo::leiden_1.0_1,d0_02mo::leiden_1.0_1,d0_18mo::leiden_1.0_3,0.3221151170204458,0.774142360540471,0.0102485563416102,0.7213194947220803,0.4520272435200252,0.7110709383804702,consistent;low_margin,consistent
GEO_GSE240015_VISIUM_THYMUS_DOMAIN,1,d0_02mo::AGCTAAGTACGCAGGC-1,reference_profile_learned_neighborhood,context_harm,d0_02mo::leiden_1.0_1,d0_02mo::leiden_1.0_1,d0_18mo::leiden_1.0_3,0.443404936856683,0.7483836540684001,0.1664533903735975,0.6876766263013122,0.30497871721171715,0.5212232359277147,consistent,consistent
GEO_GSE240015_VISIUM_THYMUS_DOMAIN,1,d0_02mo::TGGACCAATCTAAGAT-1,reference_profile_learned_neighborhood,changed_but_still_wrong,d0_02mo::leiden_1.0_1,d0_18mo::leiden_1.0_4,d0_18mo::leiden_1.0_3,0.3554187940634294,0.7929661298777387,0.0347456600653177,0.7354386376858866,0.4375473358143093,0.7006929776205689,consistent;low_margin,consistent
GEO_GSE240015_VISIUM_THYMUS_DOMAIN,1,d0_02mo::CGCAATTCTACAATAA-1,reference_profile_learned_neighborhood,changed_but_still_wrong,d0_02mo::leiden_1.0_1,d0_18mo::leiden_1.0_6,d0_18mo::leiden_1.0_3,0.3195063018137855,0.7548671254006126,0.0197645776886444,0.6471917655242465,0.43536082358682715,0.6274271878356021,consistent;low_margin,consistent
GEO_GSE240015_VISIUM_THYMUS_DOMAIN,1,d0_02mo::TCTTACGGCATCCGAC-1,reference_profile_learned_neighborhood,changed_but_still_wrong,d0_02mo::leiden_1.0_1,d0_18mo::leiden_1.0_4,d0_18mo::leiden_1.0_3,0.3254205727253061,0.7124416078057023,0.0665527613136959,0.5902950740554921,0.3870210350803962,0.5237423127417962,consistent;low_margin,consistent
GEO_GSE240015_VISIUM_THYMUS_DOMAIN,4,d0_18mo::ATGTGGACATCTTGAT-1,reference_profile_learned_neighborhood,changed_but_still_wrong,d0_18mo::leiden_1.0_1,d0_18mo::leiden_1.0_6,d0_18mo::leiden_1.0_3,0.2697348677042869,0.6492146681433966,0.0077928676962257,0.567835688167721,0.37947980043910967,0.5600428204714953,consistent;low_margin,consistent
GEO_GSE240015_VISIUM_THYMUS_DOMAIN,1,d0_02mo::GACATACTGTCGCAGA-1,reference_profile_learned_neighborhood,changed_but_still_wrong,d0_02mo::leiden_1.0_1,d0_18mo::leiden_1.0_6,d0_18mo::leiden_1.0_3,0.3432999273101518,0.6730853839234313,0.0681750533654079,0.5266689675677878,0.3297854566132795,0.4584939142023799,consistent;low_margin,consistent
GEO_GSE240015_VISIUM_THYMUS_DOMAIN,1,d0_02mo::GTCGTACCTACGATTG-1,reference_profile_learned_neighborhood,changed_but_still_wrong,d0_02mo::leiden_1.0_1,d0_18mo::leiden_1.0_4,d0_18mo::leiden_1.0_3,0.3327351578353641,0.5945183024888979,0.0095762185371408,0.5221054300240128,0.2617831446535338,0.512529211486872,consistent;low_margin,consistent
GEO_GSE240015_VISIUM_THYMUS_DOMAIN,1,d0_02mo::GGGAAGGGCTTTCTCA-1,reference_profile_learned_neighborhood,changed_but_still_wrong,d0_02mo::leiden_1.0_1,d0_18mo::leiden_1.0_4,d0_18mo::leiden_1.0_3,0.4550598653752235,0.5884505268936995,0.2258419207943875,0.4985015820784517,0.13339066151847595,0.27265966128406416,consistent,consistent
GEO_GSE240015_VISIUM_THYMUS_DOMAIN,4,d0_18mo::TTGCTGAAGGAACCAC-1,reference_profile_learned_neighborhood,changed_but_still_wrong,d0_18mo::leiden_1.0_4,d0_02mo::leiden_1.0_1,d0_18mo::leiden_1.0_3,0.3210053356391473,0.5708599661539191,0.0133127537842517,0.47666631054027,0.2498546305147718,0.4633535567560183,consistent;low_margin,consistent
GEO_GSE240015_VISIUM_THYMUS_DOMAIN,5,d0_02mo::TCGCTAAACCGCTATC-1,reference_profile_learned_neighborhood,context_rescue,d0_02mo::leiden_1.0_1,d0_18mo::leiden_1.0_4,d0_02mo::leiden_1.0_1,0.5112257105238351,0.7404412989153056,0.0790010703346864,0.676829747156475,0.2292155883914705,0.5978286768217886,consistent;low_margin,consistent
GEO_GSE240015_VISIUM_THYMUS_DOMAIN,5,d0_02mo::GGAAAGTGCCCATGCC-1,reference_profile_learned_neighborhood,context_rescue,d0_02mo::leiden_1.0_1,d0_18mo::leiden_1.0_3,d0_02mo::leiden_1.0_1,0.4871021304680372,0.7582819409299029,0.1506261500189926,0.6415463662073482,0.2711798104618657,0.4909202161883556,consistent,consistent
GEO_GSE240015_VISIUM_THYMUS_DOMAIN,4,d0_18mo::TGAGAATGCTTTACCG-1,reference_profile_learned_neighborhood,context_rescue,d0_18mo::leiden_1.0_3,d0_02mo::leiden_1.0_1,d0_18mo::leiden_1.0_3,0.4281758983458519,0.7245693963616499,0.1849790223189154,0.6393292343516798,0.29639349801579795,0.4543502120327644,consistent,consistent
GEO_GSE240015_VISIUM_THYMUS_DOMAIN,5,d0_02mo::ATCGGCAAGCAGTCCA-1,reference_profile_learned_neighborhood,context_rescue,d0_02mo::leiden_1.0_1,d0_18mo::leiden_1.0_4,d0_02mo::leiden_1.0_1,0.4372011948015677,0.7190665277715794,0.0730816476404736,0.6371982105569192,0.2818653329700117,0.5641165629164455,consistent;low_margin,consistent
GEO_GSE240015_VISIUM_THYMUS_DOMAIN,4,d0_18mo::TTACTCCGGCCGGGAA-1,reference_profile_learned_neighborhood,context_rescue,d0_18mo::leiden_1.0_3,d0_02mo::leiden_1.0_1,d0_18mo::leiden_1.0_3,0.3010357091831763,0.7124360519554267,0.0669538871836399,0.6250590913055312,0.4114003427722504,0.5581052041218912,consistent;low_margin,consistent
GEO_GSE240015_VISIUM_THYMUS_DOMAIN,4,d0_18mo::TATTTAGTCTAGATCG-1,reference_profile_learned_neighborhood,context_rescue,d0_18mo::leiden_1.0_3,d0_18mo::leiden_1.0_6,d0_18mo::leiden_1.0_3,0.3224180705903013,0.6882442436767621,0.0946285448382785,0.6249517511082959,0.36582617308646076,0.5303232062700174,consistent,consistent
GEO_GSE240015_VISIUM_THYMUS_DOMAIN,4,d0_18mo::TTGGATTGGGTACCAC-1,reference_profile_learned_neighborhood,context_rescue,d0_18mo::leiden_1.0_3,d0_02mo::leiden_1.0_1,d0_18mo::leiden_1.0_3,0.4541242176510345,0.7079683674259145,0.1940654428383639,0.6186721880780568,0.25384414977488,0.4246067452396929,consistent,consistent
GEO_GSE240015_VISIUM_THYMUS_DOMAIN,4,d0_18mo::GGGAGTTAATGAGGCG-1,reference_profile_learned_neighborhood,context_rescue,d0_18mo::leiden_1.0_3,d0_02mo::leiden_1.0_1,d0_18mo::leiden_1.0_3,0.3061784314903086,0.692318334736643,0.0525111675844209,0.5910707513448925,0.38613990324633435,0.5385595837604716,consistent;low_margin,consistent
GEO_GSE284005_MERSCOPE_MS,5,ms12r1_1705282100042100053,reference_profile_learned_neighborhood,changed_but_still_wrong,Micro VEGFA,Micro SPP1,Micro IL1B,0.3017527487740804,0.9470431322100228,0.0544517571667995,0.9304955230613012,0.6452903834359424,0.8760437658945017,consistent;low_margin,consistent
GEO_GSE284005_MERSCOPE_MS,5,ms4r1_4486557600025100296,reference_profile_learned_neighborhood,changed_but_still_wrong,Micro Homeo,Micro Stress,Micro IL1B,0.2833575869274236,0.931432461393924,0.0654963735223661,0.8985207291989323,0.6480748744665004,0.8330243556765662,consistent;low_margin,consistent
GEO_GSE284005_MERSCOPE_MS,1,ms8r0_1158060700219100254,reference_profile_learned_neighborhood,changed_but_still_wrong,Micro Homeo,Micro SPP1,Micro Foamy,0.2476386910905922,0.9155463048551536,0.0300759104416209,0.8953170263858177,0.6679076137645614,0.8652411159441967,consistent;low_margin,consistent
GEO_GSE284005_MERSCOPE_MS,1,ms6r1_4527009402506100003,reference_profile_learned_neighborhood,changed_but_still_wrong,Micro Stress,Micro SPP1,Micro Foamy,0.3506744144176302,0.91059185620773,0.1919181956990303,0.8905603380968957,0.5599174417900998,0.6986421423978655,consistent,consistent
GEO_GSE284005_MERSCOPE_MS,5,ms12r1_1705282100037100148,reference_profile_learned_neighborhood,changed_but_still_wrong,Micro SPP1,Micro Homeo,Micro IL1B,0.3890400595268967,0.9129378179943024,0.1939171710303989,0.8805422702063117,0.5238977584674057,0.6866250991759129,consistent,consistent
GEO_GSE284005_MERSCOPE_MS,3,ms6r0_4527008702707100021,reference_profile_learned_neighborhood,changed_but_still_wrong,COP,OPC,DAOPC,0.5261541603458483,0.888929604902165,0.1037984143735223,0.849264813549745,0.3627754445563167,0.7454663991762227,consistent,learned_neighborhood_conflict
GEO_GSE284005_MERSCOPE_MS,2,ms10r0_1454334000179100427,reference_profile_learned_neighborhood,changed_but_still_wrong,Micro Homeo,Micro Stress,Micro IL1B,0.5902295571107019,0.8888512120930069,0.3409279671404852,0.8464161730859064,0.298621654982305,0.5054882059454213,consistent,learned_neighborhood_conflict
GEO_GSE284005_MERSCOPE_MS,1,ms16r1_1915492200105100206,reference_profile_learned_neighborhood,changed_but_still_wrong,Micro VEGFA,Micro SPP1,Micro Foamy,0.3744231080845099,0.8664448503293297,0.1818971502574103,0.8347866750738849,0.4920217422448198,0.6528895248164747,consistent,consistent
GEO_GSE284005_MERSCOPE_MS,2,ms11r1_1546636600074100221,reference_profile_learned_neighborhood,context_rescue,DAOPC,OPC,DAOPC,0.8231557623204192,0.9742401037853224,0.649428258646297,0.953921614983798,0.15108434146490324,0.30449335633750096,consistent,consistent
GEO_GSE284005_MERSCOPE_MS,2,ms11r1_1546636600147100551,reference_profile_learned_neighborhood,context_rescue,DAOPC,OPC,DAOPC,0.8296777917404192,0.9550230350051684,0.6737786756357187,0.9279195717767076,0.12534524326474916,0.2541408961409889,consistent,consistent
GEO_GSE284005_MERSCOPE_MS,2,ms11r1_1546636600161100173,reference_profile_learned_neighborhood,context_rescue,DAOPC,OPC,DAOPC,0.8361682744055499,0.9589229109809876,0.6897515834278085,0.9271392844051726,0.12275463657543773,0.23738770097736406,consistent,consistent
GEO_GSE284005_MERSCOPE_MS,2,ms11r1_1546636600107100835,reference_profile_learned_neighborhood,context_rescue,DAOPC,OPC,DAOPC,0.9386774421571054,0.9562555682465608,0.8780268774680549,0.9258852901582464,0.017578126089455415,0.04785841269019153,consistent,learned_neighborhood_conflict
GEO_GSE284005_MERSCOPE_MS,2,ms11r1_1546636600090100145,reference_profile_learned_neighborhood,context_rescue,DAOPC,OPC,DAOPC,0.7272080807439623,0.9543494344608529,0.5013963462386424,0.9194827391597796,0.2271413537168906,0.41808639292113725,consistent,consistent
GEO_GSE284005_MERSCOPE_MS,2,ms10r0_1454334000042100070,reference_profile_learned_neighborhood,context_rescue,DAOPC,OPC,DAOPC,0.794166266215744,0.9462915334690184,0.5985488034402773,0.9120002380831188,0.15212526725327435,0.31345143464284153,consistent,consistent
GEO_GSE284005_MERSCOPE_MS,3,ms6r0_4527008702504100012,reference_profile_learned_neighborhood,context_rescue,DAOPC,OPC,DAOPC,0.8362299518245339,0.9139390976429502,0.6992276890181505,0.8870006756567327,0.07770914581841637,0.18777298663858222,consistent,learned_neighborhood_conflict
GEO_GSE284005_MERSCOPE_MS,3,ms6r0_4527008702511100012,reference_profile_learned_neighborhood,context_rescue,DAOPC,OPC,DAOPC,0.8019463389261299,0.913806778828782,0.6299027410437146,0.8857251772627254,0.11186043990265215,0.2558224362190108,consistent,learned_neighborhood_conflict
GEO_GSE284005_MERSCOPE_MS,4,ms1r1_4318552600080100403,reference_profile_learned_neighborhood,context_harm,OPC,OPC,DAOPC,0.4889115657905352,0.9677145246596376,0.0708777076885723,0.9503715591673424,0.4788029588691024,0.8794938514787701,consistent;low_margin,consistent
GEO_GSE284005_MERSCOPE_MS,2,ms11r1_1546636600091100378,reference_profile_learned_neighborhood,context_harm,OPC,OPC,DAOPC,0.8964879688065392,0.963813523707882,0.7966490590999925,0.9391024016822548,0.06732555490134273,0.14245334258226228,consistent,learned_neighborhood_conflict
GEO_GSE284005_MERSCOPE_MS,2,ms11r1_1546636600055101960,reference_profile_learned_neighborhood,context_harm,OPC,OPC,DAOPC,0.936622400665214,0.9651031195540224,0.8736105830706988,0.938359249823418,0.02848071888880843,0.06474866675271918,consistent,consistent
GEO_GSE284005_MERSCOPE_MS,4,ms1r1_4318552600094100245,reference_profile_learned_neighborhood,context_harm,COP,COP,DAOPC,0.89803065319739,0.9436083237347188,0.8428040329696129,0.9142259985416912,0.04557767053732886,0.07142196557207825,consistent,learned_neighborhood_conflict
GEO_GSE284005_MERSCOPE_MS,2,ms10r0_1454334000058100134,reference_profile_learned_neighborhood,context_harm,OPC,OPC,DAOPC,0.9209009337448352,0.9548210773823306,0.8435958228353351,0.9122076150146644,0.033920143637495404,0.06861179217932933,consistent,consistent
GEO_GSE284005_MERSCOPE_MS,2,ms11r1_1546636600036100487,reference_profile_learned_neighborhood,context_harm,OPC,OPC,DAOPC,0.8366170143863503,0.949686448554495,0.6942316599883949,0.9120596517474362,0.11306943416814474,0.21782799175904133,consistent,consistent
GEO_GSE284005_MERSCOPE_MS,4,ms1r1_4318552600104100105,reference_profile_learned_neighborhood,context_harm,COP,COP,DAOPC,0.9350361022122702,0.935810652802576,0.9018466503877556,0.9043720469664644,0.0007745505903058447,0.0025253965787088717,consistent,consistent
GEO_GSE284005_MERSCOPE_MS,4,ms1r1_4318552600139100518,reference_profile_learned_neighborhood,context_harm,COP,COP,DAOPC,0.9828328608366472,0.9382482642043884,0.9724319033959212,0.902763312067654,-0.04458459663225878,-0.0696685913282672,consistent,consistent
GEO_GSE327581_COSMX_AD_BRAIN,2,GSM9661874_217Rand144_2L::46::223,reference_profile_learned_neighborhood,context_harm,Excitatory.neurons.hippocampal.CA3,Excitatory.neurons.hippocampal.CA3,Excitatory.neurons.hippocampal.CA2,0.9999999999982412,0.9998899939733532,0.9999999999964968,0.9998488554854736,-0.0001100060248879764,-0.00015114451102316018,consistent,learned_neighborhood_conflict
GEO_GSE327581_COSMX_AD_BRAIN,2,GSM9661874_217Rand144_2L::243::60,reference_profile_learned_neighborhood,context_harm,Excitatory.neurons.hippocampal.CA3,Excitatory.neurons.hippocampal.CA3,Excitatory.neurons.hippocampal.CA2,0.9999981735079132,0.9997101293681608,0.9999965644760332,0.999627048213599,-0.00028804413975236365,-0.00036951626243419966,consistent,consistent
GEO_GSE327581_COSMX_AD_BRAIN,2,GSM9661874_217Rand144_2L::46::212,reference_profile_learned_neighborhood,context_harm,Excitatory.neurons.hippocampal.CA3,Excitatory.neurons.hippocampal.CA3,Excitatory.neurons.hippocampal.CA2,0.9999999966851412,0.9997199363812938,0.9999999933764004,0.9996033886412192,-0.0002800603038474181,-0.0003966047351812163,consistent,learned_neighborhood_conflict
GEO_GSE327581_COSMX_AD_BRAIN,2,GSM9661874_217Rand144_2L::46::308,reference_profile_learned_neighborhood,context_harm,Excitatory.neurons.hippocampal.CA3,Excitatory.neurons.hippocampal.CA3,Excitatory.neurons.hippocampal.CA2,0.9999999935717035,0.9997262991344184,0.9999999871506744,0.9996023352837756,-0.00027369443728519904,-0.00039765186689877385,consistent,learned_neighborhood_conflict
GEO_GSE327581_COSMX_AD_BRAIN,2,GSM9661874_217Rand144_2L::59::22,reference_profile_learned_neighborhood,context_harm,Excitatory.neurons.hippocampal.CA3,Excitatory.neurons.hippocampal.CA3,Excitatory.neurons.hippocampal.CA2,0.9895540363730077,0.9984596251970324,0.9795603728762324,0.9980713572347828,0.008905588824024702,0.018510984358550364,consistent,learned_neighborhood_conflict
GEO_GSE327581_COSMX_AD_BRAIN,2,GSM9661874_217Rand144_2L::39::399,reference_profile_learned_neighborhood,context_harm,Dopaminergic.neurons,Dopaminergic.neurons,Inhibitory.neurons.habenula.hypothalamus,0.9999574981424204,0.9914492144265356,0.9999269641810375,0.9862587995488769,-0.008508283715884857,-0.013668164632160695,consistent,learned_neighborhood_conflict
GEO_GSE327581_COSMX_AD_BRAIN,2,GSM9661874_217Rand144_2L::32::334,reference_profile_learned_neighborhood,context_harm,Excitatory.neurons.hippocampal.CA1,Excitatory.neurons.hippocampal.CA1,Excitatory.neurons.hippocampal.CA2,0.9951072673255028,0.9871836882030408,0.9929596691903312,0.9830022981409432,-0.007923579122461999,-0.009957371049387986,consistent,learned_neighborhood_conflict
GEO_GSE327581_COSMX_AD_BRAIN,2,GSM9661874_217Rand144_2L::181::202,reference_profile_learned_neighborhood,context_harm,Excitatory.neurons.hippocampal.CA3,Excitatory.neurons.hippocampal.CA3,Excitatory.neurons.hippocampal.CA2,0.9681462646713812,0.979503302544198,0.939822283626956,0.9764520193475466,0.011357037872816833,0.036629735720590584,consistent,consistent
GEO_GSE327581_COSMX_AD_BRAIN,2,GSM9661874_217Rand144_2L::181::191,reference_profile_learned_neighborhood,changed_but_still_wrong,Excitatory.neurons.amygdala,Excitatory.neurons.hippocampal.CA3,Excitatory.neurons.hippocampal.CA2,0.9759317343014786,0.9354414756897242,0.9524198128658158,0.9272034088362132,-0.04049025861175437,-0.025216404029602568,consistent,learned_neighborhood_conflict
GEO_GSE327581_COSMX_AD_BRAIN,1,GSM9661875_367Rand215L::158::678,reference_profile_learned_neighborhood,changed_but_still_wrong,Olfactory.ensheathing.cells,Tanycytes,Astrocytes.Bergmann.glia,0.6653799035859943,0.9251180825364848,0.4265165999770942,0.9200869829036564,0.25973817895049045,0.49357038292656225,consistent,learned_neighborhood_conflict
GEO_GSE327581_COSMX_AD_BRAIN,2,GSM9661874_217Rand144_2L::44::84,reference_profile_learned_neighborhood,changed_but_still_wrong,Excitatory.neurons.hippocampal.CA1,Excitatory.neurons.hippocampal.CA3,Excitatory.neurons.hippocampal.CA2,0.5234318243692048,0.8899631123081014,0.3023488846635366,0.8629486375906745,0.36653128793889667,0.5605997529271379,consistent,learned_neighborhood_conflict
GEO_GSE327581_COSMX_AD_BRAIN,1,GSM9661875_367Rand215L::281::116,reference_profile_learned_neighborhood,changed_but_still_wrong,Olfactory.ensheathing.cells,Astrocytes.cortex.hippocampus,Astrocytes.Bergmann.glia,0.6366979230818448,0.8406491505142405,0.343239341407504,0.8269900458988398,0.2039512274323957,0.48375070449133584,consistent,consistent
GEO_GSE327581_COSMX_AD_BRAIN,1,GSM9661875_367Rand215L::179::179,reference_profile_learned_neighborhood,changed_but_still_wrong,Radial.glia,Astrocytes.cortex.hippocampus,Granule.neurons,0.9830365129371136,0.8326748610051353,0.9661994940683926,0.8073476465204625,-0.15036165193197826,-0.15885184754793003,consistent,consistent
GEO_GSE327581_COSMX_AD_BRAIN,1,GSM9661875_367Rand215L::258::90,reference_profile_learned_neighborhood,changed_but_still_wrong,Excitatory.neurons.amygdala,Excitatory.neurons.hippocampal.CA3,Excitatory.neurons.hippocampal.CA2,0.9980374054941756,0.823455782493362,0.997367758646719,0.7646576494606139,-0.1745816230008136,-0.23271010918610513,consistent,learned_neighborhood_conflict
GEO_GSE327581_COSMX_AD_BRAIN,1,GSM9661875_367Rand215L::238::104,reference_profile_learned_neighborhood,changed_but_still_wrong,Astrocytes.thalamus.hypothalamus,Astrocytes.cortex.hippocampus,Astrocytes.Bergmann.glia,0.8762103380833778,0.7590582844203088,0.8004722943126498,0.7422618537129034,-0.11715205366306902,-0.05821044059974634,consistent,consistent
GEO_GSE327581_COSMX_AD_BRAIN,1,GSM9661875_367Rand215L::268::300,reference_profile_learned_neighborhood,changed_but_still_wrong,Pericytes,Astrocytes.cortex.hippocampus,Astrocytes.Bergmann.glia,0.9049124038588852,0.7522497971428492,0.8123922706876057,0.7342414974518268,-0.15266260671603593,-0.0781507732357789,consistent,consistent
GEO_GSE327581_COSMX_AD_BRAIN,2,GSM9661874_217Rand144_2L::59::89,reference_profile_learned_neighborhood,context_rescue,Excitatory.neurons.hippocampal.CA2,Excitatory.neurons.hippocampal.CA3,Excitatory.neurons.hippocampal.CA2,0.8918338321037564,0.999990420086288,0.7836945301005982,0.9999872291799412,0.10815658798253158,0.216292699079343,consistent,learned_neighborhood_conflict
GEO_GSE327581_COSMX_AD_BRAIN,2,GSM9661874_217Rand144_2L::243::161,reference_profile_learned_neighborhood,context_rescue,Excitatory.neurons.hippocampal.CA2,Excitatory.neurons.hippocampal.CA3,Excitatory.neurons.hippocampal.CA2,0.9629751916768444,0.9999661519175448,0.9260563110389664,0.9999541337252262,0.036990960240700366,0.07389782268625988,consistent,learned_neighborhood_conflict
GEO_GSE327581_COSMX_AD_BRAIN,2,GSM9661874_217Rand144_2L::59::150,reference_profile_learned_neighborhood,context_rescue,Excitatory.neurons.hippocampal.CA2,Excitatory.neurons.hippocampal.CA3,Excitatory.neurons.hippocampal.CA2,0.9654739201535768,0.9998510074980136,0.931366894525129,0.9998109020836744,0.034377087344436785,0.0684440075585454,consistent,learned_neighborhood_conflict
GEO_GSE327581_COSMX_AD_BRAIN,2,GSM9661874_217Rand144_2L::243::62,reference_profile_learned_neighborhood,context_rescue,Excitatory.neurons.hippocampal.CA2,Excitatory.neurons.hippocampal.CA3,Excitatory.neurons.hippocampal.CA2,0.6906201629079315,0.9384663233350862,0.3992285166187868,0.9320344229043106,0.24784616042715468,0.5328059062855238,consistent,learned_neighborhood_conflict
GEO_GSE327581_COSMX_AD_BRAIN,1,GSM9661875_367Rand215L::179::332,reference_profile_learned_neighborhood,context_rescue,Granule.neurons,Excitatory.neurons.hippocampal.CA3,Granule.neurons,0.3216994119280128,0.9390163533653108,0.0552797648546744,0.9284344336676694,0.6173169414372979,0.873154668812995,consistent;low_margin,consistent
GEO_GSE327581_COSMX_AD_BRAIN,2,GSM9661874_217Rand144_2L::52::65,reference_profile_learned_neighborhood,context_rescue,Inhibitory.neurons.habenula.hypothalamus,Serotonergic.neurons,Inhibitory.neurons.habenula.hypothalamus,0.8051949133901601,0.9555815573755352,0.6133497347067747,0.9275244058020984,0.15038664398537505,0.3141746710953237,consistent,consistent
GEO_GSE327581_COSMX_AD_BRAIN,1,GSM9661875_367Rand215L::53::121,reference_profile_learned_neighborhood,context_rescue,Excitatory.neurons.hippocampal.CA2,Excitatory.neurons.hippocampal.CA3,Excitatory.neurons.hippocampal.CA2,0.9966081466848186,0.9026116099118004,0.9932662754989487,0.838488289105783,-0.09399653677301811,-0.15477798639316576,consistent,consistent
GEO_GSE327581_COSMX_AD_BRAIN,5,GSM9661872_118Band1182L::65::109,reference_profile_learned_neighborhood,context_rescue,Astrocytes.Bergmann.glia,Purkinje.cells,Astrocytes.Bergmann.glia,0.8222749453486875,0.8299338005761422,0.7052572572158881,0.8154577607679845,0.007658855227454686,0.11020050355209643,consistent,consistent
GEO_GSE333737_MERSCOPE_PANCREAS_VASCULAR,2,1952862500141101583,reference_profile_learned_neighborhood,context_harm,Islet-associated Fibroblasts,Islet-associated Fibroblasts,Fibroblasts,0.506567660296073,0.5683463530225238,0.0826761779915193,0.2758219492573959,0.06177869272645076,0.1931457712658766,consistent,reference_conflict
GEO_GSE333737_MERSCOPE_PANCREAS_VASCULAR,2,1952862500268100712,reference_profile_learned_neighborhood,context_harm,Islet-associated Fibroblasts,Islet-associated Fibroblasts,Endothelial Cells,0.3944853015256203,0.4989189773643881,0.1441772744851202,0.2523477801088011,0.10443367583876784,0.10817050562368091,consistent,consistent
GEO_GSE333737_MERSCOPE_PANCREAS_VASCULAR,2,441891300183100684,reference_profile_learned_neighborhood,context_harm,Islet-associated Fibroblasts,Islet-associated Fibroblasts,Pericytes,0.3320860984242793,0.5133327629869561,0.0170803349493121,0.2296140254705413,0.1812466645626768,0.2125336905212292,consistent;low_margin,learned_neighborhood_conflict
GEO_GSE333737_MERSCOPE_PANCREAS_VASCULAR,1,3116423600162102588,reference_profile_learned_neighborhood,context_harm,Islet-associated Fibroblasts,Islet-associated Fibroblasts,Endothelial Cells,0.3577533361714086,0.4371288810047135,0.0848687196557046,0.2259556746540719,0.07937554483330489,0.14108695499836732,consistent,consistent
GEO_GSE333737_MERSCOPE_PANCREAS_VASCULAR,2,441891300177102689,reference_profile_learned_neighborhood,context_harm,Endothelial Cells,Endothelial Cells,Pericytes,0.4766190780469253,0.4520875058641986,0.2077217893429147,0.210376815811861,-0.024531572182726724,0.0026550264689463032,consistent,learned_neighborhood_conflict
GEO_GSE333737_MERSCOPE_PANCREAS_VASCULAR,2,441891300120100508,reference_profile_learned_neighborhood,context_harm,Pericytes,Pericytes,Endothelial Cells,0.4709160472203643,0.5120623207516969,0.1934311214814448,0.2076917092741363,0.0411462735313326,0.014260587792691487,consistent,reference_conflict
GEO_GSE333737_MERSCOPE_PANCREAS_VASCULAR,1,3116423600232102169,reference_profile_learned_neighborhood,context_harm,Fibroblasts,Fibroblasts,Islet-associated Fibroblasts,0.5071629688461883,0.4155754236743426,0.2493120896437994,0.2007708138944706,-0.0915875451718457,-0.04854127574932879,consistent,reference_conflict
GEO_GSE333737_MERSCOPE_PANCREAS_VASCULAR,2,1952862500317101383,reference_profile_learned_neighborhood,context_harm,Islet-associated Fibroblasts,Islet-associated Fibroblasts,Fibroblasts,0.6015279685399132,0.496357140115502,0.2685408731537624,0.1797293170591998,-0.10517082842441117,-0.0888115560945626,consistent,consistent
GEO_GSE333737_MERSCOPE_PANCREAS_VASCULAR,2,1952862500140101243,reference_profile_learned_neighborhood,context_rescue,Fibroblasts,Pericytes,Fibroblasts,0.3514387324310072,0.4210962156399394,0.0682486479868746,0.1827319674084137,0.06965748320893217,0.11448331942153908,consistent;low_margin,reference_conflict
GEO_GSE333737_MERSCOPE_PANCREAS_VASCULAR,2,441891300110100673,reference_profile_learned_neighborhood,context_rescue,Endothelial Cells,Pericytes,Endothelial Cells,0.3985272858185795,0.4431031829628966,0.0570628653855574,0.1728284681452053,0.04457589714431709,0.1157656027596479,consistent;low_margin,learned_neighborhood_conflict
GEO_GSE333737_MERSCOPE_PANCREAS_VASCULAR,2,441891300165100755,reference_profile_learned_neighborhood,context_rescue,Pericytes,Endothelial Cells,Pericytes,0.3703527756283353,0.4514803212274075,0.0327890910244282,0.169458341349105,0.0811275455990722,0.1366692503246768,consistent;low_margin,learned_neighborhood_conflict
GEO_GSE333737_MERSCOPE_PANCREAS_VASCULAR,1,3008132100227101581,reference_profile_learned_neighborhood,context_rescue,Endothelial Cells,Pericytes,Endothelial Cells,0.5703333217709785,0.5040714457312554,0.1791714314704167,0.1441346461745234,-0.06626187603972311,-0.0350367852958933,consistent,learned_neighborhood_conflict
GEO_GSE333737_MERSCOPE_PANCREAS_VASCULAR,2,441891300023101293,reference_profile_learned_neighborhood,context_rescue,Endothelial Cells,Pericytes,Endothelial Cells,0.4751330591523203,0.4029444943309387,0.2588690954938417,0.1441319329764233,-0.07218856482138158,-0.11473716251741839,consistent,consistent
GEO_GSE333737_MERSCOPE_PANCREAS_VASCULAR,2,441891300278100226,reference_profile_learned_neighborhood,context_rescue,Fibroblasts,Islet-associated Fibroblasts,Fibroblasts,0.3808676969420609,0.4401394267230009,0.0095221943416174,0.1429626376285272,0.059271729780939975,0.1334404432869098,consistent;low_margin,consistent
GEO_GSE333737_MERSCOPE_PANCREAS_VASCULAR,2,1952862500029100097,reference_profile_learned_neighborhood,context_rescue,Islet-associated Fibroblasts,Fibroblasts,Islet-associated Fibroblasts,0.5389093137581236,0.519014727034256,0.12726691137547,0.1355052567342927,-0.01989458672386757,0.008238345358822702,consistent,reference_conflict
GEO_GSE333737_MERSCOPE_PANCREAS_VASCULAR,2,1952862500173101437,reference_profile_learned_neighborhood,context_rescue,Islet-associated Fibroblasts,Fibroblasts,Islet-associated Fibroblasts,0.4046077228484938,0.4234069246713811,0.0663708260071593,0.1336940275265088,0.0187992018228873,0.06732320151934951,consistent;low_margin,consistent
GEO_GSE333737_MERSCOPE_PANCREAS_VASCULAR,2,441891300176102051,reference_profile_learned_neighborhood,changed_but_still_wrong,Fibroblasts,Endothelial Cells,Islet-associated Fibroblasts,0.3228334334239044,0.5176593637032655,0.0254140254616576,0.3347436155940094,0.19482593027936107,0.3093295901323518,consistent;low_margin,consistent
GEO_GSE333737_MERSCOPE_PANCREAS_VASCULAR,1,3116423600171101709,reference_profile_learned_neighborhood,changed_but_still_wrong,Pericytes,Fibroblasts,Islet-associated Fibroblasts,0.3283361786063146,0.4660378628044507,0.0619435358409702,0.2467336124894496,0.1377016841981361,0.1847900766484794,consistent;low_margin,consistent
GEO_GSE333737_MERSCOPE_PANCREAS_VASCULAR,1,3116423600232101051,reference_profile_learned_neighborhood,changed_but_still_wrong,Pericytes,Endothelial Cells,Islet-associated Fibroblasts,0.3704497106014904,0.4541547793542818,0.1003022970644697,0.2004073856748601,0.08370506875279138,0.1001050886103904,consistent,reference_conflict
GEO_GSE333737_MERSCOPE_PANCREAS_VASCULAR,2,1952862500322101421,reference_profile_learned_neighborhood,changed_but_still_wrong,Pericytes,Fibroblasts,Endothelial Cells,0.3821549327481708,0.4421615390813717,0.0815306297890183,0.1983810355718715,0.060006606333200874,0.1168504057828532,consistent,consistent
GEO_GSE333737_MERSCOPE_PANCREAS_VASCULAR,1,3116423600171201296,reference_profile_learned_neighborhood,changed_but_still_wrong,Pericytes,Endothelial Cells,Islet-associated Fibroblasts,0.4912278532461326,0.417742798487662,0.280050480581823,0.1404494124163293,-0.07348505475847061,-0.13960106816549372,consistent,reference_conflict
GEO_GSE333737_MERSCOPE_PANCREAS_VASCULAR,2,441891300115100887,reference_profile_learned_neighborhood,changed_but_still_wrong,Islet-associated Fibroblasts,Pericytes,Fibroblasts,0.2843566493452522,0.2926033015422091,0.0094076166699705,0.0455565217404043,0.008246652196956916,0.03614890507043381,consistent;low_margin,consistent;low_margin
GEO_GSE333737_MERSCOPE_PANCREAS_VASCULAR,2,441891300152101996,reference_profile_learned_neighborhood,changed_but_still_wrong,Fibroblasts,Endothelial Cells,Islet-associated Fibroblasts,0.3402686630859082,0.3153603842268488,0.0561383078130978,0.0355353290704518,-0.024908278859059385,-0.020602978742646,consistent;low_margin,consistent;low_margin
GEO_GSE333737_MERSCOPE_PANCREAS_VASCULAR,2,441891300153101364,reference_profile_learned_neighborhood,changed_but_still_wrong,Fibroblasts,Endothelial Cells,Islet-associated Fibroblasts,0.3188256750342651,0.288045404433476,0.04313951363673,0.0346737356821876,-0.03078027060078914,-0.008465777954542397,consistent;low_margin,consistent;low_margin
GSE202623_LESION,5,b4s8_2.45293460604847e+38,reference_profile_learned_neighborhood,context_harm,Endothelial,Endothelial,Pericytes,0.5872931478827885,0.9488948303172234,0.2221673905639456,0.9215584374150648,0.3616016824344349,0.6993910468511192,consistent,consistent
GSE202623_LESION,2,b4s8_1.22002273124479e+38,reference_profile_learned_neighborhood,context_harm,Endothelial,Endothelial,Pericytes,0.7617738451198449,0.8529289405970414,0.6297012347887541,0.7671210342320439,0.09115509547719647,0.13741979944328986,consistent,consistent
GSE202623_LESION,2,b4s8_1.11160785557156e+38,reference_profile_learned_neighborhood,context_harm,Microglia,Microglia,OPCs,0.800075546577283,0.7519353160246903,0.7017693864141006,0.6652684403542404,-0.048140230552592644,-0.036500946059860206,consistent,consistent
GSE202623_LESION,5,b4s8_1.61959115567321e+38,reference_profile_learned_neighborhood,context_harm,Endothelial,Endothelial,Pericytes,0.5802317129772138,0.8042313024977329,0.3254487837156564,0.6642884532334301,0.22399958952051913,0.3388396695177737,consistent,learned_neighborhood_conflict
GSE202623_LESION,5,b4s8_2.89562340947865e+38,reference_profile_learned_neighborhood,context_harm,Endothelial,Endothelial,Pericytes,0.9174854044786724,0.8178744158604226,0.849265884438528,0.6604621428394507,-0.0996109886182498,-0.1888037415990773,consistent,consistent
GSE202623_LESION,5,b4s8_6.53869039139163e+37,reference_profile_learned_neighborhood,context_harm,Endothelial,Endothelial,Pericytes,0.4664608936369557,0.7918972068422453,0.2115995853511328,0.6578672987163446,0.3254363132052896,0.44626771336521187,consistent,learned_neighborhood_conflict
GSE202623_LESION,5,b4s8_3.25000952843687e+38,reference_profile_learned_neighborhood,context_harm,Endothelial,Endothelial,Pericytes,0.9217045856667528,0.7688048976269863,0.8636445417044257,0.6103516878187135,-0.1528996880397665,-0.2532928538857122,consistent,consistent
GSE202623_LESION,5,b4s8_3.38239353104588e+37,reference_profile_learned_neighborhood,context_harm,VLMC,VLMC,Pericytes,0.5739488134016042,0.731705080686112,0.3209527122442878,0.5954055984556857,0.15775626728450776,0.27445288621139796,consistent,learned_neighborhood_conflict
GSE202623_LESION,3,b4s8_1.48013756176275e+38,reference_profile_learned_neighborhood,changed_but_still_wrong,VLMC,Endothelial,Pericytes,0.3383936838927845,0.8775121168520267,0.0019639704867163,0.7980887044953254,0.5391184329592422,0.7961247340086092,consistent;low_margin,learned_neighborhood_conflict
GSE202623_LESION,5,b4s8_1.32666980483984e+38,reference_profile_learned_neighborhood,changed_but_still_wrong,Microglia,Endothelial,Pericytes,0.9352724130000812,0.8152336723602752,0.8887359842482108,0.6804818614183572,-0.12003874063980602,-0.20825412282985356,consistent,consistent
GSE202623_LESION,5,b4s8_5.92848049867572e+36,reference_profile_learned_neighborhood,changed_but_still_wrong,Microglia,T-cells,Pericytes,0.5150531896247016,0.7310442883072845,0.1557791011893669,0.6573511300742427,0.21599109868258293,0.5015720288848758,consistent,consistent
GSE202623_LESION,5,b4s8_1.5017698984471e+38,reference_profile_learned_neighborhood,changed_but_still_wrong,VLMC,Endothelial,Pericytes,0.914575007983254,0.7537296167978479,0.8479827447296051,0.6058178979123359,-0.16084539118540608,-0.24216484681726924,consistent,consistent
GSE202623_LESION,2,b4s8_3.28573396818011e+38,reference_profile_learned_neighborhood,changed_but_still_wrong,Microglia,T-cells,Astrocytes,0.3902052640772422,0.7435737193364345,0.1831069424657684,0.5946587352556534,0.35336845525919225,0.41155179278988496,consistent,consistent
GSE202623_LESION,3,b4s8_2.54472720095129e+38,reference_profile_learned_neighborhood,changed_but_still_wrong,VLMC,Endothelial,Pericytes,0.7299605273766626,0.7119178575109686,0.4942145415050802,0.5714967371608103,-0.018042669865694028,0.07728219565573008,consistent,learned_neighborhood_conflict
GSE202623_LESION,2,b4s8_2.92116036486583e+38,reference_profile_learned_neighborhood,changed_but_still_wrong,Microglia,Endothelial,Pericytes,0.5980905673681194,0.6805229606652686,0.4362061167014508,0.5652882776387937,0.08243239329714924,0.12908216093734293,consistent,consistent
GSE202623_LESION,5,b4s8_9.82060583975385e+37,reference_profile_learned_neighborhood,changed_but_still_wrong,VLMC,Endothelial,Pericytes,0.7284298359323758,0.7258219271217148,0.5889903532433004,0.5346104410650294,-0.002607908810660975,-0.054379912178270984,consistent,learned_neighborhood_conflict
GSE202623_LESION,2,b4s8_3.14675320445181e+38,reference_profile_learned_neighborhood,context_rescue,Pericytes,Endothelial,Pericytes,0.5301089889939856,0.98552018310065,0.0936800170755102,0.97914062345901,0.4554111941066644,0.8854606063834998,consistent,learned_neighborhood_conflict
GSE202623_LESION,1,b4s8_2.29779315593715e+38,reference_profile_learned_neighborhood,context_rescue,Pericytes,Endothelial,Pericytes,0.8854911528345923,0.9409366138735802,0.791427288137407,0.8997362119641366,0.05544546103898784,0.10830892382672952,consistent,learned_neighborhood_conflict
GSE202623_LESION,1,b4s8_7.65784018482415e+37,reference_profile_learned_neighborhood,context_rescue,Pericytes,Endothelial,Pericytes,0.7340117040595138,0.9329505173883128,0.5250922754658084,0.8990803765079195,0.19893881332879904,0.3739881010421111,consistent,learned_neighborhood_conflict
GSE202623_LESION,2,b4s8_1.505166694334e+38,reference_profile_learned_neighborhood,context_rescue,Pericytes,Endothelial,Pericytes,0.9355023739138578,0.9391803018128424,0.8853438761124984,0.8923238695305242,0.0036779278989845787,0.006979993418025798,consistent,learned_neighborhood_conflict
GSE202623_LESION,2,b4s8_9.8663806544093e+37,reference_profile_learned_neighborhood,context_rescue,OPCs,Microglia,OPCs,0.5642898908273853,0.8649682688927304,0.234359890894845,0.8195101400958101,0.30067837806534503,0.5851502492009651,consistent,consistent
GSE202623_LESION,3,b4s8_3.22250041579889e+38,reference_profile_learned_neighborhood,context_rescue,Pericytes,Endothelial,Pericytes,0.657345867805152,0.8841809563008539,0.444825525416224,0.8067796171444975,0.2268350884957019,0.36195409172827353,consistent,learned_neighborhood_conflict
GSE202623_LESION,1,b4s8_2.2687036875928e+38,reference_profile_learned_neighborhood,context_rescue,Pericytes,Endothelial,Pericytes,0.741705244233412,0.8281255712689044,0.5729137698902671,0.7133198306146431,0.0864203270354924,0.140406060724376,consistent,learned_neighborhood_conflict
GSE202623_LESION,5,b4s8_3.19791877139124e+37,reference_profile_learned_neighborhood,context_rescue,Astrocytes,Microglia,Astrocytes,0.5822787979471629,0.7520095899733212,0.3555548269901232,0.67314918733182,0.16973079202615837,0.31759436034169686,consistent,consistent
SQUIDPY_IMC,3,379,reference_profile_learned_neighborhood,changed_but_still_wrong,macrophages,small elongated stromal cell,vimentin hi stromal cell,0.6103587080744665,0.3790783954682146,0.3732902991387626,0.1878034899190656,-0.23128031260625187,-0.185486809219697,consistent,consistent
SQUIDPY_IMC,1,693,reference_profile_learned_neighborhood,changed_but_still_wrong,T cells,small elongated stromal cell,vimentin hi stromal cell,0.3756285783551443,0.3617275509843387,0.0419213565942185,0.181597154437524,-0.013901027370805619,0.1396757978433055,consistent;low_margin,consistent
SQUIDPY_IMC,3,79,reference_profile_learned_neighborhood,changed_but_still_wrong,T cells,small elongated stromal cell,vimentin hi stromal cell,0.5958168356706205,0.3895210133369354,0.4082145237750558,0.1715332733081171,-0.2062958223336851,-0.2366812504669387,consistent,consistent
SQUIDPY_IMC,3,352,reference_profile_learned_neighborhood,changed_but_still_wrong,macrophages,small elongated stromal cell,vimentin hi stromal cell,0.3670921976946741,0.4101344274198453,0.038252855459138,0.1682893135344154,0.04304222972517119,0.1300364580752774,consistent;low_margin,consistent
SQUIDPY_IMC,1,722,reference_profile_learned_neighborhood,changed_but_still_wrong,T cells,small elongated stromal cell,vimentin hi stromal cell,0.3494405746085143,0.374177704637518,0.0420326430011748,0.1613542199291669,0.024737130029003684,0.11932157692799211,consistent;low_margin,consistent
SQUIDPY_IMC,3,61,reference_profile_learned_neighborhood,changed_but_still_wrong,macrophages,small elongated stromal cell,vimentin hi stromal cell,0.3756477849204555,0.3153051076572,0.1328498259055906,0.1246839417746094,-0.060342677263255484,-0.00816588413098121,consistent,consistent
SQUIDPY_IMC,1,4253,reference_profile_learned_neighborhood,changed_but_still_wrong,T cells,small elongated stromal cell,vimentin hi stromal cell,0.321347024575158,0.3306680676816471,0.0256307651863291,0.1225301930441034,0.009321043106489069,0.09689942785777429,consistent;low_margin,consistent
SQUIDPY_IMC,1,1134,reference_profile_learned_neighborhood,changed_but_still_wrong,T cells,small elongated stromal cell,vimentin hi stromal cell,0.4943727230942718,0.3392074931132532,0.2286664724846441,0.1090974380919384,-0.15516522998101862,-0.1195690343927057,consistent,consistent
SQUIDPY_IMC,3,266,reference_profile_learned_neighborhood,context_harm,small elongated stromal cell,small elongated stromal cell,vimentin hi stromal cell,0.3824062861714044,0.4254664086571909,0.052658503107616,0.1735979677328186,0.0430601224857865,0.12093946462520261,consistent;low_margin,consistent
SQUIDPY_IMC,1,4149,reference_profile_learned_neighborhood,context_harm,small elongated stromal cell,small elongated stromal cell,vimentin hi stromal cell,0.4131359961291831,0.3085406488280273,0.1261740690303165,0.1180981981085841,-0.10459534730115583,-0.008075870921732398,consistent,consistent
SQUIDPY_IMC,5,3300,reference_profile_learned_neighborhood,context_harm,T cells,T cells,macrophages,0.3481757082892482,0.2592893081877401,0.0280374253617377,0.0940238716427383,-0.08888640010150811,0.0659864462810006,consistent;low_margin,consistent
SQUIDPY_IMC,3,273,reference_profile_learned_neighborhood,context_harm,small elongated stromal cell,small elongated stromal cell,vimentin hi stromal cell,0.4217356943617044,0.2890090229116959,0.224508020533886,0.0929962740548707,-0.1327266714500085,-0.1315117464790153,consistent,consistent
SQUIDPY_IMC,1,684,reference_profile_learned_neighborhood,context_harm,T cells,T cells,macrophages,0.3148943725648351,0.2762791988034461,0.007436275504897,0.0786789835383416,-0.03861517376138901,0.0712427080334446,consistent;low_margin,consistent;low_margin
SQUIDPY_IMC,2,1368,reference_profile_learned_neighborhood,context_harm,macrophages,macrophages,CK low HR low tumor cell,0.2763515987100455,0.2344936735238865,0.1176290352526847,0.0742424446903787,-0.041857925186158995,-0.043386590562305996,consistent,consistent;low_margin
SQUIDPY_IMC,1,3292,reference_profile_learned_neighborhood,context_harm,T cells,T cells,CK low HR low tumor cell,0.3253186212953709,0.1908337386780758,0.0695458426220724,0.0687828785937671,-0.13448488261729513,-0.0007629640283053074,consistent;low_margin,consistent;low_margin
SQUIDPY_IMC,2,1476,reference_profile_learned_neighborhood,context_harm,apoptotic tumor cell,apoptotic tumor cell,CK low HR low tumor cell,0.1843831152157773,0.2229567107669627,0.0035637316161352,0.0562370468201907,0.03857359555118539,0.0526733152040555,consistent;low_margin,consistent;low_margin
SQUIDPY_IMC,1,1135,reference_profile_learned_neighborhood,context_rescue,vimentin hi stromal cell,small elongated stromal cell,vimentin hi stromal cell,0.452618596367169,0.3812421634708275,0.1019649651034144,0.1639374845633951,-0.07137643289634149,0.061972519459980696,consistent,consistent
SQUIDPY_IMC,1,1142,reference_profile_learned_neighborhood,context_rescue,vimentin hi stromal cell,small elongated stromal cell,vimentin hi stromal cell,0.374122876269007,0.3288961463227395,0.0656993955977952,0.1492475188538331,-0.045226729946267474,0.08354812325603792,consistent;low_margin,consistent
SQUIDPY_IMC,3,3873,reference_profile_learned_neighborhood,context_rescue,vimentin hi stromal cell,small elongated stromal cell,vimentin hi stromal cell,0.3253577540276515,0.334899599180755,0.0166765142121023,0.130253603182406,0.009541845153103523,0.1135770889703037,consistent;low_margin,consistent
SQUIDPY_IMC,5,941,reference_profile_learned_neighborhood,context_rescue,macrophages,small elongated stromal cell,macrophages,0.2930128467339727,0.278798810174084,0.0234655304434843,0.1075462189370171,-0.014214036559888732,0.0840806884935328,consistent;low_margin,consistent
SQUIDPY_IMC,5,3089,reference_profile_learned_neighborhood,context_rescue,macrophages,small elongated stromal cell,macrophages,0.4559111605543445,0.2619443420537779,0.2523466022544927,0.0980841025541791,-0.19396681850056657,-0.15426249970031358,consistent,consistent
SQUIDPY_IMC,1,1168,reference_profile_learned_neighborhood,context_rescue,vimentin hi stromal cell,small elongated stromal cell,vimentin hi stromal cell,0.3483475964985808,0.3335060772581746,0.0762210636253531,0.0961033059695528,-0.01484151924040622,0.019882242344199705,consistent;low_margin,consistent
SQUIDPY_IMC,5,3068,reference_profile_learned_neighborhood,context_rescue,macrophages,small elongated stromal cell,macrophages,0.2825267353880737,0.2602028286539119,0.0318971088902472,0.095458787848476,-0.02232390673416179,0.0635616789582288,consistent;low_margin,consistent
SQUIDPY_IMC,3,322,reference_profile_learned_neighborhood,context_rescue,vimentin hi stromal cell,endothelial,vimentin hi stromal cell,0.4064212216742503,0.4191171036896463,0.0411927138030556,0.094794125982195,0.012695882015395954,0.0536014121791394,consistent;low_margin,consistent
SQUIDPY_MERFISH,5,15400-9,reference_profile_learned_neighborhood,context_harm,OD Mature 2,OD Mature 2,OD Mature 4,0.3358329979772366,0.8675661874688377,0.0898912862715738,0.8000329616561506,0.5317331894916011,0.7101416753845767,consistent,consistent
SQUIDPY_MERFISH,5,15532-9,reference_profile_learned_neighborhood,context_harm,OD Mature 2,OD Mature 2,OD Mature 4,0.3507651185234997,0.8562796603853989,0.111362652950643,0.7660664859469694,0.5055145418618993,0.6547038329963264,consistent,consistent
SQUIDPY_MERFISH,5,14136-9,reference_profile_learned_neighborhood,context_harm,OD Mature 2,OD Mature 2,OD Mature 4,0.2679894612638397,0.825265954156488,0.0199982454231269,0.7522741892131741,0.5572764928926482,0.7322759437900472,consistent;low_margin,consistent
SQUIDPY_MERFISH,5,14328-9,reference_profile_learned_neighborhood,context_harm,OD Mature 2,OD Mature 2,OD Mature 4,0.3669168983177944,0.7940708507286091,0.1295611089159714,0.6813065870016651,0.42715395241081466,0.5517454780856937,consistent,consistent
SQUIDPY_MERFISH,4,26301-7,reference_profile_learned_neighborhood,context_harm,OD Mature 2,OD Mature 2,OD Mature 4,0.3838287854155687,0.7907368342168086,0.1298732966492279,0.6791597707720979,0.40690804880123993,0.54928647412287,consistent,consistent
SQUIDPY_MERFISH,3,29825-6,reference_profile_learned_neighborhood,context_harm,OD Mature 2,OD Mature 2,OD Mature 4,0.3227398408629418,0.7793897630066472,0.0372393579938208,0.6685683809837583,0.4566499221437054,0.6313290229899374,consistent;low_margin,learned_neighborhood_conflict
SQUIDPY_MERFISH,4,52368-3,reference_profile_learned_neighborhood,context_harm,OD Mature 2,OD Mature 2,OD Mature 4,0.3672863234452332,0.7657693428518987,0.0845462232490876,0.6554592313022161,0.3984830194066655,0.5709130080531285,consistent,consistent
SQUIDPY_MERFISH,5,12997-9,reference_profile_learned_neighborhood,context_harm,OD Mature 2,OD Mature 2,OD Mature 4,0.3629781205856243,0.7644200785663099,0.0323702306591439,0.654888880477145,0.4014419579806856,0.6225186498180011,consistent;low_margin,consistent
SQUIDPY_MERFISH,2,38377-5,reference_profile_learned_neighborhood,changed_but_still_wrong,OD Mature 1,OD Mature 2,OD Mature 4,0.2735622934917878,0.8378409726429099,0.016400735392286,0.7681704826883318,0.5642786791511221,0.7517697472960457,consistent;low_margin,consistent
SQUIDPY_MERFISH,5,15646-9,reference_profile_learned_neighborhood,changed_but_still_wrong,OD Mature 2,OD Mature 1,OD Mature 4,0.3032273210504249,0.8377858241761978,0.0142883923065833,0.7650015275978099,0.5345585031257729,0.7507131352912266,consistent;low_margin,consistent
SQUIDPY_MERFISH,3,60253-2,reference_profile_learned_neighborhood,changed_but_still_wrong,OD Mature 2,OD Mature 1,OD Mature 4,0.343312121023722,0.8267776256017626,0.0749458374226627,0.746669432190272,0.4834655045780406,0.6717235947676093,consistent;low_margin,consistent
SQUIDPY_MERFISH,2,38365-5,reference_profile_learned_neighborhood,changed_but_still_wrong,OD Mature 1,OD Mature 2,OD Mature 4,0.2875769813717644,0.8021334372946913,0.0044290897743223,0.7159143663692368,0.514556455922927,0.7114852765949145,consistent;low_margin,consistent
SQUIDPY_MERFISH,2,20363-8,reference_profile_learned_neighborhood,changed_but_still_wrong,OD Mature 2,OD Mature 3,OD Mature 4,0.3214415172970822,0.7967672012076755,0.0658716493580998,0.6881954684416621,0.4753256839105933,0.6223238190835623,consistent;low_margin,consistent
SQUIDPY_MERFISH,3,56154-2,reference_profile_learned_neighborhood,changed_but_still_wrong,Microglia,OD Mature 2,OD Mature 4,0.304385518244677,0.7770409447793158,0.0451248299961635,0.6658804522935523,0.4726554265346388,0.6207556222973888,consistent;low_margin,consistent
SQUIDPY_MERFISH,2,20392-8,reference_profile_learned_neighborhood,changed_but_still_wrong,OD Mature 1,OD Mature 2,OD Mature 4,0.2855214912800063,0.7660116714713092,0.0243906432728271,0.6581589058156723,0.4804901801913029,0.6337682625428451,consistent;low_margin,consistent
SQUIDPY_MERFISH,4,63664-1,reference_profile_learned_neighborhood,changed_but_still_wrong,OD Immature 2,Astrocyte,Ependymal,0.4151813289446044,0.7718600812314758,0.0476812146334175,0.6561745090879458,0.35667875228687135,0.6084932944545284,consistent;low_margin,consistent
SQUIDPY_MERFISH,2,20252-8,reference_profile_learned_neighborhood,context_rescue,OD Mature 4,OD Mature 2,OD Mature 4,0.3407385754608369,0.9394942991793664,0.0079968949513735,0.8929784342003046,0.5987557237185295,0.8849815392489312,consistent;low_margin,consistent
SQUIDPY_MERFISH,2,20195-8,reference_profile_learned_neighborhood,context_rescue,OD Mature 4,OD Mature 2,OD Mature 4,0.3092407367883472,0.9131093781490958,0.012722691864887,0.8548056427020347,0.6038686413607486,0.8420829508371478,consistent;low_margin,consistent
SQUIDPY_MERFISH,5,12912-9,reference_profile_learned_neighborhood,context_rescue,OD Mature 4,OD Mature 2,OD Mature 4,0.3622228418308237,0.8984032918839598,0.1021063679590569,0.851320205734612,0.5361804500531362,0.7492138377755551,consistent,consistent
SQUIDPY_MERFISH,5,15525-9,reference_profile_learned_neighborhood,context_rescue,OD Mature 4,OD Mature 2,OD Mature 4,0.300655085785904,0.8799548480759695,0.0014770997291414,0.8133021076561601,0.5792997622900655,0.8118250079270186,consistent;low_margin,consistent
SQUIDPY_MERFISH,5,16718-9,reference_profile_learned_neighborhood,context_rescue,OD Mature 4,OD Mature 2,OD Mature 4,0.3597821736808463,0.8625580016397403,0.0924942219144684,0.8021132135035275,0.502775827958894,0.7096189915890591,consistent,consistent
SQUIDPY_MERFISH,4,27416-7,reference_profile_learned_neighborhood,context_rescue,OD Mature 4,OD Mature 2,OD Mature 4,0.3327078167897503,0.8679457327652512,0.0254717507070512,0.7961026740267987,0.535237915975501,0.7706309233197475,consistent;low_margin,consistent
SQUIDPY_MERFISH,5,11676-9,reference_profile_learned_neighborhood,context_rescue,OD Mature 4,OD Mature 2,OD Mature 4,0.3363599141030424,0.861951683345248,0.0981220511191779,0.7875989702548772,0.5255917692422056,0.6894769191356993,consistent,consistent
SQUIDPY_MERFISH,4,52578-3,reference_profile_learned_neighborhood,context_rescue,OD Mature 4,OD Mature 2,OD Mature 4,0.3983034109522484,0.8645546450135776,0.0660653424035134,0.7863140832819705,0.4662512340613292,0.7202487408784571,consistent;low_margin,consistent
SQUIDPY_MIBITOF,3,9871-1,reference_profile_learned_neighborhood,context_harm,Imm_other,Imm_other,Tcell_CD8,0.461773569073848,0.4227393855615474,0.2637560497270901,0.2479531447598698,-0.03903418351230059,-0.01580290496722031,consistent,consistent
SQUIDPY_MIBITOF,1,47083-2,reference_profile_learned_neighborhood,context_harm,Endothelial,Endothelial,Epithelial,0.6409677868980392,0.4305544462212664,0.436634699024395,0.1754485321427097,-0.21041334067677286,-0.2611861668816853,consistent,reference_conflict
SQUIDPY_MIBITOF,3,9875-1,reference_profile_learned_neighborhood,context_harm,Imm_other,Imm_other,Tcell_CD8,0.3177326273319204,0.3476670920511086,0.0139820280295871,0.1735071173030915,0.029934464719188147,0.15952508927350442,consistent;low_margin,consistent
SQUIDPY_MIBITOF,3,10215-1,reference_profile_learned_neighborhood,context_harm,Fibroblast,Fibroblast,Endothelial,0.366915919911229,0.3778142982003004,0.0564628770364835,0.1717254821100016,0.010898378289071364,0.1152626050735181,consistent;low_margin,consistent
SQUIDPY_MIBITOF,3,9490-1,reference_profile_learned_neighborhood,context_harm,Imm_other,Imm_other,Epithelial,0.5339905903531474,0.3218232406145045,0.3243736121273672,0.1683238663695865,-0.21216734973864293,-0.15604974575778072,consistent,consistent
SQUIDPY_MIBITOF,1,46984-2,reference_profile_learned_neighborhood,context_harm,Myeloid_CD11c,Myeloid_CD11c,Epithelial,0.4314361356048567,0.4134418639079518,0.1803682252402263,0.1644830428650924,-0.01799427169690493,-0.015885182375133894,consistent,reference_conflict
SQUIDPY_MIBITOF,2,3127-0,reference_profile_learned_neighborhood,context_harm,Myeloid_CD11c,Myeloid_CD11c,Myeloid_CD68,0.4205102341657273,0.394806424624269,0.1969755439346408,0.1615106612672747,-0.02570380954145829,-0.03546488266736611,consistent,reference_conflict
SQUIDPY_MIBITOF,2,3939-0,reference_profile_learned_neighborhood,context_harm,Fibroblast,Fibroblast,Endothelial,0.6809159989929847,0.3391494893629381,0.5327849914212626,0.1532593173180077,-0.3417665096300466,-0.3795256741032549,consistent,consistent
SQUIDPY_MIBITOF,2,3540-0,reference_profile_learned_neighborhood,context_rescue,Endothelial,Epithelial,Endothelial,0.5090643107796254,0.6048567224773626,0.155557747656753,0.4255845837587031,0.09579241169773711,0.2700268361019501,consistent,consistent
SQUIDPY_MIBITOF,3,9525-1,reference_profile_learned_neighborhood,context_rescue,Epithelial,Imm_other,Epithelial,0.4702979152511561,0.4396634398325179,0.1203670734420893,0.2876051087155284,-0.03063447541863823,0.1672380352734391,consistent,consistent
SQUIDPY_MIBITOF,3,9503-1,reference_profile_learned_neighborhood,context_rescue,Epithelial,Imm_other,Epithelial,0.5333227323230855,0.3759066476705078,0.2870565806124243,0.221627056475925,-0.15741608465257767,-0.06542952413649927,consistent,consistent
SQUIDPY_MIBITOF,3,9690-1,reference_profile_learned_neighborhood,context_rescue,Epithelial,Imm_other,Epithelial,0.3810711722053051,0.3648766234150889,0.0376612819469446,0.1957773042868384,-0.0161945487902162,0.1581160223398938,consistent;low_margin,consistent
SQUIDPY_MIBITOF,1,46924-2,reference_profile_learned_neighborhood,context_rescue,Tcell_CD8,Endothelial,Tcell_CD8,0.3358451158694259,0.3524963390907742,0.1128427824423917,0.1956042293215301,0.01665122322134832,0.0827614468791384,consistent,consistent
SQUIDPY_MIBITOF,3,9796-1,reference_profile_learned_neighborhood,context_rescue,Tcell_CD8,Imm_other,Tcell_CD8,0.373029465767533,0.3446167733015394,0.0529317412011677,0.1877925775054327,-0.028412692465993594,0.134860836304265,consistent;low_margin,consistent
SQUIDPY_MIBITOF,3,9851-1,reference_profile_learned_neighborhood,context_rescue,Tcell_CD8,Imm_other,Tcell_CD8,0.5568020757128003,0.3104074581715132,0.3705660006635397,0.1848742170481437,-0.24639461754128705,-0.18569178361539598,consistent,consistent
SQUIDPY_MIBITOF,3,9806-1,reference_profile_learned_neighborhood,context_rescue,Tcell_CD8,Imm_other,Tcell_CD8,0.6036525496930099,0.3167483611594521,0.4372761263683716,0.1827619074575402,-0.28690418853355776,-0.25451421891083137,consistent,consistent
SQUIDPY_MIBITOF,2,3805-0,reference_profile_learned_neighborhood,changed_but_still_wrong,Imm_other,Fibroblast,Endothelial,0.4149707774232827,0.4936340502577888,0.0532678760396876,0.3718012054890625,0.07866327283450608,0.3185333294493749,consistent;low_margin,consistent
SQUIDPY_MIBITOF,2,3456-0,reference_profile_learned_neighborhood,changed_but_still_wrong,Tcell_CD4,Fibroblast,Endothelial,0.296611232754613,0.472862144186678,0.0302064725843722,0.325499263741207,0.176250911432065,0.2952927911568348,consistent;low_margin,consistent
SQUIDPY_MIBITOF,2,3217-0,reference_profile_learned_neighborhood,changed_but_still_wrong,Myeloid_CD11c,Fibroblast,Endothelial,0.4643250749700722,0.4697740710164195,0.1164030983552095,0.3212838815215075,0.005448996046347299,0.204880783166298,consistent,learned_neighborhood_conflict
SQUIDPY_MIBITOF,2,3719-0,reference_profile_learned_neighborhood,changed_but_still_wrong,Myeloid_CD11c,Fibroblast,Endothelial,0.280118115511604,0.4195271914270208,0.0279593941615433,0.2980523646067852,0.1394090759154168,0.2700929704452419,consistent;low_margin,learned_neighborhood_conflict
SQUIDPY_MIBITOF,2,3152-0,reference_profile_learned_neighborhood,changed_but_still_wrong,Tcell_CD4,Myeloid_CD11c,Myeloid_CD68,0.4064306645790173,0.4666418617937176,0.0802632601994697,0.2491465101830911,0.06021119721470031,0.16888324998362142,consistent,consistent
SQUIDPY_MIBITOF,2,3867-0,reference_profile_learned_neighborhood,changed_but_still_wrong,Tcell_CD4,Imm_other,Endothelial,0.2419903217575326,0.417433844559087,0.0179239944551447,0.2445626948056923,0.1754435228015544,0.2266387003505476,consistent;low_margin,consistent
SQUIDPY_MIBITOF,3,10179-1,reference_profile_learned_neighborhood,changed_but_still_wrong,Myeloid_CD68,Tcell_CD4,Endothelial,0.3119890638553127,0.3684236764605213,0.029911919539478,0.2351983626720533,0.0564346126052086,0.2052864431325753,consistent;low_margin,consistent
SQUIDPY_MIBITOF,3,9537-1,reference_profile_learned_neighborhood,changed_but_still_wrong,Myeloid_CD68,Imm_other,Epithelial,0.4226674905871097,0.381317006405046,0.1079566499641013,0.2176110284390353,-0.04135048418206366,0.10965437847493399,consistent,consistent
SQUIDPY_SEQFISH,2,embryo1_Pos12_cell197_z2,reference_profile_learned_neighborhood,context_rescue,Endothelium,Haematoendothelial progenitors,Endothelium,0.7069480646390154,0.9467287874871854,0.4160160072812936,0.923486139533911,0.23978072284816998,0.5074701322526174,consistent,consistent
SQUIDPY_SEQFISH,2,embryo1_Pos11_cell94_z2,reference_profile_learned_neighborhood,context_rescue,Endothelium,Haematoendothelial progenitors,Endothelium,0.6897388104690113,0.9451996310333,0.3870594394546313,0.922228472026792,0.25546082056428865,0.5351690325721608,consistent,learned_neighborhood_conflict
SQUIDPY_SEQFISH,1,embryo1_Pos20_cell380_z2,reference_profile_learned_neighborhood,context_rescue,Endothelium,Haematoendothelial progenitors,Endothelium,0.6103363618636323,0.9466761406071592,0.2301521308961099,0.9059991470165136,0.33633977874352694,0.6758470161204038,consistent,learned_neighborhood_conflict
SQUIDPY_SEQFISH,2,embryo1_Pos0_cell393_z2,reference_profile_learned_neighborhood,context_rescue,Endothelium,Haematoendothelial progenitors,Endothelium,0.9574023029412424,0.9369583684916128,0.9151225669440352,0.8952142835100594,-0.020443934449629553,-0.01990828343397577,consistent,consistent
SQUIDPY_SEQFISH,2,embryo1_Pos12_cell237_z2,reference_profile_learned_neighborhood,context_rescue,Endothelium,Haematoendothelial progenitors,Endothelium,0.6831799496459806,0.9198320114567514,0.3719267509782336,0.8885029493825173,0.2366520618107708,0.5165761984042837,consistent,learned_neighborhood_conflict
SQUIDPY_SEQFISH,2,embryo1_Pos6_cell291_z2,reference_profile_learned_neighborhood,context_rescue,Endothelium,Haematoendothelial progenitors,Endothelium,0.7379869817956085,0.926799908665232,0.4769967541570356,0.884928770035424,0.18881292686962348,0.40793201587838845,consistent,consistent
SQUIDPY_SEQFISH,1,embryo1_Pos1_cell237_z5,reference_profile_learned_neighborhood,context_rescue,Endothelium,Haematoendothelial progenitors,Endothelium,0.6434424962691484,0.928836933111148,0.3005840173414532,0.8838878693667815,0.2853944368419996,0.5833038520253284,consistent,learned_neighborhood_conflict
SQUIDPY_SEQFISH,1,embryo1_Pos1_cell273_z5,reference_profile_learned_neighborhood,context_rescue,Endothelium,Haematoendothelial progenitors,Endothelium,0.7611751947282989,0.9349765890272784,0.5256952215348846,0.8813266683661433,0.17380139429897956,0.3556314468312587,consistent,learned_neighborhood_conflict
SQUIDPY_SEQFISH,3,embryo1_Pos10_cell140_z2,reference_profile_learned_neighborhood,context_harm,Haematoendothelial progenitors,Haematoendothelial progenitors,Endothelium,0.5226394160026189,0.8870899003046985,0.0556673624407478,0.8250964238610361,0.3644504843020796,0.7694290614202883,consistent;low_margin,learned_neighborhood_conflict
SQUIDPY_SEQFISH,2,embryo1_Pos0_cell410_z2,reference_profile_learned_neighborhood,context_harm,Haematoendothelial progenitors,Haematoendothelial progenitors,Endothelium,0.6847249491349384,0.8667491167249217,0.4180935402227506,0.8193391105509461,0.1820241675899833,0.4012455703281955,consistent,consistent
SQUIDPY_SEQFISH,3,embryo1_Pos6_cell33_z5,reference_profile_learned_neighborhood,context_harm,Haematoendothelial progenitors,Haematoendothelial progenitors,Endothelium,0.5868087270084674,0.8399969903743094,0.1970845301458539,0.7794317419604012,0.253188263365842,0.5823472118145473,consistent,consistent
SQUIDPY_SEQFISH,1,embryo1_Pos1_cell268_z2,reference_profile_learned_neighborhood,context_harm,Haematoendothelial progenitors,Haematoendothelial progenitors,Endothelium,0.7385851959440715,0.8592603232965762,0.4981358397131991,0.764505145385406,0.12067512735250474,0.26636930567220696,consistent,learned_neighborhood_conflict
SQUIDPY_SEQFISH,3,embryo1_Pos10_cell151_z2,reference_profile_learned_neighborhood,context_harm,Haematoendothelial progenitors,Haematoendothelial progenitors,Endothelium,0.4863875931588008,0.8184550892700777,0.0486324358280109,0.7639464917625371,0.3320674961112769,0.7153140559345262,consistent;low_margin,learned_neighborhood_conflict
SQUIDPY_SEQFISH,5,embryo1_Pos0_cell244_z2,reference_profile_learned_neighborhood,context_harm,Gut tube,Gut tube,Lateral plate mesoderm,0.5072256369834284,0.7954066599019034,0.0367365682284055,0.7208751901508326,0.288181022918475,0.684138621922427,consistent;low_margin,consistent
SQUIDPY_SEQFISH,2,embryo1_Pos8_cell130_z5,reference_profile_learned_neighborhood,context_harm,Haematoendothelial progenitors,Haematoendothelial progenitors,Endothelium,0.537011747247172,0.7784724751956694,0.2190959452954768,0.716855538763802,0.24146072794849738,0.4977595934683252,consistent,learned_neighborhood_conflict
SQUIDPY_SEQFISH,3,embryo1_Pos7_cell110_z2,reference_profile_learned_neighborhood,context_harm,Haematoendothelial progenitors,Haematoendothelial progenitors,Endothelium,0.5707734372109244,0.8093097607910809,0.1474584569233915,0.7074369523178778,0.23853632358015642,0.5599784953944864,consistent,consistent
SQUIDPY_SEQFISH,1,embryo1_Pos20_cell391_z2,reference_profile_learned_neighborhood,changed_but_still_wrong,Haematoendothelial progenitors,Cardiomyocytes,Endothelium,0.2322025196034767,0.6862852098651079,0.020700281988409,0.576717989215368,0.45408269026163117,0.556017707226959,consistent;low_margin,learned_neighborhood_conflict
SQUIDPY_SEQFISH,1,embryo1_Pos28_cell140_z5,reference_profile_learned_neighborhood,changed_but_still_wrong,Dermomyotome,Sclerotome,Anterior somitic tissues,0.6163121066945147,0.6871811996508587,0.2474342378168872,0.518728890794482,0.07086909295634392,0.2712946529775948,consistent,learned_neighborhood_conflict
SQUIDPY_SEQFISH,4,embryo1_Pos12_cell16_z2,reference_profile_learned_neighborhood,changed_but_still_wrong,Haematoendothelial progenitors,Cranial mesoderm,Endothelium,0.7071179019380034,0.6631333545158286,0.5808145005175065,0.5072740131811013,-0.043984547422174836,-0.07354048733640517,consistent,consistent
SQUIDPY_SEQFISH,1,embryo1_Pos23_cell278_z2,reference_profile_learned_neighborhood,changed_but_still_wrong,Haematoendothelial progenitors,Splanchnic mesoderm,Endothelium,0.4337485040033351,0.6612906454120037,0.2889401721286565,0.5046401122546236,0.22754214140866857,0.21569994012596705,consistent,consistent
SQUIDPY_SEQFISH,1,embryo1_Pos28_cell261_z2,reference_profile_learned_neighborhood,changed_but_still_wrong,Haematoendothelial progenitors,Sclerotome,Anterior somitic tissues,0.5069237452487676,0.6129755097336913,0.0515231139009346,0.4738923761431934,0.1060517644849237,0.4223692622422588,consistent;low_margin,consistent
SQUIDPY_SEQFISH,4,embryo1_Pos12_cell18_z2,reference_profile_learned_neighborhood,changed_but_still_wrong,Haematoendothelial progenitors,Cranial mesoderm,Endothelium,0.781866497696299,0.5653530636893229,0.7025611054221119,0.4696750647208578,-0.2165134340069761,-0.23288604070125413,consistent,consistent
SQUIDPY_SEQFISH,3,embryo1_Pos20_cell77_z2,reference_profile_learned_neighborhood,changed_but_still_wrong,Haematoendothelial progenitors,Splanchnic mesoderm,Endothelium,0.6325735856812327,0.625654069397053,0.3935391661763679,0.4612075748397043,-0.006919516284179639,0.0676684086633364,consistent,learned_neighborhood_conflict
SQUIDPY_SEQFISH,1,embryo1_Pos28_cell203_z2,reference_profile_learned_neighborhood,changed_but_still_wrong,Dermomyotome,Sclerotome,Anterior somitic tissues,0.45408911052813,0.56933911590402,0.1142942252444174,0.446211218477803,0.11525000537588997,0.3319169932333856,consistent,consistent
SQUIDPY_SLIDESEQV2,1,CACGTCATTGTGGA,reference_profile_learned_neighborhood,context_harm,Polydendrocytes,Polydendrocytes,Oligodendrocytes,0.6384018843770813,0.8659135946782358,0.4478789385928703,0.8288331150409854,0.22751171030115447,0.38095417644811513,consistent,consistent
SQUIDPY_SLIDESEQV2,1,AGGTTGTGGCACTT,reference_profile_learned_neighborhood,context_harm,Microglia,Microglia,Oligodendrocytes,0.5759797775227862,0.7795993230850601,0.3718330656582048,0.736735832084436,0.2036195455622739,0.36490276642623126,consistent,consistent
SQUIDPY_SLIDESEQV2,1,AGGAACAGACCTCA,reference_profile_learned_neighborhood,context_harm,Neurogenesis,Neurogenesis,Oligodendrocytes,0.8398551457096044,0.7653071750749505,0.7755655305476286,0.7167407444550279,-0.0745479706346539,-0.05882478609260067,consistent,consistent
SQUIDPY_SLIDESEQV2,4,ACATGCCTAGACTC,reference_profile_learned_neighborhood,context_harm,Polydendrocytes,Polydendrocytes,Oligodendrocytes,0.6604972239764051,0.7658488960970269,0.47681773601897,0.6948630836556324,0.1053516721206218,0.21804534763666245,consistent,consistent
SQUIDPY_SLIDESEQV2,1,TGTAAACGTACCAA,reference_profile_learned_neighborhood,context_harm,Polydendrocytes,Polydendrocytes,Oligodendrocytes,0.7846030102247407,0.7646380508990055,0.6901716471423199,0.688591052762346,-0.019964959325735165,-0.001580594379973932,consistent,consistent
SQUIDPY_SLIDESEQV2,1,TCTTCAGTAGGCGA,reference_profile_learned_neighborhood,context_harm,Endothelial_Tip,Endothelial_Tip,Ependymal,0.2429243405298927,0.721512751139339,0.0648558358689629,0.676892085172031,0.4785884106094463,0.6120362493030681,consistent;low_margin,consistent
SQUIDPY_SLIDESEQV2,1,AGAGCAACCCGACG,reference_profile_learned_neighborhood,context_harm,Endothelial_Tip,Endothelial_Tip,Ependymal,0.2425367262403122,0.710989338669358,0.0795018975035647,0.6554121891336487,0.4684526124290458,0.575910291630084,consistent;low_margin,consistent
SQUIDPY_SLIDESEQV2,2,CTGGATACATATTC,reference_profile_learned_neighborhood,context_harm,Polydendrocytes,Polydendrocytes,Oligodendrocytes,0.5933553811378529,0.7151417757082331,0.3094893954055383,0.6532530723961436,0.12178639457038021,0.3437636769906053,consistent,consistent
SQUIDPY_SLIDESEQV2,1,CTAACGACGGACTG,reference_profile_learned_neighborhood,changed_but_still_wrong,Mural,Endothelial_Tip,Ependymal,0.2180934989827214,0.74964525117288,0.0140718168502891,0.7069889733031738,0.5315517521901585,0.6929171564528847,consistent;low_margin,consistent
SQUIDPY_SLIDESEQV2,1,GCTTAACCTATTTG,reference_profile_learned_neighborhood,changed_but_still_wrong,DentatePyramids,Endothelial_Tip,Ependymal,0.4045327503750499,0.7019621658670272,0.2558033261341034,0.6458918679142132,0.2974294154919773,0.39008854178010977,consistent,consistent
SQUIDPY_SLIDESEQV2,1,TGCAAATGTTTTGA,reference_profile_learned_neighborhood,changed_but_still_wrong,Endothelial_Stalk,Microglia,Oligodendrocytes,0.534143742869677,0.6808110424542818,0.3775806116288694,0.6292359893064253,0.14666729958460478,0.2516553776775559,consistent,consistent
SQUIDPY_SLIDESEQV2,4,GCTAAAAGCAGAAC,reference_profile_learned_neighborhood,changed_but_still_wrong,Neurogenesis,Polydendrocytes,Oligodendrocytes,0.3910029570692643,0.7121761656429652,0.008610820952952,0.6235600520605065,0.32117320857370085,0.6149492311075545,consistent;low_margin,consistent
SQUIDPY_SLIDESEQV2,1,TGTATCCCCTCCAT,reference_profile_learned_neighborhood,changed_but_still_wrong,Mural,Endothelial_Stalk,Ependymal,0.3353237280572967,0.6271205069949659,0.1950063987106703,0.5783036406182336,0.2917967789376692,0.3832972419075633,consistent,consistent
SQUIDPY_SLIDESEQV2,1,TCAACGGACCCTCA,reference_profile_learned_neighborhood,changed_but_still_wrong,Polydendrocytes,Endothelial_Stalk,Ependymal,0.2767563543102292,0.5915607705690888,0.0754884549504502,0.5291238647341244,0.31480441625885963,0.4536354097836742,consistent;low_margin,consistent
SQUIDPY_SLIDESEQV2,1,AGGGAGGGCAGAAT,reference_profile_learned_neighborhood,changed_but_still_wrong,Endothelial_Tip,Endothelial_Stalk,Ependymal,0.3378815254166676,0.5830914549705907,0.1244129632892844,0.5120309613299026,0.24520992955392307,0.38761799804061814,consistent,consistent
SQUIDPY_SLIDESEQV2,3,TGCTCTCACCACCG,reference_profile_learned_neighborhood,changed_but_still_wrong,Endothelial_Tip,Polydendrocytes,Oligodendrocytes,0.4094830278343338,0.579156006335581,0.1317927443317986,0.4933627513354494,0.16967297850124713,0.3615700070036508,consistent,consistent
SQUIDPY_SLIDESEQV2,1,AGACACGCTAGTGT,reference_profile_learned_neighborhood,context_rescue,Oligodendrocytes,Polydendrocytes,Oligodendrocytes,0.5198305440072989,0.9054933898265024,0.2498283508178979,0.8818653053697787,0.3856628458192035,0.6320369545518808,consistent,consistent
SQUIDPY_SLIDESEQV2,3,CTCATTGTGGCAGA,reference_profile_learned_neighborhood,context_rescue,Ependymal,Endothelial_Tip,Ependymal,0.5066796442645023,0.8900623343578603,0.0492603993096886,0.845102968724137,0.383382690093358,0.7958425694144484,consistent;low_margin,consistent
SQUIDPY_SLIDESEQV2,5,TTACCTACGCTGCT,reference_profile_learned_neighborhood,context_rescue,Oligodendrocytes,Polydendrocytes,Oligodendrocytes,0.6182367423929539,0.8471219809035224,0.2981578221438864,0.804732902241822,0.22888523851056852,0.5065750800979356,consistent,consistent
SQUIDPY_SLIDESEQV2,1,TGAATGGGAGTGGC,reference_profile_learned_neighborhood,context_rescue,Oligodendrocytes,Polydendrocytes,Oligodendrocytes,0.3354753573813723,0.7549556425391846,0.0676864757264709,0.7025813507302268,0.41948028515781227,0.6348948750037559,consistent;low_margin,consistent
SQUIDPY_SLIDESEQV2,2,ACGTCAAGGCGCTC,reference_profile_learned_neighborhood,context_rescue,Ependymal,Endothelial_Tip,Ependymal,0.3971545661976452,0.769524111536879,0.0703371048975188,0.6816253553018224,0.37236954533923383,0.6112882504043037,consistent;low_margin,consistent
SQUIDPY_SLIDESEQV2,1,CCGACCCTAGCGGC,reference_profile_learned_neighborhood,context_rescue,Ependymal,Endothelial_Stalk,Ependymal,0.2336634816897103,0.7014914778403519,0.0465679514077266,0.6630349274880174,0.46782799615064163,0.6164669760802908,consistent;low_margin,consistent
SQUIDPY_SLIDESEQV2,1,TGCGGAGTGAGCGA,reference_profile_learned_neighborhood,context_rescue,Ependymal,Endothelial_Stalk,Ependymal,0.2666765482696093,0.7087832471060759,0.0257562005543746,0.6567241704194727,0.4421066988364666,0.6309679698650982,consistent;low_margin,consistent
SQUIDPY_SLIDESEQV2,2,TACGCGCCCAGTGT,reference_profile_learned_neighborhood,context_rescue,Oligodendrocytes,Polydendrocytes,Oligodendrocytes,0.3872013914551049,0.6901519543934271,0.0643769072705482,0.6334568268300244,0.30295056293832223,0.5690799195594761,consistent;low_margin,consistent
SQUIDPY_VISIUM_FLUO,1,TCAGACGCTATAGAAG-1,reference_profile_learned_neighborhood,context_harm,Hypothalamus_1,Hypothalamus_1,Hypothalamus_2,0.4668557148162753,0.5524798046406615,0.1987301389427178,0.4011443512916022,0.08562408982438618,0.2024142123488844,consistent,learned_neighborhood_conflict
SQUIDPY_VISIUM_FLUO,4,AACTCTCAATAGAGCG-1,reference_profile_learned_neighborhood,context_harm,Thalamus_2,Thalamus_2,Thalamus_1,0.7055633227624317,0.6102794324857366,0.5730553065933996,0.3347204898040579,-0.09528389027669515,-0.23833481678934176,consistent,learned_neighborhood_conflict
SQUIDPY_VISIUM_FLUO,1,ACTCCCTAGAATAGTA-1,reference_profile_learned_neighborhood,context_harm,Hypothalamus_1,Hypothalamus_1,Hypothalamus_2,0.335491313471267,0.5025316897418994,0.0229587262739879,0.3069695443418573,0.16704037627063245,0.28401081806786943,consistent;low_margin,learned_neighborhood_conflict
SQUIDPY_VISIUM_FLUO,3,GAAGGAGTCGAGTGCG-1,reference_profile_learned_neighborhood,context_harm,Cortex_5,Cortex_5,Cortex_4,0.2522738495509016,0.4666818738428897,0.0246818291320115,0.2944211223641941,0.21440802429198813,0.2697392932321826,consistent;low_margin,consistent
SQUIDPY_VISIUM_FLUO,3,TGACCAAATCTTAAAC-1,reference_profile_learned_neighborhood,context_harm,Cortex_5,Cortex_5,Cortex_4,0.2463816659919621,0.4644984798435732,0.0223104596705722,0.2883345876719063,0.21811681385161108,0.26602412800133407,consistent;low_margin,consistent
SQUIDPY_VISIUM_FLUO,3,AGTTGACGGTCCTTGC-1,reference_profile_learned_neighborhood,context_harm,Cortex_5,Cortex_5,Cortex_4,0.236038301938993,0.4233181805007254,0.0528246310219883,0.2317079256922996,0.1872798785617324,0.17888329467031128,consistent;low_margin,consistent
SQUIDPY_VISIUM_FLUO,3,TTCTATTAAACGCAGC-1,reference_profile_learned_neighborhood,context_harm,Cortex_5,Cortex_5,Cortex_4,0.2362517320868613,0.3872799500564704,0.0208913513197111,0.2230237901934332,0.15102821796960914,0.20213243887372212,consistent;low_margin,consistent
SQUIDPY_VISIUM_FLUO,3,AATTCCAAGCATGTAC-1,reference_profile_learned_neighborhood,context_harm,Cortex_5,Cortex_5,Cortex_4,0.2635691766011296,0.3821734359516835,0.1150571233148113,0.2177074714037619,0.11860425935055391,0.1026503480889506,consistent,consistent
SQUIDPY_VISIUM_FLUO,1,GACTGATTGGTCACAA-1,reference_profile_learned_neighborhood,changed_but_still_wrong,Cortex_1,Thalamus_2,Hypothalamus_2,0.3124844476494252,0.532678661240558,0.0835341254152872,0.4276431794617952,0.22019421359113278,0.344109054046508,consistent,consistent
SQUIDPY_VISIUM_FLUO,4,TATAGATGGTCGCAGT-1,reference_profile_learned_neighborhood,changed_but_still_wrong,Hypothalamus_1,Thalamus_2,Thalamus_1,0.5737387332099577,0.498618741162987,0.4660208767238458,0.3353566756646577,-0.07511999204697073,-0.13066420105918808,consistent,learned_neighborhood_conflict
SQUIDPY_VISIUM_FLUO,3,ATGTACGATGACGTCG-1,reference_profile_learned_neighborhood,changed_but_still_wrong,Cortex_5,Cortex_1,Cortex_4,0.2415199383629135,0.4332302752671882,0.0457006705725504,0.2782123435052744,0.19171033690427472,0.232511672932724,consistent;low_margin,consistent
SQUIDPY_VISIUM_FLUO,4,CGCTAGAGACCGCTGC-1,reference_profile_learned_neighborhood,changed_but_still_wrong,Fiber_tracts,Thalamus_2,Thalamus_1,0.5014152334986952,0.4082961331030137,0.2467357019260921,0.2602517067875767,-0.0931191003956815,0.013516004861484604,consistent,learned_neighborhood_conflict
SQUIDPY_VISIUM_FLUO,1,ACTTACCGGGCGCGCA-1,reference_profile_learned_neighborhood,changed_but_still_wrong,Cortex_1,Thalamus_2,Thalamus_1,0.2009059984928419,0.4013861693696059,0.0147168135016691,0.2550522817019279,0.200480170876764,0.2403354682002588,consistent;low_margin,consistent
SQUIDPY_VISIUM_FLUO,1,CTCAAGACATTAGCGC-1,reference_profile_learned_neighborhood,changed_but_still_wrong,Cortex_1,Thalamus_2,Hypothalamus_2,0.5712913629068044,0.4031950077849836,0.435866369750661,0.2532168140289664,-0.1680963551218208,-0.1826495557216946,consistent,consistent
SQUIDPY_VISIUM_FLUO,2,GCTAGCTTGAATAGCT-1,reference_profile_learned_neighborhood,changed_but_still_wrong,Cortex_5,Cortex_3,Cortex_4,0.2027874560964065,0.3772636285925597,0.0020738807702966,0.2513500952864581,0.1744761724961532,0.24927621451616147,consistent;low_margin,consistent
SQUIDPY_VISIUM_FLUO,4,CTAGATGTGAGTGTAA-1,reference_profile_learned_neighborhood,changed_but_still_wrong,Hypothalamus_1,Thalamus_2,Hypothalamus_2,0.4252135500571927,0.3912611774027273,0.0327699192509893,0.2510048051117921,-0.03395237265446538,0.21823488586080278,consistent;low_margin,learned_neighborhood_conflict
SQUIDPY_VISIUM_FLUO,1,GTTTGGCCCAAGTTAT-1,reference_profile_learned_neighborhood,context_rescue,Thalamus_1,Thalamus_2,Thalamus_1,0.5140027720174478,0.953320841401176,0.0869473950113277,0.9221470043057596,0.4393180693837282,0.8351996092944318,consistent,consistent
SQUIDPY_VISIUM_FLUO,1,GTGTTACTATGCGTCC-1,reference_profile_learned_neighborhood,context_rescue,Thalamus_1,Thalamus_2,Thalamus_1,0.6094705575506236,0.9411078485915372,0.345590217669435,0.9030708190319476,0.33163729104091355,0.5574806013625127,consistent,consistent
SQUIDPY_VISIUM_FLUO,1,GATTCGACGGTTCACG-1,reference_profile_learned_neighborhood,context_rescue,Thalamus_1,Thalamus_2,Thalamus_1,0.5043932800378071,0.9334685765528888,0.1366677070714109,0.8921492146031214,0.4290752965150817,0.7554815075317105,consistent,consistent
SQUIDPY_VISIUM_FLUO,1,ACTCTCTGACTTAGGT-1,reference_profile_learned_neighborhood,context_rescue,Thalamus_1,Thalamus_2,Thalamus_1,0.412223531785901,0.9103903643922076,0.09380194822504,0.8721290702826656,0.49816683260630656,0.7783271220576257,consistent,consistent
SQUIDPY_VISIUM_FLUO,1,TCGCAAAGATGCATTT-1,reference_profile_learned_neighborhood,context_rescue,Thalamus_1,Thalamus_2,Thalamus_1,0.5018590685246657,0.8593368753162912,0.103012707926594,0.8008410459372547,0.35747780679162555,0.6978283380106607,consistent,consistent
SQUIDPY_VISIUM_FLUO,1,GAGATCTTCCATGACA-1,reference_profile_learned_neighborhood,context_rescue,Thalamus_1,Thalamus_2,Thalamus_1,0.3555027505378819,0.8531542747843546,0.0066691105010893,0.7962044379390542,0.4976515242464727,0.7895353274379648,consistent;low_margin,consistent
SQUIDPY_VISIUM_FLUO,1,CGTTGAGCGACCGTCG-1,reference_profile_learned_neighborhood,context_rescue,Thalamus_1,Thalamus_2,Thalamus_1,0.5027541704780883,0.8527194462989793,0.1891900496231315,0.7956900757783291,0.349965275820891,0.6065000261551976,consistent,consistent
SQUIDPY_VISIUM_FLUO,1,CATGGTAAGTAGCGTT-1,reference_profile_learned_neighborhood,context_rescue,Thalamus_1,Thalamus_2,Thalamus_1,0.5717147917604363,0.7912630925747004,0.3230371617502402,0.7167610287127458,0.21954830081426413,0.3937238669625056,consistent,consistent
SQUIDPY_VISIUM_HNE,3,GAGTATACCCTAATCA-1,reference_profile_learned_neighborhood,context_rescue,Hypothalamus_1,Thalamus_2,Hypothalamus_1,0.4419416140011759,0.6040797028040205,0.0257969644055084,0.3905656041730038,0.16213808880284458,0.3647686397674954,consistent;low_margin,consistent
SQUIDPY_VISIUM_HNE,3,AGAGAAACACCAGAAA-1,reference_profile_learned_neighborhood,context_rescue,Hypothalamus_1,Thalamus_2,Hypothalamus_1,0.4505262606171923,0.5889900441605616,0.0699380981908799,0.3562072490333262,0.13846378354336925,0.2862691508424463,consistent;low_margin,consistent
SQUIDPY_VISIUM_HNE,3,ACTGCCCGCCATTCTC-1,reference_profile_learned_neighborhood,context_rescue,Hypothalamus_1,Thalamus_2,Hypothalamus_1,0.4142817716928095,0.5693676431075526,0.01043860924649,0.3503476477505901,0.15508587141474311,0.3399090385041001,consistent;low_margin,consistent
SQUIDPY_VISIUM_HNE,3,GAGGGTAGTAACAAAG-1,reference_profile_learned_neighborhood,context_rescue,Hypothalamus_1,Thalamus_2,Hypothalamus_1,0.4983925338296426,0.5974298086355816,0.1185649212261327,0.3358945593330157,0.09903727480593899,0.217329638106883,consistent,consistent
SQUIDPY_VISIUM_HNE,3,CCCTCGATAATACACA-1,reference_profile_learned_neighborhood,context_rescue,Hypothalamus_1,Thalamus_2,Hypothalamus_1,0.477478327237837,0.5757478081273505,0.0797606155932105,0.3228216839616755,0.09826948088951348,0.24306106836846497,consistent;low_margin,consistent
SQUIDPY_VISIUM_HNE,3,CATACGAACTAGCTGG-1,reference_profile_learned_neighborhood,context_rescue,Hypothalamus_1,Thalamus_2,Hypothalamus_1,0.4334778334394649,0.5345472711547861,0.1143074808039542,0.3007046545164249,0.10106943771532118,0.18639717371247072,consistent,consistent
SQUIDPY_VISIUM_HNE,3,CGCACGTCTGTTTATG-1,reference_profile_learned_neighborhood,context_rescue,Hypothalamus_1,Thalamus_2,Hypothalamus_1,0.5707325374316388,0.5259291917427331,0.2765083861849072,0.2896500195435403,-0.04480334568890565,0.013141633358633109,consistent,consistent
SQUIDPY_VISIUM_HNE,3,GGGAACGGTTTCAGAT-1,reference_profile_learned_neighborhood,context_rescue,Hypothalamus_1,Thalamus_2,Hypothalamus_1,0.4208609336785971,0.4928096500304227,0.0260255270822633,0.2589511660542543,0.07194871635182559,0.23292563897199098,consistent;low_margin,consistent
SQUIDPY_VISIUM_HNE,3,TGAGGAGTGCCAGCTT-1,reference_profile_learned_neighborhood,changed_but_still_wrong,Striatum,Thalamus_2,Hypothalamus_1,0.3677609596996153,0.5066560548006299,0.0267212962937792,0.2919453356436829,0.1388950951010146,0.2652240393499037,consistent;low_margin,consistent
SQUIDPY_VISIUM_HNE,3,ACTACGCGTTAGAATT-1,reference_profile_learned_neighborhood,changed_but_still_wrong,Striatum,Thalamus_2,Hypothalamus_1,0.3310535724381485,0.4647677532509935,0.0072197202261142,0.2715121408903928,0.13371418081284503,0.26429242066427855,consistent;low_margin,consistent
SQUIDPY_VISIUM_HNE,3,CCGGAGCGTACTTTCT-1,reference_profile_learned_neighborhood,changed_but_still_wrong,Striatum,Thalamus_2,Hypothalamus_1,0.3984559988420236,0.4797689034491033,0.0896090665420221,0.251375438146545,0.08131290460707968,0.1617663716045229,consistent,consistent
SQUIDPY_VISIUM_HNE,3,TACCGTAGGTTAACTA-1,reference_profile_learned_neighborhood,changed_but_still_wrong,Striatum,Thalamus_2,Hypothalamus_1,0.3467650607228936,0.4588547293954474,0.0320455772593306,0.2414427106982006,0.11208966867255382,0.20939713343887,consistent;low_margin,consistent
SQUIDPY_VISIUM_HNE,3,CCAGTCTTGTCATAGA-1,reference_profile_learned_neighborhood,changed_but_still_wrong,Striatum,Thalamus_2,Hypothalamus_1,0.3730390531772325,0.4098943733722727,0.1306255815226688,0.2202979978544187,0.036855320195040175,0.08967241633174991,consistent,consistent
SQUIDPY_VISIUM_HNE,3,GATCTGCTATCTAAGG-1,reference_profile_learned_neighborhood,changed_but_still_wrong,Striatum,Thalamus_2,Hypothalamus_1,0.3873783539073672,0.4170492914477149,0.0790562995316948,0.1997360427898554,0.02967093754034772,0.12067974325816061,consistent;low_margin,consistent
SQUIDPY_VISIUM_HNE,3,TTCGCACTGTACGACA-1,reference_profile_learned_neighborhood,changed_but_still_wrong,Striatum,Thalamus_2,Hypothalamus_1,0.3626520447461232,0.3876303390620413,0.1661901627961886,0.1829343279663008,0.02497829431591808,0.016744165170112207,consistent,consistent
SQUIDPY_VISIUM_HNE,3,TTACCCTAGGGATTGG-1,reference_profile_learned_neighborhood,changed_but_still_wrong,Striatum,Thalamus_2,Hypothalamus_1,0.3567681722231037,0.4063147674900901,0.0034518114663684,0.1746795761217497,0.049546595266986404,0.1712277646553813,consistent;low_margin,consistent
SQUIDPY_VISIUM_HNE,4,TAGGTCCAAGTAAGGA-1,reference_profile_learned_neighborhood,context_harm,Lateral_ventricle,Lateral_ventricle,Hypothalamus_1,0.5188842920733707,0.779961241874977,0.0976681519364195,0.6855636809002179,0.26107694980160623,0.5878955289637984,consistent,learned_neighborhood_conflict
SQUIDPY_VISIUM_HNE,4,TACCTGCTGCACTGTG-1,reference_profile_learned_neighborhood,context_harm,Lateral_ventricle,Lateral_ventricle,Hypothalamus_1,0.4971429941799123,0.7340984000540319,0.0398417692500893,0.6042105466683292,0.23695540587411962,0.5643687774182399,consistent;low_margin,learned_neighborhood_conflict
SQUIDPY_VISIUM_HNE,4,TCGTCACACTGTTAGC-1,reference_profile_learned_neighborhood,context_harm,Lateral_ventricle,Lateral_ventricle,Hypothalamus_1,0.4911057764059487,0.6824934302256433,0.090085743480948,0.5495083033064323,0.19138765381969464,0.4594225598254843,consistent,learned_neighborhood_conflict
SQUIDPY_VISIUM_HNE,4,GGGTATGTATGCACTT-1,reference_profile_learned_neighborhood,context_harm,Lateral_ventricle,Lateral_ventricle,Hypothalamus_1,0.4922051478594544,0.5220346929190283,0.0823164419591209,0.3097821147927111,0.02982954505957386,0.2274656728335902,consistent,learned_neighborhood_conflict
SQUIDPY_VISIUM_HNE,4,CCGCACGTGACCTCGG-1,reference_profile_learned_neighborhood,context_harm,Lateral_ventricle,Lateral_ventricle,Hypothalamus_1,0.4725184907239916,0.4605011946855509,0.1547769825190265,0.2725038369549721,-0.012017296038440706,0.1177268544359456,consistent,learned_neighborhood_conflict
SQUIDPY_VISIUM_HNE,4,GGTGCTGATCACAAAG-1,reference_profile_learned_neighborhood,context_harm,Lateral_ventricle,Lateral_ventricle,Hypothalamus_1,0.5864623138463024,0.4767442636964578,0.3211299272208971,0.2479734907652048,-0.10971805014984465,-0.07315643645569231,consistent,learned_neighborhood_conflict
SQUIDPY_VISIUM_HNE,4,GAAACTCGTGCGATGC-1,reference_profile_learned_neighborhood,context_harm,Lateral_ventricle,Lateral_ventricle,Hypothalamus_1,0.4595214873580449,0.4599355341495921,0.1913089063414604,0.2466637038059151,0.0004140467915472179,0.05535479746445471,consistent,learned_neighborhood_conflict
SQUIDPY_VISIUM_HNE,1,GGCAAGGCGAAATAGC-1,reference_profile_learned_neighborhood,context_harm,Lateral_ventricle,Lateral_ventricle,Hypothalamus_1,0.3934144376474707,0.391819220611694,0.1353457473355057,0.2458327812992239,-0.001595217035776697,0.1104870339637182,consistent,learned_neighborhood_conflict
GEO_GSE240015_VISIUM_THYMUS_DOMAIN,4,d0_02mo::TGCCATGGCTTATAAG-1,marker_context_specific_neighborhood,changed_but_still_wrong,d0_02mo::leiden_1.0_0,d0_02mo::leiden_1.0_1,d0_18mo::leiden_1.0_3,0.1761329952982484,0.1790324885336286,0.0016954906570014,0.0310673626743508,0.0028994932353801905,0.0293718720173494,consistent;low_margin,consistent;low_margin
GEO_GSE240015_VISIUM_THYMUS_DOMAIN,4,d0_02mo::GTTGGATTCAGTGGCT-1,marker_context_specific_neighborhood,changed_but_still_wrong,d0_02mo::leiden_1.0_0,d0_02mo::leiden_1.0_1,d0_18mo::leiden_1.0_4,0.2883086508898863,0.282668029758423,0.0088293307598273,0.0295400522040368,-0.005640621131463297,0.020710721444209497,consistent;low_margin,consistent;low_margin
GEO_GSE240015_VISIUM_THYMUS_DOMAIN,3,d0_18mo::ATCAATCTGGGCTGCA-1,marker_context_specific_neighborhood,changed_but_still_wrong,d0_18mo::leiden_1.0_1,d0_18mo::leiden_1.0_0,d0_02mo::leiden_1.0_0,0.17523009597331,0.1815057828181996,0.0036469416804189,0.0291916887498598,0.006275686844889605,0.0255447470694409,consistent;low_margin,consistent;low_margin
GEO_GSE240015_VISIUM_THYMUS_DOMAIN,3,d0_18mo::TGTACGAACAAATCCG-1,marker_context_specific_neighborhood,changed_but_still_wrong,d0_18mo::leiden_1.0_0,d0_18mo::leiden_1.0_7,d0_02mo::leiden_1.0_3,0.2173435711047922,0.2000305150043989,0.0315985209796039,0.0265599375630942,-0.017313056100393298,-0.0050385834165097045,consistent;low_margin,context_specific_conflict;low_margin
GEO_GSE240015_VISIUM_THYMUS_DOMAIN,3,d0_18mo::CCAGCTCGAACGCATT-1,marker_context_specific_neighborhood,changed_but_still_wrong,d0_18mo::leiden_1.0_1,d0_18mo::leiden_1.0_3,d0_02mo::leiden_1.0_1,0.1990985370743338,0.1815735388039967,0.0366104656722885,0.0241367217057424,-0.0175249982703371,-0.012473743966546099,consistent;low_margin,consistent;low_margin
GEO_GSE240015_VISIUM_THYMUS_DOMAIN,1,d0_02mo::AACGCGGTCTCCAGCC-1,marker_context_specific_neighborhood,changed_but_still_wrong,d0_02mo::leiden_1.0_0,d0_18mo::leiden_1.0_1,d0_02mo::leiden_1.0_1,0.1517702456284317,0.1620109191011788,0.0006647970114759,0.0238865846104789,0.010240673472747097,0.023221787599003,consistent;low_margin,consistent;low_margin
GEO_GSE240015_VISIUM_THYMUS_DOMAIN,1,d0_02mo::TTGACCAGGAACAACT-1,marker_context_specific_neighborhood,changed_but_still_wrong,d0_02mo::leiden_1.0_4,d0_02mo::leiden_1.0_1,d0_18mo::leiden_1.0_7,0.2058304064024335,0.20776428873928,0.0040789620419649,0.0237980623280753,0.001933882336846493,0.019719100286110403,consistent;low_margin,consistent;low_margin
GEO_GSE240015_VISIUM_THYMUS_DOMAIN,1,d0_02mo::ATACTTGTTCTCGAGC-1,marker_context_specific_neighborhood,changed_but_still_wrong,d0_02mo::leiden_1.0_0,d0_02mo::leiden_1.0_1,d0_18mo::leiden_1.0_4,0.1787881779348412,0.1830740856004729,0.0010701418927583,0.0221654313717793,0.004285907665631694,0.021095289479021,consistent;low_margin,context_specific_conflict;low_margin
GEO_GSE240015_VISIUM_THYMUS_DOMAIN,4,d0_18mo::ATGATCGGGAATAGAC-1,marker_context_specific_neighborhood,context_rescue,d0_18mo::leiden_1.0_3,d0_02mo::leiden_1.0_1,d0_18mo::leiden_1.0_3,0.3755430098394693,0.3837858602590349,0.0040898949570066,0.0556569306541309,0.008242850419565573,0.0515670356971243,consistent;low_margin,context_specific_conflict;low_margin
GEO_GSE240015_VISIUM_THYMUS_DOMAIN,4,d0_18mo::TTGCTGAAGGAACCAC-1,marker_context_specific_neighborhood,context_rescue,d0_18mo::leiden_1.0_4,d0_02mo::leiden_1.0_1,d0_18mo::leiden_1.0_4,0.3210053356391473,0.3195618765708352,0.0133127537842517,0.0550241402226743,-0.001443459068312114,0.0417113864384226,consistent;low_margin,context_specific_conflict;low_margin
GEO_GSE240015_VISIUM_THYMUS_DOMAIN,1,d0_02mo::TTACTATCGGCTTCTC-1,marker_context_specific_neighborhood,context_rescue,d0_02mo::leiden_1.0_0,d0_18mo::leiden_1.0_4,d0_02mo::leiden_1.0_0,0.1951888909266369,0.2030190963358104,0.0063865262583888,0.0342276025045719,0.00783020540917348,0.0278410762461831,consistent;low_margin,consistent;low_margin
GEO_GSE240015_VISIUM_THYMUS_DOMAIN,4,d0_18mo::AAACGAGACGGTTGAT-1,marker_context_specific_neighborhood,context_rescue,d0_18mo::leiden_1.0_3,d0_02mo::leiden_1.0_1,d0_18mo::leiden_1.0_3,0.3235034139887988,0.3104962874149355,0.0171243673245504,0.0244004704354403,-0.01300712657386327,0.0072761031108899005,consistent;low_margin,consistent;low_margin
GEO_GSE240015_VISIUM_THYMUS_DOMAIN,1,d0_02mo::TGTTATTGTATGTGGC-1,marker_context_specific_neighborhood,context_rescue,d0_02mo::leiden_1.0_4,d0_18mo::leiden_1.0_0,d0_02mo::leiden_1.0_4,0.1825542543087318,0.1861098639989727,0.0064289618262334,0.0159149162669046,0.0035556096902409073,0.0094859544406712,consistent;low_margin,consistent;low_margin
GEO_GSE240015_VISIUM_THYMUS_DOMAIN,4,d0_02mo::GGCGTACCCTATATAA-1,marker_context_specific_neighborhood,context_rescue,d0_02mo::leiden_1.0_0,d0_18mo::leiden_1.0_6,d0_02mo::leiden_1.0_0,0.1530105462927642,0.1516643136589011,0.0090642529847116,0.015346322673373,-0.0013462326338631037,0.0062820696886614,consistent;low_margin,consistent;low_margin
GEO_GSE240015_VISIUM_THYMUS_DOMAIN,1,d0_02mo::GTTGCACGGAGTTTCG-1,marker_context_specific_neighborhood,context_rescue,d0_02mo::leiden_1.0_1,d0_18mo::leiden_1.0_3,d0_02mo::leiden_1.0_1,0.3098834098440623,0.3080170522788357,0.0051132252583903,0.0139670142088245,-0.0018663575652266284,0.008853788950434198,consistent;low_margin,consistent;low_margin
GEO_GSE240015_VISIUM_THYMUS_DOMAIN,3,d0_18mo::TCCTAAATTGGGAAGC-1,marker_context_specific_neighborhood,context_rescue,d0_18mo::leiden_1.0_1,d0_02mo::leiden_1.0_1,d0_18mo::leiden_1.0_1,0.1259421256860446,0.1268828466206738,0.0012407272632968,0.0118454028055954,0.0009407209346292134,0.010604675542298601,consistent;low_margin,consistent;low_margin
GEO_GSE240015_VISIUM_THYMUS_DOMAIN,1,d0_02mo::ATAATCTTGGAGAACC-1,marker_context_specific_neighborhood,context_harm,d0_02mo::leiden_1.0_1,d0_02mo::leiden_1.0_1,d0_18mo::leiden_1.0_3,0.3774664532355725,0.3850925700478217,0.0287909498469324,0.0872785922779815,0.0076261168122492284,0.058487642431049106,consistent;low_margin,consistent
GEO_GSE240015_VISIUM_THYMUS_DOMAIN,1,d0_02mo::CCGGAATGGTTTCAGT-1,marker_context_specific_neighborhood,context_harm,d0_02mo::leiden_1.0_1,d0_02mo::leiden_1.0_1,d0_18mo::leiden_1.0_3,0.39119523289086,0.3964732473976435,0.0322116822780198,0.0844761743857758,0.005278014506783502,0.052264492107756,consistent;low_margin,consistent
GEO_GSE240015_VISIUM_THYMUS_DOMAIN,1,d0_02mo::GCCTATTCCGATATAG-1,marker_context_specific_neighborhood,context_harm,d0_02mo::leiden_1.0_1,d0_02mo::leiden_1.0_1,d0_18mo::leiden_1.0_3,0.360619613570639,0.3693087997344095,0.0150031905159309,0.0713657827819946,0.008689186163770513,0.056362592266063695,consistent;low_margin,consistent;low_margin
GEO_GSE240015_VISIUM_THYMUS_DOMAIN,1,d0_02mo::GTAGTCTACGATATTG-1,marker_context_specific_neighborhood,context_harm,d0_02mo::leiden_1.0_1,d0_02mo::leiden_1.0_1,d0_18mo::leiden_1.0_3,0.3221151170204458,0.3283415467317468,0.0102485563416102,0.0603129814291483,0.006226429711300996,0.050064425087538104,consistent;low_margin,consistent;low_margin
GEO_GSE240015_VISIUM_THYMUS_DOMAIN,1,d0_02mo::AACGATAATGCCGTAG-1,marker_context_specific_neighborhood,context_harm,d0_02mo::leiden_1.0_1,d0_02mo::leiden_1.0_1,d0_18mo::leiden_1.0_4,0.3153627054380504,0.326525117539824,0.0030953240298766,0.0576927791024124,0.0111624121017736,0.0545974550725358,consistent;low_margin,consistent;low_margin
GEO_GSE240015_VISIUM_THYMUS_DOMAIN,1,d0_02mo::GTAGCGGCTATACACT-1,marker_context_specific_neighborhood,context_harm,d0_02mo::leiden_1.0_1,d0_02mo::leiden_1.0_1,d0_18mo::leiden_1.0_3,0.3293575501881221,0.3290870988209454,0.019799498401073,0.0575339000709868,-0.00027045136717668283,0.0377344016699138,consistent;low_margin,consistent;low_margin
GEO_GSE240015_VISIUM_THYMUS_DOMAIN,1,d0_02mo::TTGTGCAGCCACGTCA-1,marker_context_specific_neighborhood,context_harm,d0_02mo::leiden_1.0_1,d0_02mo::leiden_1.0_1,d0_18mo::leiden_1.0_3,0.323285190168565,0.3166905228909186,0.0269102790686494,0.0516412494095146,-0.006594667277646404,0.024730970340865202,consistent;low_margin,consistent;low_margin
GEO_GSE240015_VISIUM_THYMUS_DOMAIN,1,d0_02mo::TGCTGGTTGGACAATT-1,marker_context_specific_neighborhood,context_harm,d0_02mo::leiden_1.0_1,d0_02mo::leiden_1.0_1,d0_18mo::leiden_1.0_3,0.3831792536701529,0.367886533936109,0.0480873893834528,0.0478073069587623,-0.015292719734043891,-0.000280082424690499,consistent;low_margin,consistent;low_margin
GEO_GSE284005_MERSCOPE_MS,2,ms11r1_1546636600146101058,marker_context_specific_neighborhood,context_rescue,DA.Astro,Imm.Astro,DA.Astro,0.42752882994113,0.4563174442536982,0.006094821699131,0.0814109187253635,0.028788614312568184,0.0753160970262325,consistent;low_margin,consistent
GEO_GSE284005_MERSCOPE_MS,1,ms8r0_1158060700142100510,marker_context_specific_neighborhood,context_rescue,Vas.Astro,DA.Astro,Vas.Astro,0.1890633217341638,0.1979783304177785,0.020639110749252,0.0615433264106776,0.008915008683614695,0.0409042156614256,consistent;low_margin,context_specific_conflict;low_margin
GEO_GSE284005_MERSCOPE_MS,1,ms16r1_1915492200158100266,marker_context_specific_neighborhood,context_rescue,CCN1.Astro,DA.Astro,CCN1.Astro,0.4176853912831718,0.4157641461481067,0.0174426538293124,0.0534361382265369,-0.001921245135065086,0.0359934843972245,consistent;low_margin,consistent;low_margin
GEO_GSE284005_MERSCOPE_MS,2,ms11r1_1546636600164100602,marker_context_specific_neighborhood,context_rescue,Micro Homeo,Micro VEGFA,Micro Homeo,0.2370289409320627,0.252001476448295,0.0021649198932518,0.0523213534686148,0.014972535516232316,0.050156433575363,consistent;low_margin,context_specific_conflict;low_margin
GEO_GSE284005_MERSCOPE_MS,1,ms16r1_1915492200121100162,marker_context_specific_neighborhood,context_rescue,DAOPC,OPC,DAOPC,0.3335030872485635,0.3157172248374147,0.0099110448197168,0.0510653296203781,-0.017785862411148767,0.0411542848006613,consistent;low_margin,consistent;low_margin
GEO_GSE284005_MERSCOPE_MS,5,ms4r1_4486557600085100349,marker_context_specific_neighborhood,context_rescue,CD4+ T,Stress T,CD4+ T,0.3836567541563133,0.387506420423731,0.0014149614139378,0.045096858445833,0.0038496662674177284,0.0436818970318952,consistent;low_margin,context_specific_conflict;low_margin
GEO_GSE284005_MERSCOPE_MS,1,ms8r0_1158060700069100146,marker_context_specific_neighborhood,context_rescue,Micro Homeo,Micro SPP1,Micro Homeo,0.1891607480684801,0.2075727845371714,0.0006727853026718,0.043182987194201,0.0184120364686913,0.0425102018915292,consistent;low_margin,context_specific_conflict;low_margin
GEO_GSE284005_MERSCOPE_MS,3,ms16r0_1915491600168100429,marker_context_specific_neighborhood,context_rescue,Homeo.Endo,Repair.Endo,Homeo.Endo,0.3693501770859497,0.3737567802572452,0.0040831925798553,0.0421737562333834,0.004406603171295487,0.0380905636535281,consistent;low_margin,consistent;low_margin
GEO_GSE284005_MERSCOPE_MS,4,ms1r1_4318552600038100059,marker_context_specific_neighborhood,changed_but_still_wrong,Micro Homeo,Micro Foamy,Mac,0.2931218533427227,0.2512051389290436,0.0725234714219225,0.0592247674605582,-0.04191671441367911,-0.013298703961364303,consistent;low_margin,marker_conflict;context_specific_conflict;low_margin
GEO_GSE284005_MERSCOPE_MS,2,ms10r0_1454334000198100060,marker_context_specific_neighborhood,changed_but_still_wrong,Stress.Astro,Homeo.Astro,Vas.Astro,0.3036995685257395,0.2882774195545183,7.661083309634664e-05,0.0512769309355631,-0.015422148971221183,0.05120032010246675,consistent;low_margin,consistent;low_margin
GEO_GSE284005_MERSCOPE_MS,1,ms16r1_1915492200021100281,marker_context_specific_neighborhood,changed_but_still_wrong,Homeo.Astro,Imm.Astro,DA.Astro,0.1598033306319722,0.16545878556956,0.0018496979641179,0.0462334530601645,0.005655454937587817,0.0443837550960466,consistent;low_margin,consistent;low_margin
GEO_GSE284005_MERSCOPE_MS,1,ms16r1_1915492200118100305,marker_context_specific_neighborhood,changed_but_still_wrong,OPALIN+ OL,Disease OL,Stress OL,0.1951068940422106,0.1950172246525557,0.0029836859546433,0.0320542714207453,-8.966938965490612e-05,0.029070585466102,consistent;low_margin,consistent;low_margin
GEO_GSE284005_MERSCOPE_MS,2,ms10r0_1454334000165100345,marker_context_specific_neighborhood,changed_but_still_wrong,Stress.Astro,Homeo.Astro,Vas.Astro,0.2512873232280179,0.2494638830648619,0.0509860293292626,0.0316125986052806,-0.0018234401631559982,-0.019373430723981996,consistent;low_margin,marker_conflict;low_margin
GEO_GSE284005_MERSCOPE_MS,1,ms16r1_1915492200219100252,marker_context_specific_neighborhood,changed_but_still_wrong,Homeo.Endo,inflammatory.Endo,Repair.Endo,0.1258284577165461,0.1329917414531762,0.0047681547063273,0.0301798142455042,0.007163283736630083,0.0254116595391769,consistent;low_margin,consistent;low_margin
GEO_GSE284005_MERSCOPE_MS,4,ms1r1_4318552600095100238,marker_context_specific_neighborhood,changed_but_still_wrong,Micro VEGFA,Micro SPP1,Micro Stress,0.1904994059491371,0.1977271489533156,0.0006088320501981,0.0258520498185849,0.0072277430041785,0.0252432177683868,consistent;low_margin,consistent;low_margin
GEO_GSE284005_MERSCOPE_MS,2,ms10r0_1454334000182100231,marker_context_specific_neighborhood,changed_but_still_wrong,Fibroblast,Homeo.Endo,Repair.Endo,0.1592078124213222,0.1440656904787662,0.0309881570922418,0.0234543568102891,-0.015142121942556014,-0.007533800281952701,consistent;low_margin,consistent;low_margin
GEO_GSE284005_MERSCOPE_MS,2,ms10r0_1454334000183100125,marker_context_specific_neighborhood,context_harm,Homeo.Astro,Homeo.Astro,DA.Astro,0.3724375066490035,0.3629989249591316,0.0639947790316454,0.0873930620664991,-0.009438581689871883,0.02339828303485371,consistent;low_margin,marker_conflict
GEO_GSE284005_MERSCOPE_MS,1,ms6r1_4527009401837100049,marker_context_specific_neighborhood,context_harm,DAOPC,DAOPC,OPC,0.4327545641226055,0.4384837237708605,0.0063557231711213,0.0689912664308172,0.005729159648254989,0.06263554325969589,consistent;low_margin,context_specific_conflict;low_margin
GEO_GSE284005_MERSCOPE_MS,1,ms8r0_1158060700117100163,marker_context_specific_neighborhood,context_harm,Homeo.Endo,Homeo.Endo,Repair.Endo,0.2865327300942253,0.3144741971173803,0.0134296202143276,0.0631404855717593,0.027941467023154976,0.0497108653574317,consistent;low_margin,consistent;low_margin
GEO_GSE284005_MERSCOPE_MS,1,ms8r0_1158060700053100334,marker_context_specific_neighborhood,context_harm,SMC,SMC,Pericyte,0.2698029543326944,0.263113134753712,0.0371038940609514,0.0559839950783867,-0.006689819578982403,0.0188801010174353,consistent;low_margin,context_specific_conflict;low_margin
GEO_GSE284005_MERSCOPE_MS,2,ms11r1_1546636600067100660,marker_context_specific_neighborhood,context_harm,Micro SPP1,Micro SPP1,Micro Foamy,0.5013470522819623,0.4737510912746754,0.0892628457467016,0.0511101404961694,-0.027595961007286895,-0.038152705250532194,consistent,marker_conflict;low_margin
GEO_GSE284005_MERSCOPE_MS,2,ms11r1_1546636600041101460,marker_context_specific_neighborhood,context_harm,Repair.Endo,Repair.Endo,inflammatory.Endo,0.3371591480226305,0.2550419810984303,0.1469308974910613,0.0443506001961628,-0.08211716692420018,-0.10258029729489851,consistent,marker_conflict;low_margin
GEO_GSE284005_MERSCOPE_MS,1,ms8r0_1158060700051100074,marker_context_specific_neighborhood,context_harm,OPC,OPC,DAOPC,0.376005599430005,0.3155963091768126,0.0433100742977283,0.0431994740425638,-0.060409290253192416,-0.00011060025516449606,consistent;low_margin,context_specific_conflict;low_margin
GEO_GSE284005_MERSCOPE_MS,1,ms16r1_1915492200040100040,marker_context_specific_neighborhood,context_harm,DAOPC,DAOPC,OPC,0.4686452462046163,0.4470144450265084,0.0369613802833115,0.0412649516282769,-0.021630801178107895,0.004303571344965396,consistent;low_margin,consistent;low_margin
GEO_GSE327581_COSMX_AD_BRAIN,4,GSM9661871_120Land323DY::75::75,marker_context_specific_neighborhood,changed_but_still_wrong,Pericytes,Vascular.endothelial.cells,Olfactory.bulb.inhibitory.neurons,0.0856053389072308,0.3399560850338739,0.0133742031616261,0.3025920342134193,0.2543507461266431,0.2892178310517932,consistent;low_margin,consistent
GEO_GSE327581_COSMX_AD_BRAIN,4,GSM9661871_120Land323DY::35::644,marker_context_specific_neighborhood,changed_but_still_wrong,Hindbrain.inhibitory.neurons,Inhibitory.neurons.reticular.nucleus,Excitatory.neurons.layer.4,0.0983951556494964,0.2146613010803551,0.0138182721232186,0.1194932204829999,0.11626614543085871,0.1056749483597813,consistent;low_margin,consistent
GEO_GSE327581_COSMX_AD_BRAIN,4,GSM9661871_120Land323DY::238::462,marker_context_specific_neighborhood,changed_but_still_wrong,Excitatory.neurons.layer.1.piriform,Excitatory.neurons.hippocampal.CA3,Excitatory.neurons.layer.6,0.2799314400524323,0.2254976296401222,0.0839394241116427,0.1084072875269422,-0.0544338104123101,0.02446786341529951,consistent,marker_conflict
GEO_GSE327581_COSMX_AD_BRAIN,5,GSM9661872_118Band1182L::4::1218,marker_context_specific_neighborhood,changed_but_still_wrong,Hindbrain.inhibitory.neurons,Telencephalon.inhibitory.neurons,Interneurons,0.1692406043018331,0.2241200468290152,0.0128611652210305,0.1020471740927719,0.054879442527182104,0.08918600887174141,consistent;low_margin,consistent
GEO_GSE327581_COSMX_AD_BRAIN,2,GSM9661874_217Rand144_2L::46::177,marker_context_specific_neighborhood,changed_but_still_wrong,Perivascular.macrophages,Vascular.endothelial.cells,Excitatory.neurons.hippocampal.CA2,0.1428693779178989,0.3458515077449647,0.0457345152222947,0.1001172731615274,0.20298212982706582,0.054382757939232695,consistent;low_margin,consistent
GEO_GSE327581_COSMX_AD_BRAIN,4,GSM9661871_120Land323DY::238::386,marker_context_specific_neighborhood,changed_but_still_wrong,Excitatory.neurons.layer.1.piriform,Excitatory.neurons.hippocampal.CA3,Excitatory.neurons.layer.6,0.2767357984799579,0.2595793194835816,0.0608827165820792,0.0898276413366608,-0.01715647899637629,0.028944924754581595,consistent;low_margin,marker_conflict
GEO_GSE327581_COSMX_AD_BRAIN,2,GSM9661874_217Rand144_2L::73::134,marker_context_specific_neighborhood,changed_but_still_wrong,Tanycytes,Astrocytes.cortex.hippocampus,Ependymal.cells,0.0654996204060023,0.122879071601239,0.0126233172326079,0.0832263519512838,0.0573794511952367,0.0706030347186759,consistent;low_margin,consistent
GEO_GSE327581_COSMX_AD_BRAIN,4,GSM9661871_120Land323DY::55::262,marker_context_specific_neighborhood,changed_but_still_wrong,Vascular.smooth.muscle.cells,Vascular.leptomeningeal.cells,Olfactory.bulb.inhibitory.neurons,0.1875988651738052,0.165082100518667,0.0902474833658597,0.0706791254360715,-0.02251676465513819,-0.0195683579297882,consistent,marker_conflict;low_margin
GEO_GSE327581_COSMX_AD_BRAIN,4,GSM9661871_120Land323DY::108::651,marker_context_specific_neighborhood,context_harm,CCK.interneurons,CCK.interneurons,Olfactory.bulb.inhibitory.neurons,0.1422313215214556,0.3035911122162774,0.0666693154653899,0.2370951387456392,0.1613597906948218,0.1704258232802493,consistent;low_margin,marker_conflict
GEO_GSE327581_COSMX_AD_BRAIN,2,GSM9661874_217Rand144_2L::85::127,marker_context_specific_neighborhood,context_harm,D1.medium.spiny.neurons,D1.medium.spiny.neurons,D2.medium.spiny.neurons,0.5228668316280203,0.5174425434543726,0.0691236534639785,0.1091410579577307,-0.005424288173647707,0.0400174044937522,consistent;low_margin,marker_conflict;context_specific_conflict
GEO_GSE327581_COSMX_AD_BRAIN,2,GSM9661874_217Rand144_2L::50::475,marker_context_specific_neighborhood,context_harm,Perivascular.macrophages,Perivascular.macrophages,Hypendymal,0.6678063773670807,0.436880868671172,0.4652454371602914,0.1070556183303743,-0.23092550869590872,-0.3581898188299171,consistent,marker_conflict;context_specific_conflict
GEO_GSE327581_COSMX_AD_BRAIN,2,GSM9661874_217Rand144_2L::259::342,marker_context_specific_neighborhood,context_harm,Vascular.smooth.muscle.cells,Vascular.smooth.muscle.cells,Pericytes,0.5341956368992541,0.5148977699355166,0.0798632012234135,0.0846161593909261,-0.019297866963737476,0.004752958167512589,consistent;low_margin,marker_conflict
GEO_GSE327581_COSMX_AD_BRAIN,4,GSM9661871_120Land323DY::91::402,marker_context_specific_neighborhood,context_harm,Neuroblasts,Neuroblasts,Olfactory.bulb.inhibitory.neurons,0.2410564169178287,0.2216748447357825,0.1147052631966894,0.0815228766014335,-0.019381572182046197,-0.03318238659525591,consistent,marker_conflict
GEO_GSE327581_COSMX_AD_BRAIN,4,GSM9661871_120Land323DY::107::585,marker_context_specific_neighborhood,context_harm,Interneuron.selective.interneurons,Interneuron.selective.interneurons,Olfactory.bulb.inhibitory.neurons,0.1993983799828748,0.1962255323770891,0.0831929871245636,0.0732632568333721,-0.003172847605785706,-0.0099297302911915,consistent,marker_conflict;low_margin
GEO_GSE327581_COSMX_AD_BRAIN,4,GSM9661871_120Land323DY::181::118,marker_context_specific_neighborhood,context_harm,Microglia,Microglia,Hindbrain.excitatory.neurons,0.2605723116555871,0.2163173464111175,0.0978678945461215,0.0699067896551854,-0.04425496524446959,-0.027961104890936103,consistent,marker_conflict;context_specific_conflict;low_margin
GEO_GSE327581_COSMX_AD_BRAIN,4,GSM9661871_120Land323DY::92::130,marker_context_specific_neighborhood,context_harm,Radial.glia,Radial.glia,Olfactory.bulb.inhibitory.neurons,0.2213751791729369,0.2223196511047827,0.1234081033125205,0.0539824747691553,0.0009444719318457973,-0.0694256285433652,consistent,marker_conflict;low_margin
GEO_GSE327581_COSMX_AD_BRAIN,2,GSM9661874_217Rand144_2L::39::128,marker_context_specific_neighborhood,context_rescue,Vascular.smooth.muscle.cells,Pericytes,Vascular.smooth.muscle.cells,0.7224304160106086,0.649730618170679,0.4526803824510279,0.3695019096268255,-0.07269979783992964,-0.08317847282420238,consistent,marker_conflict
GEO_GSE327581_COSMX_AD_BRAIN,2,GSM9661874_217Rand144_2L::69::183,marker_context_specific_neighborhood,context_rescue,Excitatory.neurons.layer.5,Inhibitory.neurons.reticular.nucleus,Excitatory.neurons.layer.5,0.4772607037723237,0.5682553101513105,0.0517996767542691,0.350066935341122,0.09099460637898676,0.2982672585868529,consistent;low_margin,marker_conflict;context_specific_conflict
GEO_GSE327581_COSMX_AD_BRAIN,4,GSM9661871_120Land323DY::114::200,marker_context_specific_neighborhood,context_rescue,Telencephalon.inhibitory.neurons,Inhibitory.neurons.reticular.nucleus,Telencephalon.inhibitory.neurons,0.5789814021466102,0.473341580290688,0.2851569673439253,0.2412520535359207,-0.10563982185592219,-0.043904913808004625,consistent,marker_conflict;context_specific_conflict
GEO_GSE327581_COSMX_AD_BRAIN,2,GSM9661874_217Rand144_2L::60::341,marker_context_specific_neighborhood,context_rescue,Choroid.plexus.epithelial.cells,Pericytes,Choroid.plexus.epithelial.cells,0.3078122112209052,0.2536728035211654,0.1396561765794163,0.1897564094991873,-0.054139407699739794,0.050100232919770976,consistent,marker_conflict;context_specific_conflict
GEO_GSE327581_COSMX_AD_BRAIN,4,GSM9661871_120Land323DY::81::407,marker_context_specific_neighborhood,context_rescue,Granule.neurons,Olfactory.bulb.inhibitory.neurons,Granule.neurons,0.2668224308950513,0.2774074339759633,0.063898098992849,0.176811033464016,0.010585003080911981,0.112912934471167,consistent;low_margin,marker_conflict
GEO_GSE327581_COSMX_AD_BRAIN,4,GSM9661871_120Land323DY::247::80,marker_context_specific_neighborhood,context_rescue,Granule.neurons,Excitatory.neurons.hippocampal.CA3,Granule.neurons,0.3467983726985966,0.4366735009975491,0.0316234229672762,0.1684950749820207,0.0898751282989525,0.1368716520147445,consistent;low_margin,consistent
GEO_GSE327581_COSMX_AD_BRAIN,4,GSM9661871_120Land323DY::247::166,marker_context_specific_neighborhood,context_rescue,Granule.neurons,Excitatory.neurons.hippocampal.CA3,Granule.neurons,0.3534319775193074,0.4212263330237659,0.0323948322798663,0.1549718937424348,0.0677943555044585,0.1225770614625685,consistent;low_margin,consistent
GEO_GSE327581_COSMX_AD_BRAIN,4,GSM9661871_120Land323DY::38::555,marker_context_specific_neighborhood,context_rescue,Astrocytes.Bergmann.glia,Purkinje.cells,Astrocytes.Bergmann.glia,0.3979950828777124,0.4477291737041814,0.0734032502398818,0.1034811394266616,0.04973409082646901,0.030077889186779797,consistent;low_margin,marker_conflict;context_specific_conflict
GEO_GSE333737_MERSCOPE_PANCREAS_VASCULAR,2,441891300278100226,marker_context_specific_neighborhood,context_rescue,Fibroblasts,Islet-associated Fibroblasts,Fibroblasts,0.3808676969420609,0.4015099575457065,0.0095221943416174,0.0498562126820518,0.0206422606036456,0.0403340183404344,consistent;low_margin,consistent;low_margin
GEO_GSE333737_MERSCOPE_PANCREAS_VASCULAR,2,1952862500153100836,marker_context_specific_neighborhood,context_rescue,Islet-associated Fibroblasts,Endothelial Cells,Islet-associated Fibroblasts,0.361239241498469,0.3608267185258231,0.0144943847127753,0.0237320713994561,-0.000412522972645879,0.009237686686680801,consistent;low_margin,consistent;low_margin
GEO_GSE333737_MERSCOPE_PANCREAS_VASCULAR,5,1681451800086100675,marker_context_specific_neighborhood,context_rescue,Islet-associated Fibroblasts,Endothelial Cells,Islet-associated Fibroblasts,0.3190619786327667,0.3196308559765898,5.706686987355658e-05,0.0110283833207779,0.0005688773438231043,0.010971316450904343,consistent;low_margin,context_specific_conflict;low_margin
GEO_GSE333737_MERSCOPE_PANCREAS_VASCULAR,2,1952862500008100358,marker_context_specific_neighborhood,context_rescue,Islet-associated Fibroblasts,Pericytes,Islet-associated Fibroblasts,0.342460397698544,0.3434791011327324,0.008256141797127,0.010769458209235,0.0010187034341884171,0.0025133164121080003,consistent;low_margin,consistent;low_margin
GEO_GSE333737_MERSCOPE_PANCREAS_VASCULAR,4,341424900123102121,marker_context_specific_neighborhood,context_rescue,Islet-associated Fibroblasts,Endothelial Cells,Islet-associated Fibroblasts,0.3663869326040724,0.3598844516807121,0.0218144710797194,0.0093751374029496,-0.00650248092336031,-0.0124393336767698,consistent;low_margin,consistent;low_margin
GEO_GSE333737_MERSCOPE_PANCREAS_VASCULAR,5,4402015400330101876,marker_context_specific_neighborhood,context_rescue,Endothelial Cells,Pericytes,Endothelial Cells,0.487107155745524,0.4819241987862441,0.0133636032429922,0.0091879991761998,-0.005182956959279894,-0.004175604066792399,consistent;low_margin,context_specific_conflict;low_margin
GEO_GSE333737_MERSCOPE_PANCREAS_VASCULAR,4,341424900160100481,marker_context_specific_neighborhood,context_rescue,Islet-associated Fibroblasts,Endothelial Cells,Islet-associated Fibroblasts,0.3549969887528725,0.3497136558185741,0.0202351798518441,0.00917254118852,-0.00528333293429839,-0.011062638663324102,consistent;low_margin,consistent;low_margin
GEO_GSE333737_MERSCOPE_PANCREAS_VASCULAR,2,441891300183100459,marker_context_specific_neighborhood,context_rescue,Islet-associated Fibroblasts,Pericytes,Islet-associated Fibroblasts,0.3383056515444317,0.340107426553334,0.0163194588011207,0.0060595348684182,0.0018017750089022733,-0.0102599239327025,consistent;low_margin,consistent;low_margin
GEO_GSE333737_MERSCOPE_PANCREAS_VASCULAR,2,1952862500317101298,marker_context_specific_neighborhood,context_harm,Islet-associated Fibroblasts,Islet-associated Fibroblasts,Fibroblasts,0.4777413124682398,0.4950132746568774,0.0346712094898409,0.0803975329340709,0.01727196218863758,0.04572632344423,consistent;low_margin,consistent
GEO_GSE333737_MERSCOPE_PANCREAS_VASCULAR,2,441891300077101827,marker_context_specific_neighborhood,context_harm,Pericytes,Pericytes,Endothelial Cells,0.4041080606152908,0.4190967913280134,0.0019668658407263,0.0313097135711307,0.014988730712722609,0.029342847730404402,consistent;low_margin,consistent;low_margin
GEO_GSE333737_MERSCOPE_PANCREAS_VASCULAR,2,1952862500180102006,marker_context_specific_neighborhood,context_harm,Islet-associated Fibroblasts,Islet-associated Fibroblasts,Fibroblasts,0.4450850444353897,0.4200738721301738,0.0629971768519965,0.029726523541698,-0.025011172305215934,-0.033270653310298506,consistent;low_margin,marker_conflict;low_margin
GEO_GSE333737_MERSCOPE_PANCREAS_VASCULAR,5,1941758400161100719,marker_context_specific_neighborhood,context_harm,Pericytes,Pericytes,Fibroblasts,0.3459051236593556,0.3420925861170155,0.0285418662029979,0.0220722345109986,-0.003812537542340122,-0.006469631691999298,consistent;low_margin,consistent;low_margin
GEO_GSE333737_MERSCOPE_PANCREAS_VASCULAR,4,341424900085201165,marker_context_specific_neighborhood,context_harm,Fibroblasts,Fibroblasts,Islet-associated Fibroblasts,0.4058102570139346,0.4096022893017022,0.0046824826403309,0.0159112146275713,0.003792032287767644,0.0112287319872404,consistent;low_margin,consistent;low_margin
GEO_GSE333737_MERSCOPE_PANCREAS_VASCULAR,5,1941758400160100732,marker_context_specific_neighborhood,context_harm,Pericytes,Pericytes,Endothelial Cells,0.316588747219189,0.3047844024061772,0.0127618445051869,0.0115372231017271,-0.011804344813011791,-0.0012246214034598007,consistent;low_margin,context_specific_conflict;low_margin
GEO_GSE333737_MERSCOPE_PANCREAS_VASCULAR,4,341424100075100666,marker_context_specific_neighborhood,context_harm,Fibroblasts,Fibroblasts,Islet-associated Fibroblasts,0.3182128186938662,0.3137907621013805,0.0042412095710719,0.0101472937770751,-0.004422056592485679,0.0059060842060032,consistent;low_margin,context_specific_conflict;low_margin
GEO_GSE333737_MERSCOPE_PANCREAS_VASCULAR,5,4402015400201100545,marker_context_specific_neighborhood,context_harm,Islet-associated Fibroblasts,Islet-associated Fibroblasts,Fibroblasts,0.3142960545553694,0.3140043102913669,0.0038571714205233,0.008324341968234,-0.00029174426400252473,0.004467170547710701,consistent;low_margin,consistent;low_margin
GEO_GSE333737_MERSCOPE_PANCREAS_VASCULAR,5,4402015400416101041,marker_context_specific_neighborhood,changed_but_still_wrong,Islet-associated Fibroblasts,Endothelial Cells,Fibroblasts,0.3367951561902965,0.342659502076533,0.0054469169779969,0.0348105917334364,0.005864345886236522,0.029363674755439495,consistent;low_margin,consistent;low_margin
GEO_GSE333737_MERSCOPE_PANCREAS_VASCULAR,2,1952862500303102222,marker_context_specific_neighborhood,changed_but_still_wrong,Pericytes,Endothelial Cells,Islet-associated Fibroblasts,0.3860810824037702,0.3865443490775738,0.0059365375980085,0.011432827316621,0.0004632666738035862,0.0054962897186125,consistent;low_margin,context_specific_conflict;low_margin
GEO_GSE333737_MERSCOPE_PANCREAS_VASCULAR,5,1941758400373102588,marker_context_specific_neighborhood,changed_but_still_wrong,Endothelial Cells,Fibroblasts,Pericytes,0.3664301430677317,0.361583261695216,0.0074905652491623,0.0082022951783627,-0.00484688137251571,0.0007117299292003993,consistent;low_margin,context_specific_conflict;low_margin
GEO_GSE333737_MERSCOPE_PANCREAS_VASCULAR,5,1681451800333102505,marker_context_specific_neighborhood,changed_but_still_wrong,Fibroblasts,Endothelial Cells,Islet-associated Fibroblasts,0.3374701990782083,0.3345969553338412,0.0139684477591102,0.0075578616503127,-0.0028732437443670933,-0.0064105861087975,consistent;low_margin,consistent;low_margin
GEO_GSE333737_MERSCOPE_PANCREAS_VASCULAR,2,441891300176102051,marker_context_specific_neighborhood,changed_but_still_wrong,Fibroblasts,Endothelial Cells,Islet-associated Fibroblasts,0.3228334334239044,0.3103521428363234,0.0254140254616576,0.0047544632241588,-0.012481290587581018,-0.0206595622374988,consistent;low_margin,consistent;low_margin
GEO_GSE333737_MERSCOPE_PANCREAS_VASCULAR,5,1681451800245102045,marker_context_specific_neighborhood,changed_but_still_wrong,Fibroblasts,Islet-associated Fibroblasts,Endothelial Cells,0.3195968908369502,0.3128957036967573,0.0068007616415742,0.0025058712671937,-0.00670118714019291,-0.0042948903743805,consistent;low_margin,context_specific_conflict;low_margin
GSE202623_LESION,1,b4s8_2.5481096653635e+38,marker_context_specific_neighborhood,changed_but_still_wrong,Microglia,VLMC,T-cells,0.1914631825411228,0.1914101437777881,0.0198163576437805,0.0408943937751671,-5.303876333470625e-05,0.021078036131386597,consistent;low_margin,context_specific_conflict;low_margin
GSE202623_LESION,2,b4s8_2.07480265553667e+38,marker_context_specific_neighborhood,changed_but_still_wrong,Microglia,Endothelial,VLMC,0.1663503175398161,0.1824561773757306,0.0005091702539706,0.0366325772033281,0.016105859835914504,0.0361234069493575,consistent;low_margin,context_specific_conflict;low_margin
GSE202623_LESION,2,b4s8_5.56677291404051e+37,marker_context_specific_neighborhood,changed_but_still_wrong,Microglia,T-cells,VLMC,0.1607034669498023,0.1725363115607746,0.0079024540988356,0.0304594919488974,0.011832844610972282,0.0225570378500618,consistent;low_margin,consistent;low_margin
GSE202623_LESION,2,b4s8_8.5064039509366e+37,marker_context_specific_neighborhood,changed_but_still_wrong,Microglia,VLMC,OPCs,0.1644585108682811,0.1971439135223379,0.0125977552514454,0.0289452939231954,0.03268540265405681,0.016347538671749998,consistent;low_margin,context_specific_conflict;low_margin
GSE202623_LESION,2,b4s8_2.42186993321474e+37,marker_context_specific_neighborhood,changed_but_still_wrong,Microglia,Endothelial,OPCs,0.16962411709125,0.1679162078234118,0.0181097137564379,0.0278780695571868,-0.0017079092678382035,0.009768355800748897,consistent;low_margin,context_specific_conflict;low_margin
GSE202623_LESION,2,b4s8_3.27321568374132e+38,marker_context_specific_neighborhood,changed_but_still_wrong,Microglia,Endothelial,OPCs,0.1803967837774361,0.1707058838163777,0.0106357854889195,0.0262670000743407,-0.009690899961058402,0.0156312145854212,consistent;low_margin,context_specific_conflict;low_margin
GSE202623_LESION,2,b4s8_9.71432161788959e+37,marker_context_specific_neighborhood,changed_but_still_wrong,Microglia,Oligodendrocyte,VLMC,0.1409647296598754,0.1532253405778073,0.0039017294118903,0.0246923066918995,0.012260610917931902,0.0207905772800092,consistent;low_margin,consistent;low_margin
GSE202623_LESION,1,b4s8_1.71876038877458e+38,marker_context_specific_neighborhood,changed_but_still_wrong,Astrocytes,Oligodendrocyte,OPCs,0.3047476094950734,0.2959733359958121,0.0037498026657789,0.0244557020852934,-0.008774273499261298,0.0207058994195145,consistent;low_margin,consistent;low_margin
GSE202623_LESION,1,b4s8_3.10302102556544e+38,marker_context_specific_neighborhood,context_rescue,Oligodendrocyte,Endothelial,Oligodendrocyte,0.1754627857533655,0.1912090255857279,0.0050529874263219,0.0303390993845425,0.015746239832362396,0.0252861119582206,consistent;low_margin,consistent;low_margin
GSE202623_LESION,3,b4s8_1.48013756176275e+38,marker_context_specific_neighborhood,context_rescue,VLMC,Endothelial,VLMC,0.3383936838927845,0.3515431226071905,0.0019639704867163,0.0258798043465381,0.013149438714405992,0.0239158338598218,consistent;low_margin,consistent;low_margin
GSE202623_LESION,2,b4s8_3.26011467585051e+38,marker_context_specific_neighborhood,context_rescue,Oligodendrocyte,OPCs,Oligodendrocyte,0.2561729049304275,0.2494213046182342,0.0083766006103355,0.0248602017925888,-0.0067516003121932955,0.016483601182253296,consistent;low_margin,consistent;low_margin
GSE202623_LESION,2,b4s8_4.38376168482874e+37,marker_context_specific_neighborhood,context_rescue,Microglia,T-cells,Microglia,0.4894426717768814,0.4740757298485539,0.0321175358295119,0.02343190799249,-0.015366941928327493,-0.008685627837021898,consistent;low_margin,consistent;low_margin
GSE202623_LESION,2,b4s8_2.55399197502434e+38,marker_context_specific_neighborhood,context_rescue,Oligodendrocyte,Endothelial,Oligodendrocyte,0.1899619052096868,0.2027102730620739,0.0123402568895034,0.0207182436874452,0.012748367852387088,0.008377986797941798,consistent;low_margin,consistent;low_margin
GSE202623_LESION,3,b4s8_3.29109143807088e+38,marker_context_specific_neighborhood,context_rescue,Microglia,T-cells,Microglia,0.1931653365824563,0.2043467927447366,0.0035199566458931,0.0180568286263807,0.011181456162280307,0.0145368719804876,consistent;low_margin,consistent;low_margin
GSE202623_LESION,2,b4s8_1.5728458786256e+37,marker_context_specific_neighborhood,context_rescue,Microglia,Oligodendrocyte,Microglia,0.1579935447411936,0.1656586660333485,0.0055196641777384,0.0160929395678627,0.007665121292154908,0.010573275390124297,consistent;low_margin,consistent;low_margin
GSE202623_LESION,3,b4s8_3.26338811558954e+38,marker_context_specific_neighborhood,context_rescue,Oligodendrocyte,OPCs,Oligodendrocyte,0.2180468945176314,0.2136162169159099,0.0089972451086599,0.0132463244989685,-0.0044306776017215,0.004249079390308601,consistent;low_margin,consistent;low_margin
GSE202623_LESION,2,b4s8_9.23630217750763e+37,marker_context_specific_neighborhood,context_harm,Microglia,Microglia,Oligodendrocyte,0.3478113373488003,0.4220738059735189,0.0172320285781343,0.1527753721697949,0.07426246862471858,0.1355433435916606,consistent;low_margin,context_specific_conflict
GSE202623_LESION,1,b4s8_5.2744743323799e+37,marker_context_specific_neighborhood,context_harm,Microglia,Microglia,T-cells,0.5038574598150348,0.4547595746576941,0.1055672886757266,0.0684138912515229,-0.049097885157340704,-0.03715339742420369,consistent,marker_conflict;context_specific_conflict;low_margin
GSE202623_LESION,1,b4s8_1.29824357449584e+38,marker_context_specific_neighborhood,context_harm,Microglia,Microglia,T-cells,0.5111912990740847,0.4551484408220409,0.1024593968299474,0.057076422068012,-0.05604285825204375,-0.045382974761935396,consistent,marker_conflict;low_margin
GSE202623_LESION,1,b4s8_2.88851994798078e+38,marker_context_specific_neighborhood,context_harm,Microglia,Microglia,T-cells,0.2710415759164832,0.2881088644279008,0.0037904197289426,0.055118912919055,0.01706728851141759,0.0513284931901124,consistent;low_margin,consistent;low_margin
GSE202623_LESION,3,b4s8_1.30000736513451e+38,marker_context_specific_neighborhood,context_harm,Endothelial,Endothelial,VLMC,0.4102990133489976,0.4284987362512278,0.0108827935343525,0.0464805337352363,0.01819972290223021,0.0355977402008838,consistent;low_margin,consistent;low_margin
GSE202623_LESION,1,b4s8_2.70614290115789e+38,marker_context_specific_neighborhood,context_harm,Microglia,Microglia,T-cells,0.2914584920545435,0.2668344352539141,0.0124659766030761,0.0405040519455939,-0.0246240568006294,0.0280380753425178,consistent;low_margin,context_specific_conflict;low_margin
GSE202623_LESION,2,b4s8_2.14594145461841e+38,marker_context_specific_neighborhood,context_harm,Microglia,Microglia,T-cells,0.3311015826273183,0.2690840638544964,0.1013269479152744,0.0292416342816565,-0.06201751877282191,-0.07208531363361789,consistent,marker_conflict;low_margin
GSE202623_LESION,1,b4s8_2.23237234165942e+38,marker_context_specific_neighborhood,context_harm,Microglia,Microglia,T-cells,0.5125526282013679,0.487890702432903,0.0539665874746614,0.0224007142534953,-0.024661925768464932,-0.031565873221166094,consistent;low_margin,marker_conflict;context_specific_conflict;low_margin
SQUIDPY_IMC,5,2449,marker_context_specific_neighborhood,context_harm,macrophages,macrophages,CK+ HR+ tumor cell,0.1508271095445971,0.1550005776718552,0.0115205593813007,0.0493157795220484,0.0041734681272581065,0.0377952201407477,consistent;low_margin,consistent;low_margin
SQUIDPY_IMC,1,3273,marker_context_specific_neighborhood,context_harm,apoptotic tumor cell,apoptotic tumor cell,CK low HR low tumor cell,0.2152584632222621,0.2214554619583933,0.0330245863499756,0.0419681038476938,0.006196998736131193,0.008943517497718198,consistent;low_margin,consistent;low_margin
SQUIDPY_IMC,5,1575,marker_context_specific_neighborhood,context_harm,CK+ HR+ tumor cell,CK+ HR+ tumor cell,proliferative tumor cell,0.1301180848206554,0.1441874533645104,0.0018314987536857,0.0345973570614711,0.014069368543854988,0.0327658583077854,consistent;low_margin,consistent;low_margin
SQUIDPY_IMC,1,1058,marker_context_specific_neighborhood,context_harm,basal CK tumor cell,basal CK tumor cell,proliferative tumor cell,0.1384309305605215,0.1467952571011402,0.0053948596439709,0.0152059553874559,0.008364326540618694,0.009811095743485002,consistent;low_margin,consistent;low_margin
SQUIDPY_IMC,1,3963,marker_context_specific_neighborhood,context_harm,basal CK tumor cell,basal CK tumor cell,CK+ HR+ tumor cell,0.1646245361986933,0.1704797824324539,0.0139742857838584,0.0140161789250483,0.005855246233760603,4.189314118990123e-05,consistent;low_margin,context_specific_conflict;low_margin
SQUIDPY_IMC,5,3440,marker_context_specific_neighborhood,context_harm,CK low HR low tumor cell,CK low HR low tumor cell,apoptotic tumor cell,0.1707379222739523,0.1425922874978103,0.0108005770434031,0.0118022338272759,-0.028145634776141987,0.0010016567838728,consistent;low_margin,consistent;low_margin
SQUIDPY_IMC,2,4226,marker_context_specific_neighborhood,context_harm,proliferative tumor cell,proliferative tumor cell,endothelial,0.2312192301580332,0.215911100336865,0.0186747903593329,0.0098474697414588,-0.015308129821168193,-0.0088273206178741,consistent;low_margin,consistent;low_margin
SQUIDPY_IMC,1,4399,marker_context_specific_neighborhood,context_harm,basal CK tumor cell,basal CK tumor cell,endothelial,0.1099725647803171,0.1439379279863612,0.0023407415679678,0.0079345080568682,0.03396536320604411,0.005593766488900399,consistent;low_margin,consistent;low_margin
SQUIDPY_IMC,5,1250,marker_context_specific_neighborhood,context_rescue,proliferative tumor cell,endothelial,proliferative tumor cell,0.2888976644241781,0.2966147220777402,0.0011600364910095,0.064415819183123,0.0077170576535621205,0.0632557826921135,consistent;low_margin,consistent;low_margin
SQUIDPY_IMC,1,1178,marker_context_specific_neighborhood,context_rescue,apoptotic tumor cell,CK low HR low tumor cell,apoptotic tumor cell,0.2420592142442903,0.1721843481473678,0.0677068604528539,0.0400809881872218,-0.0698748660969225,-0.027625872265632102,consistent;low_margin,marker_conflict;context_specific_conflict;low_margin
SQUIDPY_IMC,5,1896,marker_context_specific_neighborhood,context_rescue,apoptotic tumor cell,CK low HR low tumor cell,apoptotic tumor cell,0.1857971589661492,0.1869392427196852,0.0051199194547314,0.0278192123105981,0.0011420837535359996,0.0226992928558667,consistent;low_margin,consistent;low_margin
SQUIDPY_IMC,5,2914,marker_context_specific_neighborhood,context_rescue,apoptotic tumor cell,proliferative tumor cell,apoptotic tumor cell,0.2100622018913958,0.1715212274188349,0.0517784870864733,0.023133618017895,-0.038540974472560885,-0.0286448690685783,consistent;low_margin,marker_conflict;low_margin
SQUIDPY_IMC,5,2660,marker_context_specific_neighborhood,context_rescue,apoptotic tumor cell,proliferative tumor cell,apoptotic tumor cell,0.1927689104114768,0.149178885328836,0.0571944697527099,0.0227547918904117,-0.043590025082640815,-0.0344396778622982,consistent;low_margin,marker_conflict;low_margin
SQUIDPY_IMC,5,2622,marker_context_specific_neighborhood,context_rescue,apoptotic tumor cell,CK low HR low tumor cell,apoptotic tumor cell,0.1490189726484443,0.1482692939146997,0.0121316297735108,0.0207929509491705,-0.0007496787337445965,0.0086613211756597,consistent;low_margin,consistent;low_margin
SQUIDPY_IMC,5,2782,marker_context_specific_neighborhood,context_rescue,apoptotic tumor cell,CK low HR low tumor cell,apoptotic tumor cell,0.2157505834497704,0.212640276947276,0.0017032233261678,0.020198317801081,-0.0031103065024944143,0.0184950944749132,consistent;low_margin,consistent;low_margin
SQUIDPY_IMC,5,2562,marker_context_specific_neighborhood,context_rescue,apoptotic tumor cell,proliferative tumor cell,apoptotic tumor cell,0.1568895790655966,0.1436426414877428,0.0322717770049374,0.0185893369470927,-0.013246937577853807,-0.013682440057844698,consistent;low_margin,consistent;low_margin
SQUIDPY_IMC,1,3432,marker_context_specific_neighborhood,changed_but_still_wrong,basal CK tumor cell,CK+ HR+ tumor cell,small elongated stromal cell,0.1397652085421813,0.1439761234804573,0.0174302416950293,0.0425003173448143,0.004210914938275995,0.025070075649784997,consistent;low_margin,consistent;low_margin
SQUIDPY_IMC,5,1480,marker_context_specific_neighborhood,changed_but_still_wrong,apoptotic tumor cell,CK low HR low tumor cell,proliferative tumor cell,0.1566013480841473,0.1726612502978107,0.0284882607643565,0.0362681368165357,0.016059902213663407,0.0077798760521792,consistent;low_margin,consistent;low_margin
SQUIDPY_IMC,1,860,marker_context_specific_neighborhood,changed_but_still_wrong,p53+ EGFR+ tumor cell,CK+ HR+ tumor cell,apoptotic tumor cell,0.2064683486587007,0.2011694581055147,0.0012729101279671,0.0346952680785957,-0.0052988905531859976,0.0334223579506286,consistent;low_margin,context_specific_conflict;low_margin
SQUIDPY_IMC,1,4681,marker_context_specific_neighborhood,changed_but_still_wrong,small elongated stromal cell,vimentin hi stromal cell,proliferative tumor cell,0.1446737634905411,0.1363816964845064,0.0019886940373219,0.0304721035511551,-0.008292067006034687,0.0284834095138332,consistent;low_margin,consistent;low_margin
SQUIDPY_IMC,5,2424,marker_context_specific_neighborhood,changed_but_still_wrong,basal CK tumor cell,proliferative tumor cell,CK+ HR+ tumor cell,0.1779152497235297,0.1547841532805378,0.0235502550642355,0.0217023403209152,-0.02313109644299191,-0.0018479147433203003,consistent;low_margin,consistent;low_margin
SQUIDPY_IMC,1,693,marker_context_specific_neighborhood,changed_but_still_wrong,T cells,small elongated stromal cell,vimentin hi stromal cell,0.3756285783551443,0.3124709359691098,0.0419213565942185,0.0169166161963283,-0.0631576423860345,-0.0250047403978902,consistent;low_margin,context_specific_conflict;low_margin
SQUIDPY_IMC,1,3840,marker_context_specific_neighborhood,changed_but_still_wrong,small elongated stromal cell,p53+ EGFR+ tumor cell,vimentin hi stromal cell,0.1304443270243248,0.1219604554102067,0.0138733852441582,0.0146011846025739,-0.008483871614118094,0.0007277993584156994,consistent;low_margin,consistent;low_margin
SQUIDPY_IMC,5,2809,marker_context_specific_neighborhood,changed_but_still_wrong,small elongated stromal cell,proliferative tumor cell,CK+ HR+ tumor cell,0.1338945373043474,0.1364831199768608,0.0138522449562099,0.0143572715384596,0.002588582672513412,0.0005050265822496985,consistent;low_margin,consistent;low_margin
SQUIDPY_MERFISH,4,63664-1,marker_context_specific_neighborhood,changed_but_still_wrong,OD Immature 2,Astrocyte,Ependymal,0.4151813289446044,0.5126174790461169,0.0476812146334175,0.2095224688216831,0.09743615010151246,0.16184125418826562,consistent;low_margin,consistent
SQUIDPY_MERFISH,1,7763-10,marker_context_specific_neighborhood,changed_but_still_wrong,OD Mature 4,OD Mature 2,OD Mature 3,0.2780202742711882,0.2913488159166431,0.0066903735599673,0.0291694944747922,0.013328541645454883,0.022479120914824898,consistent;low_margin,consistent;low_margin
SQUIDPY_MERFISH,4,26618-7,marker_context_specific_neighborhood,changed_but_still_wrong,OD Mature 4,Inhibitory,Excitatory,0.4216805020173694,0.4055263339640424,0.0297783780584629,0.0259358995679472,-0.016154168053326978,-0.0038424784905156974,consistent;low_margin,consistent;low_margin
SQUIDPY_MERFISH,2,21352-8,marker_context_specific_neighborhood,changed_but_still_wrong,OD Mature 1,OD Mature 3,OD Mature 2,0.2784008607752511,0.2824544605697813,0.0030894419316204,0.0227935451496954,0.004053599794530183,0.019704103218075,consistent;low_margin,consistent;low_margin
SQUIDPY_MERFISH,4,28876-7,marker_context_specific_neighborhood,changed_but_still_wrong,OD Mature 1,OD Mature 4,OD Mature 2,0.2893370800498852,0.2926180786385021,0.0211524776905406,0.0151463986702075,0.0032809985886169124,-0.006006079020333099,consistent;low_margin,consistent;low_margin
SQUIDPY_MERFISH,4,24956-7,marker_context_specific_neighborhood,changed_but_still_wrong,OD Mature 1,OD Mature 4,OD Mature 2,0.2926512008411783,0.2932935654744102,0.0255820359830339,0.0134014600520031,0.0006423646332319177,-0.0121805759310308,consistent;low_margin,consistent;low_margin
SQUIDPY_MERFISH,4,23885-7,marker_context_specific_neighborhood,changed_but_still_wrong,OD Immature 1,Excitatory,OD Immature 2,0.2170152041712871,0.2161126658432806,0.0092218401497086,0.0131728178553174,-0.0009025383280065191,0.0039509777056088,consistent;low_margin,consistent;low_margin
SQUIDPY_MERFISH,4,27676-7,marker_context_specific_neighborhood,changed_but_still_wrong,OD Immature 2,OD Mature 3,OD Mature 2,0.2831374543378726,0.2798075812449223,0.0012301225892588,0.011136351916275,-0.0033298730929502973,0.0099062293270162,consistent;low_margin,consistent;low_margin
SQUIDPY_MERFISH,4,24214-7,marker_context_specific_neighborhood,context_harm,Ependymal,Ependymal,Endothelial 2,0.1800980911268374,0.1993182530380772,0.0027912250192973,0.0450699787921486,0.01922016191123982,0.0422787537728513,consistent;low_margin,consistent;low_margin
SQUIDPY_MERFISH,4,27567-7,marker_context_specific_neighborhood,context_harm,Excitatory,Excitatory,OD Mature 4,0.178819211311991,0.172071250279151,0.027295503758993,0.0445346772471346,-0.006747961032840005,0.0172391734881416,consistent;low_margin,context_specific_conflict;low_margin
SQUIDPY_MERFISH,4,65798-1,marker_context_specific_neighborhood,context_harm,OD Immature 1,OD Immature 1,Inhibitory,0.3228648108453748,0.2718126815872646,0.0782687026837141,0.0318967457923373,-0.051052129258110146,-0.0463719568913768,consistent;low_margin,marker_conflict;low_margin
SQUIDPY_MERFISH,1,7574-10,marker_context_specific_neighborhood,context_harm,OD Mature 2,OD Mature 2,OD Mature 3,0.2955447579929173,0.3004101925051309,0.0073670830434193,0.0311113868596725,0.004865434512213607,0.023744303816253202,consistent;low_margin,context_specific_conflict;low_margin
SQUIDPY_MERFISH,4,26057-7,marker_context_specific_neighborhood,context_harm,OD Mature 4,OD Mature 4,OD Mature 2,0.3715482017949166,0.3760662978314361,0.0165743867985284,0.0276301712312768,0.004518096036519481,0.011055784432748399,consistent;low_margin,consistent;low_margin
SQUIDPY_MERFISH,4,25007-7,marker_context_specific_neighborhood,context_harm,Endothelial 2,Endothelial 2,OD Immature 2,0.1933712350829071,0.1734620124704703,0.0166062702401704,0.0270167248624293,-0.0199092226124368,0.0104104546222589,consistent;low_margin,consistent;low_margin
SQUIDPY_MERFISH,4,61843-1,marker_context_specific_neighborhood,context_harm,Pericytes,Pericytes,Endothelial 3,0.2063214593997208,0.1945722818501757,0.0039552946880918,0.017789121058506,-0.011749177549545103,0.0138338263704142,consistent;low_margin,consistent;low_margin
SQUIDPY_MERFISH,4,24171-7,marker_context_specific_neighborhood,context_harm,Pericytes,Pericytes,Endothelial 2,0.2363851082775433,0.2376004384889754,0.0327414203500849,0.0148917598804002,0.0012153302114321085,-0.017849660469684697,consistent;low_margin,consistent;low_margin
SQUIDPY_MERFISH,4,28156-7,marker_context_specific_neighborhood,context_rescue,Endothelial 3,Endothelial 1,Endothelial 3,0.4947240394657991,0.5040524206256048,0.0357157581305627,0.0831267414970018,0.009328381159805721,0.047410983366439105,consistent;low_margin,consistent
SQUIDPY_MERFISH,4,49776-3,marker_context_specific_neighborhood,context_rescue,OD Immature 2,Excitatory,OD Immature 2,0.372357746067339,0.3925606099399114,0.0038800203974145,0.0736367626604548,0.020202863872572363,0.0697567422630403,consistent;low_margin,consistent;low_margin
SQUIDPY_MERFISH,4,50350-3,marker_context_specific_neighborhood,context_rescue,Ependymal,Astrocyte,Ependymal,0.3344609030595201,0.356254272275032,0.0194793224878848,0.073325829934866,0.021793369215511893,0.053846507446981204,consistent;low_margin,consistent;low_margin
SQUIDPY_MERFISH,4,26900-7,marker_context_specific_neighborhood,context_rescue,Endothelial 2,Endothelial 3,Endothelial 2,0.3048381947153636,0.309776223744272,0.0511714187181023,0.0685302756360297,0.004938029028908386,0.0173588569179274,consistent;low_margin,marker_conflict;low_margin
SQUIDPY_MERFISH,4,24266-7,marker_context_specific_neighborhood,context_rescue,Endothelial 2,Microglia,Endothelial 2,0.2383571717399659,0.2319934554517286,0.056925523518432,0.0570508379796793,-0.006363716288237314,0.0001253144612473056,consistent;low_margin,marker_conflict;low_margin
SQUIDPY_MERFISH,4,25498-7,marker_context_specific_neighborhood,context_rescue,Endothelial 2,Endothelial 1,Endothelial 2,0.2781634451355546,0.2688609395440391,0.0304251835382669,0.0441791303812908,-0.009302505591515464,0.0137539468430239,consistent;low_margin,consistent;low_margin
SQUIDPY_MERFISH,3,30395-6,marker_context_specific_neighborhood,context_rescue,Endothelial 2,Microglia,Endothelial 2,0.3104884880783373,0.3203557720322198,0.01436332285408,0.0383893226285191,0.009867283953882533,0.024025999774439102,consistent;low_margin,consistent;low_margin
SQUIDPY_MERFISH,4,25445-7,marker_context_specific_neighborhood,context_rescue,Endothelial 3,Endothelial 1,Endothelial 3,0.4735983336974435,0.4660382076632862,0.0147011826305292,0.0381946343727987,-0.0075601260341572885,0.0234934517422695,consistent;low_margin,consistent;low_margin
SQUIDPY_MIBITOF,2,3947-0,marker_context_specific_neighborhood,context_harm,Myeloid_CD68,Myeloid_CD68,Myeloid_CD11c,0.3822601061635761,0.4148839261522463,0.0103319785640547,0.1207732168767101,0.0326238199886702,0.1104412383126554,consistent;low_margin,context_specific_conflict
SQUIDPY_MIBITOF,3,9450-1,marker_context_specific_neighborhood,context_harm,Myeloid_CD68,Myeloid_CD68,Imm_other,0.3016782070658463,0.3113016825892077,0.0165865292560983,0.0811749912771243,0.009623475523361402,0.064588462021026,consistent;low_margin,consistent
SQUIDPY_MIBITOF,1,46407-2,marker_context_specific_neighborhood,context_harm,Imm_other,Imm_other,Myeloid_CD68,0.2559659193691691,0.2472540962943749,0.0102676264308276,0.0584649443405326,-0.008711823074794234,0.048197317909705,consistent;low_margin,context_specific_conflict;low_margin
SQUIDPY_MIBITOF,2,3431-0,marker_context_specific_neighborhood,context_harm,Tcell_CD4,Tcell_CD4,Myeloid_CD11c,0.2285677064651472,0.2337767460274734,0.0029297646233449,0.046350597962822,0.005209039562326184,0.043420833339477105,consistent;low_margin,context_specific_conflict;low_margin
SQUIDPY_MIBITOF,3,9981-1,marker_context_specific_neighborhood,context_harm,Myeloid_CD68,Myeloid_CD68,Myeloid_CD11c,0.3397067205095676,0.3318611856050077,0.0163476292499578,0.046266865838314,-0.007845534904559859,0.0299192365883562,consistent;low_margin,consistent;low_margin
SQUIDPY_MIBITOF,2,3249-0,marker_context_specific_neighborhood,context_harm,Tcell_CD4,Tcell_CD4,Myeloid_CD11c,0.3313426684872604,0.2882483021205884,0.0717084708065576,0.0442030997617244,-0.04309436636667202,-0.027505371044833193,consistent;low_margin,marker_conflict;context_specific_conflict;low_margin
SQUIDPY_MIBITOF,3,9741-1,marker_context_specific_neighborhood,context_harm,Myeloid_CD68,Myeloid_CD68,Myeloid_CD11c,0.3370068882028199,0.335099830511244,0.0206446720545767,0.0435485470682549,-0.0019070576915758974,0.0229038750136782,consistent;low_margin,consistent;low_margin
SQUIDPY_MIBITOF,1,46782-2,marker_context_specific_neighborhood,context_harm,Myeloid_CD11c,Myeloid_CD11c,Myeloid_CD68,0.2591141448886164,0.2558847779156095,0.0007849270708307,0.0378157997224405,-0.0032293669730069086,0.0370308726516098,consistent;low_margin,context_specific_conflict;low_margin
SQUIDPY_MIBITOF,1,47202-2,marker_context_specific_neighborhood,changed_but_still_wrong,Tcell_CD4,Myeloid_CD11c,Myeloid_CD68,0.3953417237708602,0.3573878043052829,0.0768286135170894,0.0690665840221758,-0.0379539194655773,-0.0077620294949136,consistent;low_margin,marker_conflict;low_margin
SQUIDPY_MIBITOF,2,4113-0,marker_context_specific_neighborhood,changed_but_still_wrong,Tcell_CD4,Epithelial,Endothelial,0.3786189393938162,0.3827853960151577,0.0170813465570108,0.0562468598387169,0.004166456621341519,0.0391655132817061,consistent;low_margin,consistent;low_margin
SQUIDPY_MIBITOF,3,9630-1,marker_context_specific_neighborhood,changed_but_still_wrong,Myeloid_CD68,Tcell_CD4,Epithelial,0.2359543326451471,0.2437032939601191,0.0262991658338669,0.0439258534245942,0.007748961314972019,0.017626687590727302,consistent;low_margin,consistent;low_margin
SQUIDPY_MIBITOF,2,3722-0,marker_context_specific_neighborhood,changed_but_still_wrong,Myeloid_CD11c,Tcell_CD4,Epithelial,0.1884474990346078,0.2093414288398212,0.0004385528204051,0.0431879244087848,0.0208939298052134,0.0427493715883797,consistent;low_margin,consistent;low_margin
SQUIDPY_MIBITOF,3,10294-1,marker_context_specific_neighborhood,changed_but_still_wrong,Imm_other,Tcell_CD8,Fibroblast,0.3028970514418823,0.3078466941329186,0.0281408939498736,0.0426371109621585,0.004949642691036316,0.014496217012284898,consistent;low_margin,consistent;low_margin
SQUIDPY_MIBITOF,2,3329-0,marker_context_specific_neighborhood,changed_but_still_wrong,Tcell_CD4,Fibroblast,Myeloid_CD11c,0.2617922034315126,0.2335218543054388,0.0762922543101706,0.0411873388709445,-0.028270349126073818,-0.0351049154392261,consistent;low_margin,marker_conflict;context_specific_conflict;low_margin
SQUIDPY_MIBITOF,3,10100-1,marker_context_specific_neighborhood,changed_but_still_wrong,Epithelial,Myeloid_CD68,Myeloid_CD11c,0.2948092620267875,0.2923815679181186,0.0147197514671846,0.0398856328158916,-0.0024276941086688875,0.025165881348707002,consistent;low_margin,consistent;low_margin
SQUIDPY_MIBITOF,2,3416-0,marker_context_specific_neighborhood,changed_but_still_wrong,Tcell_CD4,Epithelial,Myeloid_CD11c,0.285958131887328,0.2695655764759018,0.0344704479983602,0.0301919924937159,-0.016392555411426202,-0.0042784555046443025,consistent;low_margin,consistent;low_margin
SQUIDPY_MIBITOF,3,10193-1,marker_context_specific_neighborhood,context_rescue,Fibroblast,Tcell_CD4,Fibroblast,0.2380798414470114,0.2491699741066468,0.0047033770215258,0.0316042866165406,0.011090132659635404,0.0269009095950148,consistent;low_margin,consistent;low_margin
SQUIDPY_MIBITOF,3,9984-1,marker_context_specific_neighborhood,context_rescue,Myeloid_CD68,Endothelial,Myeloid_CD68,0.2937296121658656,0.2773064073914142,0.0300811260072053,0.0313253856182937,-0.01642320477445136,0.0012442596110883997,consistent;low_margin,consistent;low_margin
SQUIDPY_MIBITOF,2,4140-0,marker_context_specific_neighborhood,context_rescue,Tcell_CD8,Tcell_CD4,Tcell_CD8,0.2698291776018938,0.2537360598993314,0.0044364604935941,0.0307205959031577,-0.016093117702562387,0.026284135409563602,consistent;low_margin,context_specific_conflict;low_margin
SQUIDPY_MIBITOF,2,3817-0,marker_context_specific_neighborhood,context_rescue,Tcell_CD4,Epithelial,Tcell_CD4,0.194016291745168,0.1875170096835492,0.0083844318820983,0.0283907219570935,-0.0064992820616187885,0.0200062900749952,consistent;low_margin,context_specific_conflict;low_margin
SQUIDPY_MIBITOF,1,46825-2,marker_context_specific_neighborhood,context_rescue,Myeloid_CD11c,Myeloid_CD68,Myeloid_CD11c,0.1945917175706709,0.1982433428409331,0.0017564059398602,0.0252477161470704,0.003651625270262193,0.023491310207210202,consistent;low_margin,consistent;low_margin
SQUIDPY_MIBITOF,1,47021-2,marker_context_specific_neighborhood,context_rescue,Myeloid_CD11c,Myeloid_CD68,Myeloid_CD11c,0.3693674050016825,0.3541094311809352,0.0007451815393307,0.0249134003204117,-0.01525797382074734,0.024168218781081,consistent;low_margin,consistent;low_margin
SQUIDPY_MIBITOF,3,9717-1,marker_context_specific_neighborhood,context_rescue,Myeloid_CD11c,Imm_other,Myeloid_CD11c,0.3201850196047457,0.3046144059419051,0.0488084273740024,0.0243115200859813,-0.015570613662840627,-0.0244969072880211,consistent;low_margin,consistent;low_margin
SQUIDPY_MIBITOF,2,3890-0,marker_context_specific_neighborhood,context_rescue,Tcell_CD8,Imm_other,Tcell_CD8,0.3765222438252962,0.3482931103396436,0.0294412152061472,0.0195284825230682,-0.02822913348565259,-0.009912732683079,consistent;low_margin,consistent;low_margin
SQUIDPY_SEQFISH,2,embryo1_Pos26_cell99_z2,marker_context_specific_neighborhood,context_rescue,Spinal cord,NMP,Spinal cord,0.4600377823740805,0.4951724687008794,0.0007095052747087,0.0757566434884152,0.03513468632679889,0.0750471382137065,consistent;low_margin,consistent;low_margin
SQUIDPY_SEQFISH,3,embryo1_Pos10_cell107_z2,marker_context_specific_neighborhood,context_rescue,Neural crest,Lateral plate mesoderm,Neural crest,0.2117602150026162,0.2147370877337456,0.0155571053142655,0.0436158294998887,0.0029768727311294263,0.0280587241856232,consistent;low_margin,consistent;low_margin
SQUIDPY_SEQFISH,5,embryo1_Pos20_cell194_z2,marker_context_specific_neighborhood,context_rescue,Cardiomyocytes,Splanchnic mesoderm,Cardiomyocytes,0.2760243380817639,0.2823289226557303,0.0084064275896612,0.040585563571776,0.006304584573966376,0.032179135982114804,consistent;low_margin,context_specific_conflict;low_margin
SQUIDPY_SEQFISH,2,embryo1_Pos26_cell132_z2,marker_context_specific_neighborhood,context_rescue,Spinal cord,NMP,Spinal cord,0.4817566049265698,0.480782200114108,0.0280865513721992,0.0392413473807432,-0.0009744048124618043,0.011154796008543997,consistent;low_margin,consistent;low_margin
SQUIDPY_SEQFISH,4,embryo1_Pos12_cell165_z2,marker_context_specific_neighborhood,context_rescue,Splanchnic mesoderm,Cardiomyocytes,Splanchnic mesoderm,0.3039786753812464,0.2973322327207609,0.0082397290423235,0.0210992509902565,-0.006646442660485474,0.012859521947932998,consistent;low_margin,consistent;low_margin
SQUIDPY_SEQFISH,2,embryo1_Pos26_cell8_z2,marker_context_specific_neighborhood,context_rescue,Spinal cord,NMP,Spinal cord,0.3221975275826914,0.3215595266600075,0.027281504658179,0.0178185278978268,-0.0006380009226839012,-0.0094629767603522,consistent;low_margin,consistent;low_margin
SQUIDPY_SEQFISH,2,embryo1_Pos27_cell418_z5,marker_context_specific_neighborhood,context_rescue,Spinal cord,NMP,Spinal cord,0.1565730438434628,0.1618280971714783,0.0088874781113939,0.0175022934239522,0.005255053328015513,0.008614815312558298,consistent;low_margin,context_specific_conflict;low_margin
SQUIDPY_SEQFISH,4,embryo1_Pos18_cell4_z5,marker_context_specific_neighborhood,context_rescue,Endothelium,Haematoendothelial progenitors,Endothelium,0.2968174515164099,0.2888497728597999,0.0006650216445007,0.0171812981698153,-0.007967678656610022,0.016516276525314597,consistent;low_margin,consistent;low_margin
SQUIDPY_SEQFISH,2,embryo1_Pos15_cell419_z5,marker_context_specific_neighborhood,changed_but_still_wrong,NMP,Intermediate mesoderm,Presomitic mesoderm,0.1965216841377717,0.1847102847928062,0.0158226799447059,0.0297263255372463,-0.0118113993449655,0.013903645592540401,consistent;low_margin,consistent;low_margin
SQUIDPY_SEQFISH,2,embryo1_Pos8_cell246_z2,marker_context_specific_neighborhood,changed_but_still_wrong,Intermediate mesoderm,Definitive endoderm,Lateral plate mesoderm,0.1444933659385674,0.1409295518997914,0.0010889822754912,0.0219097748659932,-0.0035638140387760087,0.020820792590502,consistent;low_margin,consistent;low_margin
SQUIDPY_SEQFISH,2,embryo1_Pos15_cell349_z5,marker_context_specific_neighborhood,changed_but_still_wrong,Lateral plate mesoderm,Intermediate mesoderm,NMP,0.1794302099073493,0.1692127492400038,0.0057242151174734,0.0211353882663598,-0.010217460667345496,0.0154111731488864,consistent;low_margin,consistent;low_margin
SQUIDPY_SEQFISH,4,embryo1_Pos27_cell321_z2,marker_context_specific_neighborhood,changed_but_still_wrong,NMP,Spinal cord,Presomitic mesoderm,0.2170219730402451,0.2251172978501875,0.0073018402494707,0.0203261776623592,0.008095324809942406,0.0130243374128885,consistent;low_margin,consistent;low_margin
SQUIDPY_SEQFISH,2,embryo1_Pos8_cell120_z5,marker_context_specific_neighborhood,changed_but_still_wrong,Intermediate mesoderm,Cardiomyocytes,Lateral plate mesoderm,0.1091522292716311,0.1062522852825705,0.0087033732650952,0.0200735717172594,-0.0028999439890605994,0.0113701984521642,consistent;low_margin,context_specific_conflict;low_margin
SQUIDPY_SEQFISH,2,embryo1_Pos8_cell265_z2,marker_context_specific_neighborhood,changed_but_still_wrong,Intermediate mesoderm,Neural crest,Splanchnic mesoderm,0.2056740622800888,0.1855871312948963,0.0147698826506189,0.0178135226062193,-0.020086930985192514,0.003043639955600398,consistent;low_margin,consistent;low_margin
SQUIDPY_SEQFISH,2,embryo1_Pos26_cell114_z2,marker_context_specific_neighborhood,changed_but_still_wrong,Cranial mesoderm,Erythroid,Anterior somitic tissues,0.1432451827659936,0.1390195758686306,0.0157428634425365,0.0163545338504626,-0.00422560689736301,0.0006116704079261008,consistent;low_margin,consistent;low_margin
SQUIDPY_SEQFISH,2,embryo1_Pos26_cell184_z2,marker_context_specific_neighborhood,changed_but_still_wrong,Anterior somitic tissues,Dermomyotome,Endothelium,0.1332760715553336,0.1106171646091086,0.0457368708816254,0.0154968074792758,-0.022658906946225008,-0.030240063402349596,consistent;low_margin,consistent;low_margin
SQUIDPY_SEQFISH,5,embryo1_Pos0_cell244_z2,marker_context_specific_neighborhood,context_harm,Gut tube,Gut tube,Lateral plate mesoderm,0.5072256369834284,0.5053054117307944,0.0367365682284055,0.0391028857833771,-0.0019202252526340224,0.002366317554971603,consistent;low_margin,consistent;low_margin
SQUIDPY_SEQFISH,2,embryo1_Pos26_cell169_z2,marker_context_specific_neighborhood,context_harm,NMP,NMP,Spinal cord,0.1318661569140785,0.1911276463291176,0.0011248315035189,0.0337854811062523,0.059261489415039115,0.0326606496027334,consistent;low_margin,consistent;low_margin
SQUIDPY_SEQFISH,3,embryo1_Pos10_cell187_z5,marker_context_specific_neighborhood,context_harm,Surface ectoderm,Surface ectoderm,Gut tube,0.4585648202651324,0.4579455445730788,0.0078590166245421,0.0230633613171477,-0.0006192756920536113,0.015204344692605601,consistent;low_margin,consistent;low_margin
SQUIDPY_SEQFISH,2,embryo1_Pos12_cell103_z5,marker_context_specific_neighborhood,context_harm,Gut tube,Gut tube,Cardiomyocytes,0.1276182287303701,0.1407014478289845,0.0060380269250153,0.0172973281556001,0.013083219098614401,0.0112593012305848,consistent;low_margin,consistent;low_margin
SQUIDPY_SEQFISH,1,embryo1_Pos27_cell61_z2,marker_context_specific_neighborhood,context_harm,Endothelium,Endothelium,Haematoendothelial progenitors,0.4824472986053031,0.4780915658083026,0.0169585666727071,0.0168627969164778,-0.004355732797000522,-9.576975622930042e-05,consistent;low_margin,context_specific_conflict;low_margin
SQUIDPY_SEQFISH,2,embryo1_Pos26_cell13_z2,marker_context_specific_neighborhood,context_harm,Haematoendothelial progenitors,Haematoendothelial progenitors,Sclerotome,0.1221390950791286,0.1227242141160196,0.0068430659953727,0.0167562178218776,0.0005851190368909992,0.009913151826504901,consistent;low_margin,consistent;low_margin
SQUIDPY_SEQFISH,2,embryo1_Pos19_cell228_z2,marker_context_specific_neighborhood,context_harm,Mixed mesenchymal mesoderm,Mixed mesenchymal mesoderm,Cardiomyocytes,0.1452007730850411,0.1416707009329615,0.0110739245698766,0.013476912001185,-0.003530072152079594,0.002402987431308401,consistent;low_margin,consistent;low_margin
SQUIDPY_SEQFISH,5,embryo1_Pos6_cell289_z2,marker_context_specific_neighborhood,context_harm,Endothelium,Endothelium,Erythroid,0.1748118199295308,0.1658813995997215,0.0120981830487139,0.0124598708771716,-0.008930420329809285,0.00036168782845770117,consistent;low_margin,consistent;low_margin
SQUIDPY_SLIDESEQV2,5,ATAGGAAATACCAG,marker_context_specific_neighborhood,context_rescue,Ependymal,CA1_CA2_CA3_Subiculum,Ependymal,0.1607921907010724,0.183330733475628,0.0117264708783797,0.0350338815805083,0.02253854277455561,0.0233074107021286,consistent;low_margin,consistent;low_margin
SQUIDPY_SLIDESEQV2,5,GGTTCCCGGTATGG,marker_context_specific_neighborhood,context_rescue,Polydendrocytes,Neurogenesis,Polydendrocytes,0.1774430868269803,0.2309520149062308,0.0002293431107643,0.0318677800211073,0.053508928079250506,0.031638436910343,consistent;low_margin,consistent;low_margin
SQUIDPY_SLIDESEQV2,2,GCCTAGCAAGGCCG,marker_context_specific_neighborhood,context_rescue,Endothelial_Tip,Endothelial_Stalk,Endothelial_Tip,0.2725098231523877,0.222048046445922,0.0732662064850241,0.0308061813567642,-0.050461776706465705,-0.0424600251282599,consistent;low_margin,marker_conflict;low_margin
SQUIDPY_SLIDESEQV2,1,ATACGAAAGTCGGT,marker_context_specific_neighborhood,context_rescue,Neurogenesis,DentatePyramids,Neurogenesis,0.1634041159920748,0.1656696089427507,0.0087544661441729,0.0286196159312001,0.002265492950675907,0.0198651497870272,consistent;low_margin,context_specific_conflict;low_margin
SQUIDPY_SLIDESEQV2,2,ATCAAATAGCTTGT,marker_context_specific_neighborhood,context_rescue,Polydendrocytes,Oligodendrocytes,Polydendrocytes,0.1365819663940823,0.1503840021523491,0.0300717996834586,0.0236271828512964,0.0138020357582668,-0.006444616832162197,consistent;low_margin,consistent;low_margin
SQUIDPY_SLIDESEQV2,5,ACAGGAAGCCAAGT,marker_context_specific_neighborhood,context_rescue,Subiculum_Entorhinal_cl3,Interneurons,Subiculum_Entorhinal_cl3,0.1868877162482871,0.1897248068109518,0.0052190418478887,0.0186566931981848,0.002837090562664707,0.0134376513502961,consistent;low_margin,consistent;low_margin
SQUIDPY_SLIDESEQV2,1,GGGTTCCTAAGGAC,marker_context_specific_neighborhood,context_rescue,Endothelial_Stalk,Astrocytes,Endothelial_Stalk,0.1872961597311002,0.1766322776209213,0.0114209847062032,0.0149704757327878,-0.010663882110178907,0.003549491026584599,consistent;low_margin,consistent;low_margin
SQUIDPY_SLIDESEQV2,5,TACAGAAGTAATGA,marker_context_specific_neighborhood,context_rescue,Interneurons,Neurogenesis,Interneurons,0.1894797852525362,0.1487687564846346,0.0553583527506199,0.0147730286739564,-0.040711028767901586,-0.0405853240766635,consistent;low_margin,marker_conflict;low_margin
SQUIDPY_SLIDESEQV2,5,AGGACTGATGATCT,marker_context_specific_neighborhood,changed_but_still_wrong,Subiculum_Entorhinal_cl2,Astrocytes,Polydendrocytes,0.2372317293211016,0.2218398764558513,0.0462408703690958,0.0625353055062771,-0.0153918528652503,0.016294435137181304,consistent;low_margin,consistent;low_margin
SQUIDPY_SLIDESEQV2,2,GCCTGTCTGGAGAA,marker_context_specific_neighborhood,changed_but_still_wrong,Oligodendrocytes,Ependymal,Polydendrocytes,0.1409340914467604,0.1693352313396306,0.000829752001673,0.0438048214882614,0.028401139892870214,0.0429750694865884,consistent;low_margin,consistent;low_margin
SQUIDPY_SLIDESEQV2,5,GCCACAAGACTATA,marker_context_specific_neighborhood,changed_but_still_wrong,Subiculum_Entorhinal_cl2,Interneurons,Oligodendrocytes,0.1719700201597998,0.1792193648175106,0.0028055988806917,0.0435595651323423,0.007249344657710793,0.0407539662516506,consistent;low_margin,consistent;low_margin
SQUIDPY_SLIDESEQV2,5,ACGCGAAGTGAGCA,marker_context_specific_neighborhood,changed_but_still_wrong,Subiculum_Entorhinal_cl3,Endothelial_Stalk,Polydendrocytes,0.2192625405275879,0.2197698746904855,0.0378651908260316,0.0430949363090089,0.0005073341628976102,0.005229745482977305,consistent;low_margin,consistent;low_margin
SQUIDPY_SLIDESEQV2,5,TACTTTGGGTTAGT,marker_context_specific_neighborhood,changed_but_still_wrong,Endothelial_Stalk,Astrocytes,Polydendrocytes,0.1840234995533085,0.1951525577953558,0.0196552255106003,0.0371831131452706,0.011129058242047324,0.017527887634670298,consistent;low_margin,consistent;low_margin
SQUIDPY_SLIDESEQV2,5,CAGACAGATCTAAT,marker_context_specific_neighborhood,changed_but_still_wrong,Endothelial_Tip,Mural,Endothelial_Stalk,0.3341105947832049,0.3182026254470537,0.0299730869171213,0.0323372737518489,-0.015907969336151184,0.0023641868347276038,consistent;low_margin,consistent;low_margin
SQUIDPY_SLIDESEQV2,2,AAGCAACTTAGTGT,marker_context_specific_neighborhood,changed_but_still_wrong,Ependymal,Microglia,Interneurons,0.1463805605842234,0.1522873388758321,0.0074194529772695,0.0322273089835193,0.005906778291608683,0.024807856006249795,consistent;low_margin,consistent;low_margin
SQUIDPY_SLIDESEQV2,2,CGCTGATATTCACG,marker_context_specific_neighborhood,changed_but_still_wrong,Neurogenesis,Interneurons,Ependymal,0.1749108435829608,0.1996107491174915,0.021254518795391,0.0289795946978675,0.02469990553453069,0.007725075902476501,consistent;low_margin,consistent;low_margin
SQUIDPY_SLIDESEQV2,5,TCCTATCAACCAAG,marker_context_specific_neighborhood,context_harm,Endothelial_Tip,Endothelial_Tip,Astrocytes,0.2030722235549369,0.2059363060748311,0.0108276298772269,0.0425971107296197,0.002864082519894201,0.0317694808523928,consistent;low_margin,consistent;low_margin
SQUIDPY_SLIDESEQV2,5,CCAGGTAATTCTCG,marker_context_specific_neighborhood,context_harm,Oligodendrocytes,Oligodendrocytes,Polydendrocytes,0.3346296613265796,0.3487748892179178,0.0049640212100972,0.0406363931317012,0.014145227891338208,0.035672371921603996,consistent;low_margin,consistent;low_margin
SQUIDPY_SLIDESEQV2,5,TGCGAATGCATCCA,marker_context_specific_neighborhood,context_harm,CA1_CA2_CA3_Subiculum,CA1_CA2_CA3_Subiculum,Ependymal,0.2157579425742728,0.1889279292138354,0.0080632155799348,0.0316917063499575,-0.026830013360437416,0.0236284907700227,consistent;low_margin,context_specific_conflict;low_margin
SQUIDPY_SLIDESEQV2,2,GGCTTCCCAGGTAT,marker_context_specific_neighborhood,context_harm,Interneurons,Interneurons,CA1_CA2_CA3_Subiculum,0.2202300709423473,0.2212130840490776,0.0003854111202295,0.0257940442931476,0.000983013106730296,0.0254086331729181,consistent;low_margin,consistent;low_margin
SQUIDPY_SLIDESEQV2,5,TTGTATGCAGACCC,marker_context_specific_neighborhood,context_harm,Neurogenesis,Neurogenesis,Oligodendrocytes,0.2761952091435071,0.2534626394894099,0.0358095231481698,0.0232013744516401,-0.0227325696540972,-0.012608148696529698,consistent;low_margin,consistent;low_margin
SQUIDPY_SLIDESEQV2,2,CTTAGCGCGGATAG,marker_context_specific_neighborhood,context_harm,Oligodendrocytes,Oligodendrocytes,Endothelial_Stalk,0.2220117200398345,0.1954755562538491,0.039957270292683,0.0171275994253209,-0.02653616378598539,-0.0228296708673621,consistent;low_margin,consistent;low_margin
SQUIDPY_SLIDESEQV2,5,ATCCTTAACTCACG,marker_context_specific_neighborhood,context_harm,Ependymal,Ependymal,Polydendrocytes,0.1624301183578387,0.1713611723117982,0.0048925981558366,0.0159860959770225,0.008931053953959517,0.0110934978211859,consistent;low_margin,consistent;low_margin
SQUIDPY_SLIDESEQV2,4,TTAAAGCGCATCCA,marker_context_specific_neighborhood,context_harm,Mural,Mural,Ependymal,0.1238776855537331,0.1213343130034473,0.0075263808621041,0.0069265996344733,-0.002543372550285805,-0.0005997812276308002,consistent;low_margin,context_specific_conflict;low_margin
SQUIDPY_VISIUM_FLUO,5,CCCGCCATGCTCCCGT-1,marker_context_specific_neighborhood,context_rescue,Cortex_3,Thalamus_1,Cortex_3,0.2619559799758274,0.2843880157355396,0.0087321400853386,0.0549302093567384,0.0224320357597122,0.0461980692713998,consistent;low_margin,consistent;low_margin
SQUIDPY_VISIUM_FLUO,1,TGATTCGTCTATCACT-1,marker_context_specific_neighborhood,context_rescue,Cortex_1,Thalamus_2,Cortex_1,0.1839758824601646,0.173201765912144,0.011817269822957,0.0383870932753987,-0.010774116548020601,0.0265698234524417,consistent;low_margin,context_specific_conflict;low_margin
SQUIDPY_VISIUM_FLUO,1,AGCGTGGTATTCTACT-1,marker_context_specific_neighborhood,context_rescue,Thalamus_1,Fiber_tracts,Thalamus_1,0.2667279938358142,0.2921566646221087,0.0244085625472635,0.0354108727046025,0.025428670786294516,0.011002310157338997,consistent;low_margin,consistent;low_margin
SQUIDPY_VISIUM_FLUO,5,TGCGGAGTAAAGGTGC-1,marker_context_specific_neighborhood,context_rescue,Hippocampus,Cortex_2,Hippocampus,0.2914747975447744,0.2735179630436303,0.0057026332513084,0.0348752495086014,-0.017956834501144103,0.029172616257293,consistent;low_margin,context_specific_conflict;low_margin
SQUIDPY_VISIUM_FLUO,5,ACCACAAGTTTCTATC-1,marker_context_specific_neighborhood,context_rescue,Hippocampus,Fiber_tracts,Hippocampus,0.2839745551301344,0.2980404023928093,0.0149132840952697,0.0320385531959016,0.014065847262674902,0.017125269100631897,consistent;low_margin,context_specific_conflict;low_margin
SQUIDPY_VISIUM_FLUO,1,CGATCCGACCCAGTGC-1,marker_context_specific_neighborhood,context_rescue,Striatum,Lateral_ventricle,Striatum,0.3084636111831326,0.2882330875185514,0.0291370508935117,0.026376678048006,-0.020230523664581168,-0.0027603728455057007,consistent;low_margin,context_specific_conflict;low_margin
SQUIDPY_VISIUM_FLUO,5,TGTGGCAAAGCGTATG-1,marker_context_specific_neighborhood,context_rescue,Hypothalamus_1,Hypothalamus_2,Hypothalamus_1,0.4377233728981766,0.4140536209345673,0.0415831698576758,0.0238195033533455,-0.023669751963609265,-0.0177636665043303,consistent;low_margin,consistent;low_margin
SQUIDPY_VISIUM_FLUO,1,GTAAGTAGGGTATACC-1,marker_context_specific_neighborhood,context_rescue,Cortex_3,Hippocampus,Cortex_3,0.1955999904980254,0.2014760751372013,0.0023558934183465,0.0233361934990593,0.00587608463917591,0.020980300080712798,consistent;low_margin,consistent;low_margin
SQUIDPY_VISIUM_FLUO,4,CTAGATGTGAGTGTAA-1,marker_context_specific_neighborhood,changed_but_still_wrong,Hypothalamus_1,Thalamus_2,Hypothalamus_2,0.4252135500571927,0.4287932053118001,0.0327699192509893,0.0559468026584996,0.0035796552546074056,0.0231768834075103,consistent;low_margin,consistent;low_margin
SQUIDPY_VISIUM_FLUO,5,CCAGATAGTTGAGTGA-1,marker_context_specific_neighborhood,changed_but_still_wrong,Hippocampus,Cortex_2,Hypothalamus_1,0.1647912719939561,0.1766015847079405,0.0137563261107922,0.0508558134252304,0.011810312713984389,0.0370994873144382,consistent;low_margin,consistent;low_margin
SQUIDPY_VISIUM_FLUO,1,AGTCGTGGGCATTACG-1,marker_context_specific_neighborhood,changed_but_still_wrong,Cortex_4,Hippocampus,Cortex_5,0.1481685622356534,0.1406835964415406,0.0190408383741351,0.0265040055011476,-0.007484965794112786,0.007463167127012501,consistent;low_margin,consistent;low_margin
SQUIDPY_VISIUM_FLUO,1,GACTGGGCGCCGCAAC-1,marker_context_specific_neighborhood,changed_but_still_wrong,Cortex_1,Thalamus_2,Thalamus_1,0.1914863417445619,0.1882611907909059,0.0081929699850859,0.0219862722192386,-0.0032251509536559975,0.013793302234152701,consistent;low_margin,context_specific_conflict;low_margin
SQUIDPY_VISIUM_FLUO,5,CGTTTCACTTCGGGCG-1,marker_context_specific_neighborhood,changed_but_still_wrong,Hippocampus,Hypothalamus_1,Thalamus_1,0.1778905880528286,0.1632549318204902,0.02106509490604,0.0210582991346222,-0.014635656232338395,-6.795771417798108e-06,consistent;low_margin,context_specific_conflict;low_margin
SQUIDPY_VISIUM_FLUO,5,GCACGCCTACTTAGAT-1,marker_context_specific_neighborhood,changed_but_still_wrong,Cortex_4,Amygdala,Striatum,0.1863901490839425,0.1820728677463515,0.0240643995936243,0.0202104265628617,-0.004317281337590989,-0.003853973030762601,consistent;low_margin,consistent;low_margin
SQUIDPY_VISIUM_FLUO,1,TGCGGTCTACGAGTAA-1,marker_context_specific_neighborhood,changed_but_still_wrong,Cortex_1,Thalamus_1,Cortex_2,0.1917882155101136,0.1625194677539279,0.0560682531456686,0.0143293603343951,-0.02926874775618571,-0.0417388928112735,consistent;low_margin,marker_conflict;context_specific_conflict;low_margin
SQUIDPY_VISIUM_FLUO,5,ACTCCAATATCATCAT-1,marker_context_specific_neighborhood,changed_but_still_wrong,Cortex_2,Hypothalamus_2,Cortex_5,0.1627405736502084,0.1581293950837575,0.004036798552953,0.0135503611504658,-0.00461117856645088,0.0095135625975128,consistent;low_margin,context_specific_conflict;low_margin
SQUIDPY_VISIUM_FLUO,1,CATACTATGTAATTGT-1,marker_context_specific_neighborhood,context_harm,Fiber_tracts,Fiber_tracts,Striatum,0.333898144710336,0.3220393719587447,0.0460382480910285,0.0489142903098946,-0.011858772751591307,0.002876042218866101,consistent;low_margin,context_specific_conflict;low_margin
SQUIDPY_VISIUM_FLUO,5,GAGCTAAGGGCATATC-1,marker_context_specific_neighborhood,context_harm,Fiber_tracts,Fiber_tracts,Hypothalamus_1,0.3209919442616759,0.3015344858973763,0.0465770946513641,0.0340309912378316,-0.019457458364299574,-0.012546103413532503,consistent;low_margin,consistent;low_margin
SQUIDPY_VISIUM_FLUO,5,GGCAATAGTCAATGAG-1,marker_context_specific_neighborhood,context_harm,Hippocampus,Hippocampus,Thalamus_1,0.2812521924452704,0.2764912979423168,0.0047566354307786,0.0285627544774322,-0.004760894502953583,0.0238061190466536,consistent;low_margin,context_specific_conflict;low_margin
SQUIDPY_VISIUM_FLUO,5,CTAGTAGAAAGGGATT-1,marker_context_specific_neighborhood,context_harm,Hypothalamus_1,Hypothalamus_1,Hypothalamus_2,0.4758464171929509,0.4735878891468172,0.0038107188279362,0.0210916152045827,-0.00225852804613369,0.0172808963766465,consistent;low_margin,context_specific_conflict;low_margin
SQUIDPY_VISIUM_FLUO,1,ACTCCCTAGAATAGTA-1,marker_context_specific_neighborhood,context_harm,Hypothalamus_1,Hypothalamus_1,Hypothalamus_2,0.335491313471267,0.3167559197969883,0.0229587262739879,0.0209661996566312,-0.018735393674278678,-0.001992526617356702,consistent;low_margin,context_specific_conflict;low_margin
SQUIDPY_VISIUM_FLUO,5,GTATCTCAGTCTTGAC-1,marker_context_specific_neighborhood,context_harm,Cortex_2,Cortex_2,Striatum,0.3139752095937625,0.2701720898821375,0.0182749021536433,0.0153203959138058,-0.04380311971162504,-0.002954506239837498,consistent;low_margin,context_specific_conflict;low_margin
SQUIDPY_VISIUM_FLUO,1,ATAAGGTGGAGAACAT-1,marker_context_specific_neighborhood,context_harm,Hypothalamus_1,Hypothalamus_1,Hypothalamus_2,0.4186168811227305,0.3825584856691434,0.045340979652286,0.0138439620408854,-0.03605839545358708,-0.0314970176114006,consistent;low_margin,context_specific_conflict;low_margin
SQUIDPY_VISIUM_FLUO,4,CTCGAGGTCGAACAGT-1,marker_context_specific_neighborhood,context_harm,Hippocampus,Hippocampus,Dentate_gyrus,0.2809236992663894,0.2900282409346021,0.0004945957258398,0.013085666344716,0.009104541668212729,0.0125910706188762,consistent;low_margin,consistent;low_margin
SQUIDPY_VISIUM_HNE,5,AGCTGAAGTAAACCAA-1,marker_context_specific_neighborhood,context_rescue,Cortex_1,Cortex_3,Cortex_1,0.248878389392245,0.4858758188716521,0.0029789225045991,0.3432154997104633,0.2369974294794071,0.3402365772058642,consistent;low_margin,consistent
SQUIDPY_VISIUM_HNE,5,ATGCCGGTTGATGGGA-1,marker_context_specific_neighborhood,context_rescue,Cortex_1,Cortex_3,Cortex_1,0.261761739124445,0.4624084160492978,0.0479221107804795,0.3193108185787034,0.20064667692485277,0.27138870779822394,consistent;low_margin,consistent
SQUIDPY_VISIUM_HNE,2,TCAAACTTAGATTGTT-1,marker_context_specific_neighborhood,context_rescue,Pyramidal_layer_dentate_gyrus,Pyramidal_layer,Pyramidal_layer_dentate_gyrus,0.4707143460287359,0.5590631348045927,0.0305142819649678,0.2834719929904729,0.08834878877585678,0.25295771102550507,consistent;low_margin,consistent
SQUIDPY_VISIUM_HNE,5,GGCATATCGGTTCTGC-1,marker_context_specific_neighborhood,context_rescue,Cortex_1,Cortex_3,Cortex_1,0.2328188062729042,0.4278161988180307,0.0037359747668635,0.2663928942709912,0.1949973925451265,0.26265691950412773,consistent;low_margin,consistent
SQUIDPY_VISIUM_HNE,5,CGCCCGCTTCCGTACA-1,marker_context_specific_neighborhood,context_rescue,Cortex_1,Cortex_3,Cortex_1,0.2053208738753018,0.419790185755009,0.0157944333300835,0.2616811156702456,0.2144693118797072,0.2458866823401621,consistent;low_margin,consistent
SQUIDPY_VISIUM_HNE,5,GCTCGGAATTTAAAGC-1,marker_context_specific_neighborhood,context_rescue,Cortex_1,Cortex_3,Cortex_1,0.2874420929163528,0.4260249413838454,0.0978065296257539,0.2580173813113817,0.13858284846749258,0.1602108516856278,consistent,marker_conflict
SQUIDPY_VISIUM_HNE,5,CGGTCTATCAACCCGT-1,marker_context_specific_neighborhood,context_rescue,Cortex_1,Cortex_3,Cortex_1,0.2738138637293734,0.4079591650961784,0.0223186764515955,0.2465336921093949,0.13414530136680503,0.22421501565779942,consistent;low_margin,consistent
SQUIDPY_VISIUM_HNE,2,GTACTCCTGGGTATGC-1,marker_context_specific_neighborhood,context_rescue,Cortex_5,Hippocampus,Cortex_5,0.3524322440751606,0.3775278256096562,0.040594649876206,0.2417032402907057,0.025095581534495592,0.2011085904144997,consistent;low_margin,consistent
SQUIDPY_VISIUM_HNE,5,CTGTCAAATGGCTCGG-1,marker_context_specific_neighborhood,context_harm,Cortex_3,Cortex_3,Cortex_1,0.3830423570655973,0.5069362800691007,0.1497754713836206,0.2978996556174118,0.12389392300350344,0.14812418423379117,consistent,marker_conflict
SQUIDPY_VISIUM_HNE,5,CCTCGCCAGCAAATTA-1,marker_context_specific_neighborhood,context_harm,Cortex_3,Cortex_3,Cortex_1,0.1828921195882742,0.3997750196017018,0.0069375859544979,0.2737848839769659,0.2168829000134276,0.266847298022468,consistent;low_margin,consistent
SQUIDPY_VISIUM_HNE,5,CCACGAGAAGAGAATC-1,marker_context_specific_neighborhood,context_harm,Cortex_3,Cortex_3,Cortex_1,0.3058476999618534,0.4342122836689999,0.0693179340502586,0.2524854699607269,0.12836458370714648,0.1831675359104683,consistent;low_margin,marker_conflict
SQUIDPY_VISIUM_HNE,5,ATTAATGAACCAGTCG-1,marker_context_specific_neighborhood,context_harm,Cortex_3,Cortex_3,Cortex_1,0.2892223803695413,0.3986672004226316,0.1024486507573752,0.2103368517740929,0.10944482005309031,0.10788820101671769,consistent,marker_conflict
SQUIDPY_VISIUM_HNE,5,TGGGCCACAAGAGCGC-1,marker_context_specific_neighborhood,context_harm,Cortex_3,Cortex_3,Cortex_1,0.3567672619351509,0.3994523644001427,0.1717521296744705,0.1783661585033942,0.0426851024649918,0.0066140288289237015,consistent,marker_conflict
SQUIDPY_VISIUM_HNE,5,CACCTTGCGAAACTCG-1,marker_context_specific_neighborhood,context_harm,Cortex_3,Cortex_3,Cortex_1,0.3895499558256172,0.4060988661028489,0.1687742004903028,0.1599857588280476,0.01654891027723171,-0.008788441662255203,consistent,marker_conflict
SQUIDPY_VISIUM_HNE,5,TGTTGTCAAGAAGTCT-1,marker_context_specific_neighborhood,context_harm,Cortex_3,Cortex_3,Cortex_1,0.3705154381485938,0.3910702861130353,0.1947431286380877,0.1578735549272302,0.020554847964441514,-0.0368695737108575,consistent,marker_conflict
SQUIDPY_VISIUM_HNE,5,AAGGTATCCTAATATA-1,marker_context_specific_neighborhood,context_harm,Cortex_3,Cortex_3,Cortex_1,0.3422959474983779,0.3801629528710478,0.2118435717520161,0.1574869368868316,0.037867005372669904,-0.054356634865184494,consistent,marker_conflict
SQUIDPY_VISIUM_HNE,2,CAGATATGAAGATGAC-1,marker_context_specific_neighborhood,changed_but_still_wrong,Hypothalamus_1,Thalamus_2,Striatum,0.3112974697554606,0.2955591944865381,0.0055520437746725,0.1369510578951595,-0.015738275268922464,0.131399014120487,consistent;low_margin,context_specific_conflict
SQUIDPY_VISIUM_HNE,2,CTGTGCAGGGTAGGTC-1,marker_context_specific_neighborhood,changed_but_still_wrong,Lateral_ventricle,Fiber_tract,Hypothalamus_1,0.2720246909643577,0.2622690369956927,0.0350985894609725,0.1046112064302854,-0.009755653968665012,0.06951261696931291,consistent;low_margin,consistent
SQUIDPY_VISIUM_HNE,2,TCCTACATCCACGGCC-1,marker_context_specific_neighborhood,changed_but_still_wrong,Cortex_2,Cortex_4,Cortex_3,0.2236301677918143,0.270026414034947,0.0167132016469246,0.0991079137826492,0.04639624624313268,0.08239471213572461,consistent;low_margin,consistent
SQUIDPY_VISIUM_HNE,2,AGGACAGTCGAATCCC-1,marker_context_specific_neighborhood,changed_but_still_wrong,Cortex_2,Pyramidal_layer,Cortex_3,0.1804874547418819,0.2720344913497969,0.0060871992475489,0.0890346589673081,0.091547036607915,0.0829474597197592,consistent;low_margin,consistent
SQUIDPY_VISIUM_HNE,2,ATATCTTAGGGCCTTC-1,marker_context_specific_neighborhood,changed_but_still_wrong,Hypothalamus_2,Thalamus_1,Thalamus_2,0.365108276684834,0.2987745067425531,0.1868583378441057,0.0710170510249151,-0.06633376994228085,-0.11584128681919059,consistent,marker_conflict;low_margin
SQUIDPY_VISIUM_HNE,2,GGGACTGCATAGATAG-1,marker_context_specific_neighborhood,changed_but_still_wrong,Hypothalamus_2,Fiber_tract,Thalamus_1,0.20590500035405,0.2266672119954965,0.0082746561662608,0.0699679900550874,0.02076221164144651,0.0616933338888266,consistent;low_margin,context_specific_conflict;low_margin
SQUIDPY_VISIUM_HNE,2,GCGAGTTCTGCAAAGA-1,marker_context_specific_neighborhood,changed_but_still_wrong,Hypothalamus_2,Fiber_tract,Thalamus_2,0.2401978916554566,0.2280712590508258,0.0855150292582787,0.0564645591723897,-0.012126632604630816,-0.029050470085889,consistent,marker_conflict;context_specific_conflict;low_margin
SQUIDPY_VISIUM_HNE,2,CTGGTGAATGGGCCTA-1,marker_context_specific_neighborhood,changed_but_still_wrong,Hypothalamus_1,Thalamus_2,Striatum,0.3453715715216517,0.2330431768224408,0.1165914871367884,0.0559452119119772,-0.11232839469921091,-0.0606462752248112,consistent,marker_conflict;context_specific_conflict;low_margin
