dataset_id,model,label,precision,recall,f1,support
GEO_GSE245263_GENERIC_H5AD_EXPANDED,learned_permuted_prior,0,0.5119453924914675,0.6,0.5524861878453038,250
GEO_GSE245263_GENERIC_H5AD_EXPANDED,learned_permuted_prior,1,0.6506024096385542,0.453781512605042,0.5346534653465347,238
GEO_GSE245263_GENERIC_H5AD_EXPANDED,learned_permuted_prior,10,0.45263157894736844,0.7350427350427351,0.5602605863192183,117
GEO_GSE245263_GENERIC_H5AD_EXPANDED,learned_permuted_prior,11,0.20149253731343283,0.675,0.31034482758620685,80
GEO_GSE245263_GENERIC_H5AD_EXPANDED,learned_permuted_prior,12,0.1797752808988764,0.8,0.29357798165137616,60
GEO_GSE245263_GENERIC_H5AD_EXPANDED,learned_permuted_prior,13,0.2231404958677686,1.0,0.3648648648648649,27
GEO_GSE245263_GENERIC_H5AD_EXPANDED,learned_permuted_prior,14,0.38461538461538464,0.18518518518518517,0.25,27
GEO_GSE245263_GENERIC_H5AD_EXPANDED,learned_permuted_prior,2,0.7419354838709677,0.1,0.17624521072796936,230
GEO_GSE245263_GENERIC_H5AD_EXPANDED,learned_permuted_prior,3,0.8728813559322034,0.5478723404255319,0.6732026143790849,188
GEO_GSE245263_GENERIC_H5AD_EXPANDED,learned_permuted_prior,4,0.50199203187251,0.711864406779661,0.588785046728972,177
GEO_GSE245263_GENERIC_H5AD_EXPANDED,learned_permuted_prior,5,0.5102040816326531,0.2976190476190476,0.37593984962406013,168
GEO_GSE245263_GENERIC_H5AD_EXPANDED,learned_permuted_prior,6,0.8557692307692307,0.5426829268292683,0.6641791044776121,164
GEO_GSE245263_GENERIC_H5AD_EXPANDED,learned_permuted_prior,7,0.43333333333333335,0.26174496644295303,0.32635983263598334,149
GEO_GSE245263_GENERIC_H5AD_EXPANDED,learned_permuted_prior,8,0.6415094339622641,0.23776223776223776,0.3469387755102041,143
GEO_GSE245263_GENERIC_H5AD_EXPANDED,learned_permuted_prior,9,0.7789473684210526,0.5285714285714286,0.6297872340425531,140
GEO_GSE245263_GENERIC_H5AD_EXPANDED,learned_random_graph,0,0.5546558704453441,0.548,0.5513078470824949,250
GEO_GSE245263_GENERIC_H5AD_EXPANDED,learned_random_graph,1,0.6118421052631579,0.3907563025210084,0.47692307692307684,238
GEO_GSE245263_GENERIC_H5AD_EXPANDED,learned_random_graph,10,0.4101123595505618,0.6239316239316239,0.49491525423728816,117
GEO_GSE245263_GENERIC_H5AD_EXPANDED,learned_random_graph,11,0.20577617328519857,0.7125,0.31932773109243695,80
GEO_GSE245263_GENERIC_H5AD_EXPANDED,learned_random_graph,12,0.196,0.8166666666666667,0.31612903225806455,60
GEO_GSE245263_GENERIC_H5AD_EXPANDED,learned_random_graph,13,0.20454545454545456,1.0,0.339622641509434,27
GEO_GSE245263_GENERIC_H5AD_EXPANDED,learned_random_graph,14,0.21428571428571427,0.1111111111111111,0.14634146341463417,27
GEO_GSE245263_GENERIC_H5AD_EXPANDED,learned_random_graph,2,0.9411764705882353,0.06956521739130435,0.12955465587044532,230
GEO_GSE245263_GENERIC_H5AD_EXPANDED,learned_random_graph,3,0.9078947368421053,0.3670212765957447,0.5227272727272727,188
GEO_GSE245263_GENERIC_H5AD_EXPANDED,learned_random_graph,4,0.4105793450881612,0.9209039548022598,0.5679442508710801,177
GEO_GSE245263_GENERIC_H5AD_EXPANDED,learned_random_graph,5,0.5079365079365079,0.19047619047619047,0.27705627705627706,168
GEO_GSE245263_GENERIC_H5AD_EXPANDED,learned_random_graph,6,0.7459016393442623,0.5548780487804879,0.6363636363636364,164
GEO_GSE245263_GENERIC_H5AD_EXPANDED,learned_random_graph,7,0.4367816091954023,0.2550335570469799,0.32203389830508483,149
GEO_GSE245263_GENERIC_H5AD_EXPANDED,learned_random_graph,8,0.6521739130434783,0.2097902097902098,0.31746031746031744,143
GEO_GSE245263_GENERIC_H5AD_EXPANDED,learned_random_graph,9,0.77,0.55,0.6416666666666667,140
GEO_GSE245263_GENERIC_H5AD_EXPANDED,marker_context_specific_neighborhood,0,0.43028846153846156,0.716,0.5375375375375375,250
GEO_GSE245263_GENERIC_H5AD_EXPANDED,marker_context_specific_neighborhood,1,0.5555555555555556,0.42016806722689076,0.47846889952153104,238
GEO_GSE245263_GENERIC_H5AD_EXPANDED,marker_context_specific_neighborhood,10,0.4226190476190476,0.6068376068376068,0.4982456140350877,117
GEO_GSE245263_GENERIC_H5AD_EXPANDED,marker_context_specific_neighborhood,11,0.2028985507246377,0.7,0.3146067415730337,80
GEO_GSE245263_GENERIC_H5AD_EXPANDED,marker_context_specific_neighborhood,12,0.1895910780669145,0.85,0.31003039513677816,60
GEO_GSE245263_GENERIC_H5AD_EXPANDED,marker_context_specific_neighborhood,13,0.225,1.0,0.36734693877551017,27
GEO_GSE245263_GENERIC_H5AD_EXPANDED,marker_context_specific_neighborhood,14,0.0967741935483871,0.1111111111111111,0.10344827586206896,27
GEO_GSE245263_GENERIC_H5AD_EXPANDED,marker_context_specific_neighborhood,2,0.9285714285714286,0.05652173913043478,0.10655737704918034,230
GEO_GSE245263_GENERIC_H5AD_EXPANDED,marker_context_specific_neighborhood,3,0.8829787234042553,0.44148936170212766,0.5886524822695035,188
GEO_GSE245263_GENERIC_H5AD_EXPANDED,marker_context_specific_neighborhood,4,0.5911602209944752,0.6045197740112994,0.5977653631284916,177
GEO_GSE245263_GENERIC_H5AD_EXPANDED,marker_context_specific_neighborhood,5,0.4857142857142857,0.20238095238095238,0.2857142857142857,168
GEO_GSE245263_GENERIC_H5AD_EXPANDED,marker_context_specific_neighborhood,6,0.8703703703703703,0.573170731707317,0.6911764705882353,164
GEO_GSE245263_GENERIC_H5AD_EXPANDED,marker_context_specific_neighborhood,7,0.42696629213483145,0.2550335570469799,0.31932773109243695,149
GEO_GSE245263_GENERIC_H5AD_EXPANDED,marker_context_specific_neighborhood,8,0.5846153846153846,0.26573426573426573,0.3653846153846154,143
GEO_GSE245263_GENERIC_H5AD_EXPANDED,marker_context_specific_neighborhood,9,0.7142857142857143,0.39285714285714285,0.5069124423963133,140
GEO_GSE245263_GENERIC_H5AD_EXPANDED,marker_learned_neighborhood,0,0.5223880597014925,0.28,0.36458333333333337,250
GEO_GSE245263_GENERIC_H5AD_EXPANDED,marker_learned_neighborhood,1,0.6204819277108434,0.4327731092436975,0.50990099009901,238
GEO_GSE245263_GENERIC_H5AD_EXPANDED,marker_learned_neighborhood,10,0.40804597701149425,0.6068376068376068,0.4879725085910653,117
GEO_GSE245263_GENERIC_H5AD_EXPANDED,marker_learned_neighborhood,11,0.20216606498194944,0.7,0.3137254901960784,80
GEO_GSE245263_GENERIC_H5AD_EXPANDED,marker_learned_neighborhood,12,0.1991869918699187,0.8166666666666667,0.3202614379084967,60
GEO_GSE245263_GENERIC_H5AD_EXPANDED,marker_learned_neighborhood,13,0.226890756302521,1.0,0.3698630136986301,27
GEO_GSE245263_GENERIC_H5AD_EXPANDED,marker_learned_neighborhood,14,0.23076923076923078,0.1111111111111111,0.15,27
GEO_GSE245263_GENERIC_H5AD_EXPANDED,marker_learned_neighborhood,2,1.0,0.07391304347826087,0.13765182186234817,230
GEO_GSE245263_GENERIC_H5AD_EXPANDED,marker_learned_neighborhood,3,0.9056603773584906,0.2553191489361702,0.39834024896265563,188
GEO_GSE245263_GENERIC_H5AD_EXPANDED,marker_learned_neighborhood,4,0.3205828779599271,0.9943502824858758,0.48484848484848486,177
GEO_GSE245263_GENERIC_H5AD_EXPANDED,marker_learned_neighborhood,5,0.47368421052631576,0.16071428571428573,0.24,168
GEO_GSE245263_GENERIC_H5AD_EXPANDED,marker_learned_neighborhood,6,0.7666666666666667,0.5609756097560976,0.6478873239436621,164
GEO_GSE245263_GENERIC_H5AD_EXPANDED,marker_learned_neighborhood,7,0.4186046511627907,0.24161073825503357,0.30638297872340425,149
GEO_GSE245263_GENERIC_H5AD_EXPANDED,marker_learned_neighborhood,8,0.7272727272727273,0.22377622377622378,0.3422459893048128,143
GEO_GSE245263_GENERIC_H5AD_EXPANDED,marker_learned_neighborhood,9,0.7669902912621359,0.5642857142857143,0.6502057613168725,140
GEO_GSE245263_GENERIC_H5AD_EXPANDED,marker_only,0,0.49142857142857144,0.688,0.5733333333333334,250
GEO_GSE245263_GENERIC_H5AD_EXPANDED,marker_only,1,0.6095890410958904,0.3739495798319328,0.4635416666666667,238
GEO_GSE245263_GENERIC_H5AD_EXPANDED,marker_only,10,0.41450777202072536,0.6837606837606838,0.5161290322580645,117
GEO_GSE245263_GENERIC_H5AD_EXPANDED,marker_only,11,0.1891891891891892,0.7,0.2978723404255319,80
GEO_GSE245263_GENERIC_H5AD_EXPANDED,marker_only,12,0.18631178707224336,0.8166666666666667,0.303405572755418,60
GEO_GSE245263_GENERIC_H5AD_EXPANDED,marker_only,13,0.1888111888111888,1.0,0.3176470588235294,27
GEO_GSE245263_GENERIC_H5AD_EXPANDED,marker_only,14,0.21428571428571427,0.1111111111111111,0.14634146341463417,27
GEO_GSE245263_GENERIC_H5AD_EXPANDED,marker_only,2,0.9333333333333333,0.06086956521739131,0.11428571428571428,230
GEO_GSE245263_GENERIC_H5AD_EXPANDED,marker_only,3,0.9204545454545454,0.4308510638297872,0.5869565217391304,188
GEO_GSE245263_GENERIC_H5AD_EXPANDED,marker_only,4,0.6296296296296297,0.672316384180791,0.6502732240437159,177
GEO_GSE245263_GENERIC_H5AD_EXPANDED,marker_only,5,0.49122807017543857,0.3333333333333333,0.3971631205673759,168
GEO_GSE245263_GENERIC_H5AD_EXPANDED,marker_only,6,0.8317757009345794,0.5426829268292683,0.6568265682656826,164
GEO_GSE245263_GENERIC_H5AD_EXPANDED,marker_only,7,0.4175824175824176,0.2550335570469799,0.31666666666666665,149
GEO_GSE245263_GENERIC_H5AD_EXPANDED,marker_only,8,0.5223880597014925,0.24475524475524477,0.3333333333333333,143
GEO_GSE245263_GENERIC_H5AD_EXPANDED,marker_only,9,0.7317073170731707,0.42857142857142855,0.5405405405405405,140
GEO_GSE245263_GENERIC_H5AD_EXPANDED,marker_reference_profile,0,0.5071428571428571,0.284,0.36410256410256403,250
GEO_GSE245263_GENERIC_H5AD_EXPANDED,marker_reference_profile,1,0.5773809523809523,0.40756302521008403,0.4778325123152709,238
GEO_GSE245263_GENERIC_H5AD_EXPANDED,marker_reference_profile,10,0.5118110236220472,0.5555555555555556,0.5327868852459017,117
GEO_GSE245263_GENERIC_H5AD_EXPANDED,marker_reference_profile,11,0.18874172185430463,0.7125,0.29842931937172773,80
GEO_GSE245263_GENERIC_H5AD_EXPANDED,marker_reference_profile,12,0.17064846416382254,0.8333333333333334,0.28328611898017003,60
GEO_GSE245263_GENERIC_H5AD_EXPANDED,marker_reference_profile,13,0.19852941176470587,1.0,0.3312883435582822,27
GEO_GSE245263_GENERIC_H5AD_EXPANDED,marker_reference_profile,14,0.5,0.07407407407407407,0.12903225806451613,27
GEO_GSE245263_GENERIC_H5AD_EXPANDED,marker_reference_profile,2,0.8333333333333334,0.06521739130434782,0.12096774193548387,230
GEO_GSE245263_GENERIC_H5AD_EXPANDED,marker_reference_profile,3,0.7425149700598802,0.6595744680851063,0.6985915492957746,188
GEO_GSE245263_GENERIC_H5AD_EXPANDED,marker_reference_profile,4,0.4282178217821782,0.9774011299435028,0.5955249569707401,177
GEO_GSE245263_GENERIC_H5AD_EXPANDED,marker_reference_profile,5,0.4528301886792453,0.14285714285714285,0.21719457013574658,168
GEO_GSE245263_GENERIC_H5AD_EXPANDED,marker_reference_profile,6,0.9207920792079208,0.5670731707317073,0.7018867924528303,164
GEO_GSE245263_GENERIC_H5AD_EXPANDED,marker_reference_profile,7,0.43956043956043955,0.2684563758389262,0.3333333333333333,149
GEO_GSE245263_GENERIC_H5AD_EXPANDED,marker_reference_profile,8,0.5522388059701493,0.25874125874125875,0.3523809523809524,143
GEO_GSE245263_GENERIC_H5AD_EXPANDED,marker_reference_profile,9,0.7241379310344828,0.45,0.5550660792951542,140
GEO_GSE245263_GENERIC_H5AD_EXPANDED,reference_profile,0,1.0,0.072,0.1343283582089552,250
GEO_GSE245263_GENERIC_H5AD_EXPANDED,reference_profile,1,0.5146198830409356,0.3697478991596639,0.43031784841075793,238
GEO_GSE245263_GENERIC_H5AD_EXPANDED,reference_profile,10,0.30434782608695654,0.23931623931623933,0.2679425837320574,117
GEO_GSE245263_GENERIC_H5AD_EXPANDED,reference_profile,11,0.1375921375921376,0.7,0.22997946611909648,80
GEO_GSE245263_GENERIC_H5AD_EXPANDED,reference_profile,12,0.16393442622950818,0.8333333333333334,0.273972602739726,60
GEO_GSE245263_GENERIC_H5AD_EXPANDED,reference_profile,13,0.2839506172839506,0.8518518518518519,0.42592592592592593,27
GEO_GSE245263_GENERIC_H5AD_EXPANDED,reference_profile,14,0.0,0.0,0.0,27
GEO_GSE245263_GENERIC_H5AD_EXPANDED,reference_profile,2,0.6190476190476191,0.05652173913043478,0.10358565737051793,230
GEO_GSE245263_GENERIC_H5AD_EXPANDED,reference_profile,3,0.6120218579234973,0.5957446808510638,0.6037735849056604,188
GEO_GSE245263_GENERIC_H5AD_EXPANDED,reference_profile,4,0.3392156862745098,0.9774011299435028,0.5036390101892286,177
GEO_GSE245263_GENERIC_H5AD_EXPANDED,reference_profile,5,0.208955223880597,0.08333333333333333,0.11914893617021276,168
GEO_GSE245263_GENERIC_H5AD_EXPANDED,reference_profile,6,0.9830508474576272,0.35365853658536583,0.5201793721973095,164
GEO_GSE245263_GENERIC_H5AD_EXPANDED,reference_profile,7,0.47058823529411764,0.42953020134228187,0.44912280701754387,149
GEO_GSE245263_GENERIC_H5AD_EXPANDED,reference_profile,8,0.7142857142857143,0.17482517482517482,0.28089887640449435,143
GEO_GSE245263_GENERIC_H5AD_EXPANDED,reference_profile,9,0.6857142857142857,0.34285714285714286,0.45714285714285724,140
GEO_GSE263450_GENERIC_H5AD_EXPANDED,learned_permuted_prior,1,0.2639237330657301,0.2104,0.23414199866458937,2500
GEO_GSE263450_GENERIC_H5AD_EXPANDED,learned_permuted_prior,10,0.38586616635397125,0.35056818181818183,0.367371241440905,1760
GEO_GSE263450_GENERIC_H5AD_EXPANDED,learned_permuted_prior,11,0.32673267326732675,0.37735849056603776,0.3502255240116742,1749
GEO_GSE263450_GENERIC_H5AD_EXPANDED,learned_permuted_prior,12,0.6097074468085106,0.5350058343057176,0.5699192044748291,1714
GEO_GSE263450_GENERIC_H5AD_EXPANDED,learned_permuted_prior,13,0.46933728981206724,0.554646405610754,0.5084382534154834,1711
GEO_GSE263450_GENERIC_H5AD_EXPANDED,learned_permuted_prior,14,0.4895182052225083,0.7783625730994153,0.6010386091668548,1710
GEO_GSE263450_GENERIC_H5AD_EXPANDED,learned_permuted_prior,15,0.35452103849597133,0.2517482517482518,0.29442379182156136,1573
GEO_GSE263450_GENERIC_H5AD_EXPANDED,learned_permuted_prior,16,0.1470125786163522,0.1240053050397878,0.13453237410071942,1508
GEO_GSE263450_GENERIC_H5AD_EXPANDED,learned_permuted_prior,17,0.21714285714285714,0.2593856655290102,0.2363919129082426,1172
GEO_GSE263450_GENERIC_H5AD_EXPANDED,learned_permuted_prior,18,0.3295681063122924,0.43508771929824563,0.3750472589792061,1140
GEO_GSE263450_GENERIC_H5AD_EXPANDED,learned_permuted_prior,19,0.3615098351940457,0.6039076376554174,0.4522780179580978,1126
GEO_GSE263450_GENERIC_H5AD_EXPANDED,learned_permuted_prior,2,0.6097427476737821,0.4456,0.5149064016639705,2500
GEO_GSE263450_GENERIC_H5AD_EXPANDED,learned_permuted_prior,20,0.26047745358090185,0.814262023217247,0.3946945337620579,603
GEO_GSE263450_GENERIC_H5AD_EXPANDED,learned_permuted_prior,21,0.007220216606498195,0.07142857142857142,0.013114754098360656,112
GEO_GSE263450_GENERIC_H5AD_EXPANDED,learned_permuted_prior,22,0.0007535795026375283,0.018518518518518517,0.001448225923244026,54
GEO_GSE263450_GENERIC_H5AD_EXPANDED,learned_permuted_prior,23,0.0026954177897574125,0.08333333333333333,0.005221932114882507,48
GEO_GSE263450_GENERIC_H5AD_EXPANDED,learned_permuted_prior,24,0.0032637075718015664,0.11363636363636363,0.006345177664974618,44
GEO_GSE263450_GENERIC_H5AD_EXPANDED,learned_permuted_prior,3,0.6519193233571894,0.4008,0.4964082239286599,2500
GEO_GSE263450_GENERIC_H5AD_EXPANDED,learned_permuted_prior,4,0.3351177730192719,0.1315126050420168,0.18889559444779724,2380
GEO_GSE263450_GENERIC_H5AD_EXPANDED,learned_permuted_prior,5,0.403494837172359,0.22115803221593383,0.2857142857142857,2297
GEO_GSE263450_GENERIC_H5AD_EXPANDED,learned_permuted_prior,6,0.256957928802589,0.17858749437696805,0.21072186836518048,2223
GEO_GSE263450_GENERIC_H5AD_EXPANDED,learned_permuted_prior,7,0.17061611374407584,0.13114754098360656,0.1483007209062822,2196
GEO_GSE263450_GENERIC_H5AD_EXPANDED,learned_permuted_prior,8,0.43097643097643096,0.12225405921680993,0.19047619047619047,2094
GEO_GSE263450_GENERIC_H5AD_EXPANDED,learned_permuted_prior,9,0.1599479843953186,0.06806862202545656,0.09549689440993789,1807
GEO_GSE263450_GENERIC_H5AD_EXPANDED,learned_random_graph,1,0.2791327913279133,0.206,0.23705408515535098,2500
GEO_GSE263450_GENERIC_H5AD_EXPANDED,learned_random_graph,10,0.44306569343065694,0.34488636363636366,0.38785942492012776,1760
GEO_GSE263450_GENERIC_H5AD_EXPANDED,learned_random_graph,11,0.3416988416988417,0.40480274442538594,0.37058361685422664,1749
GEO_GSE263450_GENERIC_H5AD_EXPANDED,learned_random_graph,12,0.6115755627009646,0.5548424737456242,0.5818293055980422,1714
GEO_GSE263450_GENERIC_H5AD_EXPANDED,learned_random_graph,13,0.4443266171792153,0.48977206312098187,0.4659438420906311,1711
GEO_GSE263450_GENERIC_H5AD_EXPANDED,learned_random_graph,14,0.4809725158562368,0.7982456140350878,0.6002638522427441,1710
GEO_GSE263450_GENERIC_H5AD_EXPANDED,learned_random_graph,15,0.3609022556390977,0.2746344564526383,0.311913357400722,1573
GEO_GSE263450_GENERIC_H5AD_EXPANDED,learned_random_graph,16,0.16029292107404394,0.1306366047745358,0.14395323346729993,1508
GEO_GSE263450_GENERIC_H5AD_EXPANDED,learned_random_graph,17,0.22324865280985373,0.24744027303754265,0.2347227842978551,1172
GEO_GSE263450_GENERIC_H5AD_EXPANDED,learned_random_graph,18,0.32469215813350616,0.4394736842105263,0.3734625419306746,1140
GEO_GSE263450_GENERIC_H5AD_EXPANDED,learned_random_graph,19,0.3821184510250569,0.5959147424511545,0.465648854961832,1126
GEO_GSE263450_GENERIC_H5AD_EXPANDED,learned_random_graph,2,0.6468477703741671,0.5048,0.5670635812177038,2500
GEO_GSE263450_GENERIC_H5AD_EXPANDED,learned_random_graph,20,0.24448799608035277,0.8275290215588723,0.3774583963691377,603
GEO_GSE263450_GENERIC_H5AD_EXPANDED,learned_random_graph,21,0.006294964028776978,0.0625,0.011437908496732025,112
GEO_GSE263450_GENERIC_H5AD_EXPANDED,learned_random_graph,22,0.0007686395080707148,0.018518518518518517,0.0014760147601476014,54
GEO_GSE263450_GENERIC_H5AD_EXPANDED,learned_random_graph,23,0.002027027027027027,0.0625,0.003926701570680628,48
GEO_GSE263450_GENERIC_H5AD_EXPANDED,learned_random_graph,24,0.00335345405767941,0.11363636363636363,0.006514657980456026,44
GEO_GSE263450_GENERIC_H5AD_EXPANDED,learned_random_graph,3,0.6587708066581306,0.4116,0.5066469719350074,2500
GEO_GSE263450_GENERIC_H5AD_EXPANDED,learned_random_graph,4,0.3394406943105111,0.14789915966386555,0.20602868012876793,2380
GEO_GSE263450_GENERIC_H5AD_EXPANDED,learned_random_graph,5,0.4262416604892513,0.25032651284283847,0.3154141524958859,2297
GEO_GSE263450_GENERIC_H5AD_EXPANDED,learned_random_graph,6,0.255249343832021,0.17498875393612237,0.2076327728849747,2223
GEO_GSE263450_GENERIC_H5AD_EXPANDED,learned_random_graph,7,0.16940249507550886,0.11748633879781421,0.13874697499327776,2196
GEO_GSE263450_GENERIC_H5AD_EXPANDED,learned_random_graph,8,0.47774869109947643,0.17430754536771728,0.2554233729881036,2094
GEO_GSE263450_GENERIC_H5AD_EXPANDED,learned_random_graph,9,0.17336683417085427,0.07636967349197565,0.10603150211294661,1807
GEO_GSE263450_GENERIC_H5AD_EXPANDED,marker_context_specific_neighborhood,1,0.29994435169727324,0.2156,0.250872701885036,2500
GEO_GSE263450_GENERIC_H5AD_EXPANDED,marker_context_specific_neighborhood,10,0.4669636228656273,0.3573863636363636,0.4048921789507563,1760
GEO_GSE263450_GENERIC_H5AD_EXPANDED,marker_context_specific_neighborhood,11,0.33166081284495735,0.37793024585477414,0.3532870122928915,1749
GEO_GSE263450_GENERIC_H5AD_EXPANDED,marker_context_specific_neighborhood,12,0.6171317326411421,0.5548424737456242,0.5843317972350229,1714
GEO_GSE263450_GENERIC_H5AD_EXPANDED,marker_context_specific_neighborhood,13,0.4508276533592989,0.5412039742840444,0.49189907038512615,1711
GEO_GSE263450_GENERIC_H5AD_EXPANDED,marker_context_specific_neighborhood,14,0.4882869692532943,0.7801169590643274,0.6006303466906799,1710
GEO_GSE263450_GENERIC_H5AD_EXPANDED,marker_context_specific_neighborhood,15,0.3639371381306865,0.27972027972027974,0.3163191948238678,1573
GEO_GSE263450_GENERIC_H5AD_EXPANDED,marker_context_specific_neighborhood,16,0.16209476309226933,0.12931034482758622,0.14385835485060866,1508
GEO_GSE263450_GENERIC_H5AD_EXPANDED,marker_context_specific_neighborhood,17,0.2227204783258595,0.25426621160409557,0.23745019920318725,1172
GEO_GSE263450_GENERIC_H5AD_EXPANDED,marker_context_specific_neighborhood,18,0.33376623376623377,0.45087719298245615,0.3835820895522388,1140
GEO_GSE263450_GENERIC_H5AD_EXPANDED,marker_context_specific_neighborhood,19,0.3823019086176981,0.5870337477797514,0.46304728546409807,1126
GEO_GSE263450_GENERIC_H5AD_EXPANDED,marker_context_specific_neighborhood,2,0.6478802992518703,0.5196,0.57669256381798,2500
GEO_GSE263450_GENERIC_H5AD_EXPANDED,marker_context_specific_neighborhood,20,0.25164556962025314,0.824212271973466,0.3855702094647013,603
GEO_GSE263450_GENERIC_H5AD_EXPANDED,marker_context_specific_neighborhood,21,0.006352087114337568,0.0625,0.011532125205930806,112
GEO_GSE263450_GENERIC_H5AD_EXPANDED,marker_context_specific_neighborhood,22,0.0007836990595611285,0.018518518518518517,0.0015037593984962405,54
GEO_GSE263450_GENERIC_H5AD_EXPANDED,marker_context_specific_neighborhood,23,0.0013802622498274672,0.041666666666666664,0.0026720106880427524,48
GEO_GSE263450_GENERIC_H5AD_EXPANDED,marker_context_specific_neighborhood,24,0.004548408057179987,0.1590909090909091,0.008843967150979152,44
GEO_GSE263450_GENERIC_H5AD_EXPANDED,marker_context_specific_neighborhood,3,0.6426370918052988,0.4172,0.5059422750424448,2500
GEO_GSE263450_GENERIC_H5AD_EXPANDED,marker_context_specific_neighborhood,4,0.34328358208955223,0.1546218487394958,0.21320973348783315,2380
GEO_GSE263450_GENERIC_H5AD_EXPANDED,marker_context_specific_neighborhood,5,0.4328018223234624,0.24814976055724858,0.3154399557277255,2297
GEO_GSE263450_GENERIC_H5AD_EXPANDED,marker_context_specific_neighborhood,6,0.2525737817433082,0.1655420602789024,0.2,2223
GEO_GSE263450_GENERIC_H5AD_EXPANDED,marker_context_specific_neighborhood,7,0.17193675889328064,0.11885245901639344,0.14054927302100162,2196
GEO_GSE263450_GENERIC_H5AD_EXPANDED,marker_context_specific_neighborhood,8,0.5266203703703703,0.21728748806112702,0.3076402974983097,2094
GEO_GSE263450_GENERIC_H5AD_EXPANDED,marker_context_specific_neighborhood,9,0.17954815695600476,0.0835639180962922,0.11404833836858007,1807
GEO_GSE263450_GENERIC_H5AD_EXPANDED,marker_learned_neighborhood,1,0.29557216791259344,0.2056,0.2425100259495164,2500
GEO_GSE263450_GENERIC_H5AD_EXPANDED,marker_learned_neighborhood,10,0.4514038876889849,0.35625,0.3982216576691013,1760
GEO_GSE263450_GENERIC_H5AD_EXPANDED,marker_learned_neighborhood,11,0.3427579365079365,0.3950829045168668,0.3670650730411687,1749
GEO_GSE263450_GENERIC_H5AD_EXPANDED,marker_learned_neighborhood,12,0.6276235612728503,0.5408401400233372,0.5810090880601693,1714
GEO_GSE263450_GENERIC_H5AD_EXPANDED,marker_learned_neighborhood,13,0.4556154977930358,0.5429573348918761,0.49546666666666667,1711
GEO_GSE263450_GENERIC_H5AD_EXPANDED,marker_learned_neighborhood,14,0.4901327592393254,0.7988304093567251,0.607516121859017,1710
GEO_GSE263450_GENERIC_H5AD_EXPANDED,marker_learned_neighborhood,15,0.364297253634895,0.2867132867132867,0.3208822483102099,1573
GEO_GSE263450_GENERIC_H5AD_EXPANDED,marker_learned_neighborhood,16,0.16540722082283796,0.1306366047745358,0.14597999258984812,1508
GEO_GSE263450_GENERIC_H5AD_EXPANDED,marker_learned_neighborhood,17,0.2212990936555891,0.25,0.23477564102564102,1172
GEO_GSE263450_GENERIC_H5AD_EXPANDED,marker_learned_neighborhood,18,0.3359073359073359,0.45789473684210524,0.38752783964365256,1140
GEO_GSE263450_GENERIC_H5AD_EXPANDED,marker_learned_neighborhood,19,0.38696655132641294,0.5959147424511545,0.46923076923076923,1126
GEO_GSE263450_GENERIC_H5AD_EXPANDED,marker_learned_neighborhood,2,0.6451451451451451,0.5156,0.5731436193863938,2500
GEO_GSE263450_GENERIC_H5AD_EXPANDED,marker_learned_neighborhood,20,0.2483982257269591,0.835820895522388,0.3829787234042554,603
GEO_GSE263450_GENERIC_H5AD_EXPANDED,marker_learned_neighborhood,21,0.006487488415199258,0.0625,0.011754827875734675,112
GEO_GSE263450_GENERIC_H5AD_EXPANDED,marker_learned_neighborhood,22,0.0008116883116883117,0.018518518518518517,0.0015552099533437016,54
GEO_GSE263450_GENERIC_H5AD_EXPANDED,marker_learned_neighborhood,23,0.002070393374741201,0.0625,0.004008016032064129,48
GEO_GSE263450_GENERIC_H5AD_EXPANDED,marker_learned_neighborhood,24,0.004707464694014795,0.1590909090909091,0.00914435009797518,44
GEO_GSE263450_GENERIC_H5AD_EXPANDED,marker_learned_neighborhood,3,0.6448362720403022,0.4096,0.5009784735812134,2500
GEO_GSE263450_GENERIC_H5AD_EXPANDED,marker_learned_neighborhood,4,0.340607210626186,0.15084033613445377,0.20908561444379734,2380
GEO_GSE263450_GENERIC_H5AD_EXPANDED,marker_learned_neighborhood,5,0.43782192788815305,0.2590335219851981,0.32549234135667393,2297
GEO_GSE263450_GENERIC_H5AD_EXPANDED,marker_learned_neighborhood,6,0.25966494845360827,0.18128654970760233,0.21350993377483443,2223
GEO_GSE263450_GENERIC_H5AD_EXPANDED,marker_learned_neighborhood,7,0.17063492063492064,0.11748633879781421,0.13915857605177995,2196
GEO_GSE263450_GENERIC_H5AD_EXPANDED,marker_learned_neighborhood,8,0.5086505190311419,0.21060171919770773,0.2978723404255319,2094
GEO_GSE263450_GENERIC_H5AD_EXPANDED,marker_learned_neighborhood,9,0.18500604594921402,0.08467072495849474,0.1161731207289294,1807
GEO_GSE263450_GENERIC_H5AD_EXPANDED,marker_only,1,0.265266243282853,0.2172,0.2388387948097647,2500
GEO_GSE263450_GENERIC_H5AD_EXPANDED,marker_only,10,0.4544758990053558,0.3375,0.38734920117378546,1760
GEO_GSE263450_GENERIC_H5AD_EXPANDED,marker_only,11,0.3191909225456339,0.3699256718124643,0.3426906779661017,1749
GEO_GSE263450_GENERIC_H5AD_EXPANDED,marker_only,12,0.6048689138576779,0.5653442240373395,0.5844390832328106,1714
GEO_GSE263450_GENERIC_H5AD_EXPANDED,marker_only,13,0.4371501272264631,0.5020455873758036,0.4673558215451578,1711
GEO_GSE263450_GENERIC_H5AD_EXPANDED,marker_only,14,0.4724150529777128,0.756140350877193,0.5815156285136047,1710
GEO_GSE263450_GENERIC_H5AD_EXPANDED,marker_only,15,0.36600173460537727,0.2682771773680865,0.30961115187087307,1573
GEO_GSE263450_GENERIC_H5AD_EXPANDED,marker_only,16,0.15264026402640263,0.1226790450928382,0.13602941176470587,1508
GEO_GSE263450_GENERIC_H5AD_EXPANDED,marker_only,17,0.21223021582733814,0.25170648464163825,0.2302888368462139,1172
GEO_GSE263450_GENERIC_H5AD_EXPANDED,marker_only,18,0.32402597402597405,0.437719298245614,0.3723880597014926,1140
GEO_GSE263450_GENERIC_H5AD_EXPANDED,marker_only,19,0.3670091324200913,0.5710479573712256,0.44683808200138986,1126
GEO_GSE263450_GENERIC_H5AD_EXPANDED,marker_only,2,0.6582144743792921,0.4984,0.5672661051673117,2500
GEO_GSE263450_GENERIC_H5AD_EXPANDED,marker_only,20,0.24884318766066837,0.802653399668325,0.37990580847723704,603
GEO_GSE263450_GENERIC_H5AD_EXPANDED,marker_only,21,0.0060396893874029335,0.0625,0.011014948859166011,112
GEO_GSE263450_GENERIC_H5AD_EXPANDED,marker_only,22,0.0007220216606498195,0.018518518518518517,0.001389854065323141,54
GEO_GSE263450_GENERIC_H5AD_EXPANDED,marker_only,23,0.0018726591760299626,0.0625,0.0036363636363636364,48
GEO_GSE263450_GENERIC_H5AD_EXPANDED,marker_only,24,0.004413619167717529,0.1590909090909091,0.008588957055214725,44
GEO_GSE263450_GENERIC_H5AD_EXPANDED,marker_only,3,0.6421471172962226,0.3876,0.4834123222748815,2500
GEO_GSE263450_GENERIC_H5AD_EXPANDED,marker_only,4,0.3384615384615385,0.13865546218487396,0.19672131147540986,2380
GEO_GSE263450_GENERIC_H5AD_EXPANDED,marker_only,5,0.40706605222734255,0.23073574227252938,0.29452625729369264,2297
GEO_GSE263450_GENERIC_H5AD_EXPANDED,marker_only,6,0.23870532703978423,0.1592442645074224,0.19104155423637342,2223
GEO_GSE263450_GENERIC_H5AD_EXPANDED,marker_only,7,0.17068403908794788,0.11930783242258652,0.14044492093272581,2196
GEO_GSE263450_GENERIC_H5AD_EXPANDED,marker_only,8,0.45252225519287836,0.14565425023877746,0.22037572254335264,2094
GEO_GSE263450_GENERIC_H5AD_EXPANDED,marker_only,9,0.16869095816464239,0.06917542888765911,0.09811616954474098,1807
GEO_GSE263450_GENERIC_H5AD_EXPANDED,marker_reference_profile,1,0.2773064687168611,0.2092,0.23848609211126312,2500
GEO_GSE263450_GENERIC_H5AD_EXPANDED,marker_reference_profile,10,0.6435045317220544,0.24204545454545454,0.35177539223782,1760
GEO_GSE263450_GENERIC_H5AD_EXPANDED,marker_reference_profile,11,0.3498157248157248,0.6512292738707833,0.45514485514485514,1749
GEO_GSE263450_GENERIC_H5AD_EXPANDED,marker_reference_profile,12,0.6638477801268499,0.5495915985997666,0.6013405681455474,1714
GEO_GSE263450_GENERIC_H5AD_EXPANDED,marker_reference_profile,13,0.4854771784232365,0.47866744593804794,0.48204826368452036,1711
GEO_GSE263450_GENERIC_H5AD_EXPANDED,marker_reference_profile,14,0.401341243229301,0.9099415204678363,0.5570073384642921,1710
GEO_GSE263450_GENERIC_H5AD_EXPANDED,marker_reference_profile,15,0.49435825105782794,0.445645263827082,0.4687395519893013,1573
GEO_GSE263450_GENERIC_H5AD_EXPANDED,marker_reference_profile,16,0.16188524590163936,0.05238726790450928,0.07915831663326653,1508
GEO_GSE263450_GENERIC_H5AD_EXPANDED,marker_reference_profile,17,0.46771879483500717,0.2781569965870307,0.34884965222043873,1172
GEO_GSE263450_GENERIC_H5AD_EXPANDED,marker_reference_profile,18,0.49206349206349204,0.5710526315789474,0.5286236297198539,1140
GEO_GSE263450_GENERIC_H5AD_EXPANDED,marker_reference_profile,19,0.5086058519793459,0.5248667850799289,0.5166083916083916,1126
GEO_GSE263450_GENERIC_H5AD_EXPANDED,marker_reference_profile,2,0.6343021398914085,0.7944,0.705380927011188,2500
GEO_GSE263450_GENERIC_H5AD_EXPANDED,marker_reference_profile,20,0.302706104468219,0.7976782752902156,0.4388686131386862,603
GEO_GSE263450_GENERIC_H5AD_EXPANDED,marker_reference_profile,21,0.007547169811320755,0.05357142857142857,0.013230429988974642,112
GEO_GSE263450_GENERIC_H5AD_EXPANDED,marker_reference_profile,22,0.0,0.0,0.0,54
GEO_GSE263450_GENERIC_H5AD_EXPANDED,marker_reference_profile,23,0.001976284584980237,0.041666666666666664,0.003773584905660377,48
GEO_GSE263450_GENERIC_H5AD_EXPANDED,marker_reference_profile,24,0.0029013539651837525,0.06818181818181818,0.005565862708719852,44
GEO_GSE263450_GENERIC_H5AD_EXPANDED,marker_reference_profile,3,0.6041064198958935,0.8356,0.7012420275260154,2500
GEO_GSE263450_GENERIC_H5AD_EXPANDED,marker_reference_profile,4,0.45307443365695793,0.29411764705882354,0.356687898089172,2380
GEO_GSE263450_GENERIC_H5AD_EXPANDED,marker_reference_profile,5,0.5885599598595083,0.5106660861993905,0.5468531468531468,2297
GEO_GSE263450_GENERIC_H5AD_EXPANDED,marker_reference_profile,6,0.41794871794871796,0.14664867296446243,0.21711621711621712,2223
GEO_GSE263450_GENERIC_H5AD_EXPANDED,marker_reference_profile,7,0.2762237762237762,0.03597449908925319,0.0636583400483481,2196
GEO_GSE263450_GENERIC_H5AD_EXPANDED,marker_reference_profile,8,0.4954954954954955,0.15759312320916904,0.23913043478260868,2094
GEO_GSE263450_GENERIC_H5AD_EXPANDED,marker_reference_profile,9,0.30270984798413747,0.25345877144438295,0.2759036144578313,1807
GEO_GSE263450_GENERIC_H5AD_EXPANDED,reference_profile,1,0.2734375,0.014,0.02663622526636225,2500
GEO_GSE263450_GENERIC_H5AD_EXPANDED,reference_profile,10,0.8769230769230769,0.06477272727272727,0.12063492063492064,1760
GEO_GSE263450_GENERIC_H5AD_EXPANDED,reference_profile,11,0.302727877578177,0.7804459691252144,0.436241610738255,1749
GEO_GSE263450_GENERIC_H5AD_EXPANDED,reference_profile,12,0.8107098381070984,0.3798133022170362,0.5172824791418356,1714
GEO_GSE263450_GENERIC_H5AD_EXPANDED,reference_profile,13,0.5919055649241147,0.20514319111630624,0.3046875,1711
GEO_GSE263450_GENERIC_H5AD_EXPANDED,reference_profile,14,0.3164085473436581,0.9438596491228071,0.4739392159741594,1710
GEO_GSE263450_GENERIC_H5AD_EXPANDED,reference_profile,15,0.7237936772046589,0.2765416401780038,0.40018399264029436,1573
GEO_GSE263450_GENERIC_H5AD_EXPANDED,reference_profile,16,0.0,0.0,0.0,1508
GEO_GSE263450_GENERIC_H5AD_EXPANDED,reference_profile,17,0.3626373626373626,0.197098976109215,0.25538971807628524,1172
GEO_GSE263450_GENERIC_H5AD_EXPANDED,reference_profile,18,0.44816053511705684,0.47017543859649125,0.45890410958904104,1140
GEO_GSE263450_GENERIC_H5AD_EXPANDED,reference_profile,19,0.5428973277074542,0.3428063943161634,0.4202504082743603,1126
GEO_GSE263450_GENERIC_H5AD_EXPANDED,reference_profile,2,0.5414987912973409,0.8064,0.6479190101237347,2500
GEO_GSE263450_GENERIC_H5AD_EXPANDED,reference_profile,20,0.4154929577464789,0.4892205638474295,0.44935262757044936,603
GEO_GSE263450_GENERIC_H5AD_EXPANDED,reference_profile,21,0.006823351023502654,0.08035714285714286,0.012578616352201259,112
GEO_GSE263450_GENERIC_H5AD_EXPANDED,reference_profile,22,0.0012755102040816326,0.018518518518518517,0.0023866348448687348,54
GEO_GSE263450_GENERIC_H5AD_EXPANDED,reference_profile,23,0.0029354207436399216,0.0625,0.005607476635514018,48
GEO_GSE263450_GENERIC_H5AD_EXPANDED,reference_profile,24,0.0034916201117318434,0.11363636363636363,0.0067750677506775055,44
GEO_GSE263450_GENERIC_H5AD_EXPANDED,reference_profile,3,0.4617046347211312,0.9404,0.6193361433087461,2500
GEO_GSE263450_GENERIC_H5AD_EXPANDED,reference_profile,4,0.5366795366795367,0.35042016806722687,0.4239959328927301,2380
GEO_GSE263450_GENERIC_H5AD_EXPANDED,reference_profile,5,0.6867671691792295,0.5354810622551154,0.601761252446184,2297
GEO_GSE263450_GENERIC_H5AD_EXPANDED,reference_profile,6,0.2041958041958042,0.0656770130454341,0.09938733832539141,2223
GEO_GSE263450_GENERIC_H5AD_EXPANDED,reference_profile,7,0.020676691729323307,0.005009107468123861,0.008064516129032258,2196
GEO_GSE263450_GENERIC_H5AD_EXPANDED,reference_profile,8,0.6704196519959058,0.3127984718242598,0.42657114946271574,2094
GEO_GSE263450_GENERIC_H5AD_EXPANDED,reference_profile,9,0.2,0.27061427780852243,0.23000940733772343,1807
GEO_GSE273530_GENERIC_COSMX_CSV_EXPANDED,learned_permuted_prior,1,0.24862888482632542,0.09109176155391828,0.13333333333333333,1493
GEO_GSE273530_GENERIC_COSMX_CSV_EXPANDED,learned_permuted_prior,10,0.38620689655172413,0.7584650112866818,0.5118050266565118,443
GEO_GSE273530_GENERIC_COSMX_CSV_EXPANDED,learned_permuted_prior,2,0.19047619047619047,0.17582417582417584,0.18285714285714286,1092
GEO_GSE273530_GENERIC_COSMX_CSV_EXPANDED,learned_permuted_prior,3,0.3656821378340366,0.17333333333333334,0.23518769787426505,1500
GEO_GSE273530_GENERIC_COSMX_CSV_EXPANDED,learned_permuted_prior,4,0.535796766743649,0.39222316145393066,0.45290385553928747,1183
GEO_GSE273530_GENERIC_COSMX_CSV_EXPANDED,learned_permuted_prior,5,0.29311475409836063,0.298,0.2955371900826446,1500
GEO_GSE273530_GENERIC_COSMX_CSV_EXPANDED,learned_permuted_prior,6,0.16708229426433915,0.19676945668135096,0.18071476736345246,681
GEO_GSE273530_GENERIC_COSMX_CSV_EXPANDED,learned_permuted_prior,7,0.33774834437086093,0.49173553719008267,0.4004486819966349,726
GEO_GSE273530_GENERIC_COSMX_CSV_EXPANDED,learned_permuted_prior,8,0.06052269601100413,0.2953020134228188,0.10045662100456622,149
GEO_GSE273530_GENERIC_COSMX_CSV_EXPANDED,learned_permuted_prior,9,0.12398609501738123,0.5119617224880383,0.19962686567164178,209
GEO_GSE273530_GENERIC_COSMX_CSV_EXPANDED,learned_random_graph,1,0.25037037037037035,0.11319490957803081,0.1559040590405904,1493
GEO_GSE273530_GENERIC_COSMX_CSV_EXPANDED,learned_random_graph,10,0.38235294117647056,0.7629796839729119,0.5094197437829691,443
GEO_GSE273530_GENERIC_COSMX_CSV_EXPANDED,learned_random_graph,2,0.19675262655205347,0.18864468864468864,0.19261337073398782,1092
GEO_GSE273530_GENERIC_COSMX_CSV_EXPANDED,learned_random_graph,3,0.3718791064388962,0.18866666666666668,0.2503317116320213,1500
GEO_GSE273530_GENERIC_COSMX_CSV_EXPANDED,learned_random_graph,4,0.5082802547770701,0.33727810650887574,0.40548780487804875,1183
GEO_GSE273530_GENERIC_COSMX_CSV_EXPANDED,learned_random_graph,5,0.3024054982817869,0.29333333333333333,0.2978003384094755,1500
GEO_GSE273530_GENERIC_COSMX_CSV_EXPANDED,learned_random_graph,6,0.16152019002375298,0.19970631424375918,0.17859487852921868,681
GEO_GSE273530_GENERIC_COSMX_CSV_EXPANDED,learned_random_graph,7,0.3273073263558516,0.4738292011019284,0.3871693866066404,726
GEO_GSE273530_GENERIC_COSMX_CSV_EXPANDED,learned_random_graph,8,0.057803468208092484,0.2684563758389262,0.09512485136741973,149
GEO_GSE273530_GENERIC_COSMX_CSV_EXPANDED,learned_random_graph,9,0.1364795918367347,0.5119617224880383,0.21550855991943607,209
GEO_GSE273530_GENERIC_COSMX_CSV_EXPANDED,marker_context_specific_neighborhood,1,0.26504065040650404,0.10917615539182854,0.15464895635673623,1493
GEO_GSE273530_GENERIC_COSMX_CSV_EXPANDED,marker_context_specific_neighborhood,10,0.3785310734463277,0.7562076749435666,0.5045180722891566,443
GEO_GSE273530_GENERIC_COSMX_CSV_EXPANDED,marker_context_specific_neighborhood,2,0.19223300970873786,0.1813186813186813,0.18661639962299717,1092
GEO_GSE273530_GENERIC_COSMX_CSV_EXPANDED,marker_context_specific_neighborhood,3,0.3627844712182062,0.18066666666666667,0.24121050289274587,1500
GEO_GSE273530_GENERIC_COSMX_CSV_EXPANDED,marker_context_specific_neighborhood,4,0.5059665871121718,0.3584108199492815,0.41959426026719443,1183
GEO_GSE273530_GENERIC_COSMX_CSV_EXPANDED,marker_context_specific_neighborhood,5,0.3027027027027027,0.2986666666666667,0.30067114093959735,1500
GEO_GSE273530_GENERIC_COSMX_CSV_EXPANDED,marker_context_specific_neighborhood,6,0.166270783847981,0.2055800293685756,0.18384766907419567,681
GEO_GSE273530_GENERIC_COSMX_CSV_EXPANDED,marker_context_specific_neighborhood,7,0.33524904214559387,0.4820936639118457,0.39548022598870053,726
GEO_GSE273530_GENERIC_COSMX_CSV_EXPANDED,marker_context_specific_neighborhood,8,0.05706134094151213,0.2684563758389262,0.09411764705882354,149
GEO_GSE273530_GENERIC_COSMX_CSV_EXPANDED,marker_context_specific_neighborhood,9,0.1297229219143577,0.49282296650717705,0.20538384845463611,209
GEO_GSE273530_GENERIC_COSMX_CSV_EXPANDED,marker_learned_neighborhood,1,0.24277456647398843,0.11252511721366376,0.15377574370709382,1493
GEO_GSE273530_GENERIC_COSMX_CSV_EXPANDED,marker_learned_neighborhood,10,0.384703196347032,0.7607223476297968,0.5109931766489766,443
GEO_GSE273530_GENERIC_COSMX_CSV_EXPANDED,marker_learned_neighborhood,2,0.20253164556962025,0.19047619047619047,0.19631901840490798,1092
GEO_GSE273530_GENERIC_COSMX_CSV_EXPANDED,marker_learned_neighborhood,3,0.36863270777479895,0.18333333333333332,0.24487978628673196,1500
GEO_GSE273530_GENERIC_COSMX_CSV_EXPANDED,marker_learned_neighborhood,4,0.5025,0.33981403212172445,0.405446293494705,1183
GEO_GSE273530_GENERIC_COSMX_CSV_EXPANDED,marker_learned_neighborhood,5,0.3016415868673051,0.294,0.2977717758271438,1500
GEO_GSE273530_GENERIC_COSMX_CSV_EXPANDED,marker_learned_neighborhood,6,0.17180094786729858,0.21292217327459617,0.19016393442622948,681
GEO_GSE273530_GENERIC_COSMX_CSV_EXPANDED,marker_learned_neighborhood,7,0.33175355450236965,0.4820936639118457,0.3930376193149916,726
GEO_GSE273530_GENERIC_COSMX_CSV_EXPANDED,marker_learned_neighborhood,8,0.060029282576866766,0.2751677852348993,0.09855769230769232,149
GEO_GSE273530_GENERIC_COSMX_CSV_EXPANDED,marker_learned_neighborhood,9,0.13780025284450062,0.5215311004784688,0.21799999999999997,209
GEO_GSE273530_GENERIC_COSMX_CSV_EXPANDED,marker_only,1,0.25333333333333335,0.08908238446081715,0.13181367690782955,1493
GEO_GSE273530_GENERIC_COSMX_CSV_EXPANDED,marker_only,10,0.37145969498910675,0.7697516930022573,0.5011021307861866,443
GEO_GSE273530_GENERIC_COSMX_CSV_EXPANDED,marker_only,2,0.189873417721519,0.17857142857142858,0.18404907975460125,1092
GEO_GSE273530_GENERIC_COSMX_CSV_EXPANDED,marker_only,3,0.36099585062240663,0.174,0.23481781376518218,1500
GEO_GSE273530_GENERIC_COSMX_CSV_EXPANDED,marker_only,4,0.5338427947598253,0.41335587489433645,0.4659361600762268,1183
GEO_GSE273530_GENERIC_COSMX_CSV_EXPANDED,marker_only,5,0.30261348005502064,0.29333333333333333,0.2979011509817197,1500
GEO_GSE273530_GENERIC_COSMX_CSV_EXPANDED,marker_only,6,0.16304347826086957,0.19823788546255505,0.17892644135188868,681
GEO_GSE273530_GENERIC_COSMX_CSV_EXPANDED,marker_only,7,0.3266090297790586,0.46831955922865015,0.38483305036785515,726
GEO_GSE273530_GENERIC_COSMX_CSV_EXPANDED,marker_only,8,0.05673758865248227,0.2684563758389262,0.09367681498829038,149
GEO_GSE273530_GENERIC_COSMX_CSV_EXPANDED,marker_only,9,0.13110846245530394,0.5263157894736842,0.20992366412213742,209
GEO_GSE273530_GENERIC_COSMX_CSV_EXPANDED,marker_reference_profile,1,0.275797373358349,0.09845947756195579,0.14511352418558737,1493
GEO_GSE273530_GENERIC_COSMX_CSV_EXPANDED,marker_reference_profile,10,0.38814317673378074,0.7832957110609481,0.519072550486163,443
GEO_GSE273530_GENERIC_COSMX_CSV_EXPANDED,marker_reference_profile,2,0.1382667964946446,0.13003663003663005,0.13402548371873524,1092
GEO_GSE273530_GENERIC_COSMX_CSV_EXPANDED,marker_reference_profile,3,0.302066772655008,0.12666666666666668,0.17848755284170975,1500
GEO_GSE273530_GENERIC_COSMX_CSV_EXPANDED,marker_reference_profile,4,0.5367913148371531,0.37616229923922234,0.44234592445328036,1183
GEO_GSE273530_GENERIC_COSMX_CSV_EXPANDED,marker_reference_profile,5,0.34232845026985353,0.296,0.3174830175187701,1500
GEO_GSE273530_GENERIC_COSMX_CSV_EXPANDED,marker_reference_profile,6,0.2057942057942058,0.302496328928047,0.24494649227110582,681
GEO_GSE273530_GENERIC_COSMX_CSV_EXPANDED,marker_reference_profile,7,0.3110419906687403,0.5509641873278237,0.3976143141153081,726
GEO_GSE273530_GENERIC_COSMX_CSV_EXPANDED,marker_reference_profile,8,0.09612817089452604,0.48322147651006714,0.16035634743875277,149
GEO_GSE273530_GENERIC_COSMX_CSV_EXPANDED,marker_reference_profile,9,0.15595075239398085,0.5454545454545454,0.24255319148936172,209
GEO_GSE273530_GENERIC_COSMX_CSV_EXPANDED,reference_profile,1,0.33579335793357934,0.06095110515740121,0.10317460317460318,1493
GEO_GSE273530_GENERIC_COSMX_CSV_EXPANDED,reference_profile,10,0.21317157712305027,0.5553047404063205,0.3080776455854728,443
GEO_GSE273530_GENERIC_COSMX_CSV_EXPANDED,reference_profile,2,0.07210965435041716,0.1108058608058608,0.08736462093862817,1092
GEO_GSE273530_GENERIC_COSMX_CSV_EXPANDED,reference_profile,3,0.17034700315457413,0.108,0.13219094247246024,1500
GEO_GSE273530_GENERIC_COSMX_CSV_EXPANDED,reference_profile,4,0.45145631067961167,0.07861369399830938,0.13390928725701942,1183
GEO_GSE273530_GENERIC_COSMX_CSV_EXPANDED,reference_profile,5,0.4567901234567901,0.024666666666666667,0.04680581910183428,1500
GEO_GSE273530_GENERIC_COSMX_CSV_EXPANDED,reference_profile,6,0.19035532994923857,0.44052863436123346,0.2658396101019052,681
GEO_GSE273530_GENERIC_COSMX_CSV_EXPANDED,reference_profile,7,0.18374164810690424,0.22727272727272727,0.20320197044334976,726
GEO_GSE273530_GENERIC_COSMX_CSV_EXPANDED,reference_profile,8,0.0774526678141136,0.9060402684563759,0.1427061310782241,149
GEO_GSE273530_GENERIC_COSMX_CSV_EXPANDED,reference_profile,9,0.15550239234449761,0.31100478468899523,0.20733652312599682,209
GEO_GSE273952_GENERIC_VISIUM_H5_ANNOTATION_EXPANDED,learned_permuted_prior,NO_tumor,0.8029935275080906,0.794,0.7984714400643604,2500
GEO_GSE273952_GENERIC_VISIUM_H5_ANNOTATION_EXPANDED,learned_permuted_prior,Tumor,0.7962816455696202,0.8052,0.8007159904534606,2500
GEO_GSE273952_GENERIC_VISIUM_H5_ANNOTATION_EXPANDED,learned_random_graph,NO_tumor,0.8022598870056498,0.7952,0.7987143431096827,2500
GEO_GSE273952_GENERIC_VISIUM_H5_ANNOTATION_EXPANDED,learned_random_graph,Tumor,0.7969865186360032,0.804,0.8004778972520908,2500
GEO_GSE273952_GENERIC_VISIUM_H5_ANNOTATION_EXPANDED,marker_context_specific_neighborhood,NO_tumor,0.7160493827160493,0.6264,0.668231278002987,2500
GEO_GSE273952_GENERIC_VISIUM_H5_ANNOTATION_EXPANDED,marker_context_specific_neighborhood,Tumor,0.6679701386420192,0.7516,0.7073216638434029,2500
GEO_GSE273952_GENERIC_VISIUM_H5_ANNOTATION_EXPANDED,marker_learned_neighborhood,NO_tumor,0.8029935275080906,0.794,0.7984714400643604,2500
GEO_GSE273952_GENERIC_VISIUM_H5_ANNOTATION_EXPANDED,marker_learned_neighborhood,Tumor,0.7962816455696202,0.8052,0.8007159904534606,2500
GEO_GSE273952_GENERIC_VISIUM_H5_ANNOTATION_EXPANDED,marker_only,NO_tumor,0.79328268692523,0.7936,0.7934413117376524,2500
GEO_GSE273952_GENERIC_VISIUM_H5_ANNOTATION_EXPANDED,marker_only,Tumor,0.7935174069627852,0.7932,0.7933586717343469,2500
GEO_GSE273952_GENERIC_VISIUM_H5_ANNOTATION_EXPANDED,marker_reference_profile,NO_tumor,0.7466952483029653,0.836,0.7888280807699566,2500
GEO_GSE273952_GENERIC_VISIUM_H5_ANNOTATION_EXPANDED,marker_reference_profile,Tumor,0.813721035892776,0.7164,0.7619655392469686,2500
GEO_GSE273952_GENERIC_VISIUM_H5_ANNOTATION_EXPANDED,reference_profile,NO_tumor,0.6823762376237624,0.6892,0.685771144278607,2500
GEO_GSE273952_GENERIC_VISIUM_H5_ANNOTATION_EXPANDED,reference_profile,Tumor,0.686060606060606,0.6792,0.6826130653266331,2500
GEO_GSE278766_GENERIC_COSMX_CSV_EXPANDED,learned_permuted_prior,ATL.TAL,0.6354621182070607,0.6408,0.6381198964349731,2500
GEO_GSE278766_GENERIC_COSMX_CSV_EXPANDED,learned_permuted_prior,CNT,0.6598150051387461,0.5136,0.5775978407557354,2500
GEO_GSE278766_GENERIC_COSMX_CSV_EXPANDED,learned_permuted_prior,DCT,0.6363134657836644,0.4612,0.534786641929499,2500
GEO_GSE278766_GENERIC_COSMX_CSV_EXPANDED,learned_permuted_prior,DTL,0.5634464751958225,0.4316,0.48878822197055494,2500
GEO_GSE278766_GENERIC_COSMX_CSV_EXPANDED,learned_permuted_prior,EC,0.7481945113143957,0.6216,0.6790474109678828,2500
GEO_GSE278766_GENERIC_COSMX_CSV_EXPANDED,learned_permuted_prior,IC,0.7080093312597201,0.7284,0.7180599369085174,2500
GEO_GSE278766_GENERIC_COSMX_CSV_EXPANDED,learned_permuted_prior,Immune,0.7234375,0.7408,0.7320158102766798,2500
GEO_GSE278766_GENERIC_COSMX_CSV_EXPANDED,learned_permuted_prior,Interstitial,0.7099480623252098,0.7108,0.7103737757345592,2500
GEO_GSE278766_GENERIC_COSMX_CSV_EXPANDED,learned_permuted_prior,PC,0.6261261261261262,0.7228,0.6709988860007428,2500
GEO_GSE278766_GENERIC_COSMX_CSV_EXPANDED,learned_permuted_prior,PEC,0.54,0.2376,0.32999999999999996,2500
GEO_GSE278766_GENERIC_COSMX_CSV_EXPANDED,learned_permuted_prior,POD,0.665645216207014,0.9721531576330183,0.7902182700080841,2011
GEO_GSE278766_GENERIC_COSMX_CSV_EXPANDED,learned_permuted_prior,PT,0.6366710013003901,0.9792,0.7716312056737589,2500
GEO_GSE278766_GENERIC_COSMX_CSV_EXPANDED,learned_permuted_prior,TAL,0.5513934671860953,0.736,0.6304608531780023,2500
GEO_GSE278766_GENERIC_COSMX_CSV_EXPANDED,learned_random_graph,ATL.TAL,0.6200824278756089,0.662,0.6403559682723932,2500
GEO_GSE278766_GENERIC_COSMX_CSV_EXPANDED,learned_random_graph,CNT,0.6682267290691628,0.514,0.5810535835405833,2500
GEO_GSE278766_GENERIC_COSMX_CSV_EXPANDED,learned_random_graph,DCT,0.6275055679287305,0.4508,0.5246741154562383,2500
GEO_GSE278766_GENERIC_COSMX_CSV_EXPANDED,learned_random_graph,DTL,0.5393572426641826,0.4632,0.4983860555196901,2500
GEO_GSE278766_GENERIC_COSMX_CSV_EXPANDED,learned_random_graph,EC,0.7638022083533366,0.6364,0.6943050403665721,2500
GEO_GSE278766_GENERIC_COSMX_CSV_EXPANDED,learned_random_graph,IC,0.6970844377129876,0.7364,0.7162030733320367,2500
GEO_GSE278766_GENERIC_COSMX_CSV_EXPANDED,learned_random_graph,Immune,0.7392649903288201,0.7644,0.751622418879056,2500
GEO_GSE278766_GENERIC_COSMX_CSV_EXPANDED,learned_random_graph,Interstitial,0.7339300244100895,0.7216,0.7277127874142799,2500
GEO_GSE278766_GENERIC_COSMX_CSV_EXPANDED,learned_random_graph,PC,0.6298655343241331,0.712,0.668419076229816,2500
GEO_GSE278766_GENERIC_COSMX_CSV_EXPANDED,learned_random_graph,PEC,0.5704761904761905,0.2396,0.3374647887323944,2500
GEO_GSE278766_GENERIC_COSMX_CSV_EXPANDED,learned_random_graph,POD,0.7051282051282052,0.9572352063649925,0.8120649651972158,2011
GEO_GSE278766_GENERIC_COSMX_CSV_EXPANDED,learned_random_graph,PT,0.6151332327802916,0.9788,0.755480086446434,2500
GEO_GSE278766_GENERIC_COSMX_CSV_EXPANDED,learned_random_graph,TAL,0.56128,0.7016,0.6236444444444444,2500
GEO_GSE278766_GENERIC_COSMX_CSV_EXPANDED,marker_context_specific_neighborhood,ATL.TAL,0.6230769230769231,0.648,0.6352941176470588,2500
GEO_GSE278766_GENERIC_COSMX_CSV_EXPANDED,marker_context_specific_neighborhood,CNT,0.661144578313253,0.5268,0.5863757791629564,2500
GEO_GSE278766_GENERIC_COSMX_CSV_EXPANDED,marker_context_specific_neighborhood,DCT,0.6313768513439386,0.4604,0.5325005783021051,2500
GEO_GSE278766_GENERIC_COSMX_CSV_EXPANDED,marker_context_specific_neighborhood,DTL,0.5558388577256502,0.436,0.48867966823582154,2500
GEO_GSE278766_GENERIC_COSMX_CSV_EXPANDED,marker_context_specific_neighborhood,EC,0.7434878587196468,0.6736,0.7068205666316895,2500
GEO_GSE278766_GENERIC_COSMX_CSV_EXPANDED,marker_context_specific_neighborhood,IC,0.7029434546862897,0.726,0.7142857142857142,2500
GEO_GSE278766_GENERIC_COSMX_CSV_EXPANDED,marker_context_specific_neighborhood,Immune,0.7455480807281362,0.7536,0.7495524169484783,2500
GEO_GSE278766_GENERIC_COSMX_CSV_EXPANDED,marker_context_specific_neighborhood,Interstitial,0.7316780136163397,0.7308,0.7312387432459476,2500
GEO_GSE278766_GENERIC_COSMX_CSV_EXPANDED,marker_context_specific_neighborhood,PC,0.6217814892136395,0.7148,0.6650539635280982,2500
GEO_GSE278766_GENERIC_COSMX_CSV_EXPANDED,marker_context_specific_neighborhood,PEC,0.5749097472924187,0.2548,0.3531042128603104,2500
GEO_GSE278766_GENERIC_COSMX_CSV_EXPANDED,marker_context_specific_neighborhood,POD,0.7011577424023154,0.9636996519144704,0.8117277486910993,2011
GEO_GSE278766_GENERIC_COSMX_CSV_EXPANDED,marker_context_specific_neighborhood,PT,0.634739839502977,0.9808,0.7707056419927707,2500
GEO_GSE278766_GENERIC_COSMX_CSV_EXPANDED,marker_context_specific_neighborhood,TAL,0.5559429477020602,0.7016,0.6203359858532271,2500
GEO_GSE278766_GENERIC_COSMX_CSV_EXPANDED,marker_learned_neighborhood,ATL.TAL,0.6233471854930109,0.66,0.641150184573538,2500
GEO_GSE278766_GENERIC_COSMX_CSV_EXPANDED,marker_learned_neighborhood,CNT,0.6681933842239186,0.5252,0.5881298992161255,2500
GEO_GSE278766_GENERIC_COSMX_CSV_EXPANDED,marker_learned_neighborhood,DCT,0.6439267886855241,0.4644,0.5396235184754822,2500
GEO_GSE278766_GENERIC_COSMX_CSV_EXPANDED,marker_learned_neighborhood,DTL,0.5468899521531101,0.4572,0.49803921568627446,2500
GEO_GSE278766_GENERIC_COSMX_CSV_EXPANDED,marker_learned_neighborhood,EC,0.7594644506001846,0.658,0.7051007286755252,2500
GEO_GSE278766_GENERIC_COSMX_CSV_EXPANDED,marker_learned_neighborhood,IC,0.703347441323586,0.7312,0.7170033339870563,2500
GEO_GSE278766_GENERIC_COSMX_CSV_EXPANDED,marker_learned_neighborhood,Immune,0.7441130298273155,0.7584,0.751188589540412,2500
GEO_GSE278766_GENERIC_COSMX_CSV_EXPANDED,marker_learned_neighborhood,Interstitial,0.7380952380952381,0.7192,0.7285251215559158,2500
GEO_GSE278766_GENERIC_COSMX_CSV_EXPANDED,marker_learned_neighborhood,PC,0.6348134991119005,0.7148,0.672436500470367,2500
GEO_GSE278766_GENERIC_COSMX_CSV_EXPANDED,marker_learned_neighborhood,PEC,0.5805529075309819,0.2436,0.3431952662721893,2500
GEO_GSE278766_GENERIC_COSMX_CSV_EXPANDED,marker_learned_neighborhood,POD,0.7000360100828232,0.9666832421680756,0.8120300751879699,2011
GEO_GSE278766_GENERIC_COSMX_CSV_EXPANDED,marker_learned_neighborhood,PT,0.6134033508377095,0.9812,0.7548853669795353,2500
GEO_GSE278766_GENERIC_COSMX_CSV_EXPANDED,marker_learned_neighborhood,TAL,0.5662495989733718,0.706,0.6284493501869325,2500
GEO_GSE278766_GENERIC_COSMX_CSV_EXPANDED,marker_only,ATL.TAL,0.635205097570689,0.638,0.6365994811414887,2500
GEO_GSE278766_GENERIC_COSMX_CSV_EXPANDED,marker_only,CNT,0.6600407747196738,0.518,0.5804571940833707,2500
GEO_GSE278766_GENERIC_COSMX_CSV_EXPANDED,marker_only,DCT,0.6261682242990654,0.4556,0.5274369066913638,2500
GEO_GSE278766_GENERIC_COSMX_CSV_EXPANDED,marker_only,DTL,0.5430950048971597,0.4436,0.48833113166006165,2500
GEO_GSE278766_GENERIC_COSMX_CSV_EXPANDED,marker_only,EC,0.7572950440018527,0.654,0.7018673535093367,2500
GEO_GSE278766_GENERIC_COSMX_CSV_EXPANDED,marker_only,IC,0.6995430312261995,0.7348,0.7167381974248926,2500
GEO_GSE278766_GENERIC_COSMX_CSV_EXPANDED,marker_only,Immune,0.7437402190923318,0.7604,0.7519778481012658,2500
GEO_GSE278766_GENERIC_COSMX_CSV_EXPANDED,marker_only,Interstitial,0.7290425109257052,0.734,0.7315128562886186,2500
GEO_GSE278766_GENERIC_COSMX_CSV_EXPANDED,marker_only,PC,0.6182758620689656,0.7172,0.664074074074074,2500
GEO_GSE278766_GENERIC_COSMX_CSV_EXPANDED,marker_only,PEC,0.5763500931098696,0.2476,0.3463905987688864,2500
GEO_GSE278766_GENERIC_COSMX_CSV_EXPANDED,marker_only,POD,0.7009413468501087,0.9627051218299354,0.8112298344856486,2011
GEO_GSE278766_GENERIC_COSMX_CSV_EXPANDED,marker_only,PT,0.629077832006165,0.9796,0.766150477084311,2500
GEO_GSE278766_GENERIC_COSMX_CSV_EXPANDED,marker_only,TAL,0.5526645768025078,0.7052,0.6196836555360281,2500
GEO_GSE278766_GENERIC_COSMX_CSV_EXPANDED,marker_reference_profile,ATL.TAL,0.7453874538745388,0.4848,0.5874939408628211,2500
GEO_GSE278766_GENERIC_COSMX_CSV_EXPANDED,marker_reference_profile,CNT,0.7331460674157303,0.3132,0.4389013452914797,2500
GEO_GSE278766_GENERIC_COSMX_CSV_EXPANDED,marker_reference_profile,DCT,0.5169052695705147,0.6788,0.5868926162891234,2500
GEO_GSE278766_GENERIC_COSMX_CSV_EXPANDED,marker_reference_profile,DTL,0.505111821086262,0.6324,0.5616341030195382,2500
GEO_GSE278766_GENERIC_COSMX_CSV_EXPANDED,marker_reference_profile,EC,0.8053553038105047,0.6256,0.7041873030166591,2500
GEO_GSE278766_GENERIC_COSMX_CSV_EXPANDED,marker_reference_profile,IC,0.6291585127201565,0.7716,0.6931369026230686,2500
GEO_GSE278766_GENERIC_COSMX_CSV_EXPANDED,marker_reference_profile,Immune,0.7464733542319749,0.762,0.7541567695961996,2500
GEO_GSE278766_GENERIC_COSMX_CSV_EXPANDED,marker_reference_profile,Interstitial,0.748151191454396,0.7284,0.7381434941224159,2500
GEO_GSE278766_GENERIC_COSMX_CSV_EXPANDED,marker_reference_profile,PC,0.5511717591219223,0.7432,0.6329415772440812,2500
GEO_GSE278766_GENERIC_COSMX_CSV_EXPANDED,marker_reference_profile,PEC,0.535224153705398,0.234,0.3256331756192597,2500
GEO_GSE278766_GENERIC_COSMX_CSV_EXPANDED,marker_reference_profile,POD,0.7393939393939394,0.9706613625062158,0.839389378628252,2011
GEO_GSE278766_GENERIC_COSMX_CSV_EXPANDED,marker_reference_profile,PT,0.7169979234648473,0.9668,0.8233691023675694,2500
GEO_GSE278766_GENERIC_COSMX_CSV_EXPANDED,marker_reference_profile,TAL,0.6098562628336756,0.594,0.6018237082066868,2500
GEO_GSE278766_GENERIC_COSMX_CSV_EXPANDED,reference_profile,ATL.TAL,0.7180327868852459,0.1752,0.28167202572347266,2500
GEO_GSE278766_GENERIC_COSMX_CSV_EXPANDED,reference_profile,CNT,0.5689655172413793,0.1584,0.24780976220275347,2500
GEO_GSE278766_GENERIC_COSMX_CSV_EXPANDED,reference_profile,DCT,0.38392268833736,0.6992,0.4956755990358713,2500
GEO_GSE278766_GENERIC_COSMX_CSV_EXPANDED,reference_profile,DTL,0.3423963997749859,0.7304,0.4662326056427934,2500
GEO_GSE278766_GENERIC_COSMX_CSV_EXPANDED,reference_profile,EC,0.6814516129032258,0.4056,0.5085255767301906,2500
GEO_GSE278766_GENERIC_COSMX_CSV_EXPANDED,reference_profile,IC,0.47497522299306244,0.7668,0.5865973072215422,2500
GEO_GSE278766_GENERIC_COSMX_CSV_EXPANDED,reference_profile,Immune,0.7331118493909191,0.5296,0.6149558755225267,2500
GEO_GSE278766_GENERIC_COSMX_CSV_EXPANDED,reference_profile,Interstitial,0.8192771084337349,0.4896,0.6129193790686028,2500
GEO_GSE278766_GENERIC_COSMX_CSV_EXPANDED,reference_profile,PC,0.4372093023255814,0.7144,0.5424449506454061,2500
GEO_GSE278766_GENERIC_COSMX_CSV_EXPANDED,reference_profile,PEC,0.3465686274509804,0.2828,0.311453744493392,2500
GEO_GSE278766_GENERIC_COSMX_CSV_EXPANDED,reference_profile,POD,0.8643051771117166,0.7886623570363004,0.8247529901196048,2011
GEO_GSE278766_GENERIC_COSMX_CSV_EXPANDED,reference_profile,PT,0.9313154831199069,0.64,0.7586533902323376,2500
GEO_GSE278766_GENERIC_COSMX_CSV_EXPANDED,reference_profile,TAL,0.43202416918429004,0.4004,0.41561137637533735,2500
GEO_GSE279181_H5AD_COMPOSITION_EXPANDED,learned_permuted_prior,AS,0.8434547908232118,0.5,0.6278252134605726,2500
GEO_GSE279181_H5AD_COMPOSITION_EXPANDED,learned_permuted_prior,BC,0.04794520547945205,0.625,0.089058524173028,56
GEO_GSE279181_H5AD_COMPOSITION_EXPANDED,learned_permuted_prior,EC,0.42146017699115046,0.36424474187380496,0.39076923076923076,1046
GEO_GSE279181_H5AD_COMPOSITION_EXPANDED,learned_permuted_prior,MG,0.7658779576587795,0.246,0.3723887375113533,2500
GEO_GSE279181_H5AD_COMPOSITION_EXPANDED,learned_permuted_prior,NEU,0.7885931558935361,0.8296,0.8085769980506823,2500
GEO_GSE279181_H5AD_COMPOSITION_EXPANDED,learned_permuted_prior,OL,0.7770518579011841,0.7612,0.7690442513639119,2500
GEO_GSE279181_H5AD_COMPOSITION_EXPANDED,learned_permuted_prior,OPC,0.04142441860465116,0.7307692307692307,0.07840440165061897,78
GEO_GSE279181_H5AD_COMPOSITION_EXPANDED,learned_permuted_prior,SC,0.36089030206677264,0.6236263736263736,0.45720040281973817,364
GEO_GSE279181_H5AD_COMPOSITION_EXPANDED,learned_permuted_prior,TC,0.08011869436201781,0.40601503759398494,0.1338289962825279,133
GEO_GSE279181_H5AD_COMPOSITION_EXPANDED,learned_random_graph,AS,0.8476923076923077,0.4408,0.5800000000000001,2500
GEO_GSE279181_H5AD_COMPOSITION_EXPANDED,learned_random_graph,BC,0.046898638426626324,0.5535714285714286,0.08647140864714087,56
GEO_GSE279181_H5AD_COMPOSITION_EXPANDED,learned_random_graph,EC,0.41846153846153844,0.390057361376673,0.4037605145967343,1046
GEO_GSE279181_H5AD_COMPOSITION_EXPANDED,learned_random_graph,MG,0.75,0.2664,0.3931523022432114,2500
GEO_GSE279181_H5AD_COMPOSITION_EXPANDED,learned_random_graph,NEU,0.7370659107016301,0.832,0.7816610296880872,2500
GEO_GSE279181_H5AD_COMPOSITION_EXPANDED,learned_random_graph,OL,0.7625698324022346,0.7644,0.7634838194167001,2500
GEO_GSE279181_H5AD_COMPOSITION_EXPANDED,learned_random_graph,OPC,0.047424366312346686,0.7435897435897436,0.08916218293620291,78
GEO_GSE279181_H5AD_COMPOSITION_EXPANDED,learned_random_graph,SC,0.3313782991202346,0.6208791208791209,0.4321223709369025,364
GEO_GSE279181_H5AD_COMPOSITION_EXPANDED,learned_random_graph,TC,0.09193548387096774,0.42857142857142855,0.15139442231075695,133
GEO_GSE279181_H5AD_COMPOSITION_EXPANDED,marker_context_specific_neighborhood,AS,0.8477034649476228,0.4208,0.562416466185512,2500
GEO_GSE279181_H5AD_COMPOSITION_EXPANDED,marker_context_specific_neighborhood,BC,0.04341534008683068,0.5357142857142857,0.08032128514056225,56
GEO_GSE279181_H5AD_COMPOSITION_EXPANDED,marker_context_specific_neighborhood,EC,0.38036224976167776,0.381453154875717,0.3809069212410501,1046
GEO_GSE279181_H5AD_COMPOSITION_EXPANDED,marker_context_specific_neighborhood,MG,0.7461077844311377,0.2492,0.37361319340329835,2500
GEO_GSE279181_H5AD_COMPOSITION_EXPANDED,marker_context_specific_neighborhood,NEU,0.7716211156870086,0.8244,0.7971378843550571,2500
GEO_GSE279181_H5AD_COMPOSITION_EXPANDED,marker_context_specific_neighborhood,OL,0.7632211538461539,0.762,0.7626100880704564,2500
GEO_GSE279181_H5AD_COMPOSITION_EXPANDED,marker_context_specific_neighborhood,OPC,0.04425465838509317,0.7307692307692307,0.0834553440702782,78
GEO_GSE279181_H5AD_COMPOSITION_EXPANDED,marker_context_specific_neighborhood,SC,0.2964426877470356,0.6181318681318682,0.40071237756010686,364
GEO_GSE279181_H5AD_COMPOSITION_EXPANDED,marker_context_specific_neighborhood,TC,0.08191653786707882,0.39849624060150374,0.1358974358974359,133
GEO_GSE279181_H5AD_COMPOSITION_EXPANDED,marker_learned_neighborhood,AS,0.8572536850271528,0.442,0.5832673528635524,2500
GEO_GSE279181_H5AD_COMPOSITION_EXPANDED,marker_learned_neighborhood,BC,0.04644412191582003,0.5714285714285714,0.08590604026845637,56
GEO_GSE279181_H5AD_COMPOSITION_EXPANDED,marker_learned_neighborhood,EC,0.404296875,0.39579349904397704,0.39999999999999997,1046
GEO_GSE279181_H5AD_COMPOSITION_EXPANDED,marker_learned_neighborhood,MG,0.7442129629629629,0.2572,0.38228299643281805,2500
GEO_GSE279181_H5AD_COMPOSITION_EXPANDED,marker_learned_neighborhood,NEU,0.7671532846715329,0.8408,0.802290076335878,2500
GEO_GSE279181_H5AD_COMPOSITION_EXPANDED,marker_learned_neighborhood,OL,0.7581983405768471,0.7676,0.7628702047306698,2500
GEO_GSE279181_H5AD_COMPOSITION_EXPANDED,marker_learned_neighborhood,OPC,0.046736502820306204,0.7435897435897436,0.08794541319181197,78
GEO_GSE279181_H5AD_COMPOSITION_EXPANDED,marker_learned_neighborhood,SC,0.3183098591549296,0.6208791208791209,0.42085661080074493,364
GEO_GSE279181_H5AD_COMPOSITION_EXPANDED,marker_learned_neighborhood,TC,0.0899830220713073,0.39849624060150374,0.14681440443213298,133
GEO_GSE279181_H5AD_COMPOSITION_EXPANDED,marker_only,AS,0.8431975403535742,0.4388,0.5772165219679032,2500
GEO_GSE279181_H5AD_COMPOSITION_EXPANDED,marker_only,BC,0.046130952380952384,0.5535714285714286,0.08516483516483517,56
GEO_GSE279181_H5AD_COMPOSITION_EXPANDED,marker_only,EC,0.390702274975272,0.3776290630975143,0.3840544482255712,1046
GEO_GSE279181_H5AD_COMPOSITION_EXPANDED,marker_only,MG,0.7358490566037735,0.234,0.35508345978755695,2500
GEO_GSE279181_H5AD_COMPOSITION_EXPANDED,marker_only,NEU,0.7713297463489623,0.8028,0.786750294002352,2500
GEO_GSE279181_H5AD_COMPOSITION_EXPANDED,marker_only,OL,0.7590506838294448,0.7548,0.7569193742478941,2500
GEO_GSE279181_H5AD_COMPOSITION_EXPANDED,marker_only,OPC,0.04133430021754895,0.7307692307692307,0.0782429649965683,78
GEO_GSE279181_H5AD_COMPOSITION_EXPANDED,marker_only,SC,0.3202797202797203,0.6291208791208791,0.42446709916589437,364
GEO_GSE279181_H5AD_COMPOSITION_EXPANDED,marker_only,TC,0.08379888268156424,0.45112781954887216,0.14134275618374556,133
GEO_GSE279181_H5AD_COMPOSITION_EXPANDED,marker_reference_profile,AS,0.8206785137318255,0.4064,0.5436062065275548,2500
GEO_GSE279181_H5AD_COMPOSITION_EXPANDED,marker_reference_profile,BC,0.045180722891566265,0.5357142857142857,0.08333333333333333,56
GEO_GSE279181_H5AD_COMPOSITION_EXPANDED,marker_reference_profile,EC,0.38952879581151834,0.35564053537284895,0.3718140929535233,1046
GEO_GSE279181_H5AD_COMPOSITION_EXPANDED,marker_reference_profile,MG,0.7905491698595147,0.2476,0.3770941212305818,2500
GEO_GSE279181_H5AD_COMPOSITION_EXPANDED,marker_reference_profile,NEU,0.8515429524603837,0.8168,0.8338097182523478,2500
GEO_GSE279181_H5AD_COMPOSITION_EXPANDED,marker_reference_profile,OL,0.6574134552580013,0.8052,0.7238403451995685,2500
GEO_GSE279181_H5AD_COMPOSITION_EXPANDED,marker_reference_profile,OPC,0.04025423728813559,0.7307692307692307,0.07630522088353413,78
GEO_GSE279181_H5AD_COMPOSITION_EXPANDED,marker_reference_profile,SC,0.3191747572815534,0.7225274725274725,0.4427609427609428,364
GEO_GSE279181_H5AD_COMPOSITION_EXPANDED,marker_reference_profile,TC,0.1394658753709199,0.3533834586466165,0.20000000000000004,133
GEO_GSE279181_H5AD_COMPOSITION_EXPANDED,reference_profile,AS,0.941944847605225,0.2596,0.40702414550015675,2500
GEO_GSE279181_H5AD_COMPOSITION_EXPANDED,reference_profile,BC,0.03355704697986577,0.26785714285714285,0.05964214711729623,56
GEO_GSE279181_H5AD_COMPOSITION_EXPANDED,reference_profile,EC,0.36917562724014336,0.09847036328871893,0.15547169811320755,1046
GEO_GSE279181_H5AD_COMPOSITION_EXPANDED,reference_profile,MG,0.6587240584166026,0.3428,0.45093396474611946,2500
GEO_GSE279181_H5AD_COMPOSITION_EXPANDED,reference_profile,NEU,0.7116296026248633,0.7808,0.7446118634369635,2500
GEO_GSE279181_H5AD_COMPOSITION_EXPANDED,reference_profile,OL,0.5875722543352602,0.8132,0.6822147651006711,2500
GEO_GSE279181_H5AD_COMPOSITION_EXPANDED,reference_profile,OPC,0.031578947368421054,0.6538461538461539,0.06024808033077377,78
GEO_GSE279181_H5AD_COMPOSITION_EXPANDED,reference_profile,SC,0.18356456776947705,0.4725274725274725,0.2644119907763259,364
GEO_GSE279181_H5AD_COMPOSITION_EXPANDED,reference_profile,TC,0.06310679611650485,0.09774436090225563,0.07669616519174041,133
GEO_GSE280376_GENERIC_XENIUM_EXPANDED,learned_permuted_prior,B_cells,0.13131313131313133,0.0676,0.08925270662793769,2500
GEO_GSE280376_GENERIC_XENIUM_EXPANDED,learned_permuted_prior,CM_Angiogenic,0.30616907844630614,0.1608,0.2108575924468922,2500
GEO_GSE280376_GENERIC_XENIUM_EXPANDED,learned_permuted_prior,CM_Btk+,0.004674457429048414,0.23728813559322035,0.0091683038637852,59
GEO_GSE280376_GENERIC_XENIUM_EXPANDED,learned_permuted_prior,CM_Homeostatic1,0.13258636788048553,0.0568,0.07952954354522544,2500
GEO_GSE280376_GENERIC_XENIUM_EXPANDED,learned_permuted_prior,CM_Hypertrophic,0.18165784832451498,0.0412,0.0671666123247473,2500
GEO_GSE280376_GENERIC_XENIUM_EXPANDED,learned_permuted_prior,CM_Prehypertrophic,0.15530629853321828,0.072,0.09838753757857338,2500
GEO_GSE280376_GENERIC_XENIUM_EXPANDED,learned_permuted_prior,CM_Slit2+,0.17757988475641698,0.34002006018054165,0.23331039229181008,997
GEO_GSE280376_GENERIC_XENIUM_EXPANDED,learned_permuted_prior,DC_CCR7,0.012121212121212121,0.06282722513089005,0.02032176121930567,191
GEO_GSE280376_GENERIC_XENIUM_EXPANDED,learned_permuted_prior,DC_con1,0.04018912529550828,0.02190721649484536,0.02835696413678065,776
GEO_GSE280376_GENERIC_XENIUM_EXPANDED,learned_permuted_prior,DC_con2_Ifitm1,0.0069821567106283944,0.026865671641791045,0.011083743842364532,335
GEO_GSE280376_GENERIC_XENIUM_EXPANDED,learned_permuted_prior,DC_con2b/moDC,0.02465857359635812,0.10333863275039745,0.039816232771822356,629
GEO_GSE280376_GENERIC_XENIUM_EXPANDED,learned_permuted_prior,DC_plasmacytoid,0.06293706293706294,0.14331210191082802,0.08746355685131196,314
GEO_GSE280376_GENERIC_XENIUM_EXPANDED,learned_permuted_prior,FB_Duox1,0.05649717514124294,0.024916943521594685,0.034582132564841495,1204
GEO_GSE280376_GENERIC_XENIUM_EXPANDED,learned_permuted_prior,FB_Fgl2,0.3068309070548712,0.23348956114188327,0.26518267602225987,2347
GEO_GSE280376_GENERIC_XENIUM_EXPANDED,learned_permuted_prior,FB_Postn_Thbs4,0.20802919708029197,0.05307262569832402,0.08456973293768545,1074
GEO_GSE280376_GENERIC_XENIUM_EXPANDED,learned_permuted_prior,FB_Saa3,0.18816067653276955,0.0511200459506031,0.08039747064137306,1741
GEO_GSE280376_GENERIC_XENIUM_EXPANDED,learned_permuted_prior,FB_WntX,0.03051643192488263,0.08441558441558442,0.04482758620689655,308
GEO_GSE280376_GENERIC_XENIUM_EXPANDED,learned_permuted_prior,FB_quiescent,0.1449814126394052,0.0468,0.07075899606894466,2500
GEO_GSE280376_GENERIC_XENIUM_EXPANDED,learned_permuted_prior,FB_transition_Cd9,0.16179001721170397,0.0752,0.10267613326051339,2500
GEO_GSE280376_GENERIC_XENIUM_EXPANDED,learned_permuted_prior,FB_transition_Il1rapl1,0.027870680044593088,0.014628437682855471,0.01918649270913277,1709
GEO_GSE280376_GENERIC_XENIUM_EXPANDED,learned_permuted_prior,FBmyo_IFN,0.43414634146341463,0.0712,0.12233676975945017,2500
GEO_GSE280376_GENERIC_XENIUM_EXPANDED,learned_permuted_prior,FBmyo_main,0.0024177949709864605,0.011363636363636364,0.003987240829346093,440
GEO_GSE280376_GENERIC_XENIUM_EXPANDED,learned_permuted_prior,Fbmyo_Hp,0.012048192771084338,0.025806451612903226,0.01642710472279261,155
GEO_GSE280376_GENERIC_XENIUM_EXPANDED,learned_permuted_prior,Fbmyo_cycling,0.023311897106109324,0.0116,0.015491452991452988,2500
GEO_GSE280376_GENERIC_XENIUM_EXPANDED,learned_permuted_prior,Fibrocytes,0.046242774566473986,0.031047865459249677,0.03715170278637771,1546
GEO_GSE280376_GENERIC_XENIUM_EXPANDED,learned_permuted_prior,ILC2,0.024408994810686143,0.11514052583862194,0.040279099270535995,1103
GEO_GSE280376_GENERIC_XENIUM_EXPANDED,learned_permuted_prior,ILC2_IL5,0.008363201911589008,0.023411371237458192,0.01232394366197183,299
GEO_GSE280376_GENERIC_XENIUM_EXPANDED,learned_permuted_prior,MAIT,0.013812154696132596,0.007530120481927711,0.009746588693957114,664
GEO_GSE280376_GENERIC_XENIUM_EXPANDED,learned_permuted_prior,Macro_Cxcl13,0.1037037037037037,0.006092254134029591,0.011508425811755036,2298
GEO_GSE280376_GENERIC_XENIUM_EXPANDED,learned_permuted_prior,Macro_MHCII_Cx3cr1,0.10333412154173563,0.2666259914582062,0.14894342194955693,1639
GEO_GSE280376_GENERIC_XENIUM_EXPANDED,learned_permuted_prior,Macro_Retnla,0.30095142714071105,0.2404,0.2672893039804314,2500
GEO_GSE280376_GENERIC_XENIUM_EXPANDED,learned_permuted_prior,Macro_Timd4_Lyve1,0.1196029776674938,0.0964,0.10675526024363233,2500
GEO_GSE280376_GENERIC_XENIUM_EXPANDED,learned_permuted_prior,Macro_Trem2_Gpnmb,0.057736720554272515,0.05230125523012552,0.054884742041712405,478
GEO_GSE280376_GENERIC_XENIUM_EXPANDED,learned_permuted_prior,Mast_cells,0.03829787234042553,0.008579599618684462,0.014018691588785048,1049
GEO_GSE280376_GENERIC_XENIUM_EXPANDED,learned_permuted_prior,NK_Gzma,0.03626373626373627,0.03873239436619718,0.03745743473325766,1704
GEO_GSE280376_GENERIC_XENIUM_EXPANDED,learned_permuted_prior,NK_Klra5,0.05270655270655271,0.03454715219421102,0.04173716864072194,1071
GEO_GSE280376_GENERIC_XENIUM_EXPANDED,learned_permuted_prior,NK_T,0.014737754659731253,0.0136,0.014146037029332223,2500
GEO_GSE280376_GENERIC_XENIUM_EXPANDED,learned_permuted_prior,NM,0.06177606177606178,0.032,0.04216073781291173,2500
GEO_GSE280376_GENERIC_XENIUM_EXPANDED,learned_permuted_prior,Neutrophil_1,0.03854389721627409,0.1148936170212766,0.05772314270443612,470
GEO_GSE280376_GENERIC_XENIUM_EXPANDED,learned_permuted_prior,Neutrophil_2,0.03607896528250511,0.047790802524797116,0.04111714507370054,1109
GEO_GSE280376_GENERIC_XENIUM_EXPANDED,learned_permuted_prior,Schwann_quiescent,0.007133864876206463,0.015843429636533086,0.009837962962962963,1073
GEO_GSE280376_GENERIC_XENIUM_EXPANDED,learned_permuted_prior,T_CD4,0.003367003367003367,0.001876172607879925,0.0024096385542168677,533
GEO_GSE280376_GENERIC_XENIUM_EXPANDED,learned_permuted_prior,T_CD8,0.1473922902494331,0.186960690316395,0.16483516483516483,1043
GEO_GSE280376_GENERIC_XENIUM_EXPANDED,learned_permuted_prior,T_Isg15,0.03214285714285714,0.01991150442477876,0.024590163934426226,452
GEO_GSE280376_GENERIC_XENIUM_EXPANDED,learned_permuted_prior,T_Macro,0.004424778761061947,0.0026455026455026454,0.003311258278145695,378
GEO_GSE280376_GENERIC_XENIUM_EXPANDED,learned_permuted_prior,T_gd,0.0,0.0,0.0,209
GEO_GSE280376_GENERIC_XENIUM_EXPANDED,learned_permuted_prior,Treg,0.0,0.0,0.0,312
GEO_GSE280376_GENERIC_XENIUM_EXPANDED,learned_permuted_prior,mo_Macro_Il10_Fn1,0.013829787234042552,0.06818181818181818,0.022995283018867926,572
GEO_GSE280376_GENERIC_XENIUM_EXPANDED,learned_permuted_prior,mo_Macro_Ly6C_Isg15_Cxcl3,0.002626970227670753,0.010380622837370242,0.0041928721174004195,289
GEO_GSE280376_GENERIC_XENIUM_EXPANDED,learned_permuted_prior,mo_Macro_Spp1,0.0011737089201877935,0.004347826086956522,0.0018484288354898336,230
GEO_GSE280376_GENERIC_XENIUM_EXPANDED,learned_permuted_prior,vEC_Areg_Dkk2_Wnt,0.0005714285714285715,0.00904977375565611,0.0010749798441279225,221
GEO_GSE280376_GENERIC_XENIUM_EXPANDED,learned_permuted_prior,vEC_Arterial,0.0,0.0,0.0,761
GEO_GSE280376_GENERIC_XENIUM_EXPANDED,learned_permuted_prior,vEC_Endocardial,0.011351909184726523,0.01373283395755306,0.012429378531073447,801
GEO_GSE280376_GENERIC_XENIUM_EXPANDED,learned_permuted_prior,vEC_Immune,0.06577437858508604,0.07413793103448275,0.06970618034447822,2320
GEO_GSE280376_GENERIC_XENIUM_EXPANDED,learned_permuted_prior,vEC_Lymphatic,0.02821869488536155,0.0128,0.017611447440836547,2500
GEO_GSE280376_GENERIC_XENIUM_EXPANDED,learned_permuted_prior,vEC_angio_IFN,0.011439466158245948,0.0048,0.006762468300929839,2500
GEO_GSE280376_GENERIC_XENIUM_EXPANDED,learned_permuted_prior,vEC_capillary1,0.13580246913580246,0.0264,0.04420629604822505,2500
GEO_GSE280376_GENERIC_XENIUM_EXPANDED,learned_permuted_prior,vEC_capillary2,0.0033112582781456954,0.006172839506172839,0.004310344827586207,972
GEO_GSE280376_GENERIC_XENIUM_EXPANDED,learned_permuted_prior,vEC_metabolic,0.03311867525298988,0.0288,0.030808729139922976,2500
GEO_GSE280376_GENERIC_XENIUM_EXPANDED,learned_permuted_prior,vEpicardial_derived,0.0625,0.014,0.022875816993464054,2500
GEO_GSE280376_GENERIC_XENIUM_EXPANDED,learned_permuted_prior,vPericyte_FB,0.011228070175438596,0.011065006915629323,0.01114594218042494,1446
GEO_GSE280376_GENERIC_XENIUM_EXPANDED,learned_permuted_prior,vPericyte_INF,0.06060606060606061,0.0232,0.033555105582875326,2500
GEO_GSE280376_GENERIC_XENIUM_EXPANDED,learned_permuted_prior,vPericyte_quiescent,0.008944543828264758,0.002,0.0032690421706440013,2500
GEO_GSE280376_GENERIC_XENIUM_EXPANDED,learned_permuted_prior,vSMC1,0.08213552361396304,0.064,0.07194244604316546,2500
GEO_GSE280376_GENERIC_XENIUM_EXPANDED,learned_permuted_prior,vSMC2,0.26704399279650115,0.4152,0.3250352278064819,2500
GEO_GSE280376_GENERIC_XENIUM_EXPANDED,learned_random_graph,B_cells,0.16556914393226718,0.0704,0.09879315183833848,2500
GEO_GSE280376_GENERIC_XENIUM_EXPANDED,learned_random_graph,CM_Angiogenic,0.33994334277620397,0.144,0.20230401798257935,2500
GEO_GSE280376_GENERIC_XENIUM_EXPANDED,learned_random_graph,CM_Btk+,0.00591304347826087,0.288135593220339,0.011588275391956374,59
GEO_GSE280376_GENERIC_XENIUM_EXPANDED,learned_random_graph,CM_Homeostatic1,0.10420475319926874,0.0456,0.0634390651085142,2500
GEO_GSE280376_GENERIC_XENIUM_EXPANDED,learned_random_graph,CM_Hypertrophic,0.1663778162911612,0.0384,0.06239844003899902,2500
GEO_GSE280376_GENERIC_XENIUM_EXPANDED,learned_random_graph,CM_Prehypertrophic,0.1621315192743764,0.0572,0.08456534594914253,2500
GEO_GSE280376_GENERIC_XENIUM_EXPANDED,learned_random_graph,CM_Slit2+,0.16240681576144836,0.3059177532597793,0.2121739130434783,997
GEO_GSE280376_GENERIC_XENIUM_EXPANDED,learned_random_graph,DC_CCR7,0.014115092290988056,0.06806282722513089,0.023381294964028777,191
GEO_GSE280376_GENERIC_XENIUM_EXPANDED,learned_random_graph,DC_con1,0.052795031055900624,0.02190721649484536,0.030965391621129327,776
GEO_GSE280376_GENERIC_XENIUM_EXPANDED,learned_random_graph,DC_con2_Ifitm1,0.010122535961640916,0.056716417910447764,0.017179023508137433,335
GEO_GSE280376_GENERIC_XENIUM_EXPANDED,learned_random_graph,DC_con2b/moDC,0.021716287215411557,0.0985691573926868,0.03559127439724454,629
GEO_GSE280376_GENERIC_XENIUM_EXPANDED,learned_random_graph,DC_plasmacytoid,0.08056042031523643,0.1464968152866242,0.103954802259887,314
GEO_GSE280376_GENERIC_XENIUM_EXPANDED,learned_random_graph,FB_Duox1,0.1100196463654224,0.046511627906976744,0.06538237011091651,1204
GEO_GSE280376_GENERIC_XENIUM_EXPANDED,learned_random_graph,FB_Fgl2,0.33386752136752135,0.26629740093736687,0.2962787390376867,2347
GEO_GSE280376_GENERIC_XENIUM_EXPANDED,learned_random_graph,FB_Postn_Thbs4,0.2703349282296651,0.10521415270018622,0.1514745308310992,1074
GEO_GSE280376_GENERIC_XENIUM_EXPANDED,learned_random_graph,FB_Saa3,0.26869806094182824,0.05571510626076967,0.09229305423406278,1741
GEO_GSE280376_GENERIC_XENIUM_EXPANDED,learned_random_graph,FB_WntX,0.03464755077658303,0.09415584415584416,0.05065502183406113,308
GEO_GSE280376_GENERIC_XENIUM_EXPANDED,learned_random_graph,FB_quiescent,0.19413919413919414,0.0636,0.09581199156372401,2500
GEO_GSE280376_GENERIC_XENIUM_EXPANDED,learned_random_graph,FB_transition_Cd9,0.1774580335731415,0.0888,0.11836843508397761,2500
GEO_GSE280376_GENERIC_XENIUM_EXPANDED,learned_random_graph,FB_transition_Il1rapl1,0.04014167650531287,0.01989467524868344,0.02660406885758998,1709
GEO_GSE280376_GENERIC_XENIUM_EXPANDED,learned_random_graph,FBmyo_IFN,0.5146443514644351,0.0492,0.08981380065717415,2500
GEO_GSE280376_GENERIC_XENIUM_EXPANDED,learned_random_graph,FBmyo_main,0.0031910650179497405,0.01818181818181818,0.005429250084832033,440
GEO_GSE280376_GENERIC_XENIUM_EXPANDED,learned_random_graph,Fbmyo_Hp,0.0,0.0,0.0,155
GEO_GSE280376_GENERIC_XENIUM_EXPANDED,learned_random_graph,Fbmyo_cycling,0.01800411522633745,0.014,0.015751575157515754,2500
GEO_GSE280376_GENERIC_XENIUM_EXPANDED,learned_random_graph,Fibrocytes,0.04132231404958678,0.022639068564036222,0.029251984956122024,1546
GEO_GSE280376_GENERIC_XENIUM_EXPANDED,learned_random_graph,ILC2,0.024380804953560372,0.11423390752493201,0.04018497847233296,1103
GEO_GSE280376_GENERIC_XENIUM_EXPANDED,learned_random_graph,ILC2_IL5,0.010526315789473684,0.020066889632107024,0.013808975834292291,299
GEO_GSE280376_GENERIC_XENIUM_EXPANDED,learned_random_graph,MAIT,0.012658227848101266,0.009036144578313253,0.01054481546572935,664
GEO_GSE280376_GENERIC_XENIUM_EXPANDED,learned_random_graph,Macro_Cxcl13,0.2857142857142857,0.018276762402088774,0.0343558282208589,2298
GEO_GSE280376_GENERIC_XENIUM_EXPANDED,learned_random_graph,Macro_MHCII_Cx3cr1,0.08134328358208955,0.19951189749847467,0.11556812157625021,1639
GEO_GSE280376_GENERIC_XENIUM_EXPANDED,learned_random_graph,Macro_Retnla,0.3333333333333333,0.2348,0.2755221778925135,2500
GEO_GSE280376_GENERIC_XENIUM_EXPANDED,learned_random_graph,Macro_Timd4_Lyve1,0.04155567394778902,0.0312,0.03564084989718985,2500
GEO_GSE280376_GENERIC_XENIUM_EXPANDED,learned_random_graph,Macro_Trem2_Gpnmb,0.02844311377245509,0.0397489539748954,0.0331588132635253,478
GEO_GSE280376_GENERIC_XENIUM_EXPANDED,learned_random_graph,Mast_cells,0.018575851393188854,0.005719733079122974,0.008746355685131196,1049
GEO_GSE280376_GENERIC_XENIUM_EXPANDED,learned_random_graph,NK_Gzma,0.021608040201005024,0.02523474178403756,0.023280996210070383,1704
GEO_GSE280376_GENERIC_XENIUM_EXPANDED,learned_random_graph,NK_Klra5,0.04697986577181208,0.032679738562091505,0.03854625550660793,1071
GEO_GSE280376_GENERIC_XENIUM_EXPANDED,learned_random_graph,NK_T,0.02242493348536678,0.0236,0.02299746638082245,2500
GEO_GSE280376_GENERIC_XENIUM_EXPANDED,learned_random_graph,NM,0.06581986143187067,0.0228,0.0338680926916221,2500
GEO_GSE280376_GENERIC_XENIUM_EXPANDED,learned_random_graph,Neutrophil_1,0.04121110176619008,0.10425531914893617,0.05907172995780591,470
GEO_GSE280376_GENERIC_XENIUM_EXPANDED,learned_random_graph,Neutrophil_2,0.03557617942768755,0.04147880973850315,0.038301415487094086,1109
GEO_GSE280376_GENERIC_XENIUM_EXPANDED,learned_random_graph,Schwann_quiescent,0.009684361549497847,0.02516309412861137,0.013986013986013986,1073
GEO_GSE280376_GENERIC_XENIUM_EXPANDED,learned_random_graph,T_CD4,0.006006006006006006,0.00375234521575985,0.004618937644341801,533
GEO_GSE280376_GENERIC_XENIUM_EXPANDED,learned_random_graph,T_CD8,0.11052322163433274,0.18024928092042186,0.13702623906705538,1043
GEO_GSE280376_GENERIC_XENIUM_EXPANDED,learned_random_graph,T_Isg15,0.027491408934707903,0.017699115044247787,0.021534320323014805,452
GEO_GSE280376_GENERIC_XENIUM_EXPANDED,learned_random_graph,T_Macro,0.0030349013657056147,0.005291005291005291,0.003857280617164899,378
GEO_GSE280376_GENERIC_XENIUM_EXPANDED,learned_random_graph,T_gd,0.0,0.0,0.0,209
GEO_GSE280376_GENERIC_XENIUM_EXPANDED,learned_random_graph,Treg,0.0,0.0,0.0,312
GEO_GSE280376_GENERIC_XENIUM_EXPANDED,learned_random_graph,mo_Macro_Il10_Fn1,0.015286624203821656,0.04195804195804196,0.02240896358543417,572
GEO_GSE280376_GENERIC_XENIUM_EXPANDED,learned_random_graph,mo_Macro_Ly6C_Isg15_Cxcl3,0.0027124773960217,0.010380622837370242,0.004301075268817204,289
GEO_GSE280376_GENERIC_XENIUM_EXPANDED,learned_random_graph,mo_Macro_Spp1,0.0,0.0,0.0,230
GEO_GSE280376_GENERIC_XENIUM_EXPANDED,learned_random_graph,vEC_Areg_Dkk2_Wnt,0.0006075334143377885,0.00904977375565611,0.0011386279533162538,221
GEO_GSE280376_GENERIC_XENIUM_EXPANDED,learned_random_graph,vEC_Arterial,0.0,0.0,0.0,761
GEO_GSE280376_GENERIC_XENIUM_EXPANDED,learned_random_graph,vEC_Endocardial,0.01873327386262266,0.026217228464419477,0.021852237252861607,801
GEO_GSE280376_GENERIC_XENIUM_EXPANDED,learned_random_graph,vEC_Immune,0.0367621067515023,0.04482758620689655,0.04039619343561857,2320
GEO_GSE280376_GENERIC_XENIUM_EXPANDED,learned_random_graph,vEC_Lymphatic,0.007475083056478406,0.0036,0.004859611231101512,2500
GEO_GSE280376_GENERIC_XENIUM_EXPANDED,learned_random_graph,vEC_angio_IFN,0.02338530066815145,0.0084,0.012360211889346676,2500
GEO_GSE280376_GENERIC_XENIUM_EXPANDED,learned_random_graph,vEC_capillary1,0.1,0.0104,0.018840579710144925,2500
GEO_GSE280376_GENERIC_XENIUM_EXPANDED,learned_random_graph,vEC_capillary2,0.004407713498622589,0.00823045267489712,0.005740940078937926,972
GEO_GSE280376_GENERIC_XENIUM_EXPANDED,learned_random_graph,vEC_metabolic,0.02737994945240101,0.026,0.02667213787443578,2500
GEO_GSE280376_GENERIC_XENIUM_EXPANDED,learned_random_graph,vEpicardial_derived,0.09933774834437085,0.012,0.021413276231263385,2500
GEO_GSE280376_GENERIC_XENIUM_EXPANDED,learned_random_graph,vPericyte_FB,0.004062976130015236,0.005532503457814661,0.004685212298682284,1446
GEO_GSE280376_GENERIC_XENIUM_EXPANDED,learned_random_graph,vPericyte_INF,0.05844155844155844,0.0216,0.03154205607476636,2500
GEO_GSE280376_GENERIC_XENIUM_EXPANDED,learned_random_graph,vPericyte_quiescent,0.015698587127158554,0.004,0.006375518010838381,2500
GEO_GSE280376_GENERIC_XENIUM_EXPANDED,learned_random_graph,vSMC1,0.13478818998716302,0.084,0.10349926071956629,2500
GEO_GSE280376_GENERIC_XENIUM_EXPANDED,learned_random_graph,vSMC2,0.27074122236671,0.4164,0.3281323877068558,2500
GEO_GSE280376_GENERIC_XENIUM_EXPANDED,marker_context_specific_neighborhood,B_cells,0.15611061552185548,0.07,0.09665838166252416,2500
GEO_GSE280376_GENERIC_XENIUM_EXPANDED,marker_context_specific_neighborhood,CM_Angiogenic,0.2985739750445633,0.134,0.18498067366096083,2500
GEO_GSE280376_GENERIC_XENIUM_EXPANDED,marker_context_specific_neighborhood,CM_Btk+,0.0076184166942696255,0.3898305084745763,0.014944769330734242,59
GEO_GSE280376_GENERIC_XENIUM_EXPANDED,marker_context_specific_neighborhood,CM_Homeostatic1,0.12585034013605442,0.0592,0.08052230685527748,2500
GEO_GSE280376_GENERIC_XENIUM_EXPANDED,marker_context_specific_neighborhood,CM_Hypertrophic,0.14038461538461539,0.0292,0.04834437086092715,2500
GEO_GSE280376_GENERIC_XENIUM_EXPANDED,marker_context_specific_neighborhood,CM_Prehypertrophic,0.2266500622665006,0.0728,0.1102028458976688,2500
GEO_GSE280376_GENERIC_XENIUM_EXPANDED,marker_context_specific_neighborhood,CM_Slit2+,0.18739448508722567,0.3340020060180542,0.2400865176640231,997
GEO_GSE280376_GENERIC_XENIUM_EXPANDED,marker_context_specific_neighborhood,DC_CCR7,0.012539184952978056,0.06282722513089005,0.020905923344947737,191
GEO_GSE280376_GENERIC_XENIUM_EXPANDED,marker_context_specific_neighborhood,DC_con1,0.04941860465116279,0.02190721649484536,0.030357142857142857,776
GEO_GSE280376_GENERIC_XENIUM_EXPANDED,marker_context_specific_neighborhood,DC_con2_Ifitm1,0.008947006194081212,0.03880597014925373,0.014541387024608502,335
GEO_GSE280376_GENERIC_XENIUM_EXPANDED,marker_context_specific_neighborhood,DC_con2b/moDC,0.02202314296379246,0.09379968203497616,0.035671100362756954,629
GEO_GSE280376_GENERIC_XENIUM_EXPANDED,marker_context_specific_neighborhood,DC_plasmacytoid,0.07246376811594203,0.14331210191082802,0.0962566844919786,314
GEO_GSE280376_GENERIC_XENIUM_EXPANDED,marker_context_specific_neighborhood,FB_Duox1,0.09534883720930233,0.0340531561461794,0.050183598531211744,1204
GEO_GSE280376_GENERIC_XENIUM_EXPANDED,marker_context_specific_neighborhood,FB_Fgl2,0.33720316622691293,0.27226246271836385,0.3012729844413013,2347
GEO_GSE280376_GENERIC_XENIUM_EXPANDED,marker_context_specific_neighborhood,FB_Postn_Thbs4,0.22178477690288714,0.15735567970204842,0.1840958605664488,1074
GEO_GSE280376_GENERIC_XENIUM_EXPANDED,marker_context_specific_neighborhood,FB_Saa3,0.26272912423625255,0.07409534750143595,0.11559139784946237,1741
GEO_GSE280376_GENERIC_XENIUM_EXPANDED,marker_context_specific_neighborhood,FB_WntX,0.02937853107344633,0.08441558441558442,0.04358759430008382,308
GEO_GSE280376_GENERIC_XENIUM_EXPANDED,marker_context_specific_neighborhood,FB_quiescent,0.19593345656192238,0.0424,0.06971390989805985,2500
GEO_GSE280376_GENERIC_XENIUM_EXPANDED,marker_context_specific_neighborhood,FB_transition_Cd9,0.1753402722177742,0.0876,0.1168311549746599,2500
GEO_GSE280376_GENERIC_XENIUM_EXPANDED,marker_context_specific_neighborhood,FB_transition_Il1rapl1,0.05964467005076142,0.027501462843768285,0.03764517420905086,1709
GEO_GSE280376_GENERIC_XENIUM_EXPANDED,marker_context_specific_neighborhood,FBmyo_IFN,0.4298245614035088,0.0588,0.10344827586206896,2500
GEO_GSE280376_GENERIC_XENIUM_EXPANDED,marker_context_specific_neighborhood,FBmyo_main,0.0027079303675048355,0.015909090909090907,0.004628099173553718,440
GEO_GSE280376_GENERIC_XENIUM_EXPANDED,marker_context_specific_neighborhood,Fbmyo_Hp,0.0,0.0,0.0,155
GEO_GSE280376_GENERIC_XENIUM_EXPANDED,marker_context_specific_neighborhood,Fbmyo_cycling,0.016592214422463305,0.0104,0.012785837226456848,2500
GEO_GSE280376_GENERIC_XENIUM_EXPANDED,marker_context_specific_neighborhood,Fibrocytes,0.03917050691244239,0.02199223803363519,0.028169014084507043,1546
GEO_GSE280376_GENERIC_XENIUM_EXPANDED,marker_context_specific_neighborhood,ILC2,0.02780596711995129,0.1242067089755213,0.04543946932006634,1103
GEO_GSE280376_GENERIC_XENIUM_EXPANDED,marker_context_specific_neighborhood,ILC2_IL5,0.016260162601626018,0.033444816053511704,0.021881838074398256,299
GEO_GSE280376_GENERIC_XENIUM_EXPANDED,marker_context_specific_neighborhood,MAIT,0.016706443914081145,0.010542168674698794,0.012927054478301015,664
GEO_GSE280376_GENERIC_XENIUM_EXPANDED,marker_context_specific_neighborhood,Macro_Cxcl13,0.2862190812720848,0.03524804177545692,0.06276636962417667,2298
GEO_GSE280376_GENERIC_XENIUM_EXPANDED,marker_context_specific_neighborhood,Macro_MHCII_Cx3cr1,0.09654631083202511,0.225137278828554,0.13514008423365687,1639
GEO_GSE280376_GENERIC_XENIUM_EXPANDED,marker_context_specific_neighborhood,Macro_Retnla,0.31718061674008813,0.2304,0.2669138090824838,2500
GEO_GSE280376_GENERIC_XENIUM_EXPANDED,marker_context_specific_neighborhood,Macro_Timd4_Lyve1,0.08333333333333333,0.0636,0.0721415607985481,2500
GEO_GSE280376_GENERIC_XENIUM_EXPANDED,marker_context_specific_neighborhood,Macro_Trem2_Gpnmb,0.04719101123595506,0.043933054393305436,0.04550379198266522,478
GEO_GSE280376_GENERIC_XENIUM_EXPANDED,marker_context_specific_neighborhood,Mast_cells,0.02608695652173913,0.005719733079122974,0.009382329945269741,1049
GEO_GSE280376_GENERIC_XENIUM_EXPANDED,marker_context_specific_neighborhood,NK_Gzma,0.015507310589277802,0.020539906103286387,0.017672304973491544,1704
GEO_GSE280376_GENERIC_XENIUM_EXPANDED,marker_context_specific_neighborhood,NK_Klra5,0.039503386004514675,0.032679738562091505,0.03576903423607563,1071
GEO_GSE280376_GENERIC_XENIUM_EXPANDED,marker_context_specific_neighborhood,NK_T,0.013996889580093312,0.018,0.015748031496062995,2500
GEO_GSE280376_GENERIC_XENIUM_EXPANDED,marker_context_specific_neighborhood,NM,0.05,0.0152,0.02331288343558282,2500
GEO_GSE280376_GENERIC_XENIUM_EXPANDED,marker_context_specific_neighborhood,Neutrophil_1,0.03875968992248062,0.10638297872340426,0.05681818181818182,470
GEO_GSE280376_GENERIC_XENIUM_EXPANDED,marker_context_specific_neighborhood,Neutrophil_2,0.03937653814602133,0.04328223624887286,0.041237113402061855,1109
GEO_GSE280376_GENERIC_XENIUM_EXPANDED,marker_context_specific_neighborhood,Schwann_quiescent,0.00843234955921809,0.02050326188257223,0.011950027159152634,1073
GEO_GSE280376_GENERIC_XENIUM_EXPANDED,marker_context_specific_neighborhood,T_CD4,0.008450704225352112,0.005628517823639775,0.006756756756756757,533
GEO_GSE280376_GENERIC_XENIUM_EXPANDED,marker_context_specific_neighborhood,T_CD8,0.116382036685642,0.17641418983700863,0.1402439024390244,1043
GEO_GSE280376_GENERIC_XENIUM_EXPANDED,marker_context_specific_neighborhood,T_Isg15,0.03896103896103896,0.02654867256637168,0.031578947368421054,452
GEO_GSE280376_GENERIC_XENIUM_EXPANDED,marker_context_specific_neighborhood,T_Macro,0.005361930294906166,0.005291005291005291,0.005326231691078562,378
GEO_GSE280376_GENERIC_XENIUM_EXPANDED,marker_context_specific_neighborhood,T_gd,0.0,0.0,0.0,209
GEO_GSE280376_GENERIC_XENIUM_EXPANDED,marker_context_specific_neighborhood,Treg,0.0,0.0,0.0,312
GEO_GSE280376_GENERIC_XENIUM_EXPANDED,marker_context_specific_neighborhood,mo_Macro_Il10_Fn1,0.018289085545722714,0.05419580419580419,0.027348919276576972,572
GEO_GSE280376_GENERIC_XENIUM_EXPANDED,marker_context_specific_neighborhood,mo_Macro_Ly6C_Isg15_Cxcl3,0.0025906735751295338,0.010380622837370242,0.00414651002073255,289
GEO_GSE280376_GENERIC_XENIUM_EXPANDED,marker_context_specific_neighborhood,mo_Macro_Spp1,0.0,0.0,0.0,230
GEO_GSE280376_GENERIC_XENIUM_EXPANDED,marker_context_specific_neighborhood,vEC_Areg_Dkk2_Wnt,0.00029403116730373417,0.004524886877828055,0.0005521811154058531,221
GEO_GSE280376_GENERIC_XENIUM_EXPANDED,marker_context_specific_neighborhood,vEC_Arterial,0.0,0.0,0.0,761
GEO_GSE280376_GENERIC_XENIUM_EXPANDED,marker_context_specific_neighborhood,vEC_Endocardial,0.015888778550148957,0.019975031210986267,0.017699115044247787,801
GEO_GSE280376_GENERIC_XENIUM_EXPANDED,marker_context_specific_neighborhood,vEC_Immune,0.056274030059419784,0.06939655172413793,0.06215016406099209,2320
GEO_GSE280376_GENERIC_XENIUM_EXPANDED,marker_context_specific_neighborhood,vEC_Lymphatic,0.013676588897827836,0.0068,0.00908362276248998,2500
GEO_GSE280376_GENERIC_XENIUM_EXPANDED,marker_context_specific_neighborhood,vEC_angio_IFN,0.011959521619135235,0.0052,0.007248396989127405,2500
GEO_GSE280376_GENERIC_XENIUM_EXPANDED,marker_context_specific_neighborhood,vEC_capillary1,0.09446254071661238,0.0116,0.020662629141432135,2500
GEO_GSE280376_GENERIC_XENIUM_EXPANDED,marker_context_specific_neighborhood,vEC_capillary2,0.0024826216484607746,0.0051440329218107,0.003348961821835231,972
GEO_GSE280376_GENERIC_XENIUM_EXPANDED,marker_context_specific_neighborhood,vEC_metabolic,0.0432230522945571,0.0324,0.037037037037037035,2500
GEO_GSE280376_GENERIC_XENIUM_EXPANDED,marker_context_specific_neighborhood,vEpicardial_derived,0.12830188679245283,0.0136,0.024593128390596745,2500
GEO_GSE280376_GENERIC_XENIUM_EXPANDED,marker_context_specific_neighborhood,vPericyte_FB,0.00449842555105713,0.006915629322268326,0.0054510765876260555,1446
GEO_GSE280376_GENERIC_XENIUM_EXPANDED,marker_context_specific_neighborhood,vPericyte_INF,0.05650319829424307,0.0212,0.030831878999418263,2500
GEO_GSE280376_GENERIC_XENIUM_EXPANDED,marker_context_specific_neighborhood,vPericyte_quiescent,0.015337423312883436,0.004,0.00634517766497462,2500
GEO_GSE280376_GENERIC_XENIUM_EXPANDED,marker_context_specific_neighborhood,vSMC1,0.14652956298200515,0.0912,0.11242603550295859,2500
GEO_GSE280376_GENERIC_XENIUM_EXPANDED,marker_context_specific_neighborhood,vSMC2,0.26869158878504673,0.414,0.3258816120906801,2500
GEO_GSE280376_GENERIC_XENIUM_EXPANDED,marker_learned_neighborhood,B_cells,0.16345270890725436,0.0712,0.09919197548063526,2500
GEO_GSE280376_GENERIC_XENIUM_EXPANDED,marker_learned_neighborhood,CM_Angiogenic,0.31466666666666665,0.1416,0.19531034482758622,2500
GEO_GSE280376_GENERIC_XENIUM_EXPANDED,marker_learned_neighborhood,CM_Btk+,0.00678195998643608,0.3389830508474576,0.01329787234042553,59
GEO_GSE280376_GENERIC_XENIUM_EXPANDED,marker_learned_neighborhood,CM_Homeostatic1,0.11406096361848574,0.0464,0.06596531134489622,2500
GEO_GSE280376_GENERIC_XENIUM_EXPANDED,marker_learned_neighborhood,CM_Hypertrophic,0.15984405458089668,0.0328,0.054430799867241954,2500
GEO_GSE280376_GENERIC_XENIUM_EXPANDED,marker_learned_neighborhood,CM_Prehypertrophic,0.19434628975265017,0.066,0.09853687667960585,2500
GEO_GSE280376_GENERIC_XENIUM_EXPANDED,marker_learned_neighborhood,CM_Slit2+,0.17461982170949134,0.3340020060180542,0.22933884297520662,997
GEO_GSE280376_GENERIC_XENIUM_EXPANDED,marker_learned_neighborhood,DC_CCR7,0.012195121951219513,0.05759162303664921,0.020128087831655993,191
GEO_GSE280376_GENERIC_XENIUM_EXPANDED,marker_learned_neighborhood,DC_con1,0.05234159779614325,0.024484536082474227,0.033362598770851626,776
GEO_GSE280376_GENERIC_XENIUM_EXPANDED,marker_learned_neighborhood,DC_con2_Ifitm1,0.009481316229782488,0.050746268656716415,0.01597744360902256,335
GEO_GSE280376_GENERIC_XENIUM_EXPANDED,marker_learned_neighborhood,DC_con2b/moDC,0.02288165892027172,0.10174880763116058,0.037361354349095155,629
GEO_GSE280376_GENERIC_XENIUM_EXPANDED,marker_learned_neighborhood,DC_plasmacytoid,0.08288288288288288,0.1464968152866242,0.10586881472957421,314
GEO_GSE280376_GENERIC_XENIUM_EXPANDED,marker_learned_neighborhood,FB_Duox1,0.12284482758620689,0.0473421926910299,0.06834532374100719,1204
GEO_GSE280376_GENERIC_XENIUM_EXPANDED,marker_learned_neighborhood,FB_Fgl2,0.33431806991629737,0.28930549637835534,0.31018730013704887,2347
GEO_GSE280376_GENERIC_XENIUM_EXPANDED,marker_learned_neighborhood,FB_Postn_Thbs4,0.21293532338308457,0.19925512104283055,0.20586820586820587,1074
GEO_GSE280376_GENERIC_XENIUM_EXPANDED,marker_learned_neighborhood,FB_Saa3,0.2814645308924485,0.07064905226881103,0.11294765840220386,1741
GEO_GSE280376_GENERIC_XENIUM_EXPANDED,marker_learned_neighborhood,FB_WntX,0.029197080291970802,0.07792207792207792,0.04247787610619469,308
GEO_GSE280376_GENERIC_XENIUM_EXPANDED,marker_learned_neighborhood,FB_quiescent,0.18631178707224336,0.0392,0.06477197620621282,2500
GEO_GSE280376_GENERIC_XENIUM_EXPANDED,marker_learned_neighborhood,FB_transition_Cd9,0.17412935323383086,0.084,0.11332973556395037,2500
GEO_GSE280376_GENERIC_XENIUM_EXPANDED,marker_learned_neighborhood,FB_transition_Il1rapl1,0.036605657237936774,0.012873025160912814,0.01904761904761905,1709
GEO_GSE280376_GENERIC_XENIUM_EXPANDED,marker_learned_neighborhood,FBmyo_IFN,0.4780701754385965,0.0436,0.07991202346041056,2500
GEO_GSE280376_GENERIC_XENIUM_EXPANDED,marker_learned_neighborhood,FBmyo_main,0.0026626093571700264,0.015909090909090907,0.004561746497230368,440
GEO_GSE280376_GENERIC_XENIUM_EXPANDED,marker_learned_neighborhood,Fbmyo_Hp,0.0,0.0,0.0,155
GEO_GSE280376_GENERIC_XENIUM_EXPANDED,marker_learned_neighborhood,Fbmyo_cycling,0.014583333333333334,0.0112,0.012669683257918554,2500
GEO_GSE280376_GENERIC_XENIUM_EXPANDED,marker_learned_neighborhood,Fibrocytes,0.04276315789473684,0.025226390685640362,0.03173311635475997,1546
GEO_GSE280376_GENERIC_XENIUM_EXPANDED,marker_learned_neighborhood,ILC2,0.027305187985717287,0.11786038077969176,0.04433833560709414,1103
GEO_GSE280376_GENERIC_XENIUM_EXPANDED,marker_learned_neighborhood,ILC2_IL5,0.015280135823429542,0.030100334448160536,0.02027027027027027,299
GEO_GSE280376_GENERIC_XENIUM_EXPANDED,marker_learned_neighborhood,MAIT,0.014184397163120567,0.009036144578313253,0.011039558417663293,664
GEO_GSE280376_GENERIC_XENIUM_EXPANDED,marker_learned_neighborhood,Macro_Cxcl13,0.28225806451612906,0.030461270670147953,0.05498821681068342,2298
GEO_GSE280376_GENERIC_XENIUM_EXPANDED,marker_learned_neighborhood,Macro_MHCII_Cx3cr1,0.09213305174234425,0.212934716290421,0.12861617836742215,1639
GEO_GSE280376_GENERIC_XENIUM_EXPANDED,marker_learned_neighborhood,Macro_Retnla,0.3251287922152261,0.2272,0.2674829291264422,2500
GEO_GSE280376_GENERIC_XENIUM_EXPANDED,marker_learned_neighborhood,Macro_Timd4_Lyve1,0.06673785371062467,0.05,0.05716899153898925,2500
GEO_GSE280376_GENERIC_XENIUM_EXPANDED,marker_learned_neighborhood,Macro_Trem2_Gpnmb,0.03806228373702422,0.04602510460251046,0.041666666666666664,478
GEO_GSE280376_GENERIC_XENIUM_EXPANDED,marker_learned_neighborhood,Mast_cells,0.02857142857142857,0.00667302192564347,0.010819165378670788,1049
GEO_GSE280376_GENERIC_XENIUM_EXPANDED,marker_learned_neighborhood,NK_Gzma,0.013425925925925926,0.017018779342723004,0.015010351966873706,1704
GEO_GSE280376_GENERIC_XENIUM_EXPANDED,marker_learned_neighborhood,NK_Klra5,0.04280618311533888,0.03361344537815126,0.03765690376569038,1071
GEO_GSE280376_GENERIC_XENIUM_EXPANDED,marker_learned_neighborhood,NK_T,0.01814595660749507,0.0184,0.0182720953326713,2500
GEO_GSE280376_GENERIC_XENIUM_EXPANDED,marker_learned_neighborhood,NM,0.05970149253731343,0.0192,0.029055690072639223,2500
GEO_GSE280376_GENERIC_XENIUM_EXPANDED,marker_learned_neighborhood,Neutrophil_1,0.03944124897288414,0.10212765957446808,0.056905749851807935,470
GEO_GSE280376_GENERIC_XENIUM_EXPANDED,marker_learned_neighborhood,Neutrophil_2,0.03622047244094488,0.04147880973850315,0.03867171080285834,1109
GEO_GSE280376_GENERIC_XENIUM_EXPANDED,marker_learned_neighborhood,Schwann_quiescent,0.00808526277104006,0.02050326188257223,0.011597258829731156,1073
GEO_GSE280376_GENERIC_XENIUM_EXPANDED,marker_learned_neighborhood,T_CD4,0.006097560975609756,0.00375234521575985,0.004645760743321719,533
GEO_GSE280376_GENERIC_XENIUM_EXPANDED,marker_learned_neighborhood,T_CD8,0.11533742331288344,0.18024928092042186,0.14066591844369622,1043
GEO_GSE280376_GENERIC_XENIUM_EXPANDED,marker_learned_neighborhood,T_Isg15,0.02734375,0.015486725663716814,0.01977401129943503,452
GEO_GSE280376_GENERIC_XENIUM_EXPANDED,marker_learned_neighborhood,T_Macro,0.00510204081632653,0.007936507936507936,0.006211180124223602,378
GEO_GSE280376_GENERIC_XENIUM_EXPANDED,marker_learned_neighborhood,T_gd,0.0,0.0,0.0,209
GEO_GSE280376_GENERIC_XENIUM_EXPANDED,marker_learned_neighborhood,Treg,0.0,0.0,0.0,312
GEO_GSE280376_GENERIC_XENIUM_EXPANDED,marker_learned_neighborhood,mo_Macro_Il10_Fn1,0.01613987895090787,0.04195804195804196,0.023312287518212727,572
GEO_GSE280376_GENERIC_XENIUM_EXPANDED,marker_learned_neighborhood,mo_Macro_Ly6C_Isg15_Cxcl3,0.0027522935779816515,0.010380622837370242,0.004350978970268311,289
GEO_GSE280376_GENERIC_XENIUM_EXPANDED,marker_learned_neighborhood,mo_Macro_Spp1,0.0,0.0,0.0,230
GEO_GSE280376_GENERIC_XENIUM_EXPANDED,marker_learned_neighborhood,vEC_Areg_Dkk2_Wnt,0.0002960331557134399,0.004524886877828055,0.0005557099194220616,221
GEO_GSE280376_GENERIC_XENIUM_EXPANDED,marker_learned_neighborhood,vEC_Arterial,0.0,0.0,0.0,761
GEO_GSE280376_GENERIC_XENIUM_EXPANDED,marker_learned_neighborhood,vEC_Endocardial,0.017699115044247787,0.02247191011235955,0.019801980198019802,801
GEO_GSE280376_GENERIC_XENIUM_EXPANDED,marker_learned_neighborhood,vEC_Immune,0.039251650770359504,0.046120689655172416,0.042409829567974636,2320
GEO_GSE280376_GENERIC_XENIUM_EXPANDED,marker_learned_neighborhood,vEC_Lymphatic,0.015885623510722795,0.008,0.010641127959563715,2500
GEO_GSE280376_GENERIC_XENIUM_EXPANDED,marker_learned_neighborhood,vEC_angio_IFN,0.0249500998003992,0.01,0.01427755568246716,2500
GEO_GSE280376_GENERIC_XENIUM_EXPANDED,marker_learned_neighborhood,vEC_capillary1,0.1183206106870229,0.0124,0.022447501810282405,2500
GEO_GSE280376_GENERIC_XENIUM_EXPANDED,marker_learned_neighborhood,vEC_capillary2,0.002697841726618705,0.006172839506172839,0.0037546933667083854,972
GEO_GSE280376_GENERIC_XENIUM_EXPANDED,marker_learned_neighborhood,vEC_metabolic,0.029978586723768737,0.028,0.028955532574974147,2500
GEO_GSE280376_GENERIC_XENIUM_EXPANDED,marker_learned_neighborhood,vEpicardial_derived,0.10416666666666667,0.01,0.01824817518248175,2500
GEO_GSE280376_GENERIC_XENIUM_EXPANDED,marker_learned_neighborhood,vPericyte_FB,0.0057553956834532375,0.008298755186721992,0.00679694137638063,1446
GEO_GSE280376_GENERIC_XENIUM_EXPANDED,marker_learned_neighborhood,vPericyte_INF,0.06050955414012739,0.0228,0.03312027890761186,2500
GEO_GSE280376_GENERIC_XENIUM_EXPANDED,marker_learned_neighborhood,vPericyte_quiescent,0.01308139534883721,0.0036,0.005646173149309912,2500
GEO_GSE280376_GENERIC_XENIUM_EXPANDED,marker_learned_neighborhood,vSMC1,0.13201530612244897,0.0828,0.10176991150442477,2500
GEO_GSE280376_GENERIC_XENIUM_EXPANDED,marker_learned_neighborhood,vSMC2,0.2696953781512605,0.4108,0.3256182625237793,2500
GEO_GSE280376_GENERIC_XENIUM_EXPANDED,marker_only,B_cells,0.16443594646271512,0.0688,0.09701071630005641,2500
GEO_GSE280376_GENERIC_XENIUM_EXPANDED,marker_only,CM_Angiogenic,0.32052483598875353,0.1368,0.19175777964676202,2500
GEO_GSE280376_GENERIC_XENIUM_EXPANDED,marker_only,CM_Btk+,0.007104194857916103,0.3559322033898305,0.01393034825870647,59
GEO_GSE280376_GENERIC_XENIUM_EXPANDED,marker_only,CM_Homeostatic1,0.12627291242362526,0.0496,0.07122343480758185,2500
GEO_GSE280376_GENERIC_XENIUM_EXPANDED,marker_only,CM_Hypertrophic,0.16901408450704225,0.0336,0.056056056056056056,2500
GEO_GSE280376_GENERIC_XENIUM_EXPANDED,marker_only,CM_Prehypertrophic,0.22768878718535468,0.0796,0.11796087729697688,2500
GEO_GSE280376_GENERIC_XENIUM_EXPANDED,marker_only,CM_Slit2+,0.18440463645943098,0.3510531594784353,0.24179620034542315,997
GEO_GSE280376_GENERIC_XENIUM_EXPANDED,marker_only,DC_CCR7,0.010967098703888335,0.05759162303664921,0.01842546063651591,191
GEO_GSE280376_GENERIC_XENIUM_EXPANDED,marker_only,DC_con1,0.049132947976878616,0.02190721649484536,0.0303030303030303,776
GEO_GSE280376_GENERIC_XENIUM_EXPANDED,marker_only,DC_con2_Ifitm1,0.010668563300142247,0.04477611940298507,0.01723147616312464,335
GEO_GSE280376_GENERIC_XENIUM_EXPANDED,marker_only,DC_con2b/moDC,0.024240231548480463,0.10651828298887123,0.0394930739758326,629
GEO_GSE280376_GENERIC_XENIUM_EXPANDED,marker_only,DC_plasmacytoid,0.08941605839416059,0.15605095541401273,0.1136890951276102,314
GEO_GSE280376_GENERIC_XENIUM_EXPANDED,marker_only,FB_Duox1,0.06165703275529865,0.026578073089700997,0.0371445153801509,1204
GEO_GSE280376_GENERIC_XENIUM_EXPANDED,marker_only,FB_Fgl2,0.31256830601092894,0.24371538133787815,0.2738807756763227,2347
GEO_GSE280376_GENERIC_XENIUM_EXPANDED,marker_only,FB_Postn_Thbs4,0.2847380410022779,0.11638733705772812,0.16523463317911435,1074
GEO_GSE280376_GENERIC_XENIUM_EXPANDED,marker_only,FB_Saa3,0.25,0.053417576105686385,0.08802650260293422,1741
GEO_GSE280376_GENERIC_XENIUM_EXPANDED,marker_only,FB_WntX,0.03248259860788863,0.09090909090909091,0.04786324786324786,308
GEO_GSE280376_GENERIC_XENIUM_EXPANDED,marker_only,FB_quiescent,0.19193154034229828,0.0628,0.09463532248342374,2500
GEO_GSE280376_GENERIC_XENIUM_EXPANDED,marker_only,FB_transition_Cd9,0.18215892053973012,0.0972,0.1267605633802817,2500
GEO_GSE280376_GENERIC_XENIUM_EXPANDED,marker_only,FB_transition_Il1rapl1,0.05142857142857143,0.042129900526623756,0.0463171437761338,1709
GEO_GSE280376_GENERIC_XENIUM_EXPANDED,marker_only,FBmyo_IFN,0.5228215767634855,0.0504,0.0919372491791317,2500
GEO_GSE280376_GENERIC_XENIUM_EXPANDED,marker_only,FBmyo_main,0.0033345683586513525,0.020454545454545454,0.005734310289901243,440
GEO_GSE280376_GENERIC_XENIUM_EXPANDED,marker_only,Fbmyo_Hp,0.0,0.0,0.0,155
GEO_GSE280376_GENERIC_XENIUM_EXPANDED,marker_only,Fbmyo_cycling,0.021310181531176007,0.0108,0.014335014600477836,2500
GEO_GSE280376_GENERIC_XENIUM_EXPANDED,marker_only,Fibrocytes,0.047435897435897434,0.023932729624838292,0.03181427343078246,1546
GEO_GSE280376_GENERIC_XENIUM_EXPANDED,marker_only,ILC2,0.02461654989585306,0.11786038077969176,0.04072681704260652,1103
GEO_GSE280376_GENERIC_XENIUM_EXPANDED,marker_only,ILC2_IL5,0.01517706576728499,0.030100334448160536,0.020179372197309416,299
GEO_GSE280376_GENERIC_XENIUM_EXPANDED,marker_only,MAIT,0.015189873417721518,0.009036144578313253,0.011331444759206798,664
GEO_GSE280376_GENERIC_XENIUM_EXPANDED,marker_only,Macro_Cxcl13,0.2358490566037736,0.010879025239338555,0.020798668885191343,2298
GEO_GSE280376_GENERIC_XENIUM_EXPANDED,marker_only,Macro_MHCII_Cx3cr1,0.10616438356164383,0.2647956070774863,0.15156277283045225,1639
GEO_GSE280376_GENERIC_XENIUM_EXPANDED,marker_only,Macro_Retnla,0.35642982971227244,0.2428,0.2888413038305972,2500
GEO_GSE280376_GENERIC_XENIUM_EXPANDED,marker_only,Macro_Timd4_Lyve1,0.09445037353255069,0.0708,0.08093278463648834,2500
GEO_GSE280376_GENERIC_XENIUM_EXPANDED,marker_only,Macro_Trem2_Gpnmb,0.0633245382585752,0.0502092050209205,0.056009334889148193,478
GEO_GSE280376_GENERIC_XENIUM_EXPANDED,marker_only,Mast_cells,0.03482587064676617,0.00667302192564347,0.0112,1049
GEO_GSE280376_GENERIC_XENIUM_EXPANDED,marker_only,NK_Gzma,0.03927813163481953,0.04342723004694836,0.04124860646599777,1704
GEO_GSE280376_GENERIC_XENIUM_EXPANDED,marker_only,NK_Klra5,0.0594059405940594,0.03361344537815126,0.04293381037567084,1071
GEO_GSE280376_GENERIC_XENIUM_EXPANDED,marker_only,NK_T,0.013992537313432836,0.024,0.01767825574543312,2500
GEO_GSE280376_GENERIC_XENIUM_EXPANDED,marker_only,NM,0.04806408544726302,0.0144,0.0221606648199446,2500
GEO_GSE280376_GENERIC_XENIUM_EXPANDED,marker_only,Neutrophil_1,0.041701417848206836,0.10638297872340426,0.059916117435590166,470
GEO_GSE280376_GENERIC_XENIUM_EXPANDED,marker_only,Neutrophil_2,0.037463976945244955,0.046889089269612265,0.04164997997597116,1109
GEO_GSE280376_GENERIC_XENIUM_EXPANDED,marker_only,Schwann_quiescent,0.0077456176110884635,0.017707362534948742,0.010777084515031198,1073
GEO_GSE280376_GENERIC_XENIUM_EXPANDED,marker_only,T_CD4,0.0035087719298245615,0.001876172607879925,0.0024449877750611247,533
GEO_GSE280376_GENERIC_XENIUM_EXPANDED,marker_only,T_CD8,0.12639894667544438,0.1840843720038351,0.14988290398126464,1043
GEO_GSE280376_GENERIC_XENIUM_EXPANDED,marker_only,T_Isg15,0.033816425120772944,0.015486725663716814,0.021244309559939303,452
GEO_GSE280376_GENERIC_XENIUM_EXPANDED,marker_only,T_Macro,0.00847457627118644,0.005291005291005291,0.006514657980456026,378
GEO_GSE280376_GENERIC_XENIUM_EXPANDED,marker_only,T_gd,0.0,0.0,0.0,209
GEO_GSE280376_GENERIC_XENIUM_EXPANDED,marker_only,Treg,0.0,0.0,0.0,312
GEO_GSE280376_GENERIC_XENIUM_EXPANDED,marker_only,mo_Macro_Il10_Fn1,0.013541666666666667,0.045454545454545456,0.02086677367576244,572
GEO_GSE280376_GENERIC_XENIUM_EXPANDED,marker_only,mo_Macro_Ly6C_Isg15_Cxcl3,0.0025929127052722557,0.010380622837370242,0.004149377593360995,289
GEO_GSE280376_GENERIC_XENIUM_EXPANDED,marker_only,mo_Macro_Spp1,0.0,0.0,0.0,230
GEO_GSE280376_GENERIC_XENIUM_EXPANDED,marker_only,vEC_Areg_Dkk2_Wnt,0.0005627462014631402,0.00904977375565611,0.0010596026490066225,221
GEO_GSE280376_GENERIC_XENIUM_EXPANDED,marker_only,vEC_Arterial,0.0,0.0,0.0,761
GEO_GSE280376_GENERIC_XENIUM_EXPANDED,marker_only,vEC_Endocardial,0.013270142180094787,0.017478152309612985,0.015086206896551725,801
GEO_GSE280376_GENERIC_XENIUM_EXPANDED,marker_only,vEC_Immune,0.05583392984967788,0.06724137931034482,0.06100899491591708,2320
GEO_GSE280376_GENERIC_XENIUM_EXPANDED,marker_only,vEC_Lymphatic,0.00804289544235925,0.0036,0.004973749654600718,2500
GEO_GSE280376_GENERIC_XENIUM_EXPANDED,marker_only,vEC_angio_IFN,0.014734774066797643,0.006,0.008527572484366119,2500
GEO_GSE280376_GENERIC_XENIUM_EXPANDED,marker_only,vEC_capillary1,0.10931174089068826,0.0108,0.01965780851838369,2500
GEO_GSE280376_GENERIC_XENIUM_EXPANDED,marker_only,vEC_capillary2,0.003393665158371041,0.006172839506172839,0.00437956204379562,972
GEO_GSE280376_GENERIC_XENIUM_EXPANDED,marker_only,vEC_metabolic,0.038513819664703214,0.034,0.03611642234969195,2500
GEO_GSE280376_GENERIC_XENIUM_EXPANDED,marker_only,vEpicardial_derived,0.11739130434782609,0.0108,0.019780219780219783,2500
GEO_GSE280376_GENERIC_XENIUM_EXPANDED,marker_only,vPericyte_FB,0.00420954162768943,0.006224066390041493,0.005022321428571428,1446
GEO_GSE280376_GENERIC_XENIUM_EXPANDED,marker_only,vPericyte_INF,0.056935817805383024,0.022,0.03173687247547605,2500
GEO_GSE280376_GENERIC_XENIUM_EXPANDED,marker_only,vPericyte_quiescent,0.01559792027729636,0.0036,0.005849853753656159,2500
GEO_GSE280376_GENERIC_XENIUM_EXPANDED,marker_only,vSMC1,0.15281329923273657,0.0956,0.11761811023622047,2500
GEO_GSE280376_GENERIC_XENIUM_EXPANDED,marker_only,vSMC2,0.2650238873522756,0.4216,0.32545931758530183,2500
GEO_GSE280376_GENERIC_XENIUM_EXPANDED,marker_reference_profile,B_cells,0.2328767123287671,0.0068,0.01321414691022153,2500
GEO_GSE280376_GENERIC_XENIUM_EXPANDED,marker_reference_profile,CM_Angiogenic,0.3552074513124471,0.3356,0.3451254627725216,2500
GEO_GSE280376_GENERIC_XENIUM_EXPANDED,marker_reference_profile,CM_Btk+,0.006925207756232687,0.1694915254237288,0.013306719893546242,59
GEO_GSE280376_GENERIC_XENIUM_EXPANDED,marker_reference_profile,CM_Homeostatic1,0.10985263670685666,0.3608,0.16842498366165626,2500
GEO_GSE280376_GENERIC_XENIUM_EXPANDED,marker_reference_profile,CM_Hypertrophic,0.33070866141732286,0.0168,0.03197563760944043,2500
GEO_GSE280376_GENERIC_XENIUM_EXPANDED,marker_reference_profile,CM_Prehypertrophic,0.30935251798561153,0.0516,0.08844703462461433,2500
GEO_GSE280376_GENERIC_XENIUM_EXPANDED,marker_reference_profile,CM_Slit2+,0.07212657049790601,0.15546639919759278,0.09853782581055309,997
GEO_GSE280376_GENERIC_XENIUM_EXPANDED,marker_reference_profile,DC_CCR7,0.01282051282051282,0.041884816753926704,0.0196319018404908,191
GEO_GSE280376_GENERIC_XENIUM_EXPANDED,marker_reference_profile,DC_con1,0.050359712230215826,0.00902061855670103,0.015300546448087428,776
GEO_GSE280376_GENERIC_XENIUM_EXPANDED,marker_reference_profile,DC_con2_Ifitm1,0.006297229219143577,0.029850746268656716,0.010400416016640667,335
GEO_GSE280376_GENERIC_XENIUM_EXPANDED,marker_reference_profile,DC_con2b/moDC,0.10199004975124377,0.06518282988871224,0.0795344325897187,629
GEO_GSE280376_GENERIC_XENIUM_EXPANDED,marker_reference_profile,DC_plasmacytoid,0.09782608695652174,0.11464968152866242,0.10557184750733137,314
GEO_GSE280376_GENERIC_XENIUM_EXPANDED,marker_reference_profile,FB_Duox1,0.07692307692307693,0.0049833887043189366,0.009360374414976598,1204
GEO_GSE280376_GENERIC_XENIUM_EXPANDED,marker_reference_profile,FB_Fgl2,0.16050140252454417,0.78014486578611,0.26623046165030895,2347
GEO_GSE280376_GENERIC_XENIUM_EXPANDED,marker_reference_profile,FB_Postn_Thbs4,0.27631578947368424,0.019553072625698324,0.036521739130434785,1074
GEO_GSE280376_GENERIC_XENIUM_EXPANDED,marker_reference_profile,FB_Saa3,0.11627906976744186,0.005743825387708214,0.010946907498631636,1741
GEO_GSE280376_GENERIC_XENIUM_EXPANDED,marker_reference_profile,FB_WntX,0.03418803418803419,0.025974025974025976,0.029520295202952032,308
GEO_GSE280376_GENERIC_XENIUM_EXPANDED,marker_reference_profile,FB_quiescent,0.42071197411003236,0.052,0.09255962976148095,2500
GEO_GSE280376_GENERIC_XENIUM_EXPANDED,marker_reference_profile,FB_transition_Cd9,0.17218543046357615,0.0104,0.019615239532251978,2500
GEO_GSE280376_GENERIC_XENIUM_EXPANDED,marker_reference_profile,FB_transition_Il1rapl1,0.08574380165289257,0.04856641310708017,0.06200971236458724,1709
GEO_GSE280376_GENERIC_XENIUM_EXPANDED,marker_reference_profile,FBmyo_IFN,0.23684210526315788,0.0072,0.013975155279503104,2500
GEO_GSE280376_GENERIC_XENIUM_EXPANDED,marker_reference_profile,FBmyo_main,0.008968609865470852,0.004545454545454545,0.006033182503770739,440
GEO_GSE280376_GENERIC_XENIUM_EXPANDED,marker_reference_profile,Fbmyo_Hp,0.0,0.0,0.0,155
GEO_GSE280376_GENERIC_XENIUM_EXPANDED,marker_reference_profile,Fbmyo_cycling,0.011969532100108813,0.0132,0.012554688986113753,2500
GEO_GSE280376_GENERIC_XENIUM_EXPANDED,marker_reference_profile,Fibrocytes,0.05426356589147287,0.013583441138421734,0.021727884117951374,1546
GEO_GSE280376_GENERIC_XENIUM_EXPANDED,marker_reference_profile,ILC2,0.08483290488431877,0.08975521305530372,0.08722466960352424,1103
GEO_GSE280376_GENERIC_XENIUM_EXPANDED,marker_reference_profile,ILC2_IL5,0.014,0.023411371237458192,0.017521902377972465,299
GEO_GSE280376_GENERIC_XENIUM_EXPANDED,marker_reference_profile,MAIT,0.01282051282051282,0.004518072289156626,0.006681514476614699,664
GEO_GSE280376_GENERIC_XENIUM_EXPANDED,marker_reference_profile,Macro_Cxcl13,0.5766016713091922,0.09007832898172324,0.1558148287542341,2298
GEO_GSE280376_GENERIC_XENIUM_EXPANDED,marker_reference_profile,Macro_MHCII_Cx3cr1,0.06862989767906164,0.16778523489932887,0.09741409847679773,1639
GEO_GSE280376_GENERIC_XENIUM_EXPANDED,marker_reference_profile,Macro_Retnla,0.36604234527687296,0.3596,0.3627925746569814,2500
GEO_GSE280376_GENERIC_XENIUM_EXPANDED,marker_reference_profile,Macro_Timd4_Lyve1,0.1019266625233064,0.0656,0.07982477488440011,2500
GEO_GSE280376_GENERIC_XENIUM_EXPANDED,marker_reference_profile,Macro_Trem2_Gpnmb,0.09547738693467336,0.0397489539748954,0.056129985228951254,478
GEO_GSE280376_GENERIC_XENIUM_EXPANDED,marker_reference_profile,Mast_cells,0.015748031496062992,0.0019065776930409914,0.0034013605442176865,1049
GEO_GSE280376_GENERIC_XENIUM_EXPANDED,marker_reference_profile,NK_Gzma,0.12174751044008994,0.22241784037558684,0.1573593522939589,1704
GEO_GSE280376_GENERIC_XENIUM_EXPANDED,marker_reference_profile,NK_Klra5,0.036741214057507986,0.021475256769374416,0.027106658809664112,1071
GEO_GSE280376_GENERIC_XENIUM_EXPANDED,marker_reference_profile,NK_T,0.009845288326300985,0.0056,0.007139214686384498,2500
GEO_GSE280376_GENERIC_XENIUM_EXPANDED,marker_reference_profile,NM,0.13553113553113552,0.0148,0.026685899747565814,2500
GEO_GSE280376_GENERIC_XENIUM_EXPANDED,marker_reference_profile,Neutrophil_1,0.0412262156448203,0.08297872340425531,0.055084745762711856,470
GEO_GSE280376_GENERIC_XENIUM_EXPANDED,marker_reference_profile,Neutrophil_2,0.02314445331205108,0.026149684400360685,0.02455546147332769,1109
GEO_GSE280376_GENERIC_XENIUM_EXPANDED,marker_reference_profile,Schwann_quiescent,0.024056408129406886,0.05405405405405406,0.03329506314580941,1073
GEO_GSE280376_GENERIC_XENIUM_EXPANDED,marker_reference_profile,T_CD4,0.0,0.0,0.0,533
GEO_GSE280376_GENERIC_XENIUM_EXPANDED,marker_reference_profile,T_CD8,0.0830188679245283,0.06327900287631831,0.07181719260065289,1043
GEO_GSE280376_GENERIC_XENIUM_EXPANDED,marker_reference_profile,T_Isg15,0.0975609756097561,0.04424778761061947,0.06088280060882802,452
GEO_GSE280376_GENERIC_XENIUM_EXPANDED,marker_reference_profile,T_Macro,0.045871559633027525,0.07936507936507936,0.05813953488372093,378
GEO_GSE280376_GENERIC_XENIUM_EXPANDED,marker_reference_profile,T_gd,0.0,0.0,0.0,209
GEO_GSE280376_GENERIC_XENIUM_EXPANDED,marker_reference_profile,Treg,0.0,0.0,0.0,312
GEO_GSE280376_GENERIC_XENIUM_EXPANDED,marker_reference_profile,mo_Macro_Il10_Fn1,0.011085915847820609,0.07692307692307693,0.019378991411583352,572
GEO_GSE280376_GENERIC_XENIUM_EXPANDED,marker_reference_profile,mo_Macro_Ly6C_Isg15_Cxcl3,0.005928853754940711,0.010380622837370242,0.007547169811320754,289
GEO_GSE280376_GENERIC_XENIUM_EXPANDED,marker_reference_profile,mo_Macro_Spp1,0.0,0.0,0.0,230
GEO_GSE280376_GENERIC_XENIUM_EXPANDED,marker_reference_profile,vEC_Areg_Dkk2_Wnt,0.001584786053882726,0.004524886877828055,0.002347417840375587,221
GEO_GSE280376_GENERIC_XENIUM_EXPANDED,marker_reference_profile,vEC_Arterial,0.0,0.0,0.0,761
GEO_GSE280376_GENERIC_XENIUM_EXPANDED,marker_reference_profile,vEC_Endocardial,0.0078125,0.004993757802746567,0.006092916984006093,801
GEO_GSE280376_GENERIC_XENIUM_EXPANDED,marker_reference_profile,vEC_Immune,0.11780455153949129,0.15172413793103448,0.13262999246420495,2320
GEO_GSE280376_GENERIC_XENIUM_EXPANDED,marker_reference_profile,vEC_Lymphatic,0.005649717514124294,0.0008,0.0014015416958654521,2500
GEO_GSE280376_GENERIC_XENIUM_EXPANDED,marker_reference_profile,vEC_angio_IFN,0.010700389105058366,0.0308,0.015882838283828384,2500
GEO_GSE280376_GENERIC_XENIUM_EXPANDED,marker_reference_profile,vEC_capillary1,0.2436548223350254,0.0192,0.03559510567296996,2500
GEO_GSE280376_GENERIC_XENIUM_EXPANDED,marker_reference_profile,vEC_capillary2,0.0039011703511053317,0.006172839506172839,0.004780876494023904,972
GEO_GSE280376_GENERIC_XENIUM_EXPANDED,marker_reference_profile,vEC_metabolic,0.05063812268423219,0.0492,0.04990870359099208,2500
GEO_GSE280376_GENERIC_XENIUM_EXPANDED,marker_reference_profile,vEpicardial_derived,0.23809523809523808,0.014,0.026445032111824706,2500
GEO_GSE280376_GENERIC_XENIUM_EXPANDED,marker_reference_profile,vPericyte_FB,0.006535947712418301,0.002074688796680498,0.0031496062992125984,1446
GEO_GSE280376_GENERIC_XENIUM_EXPANDED,marker_reference_profile,vPericyte_INF,0.06591865357643759,0.0188,0.02925614690320573,2500
GEO_GSE280376_GENERIC_XENIUM_EXPANDED,marker_reference_profile,vPericyte_quiescent,0.006309148264984227,0.0016,0.0025526483726866626,2500
GEO_GSE280376_GENERIC_XENIUM_EXPANDED,marker_reference_profile,vSMC1,0.1455223880597015,0.2184,0.17466410748560462,2500
GEO_GSE280376_GENERIC_XENIUM_EXPANDED,marker_reference_profile,vSMC2,0.3107535986452159,0.4404,0.3643885487340725,2500
GEO_GSE280376_GENERIC_XENIUM_EXPANDED,reference_profile,B_cells,0.06115107913669065,0.0068,0.012239020878329733,2500
GEO_GSE280376_GENERIC_XENIUM_EXPANDED,reference_profile,CM_Angiogenic,0.2589131187262028,0.2992,0.277602523659306,2500
GEO_GSE280376_GENERIC_XENIUM_EXPANDED,reference_profile,CM_Btk+,0.0,0.0,0.0,59
GEO_GSE280376_GENERIC_XENIUM_EXPANDED,reference_profile,CM_Homeostatic1,0.09095763616945532,0.4088,0.14880605707629585,2500
GEO_GSE280376_GENERIC_XENIUM_EXPANDED,reference_profile,CM_Hypertrophic,0.5161290322580645,0.0064,0.012643224022125643,2500
GEO_GSE280376_GENERIC_XENIUM_EXPANDED,reference_profile,CM_Prehypertrophic,0.3700189753320683,0.078,0.12884043607532208,2500
GEO_GSE280376_GENERIC_XENIUM_EXPANDED,reference_profile,CM_Slit2+,0.05793991416309013,0.1624874623871615,0.0854205114684946,997
GEO_GSE280376_GENERIC_XENIUM_EXPANDED,reference_profile,DC_CCR7,0.007407407407407408,0.015706806282722512,0.010067114093959731,191
GEO_GSE280376_GENERIC_XENIUM_EXPANDED,reference_profile,DC_con1,0.0,0.0,0.0,776
GEO_GSE280376_GENERIC_XENIUM_EXPANDED,reference_profile,DC_con2_Ifitm1,0.005376344086021506,0.005970149253731343,0.005657708628005657,335
GEO_GSE280376_GENERIC_XENIUM_EXPANDED,reference_profile,DC_con2b/moDC,0.022328548644338118,0.022257551669316374,0.022292993630573247,629
GEO_GSE280376_GENERIC_XENIUM_EXPANDED,reference_profile,DC_plasmacytoid,0.19424460431654678,0.08598726114649681,0.11920529801324505,314
GEO_GSE280376_GENERIC_XENIUM_EXPANDED,reference_profile,FB_Duox1,0.0047169811320754715,0.0008305647840531562,0.0014124293785310732,1204
GEO_GSE280376_GENERIC_XENIUM_EXPANDED,reference_profile,FB_Fgl2,0.13034852192315324,0.8397954835960801,0.22566979619876346,2347
GEO_GSE280376_GENERIC_XENIUM_EXPANDED,reference_profile,FB_Postn_Thbs4,0.22033898305084745,0.012104283054003724,0.022947925860547218,1074
GEO_GSE280376_GENERIC_XENIUM_EXPANDED,reference_profile,FB_Saa3,0.16216216216216217,0.0034462952326249283,0.006749156355455568,1741
GEO_GSE280376_GENERIC_XENIUM_EXPANDED,reference_profile,FB_WntX,0.013157894736842105,0.00974025974025974,0.01119402985074627,308
GEO_GSE280376_GENERIC_XENIUM_EXPANDED,reference_profile,FB_quiescent,0.287292817679558,0.0208,0.03879149571055576,2500
GEO_GSE280376_GENERIC_XENIUM_EXPANDED,reference_profile,FB_transition_Cd9,0.1728395061728395,0.0056,0.010848508330104612,2500
GEO_GSE280376_GENERIC_XENIUM_EXPANDED,reference_profile,FB_transition_Il1rapl1,0.0,0.0,0.0,1709
GEO_GSE280376_GENERIC_XENIUM_EXPANDED,reference_profile,FBmyo_IFN,0.3269230769230769,0.0068,0.013322884012539187,2500
GEO_GSE280376_GENERIC_XENIUM_EXPANDED,reference_profile,FBmyo_main,0.005376344086021506,0.0022727272727272726,0.003194888178913738,440
GEO_GSE280376_GENERIC_XENIUM_EXPANDED,reference_profile,Fbmyo_Hp,0.0,0.0,0.0,155
GEO_GSE280376_GENERIC_XENIUM_EXPANDED,reference_profile,Fbmyo_cycling,0.006691201070592171,0.016,0.009436187780136824,2500
GEO_GSE280376_GENERIC_XENIUM_EXPANDED,reference_profile,Fibrocytes,0.04443309499489275,0.05627425614489004,0.04965753424657534,1546
GEO_GSE280376_GENERIC_XENIUM_EXPANDED,reference_profile,ILC2,0.09463276836158192,0.06074342701722575,0.07399226946438432,1103
GEO_GSE280376_GENERIC_XENIUM_EXPANDED,reference_profile,ILC2_IL5,0.008620689655172414,0.016722408026755852,0.011376564277588168,299
GEO_GSE280376_GENERIC_XENIUM_EXPANDED,reference_profile,MAIT,0.007434944237918215,0.0030120481927710845,0.004287245444801716,664
GEO_GSE280376_GENERIC_XENIUM_EXPANDED,reference_profile,Macro_Cxcl13,0.5471014492753623,0.13141862489120976,0.21192982456140352,2298
GEO_GSE280376_GENERIC_XENIUM_EXPANDED,reference_profile,Macro_MHCII_Cx3cr1,0.06186198448346264,0.18486882245271508,0.0927030748049564,1639
GEO_GSE280376_GENERIC_XENIUM_EXPANDED,reference_profile,Macro_Retnla,0.3447505584512286,0.3704,0.3571153104512148,2500
GEO_GSE280376_GENERIC_XENIUM_EXPANDED,reference_profile,Macro_Timd4_Lyve1,0.12630359212050984,0.0436,0.0648230746357419,2500
GEO_GSE280376_GENERIC_XENIUM_EXPANDED,reference_profile,Macro_Trem2_Gpnmb,0.102803738317757,0.02301255230125523,0.03760683760683761,478
GEO_GSE280376_GENERIC_XENIUM_EXPANDED,reference_profile,Mast_cells,0.0,0.0,0.0,1049
GEO_GSE280376_GENERIC_XENIUM_EXPANDED,reference_profile,NK_Gzma,0.12172984516817939,0.2676056338028169,0.1673394495412844,1704
GEO_GSE280376_GENERIC_XENIUM_EXPANDED,reference_profile,NK_Klra5,0.017783857729138167,0.012138188608776844,0.014428412874583798,1071
GEO_GSE280376_GENERIC_XENIUM_EXPANDED,reference_profile,NK_T,0.031413612565445025,0.0048,0.008327550312283136,2500
GEO_GSE280376_GENERIC_XENIUM_EXPANDED,reference_profile,NM,0.010752688172043012,0.0008,0.0014892032762472078,2500
GEO_GSE280376_GENERIC_XENIUM_EXPANDED,reference_profile,Neutrophil_1,0.026490066225165563,0.03404255319148936,0.029795158286778395,470
GEO_GSE280376_GENERIC_XENIUM_EXPANDED,reference_profile,Neutrophil_2,0.009041591320072333,0.013525698827772768,0.010838150289017343,1109
GEO_GSE280376_GENERIC_XENIUM_EXPANDED,reference_profile,Schwann_quiescent,0.03905160390516039,0.0521901211556384,0.04467491025129637,1073
GEO_GSE280376_GENERIC_XENIUM_EXPANDED,reference_profile,T_CD4,0.0,0.0,0.0,533
GEO_GSE280376_GENERIC_XENIUM_EXPANDED,reference_profile,T_CD8,0.054878048780487805,0.01725790987535954,0.0262582056892779,1043
GEO_GSE280376_GENERIC_XENIUM_EXPANDED,reference_profile,T_Isg15,0.08860759493670886,0.09292035398230089,0.09071274298056155,452
GEO_GSE280376_GENERIC_XENIUM_EXPANDED,reference_profile,T_Macro,0.03110047846889952,0.10317460317460317,0.04779411764705883,378
GEO_GSE280376_GENERIC_XENIUM_EXPANDED,reference_profile,T_gd,0.002288329519450801,0.004784688995215311,0.003095975232198142,209
GEO_GSE280376_GENERIC_XENIUM_EXPANDED,reference_profile,Treg,0.0,0.0,0.0,312
GEO_GSE280376_GENERIC_XENIUM_EXPANDED,reference_profile,mo_Macro_Il10_Fn1,0.020380434782608696,0.026223776223776224,0.022935779816513763,572
GEO_GSE280376_GENERIC_XENIUM_EXPANDED,reference_profile,mo_Macro_Ly6C_Isg15_Cxcl3,0.0034482758620689655,0.0034602076124567475,0.003454231433506045,289
GEO_GSE280376_GENERIC_XENIUM_EXPANDED,reference_profile,mo_Macro_Spp1,0.0,0.0,0.0,230
GEO_GSE280376_GENERIC_XENIUM_EXPANDED,reference_profile,vEC_Areg_Dkk2_Wnt,0.0,0.0,0.0,221
GEO_GSE280376_GENERIC_XENIUM_EXPANDED,reference_profile,vEC_Arterial,0.0,0.0,0.0,761
GEO_GSE280376_GENERIC_XENIUM_EXPANDED,reference_profile,vEC_Endocardial,0.012195121951219513,0.0012484394506866417,0.0022650056625141564,801
GEO_GSE280376_GENERIC_XENIUM_EXPANDED,reference_profile,vEC_Immune,0.15336658354114713,0.15905172413793103,0.1561574269995768,2320
GEO_GSE280376_GENERIC_XENIUM_EXPANDED,reference_profile,vEC_Lymphatic,0.038461538461538464,0.0036,0.006583760058522312,2500
GEO_GSE280376_GENERIC_XENIUM_EXPANDED,reference_profile,vEC_angio_IFN,0.010848464085874157,0.038,0.01687838678155814,2500
GEO_GSE280376_GENERIC_XENIUM_EXPANDED,reference_profile,vEC_capillary1,0.27960526315789475,0.034,0.06062767475035664,2500
GEO_GSE280376_GENERIC_XENIUM_EXPANDED,reference_profile,vEC_capillary2,0.0044004400440044,0.00411522633744856,0.0042530568846358315,972
GEO_GSE280376_GENERIC_XENIUM_EXPANDED,reference_profile,vEC_metabolic,0.058613659531090725,0.046,0.051546391752577324,2500
GEO_GSE280376_GENERIC_XENIUM_EXPANDED,reference_profile,vEpicardial_derived,0.2733333333333333,0.0328,0.05857142857142858,2500
GEO_GSE280376_GENERIC_XENIUM_EXPANDED,reference_profile,vPericyte_FB,0.022222222222222223,0.0013831258644536654,0.002604166666666667,1446
GEO_GSE280376_GENERIC_XENIUM_EXPANDED,reference_profile,vPericyte_INF,0.02177068214804064,0.006,0.00940733772342427,2500
GEO_GSE280376_GENERIC_XENIUM_EXPANDED,reference_profile,vPericyte_quiescent,0.009345794392523364,0.0016,0.00273224043715847,2500
GEO_GSE280376_GENERIC_XENIUM_EXPANDED,reference_profile,vSMC1,0.1477683956574186,0.294,0.1966818303451967,2500
GEO_GSE280376_GENERIC_XENIUM_EXPANDED,reference_profile,vSMC2,0.3184510250569476,0.2796,0.2977635782747604,2500
GEO_GSE282127_GENERIC_H5AD_EXPANDED,learned_permuted_prior,0,0.4178540772532189,0.9736,0.5847447447447447,2500
GEO_GSE282127_GENERIC_H5AD_EXPANDED,learned_permuted_prior,1,0.8469945355191257,0.062,0.11554230339172566,2500
GEO_GSE282127_GENERIC_H5AD_EXPANDED,learned_permuted_prior,10,0.4945327006395709,0.9588,0.6525112290730911,2500
GEO_GSE282127_GENERIC_H5AD_EXPANDED,learned_permuted_prior,11,0.6855945121951219,0.7196,0.7021857923497268,2500
GEO_GSE282127_GENERIC_H5AD_EXPANDED,learned_permuted_prior,12,0.827259475218659,0.454,0.5862603305785125,2500
GEO_GSE282127_GENERIC_H5AD_EXPANDED,learned_permuted_prior,13,0.9819004524886877,0.9548,0.9681606165078077,2500
GEO_GSE282127_GENERIC_H5AD_EXPANDED,learned_permuted_prior,14,0.7980225988700564,0.678,0.7331314878892733,2500
GEO_GSE282127_GENERIC_H5AD_EXPANDED,learned_permuted_prior,15,0.7457958545170121,0.7628,0.7542020961044097,2500
GEO_GSE282127_GENERIC_H5AD_EXPANDED,learned_permuted_prior,16,0.7677490368739681,0.558,0.6462821403752607,2500
GEO_GSE282127_GENERIC_H5AD_EXPANDED,learned_permuted_prior,17,0.9134502923976608,0.6248,0.7420427553444181,2500
GEO_GSE282127_GENERIC_H5AD_EXPANDED,learned_permuted_prior,18,0.9585308056872038,0.6989200863930886,0.8083937047214589,2315
GEO_GSE282127_GENERIC_H5AD_EXPANDED,learned_permuted_prior,19,0.566309181271253,0.9876824817518248,0.7198669991687449,2192
GEO_GSE282127_GENERIC_H5AD_EXPANDED,learned_permuted_prior,2,0.954335260115607,0.6604,0.780614657210402,2500
GEO_GSE282127_GENERIC_H5AD_EXPANDED,learned_permuted_prior,21,0.7884362680683311,0.9508716323296355,0.8620689655172413,631
GEO_GSE282127_GENERIC_H5AD_EXPANDED,learned_permuted_prior,22,0.8791666666666667,0.2918395573997234,0.4382139148494289,1446
GEO_GSE282127_GENERIC_H5AD_EXPANDED,learned_permuted_prior,23,0.32160804020100503,0.8533333333333334,0.4671532846715329,75
GEO_GSE282127_GENERIC_H5AD_EXPANDED,learned_permuted_prior,24,0.09859154929577464,0.03307086614173228,0.04952830188679245,635
GEO_GSE282127_GENERIC_H5AD_EXPANDED,learned_permuted_prior,25,0.40358744394618834,0.9642857142857143,0.5690200210748156,560
GEO_GSE282127_GENERIC_H5AD_EXPANDED,learned_permuted_prior,26,0.2133220910623946,0.9960629921259843,0.3513888888888889,254
GEO_GSE282127_GENERIC_H5AD_EXPANDED,learned_permuted_prior,3,0.809322033898305,0.9932,0.891882183908046,2500
GEO_GSE282127_GENERIC_H5AD_EXPANDED,learned_permuted_prior,4,0.5914083475713937,0.9692,0.7345763225708656,2500
GEO_GSE282127_GENERIC_H5AD_EXPANDED,learned_permuted_prior,5,0.915680473372781,0.9904,0.9515757109915449,2500
GEO_GSE282127_GENERIC_H5AD_EXPANDED,learned_permuted_prior,6,0.6039279869067103,0.1476,0.23722275795564127,2500
GEO_GSE282127_GENERIC_H5AD_EXPANDED,learned_permuted_prior,7,0.8302529182879378,0.6828,0.7493415276558385,2500
GEO_GSE282127_GENERIC_H5AD_EXPANDED,learned_permuted_prior,8,0.9878048780487805,0.972,0.9798387096774194,2500
GEO_GSE282127_GENERIC_H5AD_EXPANDED,learned_permuted_prior,9,0.8571428571428571,0.4128,0.5572354211663068,2500
GEO_GSE282127_GENERIC_H5AD_EXPANDED,learned_random_graph,0,0.4212251941328732,0.9764,0.5885473176612417,2500
GEO_GSE282127_GENERIC_H5AD_EXPANDED,learned_random_graph,1,0.9059233449477352,0.104,0.1865805525654826,2500
GEO_GSE282127_GENERIC_H5AD_EXPANDED,learned_random_graph,10,0.5032707322219878,0.954,0.6589307915457936,2500
GEO_GSE282127_GENERIC_H5AD_EXPANDED,learned_random_graph,11,0.6603571428571429,0.7396,0.6977358490566038,2500
GEO_GSE282127_GENERIC_H5AD_EXPANDED,learned_random_graph,12,0.844050258684405,0.4568,0.5927848429794964,2500
GEO_GSE282127_GENERIC_H5AD_EXPANDED,learned_random_graph,13,0.9851423854725547,0.9548,0.9697339020922202,2500
GEO_GSE282127_GENERIC_H5AD_EXPANDED,learned_random_graph,14,0.7453231292517006,0.7012,0.7225886232481451,2500
GEO_GSE282127_GENERIC_H5AD_EXPANDED,learned_random_graph,15,0.7726713171932704,0.7532,0.762811423941665,2500
GEO_GSE282127_GENERIC_H5AD_EXPANDED,learned_random_graph,16,0.7952655150351887,0.4972,0.6118631553039625,2500
GEO_GSE282127_GENERIC_H5AD_EXPANDED,learned_random_graph,17,0.9215116279069767,0.634,0.7511848341232227,2500
GEO_GSE282127_GENERIC_H5AD_EXPANDED,learned_random_graph,18,0.9455298993487271,0.6898488120950323,0.7977022977022977,2315
GEO_GSE282127_GENERIC_H5AD_EXPANDED,learned_random_graph,19,0.5718816067653277,0.9872262773722628,0.7242302543507363,2192
GEO_GSE282127_GENERIC_H5AD_EXPANDED,learned_random_graph,2,0.9559386973180076,0.5988,0.7363502213477618,2500
GEO_GSE282127_GENERIC_H5AD_EXPANDED,learned_random_graph,21,0.7797695262483995,0.96513470681458,0.8626062322946175,631
GEO_GSE282127_GENERIC_H5AD_EXPANDED,learned_random_graph,22,0.8777292576419214,0.27800829875518673,0.4222689075630252,1446
GEO_GSE282127_GENERIC_H5AD_EXPANDED,learned_random_graph,23,0.3076923076923077,0.8533333333333334,0.45229681978798597,75
GEO_GSE282127_GENERIC_H5AD_EXPANDED,learned_random_graph,24,0.15666666666666668,0.07401574803149606,0.10053475935828876,635
GEO_GSE282127_GENERIC_H5AD_EXPANDED,learned_random_graph,25,0.3911465892597968,0.9625,0.5562435500515995,560
GEO_GSE282127_GENERIC_H5AD_EXPANDED,learned_random_graph,26,0.20653061224489797,0.9960629921259843,0.34212305611899935,254
GEO_GSE282127_GENERIC_H5AD_EXPANDED,learned_random_graph,3,0.7992277992277992,0.9936,0.8858773181169758,2500
GEO_GSE282127_GENERIC_H5AD_EXPANDED,learned_random_graph,4,0.5888970408412815,0.9632,0.7309151616330247,2500
GEO_GSE282127_GENERIC_H5AD_EXPANDED,learned_random_graph,5,0.918246005202527,0.9884,0.952032363706415,2500
GEO_GSE282127_GENERIC_H5AD_EXPANDED,learned_random_graph,6,0.6273653566229985,0.1724,0.2704737998117352,2500
GEO_GSE282127_GENERIC_H5AD_EXPANDED,learned_random_graph,7,0.8421573478476002,0.6808,0.7529307675293077,2500
GEO_GSE282127_GENERIC_H5AD_EXPANDED,learned_random_graph,8,0.9870024370430545,0.972,0.9794437726723095,2500
GEO_GSE282127_GENERIC_H5AD_EXPANDED,learned_random_graph,9,0.8523489932885906,0.4064,0.5503791982665222,2500
GEO_GSE282127_GENERIC_H5AD_EXPANDED,marker_context_specific_neighborhood,0,0.4489644970414201,0.9712,0.6140617096611027,2500
GEO_GSE282127_GENERIC_H5AD_EXPANDED,marker_context_specific_neighborhood,1,0.9301075268817204,0.1384,0.24094707520891365,2500
GEO_GSE282127_GENERIC_H5AD_EXPANDED,marker_context_specific_neighborhood,10,0.503057136833228,0.9544,0.6588430208477151,2500
GEO_GSE282127_GENERIC_H5AD_EXPANDED,marker_context_specific_neighborhood,11,0.6486962649753347,0.7364,0.6897714499812664,2500
GEO_GSE282127_GENERIC_H5AD_EXPANDED,marker_context_specific_neighborhood,12,0.8515151515151516,0.4496,0.5884816753926702,2500
GEO_GSE282127_GENERIC_H5AD_EXPANDED,marker_context_specific_neighborhood,13,0.9835390946502057,0.956,0.969574036511156,2500
GEO_GSE282127_GENERIC_H5AD_EXPANDED,marker_context_specific_neighborhood,14,0.7609841827768014,0.6928,0.7252931323283082,2500
GEO_GSE282127_GENERIC_H5AD_EXPANDED,marker_context_specific_neighborhood,15,0.7717569786535303,0.752,0.7617504051863857,2500
GEO_GSE282127_GENERIC_H5AD_EXPANDED,marker_context_specific_neighborhood,16,0.7961225766103814,0.5092,0.6211271041717491,2500
GEO_GSE282127_GENERIC_H5AD_EXPANDED,marker_context_specific_neighborhood,17,0.9097616345062429,0.6412,0.7522290004692633,2500
GEO_GSE282127_GENERIC_H5AD_EXPANDED,marker_context_specific_neighborhood,18,0.9487028301886793,0.6950323974082073,0.8022936923460484,2315
GEO_GSE282127_GENERIC_H5AD_EXPANDED,marker_context_specific_neighborhood,19,0.5817204301075268,0.9872262773722628,0.7320703653585927,2192
GEO_GSE282127_GENERIC_H5AD_EXPANDED,marker_context_specific_neighborhood,2,0.9441624365482234,0.6696,0.7835244558857946,2500
GEO_GSE282127_GENERIC_H5AD_EXPANDED,marker_context_specific_neighborhood,21,0.7760814249363868,0.9667194928684627,0.8609738884968243,631
GEO_GSE282127_GENERIC_H5AD_EXPANDED,marker_context_specific_neighborhood,22,0.8798449612403101,0.313969571230982,0.46279306829765543,1446
GEO_GSE282127_GENERIC_H5AD_EXPANDED,marker_context_specific_neighborhood,23,0.26778242677824265,0.8533333333333334,0.40764331210191085,75
GEO_GSE282127_GENERIC_H5AD_EXPANDED,marker_context_specific_neighborhood,24,0.15841584158415842,0.07559055118110236,0.1023454157782516,635
GEO_GSE282127_GENERIC_H5AD_EXPANDED,marker_context_specific_neighborhood,25,0.39604685212298685,0.9660714285714286,0.5617860851505712,560
GEO_GSE282127_GENERIC_H5AD_EXPANDED,marker_context_specific_neighborhood,26,0.21260504201680672,0.9960629921259843,0.350415512465374,254
GEO_GSE282127_GENERIC_H5AD_EXPANDED,marker_context_specific_neighborhood,3,0.7879746835443038,0.996,0.8798586572438163,2500
GEO_GSE282127_GENERIC_H5AD_EXPANDED,marker_context_specific_neighborhood,4,0.5887234561874543,0.9648,0.7312414733969987,2500
GEO_GSE282127_GENERIC_H5AD_EXPANDED,marker_context_specific_neighborhood,5,0.8953656770456191,0.9892,0.9399467882934246,2500
GEO_GSE282127_GENERIC_H5AD_EXPANDED,marker_context_specific_neighborhood,6,0.641726618705036,0.1784,0.27918622848200314,2500
GEO_GSE282127_GENERIC_H5AD_EXPANDED,marker_context_specific_neighborhood,7,0.8396603396603397,0.6724,0.7467792092403377,2500
GEO_GSE282127_GENERIC_H5AD_EXPANDED,marker_context_specific_neighborhood,8,0.9897750511247444,0.968,0.9787664307381194,2500
GEO_GSE282127_GENERIC_H5AD_EXPANDED,marker_context_specific_neighborhood,9,0.8492333901192505,0.3988,0.542732716385411,2500
GEO_GSE282127_GENERIC_H5AD_EXPANDED,marker_learned_neighborhood,0,0.4542563143124415,0.9712,0.6189929891650733,2500
GEO_GSE282127_GENERIC_H5AD_EXPANDED,marker_learned_neighborhood,1,0.9211956521739131,0.1356,0.23640167364016737,2500
GEO_GSE282127_GENERIC_H5AD_EXPANDED,marker_learned_neighborhood,10,0.5006294586655476,0.9544,0.6567575006881365,2500
GEO_GSE282127_GENERIC_H5AD_EXPANDED,marker_learned_neighborhood,11,0.6533523537803139,0.7328,0.6907993966817496,2500
GEO_GSE282127_GENERIC_H5AD_EXPANDED,marker_learned_neighborhood,12,0.8539584934665642,0.4444,0.5845830044725073,2500
GEO_GSE282127_GENERIC_H5AD_EXPANDED,marker_learned_neighborhood,13,0.9854892205638475,0.9508,0.9678338762214983,2500
GEO_GSE282127_GENERIC_H5AD_EXPANDED,marker_learned_neighborhood,14,0.7462121212121212,0.7092,0.7272354388843315,2500
GEO_GSE282127_GENERIC_H5AD_EXPANDED,marker_learned_neighborhood,15,0.7649938800489596,0.75,0.7574227428802264,2500
GEO_GSE282127_GENERIC_H5AD_EXPANDED,marker_learned_neighborhood,16,0.7963302752293578,0.5208,0.629746070133011,2500
GEO_GSE282127_GENERIC_H5AD_EXPANDED,marker_learned_neighborhood,17,0.9076147816349384,0.6484,0.7564162389174054,2500
GEO_GSE282127_GENERIC_H5AD_EXPANDED,marker_learned_neighborhood,18,0.9519464720194647,0.6760259179265659,0.7906036877999495,2315
GEO_GSE282127_GENERIC_H5AD_EXPANDED,marker_learned_neighborhood,19,0.5778666666666666,0.988594890510949,0.729384045775833,2192
GEO_GSE282127_GENERIC_H5AD_EXPANDED,marker_learned_neighborhood,2,0.9478211009174312,0.6612,0.7789820923656928,2500
GEO_GSE282127_GENERIC_H5AD_EXPANDED,marker_learned_neighborhood,21,0.7824967824967825,0.9635499207606973,0.8636363636363636,631
GEO_GSE282127_GENERIC_H5AD_EXPANDED,marker_learned_neighborhood,22,0.8972162740899358,0.2897648686030429,0.43805541035023526,1446
GEO_GSE282127_GENERIC_H5AD_EXPANDED,marker_learned_neighborhood,23,0.2782608695652174,0.8533333333333334,0.419672131147541,75
GEO_GSE282127_GENERIC_H5AD_EXPANDED,marker_learned_neighborhood,24,0.18088737201365188,0.08346456692913386,0.11422413793103448,635
GEO_GSE282127_GENERIC_H5AD_EXPANDED,marker_learned_neighborhood,25,0.3935860058309038,0.9642857142857143,0.5590062111801243,560
GEO_GSE282127_GENERIC_H5AD_EXPANDED,marker_learned_neighborhood,26,0.22115384615384615,0.9960629921259843,0.3619456366237482,254
GEO_GSE282127_GENERIC_H5AD_EXPANDED,marker_learned_neighborhood,3,0.7624579639254051,0.9976,0.8643216080402011,2500
GEO_GSE282127_GENERIC_H5AD_EXPANDED,marker_learned_neighborhood,4,0.5934119960668633,0.9656,0.7350791717417783,2500
GEO_GSE282127_GENERIC_H5AD_EXPANDED,marker_learned_neighborhood,5,0.87486781811773,0.9928,0.9301105489975641,2500
GEO_GSE282127_GENERIC_H5AD_EXPANDED,marker_learned_neighborhood,6,0.6253687315634219,0.1696,0.2668344870988043,2500
GEO_GSE282127_GENERIC_H5AD_EXPANDED,marker_learned_neighborhood,7,0.8492103922567499,0.6668,0.7470311449697512,2500
GEO_GSE282127_GENERIC_H5AD_EXPANDED,marker_learned_neighborhood,8,0.9865635179153095,0.9692,0.9778046811945117,2500
GEO_GSE282127_GENERIC_H5AD_EXPANDED,marker_learned_neighborhood,9,0.8512820512820513,0.3984,0.5427792915531335,2500
GEO_GSE282127_GENERIC_H5AD_EXPANDED,marker_only,0,0.40433272697205225,0.978,0.5721305721305721,2500
GEO_GSE282127_GENERIC_H5AD_EXPANDED,marker_only,1,0.8711656441717791,0.0568,0.10664663912880211,2500
GEO_GSE282127_GENERIC_H5AD_EXPANDED,marker_only,10,0.5041234933389723,0.9536,0.6595656384008853,2500
GEO_GSE282127_GENERIC_H5AD_EXPANDED,marker_only,11,0.6556195965417867,0.728,0.6899166034874905,2500
GEO_GSE282127_GENERIC_H5AD_EXPANDED,marker_only,12,0.8410071942446044,0.4676,0.6010282776349616,2500
GEO_GSE282127_GENERIC_H5AD_EXPANDED,marker_only,13,0.9847485572959604,0.9556,0.9699553390174583,2500
GEO_GSE282127_GENERIC_H5AD_EXPANDED,marker_only,14,0.7811634349030471,0.6768,0.72524646378054,2500
GEO_GSE282127_GENERIC_H5AD_EXPANDED,marker_only,15,0.766302146618064,0.7568,0.7615214328838801,2500
GEO_GSE282127_GENERIC_H5AD_EXPANDED,marker_only,16,0.7738872403560831,0.5216,0.6231780167264038,2500
GEO_GSE282127_GENERIC_H5AD_EXPANDED,marker_only,17,0.9151162790697674,0.6296,0.7459715639810427,2500
GEO_GSE282127_GENERIC_H5AD_EXPANDED,marker_only,18,0.9611885991510006,0.6846652267818575,0.7996972754793139,2315
GEO_GSE282127_GENERIC_H5AD_EXPANDED,marker_only,19,0.5671993712339534,0.9876824817518248,0.7205857879846895,2192
GEO_GSE282127_GENERIC_H5AD_EXPANDED,marker_only,2,0.9591439688715954,0.5916,0.7318159327065809,2500
GEO_GSE282127_GENERIC_H5AD_EXPANDED,marker_only,21,0.7830551989730423,0.9667194928684627,0.8652482269503545,631
GEO_GSE282127_GENERIC_H5AD_EXPANDED,marker_only,22,0.8846153846153846,0.2863070539419087,0.432601880877743,1446
GEO_GSE282127_GENERIC_H5AD_EXPANDED,marker_only,23,0.3058252427184466,0.84,0.4483985765124555,75
GEO_GSE282127_GENERIC_H5AD_EXPANDED,marker_only,24,0.09326424870466321,0.028346456692913385,0.043478260869565216,635
GEO_GSE282127_GENERIC_H5AD_EXPANDED,marker_only,25,0.3924692251991311,0.9678571428571429,0.5584750128799587,560
GEO_GSE282127_GENERIC_H5AD_EXPANDED,marker_only,26,0.20891824938067713,0.9960629921259843,0.3453924914675768,254
GEO_GSE282127_GENERIC_H5AD_EXPANDED,marker_only,3,0.7950688440601985,0.9932,0.883158456340032,2500
GEO_GSE282127_GENERIC_H5AD_EXPANDED,marker_only,4,0.5862236235750667,0.9668,0.7298807187075345,2500
GEO_GSE282127_GENERIC_H5AD_EXPANDED,marker_only,5,0.9246626686656672,0.9868,0.9547213622291022,2500
GEO_GSE282127_GENERIC_H5AD_EXPANDED,marker_only,6,0.6427525622254758,0.1756,0.27584040213634936,2500
GEO_GSE282127_GENERIC_H5AD_EXPANDED,marker_only,7,0.8298076923076924,0.6904,0.7537117903930131,2500
GEO_GSE282127_GENERIC_H5AD_EXPANDED,marker_only,8,0.9897456931911403,0.9652,0.9773187525313891,2500
GEO_GSE282127_GENERIC_H5AD_EXPANDED,marker_only,9,0.8494897959183674,0.3996,0.543525571273123,2500
GEO_GSE282127_GENERIC_H5AD_EXPANDED,marker_reference_profile,0,0.4102095111406718,0.9868,0.5795160911439982,2500
GEO_GSE282127_GENERIC_H5AD_EXPANDED,marker_reference_profile,1,0.8973607038123167,0.1224,0.21541710665258712,2500
GEO_GSE282127_GENERIC_H5AD_EXPANDED,marker_reference_profile,10,0.48584714921148403,0.9612,0.645447219983884,2500
GEO_GSE282127_GENERIC_H5AD_EXPANDED,marker_reference_profile,11,0.692962962962963,0.7484,0.7196153846153845,2500
GEO_GSE282127_GENERIC_H5AD_EXPANDED,marker_reference_profile,12,0.9232158988256549,0.4088,0.5666759079567507,2500
GEO_GSE282127_GENERIC_H5AD_EXPANDED,marker_reference_profile,13,0.9539007092198581,0.9684,0.9610956728860659,2500
GEO_GSE282127_GENERIC_H5AD_EXPANDED,marker_reference_profile,14,0.70662100456621,0.7428,0.7242589703588143,2500
GEO_GSE282127_GENERIC_H5AD_EXPANDED,marker_reference_profile,15,0.7738992463308211,0.7804,0.7771360286795459,2500
GEO_GSE282127_GENERIC_H5AD_EXPANDED,marker_reference_profile,16,0.9092229484386347,0.5008,0.6458602011864844,2500
GEO_GSE282127_GENERIC_H5AD_EXPANDED,marker_reference_profile,17,0.9215317011927181,0.5872,0.7173222575128267,2500
GEO_GSE282127_GENERIC_H5AD_EXPANDED,marker_reference_profile,18,0.9496004917025199,0.6673866090712743,0.7838660578386607,2315
GEO_GSE282127_GENERIC_H5AD_EXPANDED,marker_reference_profile,19,0.5403990024937656,0.988594890510949,0.6988068365043535,2192
GEO_GSE282127_GENERIC_H5AD_EXPANDED,marker_reference_profile,2,0.9535736102626756,0.6244,0.754653130287648,2500
GEO_GSE282127_GENERIC_H5AD_EXPANDED,marker_reference_profile,21,0.7122969837587007,0.9730586370839936,0.8225050234427328,631
GEO_GSE282127_GENERIC_H5AD_EXPANDED,marker_reference_profile,22,0.9540540540540541,0.24412171507607192,0.3887665198237885,1446
GEO_GSE282127_GENERIC_H5AD_EXPANDED,marker_reference_profile,23,0.3368421052631579,0.8533333333333334,0.4830188679245283,75
GEO_GSE282127_GENERIC_H5AD_EXPANDED,marker_reference_profile,24,0.08181818181818182,0.014173228346456693,0.024161073825503355,635
GEO_GSE282127_GENERIC_H5AD_EXPANDED,marker_reference_profile,25,0.32908318154219796,0.9678571428571429,0.4911644766651563,560
GEO_GSE282127_GENERIC_H5AD_EXPANDED,marker_reference_profile,26,0.19795758051846032,0.9921259842519685,0.3300589390962672,254
GEO_GSE282127_GENERIC_H5AD_EXPANDED,marker_reference_profile,3,0.7943895441504623,0.9968,0.8841582401986874,2500
GEO_GSE282127_GENERIC_H5AD_EXPANDED,marker_reference_profile,4,0.6249668698648291,0.9432,0.751793400286944,2500
GEO_GSE282127_GENERIC_H5AD_EXPANDED,marker_reference_profile,5,0.8660620858039763,0.9932,0.9252841438419974,2500
GEO_GSE282127_GENERIC_H5AD_EXPANDED,marker_reference_profile,6,0.6990825688073394,0.1524,0.25024630541871923,2500
GEO_GSE282127_GENERIC_H5AD_EXPANDED,marker_reference_profile,7,0.9169193450576106,0.6048,0.7288503253796096,2500
GEO_GSE282127_GENERIC_H5AD_EXPANDED,marker_reference_profile,8,0.9615235134084726,0.9896,0.9753597476838163,2500
GEO_GSE282127_GENERIC_H5AD_EXPANDED,marker_reference_profile,9,0.8835041938490215,0.3792,0.5306465155331654,2500
GEO_GSE282127_GENERIC_H5AD_EXPANDED,reference_profile,0,0.4208206171583588,0.9928,0.5910931174089069,2500
GEO_GSE282127_GENERIC_H5AD_EXPANDED,reference_profile,1,0.9106858054226475,0.2284,0.3652062679884873,2500
GEO_GSE282127_GENERIC_H5AD_EXPANDED,reference_profile,10,0.46711041503523887,0.9544,0.6272344900105152,2500
GEO_GSE282127_GENERIC_H5AD_EXPANDED,reference_profile,11,0.7014274385408406,0.7076,0.704500199123855,2500
GEO_GSE282127_GENERIC_H5AD_EXPANDED,reference_profile,12,0.9673366834170855,0.308,0.4672330097087379,2500
GEO_GSE282127_GENERIC_H5AD_EXPANDED,reference_profile,13,0.8659017569021155,0.966,0.9132161089052752,2500
GEO_GSE282127_GENERIC_H5AD_EXPANDED,reference_profile,14,0.5998055735580039,0.7404,0.6627282491944145,2500
GEO_GSE282127_GENERIC_H5AD_EXPANDED,reference_profile,15,0.7674703718839395,0.7512,0.7592480291085506,2500
GEO_GSE282127_GENERIC_H5AD_EXPANDED,reference_profile,16,0.9611650485436893,0.4356,0.5995045417010735,2500
GEO_GSE282127_GENERIC_H5AD_EXPANDED,reference_profile,17,0.9065974796145293,0.4892,0.6354897375941803,2500
GEO_GSE282127_GENERIC_H5AD_EXPANDED,reference_profile,18,0.9217264081931237,0.5442764578833693,0.6844106463878328,2315
GEO_GSE282127_GENERIC_H5AD_EXPANDED,reference_profile,19,0.5083588415352013,0.9849452554744526,0.6706010250038825,2192
GEO_GSE282127_GENERIC_H5AD_EXPANDED,reference_profile,2,0.9412462908011869,0.6344,0.7579450418160095,2500
GEO_GSE282127_GENERIC_H5AD_EXPANDED,reference_profile,21,0.5793427230046948,0.9778129952456418,0.7275943396226415,631
GEO_GSE282127_GENERIC_H5AD_EXPANDED,reference_profile,22,0.9722222222222222,0.12102351313969571,0.21525215252152524,1446
GEO_GSE282127_GENERIC_H5AD_EXPANDED,reference_profile,23,0.24150943396226415,0.8533333333333334,0.3764705882352941,75
GEO_GSE282127_GENERIC_H5AD_EXPANDED,reference_profile,24,0.08064516129032258,0.007874015748031496,0.014347202295552367,635
GEO_GSE282127_GENERIC_H5AD_EXPANDED,reference_profile,25,0.26831683168316833,0.9678571428571429,0.42015503875969,560
GEO_GSE282127_GENERIC_H5AD_EXPANDED,reference_profile,26,0.17479108635097493,0.9881889763779528,0.29704142011834317,254
GEO_GSE282127_GENERIC_H5AD_EXPANDED,reference_profile,3,0.776049766718507,0.998,0.8731408573928258,2500
GEO_GSE282127_GENERIC_H5AD_EXPANDED,reference_profile,4,0.6901887960383782,0.892,0.7782236956901064,2500
GEO_GSE282127_GENERIC_H5AD_EXPANDED,reference_profile,5,0.7831172937085046,0.9908,0.8748013420448526,2500
GEO_GSE282127_GENERIC_H5AD_EXPANDED,reference_profile,6,0.7786116322701688,0.166,0.27365644576327064,2500
GEO_GSE282127_GENERIC_H5AD_EXPANDED,reference_profile,7,0.9205298013245033,0.4448,0.5997842502696872,2500
GEO_GSE282127_GENERIC_H5AD_EXPANDED,reference_profile,8,0.8968368080517614,0.998,0.9447179098826203,2500
GEO_GSE282127_GENERIC_H5AD_EXPANDED,reference_profile,9,0.9105145413870246,0.3256,0.4796700058927519,2500
GEO_GSE284005_MERSCOPE_MS_EXPANDED,learned_permuted_prior,B,0.8787878787878788,0.8294491525423728,0.8534059945504086,944
GEO_GSE284005_MERSCOPE_MS_EXPANDED,learned_permuted_prior,BCAS1+ OL,0.6193317422434368,0.519,0.5647442872687704,1000
GEO_GSE284005_MERSCOPE_MS_EXPANDED,learned_permuted_prior,CCN1.Astro,0.6895043731778425,0.473,0.5610913404507709,1000
GEO_GSE284005_MERSCOPE_MS_EXPANDED,learned_permuted_prior,CD4+ T,0.31941544885177453,0.8947368421052632,0.4707692307692307,342
GEO_GSE284005_MERSCOPE_MS_EXPANDED,learned_permuted_prior,CD8+ T,0.6316758747697975,0.343,0.44458846403110824,1000
GEO_GSE284005_MERSCOPE_MS_EXPANDED,learned_permuted_prior,COP,0.8349753694581281,0.7566964285714286,0.7939110070257611,448
GEO_GSE284005_MERSCOPE_MS_EXPANDED,learned_permuted_prior,DA.Astro,0.5077071290944123,0.527,0.5171736997055938,1000
GEO_GSE284005_MERSCOPE_MS_EXPANDED,learned_permuted_prior,DAOPC,0.5992970123022847,0.3730853391684901,0.4598786244099798,914
GEO_GSE284005_MERSCOPE_MS_EXPANDED,learned_permuted_prior,Disease OL,0.15198997179567533,0.485,0.2314483416845622,1000
GEO_GSE284005_MERSCOPE_MS_EXPANDED,learned_permuted_prior,Fibroblast,0.7224137931034482,0.838,0.7759259259259258,1000
GEO_GSE284005_MERSCOPE_MS_EXPANDED,learned_permuted_prior,Homeo.Astro,0.2957486136783734,0.16,0.2076573653471772,1000
GEO_GSE284005_MERSCOPE_MS_EXPANDED,learned_permuted_prior,Homeo.Endo,0.5190217391304348,0.573,0.5446768060836501,1000
GEO_GSE284005_MERSCOPE_MS_EXPANDED,learned_permuted_prior,Imm OL,0.2082695252679939,0.136,0.1645493042952208,1000
GEO_GSE284005_MERSCOPE_MS_EXPANDED,learned_permuted_prior,Imm.Astro,0.22598556357579122,0.407,0.29061049625133883,1000
GEO_GSE284005_MERSCOPE_MS_EXPANDED,learned_permuted_prior,Mac,0.7319884726224783,0.508,0.5997638724911452,1000
GEO_GSE284005_MERSCOPE_MS_EXPANDED,learned_permuted_prior,Mature OL,0.2295390404515522,0.244,0.23654871546291809,1000
GEO_GSE284005_MERSCOPE_MS_EXPANDED,learned_permuted_prior,Micro Foamy,0.6054628224582701,0.399,0.4810126582278481,1000
GEO_GSE284005_MERSCOPE_MS_EXPANDED,learned_permuted_prior,Micro Homeo,0.2988679245283019,0.396,0.3406451612903226,1000
GEO_GSE284005_MERSCOPE_MS_EXPANDED,learned_permuted_prior,Micro IL1B,0.5047923322683706,0.474,0.4889118102114492,1000
GEO_GSE284005_MERSCOPE_MS_EXPANDED,learned_permuted_prior,Micro SPP1,0.48448687350835323,0.609,0.5396544085068675,1000
GEO_GSE284005_MERSCOPE_MS_EXPANDED,learned_permuted_prior,Micro Stress,0.28530259365994237,0.198,0.23376623376623376,1000
GEO_GSE284005_MERSCOPE_MS_EXPANDED,learned_permuted_prior,Micro VEGFA,0.48859934853420195,0.45,0.46850598646538266,1000
GEO_GSE284005_MERSCOPE_MS_EXPANDED,learned_permuted_prior,NK,0.24047619047619048,0.7062937062937062,0.35879218472468916,143
GEO_GSE284005_MERSCOPE_MS_EXPANDED,learned_permuted_prior,Neu.GABA,0.6219336219336219,0.862,0.7225481978206203,1000
GEO_GSE284005_MERSCOPE_MS_EXPANDED,learned_permuted_prior,Neu.GLUT,0.7405566600397614,0.745,0.7427716849451645,1000
GEO_GSE284005_MERSCOPE_MS_EXPANDED,learned_permuted_prior,OPALIN+ OL,0.3671875,0.188,0.24867724867724872,1000
GEO_GSE284005_MERSCOPE_MS_EXPANDED,learned_permuted_prior,OPC,0.5197628458498024,0.789,0.6266878474980143,1000
GEO_GSE284005_MERSCOPE_MS_EXPANDED,learned_permuted_prior,Pericyte,0.6861788617886179,0.844,0.7569506726457399,1000
GEO_GSE284005_MERSCOPE_MS_EXPANDED,learned_permuted_prior,Repair.Endo,0.6083455344070278,0.831,0.7024513947590869,1000
GEO_GSE284005_MERSCOPE_MS_EXPANDED,learned_permuted_prior,SMC,0.8515709642470206,0.786,0.8174726989079564,1000
GEO_GSE284005_MERSCOPE_MS_EXPANDED,learned_permuted_prior,Stress OL,0.14597315436241612,0.087,0.10902255639097744,1000
GEO_GSE284005_MERSCOPE_MS_EXPANDED,learned_permuted_prior,Stress T,0.2534562211981567,0.5357142857142857,0.3441084462982273,308
GEO_GSE284005_MERSCOPE_MS_EXPANDED,learned_permuted_prior,Stress.Astro,0.43313373253493015,0.217,0.28914057295136575,1000
GEO_GSE284005_MERSCOPE_MS_EXPANDED,learned_permuted_prior,Stress.Endo,0.6287015945330297,0.276,0.38359972202918696,1000
GEO_GSE284005_MERSCOPE_MS_EXPANDED,learned_permuted_prior,Treg,0.56,0.047619047619047616,0.08777429467084638,294
GEO_GSE284005_MERSCOPE_MS_EXPANDED,learned_permuted_prior,Vas.Astro,0.8157894736842105,0.837,0.8262586377097729,1000
GEO_GSE284005_MERSCOPE_MS_EXPANDED,learned_permuted_prior,cop_nfol,0.22857142857142856,0.008,0.015458937198067632,1000
GEO_GSE284005_MERSCOPE_MS_EXPANDED,learned_permuted_prior,inflammatory.Endo,0.8140127388535032,0.6677115987460815,0.7336394948335246,957
GEO_GSE284005_MERSCOPE_MS_EXPANDED,learned_random_graph,B,0.8844847112117781,0.8273305084745762,0.8549534756431308,944
GEO_GSE284005_MERSCOPE_MS_EXPANDED,learned_random_graph,BCAS1+ OL,0.6560975609756098,0.538,0.5912087912087912,1000
GEO_GSE284005_MERSCOPE_MS_EXPANDED,learned_random_graph,CCN1.Astro,0.6286811779769527,0.491,0.5513756316676024,1000
GEO_GSE284005_MERSCOPE_MS_EXPANDED,learned_random_graph,CD4+ T,0.33699231613611413,0.8976608187134503,0.490023942537909,342
GEO_GSE284005_MERSCOPE_MS_EXPANDED,learned_random_graph,CD8+ T,0.6465661641541038,0.386,0.48340638697557925,1000
GEO_GSE284005_MERSCOPE_MS_EXPANDED,learned_random_graph,COP,0.8374384236453202,0.7589285714285714,0.7962529274004684,448
GEO_GSE284005_MERSCOPE_MS_EXPANDED,learned_random_graph,DA.Astro,0.5168539325842697,0.506,0.5113693784739768,1000
GEO_GSE284005_MERSCOPE_MS_EXPANDED,learned_random_graph,DAOPC,0.619140625,0.34682713347921224,0.44460028050490885,914
GEO_GSE284005_MERSCOPE_MS_EXPANDED,learned_random_graph,Disease OL,0.18230088495575222,0.515,0.269281045751634,1000
GEO_GSE284005_MERSCOPE_MS_EXPANDED,learned_random_graph,Fibroblast,0.7298456260720412,0.851,0.7857802400738689,1000
GEO_GSE284005_MERSCOPE_MS_EXPANDED,learned_random_graph,Homeo.Astro,0.30612244897959184,0.135,0.1873698820263706,1000
GEO_GSE284005_MERSCOPE_MS_EXPANDED,learned_random_graph,Homeo.Endo,0.5579171094580234,0.525,0.5409582689335395,1000
GEO_GSE284005_MERSCOPE_MS_EXPANDED,learned_random_graph,Imm OL,0.2621359223300971,0.162,0.20024721878862792,1000
GEO_GSE284005_MERSCOPE_MS_EXPANDED,learned_random_graph,Imm.Astro,0.22136222910216719,0.429,0.2920353982300885,1000
GEO_GSE284005_MERSCOPE_MS_EXPANDED,learned_random_graph,Mac,0.726878612716763,0.503,0.5945626477541373,1000
GEO_GSE284005_MERSCOPE_MS_EXPANDED,learned_random_graph,Mature OL,0.25679542203147354,0.359,0.2994161801501251,1000
GEO_GSE284005_MERSCOPE_MS_EXPANDED,learned_random_graph,Micro Foamy,0.5863453815261044,0.438,0.5014310246136233,1000
GEO_GSE284005_MERSCOPE_MS_EXPANDED,learned_random_graph,Micro Homeo,0.29910044977511246,0.399,0.3419023136246787,1000
GEO_GSE284005_MERSCOPE_MS_EXPANDED,learned_random_graph,Micro IL1B,0.5557620817843866,0.598,0.5761078998073217,1000
GEO_GSE284005_MERSCOPE_MS_EXPANDED,learned_random_graph,Micro SPP1,0.5217770034843205,0.599,0.5577281191806331,1000
GEO_GSE284005_MERSCOPE_MS_EXPANDED,learned_random_graph,Micro Stress,0.2865013774104683,0.208,0.2410196987253766,1000
GEO_GSE284005_MERSCOPE_MS_EXPANDED,learned_random_graph,Micro VEGFA,0.5628891656288917,0.452,0.5013865779256794,1000
GEO_GSE284005_MERSCOPE_MS_EXPANDED,learned_random_graph,NK,0.2659279778393352,0.6713286713286714,0.380952380952381,143
GEO_GSE284005_MERSCOPE_MS_EXPANDED,learned_random_graph,Neu.GABA,0.6336858006042296,0.839,0.7220309810671257,1000
GEO_GSE284005_MERSCOPE_MS_EXPANDED,learned_random_graph,Neu.GLUT,0.712442396313364,0.773,0.7414868105515589,1000
GEO_GSE284005_MERSCOPE_MS_EXPANDED,learned_random_graph,OPALIN+ OL,0.3997214484679666,0.287,0.3341094295692666,1000
GEO_GSE284005_MERSCOPE_MS_EXPANDED,learned_random_graph,OPC,0.500620347394541,0.807,0.6179173047473201,1000
GEO_GSE284005_MERSCOPE_MS_EXPANDED,learned_random_graph,Pericyte,0.6904376012965965,0.852,0.7627573858549686,1000
GEO_GSE284005_MERSCOPE_MS_EXPANDED,learned_random_graph,Repair.Endo,0.5767230169050716,0.887,0.698975571315997,1000
GEO_GSE284005_MERSCOPE_MS_EXPANDED,learned_random_graph,SMC,0.8571428571428571,0.762,0.806776071995765,1000
GEO_GSE284005_MERSCOPE_MS_EXPANDED,learned_random_graph,Stress OL,0.1527777777777778,0.066,0.09217877094972067,1000
GEO_GSE284005_MERSCOPE_MS_EXPANDED,learned_random_graph,Stress T,0.24684431977559607,0.5714285714285714,0.34476003917727716,308
GEO_GSE284005_MERSCOPE_MS_EXPANDED,learned_random_graph,Stress.Astro,0.41885964912280704,0.191,0.2623626373626374,1000
GEO_GSE284005_MERSCOPE_MS_EXPANDED,learned_random_graph,Stress.Endo,0.6355555555555555,0.286,0.39448275862068966,1000
GEO_GSE284005_MERSCOPE_MS_EXPANDED,learned_random_graph,Treg,0.6666666666666666,0.05442176870748299,0.10062893081761005,294
GEO_GSE284005_MERSCOPE_MS_EXPANDED,learned_random_graph,Vas.Astro,0.8144433299899699,0.812,0.8132198297446169,1000
GEO_GSE284005_MERSCOPE_MS_EXPANDED,learned_random_graph,cop_nfol,0.4,0.002,0.003980099502487562,1000
GEO_GSE284005_MERSCOPE_MS_EXPANDED,learned_random_graph,inflammatory.Endo,0.8506493506493507,0.6844305120167189,0.7585408222350897,957
GEO_GSE284005_MERSCOPE_MS_EXPANDED,marker_context_specific_neighborhood,B,0.8663745892661555,0.8379237288135594,0.8519116855142704,944
GEO_GSE284005_MERSCOPE_MS_EXPANDED,marker_context_specific_neighborhood,BCAS1+ OL,0.6480582524271845,0.534,0.5855263157894738,1000
GEO_GSE284005_MERSCOPE_MS_EXPANDED,marker_context_specific_neighborhood,CCN1.Astro,0.6707988980716253,0.487,0.5643105446118192,1000
GEO_GSE284005_MERSCOPE_MS_EXPANDED,marker_context_specific_neighborhood,CD4+ T,0.3407079646017699,0.9005847953216374,0.49438202247191004,342
GEO_GSE284005_MERSCOPE_MS_EXPANDED,marker_context_specific_neighborhood,CD8+ T,0.6498316498316499,0.386,0.4843161856963614,1000
GEO_GSE284005_MERSCOPE_MS_EXPANDED,marker_context_specific_neighborhood,COP,0.8421052631578947,0.75,0.7933884297520661,448
GEO_GSE284005_MERSCOPE_MS_EXPANDED,marker_context_specific_neighborhood,DA.Astro,0.5434782608695652,0.525,0.5340793489318413,1000
GEO_GSE284005_MERSCOPE_MS_EXPANDED,marker_context_specific_neighborhood,DAOPC,0.6266924564796905,0.3544857768052516,0.45283018867924524,914
GEO_GSE284005_MERSCOPE_MS_EXPANDED,marker_context_specific_neighborhood,Disease OL,0.1845127825120415,0.498,0.26926196269261965,1000
GEO_GSE284005_MERSCOPE_MS_EXPANDED,marker_context_specific_neighborhood,Fibroblast,0.7335610589239966,0.859,0.7913403961308153,1000
GEO_GSE284005_MERSCOPE_MS_EXPANDED,marker_context_specific_neighborhood,Homeo.Astro,0.29838709677419356,0.148,0.1978609625668449,1000
GEO_GSE284005_MERSCOPE_MS_EXPANDED,marker_context_specific_neighborhood,Homeo.Endo,0.5700636942675159,0.537,0.5530381050463439,1000
GEO_GSE284005_MERSCOPE_MS_EXPANDED,marker_context_specific_neighborhood,Imm OL,0.26176470588235295,0.178,0.2119047619047619,1000
GEO_GSE284005_MERSCOPE_MS_EXPANDED,marker_context_specific_neighborhood,Imm.Astro,0.23122824465440078,0.465,0.308867485885088,1000
GEO_GSE284005_MERSCOPE_MS_EXPANDED,marker_context_specific_neighborhood,Mac,0.7142857142857143,0.5,0.588235294117647,1000
GEO_GSE284005_MERSCOPE_MS_EXPANDED,marker_context_specific_neighborhood,Mature OL,0.2592847317744154,0.377,0.30725346373268136,1000
GEO_GSE284005_MERSCOPE_MS_EXPANDED,marker_context_specific_neighborhood,Micro Foamy,0.5914948453608248,0.459,0.5168918918918919,1000
GEO_GSE284005_MERSCOPE_MS_EXPANDED,marker_context_specific_neighborhood,Micro Homeo,0.30142109199700823,0.403,0.3448866067608045,1000
GEO_GSE284005_MERSCOPE_MS_EXPANDED,marker_context_specific_neighborhood,Micro IL1B,0.5575471698113208,0.591,0.5737864077669903,1000
GEO_GSE284005_MERSCOPE_MS_EXPANDED,marker_context_specific_neighborhood,Micro SPP1,0.5237668161434977,0.584,0.5522458628841608,1000
GEO_GSE284005_MERSCOPE_MS_EXPANDED,marker_context_specific_neighborhood,Micro Stress,0.2897959183673469,0.213,0.2455331412103746,1000
GEO_GSE284005_MERSCOPE_MS_EXPANDED,marker_context_specific_neighborhood,Micro VEGFA,0.5581395348837209,0.432,0.48703494926719276,1000
GEO_GSE284005_MERSCOPE_MS_EXPANDED,marker_context_specific_neighborhood,NK,0.28488372093023256,0.6853146853146853,0.4024640657084189,143
GEO_GSE284005_MERSCOPE_MS_EXPANDED,marker_context_specific_neighborhood,Neu.GABA,0.6380228136882129,0.839,0.7248380129589632,1000
GEO_GSE284005_MERSCOPE_MS_EXPANDED,marker_context_specific_neighborhood,Neu.GLUT,0.7164995442114859,0.786,0.7496423462088699,1000
GEO_GSE284005_MERSCOPE_MS_EXPANDED,marker_context_specific_neighborhood,OPALIN+ OL,0.41333333333333333,0.31,0.3542857142857142,1000
GEO_GSE284005_MERSCOPE_MS_EXPANDED,marker_context_specific_neighborhood,OPC,0.5119647355163728,0.813,0.6282843894899536,1000
GEO_GSE284005_MERSCOPE_MS_EXPANDED,marker_context_specific_neighborhood,Pericyte,0.6945572705117791,0.855,0.7664724338861497,1000
GEO_GSE284005_MERSCOPE_MS_EXPANDED,marker_context_specific_neighborhood,Repair.Endo,0.5753070458952811,0.89,0.6988614055751865,1000
GEO_GSE284005_MERSCOPE_MS_EXPANDED,marker_context_specific_neighborhood,SMC,0.8449781659388647,0.774,0.8079331941544885,1000
GEO_GSE284005_MERSCOPE_MS_EXPANDED,marker_context_specific_neighborhood,Stress OL,0.16820276497695852,0.073,0.101813110181311,1000
GEO_GSE284005_MERSCOPE_MS_EXPANDED,marker_context_specific_neighborhood,Stress T,0.24645892351274787,0.564935064935065,0.3431952662721893,308
GEO_GSE284005_MERSCOPE_MS_EXPANDED,marker_context_specific_neighborhood,Stress.Astro,0.454320987654321,0.184,0.2619217081850534,1000
GEO_GSE284005_MERSCOPE_MS_EXPANDED,marker_context_specific_neighborhood,Stress.Endo,0.6365740740740741,0.275,0.3840782122905028,1000
GEO_GSE284005_MERSCOPE_MS_EXPANDED,marker_context_specific_neighborhood,Treg,0.6956521739130435,0.05442176870748299,0.10094637223974763,294
GEO_GSE284005_MERSCOPE_MS_EXPANDED,marker_context_specific_neighborhood,Vas.Astro,0.8225806451612904,0.816,0.8192771084337349,1000
GEO_GSE284005_MERSCOPE_MS_EXPANDED,marker_context_specific_neighborhood,cop_nfol,0.3,0.003,0.005940594059405941,1000
GEO_GSE284005_MERSCOPE_MS_EXPANDED,marker_context_specific_neighborhood,inflammatory.Endo,0.8539765319426337,0.6844305120167189,0.7598607888631091,957
GEO_GSE284005_MERSCOPE_MS_EXPANDED,marker_learned_neighborhood,B,0.8754134509371555,0.8411016949152542,0.857914640734738,944
GEO_GSE284005_MERSCOPE_MS_EXPANDED,marker_learned_neighborhood,BCAS1+ OL,0.6462093862815884,0.537,0.5865647187329328,1000
GEO_GSE284005_MERSCOPE_MS_EXPANDED,marker_learned_neighborhood,CCN1.Astro,0.6505376344086021,0.484,0.5550458715596331,1000
GEO_GSE284005_MERSCOPE_MS_EXPANDED,marker_learned_neighborhood,CD4+ T,0.3344226579520697,0.8976608187134503,0.48730158730158735,342
GEO_GSE284005_MERSCOPE_MS_EXPANDED,marker_learned_neighborhood,CD8+ T,0.648424543946932,0.391,0.4878353087960075,1000
GEO_GSE284005_MERSCOPE_MS_EXPANDED,marker_learned_neighborhood,COP,0.8492462311557789,0.7544642857142857,0.7990543735224588,448
GEO_GSE284005_MERSCOPE_MS_EXPANDED,marker_learned_neighborhood,DA.Astro,0.5538954108858057,0.519,0.5358802271553949,1000
GEO_GSE284005_MERSCOPE_MS_EXPANDED,marker_learned_neighborhood,DAOPC,0.625,0.3610503282275711,0.45769764216366154,914
GEO_GSE284005_MERSCOPE_MS_EXPANDED,marker_learned_neighborhood,Disease OL,0.17883597883597885,0.507,0.26440677966101694,1000
GEO_GSE284005_MERSCOPE_MS_EXPANDED,marker_learned_neighborhood,Fibroblast,0.7372072853425846,0.85,0.7895959126799815,1000
GEO_GSE284005_MERSCOPE_MS_EXPANDED,marker_learned_neighborhood,Homeo.Astro,0.3,0.165,0.21290322580645163,1000
GEO_GSE284005_MERSCOPE_MS_EXPANDED,marker_learned_neighborhood,Homeo.Endo,0.5532407407407407,0.478,0.5128755364806866,1000
GEO_GSE284005_MERSCOPE_MS_EXPANDED,marker_learned_neighborhood,Imm OL,0.26865671641791045,0.162,0.20212102308172178,1000
GEO_GSE284005_MERSCOPE_MS_EXPANDED,marker_learned_neighborhood,Imm.Astro,0.22734415924567836,0.434,0.2983843245101409,1000
GEO_GSE284005_MERSCOPE_MS_EXPANDED,marker_learned_neighborhood,Mac,0.7325581395348837,0.504,0.5971563981042654,1000
GEO_GSE284005_MERSCOPE_MS_EXPANDED,marker_learned_neighborhood,Mature OL,0.2616487455197133,0.365,0.3048016701461378,1000
GEO_GSE284005_MERSCOPE_MS_EXPANDED,marker_learned_neighborhood,Micro Foamy,0.5808917197452229,0.456,0.5109243697478991,1000
GEO_GSE284005_MERSCOPE_MS_EXPANDED,marker_learned_neighborhood,Micro Homeo,0.29850746268656714,0.4,0.3418803418803419,1000
GEO_GSE284005_MERSCOPE_MS_EXPANDED,marker_learned_neighborhood,Micro IL1B,0.5675934803451582,0.592,0.5795398923152227,1000
GEO_GSE284005_MERSCOPE_MS_EXPANDED,marker_learned_neighborhood,Micro SPP1,0.5273052820053715,0.589,0.5564478034955125,1000
GEO_GSE284005_MERSCOPE_MS_EXPANDED,marker_learned_neighborhood,Micro Stress,0.28198074277854196,0.205,0.23740590619571508,1000
GEO_GSE284005_MERSCOPE_MS_EXPANDED,marker_learned_neighborhood,Micro VEGFA,0.5776636713735558,0.45,0.505902192242833,1000
GEO_GSE284005_MERSCOPE_MS_EXPANDED,marker_learned_neighborhood,NK,0.2844311377245509,0.6643356643356644,0.39832285115303984,143
GEO_GSE284005_MERSCOPE_MS_EXPANDED,marker_learned_neighborhood,Neu.GABA,0.654733492442323,0.823,0.7292866637128931,1000
GEO_GSE284005_MERSCOPE_MS_EXPANDED,marker_learned_neighborhood,Neu.GLUT,0.6844368013757524,0.796,0.7360147942672214,1000
GEO_GSE284005_MERSCOPE_MS_EXPANDED,marker_learned_neighborhood,OPALIN+ OL,0.40599455040871935,0.298,0.3437139561707036,1000
GEO_GSE284005_MERSCOPE_MS_EXPANDED,marker_learned_neighborhood,OPC,0.5062814070351759,0.806,0.6219135802469137,1000
GEO_GSE284005_MERSCOPE_MS_EXPANDED,marker_learned_neighborhood,Pericyte,0.6875,0.858,0.7633451957295374,1000
GEO_GSE284005_MERSCOPE_MS_EXPANDED,marker_learned_neighborhood,Repair.Endo,0.5417690417690417,0.882,0.6712328767123288,1000
GEO_GSE284005_MERSCOPE_MS_EXPANDED,marker_learned_neighborhood,SMC,0.8619528619528619,0.768,0.8122686409307246,1000
GEO_GSE284005_MERSCOPE_MS_EXPANDED,marker_learned_neighborhood,Stress OL,0.15676959619952494,0.066,0.09289232934553132,1000
GEO_GSE284005_MERSCOPE_MS_EXPANDED,marker_learned_neighborhood,Stress T,0.24717514124293785,0.5681818181818182,0.344488188976378,308
GEO_GSE284005_MERSCOPE_MS_EXPANDED,marker_learned_neighborhood,Stress.Astro,0.3971774193548387,0.197,0.26336898395721925,1000
GEO_GSE284005_MERSCOPE_MS_EXPANDED,marker_learned_neighborhood,Stress.Endo,0.6258351893095768,0.281,0.3878536922015183,1000
GEO_GSE284005_MERSCOPE_MS_EXPANDED,marker_learned_neighborhood,Treg,0.7083333333333334,0.05782312925170068,0.10691823899371071,294
GEO_GSE284005_MERSCOPE_MS_EXPANDED,marker_learned_neighborhood,Vas.Astro,0.8296370967741935,0.823,0.8263052208835341,1000
GEO_GSE284005_MERSCOPE_MS_EXPANDED,marker_learned_neighborhood,cop_nfol,0.25,0.002,0.003968253968253968,1000
GEO_GSE284005_MERSCOPE_MS_EXPANDED,marker_learned_neighborhood,inflammatory.Endo,0.8468708388814914,0.664576802507837,0.7447306791569087,957
GEO_GSE284005_MERSCOPE_MS_EXPANDED,marker_only,B,0.8796400449943758,0.8283898305084746,0.8532460447354064,944
GEO_GSE284005_MERSCOPE_MS_EXPANDED,marker_only,BCAS1+ OL,0.6553030303030303,0.519,0.5792410714285714,1000
GEO_GSE284005_MERSCOPE_MS_EXPANDED,marker_only,CCN1.Astro,0.6884353741496598,0.506,0.58328530259366,1000
GEO_GSE284005_MERSCOPE_MS_EXPANDED,marker_only,CD4+ T,0.34448160535117056,0.9035087719298246,0.49878934624697346,342
GEO_GSE284005_MERSCOPE_MS_EXPANDED,marker_only,CD8+ T,0.6491525423728813,0.383,0.48176100628930824,1000
GEO_GSE284005_MERSCOPE_MS_EXPANDED,marker_only,COP,0.8357843137254902,0.7611607142857143,0.7967289719626168,448
GEO_GSE284005_MERSCOPE_MS_EXPANDED,marker_only,DA.Astro,0.5287588294651867,0.524,0.5263686589653441,1000
GEO_GSE284005_MERSCOPE_MS_EXPANDED,marker_only,DAOPC,0.6220183486238532,0.37089715536105033,0.4647018505825908,914
GEO_GSE284005_MERSCOPE_MS_EXPANDED,marker_only,Disease OL,0.1757028112449799,0.525,0.26328986960882644,1000
GEO_GSE284005_MERSCOPE_MS_EXPANDED,marker_only,Fibroblast,0.7224558452481077,0.859,0.7848332571950664,1000
GEO_GSE284005_MERSCOPE_MS_EXPANDED,marker_only,Homeo.Astro,0.31654676258992803,0.132,0.1863091037402964,1000
GEO_GSE284005_MERSCOPE_MS_EXPANDED,marker_only,Homeo.Endo,0.5640495867768595,0.546,0.5548780487804877,1000
GEO_GSE284005_MERSCOPE_MS_EXPANDED,marker_only,Imm OL,0.26498422712933756,0.168,0.20563035495716034,1000
GEO_GSE284005_MERSCOPE_MS_EXPANDED,marker_only,Imm.Astro,0.2270935960591133,0.461,0.30429042904290426,1000
GEO_GSE284005_MERSCOPE_MS_EXPANDED,marker_only,Mac,0.7294964028776978,0.507,0.5982300884955752,1000
GEO_GSE284005_MERSCOPE_MS_EXPANDED,marker_only,Mature OL,0.24850746268656718,0.333,0.28461538461538466,1000
GEO_GSE284005_MERSCOPE_MS_EXPANDED,marker_only,Micro Foamy,0.6157024793388429,0.447,0.5179606025492468,1000
GEO_GSE284005_MERSCOPE_MS_EXPANDED,marker_only,Micro Homeo,0.3007142857142857,0.421,0.35083333333333333,1000
GEO_GSE284005_MERSCOPE_MS_EXPANDED,marker_only,Micro IL1B,0.5636363636363636,0.589,0.576039119804401,1000
GEO_GSE284005_MERSCOPE_MS_EXPANDED,marker_only,Micro SPP1,0.5167381974248927,0.602,0.5561200923787528,1000
GEO_GSE284005_MERSCOPE_MS_EXPANDED,marker_only,Micro Stress,0.2833333333333333,0.204,0.2372093023255814,1000
GEO_GSE284005_MERSCOPE_MS_EXPANDED,marker_only,Micro VEGFA,0.5681233933161953,0.442,0.49718785151856015,1000
GEO_GSE284005_MERSCOPE_MS_EXPANDED,marker_only,NK,0.26975476839237056,0.6923076923076923,0.38823529411764707,143
GEO_GSE284005_MERSCOPE_MS_EXPANDED,marker_only,Neu.GABA,0.6173469387755102,0.847,0.7141652613827992,1000
GEO_GSE284005_MERSCOPE_MS_EXPANDED,marker_only,Neu.GLUT,0.7309885931558935,0.769,0.7495126705653021,1000
GEO_GSE284005_MERSCOPE_MS_EXPANDED,marker_only,OPALIN+ OL,0.40412979351032446,0.274,0.32657926102502977,1000
GEO_GSE284005_MERSCOPE_MS_EXPANDED,marker_only,OPC,0.50856055802156,0.802,0.6224291812184711,1000
GEO_GSE284005_MERSCOPE_MS_EXPANDED,marker_only,Pericyte,0.6952998379254457,0.858,0.7681289167412713,1000
GEO_GSE284005_MERSCOPE_MS_EXPANDED,marker_only,Repair.Endo,0.5894172806430007,0.88,0.7059767348576013,1000
GEO_GSE284005_MERSCOPE_MS_EXPANDED,marker_only,SMC,0.8466593647316539,0.773,0.8081547307893361,1000
GEO_GSE284005_MERSCOPE_MS_EXPANDED,marker_only,Stress OL,0.16049382716049382,0.065,0.09252669039145908,1000
GEO_GSE284005_MERSCOPE_MS_EXPANDED,marker_only,Stress T,0.2561863173216885,0.5714285714285714,0.35376884422110555,308
GEO_GSE284005_MERSCOPE_MS_EXPANDED,marker_only,Stress.Astro,0.504,0.189,0.2749090909090909,1000
GEO_GSE284005_MERSCOPE_MS_EXPANDED,marker_only,Stress.Endo,0.6344827586206897,0.276,0.3846689895470384,1000
GEO_GSE284005_MERSCOPE_MS_EXPANDED,marker_only,Treg,0.64,0.05442176870748299,0.10031347962382445,294
GEO_GSE284005_MERSCOPE_MS_EXPANDED,marker_only,Vas.Astro,0.8249744114636642,0.806,0.8153768335862419,1000
GEO_GSE284005_MERSCOPE_MS_EXPANDED,marker_only,cop_nfol,0.2857142857142857,0.002,0.003972194637537239,1000
GEO_GSE284005_MERSCOPE_MS_EXPANDED,marker_only,inflammatory.Endo,0.8360049321824907,0.7084639498432602,0.7669683257918554,957
GEO_GSE284005_MERSCOPE_MS_EXPANDED,marker_reference_profile,B,0.8351539225422046,0.8908898305084746,0.8621219887237315,944
GEO_GSE284005_MERSCOPE_MS_EXPANDED,marker_reference_profile,BCAS1+ OL,0.6489795918367347,0.159,0.25542168674698795,1000
GEO_GSE284005_MERSCOPE_MS_EXPANDED,marker_reference_profile,CCN1.Astro,0.4422514619883041,0.605,0.5109797297297297,1000
GEO_GSE284005_MERSCOPE_MS_EXPANDED,marker_reference_profile,CD4+ T,0.36253041362530414,0.8713450292397661,0.5120274914089347,342
GEO_GSE284005_MERSCOPE_MS_EXPANDED,marker_reference_profile,CD8+ T,0.6551724137931034,0.247,0.3587509077705156,1000
GEO_GSE284005_MERSCOPE_MS_EXPANDED,marker_reference_profile,COP,0.860655737704918,0.703125,0.773955773955774,448
GEO_GSE284005_MERSCOPE_MS_EXPANDED,marker_reference_profile,DA.Astro,0.462486602357985,0.863,0.6022330774598744,1000
GEO_GSE284005_MERSCOPE_MS_EXPANDED,marker_reference_profile,DAOPC,0.31316725978647686,0.2888402625820569,0.3005122367672169,914
GEO_GSE284005_MERSCOPE_MS_EXPANDED,marker_reference_profile,Disease OL,0.2,0.006,0.011650485436893204,1000
GEO_GSE284005_MERSCOPE_MS_EXPANDED,marker_reference_profile,Fibroblast,0.7732558139534884,0.798,0.7854330708661418,1000
GEO_GSE284005_MERSCOPE_MS_EXPANDED,marker_reference_profile,Homeo.Astro,0.3380281690140845,0.024,0.04481792717086835,1000
GEO_GSE284005_MERSCOPE_MS_EXPANDED,marker_reference_profile,Homeo.Endo,0.4410143329658214,0.8,0.5685856432125089,1000
GEO_GSE284005_MERSCOPE_MS_EXPANDED,marker_reference_profile,Imm OL,0.18541033434650456,0.061,0.09179834462001504,1000
GEO_GSE284005_MERSCOPE_MS_EXPANDED,marker_reference_profile,Imm.Astro,0.4260485651214128,0.193,0.2656572608396421,1000
GEO_GSE284005_MERSCOPE_MS_EXPANDED,marker_reference_profile,Mac,0.8657718120805369,0.258,0.3975346687211094,1000
GEO_GSE284005_MERSCOPE_MS_EXPANDED,marker_reference_profile,Mature OL,0.3053763440860215,0.284,0.29430051813471503,1000
GEO_GSE284005_MERSCOPE_MS_EXPANDED,marker_reference_profile,Micro Foamy,0.41095100864553313,0.713,0.5213893967093235,1000
GEO_GSE284005_MERSCOPE_MS_EXPANDED,marker_reference_profile,Micro Homeo,0.1952662721893491,0.066,0.09865470852017938,1000
GEO_GSE284005_MERSCOPE_MS_EXPANDED,marker_reference_profile,Micro IL1B,0.17426367461430575,0.497,0.2580477673935618,1000
GEO_GSE284005_MERSCOPE_MS_EXPANDED,marker_reference_profile,Micro SPP1,0.44808743169398907,0.41,0.4281984334203655,1000
GEO_GSE284005_MERSCOPE_MS_EXPANDED,marker_reference_profile,Micro Stress,0.1352549889135255,0.061,0.08407994486560992,1000
GEO_GSE284005_MERSCOPE_MS_EXPANDED,marker_reference_profile,Micro VEGFA,0.5707762557077626,0.125,0.20508613617719443,1000
GEO_GSE284005_MERSCOPE_MS_EXPANDED,marker_reference_profile,NK,0.17715959004392387,0.8461538461538461,0.2929782082324455,143
GEO_GSE284005_MERSCOPE_MS_EXPANDED,marker_reference_profile,Neu.GABA,0.8227848101265823,0.845,0.8337444499259989,1000
GEO_GSE284005_MERSCOPE_MS_EXPANDED,marker_reference_profile,Neu.GLUT,0.6780442804428044,0.735,0.7053742802303263,1000
GEO_GSE284005_MERSCOPE_MS_EXPANDED,marker_reference_profile,OPALIN+ OL,0.18152018029092398,0.886,0.301309301139262,1000
GEO_GSE284005_MERSCOPE_MS_EXPANDED,marker_reference_profile,OPC,0.37372262773722625,0.512,0.43206751054852316,1000
GEO_GSE284005_MERSCOPE_MS_EXPANDED,marker_reference_profile,Pericyte,0.6603636363636364,0.908,0.7646315789473684,1000
GEO_GSE284005_MERSCOPE_MS_EXPANDED,marker_reference_profile,Repair.Endo,0.7913832199546486,0.698,0.7417640807651434,1000
GEO_GSE284005_MERSCOPE_MS_EXPANDED,marker_reference_profile,SMC,0.8662650602409638,0.719,0.7857923497267759,1000
GEO_GSE284005_MERSCOPE_MS_EXPANDED,marker_reference_profile,Stress OL,0.1550925925925926,0.067,0.09357541899441342,1000
GEO_GSE284005_MERSCOPE_MS_EXPANDED,marker_reference_profile,Stress T,0.3143631436314363,0.37662337662337664,0.3426883308714919,308
GEO_GSE284005_MERSCOPE_MS_EXPANDED,marker_reference_profile,Stress.Astro,0.3118712273641851,0.31,0.31093279839518556,1000
GEO_GSE284005_MERSCOPE_MS_EXPANDED,marker_reference_profile,Stress.Endo,0.7307692307692307,0.171,0.2771474878444084,1000
GEO_GSE284005_MERSCOPE_MS_EXPANDED,marker_reference_profile,Treg,0.7,0.14285714285714285,0.23728813559322035,294
GEO_GSE284005_MERSCOPE_MS_EXPANDED,marker_reference_profile,Vas.Astro,0.8443804034582133,0.879,0.8613424791768741,1000
GEO_GSE284005_MERSCOPE_MS_EXPANDED,marker_reference_profile,cop_nfol,0.0,0.0,0.0,1000
GEO_GSE284005_MERSCOPE_MS_EXPANDED,marker_reference_profile,inflammatory.Endo,0.8223140495867769,0.6238244514106583,0.7094474153297682,957
GEO_GSE284005_MERSCOPE_MS_EXPANDED,reference_profile,B,0.7615062761506276,0.7711864406779662,0.7663157894736842,944
GEO_GSE284005_MERSCOPE_MS_EXPANDED,reference_profile,BCAS1+ OL,0.6666666666666666,0.038,0.07190160832544938,1000
GEO_GSE284005_MERSCOPE_MS_EXPANDED,reference_profile,CCN1.Astro,0.27662037037037035,0.478,0.3504398826979472,1000
GEO_GSE284005_MERSCOPE_MS_EXPANDED,reference_profile,CD4+ T,0.3986636971046771,0.5233918128654971,0.45259165613147917,342
GEO_GSE284005_MERSCOPE_MS_EXPANDED,reference_profile,CD8+ T,0.5714285714285714,0.048,0.08856088560885608,1000
GEO_GSE284005_MERSCOPE_MS_EXPANDED,reference_profile,COP,0.797752808988764,0.47544642857142855,0.5958041958041957,448
GEO_GSE284005_MERSCOPE_MS_EXPANDED,reference_profile,DA.Astro,0.4397790055248619,0.796,0.5665480427046263,1000
GEO_GSE284005_MERSCOPE_MS_EXPANDED,reference_profile,DAOPC,0.2764976958525346,0.3282275711159737,0.3001500750375187,914
GEO_GSE284005_MERSCOPE_MS_EXPANDED,reference_profile,Disease OL,0.0,0.0,0.0,1000
GEO_GSE284005_MERSCOPE_MS_EXPANDED,reference_profile,Fibroblast,0.793040293040293,0.433,0.5601552393272963,1000
GEO_GSE284005_MERSCOPE_MS_EXPANDED,reference_profile,Homeo.Astro,0.4126984126984127,0.026,0.048918156161806205,1000
GEO_GSE284005_MERSCOPE_MS_EXPANDED,reference_profile,Homeo.Endo,0.346512661039538,0.78,0.4798523531221163,1000
GEO_GSE284005_MERSCOPE_MS_EXPANDED,reference_profile,Imm OL,0.17803030303030304,0.047,0.07436708860759493,1000
GEO_GSE284005_MERSCOPE_MS_EXPANDED,reference_profile,Imm.Astro,0.2896551724137931,0.21,0.24347826086956523,1000
GEO_GSE284005_MERSCOPE_MS_EXPANDED,reference_profile,Mac,0.8947368421052632,0.102,0.18312387791741472,1000
GEO_GSE284005_MERSCOPE_MS_EXPANDED,reference_profile,Mature OL,0.3977272727272727,0.035,0.06433823529411765,1000
GEO_GSE284005_MERSCOPE_MS_EXPANDED,reference_profile,Micro Foamy,0.2021978021978022,0.644,0.3077658303464755,1000
GEO_GSE284005_MERSCOPE_MS_EXPANDED,reference_profile,Micro Homeo,0.35714285714285715,0.005,0.009861932938856016,1000
GEO_GSE284005_MERSCOPE_MS_EXPANDED,reference_profile,Micro IL1B,0.10340909090909091,0.364,0.16106194690265488,1000
GEO_GSE284005_MERSCOPE_MS_EXPANDED,reference_profile,Micro SPP1,0.5414847161572053,0.124,0.20179007323026849,1000
GEO_GSE284005_MERSCOPE_MS_EXPANDED,reference_profile,Micro Stress,0.19402985074626866,0.013,0.024367385192127458,1000
GEO_GSE284005_MERSCOPE_MS_EXPANDED,reference_profile,Micro VEGFA,0.4878048780487805,0.06,0.10685663401602848,1000
GEO_GSE284005_MERSCOPE_MS_EXPANDED,reference_profile,NK,0.1102629346904156,0.9090909090909091,0.1966717095310136,143
GEO_GSE284005_MERSCOPE_MS_EXPANDED,reference_profile,Neu.GABA,0.5615595075239398,0.821,0.6669374492282697,1000
GEO_GSE284005_MERSCOPE_MS_EXPANDED,reference_profile,Neu.GLUT,0.615296803652968,0.539,0.5746268656716418,1000
GEO_GSE284005_MERSCOPE_MS_EXPANDED,reference_profile,OPALIN+ OL,0.16251462966059188,0.972,0.27847013321873654,1000
GEO_GSE284005_MERSCOPE_MS_EXPANDED,reference_profile,OPC,0.33915211970074816,0.408,0.3704039945528824,1000
GEO_GSE284005_MERSCOPE_MS_EXPANDED,reference_profile,Pericyte,0.5484301937207748,0.821,0.6575891069283138,1000
GEO_GSE284005_MERSCOPE_MS_EXPANDED,reference_profile,Repair.Endo,0.846875,0.271,0.4106060606060606,1000
GEO_GSE284005_MERSCOPE_MS_EXPANDED,reference_profile,SMC,0.8888888888888888,0.488,0.6300839251129762,1000
GEO_GSE284005_MERSCOPE_MS_EXPANDED,reference_profile,Stress OL,0.18333333333333332,0.033,0.05593220338983051,1000
GEO_GSE284005_MERSCOPE_MS_EXPANDED,reference_profile,Stress T,0.23423423423423423,0.08441558441558442,0.1241050119331742,308
GEO_GSE284005_MERSCOPE_MS_EXPANDED,reference_profile,Stress.Astro,0.2610878661087866,0.312,0.28428246013667424,1000
GEO_GSE284005_MERSCOPE_MS_EXPANDED,reference_profile,Stress.Endo,0.8148148148148148,0.044,0.08349146110056925,1000
GEO_GSE284005_MERSCOPE_MS_EXPANDED,reference_profile,Treg,0.44642857142857145,0.25510204081632654,0.3246753246753247,294
GEO_GSE284005_MERSCOPE_MS_EXPANDED,reference_profile,Vas.Astro,0.7508561643835616,0.877,0.8090405904059041,1000
GEO_GSE284005_MERSCOPE_MS_EXPANDED,reference_profile,cop_nfol,0.0,0.0,0.0,1000
GEO_GSE284005_MERSCOPE_MS_EXPANDED,reference_profile,inflammatory.Endo,0.649616368286445,0.5308254963427377,0.5842438182863715,957
GEO_GSE291308_GENERIC_CSV_PAIR_EXPANDED,learned_permuted_prior,B Cell,0.7107231920199502,0.5734406438631791,0.6347438752783964,1988
GEO_GSE291308_GENERIC_CSV_PAIR_EXPANDED,learned_permuted_prior,Endothelial,0.7592905405405406,0.7192,0.7387017255546425,2500
GEO_GSE291308_GENERIC_CSV_PAIR_EXPANDED,learned_permuted_prior,Epithelial,0.7415458937198067,0.9824,0.8451479697178252,2500
GEO_GSE291308_GENERIC_CSV_PAIR_EXPANDED,learned_permuted_prior,Fibroblast,0.5497195308516063,0.9953831948291783,0.7082785808147175,1083
GEO_GSE291308_GENERIC_CSV_PAIR_EXPANDED,learned_permuted_prior,Macrophage,0.7830866807610993,0.7408,0.7613566289825283,2500
GEO_GSE291308_GENERIC_CSV_PAIR_EXPANDED,learned_permuted_prior,NK Cell,0.7263705103969754,0.7375239923224568,0.7319047619047621,2084
GEO_GSE291308_GENERIC_CSV_PAIR_EXPANDED,learned_permuted_prior,SMC,0.6195099398982894,0.536,0.5747372935878191,2500
GEO_GSE291308_GENERIC_CSV_PAIR_EXPANDED,learned_permuted_prior,Stromal,0.5775764439411099,0.408,0.47819971870604777,2500
GEO_GSE291308_GENERIC_CSV_PAIR_EXPANDED,learned_random_graph,B Cell,0.7390728476821192,0.5613682092555332,0.6380789022298456,1988
GEO_GSE291308_GENERIC_CSV_PAIR_EXPANDED,learned_random_graph,Endothelial,0.7561381606325427,0.7268,0.7411788700795432,2500
GEO_GSE291308_GENERIC_CSV_PAIR_EXPANDED,learned_random_graph,Epithelial,0.721244131455399,0.9832,0.8320920785375762,2500
GEO_GSE291308_GENERIC_CSV_PAIR_EXPANDED,learned_random_graph,Fibroblast,0.5751738897806313,0.9926131117266851,0.7283197831978319,1083
GEO_GSE291308_GENERIC_CSV_PAIR_EXPANDED,learned_random_graph,Macrophage,0.7948164146868251,0.736,0.7642782969885773,2500
GEO_GSE291308_GENERIC_CSV_PAIR_EXPANDED,learned_random_graph,NK Cell,0.7150234741784037,0.730806142034549,0.722828666350261,2084
GEO_GSE291308_GENERIC_CSV_PAIR_EXPANDED,learned_random_graph,SMC,0.6286472148541115,0.5688,0.5972280554388913,2500
GEO_GSE291308_GENERIC_CSV_PAIR_EXPANDED,learned_random_graph,Stromal,0.5796359499431172,0.4076,0.4786284640676374,2500
GEO_GSE291308_GENERIC_CSV_PAIR_EXPANDED,marker_context_specific_neighborhood,B Cell,0.7435897435897436,0.5543259557344065,0.6351585014409222,1988
GEO_GSE291308_GENERIC_CSV_PAIR_EXPANDED,marker_context_specific_neighborhood,Endothelial,0.7614213197969543,0.72,0.7401315789473684,2500
GEO_GSE291308_GENERIC_CSV_PAIR_EXPANDED,marker_context_specific_neighborhood,Epithelial,0.7238542890716804,0.9856,0.8346883468834688,2500
GEO_GSE291308_GENERIC_CSV_PAIR_EXPANDED,marker_context_specific_neighborhood,Fibroblast,0.5678947368421052,0.9963065558633426,0.7234327857861212,1083
GEO_GSE291308_GENERIC_CSV_PAIR_EXPANDED,marker_context_specific_neighborhood,Macrophage,0.7924689773213521,0.7408,0.7657639032458134,2500
GEO_GSE291308_GENERIC_CSV_PAIR_EXPANDED,marker_context_specific_neighborhood,NK Cell,0.7295992274263641,0.7250479846449136,0.7273164861612514,2084
GEO_GSE291308_GENERIC_CSV_PAIR_EXPANDED,marker_context_specific_neighborhood,SMC,0.6222414539160537,0.5752,0.5977967158594888,2500
GEO_GSE291308_GENERIC_CSV_PAIR_EXPANDED,marker_context_specific_neighborhood,Stromal,0.5778275475923852,0.4128,0.4815678954736351,2500
GEO_GSE291308_GENERIC_CSV_PAIR_EXPANDED,marker_learned_neighborhood,B Cell,0.7421509686038744,0.5588531187122736,0.6375896700143472,1988
GEO_GSE291308_GENERIC_CSV_PAIR_EXPANDED,marker_learned_neighborhood,Endothelial,0.7645299145299145,0.7156,0.7392561983471073,2500
GEO_GSE291308_GENERIC_CSV_PAIR_EXPANDED,marker_learned_neighborhood,Epithelial,0.7202102803738317,0.9864,0.8325455773126267,2500
GEO_GSE291308_GENERIC_CSV_PAIR_EXPANDED,marker_learned_neighborhood,Fibroblast,0.5451792024230186,0.997229916897507,0.7049608355091385,1083
GEO_GSE291308_GENERIC_CSV_PAIR_EXPANDED,marker_learned_neighborhood,Macrophage,0.7985107314936487,0.7292,0.762283085929333,2500
GEO_GSE291308_GENERIC_CSV_PAIR_EXPANDED,marker_learned_neighborhood,NK Cell,0.7150890346766635,0.7322456813819578,0.723565670934092,2084
GEO_GSE291308_GENERIC_CSV_PAIR_EXPANDED,marker_learned_neighborhood,SMC,0.6378162450066578,0.5748,0.6046707342730906,2500
GEO_GSE291308_GENERIC_CSV_PAIR_EXPANDED,marker_learned_neighborhood,Stromal,0.5800344234079173,0.4044,0.4765496111242046,2500
GEO_GSE291308_GENERIC_CSV_PAIR_EXPANDED,marker_only,B Cell,0.7471571906354515,0.5618712273641852,0.6414010910134941,1988
GEO_GSE291308_GENERIC_CSV_PAIR_EXPANDED,marker_only,Endothelial,0.7579166666666667,0.7276,0.7424489795918368,2500
GEO_GSE291308_GENERIC_CSV_PAIR_EXPANDED,marker_only,Epithelial,0.7348892878515859,0.9824,0.8408079424854502,2500
GEO_GSE291308_GENERIC_CSV_PAIR_EXPANDED,marker_only,Fibroblast,0.5858310626702997,0.9926131117266851,0.7368060315284441,1083
GEO_GSE291308_GENERIC_CSV_PAIR_EXPANDED,marker_only,Macrophage,0.7890955198647507,0.7468,0.7673653925195232,2500
GEO_GSE291308_GENERIC_CSV_PAIR_EXPANDED,marker_only,NK Cell,0.7318806252960682,0.741362763915547,0.7365911799761622,2084
GEO_GSE291308_GENERIC_CSV_PAIR_EXPANDED,marker_only,SMC,0.6244522348816828,0.57,0.5959849435382686,2500
GEO_GSE291308_GENERIC_CSV_PAIR_EXPANDED,marker_only,Stromal,0.5762061403508771,0.4204,0.4861239592969473,2500
GEO_GSE291308_GENERIC_CSV_PAIR_EXPANDED,marker_reference_profile,B Cell,0.7419585418155825,0.5221327967806841,0.612931798051373,1988
GEO_GSE291308_GENERIC_CSV_PAIR_EXPANDED,marker_reference_profile,Endothelial,0.7960199004975125,0.704,0.7471874336658884,2500
GEO_GSE291308_GENERIC_CSV_PAIR_EXPANDED,marker_reference_profile,Epithelial,0.7699501246882793,0.988,0.8654519971969166,2500
GEO_GSE291308_GENERIC_CSV_PAIR_EXPANDED,marker_reference_profile,Fibroblast,0.5514256619144603,1.0,0.7108631440761405,1083
GEO_GSE291308_GENERIC_CSV_PAIR_EXPANDED,marker_reference_profile,Macrophage,0.8170840787119857,0.7308,0.7715371621621623,2500
GEO_GSE291308_GENERIC_CSV_PAIR_EXPANDED,marker_reference_profile,NK Cell,0.7164111812443643,0.7624760076775432,0.7387261738726173,2084
GEO_GSE291308_GENERIC_CSV_PAIR_EXPANDED,marker_reference_profile,SMC,0.6055953599454111,0.71,0.6536549438409133,2500
GEO_GSE291308_GENERIC_CSV_PAIR_EXPANDED,marker_reference_profile,Stromal,0.6182795698924731,0.368,0.46138415245737213,2500
GEO_GSE291308_GENERIC_CSV_PAIR_EXPANDED,reference_profile,B Cell,0.6635593220338983,0.3938631790744467,0.4943181818181818,1988
GEO_GSE291308_GENERIC_CSV_PAIR_EXPANDED,reference_profile,Endothelial,0.8366596638655462,0.6372,0.7234332425068121,2500
GEO_GSE291308_GENERIC_CSV_PAIR_EXPANDED,reference_profile,Epithelial,0.7371547371547371,0.9928,0.8460882904380433,2500
GEO_GSE291308_GENERIC_CSV_PAIR_EXPANDED,reference_profile,Fibroblast,0.4397076735688185,1.0,0.61082910321489,1083
GEO_GSE291308_GENERIC_CSV_PAIR_EXPANDED,reference_profile,Macrophage,0.8280159521435693,0.6644,0.7372392365734577,2500
GEO_GSE291308_GENERIC_CSV_PAIR_EXPANDED,reference_profile,NK Cell,0.685025817555938,0.763915547024952,0.722323049001815,2084
GEO_GSE291308_GENERIC_CSV_PAIR_EXPANDED,reference_profile,SMC,0.5660595547846198,0.7832,0.6571572411478436,2500
GEO_GSE291308_GENERIC_CSV_PAIR_EXPANDED,reference_profile,Stromal,0.6659663865546218,0.2536,0.3673232908458865,2500
GEO_GSE292268_GENERIC_COSMX_CSV_EXPANDED,learned_permuted_prior,Antibody.secreting.B.cells,0.6737821565407772,0.7650714729645742,0.7165308498253783,1609
GEO_GSE292268_GENERIC_COSMX_CSV_EXPANDED,learned_permuted_prior,CD3..alpha.beta.T.cells,0.7644151565074135,0.5568,0.6442953020134228,2500
GEO_GSE292268_GENERIC_COSMX_CSV_EXPANDED,learned_permuted_prior,Central.venous.LSECs,0.8168771526980482,0.5692,0.6709099481376709,2500
GEO_GSE292268_GENERIC_COSMX_CSV_EXPANDED,learned_permuted_prior,Cholangiocytes,0.8043785310734464,0.9112,0.854463615903976,2500
GEO_GSE292268_GENERIC_COSMX_CSV_EXPANDED,learned_permuted_prior,Erthyroid.cells,0.10898379970544919,0.4539877300613497,0.17577197149643706,163
GEO_GSE292268_GENERIC_COSMX_CSV_EXPANDED,learned_permuted_prior,Hep.4,0.7500751879699248,0.9976,0.8563090128755364,2500
GEO_GSE292268_GENERIC_COSMX_CSV_EXPANDED,learned_permuted_prior,Hep.5,0.4593558282208589,0.4792,0.46906812842599843,2500
GEO_GSE292268_GENERIC_COSMX_CSV_EXPANDED,learned_permuted_prior,Inflammatory.macrophages,0.8414239482200647,0.624,0.7165824529168582,2500
GEO_GSE292268_GENERIC_COSMX_CSV_EXPANDED,learned_permuted_prior,Mature.B.cells,0.5497716894977169,0.697566628041715,0.6149131767109296,863
GEO_GSE292268_GENERIC_COSMX_CSV_EXPANDED,learned_permuted_prior,NK.like.cells,0.6766917293233082,0.6595602931379081,0.6680161943319837,1501
GEO_GSE292268_GENERIC_COSMX_CSV_EXPANDED,learned_permuted_prior,Non.inflammatory.macrophages,0.8154114061819765,0.7492,0.7809047321242443,2500
GEO_GSE292268_GENERIC_COSMX_CSV_EXPANDED,learned_permuted_prior,Periportal.LSECs,0.8239116309291747,0.5072,0.6278781876702154,2500
GEO_GSE292268_GENERIC_COSMX_CSV_EXPANDED,learned_permuted_prior,Portal.endothelial.cells,0.487062404870624,0.48632218844984804,0.4866920152091255,658
GEO_GSE292268_GENERIC_COSMX_CSV_EXPANDED,learned_permuted_prior,Stellate.cells,0.8340147179067866,0.816,0.8249090173877881,2500
GEO_GSE292268_GENERIC_COSMX_CSV_EXPANDED,learned_permuted_prior,gamma.delta.T.cells.1,0.4855072463768116,0.8969210174029452,0.6299952985425482,747
GEO_GSE292268_GENERIC_COSMX_CSV_EXPANDED,learned_permuted_prior,gamma.delta.T.cells.2,0.09983361064891846,0.48,0.16528925619834708,125
GEO_GSE292268_GENERIC_COSMX_CSV_EXPANDED,learned_random_graph,Antibody.secreting.B.cells,0.6578663793103449,0.7588564325668117,0.7047619047619047,1609
GEO_GSE292268_GENERIC_COSMX_CSV_EXPANDED,learned_random_graph,CD3..alpha.beta.T.cells,0.7657303370786517,0.5452,0.6369158878504674,2500
GEO_GSE292268_GENERIC_COSMX_CSV_EXPANDED,learned_random_graph,Central.venous.LSECs,0.8205411374930978,0.5944,0.6893992113198795,2500
GEO_GSE292268_GENERIC_COSMX_CSV_EXPANDED,learned_random_graph,Cholangiocytes,0.8125673249551167,0.9052,0.8563859981078524,2500
GEO_GSE292268_GENERIC_COSMX_CSV_EXPANDED,learned_random_graph,Erthyroid.cells,0.09398496240601503,0.4601226993865031,0.15608740894901144,163
GEO_GSE292268_GENERIC_COSMX_CSV_EXPANDED,learned_random_graph,Hep.4,0.7441027172290235,0.9968,0.8521114720465037,2500
GEO_GSE292268_GENERIC_COSMX_CSV_EXPANDED,learned_random_graph,Hep.5,0.47657841140529533,0.468,0.47225025227043393,2500
GEO_GSE292268_GENERIC_COSMX_CSV_EXPANDED,learned_random_graph,Inflammatory.macrophages,0.8301787592008412,0.6316,0.7174011812812359,2500
GEO_GSE292268_GENERIC_COSMX_CSV_EXPANDED,learned_random_graph,Mature.B.cells,0.5584415584415584,0.697566628041715,0.6202988150437919,863
GEO_GSE292268_GENERIC_COSMX_CSV_EXPANDED,learned_random_graph,NK.like.cells,0.6766268260292164,0.6788807461692206,0.6777519122048554,1501
GEO_GSE292268_GENERIC_COSMX_CSV_EXPANDED,learned_random_graph,Non.inflammatory.macrophages,0.8353306702174877,0.7528,0.7919208920681675,2500
GEO_GSE292268_GENERIC_COSMX_CSV_EXPANDED,learned_random_graph,Periportal.LSECs,0.8388401888064734,0.4976,0.6246547828270147,2500
GEO_GSE292268_GENERIC_COSMX_CSV_EXPANDED,learned_random_graph,Portal.endothelial.cells,0.5064102564102564,0.48024316109422494,0.49297971918876754,658
GEO_GSE292268_GENERIC_COSMX_CSV_EXPANDED,learned_random_graph,Stellate.cells,0.8223107569721115,0.8256,0.8239520958083832,2500
GEO_GSE292268_GENERIC_COSMX_CSV_EXPANDED,learned_random_graph,gamma.delta.T.cells.1,0.48191027496382055,0.891566265060241,0.6256458431188351,747
GEO_GSE292268_GENERIC_COSMX_CSV_EXPANDED,learned_random_graph,gamma.delta.T.cells.2,0.10101010101010101,0.48,0.16689847009735745,125
GEO_GSE292268_GENERIC_COSMX_CSV_EXPANDED,marker_context_specific_neighborhood,Antibody.secreting.B.cells,0.6434068753206773,0.7793660658794282,0.7048903878583475,1609
GEO_GSE292268_GENERIC_COSMX_CSV_EXPANDED,marker_context_specific_neighborhood,CD3..alpha.beta.T.cells,0.7734899328859061,0.5532,0.6450559701492538,2500
GEO_GSE292268_GENERIC_COSMX_CSV_EXPANDED,marker_context_specific_neighborhood,Central.venous.LSECs,0.8250551876379691,0.598,0.6934137291280148,2500
GEO_GSE292268_GENERIC_COSMX_CSV_EXPANDED,marker_context_specific_neighborhood,Cholangiocytes,0.8111071807569862,0.9172,0.86089731556223,2500
GEO_GSE292268_GENERIC_COSMX_CSV_EXPANDED,marker_context_specific_neighborhood,Erthyroid.cells,0.0990990990990991,0.4723926380368098,0.16382978723404254,163
GEO_GSE292268_GENERIC_COSMX_CSV_EXPANDED,marker_context_specific_neighborhood,Hep.4,0.7518072289156627,0.9984,0.8577319587628867,2500
GEO_GSE292268_GENERIC_COSMX_CSV_EXPANDED,marker_context_specific_neighborhood,Hep.5,0.48473597359735976,0.47,0.4772542648253452,2500
GEO_GSE292268_GENERIC_COSMX_CSV_EXPANDED,marker_context_specific_neighborhood,Inflammatory.macrophages,0.8270440251572327,0.6312,0.7159709618874773,2500
GEO_GSE292268_GENERIC_COSMX_CSV_EXPANDED,marker_context_specific_neighborhood,Mature.B.cells,0.5599630996309963,0.7033603707995365,0.6235233692860811,863
GEO_GSE292268_GENERIC_COSMX_CSV_EXPANDED,marker_context_specific_neighborhood,NK.like.cells,0.6790945406125166,0.6795469686875416,0.6793206793206794,1501
GEO_GSE292268_GENERIC_COSMX_CSV_EXPANDED,marker_context_specific_neighborhood,Non.inflammatory.macrophages,0.8355555555555556,0.752,0.791578947368421,2500
GEO_GSE292268_GENERIC_COSMX_CSV_EXPANDED,marker_context_specific_neighborhood,Periportal.LSECs,0.8305866842452209,0.504,0.6273338312173264,2500
GEO_GSE292268_GENERIC_COSMX_CSV_EXPANDED,marker_context_specific_neighborhood,Portal.endothelial.cells,0.5007849293563579,0.4848024316109423,0.49266409266409267,658
GEO_GSE292268_GENERIC_COSMX_CSV_EXPANDED,marker_context_specific_neighborhood,Stellate.cells,0.843064182194617,0.8144,0.8284842319430316,2500
GEO_GSE292268_GENERIC_COSMX_CSV_EXPANDED,marker_context_specific_neighborhood,gamma.delta.T.cells.1,0.4883551673944687,0.8982597054886211,0.6327204148986327,747
GEO_GSE292268_GENERIC_COSMX_CSV_EXPANDED,marker_context_specific_neighborhood,gamma.delta.T.cells.2,0.09965635738831616,0.464,0.16407355021216408,125
GEO_GSE292268_GENERIC_COSMX_CSV_EXPANDED,marker_learned_neighborhood,Antibody.secreting.B.cells,0.6468459152016546,0.7775015537600994,0.7061812023708722,1609
GEO_GSE292268_GENERIC_COSMX_CSV_EXPANDED,marker_learned_neighborhood,CD3..alpha.beta.T.cells,0.7676712328767124,0.5604,0.6478612716763006,2500
GEO_GSE292268_GENERIC_COSMX_CSV_EXPANDED,marker_learned_neighborhood,Central.venous.LSECs,0.8317388857625211,0.5912,0.691138648585457,2500
GEO_GSE292268_GENERIC_COSMX_CSV_EXPANDED,marker_learned_neighborhood,Cholangiocytes,0.8085633404104742,0.914,0.8580548253849043,2500
GEO_GSE292268_GENERIC_COSMX_CSV_EXPANDED,marker_learned_neighborhood,Erthyroid.cells,0.09234507897934387,0.4662576687116564,0.15415821501014199,163
GEO_GSE292268_GENERIC_COSMX_CSV_EXPANDED,marker_learned_neighborhood,Hep.4,0.7488735355962751,0.9972,0.8553782810087492,2500
GEO_GSE292268_GENERIC_COSMX_CSV_EXPANDED,marker_learned_neighborhood,Hep.5,0.48324369052544475,0.4672,0.47508643481797846,2500
GEO_GSE292268_GENERIC_COSMX_CSV_EXPANDED,marker_learned_neighborhood,Inflammatory.macrophages,0.8308014667365112,0.6344,0.71943751417555,2500
GEO_GSE292268_GENERIC_COSMX_CSV_EXPANDED,marker_learned_neighborhood,Mature.B.cells,0.5574977000919963,0.7022016222479722,0.6215384615384616,863
GEO_GSE292268_GENERIC_COSMX_CSV_EXPANDED,marker_learned_neighborhood,NK.like.cells,0.6795986622073579,0.6768820786142572,0.678237650200267,1501
GEO_GSE292268_GENERIC_COSMX_CSV_EXPANDED,marker_learned_neighborhood,Non.inflammatory.macrophages,0.8342245989304813,0.7488,0.7892074198988197,2500
GEO_GSE292268_GENERIC_COSMX_CSV_EXPANDED,marker_learned_neighborhood,Periportal.LSECs,0.8435191403626595,0.5024,0.6297317623464527,2500
GEO_GSE292268_GENERIC_COSMX_CSV_EXPANDED,marker_learned_neighborhood,Portal.endothelial.cells,0.5085803432137286,0.49544072948328266,0.5019245573518091,658
GEO_GSE292268_GENERIC_COSMX_CSV_EXPANDED,marker_learned_neighborhood,Stellate.cells,0.8300122000813339,0.8164,0.8231498285944746,2500
GEO_GSE292268_GENERIC_COSMX_CSV_EXPANDED,marker_learned_neighborhood,gamma.delta.T.cells.1,0.5003734129947722,0.8969210174029452,0.6423777564717161,747
GEO_GSE292268_GENERIC_COSMX_CSV_EXPANDED,marker_learned_neighborhood,gamma.delta.T.cells.2,0.0979020979020979,0.448,0.16068866571018653,125
GEO_GSE292268_GENERIC_COSMX_CSV_EXPANDED,marker_only,Antibody.secreting.B.cells,0.6344863190500775,0.7638284648850218,0.6931754089114496,1609
GEO_GSE292268_GENERIC_COSMX_CSV_EXPANDED,marker_only,CD3..alpha.beta.T.cells,0.7719498289623717,0.5416,0.6365773389750823,2500
GEO_GSE292268_GENERIC_COSMX_CSV_EXPANDED,marker_only,Central.venous.LSECs,0.8212104386451972,0.5916,0.6877470355731226,2500
GEO_GSE292268_GENERIC_COSMX_CSV_EXPANDED,marker_only,Cholangiocytes,0.8137535816618912,0.9088,0.8586545729402874,2500
GEO_GSE292268_GENERIC_COSMX_CSV_EXPANDED,marker_only,Erthyroid.cells,0.13430127041742287,0.4539877300613497,0.20728291316526612,163
GEO_GSE292268_GENERIC_COSMX_CSV_EXPANDED,marker_only,Hep.4,0.7591973244147158,0.9988,0.8626705821385386,2500
GEO_GSE292268_GENERIC_COSMX_CSV_EXPANDED,marker_only,Hep.5,0.4742268041237113,0.4784,0.4763042612504978,2500
GEO_GSE292268_GENERIC_COSMX_CSV_EXPANDED,marker_only,Inflammatory.macrophages,0.8324634655532359,0.638,0.722373188405797,2500
GEO_GSE292268_GENERIC_COSMX_CSV_EXPANDED,marker_only,Mature.B.cells,0.5511882998171846,0.6987253765932793,0.6162493612672457,863
GEO_GSE292268_GENERIC_COSMX_CSV_EXPANDED,marker_only,NK.like.cells,0.6644993498049415,0.6808794137241839,0.6725896676538335,1501
GEO_GSE292268_GENERIC_COSMX_CSV_EXPANDED,marker_only,Non.inflammatory.macrophages,0.8322295805739515,0.754,0.7911857292759705,2500
GEO_GSE292268_GENERIC_COSMX_CSV_EXPANDED,marker_only,Periportal.LSECs,0.8244575936883629,0.5016,0.6237254414324795,2500
GEO_GSE292268_GENERIC_COSMX_CSV_EXPANDED,marker_only,Portal.endothelial.cells,0.49230769230769234,0.48632218844984804,0.4892966360856269,658
GEO_GSE292268_GENERIC_COSMX_CSV_EXPANDED,marker_only,Stellate.cells,0.8288216560509554,0.8328,0.830806065442937,2500
GEO_GSE292268_GENERIC_COSMX_CSV_EXPANDED,marker_only,gamma.delta.T.cells.1,0.4799139167862267,0.8955823293172691,0.6249416160672583,747
GEO_GSE292268_GENERIC_COSMX_CSV_EXPANDED,marker_only,gamma.delta.T.cells.2,0.09365079365079365,0.472,0.1562913907284768,125
GEO_GSE292268_GENERIC_COSMX_CSV_EXPANDED,marker_reference_profile,Antibody.secreting.B.cells,0.54717923115327,0.6811684275947794,0.6068660022148394,1609
GEO_GSE292268_GENERIC_COSMX_CSV_EXPANDED,marker_reference_profile,CD3..alpha.beta.T.cells,0.7688139674894642,0.5108,0.6137947608747898,2500
GEO_GSE292268_GENERIC_COSMX_CSV_EXPANDED,marker_reference_profile,Central.venous.LSECs,0.7356848373797527,0.6424,0.68588511637839,2500
GEO_GSE292268_GENERIC_COSMX_CSV_EXPANDED,marker_reference_profile,Cholangiocytes,0.8335804299481097,0.8996,0.8653328203155061,2500
GEO_GSE292268_GENERIC_COSMX_CSV_EXPANDED,marker_reference_profile,Erthyroid.cells,0.09882005899705015,0.4110429447852761,0.15933412604042807,163
GEO_GSE292268_GENERIC_COSMX_CSV_EXPANDED,marker_reference_profile,Hep.4,0.7231040564373897,0.984,0.8336157234835649,2500
GEO_GSE292268_GENERIC_COSMX_CSV_EXPANDED,marker_reference_profile,Hep.5,0.5016256386437529,0.432,0.46421663442940037,2500
GEO_GSE292268_GENERIC_COSMX_CSV_EXPANDED,marker_reference_profile,Inflammatory.macrophages,0.8259187620889749,0.6832,0.7478108581436077,2500
GEO_GSE292268_GENERIC_COSMX_CSV_EXPANDED,marker_reference_profile,Mature.B.cells,0.5626911314984709,0.6396292004634995,0.5986984815618221,863
GEO_GSE292268_GENERIC_COSMX_CSV_EXPANDED,marker_reference_profile,NK.like.cells,0.5364900086880973,0.8227848101265823,0.6494872469103339,1501
GEO_GSE292268_GENERIC_COSMX_CSV_EXPANDED,marker_reference_profile,Non.inflammatory.macrophages,0.7938783417280124,0.8196,0.8065341468214919,2500
GEO_GSE292268_GENERIC_COSMX_CSV_EXPANDED,marker_reference_profile,Periportal.LSECs,0.8466211085801063,0.446,0.5842284516636103,2500
GEO_GSE292268_GENERIC_COSMX_CSV_EXPANDED,marker_reference_profile,Portal.endothelial.cells,0.5822454308093995,0.33890577507598785,0.4284341978866475,658
GEO_GSE292268_GENERIC_COSMX_CSV_EXPANDED,marker_reference_profile,Stellate.cells,0.8542857142857143,0.8372,0.8456565656565658,2500
GEO_GSE292268_GENERIC_COSMX_CSV_EXPANDED,marker_reference_profile,gamma.delta.T.cells.1,0.6383682469680264,0.7751004016064257,0.7001209189842805,747
GEO_GSE292268_GENERIC_COSMX_CSV_EXPANDED,marker_reference_profile,gamma.delta.T.cells.2,0.13283208020050125,0.424,0.20229007633587787,125
GEO_GSE292268_GENERIC_COSMX_CSV_EXPANDED,reference_profile,Antibody.secreting.B.cells,0.504258943781942,0.36793039154754503,0.42544017247574556,1609
GEO_GSE292268_GENERIC_COSMX_CSV_EXPANDED,reference_profile,CD3..alpha.beta.T.cells,0.7072927072927073,0.2832,0.40445586975149955,2500
GEO_GSE292268_GENERIC_COSMX_CSV_EXPANDED,reference_profile,Central.venous.LSECs,0.5394259320356318,0.654,0.5912131621768216,2500
GEO_GSE292268_GENERIC_COSMX_CSV_EXPANDED,reference_profile,Cholangiocytes,0.7815230961298377,0.5008,0.6104339346660166,2500
GEO_GSE292268_GENERIC_COSMX_CSV_EXPANDED,reference_profile,Erthyroid.cells,0.06035665294924554,0.26993865030674846,0.09865470852017938,163
GEO_GSE292268_GENERIC_COSMX_CSV_EXPANDED,reference_profile,Hep.4,0.4874251497005988,0.9768,0.6503328894806923,2500
GEO_GSE292268_GENERIC_COSMX_CSV_EXPANDED,reference_profile,Hep.5,0.6111566858080394,0.298,0.4006453347674106,2500
GEO_GSE292268_GENERIC_COSMX_CSV_EXPANDED,reference_profile,Inflammatory.macrophages,0.7227817745803358,0.6028,0.657360959651036,2500
GEO_GSE292268_GENERIC_COSMX_CSV_EXPANDED,reference_profile,Mature.B.cells,0.36385836385836384,0.34530706836616454,0.3543400713436385,863
GEO_GSE292268_GENERIC_COSMX_CSV_EXPANDED,reference_profile,NK.like.cells,0.31177992005643074,0.8834110592938041,0.4608967674661105,1501
GEO_GSE292268_GENERIC_COSMX_CSV_EXPANDED,reference_profile,Non.inflammatory.macrophages,0.6148234607528451,0.8428,0.7109836342162983,2500
GEO_GSE292268_GENERIC_COSMX_CSV_EXPANDED,reference_profile,Periportal.LSECs,0.6810584958217271,0.1956,0.3039154754505904,2500
GEO_GSE292268_GENERIC_COSMX_CSV_EXPANDED,reference_profile,Portal.endothelial.cells,0.387434554973822,0.11246200607902736,0.17432273262661954,658
GEO_GSE292268_GENERIC_COSMX_CSV_EXPANDED,reference_profile,Stellate.cells,0.8404307391091532,0.6868,0.7558881796169932,2500
GEO_GSE292268_GENERIC_COSMX_CSV_EXPANDED,reference_profile,gamma.delta.T.cells.1,0.22792022792022792,0.107095046854083,0.14571948998178508,747
GEO_GSE292268_GENERIC_COSMX_CSV_EXPANDED,reference_profile,gamma.delta.T.cells.2,0.07992202729044834,0.328,0.12852664576802506,125
GEO_GSE294759_GENERIC_H5AD_EXPANDED,learned_permuted_prior,1,0.2802701398938736,0.2324,0.2541001530723814,2500
GEO_GSE294759_GENERIC_H5AD_EXPANDED,learned_permuted_prior,10,0.26666666666666666,0.04,0.06956521739130435,2500
GEO_GSE294759_GENERIC_H5AD_EXPANDED,learned_permuted_prior,11,0.23373101952277658,0.1724,0.19843462246777163,2500
GEO_GSE294759_GENERIC_H5AD_EXPANDED,learned_permuted_prior,12,0.3793103448275862,0.0792,0.13103904698874919,2500
GEO_GSE294759_GENERIC_H5AD_EXPANDED,learned_permuted_prior,13,0.20347394540942929,0.0984,0.13265031005661904,2500
GEO_GSE294759_GENERIC_H5AD_EXPANDED,learned_permuted_prior,14,0.31908127208480563,0.3612,0.33883677298311443,2500
GEO_GSE294759_GENERIC_H5AD_EXPANDED,learned_permuted_prior,15,0.3058720420683611,0.1396,0.191705575391376,2500
GEO_GSE294759_GENERIC_H5AD_EXPANDED,learned_permuted_prior,16,0.5492957746478874,0.19246298788694483,0.2850498338870432,2229
GEO_GSE294759_GENERIC_H5AD_EXPANDED,learned_permuted_prior,17,0.45008319467554075,0.24281867145421904,0.3154518950437318,2228
GEO_GSE294759_GENERIC_H5AD_EXPANDED,learned_permuted_prior,18,0.15417929839757472,0.5510835913312694,0.2409475465313029,646
GEO_GSE294759_GENERIC_H5AD_EXPANDED,learned_permuted_prior,19,0.017543859649122806,0.04975124378109453,0.02594033722438392,402
GEO_GSE294759_GENERIC_H5AD_EXPANDED,learned_permuted_prior,2,0.14356203007518797,0.2444,0.1808762581409118,2500
GEO_GSE294759_GENERIC_H5AD_EXPANDED,learned_permuted_prior,20,0.00801924619085806,0.05813953488372093,0.014094432699083864,172
GEO_GSE294759_GENERIC_H5AD_EXPANDED,learned_permuted_prior,21,0.005413766434648105,0.04487179487179487,0.00966183574879227,156
GEO_GSE294759_GENERIC_H5AD_EXPANDED,learned_permuted_prior,22,0.00199203187250996,0.014084507042253521,0.0034904013961605585,142
GEO_GSE294759_GENERIC_H5AD_EXPANDED,learned_permuted_prior,23,0.005709624796084829,0.051470588235294115,0.010279001468428781,136
GEO_GSE294759_GENERIC_H5AD_EXPANDED,learned_permuted_prior,24,0.002982107355864811,0.02654867256637168,0.005361930294906166,113
GEO_GSE294759_GENERIC_H5AD_EXPANDED,learned_permuted_prior,25,0.008176614881439084,0.14705882352941177,0.015491866769945777,68
GEO_GSE294759_GENERIC_H5AD_EXPANDED,learned_permuted_prior,26,0.0,0.0,0.0,64
GEO_GSE294759_GENERIC_H5AD_EXPANDED,learned_permuted_prior,27,0.0007633587786259542,0.015873015873015872,0.001456664238892935,63
GEO_GSE294759_GENERIC_H5AD_EXPANDED,learned_permuted_prior,28,0.0019280205655526992,0.05,0.003712871287128713,60
GEO_GSE294759_GENERIC_H5AD_EXPANDED,learned_permuted_prior,29,0.0,0.0,0.0,48
GEO_GSE294759_GENERIC_H5AD_EXPANDED,learned_permuted_prior,3,0.16666666666666666,0.008,0.015267175572519083,2500
GEO_GSE294759_GENERIC_H5AD_EXPANDED,learned_permuted_prior,30,0.0021398002853067048,0.06666666666666667,0.00414651002073255,45
GEO_GSE294759_GENERIC_H5AD_EXPANDED,learned_permuted_prior,31,0.0,0.0,0.0,40
GEO_GSE294759_GENERIC_H5AD_EXPANDED,learned_permuted_prior,32,0.002127659574468085,0.12,0.004181184668989547,25
GEO_GSE294759_GENERIC_H5AD_EXPANDED,learned_permuted_prior,4,0.39375,0.0252,0.047368421052631574,2500
GEO_GSE294759_GENERIC_H5AD_EXPANDED,learned_permuted_prior,5,0.2835820895522388,0.038,0.06701940035273368,2500
GEO_GSE294759_GENERIC_H5AD_EXPANDED,learned_permuted_prior,6,0.38143110585452394,0.516,0.4386263175790548,2500
GEO_GSE294759_GENERIC_H5AD_EXPANDED,learned_permuted_prior,7,0.26453055141579734,0.142,0.18479958355023426,2500
GEO_GSE294759_GENERIC_H5AD_EXPANDED,learned_permuted_prior,8,0.27135267674703717,0.2656,0.26844552253891246,2500
GEO_GSE294759_GENERIC_H5AD_EXPANDED,learned_permuted_prior,9,0.2570806100217865,0.0472,0.07975667455221358,2500
GEO_GSE294759_GENERIC_H5AD_EXPANDED,learned_random_graph,1,0.3103448275862069,0.234,0.2668187001140251,2500
GEO_GSE294759_GENERIC_H5AD_EXPANDED,learned_random_graph,10,0.2616487455197133,0.0292,0.0525368837711407,2500
GEO_GSE294759_GENERIC_H5AD_EXPANDED,learned_random_graph,11,0.23417721518987342,0.1628,0.19207173194903257,2500
GEO_GSE294759_GENERIC_H5AD_EXPANDED,learned_random_graph,12,0.35058214747736094,0.1084,0.1655973113351665,2500
GEO_GSE294759_GENERIC_H5AD_EXPANDED,learned_random_graph,13,0.21593447505584512,0.116,0.15092375748113454,2500
GEO_GSE294759_GENERIC_H5AD_EXPANDED,learned_random_graph,14,0.3192471590909091,0.3596,0.3382242287434161,2500
GEO_GSE294759_GENERIC_H5AD_EXPANDED,learned_random_graph,15,0.3080082135523614,0.12,0.17271157167530224,2500
GEO_GSE294759_GENERIC_H5AD_EXPANDED,learned_random_graph,16,0.5441988950276243,0.17676087931807985,0.26684727395868607,2229
GEO_GSE294759_GENERIC_H5AD_EXPANDED,learned_random_graph,17,0.4714022140221402,0.22935368043087973,0.3085748792270532,2228
GEO_GSE294759_GENERIC_H5AD_EXPANDED,learned_random_graph,18,0.1410466067048242,0.5340557275541795,0.22315653298835703,646
GEO_GSE294759_GENERIC_H5AD_EXPANDED,learned_random_graph,19,0.017699115044247787,0.04975124378109453,0.026109660574412535,402
GEO_GSE294759_GENERIC_H5AD_EXPANDED,learned_random_graph,2,0.14727011494252873,0.246,0.18424206111443978,2500
GEO_GSE294759_GENERIC_H5AD_EXPANDED,learned_random_graph,20,0.00858704137392662,0.06395348837209303,0.015141087405368207,172
GEO_GSE294759_GENERIC_H5AD_EXPANDED,learned_random_graph,21,0.0031545741324921135,0.02564102564102564,0.0056179775280898875,156
GEO_GSE294759_GENERIC_H5AD_EXPANDED,learned_random_graph,22,0.005825242718446602,0.04225352112676056,0.010238907849829353,142
GEO_GSE294759_GENERIC_H5AD_EXPANDED,learned_random_graph,23,0.005833333333333334,0.051470588235294115,0.010479041916167664,136
GEO_GSE294759_GENERIC_H5AD_EXPANDED,learned_random_graph,24,0.003972194637537239,0.035398230088495575,0.007142857142857143,113
GEO_GSE294759_GENERIC_H5AD_EXPANDED,learned_random_graph,25,0.008481764206955046,0.14705882352941177,0.01603849238171612,68
GEO_GSE294759_GENERIC_H5AD_EXPANDED,learned_random_graph,26,0.0,0.0,0.0,64
GEO_GSE294759_GENERIC_H5AD_EXPANDED,learned_random_graph,27,0.0008368200836820083,0.015873015873015872,0.0015898251192368838,63
GEO_GSE294759_GENERIC_H5AD_EXPANDED,learned_random_graph,28,0.0013192612137203166,0.03333333333333333,0.002538071065989848,60
GEO_GSE294759_GENERIC_H5AD_EXPANDED,learned_random_graph,29,0.0017035775127768314,0.020833333333333332,0.0031496062992125984,48
GEO_GSE294759_GENERIC_H5AD_EXPANDED,learned_random_graph,3,0.16494845360824742,0.0064,0.012321909896033887,2500
GEO_GSE294759_GENERIC_H5AD_EXPANDED,learned_random_graph,30,0.00205761316872428,0.06666666666666667,0.003992015968063872,45
GEO_GSE294759_GENERIC_H5AD_EXPANDED,learned_random_graph,31,0.0,0.0,0.0,40
GEO_GSE294759_GENERIC_H5AD_EXPANDED,learned_random_graph,32,0.002106741573033708,0.12,0.004140786749482401,25
GEO_GSE294759_GENERIC_H5AD_EXPANDED,learned_random_graph,4,0.36186770428015563,0.0372,0.06746463547334058,2500
GEO_GSE294759_GENERIC_H5AD_EXPANDED,learned_random_graph,5,0.2669683257918552,0.0236,0.043366409408305766,2500
GEO_GSE294759_GENERIC_H5AD_EXPANDED,learned_random_graph,6,0.36726102030708274,0.5932,0.45365555215662284,2500
GEO_GSE294759_GENERIC_H5AD_EXPANDED,learned_random_graph,7,0.2685385169186465,0.1492,0.19182309076883516,2500
GEO_GSE294759_GENERIC_H5AD_EXPANDED,learned_random_graph,8,0.270931326434619,0.2304,0.24902723735408558,2500
GEO_GSE294759_GENERIC_H5AD_EXPANDED,learned_random_graph,9,0.2564102564102564,0.044,0.07511095937179925,2500
GEO_GSE294759_GENERIC_H5AD_EXPANDED,marker_context_specific_neighborhood,1,0.2983257229832572,0.2352,0.26302840527846116,2500
GEO_GSE294759_GENERIC_H5AD_EXPANDED,marker_context_specific_neighborhood,10,0.2689393939393939,0.0284,0.051374819102749644,2500
GEO_GSE294759_GENERIC_H5AD_EXPANDED,marker_context_specific_neighborhood,11,0.23477232406859846,0.1588,0.18945359102839418,2500
GEO_GSE294759_GENERIC_H5AD_EXPANDED,marker_context_specific_neighborhood,12,0.36099585062240663,0.1044,0.16196090598820975,2500
GEO_GSE294759_GENERIC_H5AD_EXPANDED,marker_context_specific_neighborhood,13,0.21678321678321677,0.1116,0.14734618431476101,2500
GEO_GSE294759_GENERIC_H5AD_EXPANDED,marker_context_specific_neighborhood,14,0.3131607728764127,0.3436,0.3276749952317376,2500
GEO_GSE294759_GENERIC_H5AD_EXPANDED,marker_context_specific_neighborhood,15,0.3112449799196787,0.124,0.17734553775743706,2500
GEO_GSE294759_GENERIC_H5AD_EXPANDED,marker_context_specific_neighborhood,16,0.5411622276029056,0.20053835800807537,0.29263502454991813,2229
GEO_GSE294759_GENERIC_H5AD_EXPANDED,marker_context_specific_neighborhood,17,0.4953789279112754,0.24057450628366248,0.32386706948640487,2228
GEO_GSE294759_GENERIC_H5AD_EXPANDED,marker_context_specific_neighborhood,18,0.14085667215815487,0.5294117647058824,0.22251138581652571,646
GEO_GSE294759_GENERIC_H5AD_EXPANDED,marker_context_specific_neighborhood,19,0.013513513513513514,0.03980099502487562,0.020176544766708705,402
GEO_GSE294759_GENERIC_H5AD_EXPANDED,marker_context_specific_neighborhood,2,0.1469693423824011,0.2512,0.18544219695851172,2500
GEO_GSE294759_GENERIC_H5AD_EXPANDED,marker_context_specific_neighborhood,20,0.00858704137392662,0.06395348837209303,0.015141087405368207,172
GEO_GSE294759_GENERIC_H5AD_EXPANDED,marker_context_specific_neighborhood,21,0.0040551500405515,0.03205128205128205,0.007199424046076313,156
GEO_GSE294759_GENERIC_H5AD_EXPANDED,marker_context_specific_neighborhood,22,0.006072874493927126,0.04225352112676056,0.01061946902654867,142
GEO_GSE294759_GENERIC_H5AD_EXPANDED,marker_context_specific_neighborhood,23,0.004942339373970346,0.04411764705882353,0.008888888888888889,136
GEO_GSE294759_GENERIC_H5AD_EXPANDED,marker_context_specific_neighborhood,24,0.003887269193391642,0.035398230088495575,0.0070052539404553416,113
GEO_GSE294759_GENERIC_H5AD_EXPANDED,marker_context_specific_neighborhood,25,0.007582139848357203,0.1323529411764706,0.014342629482071712,68
GEO_GSE294759_GENERIC_H5AD_EXPANDED,marker_context_specific_neighborhood,26,0.0,0.0,0.0,64
GEO_GSE294759_GENERIC_H5AD_EXPANDED,marker_context_specific_neighborhood,27,0.0008064516129032258,0.015873015873015872,0.0015349194167306218,63
GEO_GSE294759_GENERIC_H5AD_EXPANDED,marker_context_specific_neighborhood,28,0.0019305019305019305,0.05,0.003717472118959108,60
GEO_GSE294759_GENERIC_H5AD_EXPANDED,marker_context_specific_neighborhood,29,0.0016835016835016834,0.020833333333333332,0.003115264797507788,48
GEO_GSE294759_GENERIC_H5AD_EXPANDED,marker_context_specific_neighborhood,3,0.18691588785046728,0.008,0.015343306482546988,2500
GEO_GSE294759_GENERIC_H5AD_EXPANDED,marker_context_specific_neighborhood,30,0.001388888888888889,0.044444444444444446,0.0026936026936026933,45
GEO_GSE294759_GENERIC_H5AD_EXPANDED,marker_context_specific_neighborhood,31,0.0,0.0,0.0,40
GEO_GSE294759_GENERIC_H5AD_EXPANDED,marker_context_specific_neighborhood,32,0.0013995801259622112,0.08,0.0027510316368638235,25
GEO_GSE294759_GENERIC_H5AD_EXPANDED,marker_context_specific_neighborhood,4,0.35826771653543305,0.0364,0.06608569353667393,2500
GEO_GSE294759_GENERIC_H5AD_EXPANDED,marker_context_specific_neighborhood,5,0.27601809954751133,0.0244,0.044836457184858514,2500
GEO_GSE294759_GENERIC_H5AD_EXPANDED,marker_context_specific_neighborhood,6,0.3735905788023052,0.5964,0.4594053304575566,2500
GEO_GSE294759_GENERIC_H5AD_EXPANDED,marker_context_specific_neighborhood,7,0.26455026455026454,0.14,0.1831022756997123,2500
GEO_GSE294759_GENERIC_H5AD_EXPANDED,marker_context_specific_neighborhood,8,0.27242990654205607,0.2332,0.2512931034482758,2500
GEO_GSE294759_GENERIC_H5AD_EXPANDED,marker_context_specific_neighborhood,9,0.2688679245283019,0.0456,0.07797537619699044,2500
GEO_GSE294759_GENERIC_H5AD_EXPANDED,marker_learned_neighborhood,1,0.3128065395095368,0.2296,0.2648212226066898,2500
GEO_GSE294759_GENERIC_H5AD_EXPANDED,marker_learned_neighborhood,10,0.2593984962406015,0.0276,0.04989154013015184,2500
GEO_GSE294759_GENERIC_H5AD_EXPANDED,marker_learned_neighborhood,11,0.23253082795067528,0.1584,0.18843683083511778,2500
GEO_GSE294759_GENERIC_H5AD_EXPANDED,marker_learned_neighborhood,12,0.36889460154241643,0.1148,0.17510677242220865,2500
GEO_GSE294759_GENERIC_H5AD_EXPANDED,marker_learned_neighborhood,13,0.21548575602629658,0.118,0.15249418454380975,2500
GEO_GSE294759_GENERIC_H5AD_EXPANDED,marker_learned_neighborhood,14,0.3177536231884058,0.3508,0.33346007604562744,2500
GEO_GSE294759_GENERIC_H5AD_EXPANDED,marker_learned_neighborhood,15,0.3058252427184466,0.126,0.17847025495750707,2500
GEO_GSE294759_GENERIC_H5AD_EXPANDED,marker_learned_neighborhood,16,0.544137022397892,0.18528488111260655,0.27643908969210174,2229
GEO_GSE294759_GENERIC_H5AD_EXPANDED,marker_learned_neighborhood,17,0.4772727272727273,0.23563734290843807,0.3155048076923077,2228
GEO_GSE294759_GENERIC_H5AD_EXPANDED,marker_learned_neighborhood,18,0.13778463913546893,0.5526315789473685,0.22057460611677482,646
GEO_GSE294759_GENERIC_H5AD_EXPANDED,marker_learned_neighborhood,19,0.015215553677092139,0.04477611940298507,0.022712933753943218,402
GEO_GSE294759_GENERIC_H5AD_EXPANDED,marker_learned_neighborhood,2,0.14755278310940498,0.246,0.18446310737852425,2500
GEO_GSE294759_GENERIC_H5AD_EXPANDED,marker_learned_neighborhood,20,0.008928571428571428,0.06395348837209303,0.015669515669515667,172
GEO_GSE294759_GENERIC_H5AD_EXPANDED,marker_learned_neighborhood,21,0.0031821797931583136,0.02564102564102564,0.005661712668082095,156
GEO_GSE294759_GENERIC_H5AD_EXPANDED,marker_learned_neighborhood,22,0.004868549172346641,0.035211267605633804,0.00855431993156544,142
GEO_GSE294759_GENERIC_H5AD_EXPANDED,marker_learned_neighborhood,23,0.005828476269775187,0.051470588235294115,0.010471204188481674,136
GEO_GSE294759_GENERIC_H5AD_EXPANDED,marker_learned_neighborhood,24,0.003996003996003996,0.035398230088495575,0.007181328545780969,113
GEO_GSE294759_GENERIC_H5AD_EXPANDED,marker_learned_neighborhood,25,0.007679180887372013,0.1323529411764706,0.014516129032258065,68
GEO_GSE294759_GENERIC_H5AD_EXPANDED,marker_learned_neighborhood,26,0.0,0.0,0.0,64
GEO_GSE294759_GENERIC_H5AD_EXPANDED,marker_learned_neighborhood,27,0.000856898029134533,0.015873015873015872,0.0016260162601626018,63
GEO_GSE294759_GENERIC_H5AD_EXPANDED,marker_learned_neighborhood,28,0.0013623978201634877,0.03333333333333333,0.002617801047120419,60
GEO_GSE294759_GENERIC_H5AD_EXPANDED,marker_learned_neighborhood,29,0.0017574692442882249,0.020833333333333332,0.003241491085899513,48
GEO_GSE294759_GENERIC_H5AD_EXPANDED,marker_learned_neighborhood,3,0.2,0.0084,0.016122840690978888,2500
GEO_GSE294759_GENERIC_H5AD_EXPANDED,marker_learned_neighborhood,30,0.0013614703880190605,0.044444444444444446,0.002642007926023778,45
GEO_GSE294759_GENERIC_H5AD_EXPANDED,marker_learned_neighborhood,31,0.0,0.0,0.0,40
GEO_GSE294759_GENERIC_H5AD_EXPANDED,marker_learned_neighborhood,32,0.002156721782890007,0.12,0.00423728813559322,25
GEO_GSE294759_GENERIC_H5AD_EXPANDED,marker_learned_neighborhood,4,0.3643724696356275,0.036,0.0655260283946123,2500
GEO_GSE294759_GENERIC_H5AD_EXPANDED,marker_learned_neighborhood,5,0.27230046948356806,0.0232,0.042757095466273494,2500
GEO_GSE294759_GENERIC_H5AD_EXPANDED,marker_learned_neighborhood,6,0.3651471984805318,0.6152,0.45828367103694867,2500
GEO_GSE294759_GENERIC_H5AD_EXPANDED,marker_learned_neighborhood,7,0.26991150442477874,0.1464,0.18983402489626558,2500
GEO_GSE294759_GENERIC_H5AD_EXPANDED,marker_learned_neighborhood,8,0.27424749163879597,0.2296,0.24994556934465492,2500
GEO_GSE294759_GENERIC_H5AD_EXPANDED,marker_learned_neighborhood,9,0.2607655502392344,0.0436,0.07470870459218644,2500
GEO_GSE294759_GENERIC_H5AD_EXPANDED,marker_only,1,0.2686703096539162,0.236,0.2512776831345826,2500
GEO_GSE294759_GENERIC_H5AD_EXPANDED,marker_only,10,0.2708333333333333,0.026,0.047445255474452545,2500
GEO_GSE294759_GENERIC_H5AD_EXPANDED,marker_only,11,0.2201117318435754,0.1576,0.18368298368298364,2500
GEO_GSE294759_GENERIC_H5AD_EXPANDED,marker_only,12,0.36879432624113473,0.0832,0.13577023498694515,2500
GEO_GSE294759_GENERIC_H5AD_EXPANDED,marker_only,13,0.20187793427230047,0.1032,0.1365802011646374,2500
GEO_GSE294759_GENERIC_H5AD_EXPANDED,marker_only,14,0.3103821196827686,0.3444,0.3265073947667804,2500
GEO_GSE294759_GENERIC_H5AD_EXPANDED,marker_only,15,0.3052995391705069,0.106,0.15736342042755344,2500
GEO_GSE294759_GENERIC_H5AD_EXPANDED,marker_only,16,0.5463768115942029,0.16913414087034545,0.2583076396026036,2229
GEO_GSE294759_GENERIC_H5AD_EXPANDED,marker_only,17,0.4630314232902033,0.2248653500897666,0.3027190332326284,2228
GEO_GSE294759_GENERIC_H5AD_EXPANDED,marker_only,18,0.14775725593667546,0.5201238390092879,0.2301369863013699,646
GEO_GSE294759_GENERIC_H5AD_EXPANDED,marker_only,19,0.01643598615916955,0.0472636815920398,0.024390243902439025,402
GEO_GSE294759_GENERIC_H5AD_EXPANDED,marker_only,2,0.1440481704492821,0.2488,0.1824581988853036,2500
GEO_GSE294759_GENERIC_H5AD_EXPANDED,marker_only,20,0.008995502248875561,0.06976744186046512,0.01593625498007968,172
GEO_GSE294759_GENERIC_H5AD_EXPANDED,marker_only,21,0.003785011355034065,0.03205128205128205,0.006770480704129994,156
GEO_GSE294759_GENERIC_H5AD_EXPANDED,marker_only,22,0.0028169014084507044,0.02112676056338028,0.004971002485501243,142
GEO_GSE294759_GENERIC_H5AD_EXPANDED,marker_only,23,0.005591054313099041,0.051470588235294115,0.010086455331412102,136
GEO_GSE294759_GENERIC_H5AD_EXPANDED,marker_only,24,0.003838771593090211,0.035398230088495575,0.006926406926406926,113
GEO_GSE294759_GENERIC_H5AD_EXPANDED,marker_only,25,0.007601351351351352,0.1323529411764706,0.014376996805111824,68
GEO_GSE294759_GENERIC_H5AD_EXPANDED,marker_only,26,0.0,0.0,0.0,64
GEO_GSE294759_GENERIC_H5AD_EXPANDED,marker_only,27,0.0007716049382716049,0.015873015873015872,0.001471670345842531,63
GEO_GSE294759_GENERIC_H5AD_EXPANDED,marker_only,28,0.0011855364552459987,0.03333333333333333,0.0022896393817973663,60
GEO_GSE294759_GENERIC_H5AD_EXPANDED,marker_only,29,0.001639344262295082,0.020833333333333332,0.00303951367781155,48
GEO_GSE294759_GENERIC_H5AD_EXPANDED,marker_only,3,0.19607843137254902,0.008,0.015372790161414296,2500
GEO_GSE294759_GENERIC_H5AD_EXPANDED,marker_only,30,0.001343183344526528,0.044444444444444446,0.002607561929595828,45
GEO_GSE294759_GENERIC_H5AD_EXPANDED,marker_only,31,0.0,0.0,0.0,40
GEO_GSE294759_GENERIC_H5AD_EXPANDED,marker_only,32,0.0013413816230717639,0.08,0.002638522427440633,25
GEO_GSE294759_GENERIC_H5AD_EXPANDED,marker_only,4,0.37142857142857144,0.0364,0.06630236794171221,2500
GEO_GSE294759_GENERIC_H5AD_EXPANDED,marker_only,5,0.25229357798165136,0.022,0.040470934510669604,2500
GEO_GSE294759_GENERIC_H5AD_EXPANDED,marker_only,6,0.4003411998862667,0.5632,0.4680073126142596,2500
GEO_GSE294759_GENERIC_H5AD_EXPANDED,marker_only,7,0.25686711210096513,0.1384,0.17988042630621265,2500
GEO_GSE294759_GENERIC_H5AD_EXPANDED,marker_only,8,0.2791728212703102,0.2268,0.2502758772897815,2500
GEO_GSE294759_GENERIC_H5AD_EXPANDED,marker_only,9,0.2607655502392344,0.0436,0.07470870459218644,2500
GEO_GSE294759_GENERIC_H5AD_EXPANDED,marker_reference_profile,1,0.3083076923076923,0.2004,0.24290909090909088,2500
GEO_GSE294759_GENERIC_H5AD_EXPANDED,marker_reference_profile,10,0.15454545454545454,0.0068,0.013026819923371647,2500
GEO_GSE294759_GENERIC_H5AD_EXPANDED,marker_reference_profile,11,0.2862944162436548,0.1128,0.16183644189383067,2500
GEO_GSE294759_GENERIC_H5AD_EXPANDED,marker_reference_profile,12,0.30409356725146197,0.0208,0.038936727817296894,2500
GEO_GSE294759_GENERIC_H5AD_EXPANDED,marker_reference_profile,13,0.2087067861715749,0.0652,0.09935995123437975,2500
GEO_GSE294759_GENERIC_H5AD_EXPANDED,marker_reference_profile,14,0.3638676844783715,0.6292,0.4610874981679613,2500
GEO_GSE294759_GENERIC_H5AD_EXPANDED,marker_reference_profile,15,0.4009584664536741,0.1004,0.16058861164427385,2500
GEO_GSE294759_GENERIC_H5AD_EXPANDED,marker_reference_profile,16,0.41808265156282776,0.8941229250785105,0.5697541452258433,2229
GEO_GSE294759_GENERIC_H5AD_EXPANDED,marker_reference_profile,17,0.49770642201834864,0.2921903052064632,0.36821266968325794,2228
GEO_GSE294759_GENERIC_H5AD_EXPANDED,marker_reference_profile,18,0.13713163064833006,0.5402476780185759,0.2187402068317142,646
GEO_GSE294759_GENERIC_H5AD_EXPANDED,marker_reference_profile,19,0.012693935119887164,0.022388059701492536,0.016201620162016202,402
GEO_GSE294759_GENERIC_H5AD_EXPANDED,marker_reference_profile,2,0.2071290944123314,0.172,0.18793706293706292,2500
GEO_GSE294759_GENERIC_H5AD_EXPANDED,marker_reference_profile,20,0.008347245409015025,0.029069767441860465,0.012970168612191958,172
GEO_GSE294759_GENERIC_H5AD_EXPANDED,marker_reference_profile,21,0.0,0.0,0.0,156
GEO_GSE294759_GENERIC_H5AD_EXPANDED,marker_reference_profile,22,0.0038314176245210726,0.014084507042253521,0.006024096385542169,142
GEO_GSE294759_GENERIC_H5AD_EXPANDED,marker_reference_profile,23,0.007704160246533128,0.03676470588235294,0.012738853503184712,136
GEO_GSE294759_GENERIC_H5AD_EXPANDED,marker_reference_profile,24,0.004395604395604396,0.017699115044247787,0.007042253521126761,113
GEO_GSE294759_GENERIC_H5AD_EXPANDED,marker_reference_profile,25,0.005574136008918618,0.07352941176470588,0.010362694300518135,68
GEO_GSE294759_GENERIC_H5AD_EXPANDED,marker_reference_profile,26,0.0,0.0,0.0,64
GEO_GSE294759_GENERIC_H5AD_EXPANDED,marker_reference_profile,27,0.0014285714285714286,0.015873015873015872,0.002621231979030144,63
GEO_GSE294759_GENERIC_H5AD_EXPANDED,marker_reference_profile,28,0.0007739938080495357,0.016666666666666666,0.0014792899408284028,60
GEO_GSE294759_GENERIC_H5AD_EXPANDED,marker_reference_profile,29,0.003289473684210526,0.041666666666666664,0.0060975609756097554,48
GEO_GSE294759_GENERIC_H5AD_EXPANDED,marker_reference_profile,3,0.12903225806451613,0.0016,0.0031608060055314108,2500
GEO_GSE294759_GENERIC_H5AD_EXPANDED,marker_reference_profile,30,0.0017421602787456446,0.044444444444444446,0.003352891869237217,45
GEO_GSE294759_GENERIC_H5AD_EXPANDED,marker_reference_profile,31,0.0,0.0,0.0,40
GEO_GSE294759_GENERIC_H5AD_EXPANDED,marker_reference_profile,32,0.0021141649048625794,0.12,0.004155124653739612,25
GEO_GSE294759_GENERIC_H5AD_EXPANDED,marker_reference_profile,4,0.5114247311827957,0.3044,0.38164493480441325,2500
GEO_GSE294759_GENERIC_H5AD_EXPANDED,marker_reference_profile,5,0.23484848484848486,0.0124,0.023556231003039513,2500
GEO_GSE294759_GENERIC_H5AD_EXPANDED,marker_reference_profile,6,0.2864919610077225,0.9052,0.4352341571304933,2500
GEO_GSE294759_GENERIC_H5AD_EXPANDED,marker_reference_profile,7,0.35753424657534244,0.1044,0.16160990712074302,2500
GEO_GSE294759_GENERIC_H5AD_EXPANDED,marker_reference_profile,8,0.005076142131979695,0.0004,0.0007415647015202076,2500
GEO_GSE294759_GENERIC_H5AD_EXPANDED,marker_reference_profile,9,0.33525179856115106,0.3728,0.353030303030303,2500
GEO_GSE294759_GENERIC_H5AD_EXPANDED,reference_profile,1,0.48484848484848486,0.0064,0.012633241215949467,2500
GEO_GSE294759_GENERIC_H5AD_EXPANDED,reference_profile,10,0.15037593984962405,0.008,0.015191796429927839,2500
GEO_GSE294759_GENERIC_H5AD_EXPANDED,reference_profile,11,0.24,0.0072,0.013980582524271845,2500
GEO_GSE294759_GENERIC_H5AD_EXPANDED,reference_profile,12,0.24778761061946902,0.0112,0.021431305013394564,2500
GEO_GSE294759_GENERIC_H5AD_EXPANDED,reference_profile,13,0.04659498207885305,0.0104,0.017004578155657292,2500
GEO_GSE294759_GENERIC_H5AD_EXPANDED,reference_profile,14,0.35719874804381846,0.7304,0.47976878612716767,2500
GEO_GSE294759_GENERIC_H5AD_EXPANDED,reference_profile,15,0.3680555555555556,0.0212,0.040090771558245086,2500
GEO_GSE294759_GENERIC_H5AD_EXPANDED,reference_profile,16,0.29956248290948867,0.9829519964109467,0.4591847427433721,2229
GEO_GSE294759_GENERIC_H5AD_EXPANDED,reference_profile,17,0.37275541795665634,0.27019748653500897,0.3132969034608379,2228
GEO_GSE294759_GENERIC_H5AD_EXPANDED,reference_profile,18,0.14302705917335712,0.7445820433436533,0.2399600897979546,646
GEO_GSE294759_GENERIC_H5AD_EXPANDED,reference_profile,19,0.016867469879518072,0.017412935323383085,0.017135862913096697,402
GEO_GSE294759_GENERIC_H5AD_EXPANDED,reference_profile,2,0.09375,0.0012,0.0023696682464454974,2500
GEO_GSE294759_GENERIC_H5AD_EXPANDED,reference_profile,20,0.0,0.0,0.0,172
GEO_GSE294759_GENERIC_H5AD_EXPANDED,reference_profile,21,0.0031446540880503146,0.00641025641025641,0.004219409282700422,156
GEO_GSE294759_GENERIC_H5AD_EXPANDED,reference_profile,22,0.0,0.0,0.0,142
GEO_GSE294759_GENERIC_H5AD_EXPANDED,reference_profile,23,0.006097560975609756,0.007352941176470588,0.006666666666666667,136
GEO_GSE294759_GENERIC_H5AD_EXPANDED,reference_profile,24,0.013888888888888888,0.02654867256637168,0.0182370820668693,113
GEO_GSE294759_GENERIC_H5AD_EXPANDED,reference_profile,25,0.005819592628516004,0.08823529411764706,0.01091901728844404,68
GEO_GSE294759_GENERIC_H5AD_EXPANDED,reference_profile,26,0.0019047619047619048,0.015625,0.003395585738539898,64
GEO_GSE294759_GENERIC_H5AD_EXPANDED,reference_profile,27,0.002380952380952381,0.015873015873015872,0.004140786749482402,63
GEO_GSE294759_GENERIC_H5AD_EXPANDED,reference_profile,28,0.0,0.0,0.0,60
GEO_GSE294759_GENERIC_H5AD_EXPANDED,reference_profile,29,0.001326259946949602,0.020833333333333332,0.0024937655860349127,48
GEO_GSE294759_GENERIC_H5AD_EXPANDED,reference_profile,3,0.019230769230769232,0.0004,0.0007836990595611286,2500
GEO_GSE294759_GENERIC_H5AD_EXPANDED,reference_profile,30,0.0008726003490401396,0.022222222222222223,0.001679261125104954,45
GEO_GSE294759_GENERIC_H5AD_EXPANDED,reference_profile,31,0.0011668611435239206,0.025,0.002229654403567447,40
GEO_GSE294759_GENERIC_H5AD_EXPANDED,reference_profile,32,0.0024154589371980675,0.16,0.0047590719809637114,25
GEO_GSE294759_GENERIC_H5AD_EXPANDED,reference_profile,4,0.4941282746160795,0.4376,0.4641493423843869,2500
GEO_GSE294759_GENERIC_H5AD_EXPANDED,reference_profile,5,0.1026252983293556,0.0172,0.02946214457005824,2500
GEO_GSE294759_GENERIC_H5AD_EXPANDED,reference_profile,6,0.2531022678647839,0.9464,0.3993923024983119,2500
GEO_GSE294759_GENERIC_H5AD_EXPANDED,reference_profile,7,0.5172413793103449,0.006,0.011862396204033215,2500
GEO_GSE294759_GENERIC_H5AD_EXPANDED,reference_profile,8,0.0,0.0,0.0,2500
GEO_GSE294759_GENERIC_H5AD_EXPANDED,reference_profile,9,0.23490813648293962,0.4296,0.3037330316742081,2500
GEO_GSE301435_GENERIC_COSMX_CSV_EXPANDED,learned_permuted_prior,PBN_latdor_med1,0.5333333333333333,0.3456,0.41941747572815535,2500
GEO_GSE301435_GENERIC_COSMX_CSV_EXPANDED,learned_permuted_prior,PBN_latdor_med2,0.7232250300842359,0.4808,0.5776069197501201,2500
GEO_GSE301435_GENERIC_COSMX_CSV_EXPANDED,learned_permuted_prior,PBN_latven,0.652073732718894,0.9056,0.7582049564634964,2500
GEO_GSE301435_GENERIC_COSMX_CSV_EXPANDED,learned_permuted_prior,PBN_latven_med,0.5736196319018405,0.2244,0.32259919493962047,2500
GEO_GSE301435_GENERIC_COSMX_CSV_EXPANDED,learned_permuted_prior,a.new,0.49339853300733494,0.7402787967718268,0.5921361502347416,1363
GEO_GSE301435_GENERIC_COSMX_CSV_EXPANDED,learned_permuted_prior,b,0.7474671669793621,0.7968,0.7713455953533398,2500
GEO_GSE301435_GENERIC_COSMX_CSV_EXPANDED,learned_permuted_prior,c,0.7659269863994274,0.856,0.8084624102757839,2500
GEO_GSE301435_GENERIC_COSMX_CSV_EXPANDED,learned_permuted_prior,d,0.5228585178055823,0.8709418837675351,0.6534355735979551,2495
GEO_GSE301435_GENERIC_COSMX_CSV_EXPANDED,learned_permuted_prior,e,0.6889285714285714,0.9717884130982368,0.806269592476489,1985
GEO_GSE301435_GENERIC_COSMX_CSV_EXPANDED,learned_permuted_prior,f,0.6839597670725251,0.9885233358837031,0.8085106382978724,1307
GEO_GSE301435_GENERIC_COSMX_CSV_EXPANDED,learned_permuted_prior,g_1,0.6094477711244178,0.3664,0.4576567574319261,2500
GEO_GSE301435_GENERIC_COSMX_CSV_EXPANDED,learned_permuted_prior,g_2,0.558055152394775,0.6152,0.5852359208523592,2500
GEO_GSE301435_GENERIC_COSMX_CSV_EXPANDED,learned_permuted_prior,g_3,0.5743243243243243,0.374,0.4530038759689922,2500
GEO_GSE301435_GENERIC_COSMX_CSV_EXPANDED,learned_permuted_prior,h,0.6394495412844037,0.5576,0.5957264957264956,2500
GEO_GSE301435_GENERIC_COSMX_CSV_EXPANDED,learned_permuted_prior,i,0.5665399239543726,0.8344,0.6748625040439986,2500
GEO_GSE301435_GENERIC_COSMX_CSV_EXPANDED,learned_permuted_prior,j,0.5636307881018092,0.7352,0.6380836660302031,2500
GEO_GSE301435_GENERIC_COSMX_CSV_EXPANDED,learned_permuted_prior,k,0.694462975316878,0.4164,0.5206301575393848,2500
GEO_GSE301435_GENERIC_COSMX_CSV_EXPANDED,learned_permuted_prior,l,0.5834411384217335,0.3608,0.4458724666337123,2500
GEO_GSE301435_GENERIC_COSMX_CSV_EXPANDED,learned_permuted_prior,m,0.7446408424219632,0.792,0.7675906183368871,2500
GEO_GSE301435_GENERIC_COSMX_CSV_EXPANDED,learned_permuted_prior,n,0.423562412342216,0.880466472303207,0.5719696969696969,686
GEO_GSE301435_GENERIC_COSMX_CSV_EXPANDED,learned_permuted_prior,o,0.33895059364228264,0.354,0.34631187634513794,2500
GEO_GSE301435_GENERIC_COSMX_CSV_EXPANDED,learned_permuted_prior,p,0.736517719568567,0.956,0.8320278503046127,2500
GEO_GSE301435_GENERIC_COSMX_CSV_EXPANDED,learned_permuted_prior,q,0.05719139297848245,1.0,0.10819496518478844,101
GEO_GSE301435_GENERIC_COSMX_CSV_EXPANDED,learned_permuted_prior,s,0.8171717171717172,0.6472,0.7223214285714287,2500
GEO_GSE301435_GENERIC_COSMX_CSV_EXPANDED,learned_permuted_prior,sst_major,0.44481981981981983,0.316,0.3695042095416277,2500
GEO_GSE301435_GENERIC_COSMX_CSV_EXPANDED,learned_permuted_prior,t,0.8816568047337278,0.1192,0.21000704721634952,2500
GEO_GSE301435_GENERIC_COSMX_CSV_EXPANDED,learned_random_graph,PBN_latdor_med1,0.5779436152570481,0.2788,0.3761467889908257,2500
GEO_GSE301435_GENERIC_COSMX_CSV_EXPANDED,learned_random_graph,PBN_latdor_med2,0.7172832689122032,0.5196,0.6026443980514962,2500
GEO_GSE301435_GENERIC_COSMX_CSV_EXPANDED,learned_random_graph,PBN_latven,0.5836317135549872,0.9128,0.7120124804992201,2500
GEO_GSE301435_GENERIC_COSMX_CSV_EXPANDED,learned_random_graph,PBN_latven_med,0.5677966101694916,0.2412,0.33857383492419996,2500
GEO_GSE301435_GENERIC_COSMX_CSV_EXPANDED,learned_random_graph,a.new,0.5097159940209267,0.7505502567865003,0.6071216617210682,1363
GEO_GSE301435_GENERIC_COSMX_CSV_EXPANDED,learned_random_graph,b,0.7658252427184467,0.7888,0.7771428571428571,2500
GEO_GSE301435_GENERIC_COSMX_CSV_EXPANDED,learned_random_graph,c,0.7591397849462366,0.8472,0.8007561436672966,2500
GEO_GSE301435_GENERIC_COSMX_CSV_EXPANDED,learned_random_graph,d,0.5010366275051832,0.8717434869739479,0.636337039204213,2495
GEO_GSE301435_GENERIC_COSMX_CSV_EXPANDED,learned_random_graph,e,0.5717612809315866,0.9894206549118388,0.7247232472324725,1985
GEO_GSE301435_GENERIC_COSMX_CSV_EXPANDED,learned_random_graph,f,0.618640038040894,0.9954093343534812,0.763049853372434,1307
GEO_GSE301435_GENERIC_COSMX_CSV_EXPANDED,learned_random_graph,g_1,0.609280430396772,0.3624,0.45447705041384495,2500
GEO_GSE301435_GENERIC_COSMX_CSV_EXPANDED,learned_random_graph,g_2,0.550581600281988,0.6248,0.5853475735431891,2500
GEO_GSE301435_GENERIC_COSMX_CSV_EXPANDED,learned_random_graph,g_3,0.5977372721558768,0.3804,0.46492300171107315,2500
GEO_GSE301435_GENERIC_COSMX_CSV_EXPANDED,learned_random_graph,h,0.6334405144694534,0.5516,0.589694248449861,2500
GEO_GSE301435_GENERIC_COSMX_CSV_EXPANDED,learned_random_graph,i,0.5852272727272727,0.824,0.6843853820598006,2500
GEO_GSE301435_GENERIC_COSMX_CSV_EXPANDED,learned_random_graph,j,0.5911714770797962,0.6964,0.639485766758494,2500
GEO_GSE301435_GENERIC_COSMX_CSV_EXPANDED,learned_random_graph,k,0.7061155152887882,0.4988,0.5846225972808252,2500
GEO_GSE301435_GENERIC_COSMX_CSV_EXPANDED,learned_random_graph,l,0.5679419525065963,0.3444,0.4287848605577689,2500
GEO_GSE301435_GENERIC_COSMX_CSV_EXPANDED,learned_random_graph,m,0.727339992600814,0.7864,0.7557178550836057,2500
GEO_GSE301435_GENERIC_COSMX_CSV_EXPANDED,learned_random_graph,n,0.4344262295081967,0.9271137026239067,0.5916279069767442,686
GEO_GSE301435_GENERIC_COSMX_CSV_EXPANDED,learned_random_graph,o,0.367967332123412,0.3244,0.344812925170068,2500
GEO_GSE301435_GENERIC_COSMX_CSV_EXPANDED,learned_random_graph,p,0.7822768005310322,0.9428,0.8550698349356067,2500
GEO_GSE301435_GENERIC_COSMX_CSV_EXPANDED,learned_random_graph,q,0.06305732484076433,0.9801980198019802,0.118491921005386,101
GEO_GSE301435_GENERIC_COSMX_CSV_EXPANDED,learned_random_graph,s,0.8084772370486656,0.618,0.7005214237134436,2500
GEO_GSE301435_GENERIC_COSMX_CSV_EXPANDED,learned_random_graph,sst_major,0.47458703939008895,0.2988,0.36671575846833576,2500
GEO_GSE301435_GENERIC_COSMX_CSV_EXPANDED,learned_random_graph,t,0.8663484486873508,0.1452,0.24871531346351491,2500
GEO_GSE301435_GENERIC_COSMX_CSV_EXPANDED,marker_context_specific_neighborhood,PBN_latdor_med1,0.5715440582053355,0.2828,0.3783783783783784,2500
GEO_GSE301435_GENERIC_COSMX_CSV_EXPANDED,marker_context_specific_neighborhood,PBN_latdor_med2,0.7159827213822895,0.5304,0.6093749999999999,2500
GEO_GSE301435_GENERIC_COSMX_CSV_EXPANDED,marker_context_specific_neighborhood,PBN_latven,0.5834181078331638,0.9176,0.7133084577114428,2500
GEO_GSE301435_GENERIC_COSMX_CSV_EXPANDED,marker_context_specific_neighborhood,PBN_latven_med,0.5681381957773513,0.2368,0.334274421230943,2500
GEO_GSE301435_GENERIC_COSMX_CSV_EXPANDED,marker_context_specific_neighborhood,a.new,0.5039761431411531,0.743947175348496,0.600888888888889,1363
GEO_GSE301435_GENERIC_COSMX_CSV_EXPANDED,marker_context_specific_neighborhood,b,0.7561728395061729,0.784,0.769835035349568,2500
GEO_GSE301435_GENERIC_COSMX_CSV_EXPANDED,marker_context_specific_neighborhood,c,0.770764119601329,0.8352,0.8016893837588789,2500
GEO_GSE301435_GENERIC_COSMX_CSV_EXPANDED,marker_context_specific_neighborhood,d,0.5141430948419301,0.866933867735471,0.6454789615040286,2495
GEO_GSE301435_GENERIC_COSMX_CSV_EXPANDED,marker_context_specific_neighborhood,e,0.6054170514004309,0.9909319899244332,0.7516239969430646,1985
GEO_GSE301435_GENERIC_COSMX_CSV_EXPANDED,marker_context_specific_neighborhood,f,0.6289855072463768,0.9961744452945677,0.7710986082321587,1307
GEO_GSE301435_GENERIC_COSMX_CSV_EXPANDED,marker_context_specific_neighborhood,g_1,0.6141843971631206,0.3464,0.44296675191815854,2500
GEO_GSE301435_GENERIC_COSMX_CSV_EXPANDED,marker_context_specific_neighborhood,g_2,0.5499648135116115,0.6252,0.5851740921003369,2500
GEO_GSE301435_GENERIC_COSMX_CSV_EXPANDED,marker_context_specific_neighborhood,g_3,0.5755351681957187,0.3764,0.45513905683192263,2500
GEO_GSE301435_GENERIC_COSMX_CSV_EXPANDED,marker_context_specific_neighborhood,h,0.6222814025743453,0.5608,0.5899431937723543,2500
GEO_GSE301435_GENERIC_COSMX_CSV_EXPANDED,marker_context_specific_neighborhood,i,0.5783064287737185,0.8168,0.6771679655115238,2500
GEO_GSE301435_GENERIC_COSMX_CSV_EXPANDED,marker_context_specific_neighborhood,j,0.583360954590653,0.704,0.6380279137212254,2500
GEO_GSE301435_GENERIC_COSMX_CSV_EXPANDED,marker_context_specific_neighborhood,k,0.6933259790402647,0.5028,0.5828889404127058,2500
GEO_GSE301435_GENERIC_COSMX_CSV_EXPANDED,marker_context_specific_neighborhood,l,0.5686402081977879,0.3496,0.432994798117414,2500
GEO_GSE301435_GENERIC_COSMX_CSV_EXPANDED,marker_context_specific_neighborhood,m,0.7250470809792844,0.77,0.7468477206595537,2500
GEO_GSE301435_GENERIC_COSMX_CSV_EXPANDED,marker_context_specific_neighborhood,n,0.3829923273657289,0.8731778425655977,0.5324444444444445,686
GEO_GSE301435_GENERIC_COSMX_CSV_EXPANDED,marker_context_specific_neighborhood,o,0.3707810993249759,0.3076,0.33624836029733274,2500
GEO_GSE301435_GENERIC_COSMX_CSV_EXPANDED,marker_context_specific_neighborhood,p,0.7831487076200068,0.9332,0.8516152582588065,2500
GEO_GSE301435_GENERIC_COSMX_CSV_EXPANDED,marker_context_specific_neighborhood,q,0.056646102075154234,1.0,0.10721868365180466,101
GEO_GSE301435_GENERIC_COSMX_CSV_EXPANDED,marker_context_specific_neighborhood,s,0.8139656070870245,0.6248,0.7069472731387192,2500
GEO_GSE301435_GENERIC_COSMX_CSV_EXPANDED,marker_context_specific_neighborhood,sst_major,0.4740550928891736,0.296,0.3644422556020684,2500
GEO_GSE301435_GENERIC_COSMX_CSV_EXPANDED,marker_context_specific_neighborhood,t,0.8636363636363636,0.1596,0.2694125590817015,2500
GEO_GSE301435_GENERIC_COSMX_CSV_EXPANDED,marker_learned_neighborhood,PBN_latdor_med1,0.5796019900497512,0.2796,0.37722611980572046,2500
GEO_GSE301435_GENERIC_COSMX_CSV_EXPANDED,marker_learned_neighborhood,PBN_latdor_med2,0.7192008879023307,0.5184,0.6025104602510459,2500
GEO_GSE301435_GENERIC_COSMX_CSV_EXPANDED,marker_learned_neighborhood,PBN_latven,0.5881458966565349,0.9288,0.7202233250620346,2500
GEO_GSE301435_GENERIC_COSMX_CSV_EXPANDED,marker_learned_neighborhood,PBN_latven_med,0.5766698024459078,0.2452,0.34409205725512215,2500
GEO_GSE301435_GENERIC_COSMX_CSV_EXPANDED,marker_learned_neighborhood,a.new,0.5091994032819492,0.7512839325018342,0.6069946650859513,1363
GEO_GSE301435_GENERIC_COSMX_CSV_EXPANDED,marker_learned_neighborhood,b,0.7803514376996805,0.7816,0.7809752198241406,2500
GEO_GSE301435_GENERIC_COSMX_CSV_EXPANDED,marker_learned_neighborhood,c,0.7642450142450142,0.8584,0.8085908063300677,2500
GEO_GSE301435_GENERIC_COSMX_CSV_EXPANDED,marker_learned_neighborhood,d,0.4946091644204852,0.8825651302605211,0.6339427090830574,2495
GEO_GSE301435_GENERIC_COSMX_CSV_EXPANDED,marker_learned_neighborhood,e,0.5891681627767804,0.9919395465994962,0.7392528627745448,1985
GEO_GSE301435_GENERIC_COSMX_CSV_EXPANDED,marker_learned_neighborhood,f,0.638235294117647,0.9961744452945677,0.7780101583507618,1307
GEO_GSE301435_GENERIC_COSMX_CSV_EXPANDED,marker_learned_neighborhood,g_1,0.616643929058663,0.3616,0.4558749369641956,2500
GEO_GSE301435_GENERIC_COSMX_CSV_EXPANDED,marker_learned_neighborhood,g_2,0.555987283645355,0.6296,0.5905083474019883,2500
GEO_GSE301435_GENERIC_COSMX_CSV_EXPANDED,marker_learned_neighborhood,g_3,0.5843596059113301,0.3796,0.4602327837051407,2500
GEO_GSE301435_GENERIC_COSMX_CSV_EXPANDED,marker_learned_neighborhood,h,0.6354883081155434,0.5544,0.5921811578722496,2500
GEO_GSE301435_GENERIC_COSMX_CSV_EXPANDED,marker_learned_neighborhood,i,0.5870674985819626,0.828,0.6870229007633588,2500
GEO_GSE301435_GENERIC_COSMX_CSV_EXPANDED,marker_learned_neighborhood,j,0.5918160297598918,0.7,0.6413780465457211,2500
GEO_GSE301435_GENERIC_COSMX_CSV_EXPANDED,marker_learned_neighborhood,k,0.7056910569105691,0.5208,0.5993095512082854,2500
GEO_GSE301435_GENERIC_COSMX_CSV_EXPANDED,marker_learned_neighborhood,l,0.5736842105263158,0.3488,0.4338308457711443,2500
GEO_GSE301435_GENERIC_COSMX_CSV_EXPANDED,marker_learned_neighborhood,m,0.7363403006967364,0.8032,0.7683183470441936,2500
GEO_GSE301435_GENERIC_COSMX_CSV_EXPANDED,marker_learned_neighborhood,n,0.4180977542932629,0.922740524781341,0.5754545454545454,686
GEO_GSE301435_GENERIC_COSMX_CSV_EXPANDED,marker_learned_neighborhood,o,0.381635581061693,0.3192,0.34763668046177304,2500
GEO_GSE301435_GENERIC_COSMX_CSV_EXPANDED,marker_learned_neighborhood,p,0.7802631578947369,0.9488,0.856317689530686,2500
GEO_GSE301435_GENERIC_COSMX_CSV_EXPANDED,marker_learned_neighborhood,q,0.06352201257861635,1.0,0.11945594322885865,101
GEO_GSE301435_GENERIC_COSMX_CSV_EXPANDED,marker_learned_neighborhood,s,0.8304628632938643,0.6172,0.7081229921982561,2500
GEO_GSE301435_GENERIC_COSMX_CSV_EXPANDED,marker_learned_neighborhood,sst_major,0.46863237139272274,0.2988,0.36492427943331707,2500
GEO_GSE301435_GENERIC_COSMX_CSV_EXPANDED,marker_learned_neighborhood,t,0.871536523929471,0.1384,0.23886779426993437,2500
GEO_GSE301435_GENERIC_COSMX_CSV_EXPANDED,marker_only,PBN_latdor_med1,0.5779967159277504,0.2816,0.378698224852071,2500
GEO_GSE301435_GENERIC_COSMX_CSV_EXPANDED,marker_only,PBN_latdor_med2,0.7181318681318681,0.5228,0.6050925925925926,2500
GEO_GSE301435_GENERIC_COSMX_CSV_EXPANDED,marker_only,PBN_latven,0.6081855388813097,0.8916,0.7231143552311435,2500
GEO_GSE301435_GENERIC_COSMX_CSV_EXPANDED,marker_only,PBN_latven_med,0.5731593662628145,0.246,0.3442485306465155,2500
GEO_GSE301435_GENERIC_COSMX_CSV_EXPANDED,marker_only,a.new,0.5082956259426847,0.7417461482024945,0.6032219570405728,1363
GEO_GSE301435_GENERIC_COSMX_CSV_EXPANDED,marker_only,b,0.7312546399406088,0.788,0.7585675779745861,2500
GEO_GSE301435_GENERIC_COSMX_CSV_EXPANDED,marker_only,c,0.7589031339031339,0.8524,0.8029389600602865,2500
GEO_GSE301435_GENERIC_COSMX_CSV_EXPANDED,marker_only,d,0.5278462296697881,0.8585170340681363,0.6537463757057836,2495
GEO_GSE301435_GENERIC_COSMX_CSV_EXPANDED,marker_only,e,0.6782091640433718,0.9768261964735516,0.800578034682081,1985
GEO_GSE301435_GENERIC_COSMX_CSV_EXPANDED,marker_only,f,0.6428216592151018,0.990053557765876,0.7795180722891565,1307
GEO_GSE301435_GENERIC_COSMX_CSV_EXPANDED,marker_only,g_1,0.5991792065663475,0.3504,0.44220090863200395,2500
GEO_GSE301435_GENERIC_COSMX_CSV_EXPANDED,marker_only,g_2,0.5540683339203945,0.6292,0.589248923019292,2500
GEO_GSE301435_GENERIC_COSMX_CSV_EXPANDED,marker_only,g_3,0.5772889417360285,0.3884,0.4643711142993783,2500
GEO_GSE301435_GENERIC_COSMX_CSV_EXPANDED,marker_only,h,0.6079425433037601,0.5756,0.5913293610026711,2500
GEO_GSE301435_GENERIC_COSMX_CSV_EXPANDED,marker_only,i,0.575007036307346,0.8172,0.6750371716504213,2500
GEO_GSE301435_GENERIC_COSMX_CSV_EXPANDED,marker_only,j,0.569624250078939,0.7216,0.6366684312687488,2500
GEO_GSE301435_GENERIC_COSMX_CSV_EXPANDED,marker_only,k,0.7228590694538098,0.4288,0.5382877228219936,2500
GEO_GSE301435_GENERIC_COSMX_CSV_EXPANDED,marker_only,l,0.5690747782002535,0.3592,0.4404119666503188,2500
GEO_GSE301435_GENERIC_COSMX_CSV_EXPANDED,marker_only,m,0.7073345259391771,0.7908,0.7467422096317281,2500
GEO_GSE301435_GENERIC_COSMX_CSV_EXPANDED,marker_only,n,0.3944037308461026,0.8629737609329446,0.5413808870598994,686
GEO_GSE301435_GENERIC_COSMX_CSV_EXPANDED,marker_only,o,0.35588355883558837,0.3472,0.3514881554970642,2500
GEO_GSE301435_GENERIC_COSMX_CSV_EXPANDED,marker_only,p,0.7849171457558336,0.9284,0.8506505405900677,2500
GEO_GSE301435_GENERIC_COSMX_CSV_EXPANDED,marker_only,q,0.046933085501858735,1.0,0.08965823346648912,101
GEO_GSE301435_GENERIC_COSMX_CSV_EXPANDED,marker_only,s,0.8504566210045662,0.596,0.7008466603951081,2500
GEO_GSE301435_GENERIC_COSMX_CSV_EXPANDED,marker_only,sst_major,0.46027895694360216,0.3036,0.3658712942877801,2500
GEO_GSE301435_GENERIC_COSMX_CSV_EXPANDED,marker_only,t,0.8928571428571429,0.13,0.22695530726256982,2500
GEO_GSE301435_GENERIC_COSMX_CSV_EXPANDED,marker_reference_profile,PBN_latdor_med1,0.6259927797833935,0.3468,0.4463320463320463,2500
GEO_GSE301435_GENERIC_COSMX_CSV_EXPANDED,marker_reference_profile,PBN_latdor_med2,0.6775259678942398,0.574,0.6214811606756171,2500
GEO_GSE301435_GENERIC_COSMX_CSV_EXPANDED,marker_reference_profile,PBN_latven,0.7052146151117418,0.7952,0.7475089302500472,2500
GEO_GSE301435_GENERIC_COSMX_CSV_EXPANDED,marker_reference_profile,PBN_latven_med,0.40658682634730536,0.2716,0.32565947242206233,2500
GEO_GSE301435_GENERIC_COSMX_CSV_EXPANDED,marker_reference_profile,a.new,0.41263006817366343,0.8437270726338958,0.5542168674698795,1363
GEO_GSE301435_GENERIC_COSMX_CSV_EXPANDED,marker_reference_profile,b,0.7627443464929091,0.796,0.7790174202387943,2500
GEO_GSE301435_GENERIC_COSMX_CSV_EXPANDED,marker_reference_profile,c,0.7465486725663717,0.8436,0.7921126760563382,2500
GEO_GSE301435_GENERIC_COSMX_CSV_EXPANDED,marker_reference_profile,d,0.6189881324172393,0.7943887775551102,0.6958048095488854,2495
GEO_GSE301435_GENERIC_COSMX_CSV_EXPANDED,marker_reference_profile,e,0.7395026498165511,0.9138539042821159,0.8174853537629562,1985
GEO_GSE301435_GENERIC_COSMX_CSV_EXPANDED,marker_reference_profile,f,0.7989018531228552,0.8905891354246366,0.8422575976845152,1307
GEO_GSE301435_GENERIC_COSMX_CSV_EXPANDED,marker_reference_profile,g_1,0.5647921760391198,0.1848,0.27848101265822783,2500
GEO_GSE301435_GENERIC_COSMX_CSV_EXPANDED,marker_reference_profile,g_2,0.4781767955801105,0.6924,0.5656862745098039,2500
GEO_GSE301435_GENERIC_COSMX_CSV_EXPANDED,marker_reference_profile,g_3,0.35247592847317744,0.41,0.37906804733727806,2500
GEO_GSE301435_GENERIC_COSMX_CSV_EXPANDED,marker_reference_profile,h,0.6000903750564844,0.5312,0.5635476342032676,2500
GEO_GSE301435_GENERIC_COSMX_CSV_EXPANDED,marker_reference_profile,i,0.6033985251683232,0.7528,0.6698700836447767,2500
GEO_GSE301435_GENERIC_COSMX_CSV_EXPANDED,marker_reference_profile,j,0.6060181945416375,0.6928,0.6465098917506532,2500
GEO_GSE301435_GENERIC_COSMX_CSV_EXPANDED,marker_reference_profile,k,0.6955085865257595,0.4212,0.5246636771300448,2500
GEO_GSE301435_GENERIC_COSMX_CSV_EXPANDED,marker_reference_profile,l,0.5982658959537572,0.3312,0.4263645726055613,2500
GEO_GSE301435_GENERIC_COSMX_CSV_EXPANDED,marker_reference_profile,m,0.681537903518317,0.7516,0.7148563819669013,2500
GEO_GSE301435_GENERIC_COSMX_CSV_EXPANDED,marker_reference_profile,n,0.35390946502057613,0.7521865889212828,0.48134328358208955,686
GEO_GSE301435_GENERIC_COSMX_CSV_EXPANDED,marker_reference_profile,o,0.3793103448275862,0.2112,0.27132579650565264,2500
GEO_GSE301435_GENERIC_COSMX_CSV_EXPANDED,marker_reference_profile,p,0.8772226926333616,0.8288,0.8523241464417934,2500
GEO_GSE301435_GENERIC_COSMX_CSV_EXPANDED,marker_reference_profile,q,0.030943627450980393,1.0,0.060029717682020804,101
GEO_GSE301435_GENERIC_COSMX_CSV_EXPANDED,marker_reference_profile,s,0.7663445139283684,0.5392,0.633012444235736,2500
GEO_GSE301435_GENERIC_COSMX_CSV_EXPANDED,marker_reference_profile,sst_major,0.48814984709480125,0.5108,0.49921813917122754,2500
GEO_GSE301435_GENERIC_COSMX_CSV_EXPANDED,marker_reference_profile,t,0.9140350877192982,0.2084,0.339413680781759,2500
GEO_GSE301435_GENERIC_COSMX_CSV_EXPANDED,reference_profile,PBN_latdor_med1,0.5086071987480438,0.26,0.34409740603493916,2500
GEO_GSE301435_GENERIC_COSMX_CSV_EXPANDED,reference_profile,PBN_latdor_med2,0.43301435406698563,0.5792,0.49555099247091033,2500
GEO_GSE301435_GENERIC_COSMX_CSV_EXPANDED,reference_profile,PBN_latven,0.827140549273021,0.4096,0.5478865703584805,2500
GEO_GSE301435_GENERIC_COSMX_CSV_EXPANDED,reference_profile,PBN_latven_med,0.09861932938856016,0.24,0.13979496738117428,2500
GEO_GSE301435_GENERIC_COSMX_CSV_EXPANDED,reference_profile,a.new,0.1951365357783536,0.7182685253118122,0.30689655172413793,1363
GEO_GSE301435_GENERIC_COSMX_CSV_EXPANDED,reference_profile,b,0.5598404255319149,0.3368,0.42057942057942055,2500
GEO_GSE301435_GENERIC_COSMX_CSV_EXPANDED,reference_profile,c,0.7564894932014833,0.2448,0.3699002719854941,2500
GEO_GSE301435_GENERIC_COSMX_CSV_EXPANDED,reference_profile,d,0.9184890656063618,0.18517034068136273,0.3082054703135424,2495
GEO_GSE301435_GENERIC_COSMX_CSV_EXPANDED,reference_profile,e,0.3568523790158601,0.8841309823677582,0.5084745762711864,1985
GEO_GSE301435_GENERIC_COSMX_CSV_EXPANDED,reference_profile,f,0.928921568627451,0.2899770466717674,0.44198250728862964,1307
GEO_GSE301435_GENERIC_COSMX_CSV_EXPANDED,reference_profile,g_1,0.2931726907630522,0.0292,0.05311022189887232,2500
GEO_GSE301435_GENERIC_COSMX_CSV_EXPANDED,reference_profile,g_2,0.3291237113402062,0.5108,0.40031347962382446,2500
GEO_GSE301435_GENERIC_COSMX_CSV_EXPANDED,reference_profile,g_3,0.13856393707139975,0.2748,0.18423169750603377,2500
GEO_GSE301435_GENERIC_COSMX_CSV_EXPANDED,reference_profile,h,0.5524475524475524,0.0316,0.059780552402572844,2500
GEO_GSE301435_GENERIC_COSMX_CSV_EXPANDED,reference_profile,i,0.49277543648404576,0.6548,0.5623497080041223,2500
GEO_GSE301435_GENERIC_COSMX_CSV_EXPANDED,reference_profile,j,0.35335781741867783,0.5388,0.42680608365019007,2500
GEO_GSE301435_GENERIC_COSMX_CSV_EXPANDED,reference_profile,k,0.5289367429340511,0.1572,0.242368177613321,2500
GEO_GSE301435_GENERIC_COSMX_CSV_EXPANDED,reference_profile,l,0.7627118644067796,0.072,0.13157894736842105,2500
GEO_GSE301435_GENERIC_COSMX_CSV_EXPANDED,reference_profile,m,0.5701058201058201,0.1724,0.2647420147420147,2500
GEO_GSE301435_GENERIC_COSMX_CSV_EXPANDED,reference_profile,n,0.10853432282003711,0.34110787172011664,0.16467276565798733,686
GEO_GSE301435_GENERIC_COSMX_CSV_EXPANDED,reference_profile,o,0.3684210526315789,0.0028,0.005557761016276299,2500
GEO_GSE301435_GENERIC_COSMX_CSV_EXPANDED,reference_profile,p,0.832183908045977,0.5792,0.6830188679245284,2500
GEO_GSE301435_GENERIC_COSMX_CSV_EXPANDED,reference_profile,q,0.08875219683655536,1.0,0.16303470540758674,101
GEO_GSE301435_GENERIC_COSMX_CSV_EXPANDED,reference_profile,s,0.3009823182711198,0.3064,0.3036669970267592,2500
GEO_GSE301435_GENERIC_COSMX_CSV_EXPANDED,reference_profile,sst_major,0.2753881849009459,0.6172,0.38084660002468224,2500
GEO_GSE301435_GENERIC_COSMX_CSV_EXPANDED,reference_profile,t,0.6923076923076923,0.4248,0.526524541398116,2500
GEO_GSE302502_XENIUM_GLIOMA_TLS_EXPANDED,learned_permuted_prior,B cell,0.7841864018334607,0.8212,0.8022665103556077,2500
GEO_GSE302502_XENIUM_GLIOMA_TLS_EXPANDED,learned_permuted_prior,DC,0.8288942695722357,0.4108,0.5493447445841134,2500
GEO_GSE302502_XENIUM_GLIOMA_TLS_EXPANDED,learned_permuted_prior,T cell,0.6220735785953178,0.8184,0.7068578338227673,2500
GEO_GSE302502_XENIUM_GLIOMA_TLS_EXPANDED,learned_permuted_prior,astrocyte,0.784741144414169,0.8064,0.795423160386664,2500
GEO_GSE302502_XENIUM_GLIOMA_TLS_EXPANDED,learned_permuted_prior,endothelial,0.819926500612495,0.8032,0.8114770660739543,2500
GEO_GSE302502_XENIUM_GLIOMA_TLS_EXPANDED,learned_permuted_prior,fibroblast,0.67518406236466,0.6236,0.6483676440008318,2500
GEO_GSE302502_XENIUM_GLIOMA_TLS_EXPANDED,learned_permuted_prior,macrophage,0.6435536294691224,0.7128,0.6764091858037578,2500
GEO_GSE302502_XENIUM_GLIOMA_TLS_EXPANDED,learned_permuted_prior,monocyte,0.527027027027027,0.9112149532710281,0.6678082191780821,1070
GEO_GSE302502_XENIUM_GLIOMA_TLS_EXPANDED,learned_permuted_prior,mural,0.9556756756756757,0.7072,0.8128735632183909,2500
GEO_GSE302502_XENIUM_GLIOMA_TLS_EXPANDED,learned_permuted_prior,plasma cell,0.7591324200913242,0.798,0.7780811232449298,2500
GEO_GSE302502_XENIUM_GLIOMA_TLS_EXPANDED,learned_random_graph,B cell,0.7855227882037533,0.8204,0.80258266484054,2500
GEO_GSE302502_XENIUM_GLIOMA_TLS_EXPANDED,learned_random_graph,DC,0.8163934426229508,0.3984,0.5354838709677419,2500
GEO_GSE302502_XENIUM_GLIOMA_TLS_EXPANDED,learned_random_graph,T cell,0.6152455558903284,0.8168,0.701838803918199,2500
GEO_GSE302502_XENIUM_GLIOMA_TLS_EXPANDED,learned_random_graph,astrocyte,0.7841981132075472,0.798,0.7910388580491672,2500
GEO_GSE302502_XENIUM_GLIOMA_TLS_EXPANDED,learned_random_graph,endothelial,0.8014616321559074,0.7896,0.7954866008462622,2500
GEO_GSE302502_XENIUM_GLIOMA_TLS_EXPANDED,learned_random_graph,fibroblast,0.6751873071837814,0.6128,0.642482700775844,2500
GEO_GSE302502_XENIUM_GLIOMA_TLS_EXPANDED,learned_random_graph,macrophage,0.6472081218274112,0.714,0.6789653860783568,2500
GEO_GSE302502_XENIUM_GLIOMA_TLS_EXPANDED,learned_random_graph,monocyte,0.48356573705179284,0.9074766355140187,0.6309291747888238,1070
GEO_GSE302502_XENIUM_GLIOMA_TLS_EXPANDED,learned_random_graph,mural,0.9584969153112731,0.6836,0.7980387578799907,2500
GEO_GSE302502_XENIUM_GLIOMA_TLS_EXPANDED,learned_random_graph,plasma cell,0.7614643545279384,0.7904,0.7756624141315015,2500
GEO_GSE302502_XENIUM_GLIOMA_TLS_EXPANDED,marker_context_specific_neighborhood,B cell,0.7887005649717514,0.8376,0.8124151309408342,2500
GEO_GSE302502_XENIUM_GLIOMA_TLS_EXPANDED,marker_context_specific_neighborhood,DC,0.8262642740619902,0.4052,0.5437466451959205,2500
GEO_GSE302502_XENIUM_GLIOMA_TLS_EXPANDED,marker_context_specific_neighborhood,T cell,0.6149181322013342,0.8112,0.6995515695067265,2500
GEO_GSE302502_XENIUM_GLIOMA_TLS_EXPANDED,marker_context_specific_neighborhood,astrocyte,0.7909379968203497,0.796,0.7934609250398725,2500
GEO_GSE302502_XENIUM_GLIOMA_TLS_EXPANDED,marker_context_specific_neighborhood,endothelial,0.806541683286797,0.8088,0.8076692630317556,2500
GEO_GSE302502_XENIUM_GLIOMA_TLS_EXPANDED,marker_context_specific_neighborhood,fibroblast,0.6816952209197475,0.6048,0.6409495548961425,2500
GEO_GSE302502_XENIUM_GLIOMA_TLS_EXPANDED,marker_context_specific_neighborhood,macrophage,0.6535087719298246,0.7152,0.6829640947288006,2500
GEO_GSE302502_XENIUM_GLIOMA_TLS_EXPANDED,marker_context_specific_neighborhood,monocyte,0.4942355889724311,0.9214953271028037,0.6433931484502446,1070
GEO_GSE302502_XENIUM_GLIOMA_TLS_EXPANDED,marker_context_specific_neighborhood,mural,0.9486081370449678,0.7088,0.8113553113553114,2500
GEO_GSE302502_XENIUM_GLIOMA_TLS_EXPANDED,marker_context_specific_neighborhood,plasma cell,0.7663661309290475,0.782,0.7741041377944962,2500
GEO_GSE302502_XENIUM_GLIOMA_TLS_EXPANDED,marker_learned_neighborhood,B cell,0.7903164315669081,0.8292,0.8092914308022644,2500
GEO_GSE302502_XENIUM_GLIOMA_TLS_EXPANDED,marker_learned_neighborhood,DC,0.82569558101473,0.4036,0.5421816227834497,2500
GEO_GSE302502_XENIUM_GLIOMA_TLS_EXPANDED,marker_learned_neighborhood,T cell,0.6200120918984281,0.8204,0.706267217630854,2500
GEO_GSE302502_XENIUM_GLIOMA_TLS_EXPANDED,marker_learned_neighborhood,astrocyte,0.8088353413654619,0.8056,0.8072144288577153,2500
GEO_GSE302502_XENIUM_GLIOMA_TLS_EXPANDED,marker_learned_neighborhood,endothelial,0.8093338651775029,0.8116,0.8104653485120831,2500
GEO_GSE302502_XENIUM_GLIOMA_TLS_EXPANDED,marker_learned_neighborhood,fibroblast,0.6908927770300584,0.616,0.6513004863607528,2500
GEO_GSE302502_XENIUM_GLIOMA_TLS_EXPANDED,marker_learned_neighborhood,macrophage,0.652542372881356,0.7084,0.679324894514768,2500
GEO_GSE302502_XENIUM_GLIOMA_TLS_EXPANDED,marker_learned_neighborhood,monocyte,0.506198347107438,0.9158878504672897,0.6520292747837657,1070
GEO_GSE302502_XENIUM_GLIOMA_TLS_EXPANDED,marker_learned_neighborhood,mural,0.9565450643776824,0.7132,0.8171402383134739,2500
GEO_GSE302502_XENIUM_GLIOMA_TLS_EXPANDED,marker_learned_neighborhood,plasma cell,0.7534553604781472,0.8068,0.7792157620243385,2500
GEO_GSE302502_XENIUM_GLIOMA_TLS_EXPANDED,marker_only,B cell,0.7898523286633851,0.8344,0.8115152694028399,2500
GEO_GSE302502_XENIUM_GLIOMA_TLS_EXPANDED,marker_only,DC,0.8314893617021276,0.3908,0.5317006802721089,2500
GEO_GSE302502_XENIUM_GLIOMA_TLS_EXPANDED,marker_only,T cell,0.6126634958382877,0.8244,0.7029331514324693,2500
GEO_GSE302502_XENIUM_GLIOMA_TLS_EXPANDED,marker_only,astrocyte,0.7830003916960439,0.7996,0.79121314070849,2500
GEO_GSE302502_XENIUM_GLIOMA_TLS_EXPANDED,marker_only,endothelial,0.811965811965812,0.798,0.8049223320556789,2500
GEO_GSE302502_XENIUM_GLIOMA_TLS_EXPANDED,marker_only,fibroblast,0.6710468681559352,0.6128,0.6406021325527912,2500
GEO_GSE302502_XENIUM_GLIOMA_TLS_EXPANDED,marker_only,macrophage,0.6479573712255773,0.7296,0.6863593603010348,2500
GEO_GSE302502_XENIUM_GLIOMA_TLS_EXPANDED,marker_only,monocyte,0.48977556109725684,0.9177570093457944,0.6386991869918699,1070
GEO_GSE302502_XENIUM_GLIOMA_TLS_EXPANDED,marker_only,mural,0.9630252100840336,0.6876,0.8023337222870479,2500
GEO_GSE302502_XENIUM_GLIOMA_TLS_EXPANDED,marker_only,plasma cell,0.7808988764044944,0.7784,0.7796474358974359,2500
GEO_GSE302502_XENIUM_GLIOMA_TLS_EXPANDED,marker_reference_profile,B cell,0.8335310399367339,0.8432,0.838337641678266,2500
GEO_GSE302502_XENIUM_GLIOMA_TLS_EXPANDED,marker_reference_profile,DC,0.7615553925165077,0.4152,0.5374061610147554,2500
GEO_GSE302502_XENIUM_GLIOMA_TLS_EXPANDED,marker_reference_profile,T cell,0.6137099146807885,0.8344,0.7072385150025428,2500
GEO_GSE302502_XENIUM_GLIOMA_TLS_EXPANDED,marker_reference_profile,astrocyte,0.8917878528656972,0.834,0.8619264158743283,2500
GEO_GSE302502_XENIUM_GLIOMA_TLS_EXPANDED,marker_reference_profile,endothelial,0.7811655731377847,0.8096,0.795128658416814,2500
GEO_GSE302502_XENIUM_GLIOMA_TLS_EXPANDED,marker_reference_profile,fibroblast,0.763494713411241,0.5488,0.6385850593437282,2500
GEO_GSE302502_XENIUM_GLIOMA_TLS_EXPANDED,marker_reference_profile,macrophage,0.625,0.726,0.6717246484085863,2500
GEO_GSE302502_XENIUM_GLIOMA_TLS_EXPANDED,marker_reference_profile,monocyte,0.3684419713831478,0.8663551401869158,0.5170105967651979,1070
GEO_GSE302502_XENIUM_GLIOMA_TLS_EXPANDED,marker_reference_profile,mural,0.895319577252139,0.7116,0.7929574325830177,2500
GEO_GSE302502_XENIUM_GLIOMA_TLS_EXPANDED,marker_reference_profile,plasma cell,0.8490214352283317,0.7288,0.7843306069737408,2500
GEO_GSE302502_XENIUM_GLIOMA_TLS_EXPANDED,reference_profile,B cell,0.8571428571428571,0.8304,0.8435595286468915,2500
GEO_GSE302502_XENIUM_GLIOMA_TLS_EXPANDED,reference_profile,DC,0.5680136596471258,0.3992,0.46887479445618985,2500
GEO_GSE302502_XENIUM_GLIOMA_TLS_EXPANDED,reference_profile,T cell,0.6003536693191865,0.8148,0.691328695061938,2500
GEO_GSE302502_XENIUM_GLIOMA_TLS_EXPANDED,reference_profile,astrocyte,0.7405710257314064,0.8404,0.7873337080756979,2500
GEO_GSE302502_XENIUM_GLIOMA_TLS_EXPANDED,reference_profile,endothelial,0.6617363344051447,0.8232,0.7336898395721925,2500
GEO_GSE302502_XENIUM_GLIOMA_TLS_EXPANDED,reference_profile,fibroblast,0.7701271186440678,0.2908,0.4221835075493612,2500
GEO_GSE302502_XENIUM_GLIOMA_TLS_EXPANDED,reference_profile,macrophage,0.531112737920937,0.5804,0.5546636085626911,2500
GEO_GSE302502_XENIUM_GLIOMA_TLS_EXPANDED,reference_profile,monocyte,0.2757619738751814,0.7102803738317757,0.3972817564035546,1070
GEO_GSE302502_XENIUM_GLIOMA_TLS_EXPANDED,reference_profile,mural,0.7470889613414066,0.6416,0.6903378523778781,2500
GEO_GSE302502_XENIUM_GLIOMA_TLS_EXPANDED,reference_profile,plasma cell,0.9334239130434783,0.5496,0.6918429003021148,2500
GEO_GSE305393_GENERIC_COSMX_CSV_EXPANDED,learned_permuted_prior,Astrocyte,0.6354481369587109,0.9211678832116789,0.7520858164481525,685
GEO_GSE305393_GENERIC_COSMX_CSV_EXPANDED,learned_permuted_prior,Astroglial,0.2959028831562974,0.5735294117647058,0.3903903903903904,340
GEO_GSE305393_GENERIC_COSMX_CSV_EXPANDED,learned_permuted_prior,CD4 T,0.022222222222222223,0.1568627450980392,0.038929440389294405,51
GEO_GSE305393_GENERIC_COSMX_CSV_EXPANDED,learned_permuted_prior,CD8 T,0.016453382084095063,0.14754098360655737,0.02960526315789474,61
GEO_GSE305393_GENERIC_COSMX_CSV_EXPANDED,learned_permuted_prior,DC,0.12234580384226491,0.5041666666666667,0.1969080553295362,240
GEO_GSE305393_GENERIC_COSMX_CSV_EXPANDED,learned_permuted_prior,EC,0.7178265014299333,0.6457975986277873,0.6799097065462755,1166
GEO_GSE305393_GENERIC_COSMX_CSV_EXPANDED,learned_permuted_prior,Erythrocyte,0.12484548825710753,0.926605504587156,0.22004357298474947,109
GEO_GSE305393_GENERIC_COSMX_CSV_EXPANDED,learned_permuted_prior,Erythrocytes,0.010714285714285714,0.05172413793103448,0.017751479289940832,58
GEO_GSE305393_GENERIC_COSMX_CSV_EXPANDED,learned_permuted_prior,MSC-like,0.8802083333333334,0.5408,0.6699702675916749,2500
GEO_GSE305393_GENERIC_COSMX_CSV_EXPANDED,learned_permuted_prior,Mac,0.7898248540450375,0.3788,0.512030278453636,2500
GEO_GSE305393_GENERIC_COSMX_CSV_EXPANDED,learned_permuted_prior,Mac/Mic,0.7470870459218643,0.46881720430107526,0.5761099365750528,2325
GEO_GSE305393_GENERIC_COSMX_CSV_EXPANDED,learned_permuted_prior,Mural,0.5472312703583062,0.7272727272727273,0.6245353159851301,1155
GEO_GSE305393_GENERIC_COSMX_CSV_EXPANDED,learned_permuted_prior,NK,0.05536912751677853,0.2619047619047619,0.09141274238227148,126
GEO_GSE305393_GENERIC_COSMX_CSV_EXPANDED,learned_permuted_prior,Neuron,0.5582089552238806,0.9055690072639225,0.6906740535549399,413
GEO_GSE305393_GENERIC_COSMX_CSV_EXPANDED,learned_permuted_prior,Neutrophil,0.06531881804043546,0.2916666666666667,0.10673443456162643,144
GEO_GSE305393_GENERIC_COSMX_CSV_EXPANDED,learned_permuted_prior,OPC,0.3780617678381257,0.8787128712871287,0.5286671630677587,404
GEO_GSE305393_GENERIC_COSMX_CSV_EXPANDED,learned_permuted_prior,Oligodendrocyte,0.6810089020771514,0.6464788732394366,0.6632947976878614,710
GEO_GSE305393_GENERIC_COSMX_CSV_EXPANDED,learned_permuted_prior,Plasma,0.6975446428571429,0.481139337952271,0.5694760820045558,1299
GEO_GSE305393_GENERIC_COSMX_CSV_EXPANDED,learned_permuted_prior,Treg,0.019197207678883072,0.19298245614035087,0.03492063492063492,57
GEO_GSE305393_GENERIC_COSMX_CSV_EXPANDED,learned_permuted_prior,Tumor,0.8501552795031055,0.438,0.5781414994720169,2500
GEO_GSE305393_GENERIC_COSMX_CSV_EXPANDED,learned_permuted_prior,Vasculature,0.8936802973977696,0.5473588342440802,0.6789042643321096,2196
GEO_GSE305393_GENERIC_COSMX_CSV_EXPANDED,learned_random_graph,Astrocyte,0.6398390342052314,0.9284671532846716,0.7575938058368076,685
GEO_GSE305393_GENERIC_COSMX_CSV_EXPANDED,learned_random_graph,Astroglial,0.41513292433537835,0.5970588235294118,0.48974668275030153,340
GEO_GSE305393_GENERIC_COSMX_CSV_EXPANDED,learned_random_graph,CD4 T,0.016713091922005572,0.11764705882352941,0.02926829268292683,51
GEO_GSE305393_GENERIC_COSMX_CSV_EXPANDED,learned_random_graph,CD8 T,0.016917293233082706,0.14754098360655737,0.03035413153456998,61
GEO_GSE305393_GENERIC_COSMX_CSV_EXPANDED,learned_random_graph,DC,0.12688172043010754,0.49166666666666664,0.20170940170940171,240
GEO_GSE305393_GENERIC_COSMX_CSV_EXPANDED,learned_random_graph,EC,0.7422577422577422,0.6372212692967409,0.6857406552838025,1166
GEO_GSE305393_GENERIC_COSMX_CSV_EXPANDED,learned_random_graph,Erythrocyte,0.15658914728682172,0.926605504587156,0.26790450928381965,109
GEO_GSE305393_GENERIC_COSMX_CSV_EXPANDED,learned_random_graph,Erythrocytes,0.0275049115913556,0.2413793103448276,0.04938271604938271,58
GEO_GSE305393_GENERIC_COSMX_CSV_EXPANDED,learned_random_graph,MSC-like,0.8872077028885832,0.516,0.6525037936267072,2500
GEO_GSE305393_GENERIC_COSMX_CSV_EXPANDED,learned_random_graph,Mac,0.815955766192733,0.4132,0.5485926712692512,2500
GEO_GSE305393_GENERIC_COSMX_CSV_EXPANDED,learned_random_graph,Mac/Mic,0.8118609406952966,0.512258064516129,0.6281645569620253,2325
GEO_GSE305393_GENERIC_COSMX_CSV_EXPANDED,learned_random_graph,Mural,0.5490699166132136,0.7411255411255411,0.6308032424465733,1155
GEO_GSE305393_GENERIC_COSMX_CSV_EXPANDED,learned_random_graph,NK,0.05982905982905983,0.2777777777777778,0.09845288326300984,126
GEO_GSE305393_GENERIC_COSMX_CSV_EXPANDED,learned_random_graph,Neuron,0.5749613601236476,0.9007263922518159,0.7018867924528303,413
GEO_GSE305393_GENERIC_COSMX_CSV_EXPANDED,learned_random_graph,Neutrophil,0.08268330733229329,0.3680555555555556,0.13503184713375796,144
GEO_GSE305393_GENERIC_COSMX_CSV_EXPANDED,learned_random_graph,OPC,0.3588709677419355,0.8811881188118812,0.5100286532951289,404
GEO_GSE305393_GENERIC_COSMX_CSV_EXPANDED,learned_random_graph,Oligodendrocyte,0.6716417910447762,0.7605633802816901,0.7133421400264202,710
GEO_GSE305393_GENERIC_COSMX_CSV_EXPANDED,learned_random_graph,Plasma,0.6723585912486659,0.48498845265588914,0.5635062611806798,1299
GEO_GSE305393_GENERIC_COSMX_CSV_EXPANDED,learned_random_graph,Treg,0.02154398563734291,0.21052631578947367,0.03908794788273615,57
GEO_GSE305393_GENERIC_COSMX_CSV_EXPANDED,learned_random_graph,Tumor,0.846272098385857,0.4404,0.579321231254933,2500
GEO_GSE305393_GENERIC_COSMX_CSV_EXPANDED,learned_random_graph,Vasculature,0.8985401459854014,0.5605646630236795,0.6904094223219293,2196
GEO_GSE305393_GENERIC_COSMX_CSV_EXPANDED,marker_context_specific_neighborhood,Astrocyte,0.6548117154811716,0.9138686131386862,0.7629494210847045,685
GEO_GSE305393_GENERIC_COSMX_CSV_EXPANDED,marker_context_specific_neighborhood,Astroglial,0.3888888888888889,0.5970588235294118,0.4709976798143851,340
GEO_GSE305393_GENERIC_COSMX_CSV_EXPANDED,marker_context_specific_neighborhood,CD4 T,0.017632241813602016,0.13725490196078433,0.03125,51
GEO_GSE305393_GENERIC_COSMX_CSV_EXPANDED,marker_context_specific_neighborhood,CD8 T,0.0148975791433892,0.13114754098360656,0.02675585284280936,61
GEO_GSE305393_GENERIC_COSMX_CSV_EXPANDED,marker_context_specific_neighborhood,DC,0.12195121951219512,0.5,0.19607843137254902,240
GEO_GSE305393_GENERIC_COSMX_CSV_EXPANDED,marker_context_specific_neighborhood,EC,0.7243035542747358,0.6466552315608919,0.6832804712279111,1166
GEO_GSE305393_GENERIC_COSMX_CSV_EXPANDED,marker_context_specific_neighborhood,Erythrocyte,0.14326647564469913,0.9174311926605505,0.24783147459727387,109
GEO_GSE305393_GENERIC_COSMX_CSV_EXPANDED,marker_context_specific_neighborhood,Erythrocytes,0.021834061135371178,0.1724137931034483,0.03875968992248062,58
GEO_GSE305393_GENERIC_COSMX_CSV_EXPANDED,marker_context_specific_neighborhood,MSC-like,0.8879668049792531,0.5136,0.6507856056766346,2500
GEO_GSE305393_GENERIC_COSMX_CSV_EXPANDED,marker_context_specific_neighborhood,Mac,0.7995283018867925,0.4068,0.5392364793213149,2500
GEO_GSE305393_GENERIC_COSMX_CSV_EXPANDED,marker_context_specific_neighborhood,Mac/Mic,0.8129851799576571,0.49548387096774194,0.615713522180652,2325
GEO_GSE305393_GENERIC_COSMX_CSV_EXPANDED,marker_context_specific_neighborhood,Mural,0.5380299251870324,0.7471861471861472,0.6255889815150417,1155
GEO_GSE305393_GENERIC_COSMX_CSV_EXPANDED,marker_context_specific_neighborhood,NK,0.05472636815920398,0.2619047619047619,0.0905349794238683,126
GEO_GSE305393_GENERIC_COSMX_CSV_EXPANDED,marker_context_specific_neighborhood,Neuron,0.5825396825396826,0.8886198547215496,0.703739213806328,413
GEO_GSE305393_GENERIC_COSMX_CSV_EXPANDED,marker_context_specific_neighborhood,Neutrophil,0.0893371757925072,0.4305555555555556,0.14797136038186157,144
GEO_GSE305393_GENERIC_COSMX_CSV_EXPANDED,marker_context_specific_neighborhood,OPC,0.3609100310237849,0.8638613861386139,0.5091174325309993,404
GEO_GSE305393_GENERIC_COSMX_CSV_EXPANDED,marker_context_specific_neighborhood,Oligodendrocyte,0.6613300492610837,0.7563380281690141,0.7056504599211564,710
GEO_GSE305393_GENERIC_COSMX_CSV_EXPANDED,marker_context_specific_neighborhood,Plasma,0.681766704416761,0.4634334103156274,0.5517873510540787,1299
GEO_GSE305393_GENERIC_COSMX_CSV_EXPANDED,marker_context_specific_neighborhood,Treg,0.01839464882943144,0.19298245614035087,0.033587786259541993,57
GEO_GSE305393_GENERIC_COSMX_CSV_EXPANDED,marker_context_specific_neighborhood,Tumor,0.8564476885644768,0.4224,0.5657648004286097,2500
GEO_GSE305393_GENERIC_COSMX_CSV_EXPANDED,marker_context_specific_neighborhood,Vasculature,0.8997668997668997,0.5273224043715847,0.6649440137812231,2196
GEO_GSE305393_GENERIC_COSMX_CSV_EXPANDED,marker_learned_neighborhood,Astrocyte,0.6456852791878173,0.9284671532846716,0.7616766467065869,685
GEO_GSE305393_GENERIC_COSMX_CSV_EXPANDED,marker_learned_neighborhood,Astroglial,0.4122448979591837,0.5941176470588235,0.48674698795180726,340
GEO_GSE305393_GENERIC_COSMX_CSV_EXPANDED,marker_learned_neighborhood,CD4 T,0.013812154696132596,0.09803921568627451,0.024213075060532684,51
GEO_GSE305393_GENERIC_COSMX_CSV_EXPANDED,marker_learned_neighborhood,CD8 T,0.016666666666666666,0.14754098360655737,0.02995008319467554,61
GEO_GSE305393_GENERIC_COSMX_CSV_EXPANDED,marker_learned_neighborhood,DC,0.12723449001051526,0.5041666666666667,0.20319059613769944,240
GEO_GSE305393_GENERIC_COSMX_CSV_EXPANDED,marker_learned_neighborhood,EC,0.7438423645320197,0.6475128644939966,0.6923429619440623,1166
GEO_GSE305393_GENERIC_COSMX_CSV_EXPANDED,marker_learned_neighborhood,Erythrocyte,0.1573208722741433,0.926605504587156,0.2689747003994674,109
GEO_GSE305393_GENERIC_COSMX_CSV_EXPANDED,marker_learned_neighborhood,Erythrocytes,0.02620967741935484,0.22413793103448276,0.04693140794223827,58
GEO_GSE305393_GENERIC_COSMX_CSV_EXPANDED,marker_learned_neighborhood,MSC-like,0.886049723756906,0.5132,0.6499493414387031,2500
GEO_GSE305393_GENERIC_COSMX_CSV_EXPANDED,marker_learned_neighborhood,Mac,0.8133439237490071,0.4096,0.5448257515296621,2500
GEO_GSE305393_GENERIC_COSMX_CSV_EXPANDED,marker_learned_neighborhood,Mac/Mic,0.8174931129476584,0.5105376344086021,0.6285411702409319,2325
GEO_GSE305393_GENERIC_COSMX_CSV_EXPANDED,marker_learned_neighborhood,Mural,0.5456273764258555,0.7454545454545455,0.6300768386388583,1155
GEO_GSE305393_GENERIC_COSMX_CSV_EXPANDED,marker_learned_neighborhood,NK,0.05749128919860627,0.2619047619047619,0.09428571428571428,126
GEO_GSE305393_GENERIC_COSMX_CSV_EXPANDED,marker_learned_neighborhood,Neuron,0.5738724727838258,0.8934624697336562,0.6988636363636364,413
GEO_GSE305393_GENERIC_COSMX_CSV_EXPANDED,marker_learned_neighborhood,Neutrophil,0.09049773755656108,0.4166666666666667,0.14869888475836432,144
GEO_GSE305393_GENERIC_COSMX_CSV_EXPANDED,marker_learned_neighborhood,OPC,0.363914373088685,0.8836633663366337,0.5155234657039711,404
GEO_GSE305393_GENERIC_COSMX_CSV_EXPANDED,marker_learned_neighborhood,Oligodendrocyte,0.6683168316831684,0.7605633802816901,0.7114624505928854,710
GEO_GSE305393_GENERIC_COSMX_CSV_EXPANDED,marker_learned_neighborhood,Plasma,0.6737064413938754,0.4911470361816782,0.5681211041852181,1299
GEO_GSE305393_GENERIC_COSMX_CSV_EXPANDED,marker_learned_neighborhood,Treg,0.021238938053097345,0.21052631578947367,0.03858520900321544,57
GEO_GSE305393_GENERIC_COSMX_CSV_EXPANDED,marker_learned_neighborhood,Tumor,0.850654349499615,0.442,0.5817320347459859,2500
GEO_GSE305393_GENERIC_COSMX_CSV_EXPANDED,marker_learned_neighborhood,Vasculature,0.9030574198359433,0.5514571948998178,0.6847610969748374,2196
GEO_GSE305393_GENERIC_COSMX_CSV_EXPANDED,marker_only,Astrocyte,0.6663124335812965,0.9153284671532846,0.7712177121771218,685
GEO_GSE305393_GENERIC_COSMX_CSV_EXPANDED,marker_only,Astroglial,0.32362459546925565,0.5882352941176471,0.41753653444676403,340
GEO_GSE305393_GENERIC_COSMX_CSV_EXPANDED,marker_only,CD4 T,0.018421052631578946,0.13725490196078433,0.03248259860788863,51
GEO_GSE305393_GENERIC_COSMX_CSV_EXPANDED,marker_only,CD8 T,0.01733102253032929,0.16393442622950818,0.03134796238244514,61
GEO_GSE305393_GENERIC_COSMX_CSV_EXPANDED,marker_only,DC,0.12356020942408377,0.49166666666666664,0.19748953974895395,240
GEO_GSE305393_GENERIC_COSMX_CSV_EXPANDED,marker_only,EC,0.708253358925144,0.6329331046312179,0.6684782608695653,1166
GEO_GSE305393_GENERIC_COSMX_CSV_EXPANDED,marker_only,Erythrocyte,0.1348464619492657,0.926605504587156,0.23543123543123542,109
GEO_GSE305393_GENERIC_COSMX_CSV_EXPANDED,marker_only,Erythrocytes,0.0024875621890547263,0.017241379310344827,0.004347826086956522,58
GEO_GSE305393_GENERIC_COSMX_CSV_EXPANDED,marker_only,MSC-like,0.8808080808080808,0.5232,0.6564617314930992,2500
GEO_GSE305393_GENERIC_COSMX_CSV_EXPANDED,marker_only,Mac,0.7893903404592241,0.3988,0.5298963592878023,2500
GEO_GSE305393_GENERIC_COSMX_CSV_EXPANDED,marker_only,Mac/Mic,0.7670850767085077,0.4731182795698925,0.5852620377760043,2325
GEO_GSE305393_GENERIC_COSMX_CSV_EXPANDED,marker_only,Mural,0.5401785714285714,0.7333333333333333,0.6221079691516709,1155
GEO_GSE305393_GENERIC_COSMX_CSV_EXPANDED,marker_only,NK,0.05306799336650083,0.25396825396825395,0.08779149519890261,126
GEO_GSE305393_GENERIC_COSMX_CSV_EXPANDED,marker_only,Neuron,0.5922330097087378,0.8861985472154964,0.7099903006789524,413
GEO_GSE305393_GENERIC_COSMX_CSV_EXPANDED,marker_only,Neutrophil,0.07715582450832073,0.3541666666666667,0.1267080745341615,144
GEO_GSE305393_GENERIC_COSMX_CSV_EXPANDED,marker_only,OPC,0.3793859649122807,0.8564356435643564,0.5258358662613982,404
GEO_GSE305393_GENERIC_COSMX_CSV_EXPANDED,marker_only,Oligodendrocyte,0.6639784946236559,0.6957746478873239,0.6795048143053644,710
GEO_GSE305393_GENERIC_COSMX_CSV_EXPANDED,marker_only,Plasma,0.6979638009049773,0.4749807544264819,0.565277141548328,1299
GEO_GSE305393_GENERIC_COSMX_CSV_EXPANDED,marker_only,Treg,0.01957585644371941,0.21052631578947367,0.03582089552238806,57
GEO_GSE305393_GENERIC_COSMX_CSV_EXPANDED,marker_only,Tumor,0.8460943542150039,0.4376,0.5768520959662536,2500
GEO_GSE305393_GENERIC_COSMX_CSV_EXPANDED,marker_only,Vasculature,0.8781804163454124,0.5186703096539163,0.6521614657887203,2196
GEO_GSE305393_GENERIC_COSMX_CSV_EXPANDED,marker_reference_profile,Astrocyte,0.6996547756041427,0.8875912408759125,0.7824967824967826,685
GEO_GSE305393_GENERIC_COSMX_CSV_EXPANDED,marker_reference_profile,Astroglial,0.3264058679706601,0.7852941176470588,0.4611398963730569,340
GEO_GSE305393_GENERIC_COSMX_CSV_EXPANDED,marker_reference_profile,CD4 T,0.024390243902439025,0.17647058823529413,0.042857142857142864,51
GEO_GSE305393_GENERIC_COSMX_CSV_EXPANDED,marker_reference_profile,CD8 T,0.00847457627118644,0.04918032786885246,0.014457831325301203,61
GEO_GSE305393_GENERIC_COSMX_CSV_EXPANDED,marker_reference_profile,DC,0.16129032258064516,0.2708333333333333,0.20217729393468117,240
GEO_GSE305393_GENERIC_COSMX_CSV_EXPANDED,marker_reference_profile,EC,0.6271186440677966,0.6029159519725558,0.614779186707477,1166
GEO_GSE305393_GENERIC_COSMX_CSV_EXPANDED,marker_reference_profile,Erythrocyte,0.130779392338177,0.908256880733945,0.2286374133949192,109
GEO_GSE305393_GENERIC_COSMX_CSV_EXPANDED,marker_reference_profile,Erythrocytes,0.0022471910112359553,0.017241379310344827,0.003976143141153082,58
GEO_GSE305393_GENERIC_COSMX_CSV_EXPANDED,marker_reference_profile,MSC-like,0.9052808046940486,0.432,0.5848903330625508,2500
GEO_GSE305393_GENERIC_COSMX_CSV_EXPANDED,marker_reference_profile,Mac,0.631109022556391,0.5372,0.5803802938634399,2500
GEO_GSE305393_GENERIC_COSMX_CSV_EXPANDED,marker_reference_profile,Mac/Mic,0.6934306569343066,0.40860215053763443,0.5142083897158323,2325
GEO_GSE305393_GENERIC_COSMX_CSV_EXPANDED,marker_reference_profile,Mural,0.44670280036133697,0.8562770562770563,0.587117839121401,1155
GEO_GSE305393_GENERIC_COSMX_CSV_EXPANDED,marker_reference_profile,NK,0.08196721311475409,0.2777777777777778,0.12658227848101267,126
GEO_GSE305393_GENERIC_COSMX_CSV_EXPANDED,marker_reference_profile,Neuron,0.5703363914373089,0.9031476997578692,0.6991565135895033,413
GEO_GSE305393_GENERIC_COSMX_CSV_EXPANDED,marker_reference_profile,Neutrophil,0.1010989010989011,0.3194444444444444,0.15358931552587646,144
GEO_GSE305393_GENERIC_COSMX_CSV_EXPANDED,marker_reference_profile,OPC,0.37408568443051204,0.8861386138613861,0.5260837619397501,404
GEO_GSE305393_GENERIC_COSMX_CSV_EXPANDED,marker_reference_profile,Oligodendrocyte,0.7358490566037735,0.5492957746478874,0.6290322580645161,710
GEO_GSE305393_GENERIC_COSMX_CSV_EXPANDED,marker_reference_profile,Plasma,0.7388963660834454,0.4226327944572748,0.5377081292850147,1299
GEO_GSE305393_GENERIC_COSMX_CSV_EXPANDED,marker_reference_profile,Treg,0.023752969121140142,0.17543859649122806,0.04184100418410042,57
GEO_GSE305393_GENERIC_COSMX_CSV_EXPANDED,marker_reference_profile,Tumor,0.814674256799494,0.5152,0.6312178387650087,2500
GEO_GSE305393_GENERIC_COSMX_CSV_EXPANDED,marker_reference_profile,Vasculature,0.8845528455284553,0.49544626593806923,0.6351430239346176,2196
GEO_GSE305393_GENERIC_COSMX_CSV_EXPANDED,reference_profile,Astrocyte,0.6806451612903226,0.6160583941605839,0.6467432950191571,685
GEO_GSE305393_GENERIC_COSMX_CSV_EXPANDED,reference_profile,Astroglial,0.1815823605706874,0.8235294117647058,0.2975557917109458,340
GEO_GSE305393_GENERIC_COSMX_CSV_EXPANDED,reference_profile,CD4 T,0.014598540145985401,0.19607843137254902,0.02717391304347826,51
GEO_GSE305393_GENERIC_COSMX_CSV_EXPANDED,reference_profile,CD8 T,0.006060606060606061,0.03278688524590164,0.010230179028132993,61
GEO_GSE305393_GENERIC_COSMX_CSV_EXPANDED,reference_profile,DC,0.10828025477707007,0.07083333333333333,0.08564231738035265,240
GEO_GSE305393_GENERIC_COSMX_CSV_EXPANDED,reference_profile,EC,0.46579804560260585,0.49056603773584906,0.4778613199665831,1166
GEO_GSE305393_GENERIC_COSMX_CSV_EXPANDED,reference_profile,Erythrocyte,0.19148936170212766,0.5779816513761468,0.2876712328767123,109
GEO_GSE305393_GENERIC_COSMX_CSV_EXPANDED,reference_profile,Erythrocytes,0.050314465408805034,0.27586206896551724,0.08510638297872342,58
GEO_GSE305393_GENERIC_COSMX_CSV_EXPANDED,reference_profile,MSC-like,0.8366336633663366,0.2028,0.3264649066323245,2500
GEO_GSE305393_GENERIC_COSMX_CSV_EXPANDED,reference_profile,Mac,0.5348837209302325,0.4784,0.5050675675675675,2500
GEO_GSE305393_GENERIC_COSMX_CSV_EXPANDED,reference_profile,Mac/Mic,0.5485175202156334,0.3501075268817204,0.42740876870569705,2325
GEO_GSE305393_GENERIC_COSMX_CSV_EXPANDED,reference_profile,Mural,0.3125,0.8571428571428571,0.4580152671755725,1155
GEO_GSE305393_GENERIC_COSMX_CSV_EXPANDED,reference_profile,NK,0.045576407506702415,0.1349206349206349,0.06813627254509018,126
GEO_GSE305393_GENERIC_COSMX_CSV_EXPANDED,reference_profile,Neuron,0.4472295514511873,0.8208232445520581,0.578992314261315,413
GEO_GSE305393_GENERIC_COSMX_CSV_EXPANDED,reference_profile,Neutrophil,0.08013937282229965,0.1597222222222222,0.10672853828306263,144
GEO_GSE305393_GENERIC_COSMX_CSV_EXPANDED,reference_profile,OPC,0.39927184466019416,0.8143564356435643,0.5358306188925082,404
GEO_GSE305393_GENERIC_COSMX_CSV_EXPANDED,reference_profile,Oligodendrocyte,0.7467811158798283,0.24507042253521127,0.36903499469777307,710
GEO_GSE305393_GENERIC_COSMX_CSV_EXPANDED,reference_profile,Plasma,0.8192307692307692,0.16397228637413394,0.27325208466966,1299
GEO_GSE305393_GENERIC_COSMX_CSV_EXPANDED,reference_profile,Treg,0.007772020725388601,0.05263157894736842,0.013544018058690745,57
GEO_GSE305393_GENERIC_COSMX_CSV_EXPANDED,reference_profile,Tumor,0.6476143141153081,0.5212,0.5775709219858156,2500
GEO_GSE305393_GENERIC_COSMX_CSV_EXPANDED,reference_profile,Vasculature,0.7564422277639236,0.4143897996357013,0.5354516034127684,2196
GEO_GSE307588_GENERIC_COSMX_TSV_EXPANDED,learned_permuted_prior,C00_S,0.5529953917050692,0.24896265560165975,0.34334763948497854,482
GEO_GSE307588_GENERIC_COSMX_TSV_EXPANDED,learned_permuted_prior,C01_S,0.4742857142857143,0.23184357541899442,0.31144465290806755,358
GEO_GSE307588_GENERIC_COSMX_TSV_EXPANDED,learned_permuted_prior,C02_N,0.23809523809523808,0.4225352112676056,0.30456852791878175,71
GEO_GSE307588_GENERIC_COSMX_TSV_EXPANDED,learned_permuted_prior,C03_S_Inj,0.7872340425531915,0.12203166226912929,0.211307824100514,1516
GEO_GSE307588_GENERIC_COSMX_TSV_EXPANDED,learned_permuted_prior,C05_S_Prolif,0.5190380761523046,0.7463976945244957,0.6122931442080378,347
GEO_GSE307588_GENERIC_COSMX_TSV_EXPANDED,learned_permuted_prior,C06_S,0.7235772357723578,0.7235772357723578,0.7235772357723578,246
GEO_GSE307588_GENERIC_COSMX_TSV_EXPANDED,learned_permuted_prior,C07_S_Inj,0.2857142857142857,0.32608695652173914,0.3045685279187817,184
GEO_GSE307588_GENERIC_COSMX_TSV_EXPANDED,learned_permuted_prior,C09_S_Inj,0.1306122448979592,0.31683168316831684,0.18497109826589597,101
GEO_GSE307588_GENERIC_COSMX_TSV_EXPANDED,learned_permuted_prior,C10_S,0.14928909952606634,0.5625,0.23595505617977527,112
GEO_GSE307588_GENERIC_COSMX_TSV_EXPANDED,learned_permuted_prior,C11_N_PT,0.15702479338842976,0.5757575757575758,0.24675324675324675,33
GEO_GSE307588_GENERIC_COSMX_TSV_EXPANDED,learned_permuted_prior,C12_S_Inj,0.012658227848101266,0.06451612903225806,0.021164021164021163,31
GEO_GSE307588_GENERIC_COSMX_TSV_EXPANDED,learned_permuted_prior,C14_S,0.4358974358974359,0.68,0.53125,25
GEO_GSE307588_GENERIC_COSMX_TSV_EXPANDED,learned_permuted_prior,C16_S_Inj,0.1,0.78125,0.1773049645390071,32
GEO_GSE307588_GENERIC_COSMX_TSV_EXPANDED,learned_permuted_prior,C17_S_Inj,0.03389830508474576,0.27586206896551724,0.06037735849056603,29
GEO_GSE307588_GENERIC_COSMX_TSV_EXPANDED,learned_permuted_prior,C20_N_DT,0.24152542372881355,0.5643564356435643,0.3382789317507418,101
GEO_GSE307588_GENERIC_COSMX_TSV_EXPANDED,learned_permuted_prior,C21_N_CS,0.12080536912751678,0.8,0.2099125364431487,45
GEO_GSE307588_GENERIC_COSMX_TSV_EXPANDED,learned_random_graph,C00_S,0.5502958579881657,0.19294605809128632,0.28571428571428575,482
GEO_GSE307588_GENERIC_COSMX_TSV_EXPANDED,learned_random_graph,C01_S,0.48520710059171596,0.22905027932960895,0.3111954459203036,358
GEO_GSE307588_GENERIC_COSMX_TSV_EXPANDED,learned_random_graph,C02_N,0.20279720279720279,0.4084507042253521,0.27102803738317754,71
GEO_GSE307588_GENERIC_COSMX_TSV_EXPANDED,learned_random_graph,C03_S_Inj,0.7878787878787878,0.10290237467018469,0.1820303383897316,1516
GEO_GSE307588_GENERIC_COSMX_TSV_EXPANDED,learned_random_graph,C05_S_Prolif,0.5048732943469786,0.7463976945244957,0.6023255813953488,347
GEO_GSE307588_GENERIC_COSMX_TSV_EXPANDED,learned_random_graph,C06_S,0.7412280701754386,0.6869918699186992,0.7130801687763713,246
GEO_GSE307588_GENERIC_COSMX_TSV_EXPANDED,learned_random_graph,C07_S_Inj,0.2789473684210526,0.28804347826086957,0.2834224598930481,184
GEO_GSE307588_GENERIC_COSMX_TSV_EXPANDED,learned_random_graph,C09_S_Inj,0.12184873949579832,0.2871287128712871,0.1710914454277286,101
GEO_GSE307588_GENERIC_COSMX_TSV_EXPANDED,learned_random_graph,C10_S,0.15432098765432098,0.6696428571428571,0.2508361204013378,112
GEO_GSE307588_GENERIC_COSMX_TSV_EXPANDED,learned_random_graph,C11_N_PT,0.14189189189189189,0.6363636363636364,0.23204419889502761,33
GEO_GSE307588_GENERIC_COSMX_TSV_EXPANDED,learned_random_graph,C12_S_Inj,0.017543859649122806,0.0967741935483871,0.029702970297029698,31
GEO_GSE307588_GENERIC_COSMX_TSV_EXPANDED,learned_random_graph,C14_S,0.3902439024390244,0.64,0.48484848484848486,25
GEO_GSE307588_GENERIC_COSMX_TSV_EXPANDED,learned_random_graph,C16_S_Inj,0.09398496240601503,0.78125,0.16778523489932884,32
GEO_GSE307588_GENERIC_COSMX_TSV_EXPANDED,learned_random_graph,C17_S_Inj,0.02242152466367713,0.1724137931034483,0.03968253968253968,29
GEO_GSE307588_GENERIC_COSMX_TSV_EXPANDED,learned_random_graph,C20_N_DT,0.23387096774193547,0.5742574257425742,0.332378223495702,101
GEO_GSE307588_GENERIC_COSMX_TSV_EXPANDED,learned_random_graph,C21_N_CS,0.12411347517730496,0.7777777777777778,0.21406727828746178,45
GEO_GSE307588_GENERIC_COSMX_TSV_EXPANDED,marker_context_specific_neighborhood,C00_S,0.576,0.14937759336099585,0.2372322899505766,482
GEO_GSE307588_GENERIC_COSMX_TSV_EXPANDED,marker_context_specific_neighborhood,C01_S,0.4835164835164835,0.24581005586592178,0.3259259259259259,358
GEO_GSE307588_GENERIC_COSMX_TSV_EXPANDED,marker_context_specific_neighborhood,C02_N,0.2196969696969697,0.4084507042253521,0.2857142857142857,71
GEO_GSE307588_GENERIC_COSMX_TSV_EXPANDED,marker_context_specific_neighborhood,C03_S_Inj,0.7672413793103449,0.11741424802110818,0.2036613272311213,1516
GEO_GSE307588_GENERIC_COSMX_TSV_EXPANDED,marker_context_specific_neighborhood,C05_S_Prolif,0.5066921606118547,0.7636887608069164,0.6091954022988506,347
GEO_GSE307588_GENERIC_COSMX_TSV_EXPANDED,marker_context_specific_neighborhood,C06_S,0.7236842105263158,0.6707317073170732,0.6962025316455697,246
GEO_GSE307588_GENERIC_COSMX_TSV_EXPANDED,marker_context_specific_neighborhood,C07_S_Inj,0.26804123711340205,0.2826086956521739,0.2751322751322751,184
GEO_GSE307588_GENERIC_COSMX_TSV_EXPANDED,marker_context_specific_neighborhood,C09_S_Inj,0.13063063063063063,0.2871287128712871,0.17956656346749228,101
GEO_GSE307588_GENERIC_COSMX_TSV_EXPANDED,marker_context_specific_neighborhood,C10_S,0.14457831325301204,0.6428571428571429,0.23606557377049178,112
GEO_GSE307588_GENERIC_COSMX_TSV_EXPANDED,marker_context_specific_neighborhood,C11_N_PT,0.11965811965811966,0.42424242424242425,0.18666666666666668,33
GEO_GSE307588_GENERIC_COSMX_TSV_EXPANDED,marker_context_specific_neighborhood,C12_S_Inj,0.01507537688442211,0.0967741935483871,0.02608695652173913,31
GEO_GSE307588_GENERIC_COSMX_TSV_EXPANDED,marker_context_specific_neighborhood,C14_S,0.3137254901960784,0.64,0.42105263157894735,25
GEO_GSE307588_GENERIC_COSMX_TSV_EXPANDED,marker_context_specific_neighborhood,C16_S_Inj,0.09090909090909091,0.78125,0.16286644951140067,32
GEO_GSE307588_GENERIC_COSMX_TSV_EXPANDED,marker_context_specific_neighborhood,C17_S_Inj,0.02040816326530612,0.13793103448275862,0.03555555555555555,29
GEO_GSE307588_GENERIC_COSMX_TSV_EXPANDED,marker_context_specific_neighborhood,C20_N_DT,0.21755725190839695,0.5643564356435643,0.3140495867768595,101
GEO_GSE307588_GENERIC_COSMX_TSV_EXPANDED,marker_context_specific_neighborhood,C21_N_CS,0.1263537906137184,0.7777777777777778,0.21739130434782608,45
GEO_GSE307588_GENERIC_COSMX_TSV_EXPANDED,marker_learned_neighborhood,C00_S,0.5766871165644172,0.1950207468879668,0.2914728682170543,482
GEO_GSE307588_GENERIC_COSMX_TSV_EXPANDED,marker_learned_neighborhood,C01_S,0.49693251533742333,0.22625698324022347,0.31094049904030713,358
GEO_GSE307588_GENERIC_COSMX_TSV_EXPANDED,marker_learned_neighborhood,C02_N,0.1986754966887417,0.4225352112676056,0.27027027027027023,71
GEO_GSE307588_GENERIC_COSMX_TSV_EXPANDED,marker_learned_neighborhood,C03_S_Inj,0.780373831775701,0.11015831134564644,0.1930635838150289,1516
GEO_GSE307588_GENERIC_COSMX_TSV_EXPANDED,marker_learned_neighborhood,C05_S_Prolif,0.5066921606118547,0.7636887608069164,0.6091954022988506,347
GEO_GSE307588_GENERIC_COSMX_TSV_EXPANDED,marker_learned_neighborhood,C06_S,0.7489361702127659,0.7154471544715447,0.7318087318087317,246
GEO_GSE307588_GENERIC_COSMX_TSV_EXPANDED,marker_learned_neighborhood,C07_S_Inj,0.2828282828282828,0.30434782608695654,0.2931937172774869,184
GEO_GSE307588_GENERIC_COSMX_TSV_EXPANDED,marker_learned_neighborhood,C09_S_Inj,0.11504424778761062,0.25742574257425743,0.15902140672782875,101
GEO_GSE307588_GENERIC_COSMX_TSV_EXPANDED,marker_learned_neighborhood,C10_S,0.14770459081836326,0.6607142857142857,0.24143556280587275,112
GEO_GSE307588_GENERIC_COSMX_TSV_EXPANDED,marker_learned_neighborhood,C11_N_PT,0.16260162601626016,0.6060606060606061,0.2564102564102564,33
GEO_GSE307588_GENERIC_COSMX_TSV_EXPANDED,marker_learned_neighborhood,C12_S_Inj,0.01775147928994083,0.0967741935483871,0.03,31
GEO_GSE307588_GENERIC_COSMX_TSV_EXPANDED,marker_learned_neighborhood,C14_S,0.37209302325581395,0.64,0.4705882352941177,25
GEO_GSE307588_GENERIC_COSMX_TSV_EXPANDED,marker_learned_neighborhood,C16_S_Inj,0.0946969696969697,0.78125,0.1689189189189189,32
GEO_GSE307588_GENERIC_COSMX_TSV_EXPANDED,marker_learned_neighborhood,C17_S_Inj,0.032407407407407406,0.2413793103448276,0.057142857142857134,29
GEO_GSE307588_GENERIC_COSMX_TSV_EXPANDED,marker_learned_neighborhood,C20_N_DT,0.21653543307086615,0.5445544554455446,0.30985915492957744,101
GEO_GSE307588_GENERIC_COSMX_TSV_EXPANDED,marker_learned_neighborhood,C21_N_CS,0.12222222222222222,0.7333333333333333,0.2095238095238095,45
GEO_GSE307588_GENERIC_COSMX_TSV_EXPANDED,marker_only,C00_S,0.581081081081081,0.17842323651452283,0.273015873015873,482
GEO_GSE307588_GENERIC_COSMX_TSV_EXPANDED,marker_only,C01_S,0.49101796407185627,0.22905027932960895,0.31238095238095237,358
GEO_GSE307588_GENERIC_COSMX_TSV_EXPANDED,marker_only,C02_N,0.24427480916030533,0.4507042253521127,0.3168316831683168,71
GEO_GSE307588_GENERIC_COSMX_TSV_EXPANDED,marker_only,C03_S_Inj,0.8164251207729468,0.11147757255936676,0.19616947185142194,1516
GEO_GSE307588_GENERIC_COSMX_TSV_EXPANDED,marker_only,C05_S_Prolif,0.4981060606060606,0.7579250720461095,0.6011428571428571,347
GEO_GSE307588_GENERIC_COSMX_TSV_EXPANDED,marker_only,C06_S,0.7560975609756098,0.6300813008130082,0.6873614190687362,246
GEO_GSE307588_GENERIC_COSMX_TSV_EXPANDED,marker_only,C07_S_Inj,0.2755102040816326,0.29347826086956524,0.2842105263157895,184
GEO_GSE307588_GENERIC_COSMX_TSV_EXPANDED,marker_only,C09_S_Inj,0.11740890688259109,0.2871287128712871,0.16666666666666666,101
GEO_GSE307588_GENERIC_COSMX_TSV_EXPANDED,marker_only,C10_S,0.14717741935483872,0.6517857142857143,0.24013157894736842,112
GEO_GSE307588_GENERIC_COSMX_TSV_EXPANDED,marker_only,C11_N_PT,0.17592592592592593,0.5757575757575758,0.2695035460992908,33
GEO_GSE307588_GENERIC_COSMX_TSV_EXPANDED,marker_only,C12_S_Inj,0.016483516483516484,0.0967741935483871,0.028169014084507043,31
GEO_GSE307588_GENERIC_COSMX_TSV_EXPANDED,marker_only,C14_S,0.39215686274509803,0.8,0.5263157894736842,25
GEO_GSE307588_GENERIC_COSMX_TSV_EXPANDED,marker_only,C16_S_Inj,0.09363295880149813,0.78125,0.16722408026755853,32
GEO_GSE307588_GENERIC_COSMX_TSV_EXPANDED,marker_only,C17_S_Inj,0.009433962264150943,0.06896551724137931,0.016597510373443983,29
GEO_GSE307588_GENERIC_COSMX_TSV_EXPANDED,marker_only,C20_N_DT,0.21897810218978103,0.594059405940594,0.31999999999999995,101
GEO_GSE307588_GENERIC_COSMX_TSV_EXPANDED,marker_only,C21_N_CS,0.11904761904761904,0.7777777777777778,0.20648967551622416,45
GEO_GSE307588_GENERIC_COSMX_TSV_EXPANDED,marker_reference_profile,C00_S,0.563265306122449,0.2863070539419087,0.3796423658872077,482
GEO_GSE307588_GENERIC_COSMX_TSV_EXPANDED,marker_reference_profile,C01_S,0.48184818481848185,0.40782122905027934,0.4417549167927383,358
GEO_GSE307588_GENERIC_COSMX_TSV_EXPANDED,marker_reference_profile,C02_N,0.3333333333333333,0.4225352112676056,0.3726708074534161,71
GEO_GSE307588_GENERIC_COSMX_TSV_EXPANDED,marker_reference_profile,C03_S_Inj,0.8201058201058201,0.10224274406332454,0.1818181818181818,1516
GEO_GSE307588_GENERIC_COSMX_TSV_EXPANDED,marker_reference_profile,C05_S_Prolif,0.5390946502057613,0.7550432276657061,0.6290516206482593,347
GEO_GSE307588_GENERIC_COSMX_TSV_EXPANDED,marker_reference_profile,C06_S,0.7889908256880734,0.6991869918699187,0.7413793103448276,246
GEO_GSE307588_GENERIC_COSMX_TSV_EXPANDED,marker_reference_profile,C07_S_Inj,0.30177514792899407,0.27717391304347827,0.28895184135977336,184
GEO_GSE307588_GENERIC_COSMX_TSV_EXPANDED,marker_reference_profile,C09_S_Inj,0.11791383219954649,0.5148514851485149,0.19188191881918817,101
GEO_GSE307588_GENERIC_COSMX_TSV_EXPANDED,marker_reference_profile,C10_S,0.16470588235294117,0.5,0.24778761061946902,112
GEO_GSE307588_GENERIC_COSMX_TSV_EXPANDED,marker_reference_profile,C11_N_PT,0.2597402597402597,0.6060606060606061,0.3636363636363636,33
GEO_GSE307588_GENERIC_COSMX_TSV_EXPANDED,marker_reference_profile,C12_S_Inj,0.009478672985781991,0.06451612903225806,0.01652892561983471,31
GEO_GSE307588_GENERIC_COSMX_TSV_EXPANDED,marker_reference_profile,C14_S,0.5135135135135135,0.76,0.6129032258064517,25
GEO_GSE307588_GENERIC_COSMX_TSV_EXPANDED,marker_reference_profile,C16_S_Inj,0.08532423208191127,0.78125,0.15384615384615383,32
GEO_GSE307588_GENERIC_COSMX_TSV_EXPANDED,marker_reference_profile,C17_S_Inj,0.038461538461538464,0.4827586206896552,0.07124681933842239,29
GEO_GSE307588_GENERIC_COSMX_TSV_EXPANDED,marker_reference_profile,C20_N_DT,0.5533980582524272,0.5643564356435643,0.5588235294117647,101
GEO_GSE307588_GENERIC_COSMX_TSV_EXPANDED,marker_reference_profile,C21_N_CS,0.2653061224489796,0.8666666666666667,0.40625,45
GEO_GSE307588_GENERIC_COSMX_TSV_EXPANDED,reference_profile,C00_S,0.5940959409594095,0.33402489626556015,0.4276228419654714,482
GEO_GSE307588_GENERIC_COSMX_TSV_EXPANDED,reference_profile,C01_S,0.416195856873823,0.61731843575419,0.4971878515185602,358
GEO_GSE307588_GENERIC_COSMX_TSV_EXPANDED,reference_profile,C02_N,0.5172413793103449,0.2112676056338028,0.3,71
GEO_GSE307588_GENERIC_COSMX_TSV_EXPANDED,reference_profile,C03_S_Inj,0.9142857142857143,0.021108179419525065,0.041263700838168924,1516
GEO_GSE307588_GENERIC_COSMX_TSV_EXPANDED,reference_profile,C05_S_Prolif,0.512396694214876,0.5360230547550432,0.523943661971831,347
GEO_GSE307588_GENERIC_COSMX_TSV_EXPANDED,reference_profile,C06_S,0.71900826446281,0.7073170731707317,0.7131147540983608,246
GEO_GSE307588_GENERIC_COSMX_TSV_EXPANDED,reference_profile,C07_S_Inj,0.2909090909090909,0.08695652173913043,0.13389121338912136,184
GEO_GSE307588_GENERIC_COSMX_TSV_EXPANDED,reference_profile,C09_S_Inj,0.08300907911802853,0.6336633663366337,0.14678899082568805,101
GEO_GSE307588_GENERIC_COSMX_TSV_EXPANDED,reference_profile,C10_S,0.15151515151515152,0.26785714285714285,0.1935483870967742,112
GEO_GSE307588_GENERIC_COSMX_TSV_EXPANDED,reference_profile,C11_N_PT,0.39215686274509803,0.6060606060606061,0.47619047619047616,33
GEO_GSE307588_GENERIC_COSMX_TSV_EXPANDED,reference_profile,C12_S_Inj,0.030303030303030304,0.1935483870967742,0.052401746724890834,31
GEO_GSE307588_GENERIC_COSMX_TSV_EXPANDED,reference_profile,C14_S,0.3888888888888889,0.56,0.45901639344262296,25
GEO_GSE307588_GENERIC_COSMX_TSV_EXPANDED,reference_profile,C16_S_Inj,0.06040268456375839,0.5625,0.10909090909090909,32
GEO_GSE307588_GENERIC_COSMX_TSV_EXPANDED,reference_profile,C17_S_Inj,0.030690537084398978,0.41379310344827586,0.05714285714285714,29
GEO_GSE307588_GENERIC_COSMX_TSV_EXPANDED,reference_profile,C20_N_DT,0.5121951219512195,0.6237623762376238,0.5625,101
GEO_GSE307588_GENERIC_COSMX_TSV_EXPANDED,reference_profile,C21_N_CS,0.2975206611570248,0.8,0.43373493975903615,45
GEO_GSE308167_H5AD_INTERNAL_LABEL_EXPANDED,learned_permuted_prior,B cell,0.6702702702702703,0.3968,0.4984924623115578,2500
GEO_GSE308167_H5AD_INTERNAL_LABEL_EXPANDED,learned_permuted_prior,ILC,0.143101970865467,0.5778546712802768,0.22939560439560436,289
GEO_GSE308167_H5AD_INTERNAL_LABEL_EXPANDED,learned_permuted_prior,NK cell,0.5339954163483576,0.44100946372239747,0.4830684174153421,1585
GEO_GSE308167_H5AD_INTERNAL_LABEL_EXPANDED,learned_permuted_prior,NKT cell,0.4133685136323659,0.5831265508684863,0.4837879567678847,806
GEO_GSE308167_H5AD_INTERNAL_LABEL_EXPANDED,learned_permuted_prior,T cell,0.7171239356669821,0.3032,0.4262018554962047,2500
GEO_GSE308167_H5AD_INTERNAL_LABEL_EXPANDED,learned_permuted_prior,VSMC,0.09939759036144578,0.4888888888888889,0.16520650813516896,135
GEO_GSE308167_H5AD_INTERNAL_LABEL_EXPANDED,learned_permuted_prior,dendritic cell,0.4978843441466855,0.3333333333333333,0.39932126696832576,1059
GEO_GSE308167_H5AD_INTERNAL_LABEL_EXPANDED,learned_permuted_prior,endothelial cell,0.5210843373493976,0.7046843177189409,0.5991341991341991,982
GEO_GSE308167_H5AD_INTERNAL_LABEL_EXPANDED,learned_permuted_prior,macrophage,0.1444866920152091,0.5891472868217055,0.23206106870229004,258
GEO_GSE308167_H5AD_INTERNAL_LABEL_EXPANDED,learned_permuted_prior,monocyte,0.34941520467836257,0.4417744916820702,0.3902040816326531,541
GEO_GSE308167_H5AD_INTERNAL_LABEL_EXPANDED,learned_permuted_prior,tumor,0.0,0.0,0.0,1120
GEO_GSE308167_H5AD_INTERNAL_LABEL_EXPANDED,learned_random_graph,B cell,0.6829427083333334,0.4196,0.5198216055500495,2500
GEO_GSE308167_H5AD_INTERNAL_LABEL_EXPANDED,learned_random_graph,ILC,0.14596003475238922,0.5813148788927336,0.2333333333333333,289
GEO_GSE308167_H5AD_INTERNAL_LABEL_EXPANDED,learned_random_graph,NK cell,0.5442278860569715,0.4580441640378549,0.49743062692702983,1585
GEO_GSE308167_H5AD_INTERNAL_LABEL_EXPANDED,learned_random_graph,NKT cell,0.4281891168599465,0.5955334987593052,0.4981837052413078,806
GEO_GSE308167_H5AD_INTERNAL_LABEL_EXPANDED,learned_random_graph,T cell,0.7255260750228728,0.3172,0.4414138602838853,2500
GEO_GSE308167_H5AD_INTERNAL_LABEL_EXPANDED,learned_random_graph,VSMC,0.0921595598349381,0.4962962962962963,0.1554524361948956,135
GEO_GSE308167_H5AD_INTERNAL_LABEL_EXPANDED,learned_random_graph,dendritic cell,0.5204081632653061,0.3371104815864023,0.4091690544412607,1059
GEO_GSE308167_H5AD_INTERNAL_LABEL_EXPANDED,learned_random_graph,endothelial cell,0.5204545454545455,0.6995926680244399,0.5968722849695918,982
GEO_GSE308167_H5AD_INTERNAL_LABEL_EXPANDED,learned_random_graph,macrophage,0.15918367346938775,0.6046511627906976,0.25201938610662356,258
GEO_GSE308167_H5AD_INTERNAL_LABEL_EXPANDED,learned_random_graph,monocyte,0.3568215892053973,0.4399260628465804,0.39403973509933776,541
GEO_GSE308167_H5AD_INTERNAL_LABEL_EXPANDED,learned_random_graph,tumor,0.0,0.0,0.0,1120
GEO_GSE308167_H5AD_INTERNAL_LABEL_EXPANDED,marker_context_specific_neighborhood,B cell,0.6957708049113234,0.408,0.5143721633888049,2500
GEO_GSE308167_H5AD_INTERNAL_LABEL_EXPANDED,marker_context_specific_neighborhood,ILC,0.13870967741935483,0.5951557093425606,0.22498364944408109,289
GEO_GSE308167_H5AD_INTERNAL_LABEL_EXPANDED,marker_context_specific_neighborhood,NK cell,0.5504935459377372,0.45741324921135645,0.4996554100620262,1585
GEO_GSE308167_H5AD_INTERNAL_LABEL_EXPANDED,marker_context_specific_neighborhood,NKT cell,0.4305177111716621,0.5880893300248139,0.497115888830624,806
GEO_GSE308167_H5AD_INTERNAL_LABEL_EXPANDED,marker_context_specific_neighborhood,T cell,0.7392120075046904,0.3152,0.44195176668536174,2500
GEO_GSE308167_H5AD_INTERNAL_LABEL_EXPANDED,marker_context_specific_neighborhood,VSMC,0.08835341365461848,0.4888888888888889,0.1496598639455782,135
GEO_GSE308167_H5AD_INTERNAL_LABEL_EXPANDED,marker_context_specific_neighborhood,dendritic cell,0.523598820058997,0.3352219074598678,0.4087507196315487,1059
GEO_GSE308167_H5AD_INTERNAL_LABEL_EXPANDED,marker_context_specific_neighborhood,endothelial cell,0.528158295281583,0.7067209775967414,0.6045296167247387,982
GEO_GSE308167_H5AD_INTERNAL_LABEL_EXPANDED,marker_context_specific_neighborhood,macrophage,0.15736040609137056,0.6007751937984496,0.249396621078037,258
GEO_GSE308167_H5AD_INTERNAL_LABEL_EXPANDED,marker_context_specific_neighborhood,monocyte,0.3516642547033285,0.4491682070240296,0.3944805194805195,541
GEO_GSE308167_H5AD_INTERNAL_LABEL_EXPANDED,marker_context_specific_neighborhood,tumor,0.0,0.0,0.0,1120
GEO_GSE308167_H5AD_INTERNAL_LABEL_EXPANDED,marker_learned_neighborhood,B cell,0.6684527796383122,0.3992,0.4998747808665165,2500
GEO_GSE308167_H5AD_INTERNAL_LABEL_EXPANDED,marker_learned_neighborhood,ILC,0.13674496644295303,0.5640138408304498,0.22012153950033764,289
GEO_GSE308167_H5AD_INTERNAL_LABEL_EXPANDED,marker_learned_neighborhood,NK cell,0.5400302114803626,0.45110410094637227,0.4915778618081815,1585
GEO_GSE308167_H5AD_INTERNAL_LABEL_EXPANDED,marker_learned_neighborhood,NKT cell,0.4249317561419472,0.5794044665012407,0.49028871391076123,806
GEO_GSE308167_H5AD_INTERNAL_LABEL_EXPANDED,marker_learned_neighborhood,T cell,0.7338935574229691,0.3144,0.4402128255390646,2500
GEO_GSE308167_H5AD_INTERNAL_LABEL_EXPANDED,marker_learned_neighborhood,VSMC,0.08949416342412451,0.5111111111111111,0.152317880794702,135
GEO_GSE308167_H5AD_INTERNAL_LABEL_EXPANDED,marker_learned_neighborhood,dendritic cell,0.5328244274809161,0.3295561850802644,0.4072345390898483,1059
GEO_GSE308167_H5AD_INTERNAL_LABEL_EXPANDED,marker_learned_neighborhood,endothelial cell,0.5257575757575758,0.7067209775967414,0.6029539530842746,982
GEO_GSE308167_H5AD_INTERNAL_LABEL_EXPANDED,marker_learned_neighborhood,macrophage,0.15832482124616956,0.6007751937984496,0.25060630557801133,258
GEO_GSE308167_H5AD_INTERNAL_LABEL_EXPANDED,marker_learned_neighborhood,monocyte,0.34457478005865105,0.4343807763401109,0.38430089942763695,541
GEO_GSE308167_H5AD_INTERNAL_LABEL_EXPANDED,marker_learned_neighborhood,tumor,0.0,0.0,0.0,1120
GEO_GSE308167_H5AD_INTERNAL_LABEL_EXPANDED,marker_only,B cell,0.6867949568679496,0.414,0.5165959570751185,2500
GEO_GSE308167_H5AD_INTERNAL_LABEL_EXPANDED,marker_only,ILC,0.14165968147527241,0.5847750865051903,0.22807017543859648,289
GEO_GSE308167_H5AD_INTERNAL_LABEL_EXPANDED,marker_only,NK cell,0.5547226386806596,0.4668769716088328,0.5070229530661186,1585
GEO_GSE308167_H5AD_INTERNAL_LABEL_EXPANDED,marker_only,NKT cell,0.4314079422382672,0.5930521091811415,0.4994775339602926,806
GEO_GSE308167_H5AD_INTERNAL_LABEL_EXPANDED,marker_only,T cell,0.7408759124087592,0.3248,0.45161290322580644,2500
GEO_GSE308167_H5AD_INTERNAL_LABEL_EXPANDED,marker_only,VSMC,0.09728183118741059,0.5037037037037037,0.16306954436450838,135
GEO_GSE308167_H5AD_INTERNAL_LABEL_EXPANDED,marker_only,dendritic cell,0.5249643366619116,0.34749763928234184,0.4181818181818182,1059
GEO_GSE308167_H5AD_INTERNAL_LABEL_EXPANDED,marker_only,endothelial cell,0.5340393343419062,0.7189409368635438,0.6128472222222222,982
GEO_GSE308167_H5AD_INTERNAL_LABEL_EXPANDED,marker_only,macrophage,0.15963855421686746,0.6162790697674418,0.2535885167464115,258
GEO_GSE308167_H5AD_INTERNAL_LABEL_EXPANDED,marker_only,monocyte,0.3524229074889868,0.4436229205175601,0.39279869067103107,541
GEO_GSE308167_H5AD_INTERNAL_LABEL_EXPANDED,marker_only,tumor,0.0,0.0,0.0,1120
GEO_GSE308167_H5AD_INTERNAL_LABEL_EXPANDED,marker_reference_profile,B cell,0.5822571588994947,0.4148,0.4844662462041579,2500
GEO_GSE308167_H5AD_INTERNAL_LABEL_EXPANDED,marker_reference_profile,ILC,0.1651186790505676,0.5536332179930796,0.2543720190779014,289
GEO_GSE308167_H5AD_INTERNAL_LABEL_EXPANDED,marker_reference_profile,NK cell,0.7271815446339017,0.45741324921135645,0.5615801704105345,1585
GEO_GSE308167_H5AD_INTERNAL_LABEL_EXPANDED,marker_reference_profile,NKT cell,0.5218934911242603,0.5471464019851117,0.5342216838279831,806
GEO_GSE308167_H5AD_INTERNAL_LABEL_EXPANDED,marker_reference_profile,T cell,0.7158196134574087,0.4,0.5132152938157557,2500
GEO_GSE308167_H5AD_INTERNAL_LABEL_EXPANDED,marker_reference_profile,VSMC,0.10357815442561205,0.4074074074074074,0.16516516516516516,135
GEO_GSE308167_H5AD_INTERNAL_LABEL_EXPANDED,marker_reference_profile,dendritic cell,0.5599435825105783,0.37488196411709157,0.4490950226244344,1059
GEO_GSE308167_H5AD_INTERNAL_LABEL_EXPANDED,marker_reference_profile,endothelial cell,0.5551330798479087,0.7433808553971487,0.6356116673922508,982
GEO_GSE308167_H5AD_INTERNAL_LABEL_EXPANDED,marker_reference_profile,macrophage,0.2225,0.689922480620155,0.33648393194706994,258
GEO_GSE308167_H5AD_INTERNAL_LABEL_EXPANDED,marker_reference_profile,monocyte,0.3996710526315789,0.4491682070240296,0.4229765013054831,541
GEO_GSE308167_H5AD_INTERNAL_LABEL_EXPANDED,marker_reference_profile,tumor,0.0,0.0,0.0,1120
GEO_GSE308167_H5AD_INTERNAL_LABEL_EXPANDED,reference_profile,B cell,0.5482815057283142,0.402,0.4638818370643896,2500
GEO_GSE308167_H5AD_INTERNAL_LABEL_EXPANDED,reference_profile,ILC,0.4540540540540541,0.2906574394463668,0.35443037974683544,289
GEO_GSE308167_H5AD_INTERNAL_LABEL_EXPANDED,reference_profile,NK cell,0.9011345218800648,0.350788643533123,0.5049954586739328,1585
GEO_GSE308167_H5AD_INTERNAL_LABEL_EXPANDED,reference_profile,NKT cell,0.6679245283018868,0.4392059553349876,0.5299401197604791,806
GEO_GSE308167_H5AD_INTERNAL_LABEL_EXPANDED,reference_profile,T cell,0.6470289487049263,0.5096,0.5701499216827031,2500
GEO_GSE308167_H5AD_INTERNAL_LABEL_EXPANDED,reference_profile,VSMC,0.018805309734513276,0.1259259259259259,0.03272377285851781,135
GEO_GSE308167_H5AD_INTERNAL_LABEL_EXPANDED,reference_profile,dendritic cell,0.5728429985855729,0.38243626062322944,0.45866364665911663,1059
GEO_GSE308167_H5AD_INTERNAL_LABEL_EXPANDED,reference_profile,endothelial cell,0.5392976588628763,0.6568228105906314,0.5922865013774105,982
GEO_GSE308167_H5AD_INTERNAL_LABEL_EXPANDED,reference_profile,macrophage,0.46420323325635104,0.7790697674418605,0.5817655571635312,258
GEO_GSE308167_H5AD_INTERNAL_LABEL_EXPANDED,reference_profile,monocyte,0.6636363636363637,0.4048059149722736,0.5028702640642939,541
GEO_GSE308167_H5AD_INTERNAL_LABEL_EXPANDED,reference_profile,tumor,0.0,0.0,0.0,1120
GEO_GSE308624_GENERIC_H5AD_EXPANDED,learned_permuted_prior,B_cell,0.8007633587786259,0.8392,0.81953125,2500
GEO_GSE308624_GENERIC_H5AD_EXPANDED,learned_permuted_prior,Cancer_cell,0.6559287183002056,0.7656,0.7065337763012183,2500
GEO_GSE308624_GENERIC_H5AD_EXPANDED,learned_permuted_prior,DC,0.3753623188405797,0.4868421052631579,0.4238952536824877,532
GEO_GSE308624_GENERIC_H5AD_EXPANDED,learned_permuted_prior,Endothelial,0.8096676737160121,0.9648,0.8804526373425808,2500
GEO_GSE308624_GENERIC_H5AD_EXPANDED,learned_permuted_prior,Fibroblast,0.8298185384992643,0.6768,0.7455386649041639,2500
GEO_GSE308624_GENERIC_H5AD_EXPANDED,learned_permuted_prior,Myeloid cell,0.7853048462741011,0.6028,0.6820547635211586,2500
GEO_GSE308624_GENERIC_H5AD_EXPANDED,learned_permuted_prior,SMC,0.8416896960126332,0.8528,0.8472084243989668,2500
GEO_GSE308624_GENERIC_H5AD_EXPANDED,learned_permuted_prior,T_cell,0.6966580976863753,0.6504,0.6727347952006619,2500
GEO_GSE308624_GENERIC_H5AD_EXPANDED,learned_random_graph,B_cell,0.7961759082217973,0.8328,0.8140762463343109,2500
GEO_GSE308624_GENERIC_H5AD_EXPANDED,learned_random_graph,Cancer_cell,0.6560247167868177,0.7644,0.7060779604655459,2500
GEO_GSE308624_GENERIC_H5AD_EXPANDED,learned_random_graph,DC,0.3868194842406877,0.5075187969924813,0.43902439024390244,532
GEO_GSE308624_GENERIC_H5AD_EXPANDED,learned_random_graph,Endothelial,0.8058155080213903,0.9644,0.8780043699927167,2500
GEO_GSE308624_GENERIC_H5AD_EXPANDED,learned_random_graph,Fibroblast,0.8171262699564587,0.6756,0.7396540398511058,2500
GEO_GSE308624_GENERIC_H5AD_EXPANDED,learned_random_graph,Myeloid cell,0.7807017543859649,0.6052,0.6818386660657954,2500
GEO_GSE308624_GENERIC_H5AD_EXPANDED,learned_random_graph,SMC,0.8448139350752177,0.8536,0.8491842419419022,2500
GEO_GSE308624_GENERIC_H5AD_EXPANDED,learned_random_graph,T_cell,0.6982041173893999,0.6376,0.6665272841312982,2500
GEO_GSE308624_GENERIC_H5AD_EXPANDED,marker_context_specific_neighborhood,B_cell,0.8042389210019267,0.8348,0.819234543670265,2500
GEO_GSE308624_GENERIC_H5AD_EXPANDED,marker_context_specific_neighborhood,Cancer_cell,0.6553264604810997,0.7628,0.7049907578558225,2500
GEO_GSE308624_GENERIC_H5AD_EXPANDED,marker_context_specific_neighborhood,DC,0.37926509186351703,0.543233082706767,0.44667697063369394,532
GEO_GSE308624_GENERIC_H5AD_EXPANDED,marker_context_specific_neighborhood,Endothelial,0.81235234559568,0.9628,0.8812008054182684,2500
GEO_GSE308624_GENERIC_H5AD_EXPANDED,marker_context_specific_neighborhood,Fibroblast,0.8284052350945226,0.6836,0.7490685952224413,2500
GEO_GSE308624_GENERIC_H5AD_EXPANDED,marker_context_specific_neighborhood,Myeloid cell,0.7854507116499736,0.596,0.6777348191949055,2500
GEO_GSE308624_GENERIC_H5AD_EXPANDED,marker_context_specific_neighborhood,SMC,0.8418367346938775,0.858,0.8498415213946117,2500
GEO_GSE308624_GENERIC_H5AD_EXPANDED,marker_context_specific_neighborhood,T_cell,0.7000871839581517,0.6424,0.6700041718815186,2500
GEO_GSE308624_GENERIC_H5AD_EXPANDED,marker_learned_neighborhood,B_cell,0.7987012987012987,0.8364,0.817116060961313,2500
GEO_GSE308624_GENERIC_H5AD_EXPANDED,marker_learned_neighborhood,Cancer_cell,0.655597398151318,0.766,0.7065117137059583,2500
GEO_GSE308624_GENERIC_H5AD_EXPANDED,marker_learned_neighborhood,DC,0.39565217391304347,0.5131578947368421,0.44680851063829785,532
GEO_GSE308624_GENERIC_H5AD_EXPANDED,marker_learned_neighborhood,Endothelial,0.8152909336941814,0.964,0.8834310850439883,2500
GEO_GSE308624_GENERIC_H5AD_EXPANDED,marker_learned_neighborhood,Fibroblast,0.8311306901615272,0.6792,0.7475236627779,2500
GEO_GSE308624_GENERIC_H5AD_EXPANDED,marker_learned_neighborhood,Myeloid cell,0.7862281603288798,0.612,0.6882591093117408,2500
GEO_GSE308624_GENERIC_H5AD_EXPANDED,marker_learned_neighborhood,SMC,0.8395303326810176,0.858,0.8486646884272997,2500
GEO_GSE308624_GENERIC_H5AD_EXPANDED,marker_learned_neighborhood,T_cell,0.7003907946157186,0.6452,0.6716635436185717,2500
GEO_GSE308624_GENERIC_H5AD_EXPANDED,marker_only,B_cell,0.8030947775628626,0.8304,0.8165191740412979,2500
GEO_GSE308624_GENERIC_H5AD_EXPANDED,marker_only,Cancer_cell,0.654557916381083,0.764,0.7050572166851237,2500
GEO_GSE308624_GENERIC_H5AD_EXPANDED,marker_only,DC,0.40217391304347827,0.4868421052631579,0.44047619047619047,532
GEO_GSE308624_GENERIC_H5AD_EXPANDED,marker_only,Endothelial,0.8015899304405433,0.968,0.8769704656640697,2500
GEO_GSE308624_GENERIC_H5AD_EXPANDED,marker_only,Fibroblast,0.8207954000958313,0.6852,0.7468933943754088,2500
GEO_GSE308624_GENERIC_H5AD_EXPANDED,marker_only,Myeloid cell,0.7752752752752753,0.6196,0.6887505558025789,2500
GEO_GSE308624_GENERIC_H5AD_EXPANDED,marker_only,SMC,0.8525050100200401,0.8508,0.8516516516516516,2500
GEO_GSE308624_GENERIC_H5AD_EXPANDED,marker_only,T_cell,0.6999125109361329,0.64,0.6686167989970747,2500
GEO_GSE308624_GENERIC_H5AD_EXPANDED,marker_reference_profile,B_cell,0.8912540490513651,0.7704,0.8264320961167131,2500
GEO_GSE308624_GENERIC_H5AD_EXPANDED,marker_reference_profile,Cancer_cell,0.6169417626907505,0.7924,0.6937489056207319,2500
GEO_GSE308624_GENERIC_H5AD_EXPANDED,marker_reference_profile,DC,0.3998109640831758,0.7951127819548872,0.5320754716981131,532
GEO_GSE308624_GENERIC_H5AD_EXPANDED,marker_reference_profile,Endothelial,0.7978232189973615,0.9676,0.8745480838756328,2500
GEO_GSE308624_GENERIC_H5AD_EXPANDED,marker_reference_profile,Fibroblast,0.826392373306573,0.6588,0.7331404406855108,2500
GEO_GSE308624_GENERIC_H5AD_EXPANDED,marker_reference_profile,Myeloid cell,0.7569553805774278,0.5768,0.6547105561861521,2500
GEO_GSE308624_GENERIC_H5AD_EXPANDED,marker_reference_profile,SMC,0.8668590272052762,0.8412,0.8538367844092569,2500
GEO_GSE308624_GENERIC_H5AD_EXPANDED,marker_reference_profile,T_cell,0.7070347284060552,0.6352,0.6691951116729877,2500
GEO_GSE308624_GENERIC_H5AD_EXPANDED,reference_profile,B_cell,0.9385763490241102,0.654,0.770862800565771,2500
GEO_GSE308624_GENERIC_H5AD_EXPANDED,reference_profile,Cancer_cell,0.5841814480953765,0.8036,0.6765448728742212,2500
GEO_GSE308624_GENERIC_H5AD_EXPANDED,reference_profile,DC,0.2970789310130516,0.8984962406015038,0.4465203176085942,532
GEO_GSE308624_GENERIC_H5AD_EXPANDED,reference_profile,Endothelial,0.772042321256813,0.9632,0.8570920092543156,2500
GEO_GSE308624_GENERIC_H5AD_EXPANDED,reference_profile,Fibroblast,0.8112324492979719,0.624,0.705403572236039,2500
GEO_GSE308624_GENERIC_H5AD_EXPANDED,reference_profile,Myeloid cell,0.7247990105132962,0.4688,0.5693466116103959,2500
GEO_GSE308624_GENERIC_H5AD_EXPANDED,reference_profile,SMC,0.8738317757009346,0.8228,0.8475484136794397,2500
GEO_GSE308624_GENERIC_H5AD_EXPANDED,reference_profile,T_cell,0.6864064602960969,0.612,0.6470712624233453,2500
GEO_GSE308952_H5AD_INTERNAL_LABEL_EXPANDED,learned_permuted_prior,Fibroblasts_1,0.3004032258064516,0.3239130434782609,0.3117154811715481,460
GEO_GSE308952_H5AD_INTERNAL_LABEL_EXPANDED,learned_permuted_prior,Fibroblasts_2,0.3441682600382409,0.5027932960893855,0.4086265607264472,358
GEO_GSE308952_H5AD_INTERNAL_LABEL_EXPANDED,learned_permuted_prior,Glia,0.36915077989601386,0.9181034482758621,0.5265760197775031,232
GEO_GSE308952_H5AD_INTERNAL_LABEL_EXPANDED,learned_permuted_prior,Inflammatory_Fibroblasts,0.45038167938931295,0.3702928870292887,0.40642939150401836,478
GEO_GSE308952_H5AD_INTERNAL_LABEL_EXPANDED,learned_permuted_prior,Macrophages,0.3968503937007874,0.4632352941176471,0.4274809160305344,544
GEO_GSE308952_H5AD_INTERNAL_LABEL_EXPANDED,learned_permuted_prior,Myofibroblasts,0.7397881996974282,0.4151103565365025,0.5318107667210441,1178
GEO_GSE308952_H5AD_INTERNAL_LABEL_EXPANDED,learned_permuted_prior,Stromal,0.335632183908046,0.31063829787234043,0.3226519337016575,470
GEO_GSE308952_H5AD_INTERNAL_LABEL_EXPANDED,learned_random_graph,Fibroblasts_1,0.2938689217758985,0.30217391304347824,0.2979635584137192,460
GEO_GSE308952_H5AD_INTERNAL_LABEL_EXPANDED,learned_random_graph,Fibroblasts_2,0.3389830508474576,0.5027932960893855,0.40494938132733405,358
GEO_GSE308952_H5AD_INTERNAL_LABEL_EXPANDED,learned_random_graph,Glia,0.37455197132616486,0.9008620689655172,0.529113924050633,232
GEO_GSE308952_H5AD_INTERNAL_LABEL_EXPANDED,learned_random_graph,Inflammatory_Fibroblasts,0.45964125560538116,0.42887029288702927,0.44372294372294374,478
GEO_GSE308952_H5AD_INTERNAL_LABEL_EXPANDED,learned_random_graph,Macrophages,0.4024390243902439,0.42463235294117646,0.41323792486583183,544
GEO_GSE308952_H5AD_INTERNAL_LABEL_EXPANDED,learned_random_graph,Myofibroblasts,0.7362962962962963,0.4219015280135823,0.5364274150026983,1178
GEO_GSE308952_H5AD_INTERNAL_LABEL_EXPANDED,learned_random_graph,Stromal,0.3326133909287257,0.3276595744680851,0.33011789924973206,470
GEO_GSE308952_H5AD_INTERNAL_LABEL_EXPANDED,marker_context_specific_neighborhood,Fibroblasts_1,0.2832618025751073,0.28695652173913044,0.285097192224622,460
GEO_GSE308952_H5AD_INTERNAL_LABEL_EXPANDED,marker_context_specific_neighborhood,Fibroblasts_2,0.3497164461247637,0.5167597765363129,0.41713641488162345,358
GEO_GSE308952_H5AD_INTERNAL_LABEL_EXPANDED,marker_context_specific_neighborhood,Glia,0.38475177304964536,0.9353448275862069,0.5452261306532663,232
GEO_GSE308952_H5AD_INTERNAL_LABEL_EXPANDED,marker_context_specific_neighborhood,Inflammatory_Fibroblasts,0.45076586433260396,0.4309623430962343,0.44064171122994655,478
GEO_GSE308952_H5AD_INTERNAL_LABEL_EXPANDED,marker_context_specific_neighborhood,Macrophages,0.39752650176678445,0.41360294117647056,0.4054054054054054,544
GEO_GSE308952_H5AD_INTERNAL_LABEL_EXPANDED,marker_context_specific_neighborhood,Myofibroblasts,0.7315950920245399,0.40492359932088284,0.521311475409836,1178
GEO_GSE308952_H5AD_INTERNAL_LABEL_EXPANDED,marker_context_specific_neighborhood,Stromal,0.3436213991769547,0.3553191489361702,0.34937238493723843,470
GEO_GSE308952_H5AD_INTERNAL_LABEL_EXPANDED,marker_learned_neighborhood,Fibroblasts_1,0.2928416485900217,0.29347826086956524,0.2931596091205212,460
GEO_GSE308952_H5AD_INTERNAL_LABEL_EXPANDED,marker_learned_neighborhood,Fibroblasts_2,0.3497164461247637,0.5167597765363129,0.41713641488162345,358
GEO_GSE308952_H5AD_INTERNAL_LABEL_EXPANDED,marker_learned_neighborhood,Glia,0.3927927927927928,0.9396551724137931,0.554002541296061,232
GEO_GSE308952_H5AD_INTERNAL_LABEL_EXPANDED,marker_learned_neighborhood,Inflammatory_Fibroblasts,0.46710526315789475,0.4456066945606695,0.45610278372591007,478
GEO_GSE308952_H5AD_INTERNAL_LABEL_EXPANDED,marker_learned_neighborhood,Macrophages,0.4044368600682594,0.43566176470588236,0.4194690265486726,544
GEO_GSE308952_H5AD_INTERNAL_LABEL_EXPANDED,marker_learned_neighborhood,Myofibroblasts,0.753731343283582,0.42869269949066213,0.5465367965367964,1178
GEO_GSE308952_H5AD_INTERNAL_LABEL_EXPANDED,marker_learned_neighborhood,Stromal,0.34557235421166305,0.3404255319148936,0.3429796355841372,470
GEO_GSE308952_H5AD_INTERNAL_LABEL_EXPANDED,marker_only,Fibroblasts_1,0.2869022869022869,0.3,0.2933049946865038,460
GEO_GSE308952_H5AD_INTERNAL_LABEL_EXPANDED,marker_only,Fibroblasts_2,0.3296500920810313,0.5,0.3973362930077692,358
GEO_GSE308952_H5AD_INTERNAL_LABEL_EXPANDED,marker_only,Glia,0.3743218806509946,0.8922413793103449,0.5273885350318471,232
GEO_GSE308952_H5AD_INTERNAL_LABEL_EXPANDED,marker_only,Inflammatory_Fibroblasts,0.45047169811320753,0.399581589958159,0.42350332594235035,478
GEO_GSE308952_H5AD_INTERNAL_LABEL_EXPANDED,marker_only,Macrophages,0.3938879456706282,0.4264705882352941,0.40953221535745804,544
GEO_GSE308952_H5AD_INTERNAL_LABEL_EXPANDED,marker_only,Myofibroblasts,0.7250384024577573,0.400679117147708,0.5161290322580646,1178
GEO_GSE308952_H5AD_INTERNAL_LABEL_EXPANDED,marker_only,Stromal,0.3298538622129436,0.33617021276595743,0.3329820864067439,470
GEO_GSE308952_H5AD_INTERNAL_LABEL_EXPANDED,marker_reference_profile,Fibroblasts_1,0.3176470588235294,0.23478260869565218,0.27,460
GEO_GSE308952_H5AD_INTERNAL_LABEL_EXPANDED,marker_reference_profile,Fibroblasts_2,0.3766990291262136,0.5418994413407822,0.4444444444444445,358
GEO_GSE308952_H5AD_INTERNAL_LABEL_EXPANDED,marker_reference_profile,Glia,0.35855263157894735,0.9396551724137931,0.519047619047619,232
GEO_GSE308952_H5AD_INTERNAL_LABEL_EXPANDED,marker_reference_profile,Inflammatory_Fibroblasts,0.5568,0.7280334728033473,0.6310063463281959,478
GEO_GSE308952_H5AD_INTERNAL_LABEL_EXPANDED,marker_reference_profile,Macrophages,0.5257048092868989,0.5827205882352942,0.5527462946817787,544
GEO_GSE308952_H5AD_INTERNAL_LABEL_EXPANDED,marker_reference_profile,Myofibroblasts,0.822884012539185,0.4456706281833616,0.5781938325991189,1178
GEO_GSE308952_H5AD_INTERNAL_LABEL_EXPANDED,marker_reference_profile,Stromal,0.3248081841432225,0.2702127659574468,0.2950058072009291,470
GEO_GSE308952_H5AD_INTERNAL_LABEL_EXPANDED,reference_profile,Fibroblasts_1,0.2895927601809955,0.1391304347826087,0.18795888399412627,460
GEO_GSE308952_H5AD_INTERNAL_LABEL_EXPANDED,reference_profile,Fibroblasts_2,0.3540856031128405,0.5083798882681564,0.4174311926605505,358
GEO_GSE308952_H5AD_INTERNAL_LABEL_EXPANDED,reference_profile,Glia,0.30080213903743314,0.9698275862068966,0.4591836734693877,232
GEO_GSE308952_H5AD_INTERNAL_LABEL_EXPANDED,reference_profile,Inflammatory_Fibroblasts,0.5200553250345782,0.7866108786610879,0.6261448792672774,478
GEO_GSE308952_H5AD_INTERNAL_LABEL_EXPANDED,reference_profile,Macrophages,0.5499124343257443,0.5772058823529411,0.5632286995515696,544
GEO_GSE308952_H5AD_INTERNAL_LABEL_EXPANDED,reference_profile,Myofibroblasts,0.8340874811463047,0.4694397283531409,0.6007604562737643,1178
GEO_GSE308952_H5AD_INTERNAL_LABEL_EXPANDED,reference_profile,Stromal,0.22857142857142856,0.13617021276595745,0.17066666666666666,470
GEO_GSE310129_GENERIC_H5AD_EXPANDED,learned_permuted_prior,1,0.6566037735849056,0.3700159489633174,0.47330839850391027,1881
GEO_GSE310129_GENERIC_H5AD_EXPANDED,learned_permuted_prior,10,0.45098039215686275,0.3029637760702525,0.3624425476034143,911
GEO_GSE310129_GENERIC_H5AD_EXPANDED,learned_permuted_prior,11,0.5776892430278885,0.651685393258427,0.6124604012671595,890
GEO_GSE310129_GENERIC_H5AD_EXPANDED,learned_permuted_prior,12,0.54125,0.49372862029646525,0.5163983303518187,877
GEO_GSE310129_GENERIC_H5AD_EXPANDED,learned_permuted_prior,13,0.6338582677165354,0.5577367205542725,0.5933660933660934,866
GEO_GSE310129_GENERIC_H5AD_EXPANDED,learned_permuted_prior,14,0.4091580502215657,0.3398773006134969,0.371313672922252,815
GEO_GSE310129_GENERIC_H5AD_EXPANDED,learned_permuted_prior,15,0.6140350877192983,0.25925925925925924,0.3645833333333333,810
GEO_GSE310129_GENERIC_H5AD_EXPANDED,learned_permuted_prior,16,0.5853658536585366,0.4051948051948052,0.47889485801995396,770
GEO_GSE310129_GENERIC_H5AD_EXPANDED,learned_permuted_prior,17,0.4721311475409836,0.3983402489626556,0.43210802700675166,723
GEO_GSE310129_GENERIC_H5AD_EXPANDED,learned_permuted_prior,18,0.4981481481481482,0.3932748538011696,0.4395424836601307,684
GEO_GSE310129_GENERIC_H5AD_EXPANDED,learned_permuted_prior,19,0.481421647819063,0.45220030349013657,0.4663536776212832,659
GEO_GSE310129_GENERIC_H5AD_EXPANDED,learned_permuted_prior,2,0.6833333333333333,0.4236883942766296,0.5230618253189402,1258
GEO_GSE310129_GENERIC_H5AD_EXPANDED,learned_permuted_prior,20,0.5189873417721519,0.8100303951367781,0.6326409495548961,658
GEO_GSE310129_GENERIC_H5AD_EXPANDED,learned_permuted_prior,21,0.4144144144144144,0.2327150084317032,0.2980561555075594,593
GEO_GSE310129_GENERIC_H5AD_EXPANDED,learned_permuted_prior,22,0.36948391922213913,0.9629629629629629,0.534054054054054,513
GEO_GSE310129_GENERIC_H5AD_EXPANDED,learned_permuted_prior,23,0.1380381713271194,0.6308316430020284,0.22651128914785146,493
GEO_GSE310129_GENERIC_H5AD_EXPANDED,learned_permuted_prior,24,0.4461538461538462,0.9598108747044918,0.609152288072018,423
GEO_GSE310129_GENERIC_H5AD_EXPANDED,learned_permuted_prior,25,0.40054495912806537,0.35083532219570407,0.3740458015267175,419
GEO_GSE310129_GENERIC_H5AD_EXPANDED,learned_permuted_prior,26,0.4739970282317979,0.9246376811594202,0.6267190569744597,345
GEO_GSE310129_GENERIC_H5AD_EXPANDED,learned_permuted_prior,27,0.40380549682875266,0.9362745098039216,0.5642540620384047,204
GEO_GSE310129_GENERIC_H5AD_EXPANDED,learned_permuted_prior,28,0.0,0.0,0.0,160
GEO_GSE310129_GENERIC_H5AD_EXPANDED,learned_permuted_prior,3,0.6515912897822446,0.6712683347713546,0.6612834679133022,1159
GEO_GSE310129_GENERIC_H5AD_EXPANDED,learned_permuted_prior,4,0.42823250296559906,0.3169446883230904,0.36427850655903127,1139
GEO_GSE310129_GENERIC_H5AD_EXPANDED,learned_permuted_prior,5,0.6702317290552585,0.6637246248896734,0.6669623059866963,1133
GEO_GSE310129_GENERIC_H5AD_EXPANDED,learned_permuted_prior,6,0.6591375770020534,0.5676392572944297,0.6099762470308789,1131
GEO_GSE310129_GENERIC_H5AD_EXPANDED,learned_permuted_prior,7,0.6438746438746439,0.4139194139194139,0.503901895206243,1092
GEO_GSE310129_GENERIC_H5AD_EXPANDED,learned_permuted_prior,8,0.6491499227202473,0.4294478527607362,0.5169230769230769,978
GEO_GSE310129_GENERIC_H5AD_EXPANDED,learned_permuted_prior,9,0.541058394160584,0.6321961620469083,0.5830875122910522,938
GEO_GSE310129_GENERIC_H5AD_EXPANDED,learned_random_graph,1,0.6559454191033138,0.3577884104199894,0.4630202958376333,1881
GEO_GSE310129_GENERIC_H5AD_EXPANDED,learned_random_graph,10,0.4404973357015986,0.2722283205268935,0.33649932157394846,911
GEO_GSE310129_GENERIC_H5AD_EXPANDED,learned_random_graph,11,0.5877358490566038,0.7,0.638974358974359,890
GEO_GSE310129_GENERIC_H5AD_EXPANDED,learned_random_graph,12,0.5340768277571252,0.49144811858608894,0.51187648456057,877
GEO_GSE310129_GENERIC_H5AD_EXPANDED,learned_random_graph,13,0.6342465753424658,0.5346420323325635,0.5802005012531328,866
GEO_GSE310129_GENERIC_H5AD_EXPANDED,learned_random_graph,14,0.39714285714285713,0.3411042944785276,0.366996699669967,815
GEO_GSE310129_GENERIC_H5AD_EXPANDED,learned_random_graph,15,0.6152073732718893,0.3296296296296296,0.4292604501607717,810
GEO_GSE310129_GENERIC_H5AD_EXPANDED,learned_random_graph,16,0.572265625,0.38051948051948054,0.45709828393135726,770
GEO_GSE310129_GENERIC_H5AD_EXPANDED,learned_random_graph,17,0.4494195688225539,0.3748271092669433,0.40874811463046756,723
GEO_GSE310129_GENERIC_H5AD_EXPANDED,learned_random_graph,18,0.47843137254901963,0.3567251461988304,0.40871021775544386,684
GEO_GSE310129_GENERIC_H5AD_EXPANDED,learned_random_graph,19,0.330188679245283,0.37177541729893776,0.34975017844396855,659
GEO_GSE310129_GENERIC_H5AD_EXPANDED,learned_random_graph,2,0.6998784933171325,0.4578696343402226,0.553580009610764,1258
GEO_GSE310129_GENERIC_H5AD_EXPANDED,learned_random_graph,20,0.5203488372093024,0.8161094224924013,0.6355029585798817,658
GEO_GSE310129_GENERIC_H5AD_EXPANDED,learned_random_graph,21,0.45149253731343286,0.20404721753794267,0.281068524970964,593
GEO_GSE310129_GENERIC_H5AD_EXPANDED,learned_random_graph,22,0.38076622361219703,0.949317738791423,0.5435267857142857,513
GEO_GSE310129_GENERIC_H5AD_EXPANDED,learned_random_graph,23,0.13450292397660818,0.6064908722109533,0.22017673048600886,493
GEO_GSE310129_GENERIC_H5AD_EXPANDED,learned_random_graph,24,0.45403587443946186,0.9574468085106383,0.6159695817490495,423
GEO_GSE310129_GENERIC_H5AD_EXPANDED,learned_random_graph,25,0.42,0.4009546539379475,0.41025641025641024,419
GEO_GSE310129_GENERIC_H5AD_EXPANDED,learned_random_graph,26,0.44398907103825136,0.9420289855072463,0.6035283194057568,345
GEO_GSE310129_GENERIC_H5AD_EXPANDED,learned_random_graph,27,0.4157303370786517,0.9068627450980392,0.5701078582434514,204
GEO_GSE310129_GENERIC_H5AD_EXPANDED,learned_random_graph,28,0.0,0.0,0.0,160
GEO_GSE310129_GENERIC_H5AD_EXPANDED,learned_random_graph,3,0.6262135922330098,0.6678170836928387,0.6463465553235909,1159
GEO_GSE310129_GENERIC_H5AD_EXPANDED,learned_random_graph,4,0.4088335220838052,0.3169446883230904,0.35707220573689413,1139
GEO_GSE310129_GENERIC_H5AD_EXPANDED,learned_random_graph,5,0.6307277628032345,0.6195939982347749,0.6251113089937665,1133
GEO_GSE310129_GENERIC_H5AD_EXPANDED,learned_random_graph,6,0.6475675675675676,0.5296198054818745,0.5826848249027239,1131
GEO_GSE310129_GENERIC_H5AD_EXPANDED,learned_random_graph,7,0.645655877342419,0.34706959706959706,0.4514592019058964,1092
GEO_GSE310129_GENERIC_H5AD_EXPANDED,learned_random_graph,8,0.6692307692307692,0.4447852760736196,0.5343980343980343,978
GEO_GSE310129_GENERIC_H5AD_EXPANDED,learned_random_graph,9,0.5273401297497683,0.6066098081023454,0.5642042637580565,938
GEO_GSE310129_GENERIC_H5AD_EXPANDED,marker_context_specific_neighborhood,1,0.6379310344827587,0.3343965975544923,0.4387861876525986,1881
GEO_GSE310129_GENERIC_H5AD_EXPANDED,marker_context_specific_neighborhood,10,0.4142614601018676,0.2678375411635565,0.32533333333333336,911
GEO_GSE310129_GENERIC_H5AD_EXPANDED,marker_context_specific_neighborhood,11,0.5813725490196079,0.6662921348314607,0.6209424083769635,890
GEO_GSE310129_GENERIC_H5AD_EXPANDED,marker_context_specific_neighborhood,12,0.5277419354838709,0.4663625997719498,0.49515738498789347,877
GEO_GSE310129_GENERIC_H5AD_EXPANDED,marker_context_specific_neighborhood,13,0.6103038309114928,0.5334872979214781,0.5693160813308689,866
GEO_GSE310129_GENERIC_H5AD_EXPANDED,marker_context_specific_neighborhood,14,0.35859269282814615,0.32515337423312884,0.34105534105534113,815
GEO_GSE310129_GENERIC_H5AD_EXPANDED,marker_context_specific_neighborhood,15,0.5512820512820513,0.2654320987654321,0.3583333333333333,810
GEO_GSE310129_GENERIC_H5AD_EXPANDED,marker_context_specific_neighborhood,16,0.5080645161290323,0.32727272727272727,0.39810426540284355,770
GEO_GSE310129_GENERIC_H5AD_EXPANDED,marker_context_specific_neighborhood,17,0.43328100470957615,0.3817427385892116,0.40588235294117647,723
GEO_GSE310129_GENERIC_H5AD_EXPANDED,marker_context_specific_neighborhood,18,0.45368620037807184,0.3508771929824561,0.3957131079967024,684
GEO_GSE310129_GENERIC_H5AD_EXPANDED,marker_context_specific_neighborhood,19,0.3718887262079063,0.38543247344461307,0.37853949329359166,659
GEO_GSE310129_GENERIC_H5AD_EXPANDED,marker_context_specific_neighborhood,2,0.6502463054187192,0.41971383147853736,0.5101449275362318,1258
GEO_GSE310129_GENERIC_H5AD_EXPANDED,marker_context_specific_neighborhood,20,0.48872180451127817,0.790273556231003,0.6039488966318234,658
GEO_GSE310129_GENERIC_H5AD_EXPANDED,marker_context_specific_neighborhood,21,0.4110032362459547,0.21416526138279932,0.2815964523281596,593
GEO_GSE310129_GENERIC_H5AD_EXPANDED,marker_context_specific_neighborhood,22,0.3656156156156156,0.949317738791423,0.5279132791327913,513
GEO_GSE310129_GENERIC_H5AD_EXPANDED,marker_context_specific_neighborhood,23,0.1363435148295706,0.6247464503042597,0.22383720930232556,493
GEO_GSE310129_GENERIC_H5AD_EXPANDED,marker_context_specific_neighborhood,24,0.4281183932346723,0.9574468085106383,0.591672753834916,423
GEO_GSE310129_GENERIC_H5AD_EXPANDED,marker_context_specific_neighborhood,25,0.36363636363636365,0.3436754176610978,0.35337423312883437,419
GEO_GSE310129_GENERIC_H5AD_EXPANDED,marker_context_specific_neighborhood,26,0.4581560283687943,0.936231884057971,0.6152380952380953,345
GEO_GSE310129_GENERIC_H5AD_EXPANDED,marker_context_specific_neighborhood,27,0.38924731182795697,0.8872549019607843,0.5411061285500747,204
GEO_GSE310129_GENERIC_H5AD_EXPANDED,marker_context_specific_neighborhood,28,0.0,0.0,0.0,160
GEO_GSE310129_GENERIC_H5AD_EXPANDED,marker_context_specific_neighborhood,3,0.6048780487804878,0.6419327006039689,0.6228547509418166,1159
GEO_GSE310129_GENERIC_H5AD_EXPANDED,marker_context_specific_neighborhood,4,0.4053738317757009,0.30465320456540823,0.3478696741854636,1139
GEO_GSE310129_GENERIC_H5AD_EXPANDED,marker_context_specific_neighborhood,5,0.6255969436485196,0.5781112091791704,0.6009174311926606,1133
GEO_GSE310129_GENERIC_H5AD_EXPANDED,marker_context_specific_neighborhood,6,0.6445993031358885,0.4907161803713528,0.5572289156626506,1131
GEO_GSE310129_GENERIC_H5AD_EXPANDED,marker_context_specific_neighborhood,7,0.6094771241830066,0.3415750915750916,0.43779342723004694,1092
GEO_GSE310129_GENERIC_H5AD_EXPANDED,marker_context_specific_neighborhood,8,0.6271676300578035,0.4437627811860941,0.5197604790419162,978
GEO_GSE310129_GENERIC_H5AD_EXPANDED,marker_context_specific_neighborhood,9,0.5168756027000965,0.5714285714285714,0.5427848101265823,938
GEO_GSE310129_GENERIC_H5AD_EXPANDED,marker_learned_neighborhood,1,0.6483091787439613,0.3567251461988304,0.4602194787379972,1881
GEO_GSE310129_GENERIC_H5AD_EXPANDED,marker_learned_neighborhood,10,0.45454545454545453,0.27991218441273324,0.3464673913043478,911
GEO_GSE310129_GENERIC_H5AD_EXPANDED,marker_learned_neighborhood,11,0.582089552238806,0.701123595505618,0.636085626911315,890
GEO_GSE310129_GENERIC_H5AD_EXPANDED,marker_learned_neighborhood,12,0.5391414141414141,0.4868871151653364,0.5116836428999401,877
GEO_GSE310129_GENERIC_H5AD_EXPANDED,marker_learned_neighborhood,13,0.6388140161725068,0.5473441108545035,0.5895522388059702,866
GEO_GSE310129_GENERIC_H5AD_EXPANDED,marker_learned_neighborhood,14,0.3933933933933934,0.3214723926380368,0.35381498987170823,815
GEO_GSE310129_GENERIC_H5AD_EXPANDED,marker_learned_neighborhood,15,0.6105769230769231,0.3135802469135803,0.41435562805872767,810
GEO_GSE310129_GENERIC_H5AD_EXPANDED,marker_learned_neighborhood,16,0.5605749486652978,0.35454545454545455,0.43436754176610987,770
GEO_GSE310129_GENERIC_H5AD_EXPANDED,marker_learned_neighborhood,17,0.4414976599063963,0.3914246196403873,0.4149560117302053,723
GEO_GSE310129_GENERIC_H5AD_EXPANDED,marker_learned_neighborhood,18,0.490234375,0.3669590643274854,0.4197324414715719,684
GEO_GSE310129_GENERIC_H5AD_EXPANDED,marker_learned_neighborhood,19,0.36857142857142855,0.3915022761760243,0.37969094922737306,659
GEO_GSE310129_GENERIC_H5AD_EXPANDED,marker_learned_neighborhood,2,0.6998769987699877,0.4523052464228935,0.5494929985514244,1258
GEO_GSE310129_GENERIC_H5AD_EXPANDED,marker_learned_neighborhood,20,0.517175572519084,0.8237082066869301,0.6354044548651817,658
GEO_GSE310129_GENERIC_H5AD_EXPANDED,marker_learned_neighborhood,21,0.4460431654676259,0.209106239460371,0.28473019517795634,593
GEO_GSE310129_GENERIC_H5AD_EXPANDED,marker_learned_neighborhood,22,0.36592592592592593,0.9629629629629629,0.5303274288781535,513
GEO_GSE310129_GENERIC_H5AD_EXPANDED,marker_learned_neighborhood,23,0.13811659192825113,0.6247464503042597,0.22622107969151675,493
GEO_GSE310129_GENERIC_H5AD_EXPANDED,marker_learned_neighborhood,24,0.43952483801295894,0.9621749408983451,0.6034099332839139,423
GEO_GSE310129_GENERIC_H5AD_EXPANDED,marker_learned_neighborhood,25,0.39641943734015345,0.36992840095465396,0.38271604938271603,419
GEO_GSE310129_GENERIC_H5AD_EXPANDED,marker_learned_neighborhood,26,0.4429347826086957,0.9449275362318841,0.603145235892692,345
GEO_GSE310129_GENERIC_H5AD_EXPANDED,marker_learned_neighborhood,27,0.3922413793103448,0.8921568627450981,0.5449101796407185,204
GEO_GSE310129_GENERIC_H5AD_EXPANDED,marker_learned_neighborhood,28,0.0,0.0,0.0,160
GEO_GSE310129_GENERIC_H5AD_EXPANDED,marker_learned_neighborhood,3,0.6232227488151659,0.6807592752372735,0.650721649484536,1159
GEO_GSE310129_GENERIC_H5AD_EXPANDED,marker_learned_neighborhood,4,0.4169611307420495,0.3107989464442493,0.3561368209255533,1139
GEO_GSE310129_GENERIC_H5AD_EXPANDED,marker_learned_neighborhood,5,0.6460418562329391,0.6266548984995587,0.6362007168458782,1133
GEO_GSE310129_GENERIC_H5AD_EXPANDED,marker_learned_neighborhood,6,0.6589595375722543,0.5039787798408488,0.5711422845691383,1131
GEO_GSE310129_GENERIC_H5AD_EXPANDED,marker_learned_neighborhood,7,0.6526138279932546,0.3543956043956044,0.45934718100890215,1092
GEO_GSE310129_GENERIC_H5AD_EXPANDED,marker_learned_neighborhood,8,0.6524390243902439,0.4376278118609407,0.5238678090575276,978
GEO_GSE310129_GENERIC_H5AD_EXPANDED,marker_learned_neighborhood,9,0.5372993389990557,0.6066098081023454,0.5698547821732598,938
GEO_GSE310129_GENERIC_H5AD_EXPANDED,marker_only,1,0.6317365269461078,0.3365231259968102,0.4391259105098856,1881
GEO_GSE310129_GENERIC_H5AD_EXPANDED,marker_only,10,0.40134907251264756,0.26125137211855104,0.31648936170212766,911
GEO_GSE310129_GENERIC_H5AD_EXPANDED,marker_only,11,0.5642787046123651,0.6460674157303371,0.6024096385542169,890
GEO_GSE310129_GENERIC_H5AD_EXPANDED,marker_only,12,0.5152671755725191,0.4618015963511973,0.487071557426338,877
GEO_GSE310129_GENERIC_H5AD_EXPANDED,marker_only,13,0.5924932975871313,0.5103926096997691,0.5483870967741935,866
GEO_GSE310129_GENERIC_H5AD_EXPANDED,marker_only,14,0.3505291005291005,0.32515337423312884,0.33736473583704646,815
GEO_GSE310129_GENERIC_H5AD_EXPANDED,marker_only,15,0.5703324808184144,0.27530864197530863,0.37135720233139047,810
GEO_GSE310129_GENERIC_H5AD_EXPANDED,marker_only,16,0.5370741482965932,0.34805194805194806,0.4223798266351458,770
GEO_GSE310129_GENERIC_H5AD_EXPANDED,marker_only,17,0.4263803680981595,0.38450899031811897,0.40436363636363637,723
GEO_GSE310129_GENERIC_H5AD_EXPANDED,marker_only,18,0.4599236641221374,0.35233918128654973,0.39900662251655633,684
GEO_GSE310129_GENERIC_H5AD_EXPANDED,marker_only,19,0.36363636363636365,0.3520485584218513,0.35774865073245954,659
GEO_GSE310129_GENERIC_H5AD_EXPANDED,marker_only,2,0.645326504481434,0.40063593004769477,0.4943599803825405,1258
GEO_GSE310129_GENERIC_H5AD_EXPANDED,marker_only,20,0.4839924670433145,0.7811550151975684,0.5976744186046512,658
GEO_GSE310129_GENERIC_H5AD_EXPANDED,marker_only,21,0.3710247349823322,0.17706576728499157,0.23972602739726032,593
GEO_GSE310129_GENERIC_H5AD_EXPANDED,marker_only,22,0.3738244514106583,0.9298245614035088,0.5332588038010061,513
GEO_GSE310129_GENERIC_H5AD_EXPANDED,marker_only,23,0.13527620704654197,0.6308316430020284,0.22277936962750716,493
GEO_GSE310129_GENERIC_H5AD_EXPANDED,marker_only,24,0.4236401673640167,0.9574468085106383,0.5873821609862219,423
GEO_GSE310129_GENERIC_H5AD_EXPANDED,marker_only,25,0.36097560975609755,0.3532219570405728,0.35705669481302776,419
GEO_GSE310129_GENERIC_H5AD_EXPANDED,marker_only,26,0.4444444444444444,0.9043478260869565,0.5959885386819485,345
GEO_GSE310129_GENERIC_H5AD_EXPANDED,marker_only,27,0.37684210526315787,0.8774509803921569,0.5272459499263623,204
GEO_GSE310129_GENERIC_H5AD_EXPANDED,marker_only,28,0.0,0.0,0.0,160
GEO_GSE310129_GENERIC_H5AD_EXPANDED,marker_only,3,0.5912408759124088,0.6289905090595341,0.6095317725752509,1159
GEO_GSE310129_GENERIC_H5AD_EXPANDED,marker_only,4,0.39172749391727496,0.28270412642669007,0.3284038755736869,1139
GEO_GSE310129_GENERIC_H5AD_EXPANDED,marker_only,5,0.6180094786729858,0.5754633715798765,0.5959780621572213,1133
GEO_GSE310129_GENERIC_H5AD_EXPANDED,marker_only,6,0.637911464245176,0.4969053934571176,0.5586481113320081,1131
GEO_GSE310129_GENERIC_H5AD_EXPANDED,marker_only,7,0.6018957345971564,0.3489010989010989,0.4417391304347826,1092
GEO_GSE310129_GENERIC_H5AD_EXPANDED,marker_only,8,0.5943952802359882,0.4120654396728016,0.4867149758454106,978
GEO_GSE310129_GENERIC_H5AD_EXPANDED,marker_only,9,0.49673202614379086,0.5671641791044776,0.529616724738676,938
GEO_GSE310129_GENERIC_H5AD_EXPANDED,marker_reference_profile,1,0.6963696369636964,0.44869750132908026,0.5457484642741675,1881
GEO_GSE310129_GENERIC_H5AD_EXPANDED,marker_reference_profile,10,0.4680365296803653,0.22502744237102085,0.3039288361749444,911
GEO_GSE310129_GENERIC_H5AD_EXPANDED,marker_reference_profile,11,0.6847345132743363,0.6955056179775281,0.6900780379041249,890
GEO_GSE310129_GENERIC_H5AD_EXPANDED,marker_reference_profile,12,0.5860566448801743,0.61345496009122,0.5994428969359331,877
GEO_GSE310129_GENERIC_H5AD_EXPANDED,marker_reference_profile,13,0.6153846153846154,0.628175519630485,0.6217142857142858,866
GEO_GSE310129_GENERIC_H5AD_EXPANDED,marker_reference_profile,14,0.4231770833333333,0.3987730061349693,0.410612760581175,815
GEO_GSE310129_GENERIC_H5AD_EXPANDED,marker_reference_profile,15,0.6825396825396826,0.4246913580246914,0.5235920852359208,810
GEO_GSE310129_GENERIC_H5AD_EXPANDED,marker_reference_profile,16,0.6553784860557769,0.42727272727272725,0.5172955974842768,770
GEO_GSE310129_GENERIC_H5AD_EXPANDED,marker_reference_profile,17,0.5810344827586207,0.4661134163208852,0.5172678434382195,723
GEO_GSE310129_GENERIC_H5AD_EXPANDED,marker_reference_profile,18,0.5962962962962963,0.47076023391812866,0.5261437908496732,684
GEO_GSE310129_GENERIC_H5AD_EXPANDED,marker_reference_profile,19,0.49559082892416223,0.4264036418816389,0.45840130505709625,659
GEO_GSE310129_GENERIC_H5AD_EXPANDED,marker_reference_profile,2,0.7142857142857143,0.548489666136725,0.6205035971223022,1258
GEO_GSE310129_GENERIC_H5AD_EXPANDED,marker_reference_profile,20,0.5349753694581281,0.8252279635258358,0.649133293484758,658
GEO_GSE310129_GENERIC_H5AD_EXPANDED,marker_reference_profile,21,0.6119096509240246,0.5025295109612141,0.5518518518518518,593
GEO_GSE310129_GENERIC_H5AD_EXPANDED,marker_reference_profile,22,0.42795513373597927,0.9668615984405458,0.5933014354066986,513
GEO_GSE310129_GENERIC_H5AD_EXPANDED,marker_reference_profile,23,0.21857068335941576,0.8498985801217038,0.3477178423236515,493
GEO_GSE310129_GENERIC_H5AD_EXPANDED,marker_reference_profile,24,0.38596491228070173,0.9881796690307328,0.555112881806109,423
GEO_GSE310129_GENERIC_H5AD_EXPANDED,marker_reference_profile,25,0.5028571428571429,0.4200477326968974,0.4577373211963589,419
GEO_GSE310129_GENERIC_H5AD_EXPANDED,marker_reference_profile,26,0.47164591977869985,0.9884057971014493,0.6385767790262172,345
GEO_GSE310129_GENERIC_H5AD_EXPANDED,marker_reference_profile,27,0.45073891625615764,0.8970588235294118,0.6000000000000001,204
GEO_GSE310129_GENERIC_H5AD_EXPANDED,marker_reference_profile,28,0.0,0.0,0.0,160
GEO_GSE310129_GENERIC_H5AD_EXPANDED,marker_reference_profile,3,0.7272727272727273,0.6695427092320967,0.6972147349505841,1159
GEO_GSE310129_GENERIC_H5AD_EXPANDED,marker_reference_profile,4,0.6636029411764706,0.3169446883230904,0.42899584076054664,1139
GEO_GSE310129_GENERIC_H5AD_EXPANDED,marker_reference_profile,5,0.7324478178368121,0.6813768755516328,0.7059899405578418,1133
GEO_GSE310129_GENERIC_H5AD_EXPANDED,marker_reference_profile,6,0.7027027027027027,0.6436781609195402,0.6718966312874942,1131
GEO_GSE310129_GENERIC_H5AD_EXPANDED,marker_reference_profile,7,0.6535326086956522,0.44047619047619047,0.526258205689278,1092
GEO_GSE310129_GENERIC_H5AD_EXPANDED,marker_reference_profile,8,0.7241847826086957,0.5449897750511248,0.6219369894982497,978
GEO_GSE310129_GENERIC_H5AD_EXPANDED,marker_reference_profile,9,0.5533391153512576,0.6801705756929638,0.610234337637494,938
GEO_GSE310129_GENERIC_H5AD_EXPANDED,reference_profile,1,0.6809403862300588,0.43115364167995746,0.5279947916666667,1881
GEO_GSE310129_GENERIC_H5AD_EXPANDED,reference_profile,10,0.40425531914893614,0.145993413830955,0.21451612903225806,911
GEO_GSE310129_GENERIC_H5AD_EXPANDED,reference_profile,11,0.7344497607655502,0.6898876404494382,0.7114716106604867,890
GEO_GSE310129_GENERIC_H5AD_EXPANDED,reference_profile,12,0.5733082706766918,0.6955530216647663,0.6285419886656364,877
GEO_GSE310129_GENERIC_H5AD_EXPANDED,reference_profile,13,0.57,0.6581986143187067,0.6109324758842444,866
GEO_GSE310129_GENERIC_H5AD_EXPANDED,reference_profile,14,0.41309523809523807,0.42576687116564416,0.41933534743202416,815
GEO_GSE310129_GENERIC_H5AD_EXPANDED,reference_profile,15,0.6455284552845528,0.4901234567901235,0.5571929824561404,810
GEO_GSE310129_GENERIC_H5AD_EXPANDED,reference_profile,16,0.7038539553752535,0.45064935064935063,0.5494853523357086,770
GEO_GSE310129_GENERIC_H5AD_EXPANDED,reference_profile,17,0.6460767946577629,0.5352697095435685,0.5854765506807866,723
GEO_GSE310129_GENERIC_H5AD_EXPANDED,reference_profile,18,0.6095551894563427,0.5409356725146199,0.5731990704879939,684
GEO_GSE310129_GENERIC_H5AD_EXPANDED,reference_profile,19,0.5374376039933444,0.49013657056145676,0.5126984126984127,659
GEO_GSE310129_GENERIC_H5AD_EXPANDED,reference_profile,2,0.6625514403292181,0.6399046104928457,0.6510311362717347,1258
GEO_GSE310129_GENERIC_H5AD_EXPANDED,reference_profile,20,0.5272007912957468,0.8100303951367781,0.6387058118633911,658
GEO_GSE310129_GENERIC_H5AD_EXPANDED,reference_profile,21,0.593681917211329,0.9190556492411467,0.7213765718067505,593
GEO_GSE310129_GENERIC_H5AD_EXPANDED,reference_profile,22,0.45454545454545453,0.9649122807017544,0.6179775280898876,513
GEO_GSE310129_GENERIC_H5AD_EXPANDED,reference_profile,23,0.5640686922060766,0.8661257606490872,0.6832,493
GEO_GSE310129_GENERIC_H5AD_EXPANDED,reference_profile,24,0.3362760834670947,0.9905437352245863,0.5020970641102456,423
GEO_GSE310129_GENERIC_H5AD_EXPANDED,reference_profile,25,0.5699658703071673,0.39856801909307876,0.46910112359550565,419
GEO_GSE310129_GENERIC_H5AD_EXPANDED,reference_profile,26,0.4128329297820823,0.9884057971014493,0.5824081981212639,345
GEO_GSE310129_GENERIC_H5AD_EXPANDED,reference_profile,27,0.4320388349514563,0.8725490196078431,0.5779220779220778,204
GEO_GSE310129_GENERIC_H5AD_EXPANDED,reference_profile,28,0.0,0.0,0.0,160
GEO_GSE310129_GENERIC_H5AD_EXPANDED,reference_profile,3,0.8217934165720772,0.6246764452113891,0.7098039215686274,1159
GEO_GSE310129_GENERIC_H5AD_EXPANDED,reference_profile,4,0.7947154471544715,0.34328358208955223,0.4794604537093807,1139
GEO_GSE310129_GENERIC_H5AD_EXPANDED,reference_profile,5,0.7936507936507936,0.706090026478376,0.7473143390938815,1133
GEO_GSE310129_GENERIC_H5AD_EXPANDED,reference_profile,6,0.7002606429192006,0.7126436781609196,0.7063978965819456,1131
GEO_GSE310129_GENERIC_H5AD_EXPANDED,reference_profile,7,0.6465295629820051,0.4606227106227106,0.5379679144385027,1092
GEO_GSE310129_GENERIC_H5AD_EXPANDED,reference_profile,8,0.7528809218950064,0.6012269938650306,0.6685616827743035,978
GEO_GSE310129_GENERIC_H5AD_EXPANDED,reference_profile,9,0.5517826825127334,0.6929637526652452,0.6143667296786389,938
GEO_GSE311681_GENERIC_XENIUM_EXPANDED,learned_permuted_prior,B cells,0.47305101058710297,0.3932,0.4294451725644386,2500
GEO_GSE311681_GENERIC_XENIUM_EXPANDED,learned_permuted_prior,CEC,0.9482439926062847,0.6616509028374893,0.7794378323626235,2326
GEO_GSE311681_GENERIC_XENIUM_EXPANDED,learned_permuted_prior,Ccr7+ mat DC,0.2946768060836502,0.8857142857142857,0.442225392296719,175
GEO_GSE311681_GENERIC_XENIUM_EXPANDED,learned_permuted_prior,Chil3+ Plac8+ Mono,0.632295719844358,0.6944444444444444,0.6619144602851323,936
GEO_GSE311681_GENERIC_XENIUM_EXPANDED,learned_permuted_prior,HSC,0.8696954568147778,0.6968,0.7737064179435931,2500
GEO_GSE311681_GENERIC_XENIUM_EXPANDED,learned_permuted_prior,Heps,0.7256637168141593,0.656,0.6890756302521008,2500
GEO_GSE311681_GENERIC_XENIUM_EXPANDED,learned_permuted_prior,Il17a+ gdT cell,0.3974358974358974,0.775,0.5254237288135594,160
GEO_GSE311681_GENERIC_XENIUM_EXPANDED,learned_permuted_prior,KC,0.7134977287475666,0.8796,0.7878896452884272,2500
GEO_GSE311681_GENERIC_XENIUM_EXPANDED,learned_permuted_prior,LSEC,0.7365556978233034,0.9204,0.8182788051209102,2500
GEO_GSE311681_GENERIC_XENIUM_EXPANDED,learned_permuted_prior,Mesothelial,0.13218390804597702,0.875,0.2296718972895863,184
GEO_GSE311681_GENERIC_XENIUM_EXPANDED,learned_permuted_prior,NK cell,0.6234413965087282,0.6613756613756614,0.6418485237483954,378
GEO_GSE311681_GENERIC_XENIUM_EXPANDED,learned_permuted_prior,NM,0.46608084358523727,0.5304,0.49616463985032744,2500
GEO_GSE311681_GENERIC_XENIUM_EXPANDED,learned_permuted_prior,Neutro,0.9286049788633162,0.7908,0.8541801685029163,2500
GEO_GSE311681_GENERIC_XENIUM_EXPANDED,learned_permuted_prior,T cell,0.6288659793814433,0.4810725552050473,0.5451295799821269,634
GEO_GSE311681_GENERIC_XENIUM_EXPANDED,learned_permuted_prior,Trem2+ Mac,0.8485294117647059,0.4616,0.5979274611398965,2500
GEO_GSE311681_GENERIC_XENIUM_EXPANDED,learned_permuted_prior,cDC1,0.39349112426035504,0.806060606060606,0.5288270377733598,165
GEO_GSE311681_GENERIC_XENIUM_EXPANDED,learned_permuted_prior,cDC2,0.7891891891891892,0.45553822152886114,0.5776458951533135,1282
GEO_GSE311681_GENERIC_XENIUM_EXPANDED,learned_permuted_prior,cycling EC,0.3453815261044177,0.3722943722943723,0.35833333333333334,231
GEO_GSE311681_GENERIC_XENIUM_EXPANDED,learned_permuted_prior,cycling myeloid,0.3832599118942731,0.6126760563380281,0.4715447154471545,284
GEO_GSE311681_GENERIC_XENIUM_EXPANDED,learned_permuted_prior,ld BEC,0.5530864197530864,0.6757164404223228,0.6082824168363884,663
GEO_GSE311681_GENERIC_XENIUM_EXPANDED,learned_permuted_prior,lyEC,0.8184873949579832,0.8634751773049646,0.8403796376186368,564
GEO_GSE311681_GENERIC_XENIUM_EXPANDED,learned_permuted_prior,naive T cell,0.4988662131519274,0.4988662131519274,0.4988662131519274,441
GEO_GSE311681_GENERIC_XENIUM_EXPANDED,learned_permuted_prior,pDC,0.5869565217391305,0.7917888563049853,0.6741573033707865,341
GEO_GSE311681_GENERIC_XENIUM_EXPANDED,learned_permuted_prior,portal Fibs,0.7472837022132797,0.8038961038961039,0.7745568300312825,2310
GEO_GSE311681_GENERIC_XENIUM_EXPANDED,learned_permuted_prior,sd BEC,0.8587816455696202,0.8684,0.8635640413683372,2500
GEO_GSE311681_GENERIC_XENIUM_EXPANDED,learned_random_graph,B cells,0.49109083007388094,0.452,0.4707352634867736,2500
GEO_GSE311681_GENERIC_XENIUM_EXPANDED,learned_random_graph,CEC,0.9445145018915511,0.6440240756663801,0.7658486707566463,2326
GEO_GSE311681_GENERIC_XENIUM_EXPANDED,learned_random_graph,Ccr7+ mat DC,0.28028933092224234,0.8857142857142857,0.42582417582417587,175
GEO_GSE311681_GENERIC_XENIUM_EXPANDED,learned_random_graph,Chil3+ Plac8+ Mono,0.6332350049164208,0.688034188034188,0.6594982078853047,936
GEO_GSE311681_GENERIC_XENIUM_EXPANDED,learned_random_graph,HSC,0.858114674441205,0.7064,0.7749012724879333,2500
GEO_GSE311681_GENERIC_XENIUM_EXPANDED,learned_random_graph,Heps,0.7607260726072608,0.7376,0.7489845653939887,2500
GEO_GSE311681_GENERIC_XENIUM_EXPANDED,learned_random_graph,Il17a+ gdT cell,0.39087947882736157,0.75,0.5139186295503213,160
GEO_GSE311681_GENERIC_XENIUM_EXPANDED,learned_random_graph,KC,0.6960845245494096,0.896,0.7834907310248339,2500
GEO_GSE311681_GENERIC_XENIUM_EXPANDED,learned_random_graph,LSEC,0.7336731443134756,0.9212,0.8168114913991842,2500
GEO_GSE311681_GENERIC_XENIUM_EXPANDED,learned_random_graph,Mesothelial,0.129644921552436,0.8532608695652174,0.22508960573476702,184
GEO_GSE311681_GENERIC_XENIUM_EXPANDED,learned_random_graph,NK cell,0.640506329113924,0.6693121693121693,0.6545924967658473,378
GEO_GSE311681_GENERIC_XENIUM_EXPANDED,learned_random_graph,NM,0.5236686390532544,0.4956,0.5092478421701603,2500
GEO_GSE311681_GENERIC_XENIUM_EXPANDED,learned_random_graph,Neutro,0.9310014374700527,0.7772,0.8471768040113363,2500
GEO_GSE311681_GENERIC_XENIUM_EXPANDED,learned_random_graph,T cell,0.6282828282828283,0.49053627760252366,0.5509300265721878,634
GEO_GSE311681_GENERIC_XENIUM_EXPANDED,learned_random_graph,Trem2+ Mac,0.8656945510360706,0.4512,0.5932158821982646,2500
GEO_GSE311681_GENERIC_XENIUM_EXPANDED,learned_random_graph,cDC1,0.40498442367601245,0.7878787878787878,0.5349794238683127,165
GEO_GSE311681_GENERIC_XENIUM_EXPANDED,learned_random_graph,cDC2,0.7914364640883977,0.4469578783151326,0.5712861415752741,1282
GEO_GSE311681_GENERIC_XENIUM_EXPANDED,learned_random_graph,cycling EC,0.33067729083665337,0.3593073593073593,0.34439834024896265,231
GEO_GSE311681_GENERIC_XENIUM_EXPANDED,learned_random_graph,cycling myeloid,0.394919168591224,0.602112676056338,0.47698744769874474,284
GEO_GSE311681_GENERIC_XENIUM_EXPANDED,learned_random_graph,ld BEC,0.5038759689922481,0.6862745098039216,0.5810983397190295,663
GEO_GSE311681_GENERIC_XENIUM_EXPANDED,learned_random_graph,lyEC,0.8153078202995009,0.8687943262411347,0.8412017167381974,564
GEO_GSE311681_GENERIC_XENIUM_EXPANDED,learned_random_graph,naive T cell,0.47780126849894294,0.5124716553287982,0.49452954048140046,441
GEO_GSE311681_GENERIC_XENIUM_EXPANDED,learned_random_graph,pDC,0.5617283950617284,0.8005865102639296,0.660217654171705,341
GEO_GSE311681_GENERIC_XENIUM_EXPANDED,learned_random_graph,portal Fibs,0.754251012145749,0.8064935064935065,0.7794979079497908,2310
GEO_GSE311681_GENERIC_XENIUM_EXPANDED,learned_random_graph,sd BEC,0.8601141924959217,0.8436,0.8517770597738289,2500
GEO_GSE311681_GENERIC_XENIUM_EXPANDED,marker_context_specific_neighborhood,B cells,0.49498035792230466,0.4536,0.47338760175328737,2500
GEO_GSE311681_GENERIC_XENIUM_EXPANDED,marker_context_specific_neighborhood,CEC,0.9433962264150944,0.6663800515907137,0.781053162005543,2326
GEO_GSE311681_GENERIC_XENIUM_EXPANDED,marker_context_specific_neighborhood,Ccr7+ mat DC,0.2813067150635209,0.8857142857142857,0.42699724517906334,175
GEO_GSE311681_GENERIC_XENIUM_EXPANDED,marker_context_specific_neighborhood,Chil3+ Plac8+ Mono,0.6116870876531574,0.6933760683760684,0.6499749624436655,936
GEO_GSE311681_GENERIC_XENIUM_EXPANDED,marker_context_specific_neighborhood,HSC,0.8670948616600791,0.702,0.7758620689655172,2500
GEO_GSE311681_GENERIC_XENIUM_EXPANDED,marker_context_specific_neighborhood,Heps,0.7628992628992629,0.7452,0.7539457709429381,2500
GEO_GSE311681_GENERIC_XENIUM_EXPANDED,marker_context_specific_neighborhood,Il17a+ gdT cell,0.3968253968253968,0.78125,0.5263157894736843,160
GEO_GSE311681_GENERIC_XENIUM_EXPANDED,marker_context_specific_neighborhood,KC,0.7075173720783323,0.896,0.7906812566184258,2500
GEO_GSE311681_GENERIC_XENIUM_EXPANDED,marker_context_specific_neighborhood,LSEC,0.7361553150859326,0.9252,0.8199220134704006,2500
GEO_GSE311681_GENERIC_XENIUM_EXPANDED,marker_context_specific_neighborhood,Mesothelial,0.13769363166953527,0.8695652173913043,0.237741456166419,184
GEO_GSE311681_GENERIC_XENIUM_EXPANDED,marker_context_specific_neighborhood,NK cell,0.6196473551637279,0.6507936507936508,0.6348387096774194,378
GEO_GSE311681_GENERIC_XENIUM_EXPANDED,marker_context_specific_neighborhood,NM,0.5332469775474957,0.494,0.512873754152824,2500
GEO_GSE311681_GENERIC_XENIUM_EXPANDED,marker_context_specific_neighborhood,Neutro,0.9295841209829868,0.7868,0.8522530329289428,2500
GEO_GSE311681_GENERIC_XENIUM_EXPANDED,marker_context_specific_neighborhood,T cell,0.62426614481409,0.5031545741324921,0.5572052401746725,634
GEO_GSE311681_GENERIC_XENIUM_EXPANDED,marker_context_specific_neighborhood,Trem2+ Mac,0.8668206312548113,0.4504,0.5927875756778099,2500
GEO_GSE311681_GENERIC_XENIUM_EXPANDED,marker_context_specific_neighborhood,cDC1,0.39762611275964393,0.8121212121212121,0.5338645418326693,165
GEO_GSE311681_GENERIC_XENIUM_EXPANDED,marker_context_specific_neighborhood,cDC2,0.7997237569060773,0.4516380655226209,0.5772681954137587,1282
GEO_GSE311681_GENERIC_XENIUM_EXPANDED,marker_context_specific_neighborhood,cycling EC,0.34024896265560167,0.354978354978355,0.3474576271186441,231
GEO_GSE311681_GENERIC_XENIUM_EXPANDED,marker_context_specific_neighborhood,cycling myeloid,0.3787878787878788,0.6161971830985915,0.4691689008042896,284
GEO_GSE311681_GENERIC_XENIUM_EXPANDED,marker_context_specific_neighborhood,ld BEC,0.5010775862068966,0.7013574660633484,0.5845380263984915,663
GEO_GSE311681_GENERIC_XENIUM_EXPANDED,marker_context_specific_neighborhood,lyEC,0.8193979933110368,0.8687943262411347,0.8433734939759037,564
GEO_GSE311681_GENERIC_XENIUM_EXPANDED,marker_context_specific_neighborhood,naive T cell,0.5333333333333333,0.5079365079365079,0.5203252032520326,441
GEO_GSE311681_GENERIC_XENIUM_EXPANDED,marker_context_specific_neighborhood,pDC,0.5732217573221757,0.8035190615835777,0.6691086691086692,341
GEO_GSE311681_GENERIC_XENIUM_EXPANDED,marker_context_specific_neighborhood,portal Fibs,0.7460191082802548,0.8112554112554112,0.7772708419742844,2310
GEO_GSE311681_GENERIC_XENIUM_EXPANDED,marker_context_specific_neighborhood,sd BEC,0.8642329778506973,0.8428,0.8533819360064804,2500
GEO_GSE311681_GENERIC_XENIUM_EXPANDED,marker_learned_neighborhood,B cells,0.5024048972452995,0.4596,0.48005013578441613,2500
GEO_GSE311681_GENERIC_XENIUM_EXPANDED,marker_learned_neighborhood,CEC,0.944140862173649,0.6685296646603611,0.7827837905864585,2326
GEO_GSE311681_GENERIC_XENIUM_EXPANDED,marker_learned_neighborhood,Ccr7+ mat DC,0.28284671532846717,0.8857142857142857,0.4287690179806362,175
GEO_GSE311681_GENERIC_XENIUM_EXPANDED,marker_learned_neighborhood,Chil3+ Plac8+ Mono,0.6165413533834586,0.7008547008547008,0.656,936
GEO_GSE311681_GENERIC_XENIUM_EXPANDED,marker_learned_neighborhood,HSC,0.8708560118753093,0.704,0.778588807785888,2500
GEO_GSE311681_GENERIC_XENIUM_EXPANDED,marker_learned_neighborhood,Heps,0.7596899224806202,0.7448,0.7521712785295899,2500
GEO_GSE311681_GENERIC_XENIUM_EXPANDED,marker_learned_neighborhood,Il17a+ gdT cell,0.40397350993377484,0.7625,0.5281385281385281,160
GEO_GSE311681_GENERIC_XENIUM_EXPANDED,marker_learned_neighborhood,KC,0.7096263457884737,0.8964,0.792152704135737,2500
GEO_GSE311681_GENERIC_XENIUM_EXPANDED,marker_learned_neighborhood,LSEC,0.7447631324524654,0.9244,0.8249152239871497,2500
GEO_GSE311681_GENERIC_XENIUM_EXPANDED,marker_learned_neighborhood,Mesothelial,0.13563605728727884,0.875,0.23486506199854124,184
GEO_GSE311681_GENERIC_XENIUM_EXPANDED,marker_learned_neighborhood,NK cell,0.628140703517588,0.6613756613756614,0.6443298969072165,378
GEO_GSE311681_GENERIC_XENIUM_EXPANDED,marker_learned_neighborhood,NM,0.5369330453563715,0.4972,0.5163032191069574,2500
GEO_GSE311681_GENERIC_XENIUM_EXPANDED,marker_learned_neighborhood,Neutro,0.9316239316239316,0.7848,0.8519322622666089,2500
GEO_GSE311681_GENERIC_XENIUM_EXPANDED,marker_learned_neighborhood,T cell,0.6145038167938931,0.5078864353312302,0.5561312607944732,634
GEO_GSE311681_GENERIC_XENIUM_EXPANDED,marker_learned_neighborhood,Trem2+ Mac,0.8680396643783371,0.4552,0.5972185778011021,2500
GEO_GSE311681_GENERIC_XENIUM_EXPANDED,marker_learned_neighborhood,cDC1,0.39762611275964393,0.8121212121212121,0.5338645418326693,165
GEO_GSE311681_GENERIC_XENIUM_EXPANDED,marker_learned_neighborhood,cDC2,0.8104667609618105,0.4469578783151326,0.5761689291101056,1282
GEO_GSE311681_GENERIC_XENIUM_EXPANDED,marker_learned_neighborhood,cycling EC,0.31983805668016196,0.341991341991342,0.3305439330543933,231
GEO_GSE311681_GENERIC_XENIUM_EXPANDED,marker_learned_neighborhood,cycling myeloid,0.3649789029535865,0.6091549295774648,0.4564643799472295,284
GEO_GSE311681_GENERIC_XENIUM_EXPANDED,marker_learned_neighborhood,ld BEC,0.4962243797195254,0.693815987933635,0.5786163522012578,663
GEO_GSE311681_GENERIC_XENIUM_EXPANDED,marker_learned_neighborhood,lyEC,0.8216666666666667,0.874113475177305,0.8470790378006872,564
GEO_GSE311681_GENERIC_XENIUM_EXPANDED,marker_learned_neighborhood,naive T cell,0.5319148936170213,0.5102040816326531,0.5208333333333334,441
GEO_GSE311681_GENERIC_XENIUM_EXPANDED,marker_learned_neighborhood,pDC,0.5646817248459959,0.8064516129032258,0.6642512077294686,341
GEO_GSE311681_GENERIC_XENIUM_EXPANDED,marker_learned_neighborhood,portal Fibs,0.7472133757961783,0.8125541125541126,0.7785151389464953,2310
GEO_GSE311681_GENERIC_XENIUM_EXPANDED,marker_learned_neighborhood,sd BEC,0.8621821164889254,0.8408,0.8513568246253543,2500
GEO_GSE311681_GENERIC_XENIUM_EXPANDED,marker_only,B cells,0.49761801645734083,0.4596,0.47785402370555213,2500
GEO_GSE311681_GENERIC_XENIUM_EXPANDED,marker_only,CEC,0.9518377693282636,0.645743766122098,0.7694672131147541,2326
GEO_GSE311681_GENERIC_XENIUM_EXPANDED,marker_only,Ccr7+ mat DC,0.28233151183970856,0.8857142857142857,0.4281767955801105,175
GEO_GSE311681_GENERIC_XENIUM_EXPANDED,marker_only,Chil3+ Plac8+ Mono,0.6367226061204343,0.6891025641025641,0.6618778860954335,936
GEO_GSE311681_GENERIC_XENIUM_EXPANDED,marker_only,HSC,0.8543174143753015,0.7084,0.7745462497266564,2500
GEO_GSE311681_GENERIC_XENIUM_EXPANDED,marker_only,Heps,0.7669456066945607,0.7332,0.7496932515337423,2500
GEO_GSE311681_GENERIC_XENIUM_EXPANDED,marker_only,Il17a+ gdT cell,0.40129449838187703,0.775,0.5287846481876333,160
GEO_GSE311681_GENERIC_XENIUM_EXPANDED,marker_only,KC,0.704938659955961,0.8964,0.7892234548335975,2500
GEO_GSE311681_GENERIC_XENIUM_EXPANDED,marker_only,LSEC,0.7354060913705583,0.9272,0.8202406227883934,2500
GEO_GSE311681_GENERIC_XENIUM_EXPANDED,marker_only,Mesothelial,0.12549019607843137,0.8695652173913043,0.21932830705962988,184
GEO_GSE311681_GENERIC_XENIUM_EXPANDED,marker_only,NK cell,0.6313131313131313,0.6613756613756614,0.6459948320413437,378
GEO_GSE311681_GENERIC_XENIUM_EXPANDED,marker_only,NM,0.5220649458784347,0.5016,0.5116279069767442,2500
GEO_GSE311681_GENERIC_XENIUM_EXPANDED,marker_only,Neutro,0.9328287606433302,0.7888,0.8547897702644126,2500
GEO_GSE311681_GENERIC_XENIUM_EXPANDED,marker_only,T cell,0.6323232323232323,0.49369085173501576,0.5544729849424269,634
GEO_GSE311681_GENERIC_XENIUM_EXPANDED,marker_only,Trem2+ Mac,0.8595166163141994,0.4552,0.5951882845188284,2500
GEO_GSE311681_GENERIC_XENIUM_EXPANDED,marker_only,cDC1,0.39156626506024095,0.7878787878787878,0.5231388329979879,165
GEO_GSE311681_GENERIC_XENIUM_EXPANDED,marker_only,cDC2,0.7969821673525377,0.453198127925117,0.5778219791148682,1282
GEO_GSE311681_GENERIC_XENIUM_EXPANDED,marker_only,cycling EC,0.3416666666666667,0.354978354978355,0.3481953290870488,231
GEO_GSE311681_GENERIC_XENIUM_EXPANDED,marker_only,cycling myeloid,0.40420560747663553,0.6091549295774648,0.4859550561797753,284
GEO_GSE311681_GENERIC_XENIUM_EXPANDED,marker_only,ld BEC,0.530373831775701,0.6847662141779789,0.5977616853192891,663
GEO_GSE311681_GENERIC_XENIUM_EXPANDED,marker_only,lyEC,0.8341880341880342,0.8652482269503546,0.8494342906875544,564
GEO_GSE311681_GENERIC_XENIUM_EXPANDED,marker_only,naive T cell,0.4989247311827957,0.5260770975056689,0.5121412803532008,441
GEO_GSE311681_GENERIC_XENIUM_EXPANDED,marker_only,pDC,0.5723270440251572,0.8005865102639296,0.6674816625916871,341
GEO_GSE311681_GENERIC_XENIUM_EXPANDED,marker_only,portal Fibs,0.7524390243902439,0.8012987012987013,0.7761006289308175,2310
GEO_GSE311681_GENERIC_XENIUM_EXPANDED,marker_only,sd BEC,0.86620294599018,0.8468,0.8563915857605179,2500
GEO_GSE311681_GENERIC_XENIUM_EXPANDED,marker_reference_profile,B cells,0.7222844344904815,0.258,0.3801945181255526,2500
GEO_GSE311681_GENERIC_XENIUM_EXPANDED,marker_reference_profile,CEC,0.9594706368899917,0.49871023215821153,0.6562942008486563,2326
GEO_GSE311681_GENERIC_XENIUM_EXPANDED,marker_reference_profile,Ccr7+ mat DC,0.3279445727482679,0.8114285714285714,0.4671052631578947,175
GEO_GSE311681_GENERIC_XENIUM_EXPANDED,marker_reference_profile,Chil3+ Plac8+ Mono,0.5344311377245509,0.7628205128205128,0.6285211267605634,936
GEO_GSE311681_GENERIC_XENIUM_EXPANDED,marker_reference_profile,HSC,0.7756221003795867,0.7356,0.7550810921781975,2500
GEO_GSE311681_GENERIC_XENIUM_EXPANDED,marker_reference_profile,Heps,0.7090909090909091,0.7956,0.7498586239396795,2500
GEO_GSE311681_GENERIC_XENIUM_EXPANDED,marker_reference_profile,Il17a+ gdT cell,0.34782608695652173,0.75,0.4752475247524752,160
GEO_GSE311681_GENERIC_XENIUM_EXPANDED,marker_reference_profile,KC,0.6756422160321882,0.8732,0.7618216716105392,2500
GEO_GSE311681_GENERIC_XENIUM_EXPANDED,marker_reference_profile,LSEC,0.7134652201659222,0.8944,0.7937522186723465,2500
GEO_GSE311681_GENERIC_XENIUM_EXPANDED,marker_reference_profile,Mesothelial,0.09759271307742355,0.8152173913043478,0.17431725740848342,184
GEO_GSE311681_GENERIC_XENIUM_EXPANDED,marker_reference_profile,NK cell,0.644808743169399,0.6243386243386243,0.6344086021505376,378
GEO_GSE311681_GENERIC_XENIUM_EXPANDED,marker_reference_profile,NM,0.4853146853146853,0.694,0.5711934156378601,2500
GEO_GSE311681_GENERIC_XENIUM_EXPANDED,marker_reference_profile,Neutro,0.9518987341772152,0.752,0.8402234636871507,2500
GEO_GSE311681_GENERIC_XENIUM_EXPANDED,marker_reference_profile,T cell,0.6582914572864321,0.41324921135646686,0.507751937984496,634
GEO_GSE311681_GENERIC_XENIUM_EXPANDED,marker_reference_profile,Trem2+ Mac,0.8616932103939648,0.4112,0.5567289466558355,2500
GEO_GSE311681_GENERIC_XENIUM_EXPANDED,marker_reference_profile,cDC1,0.43728813559322033,0.7818181818181819,0.5608695652173914,165
GEO_GSE311681_GENERIC_XENIUM_EXPANDED,marker_reference_profile,cDC2,0.8603773584905661,0.35569422776911075,0.5033112582781457,1282
GEO_GSE311681_GENERIC_XENIUM_EXPANDED,marker_reference_profile,cycling EC,0.2420785804816223,0.8268398268398268,0.3745098039215687,231
GEO_GSE311681_GENERIC_XENIUM_EXPANDED,marker_reference_profile,cycling myeloid,0.30434782608695654,0.04929577464788732,0.08484848484848484,284
GEO_GSE311681_GENERIC_XENIUM_EXPANDED,marker_reference_profile,ld BEC,0.6942307692307692,0.5444947209653092,0.6103127641589179,663
GEO_GSE311681_GENERIC_XENIUM_EXPANDED,marker_reference_profile,lyEC,0.8893129770992366,0.8262411347517731,0.8566176470588236,564
GEO_GSE311681_GENERIC_XENIUM_EXPANDED,marker_reference_profile,naive T cell,0.5223577235772358,0.5827664399092971,0.5509110396570204,441
GEO_GSE311681_GENERIC_XENIUM_EXPANDED,marker_reference_profile,pDC,0.5666666666666667,0.7976539589442815,0.6626065773447015,341
GEO_GSE311681_GENERIC_XENIUM_EXPANDED,marker_reference_profile,portal Fibs,0.7649554518455663,0.7805194805194805,0.7726590957788728,2310
GEO_GSE311681_GENERIC_XENIUM_EXPANDED,marker_reference_profile,sd BEC,0.8416058394160584,0.9224,0.8801526717557252,2500
GEO_GSE311681_GENERIC_XENIUM_EXPANDED,reference_profile,B cells,0.7064343163538874,0.2108,0.3247073321010474,2500
GEO_GSE311681_GENERIC_XENIUM_EXPANDED,reference_profile,CEC,0.9770554493307839,0.21969045571797077,0.35872235872235875,2326
GEO_GSE311681_GENERIC_XENIUM_EXPANDED,reference_profile,Ccr7+ mat DC,0.30532212885154064,0.6228571428571429,0.4097744360902256,175
GEO_GSE311681_GENERIC_XENIUM_EXPANDED,reference_profile,Chil3+ Plac8+ Mono,0.38532608695652176,0.7574786324786325,0.510806916426513,936
GEO_GSE311681_GENERIC_XENIUM_EXPANDED,reference_profile,HSC,0.5332798716920609,0.798,0.6393206216952411,2500
GEO_GSE311681_GENERIC_XENIUM_EXPANDED,reference_profile,Heps,0.6493804497475907,0.566,0.6048300918999786,2500
GEO_GSE311681_GENERIC_XENIUM_EXPANDED,reference_profile,Il17a+ gdT cell,0.24791666666666667,0.74375,0.371875,160
GEO_GSE311681_GENERIC_XENIUM_EXPANDED,reference_profile,KC,0.5733703190013869,0.8268,0.6771498771498771,2500
GEO_GSE311681_GENERIC_XENIUM_EXPANDED,reference_profile,LSEC,0.626431718061674,0.8532,0.7224386113463165,2500
GEO_GSE311681_GENERIC_XENIUM_EXPANDED,reference_profile,Mesothelial,0.08263473053892216,0.75,0.1488673139158576,184
GEO_GSE311681_GENERIC_XENIUM_EXPANDED,reference_profile,NK cell,0.6202090592334495,0.4708994708994709,0.5353383458646616,378
GEO_GSE311681_GENERIC_XENIUM_EXPANDED,reference_profile,NM,0.46894689468946893,0.6252,0.5359163380764614,2500
GEO_GSE311681_GENERIC_XENIUM_EXPANDED,reference_profile,Neutro,0.9597044996642041,0.5716,0.7164702933065931,2500
GEO_GSE311681_GENERIC_XENIUM_EXPANDED,reference_profile,T cell,0.6621621621621622,0.15457413249211358,0.2506393861892583,634
GEO_GSE311681_GENERIC_XENIUM_EXPANDED,reference_profile,Trem2+ Mac,0.8077388149939541,0.2672,0.4015629696423204,2500
GEO_GSE311681_GENERIC_XENIUM_EXPANDED,reference_profile,cDC1,0.4017857142857143,0.5454545454545454,0.46272493573264784,165
GEO_GSE311681_GENERIC_XENIUM_EXPANDED,reference_profile,cDC2,0.8780487804878049,0.14040561622464898,0.24209818426361804,1282
GEO_GSE311681_GENERIC_XENIUM_EXPANDED,reference_profile,cycling EC,0.08627284317892053,0.8787878787878788,0.15712074303405577,231
GEO_GSE311681_GENERIC_XENIUM_EXPANDED,reference_profile,cycling myeloid,0.029411764705882353,0.0035211267605633804,0.006289308176100628,284
GEO_GSE311681_GENERIC_XENIUM_EXPANDED,reference_profile,ld BEC,0.7924528301886793,0.12669683257918551,0.21846553966189855,663
GEO_GSE311681_GENERIC_XENIUM_EXPANDED,reference_profile,lyEC,0.9127906976744186,0.5567375886524822,0.6916299559471365,564
GEO_GSE311681_GENERIC_XENIUM_EXPANDED,reference_profile,naive T cell,0.48879837067209775,0.54421768707483,0.5150214592274679,441
GEO_GSE311681_GENERIC_XENIUM_EXPANDED,reference_profile,pDC,0.49416342412451364,0.7448680351906158,0.5941520467836258,341
GEO_GSE311681_GENERIC_XENIUM_EXPANDED,reference_profile,portal Fibs,0.755570117955439,0.49913419913419915,0.6011470281543275,2310
GEO_GSE311681_GENERIC_XENIUM_EXPANDED,reference_profile,sd BEC,0.7575468700349539,0.9536,0.8443421285638392,2500
GEO_GSE317755_GENERIC_H5AD_EXPANDED,learned_permuted_prior,0,0.9093137254901961,0.7434869739478958,0.8180815876515986,499
GEO_GSE317755_GENERIC_H5AD_EXPANDED,learned_permuted_prior,1,0.8189910979228486,0.5667351129363449,0.6699029126213591,487
GEO_GSE317755_GENERIC_H5AD_EXPANDED,learned_permuted_prior,10,0.388646288209607,0.898989898989899,0.5426829268292683,99
GEO_GSE317755_GENERIC_H5AD_EXPANDED,learned_permuted_prior,11,0.40229885057471265,0.8641975308641975,0.5490196078431373,81
GEO_GSE317755_GENERIC_H5AD_EXPANDED,learned_permuted_prior,12,0.3877551020408163,0.6909090909090909,0.49673202614379086,55
GEO_GSE317755_GENERIC_H5AD_EXPANDED,learned_permuted_prior,13,0.3739130434782609,0.9347826086956522,0.5341614906832298,46
GEO_GSE317755_GENERIC_H5AD_EXPANDED,learned_permuted_prior,2,0.9103139013452914,0.5576923076923077,0.6916524701873936,364
GEO_GSE317755_GENERIC_H5AD_EXPANDED,learned_permuted_prior,3,0.805921052631579,0.7379518072289156,0.770440251572327,332
GEO_GSE317755_GENERIC_H5AD_EXPANDED,learned_permuted_prior,4,0.5887445887445888,0.8217522658610272,0.6860025220680959,331
GEO_GSE317755_GENERIC_H5AD_EXPANDED,learned_permuted_prior,5,0.7225130890052356,0.5018181818181818,0.5922746781115881,275
GEO_GSE317755_GENERIC_H5AD_EXPANDED,learned_permuted_prior,6,0.40437158469945356,0.3274336283185841,0.36185819070904646,226
GEO_GSE317755_GENERIC_H5AD_EXPANDED,learned_permuted_prior,7,0.7337278106508875,0.6888888888888889,0.7106017191977076,180
GEO_GSE317755_GENERIC_H5AD_EXPANDED,learned_permuted_prior,8,0.6016949152542372,0.6339285714285714,0.6173913043478261,112
GEO_GSE317755_GENERIC_H5AD_EXPANDED,learned_permuted_prior,9,0.4689265536723164,0.8217821782178217,0.5971223021582733,101
GEO_GSE317755_GENERIC_H5AD_EXPANDED,learned_random_graph,0,0.8943661971830986,0.7635270541082164,0.8237837837837838,499
GEO_GSE317755_GENERIC_H5AD_EXPANDED,learned_random_graph,1,0.8235294117647058,0.5462012320328542,0.6567901234567901,487
GEO_GSE317755_GENERIC_H5AD_EXPANDED,learned_random_graph,10,0.42718446601941745,0.8888888888888888,0.5770491803278688,99
GEO_GSE317755_GENERIC_H5AD_EXPANDED,learned_random_graph,11,0.3977272727272727,0.8641975308641975,0.5447470817120622,81
GEO_GSE317755_GENERIC_H5AD_EXPANDED,learned_random_graph,12,0.375,0.7090909090909091,0.4905660377358491,55
GEO_GSE317755_GENERIC_H5AD_EXPANDED,learned_random_graph,13,0.3412698412698413,0.9347826086956522,0.5,46
GEO_GSE317755_GENERIC_H5AD_EXPANDED,learned_random_graph,2,0.8839285714285714,0.5439560439560439,0.6734693877551019,364
GEO_GSE317755_GENERIC_H5AD_EXPANDED,learned_random_graph,3,0.8245614035087719,0.7078313253012049,0.7617504051863857,332
GEO_GSE317755_GENERIC_H5AD_EXPANDED,learned_random_graph,4,0.5925925925925926,0.8700906344410876,0.7050183598531212,331
GEO_GSE317755_GENERIC_H5AD_EXPANDED,learned_random_graph,5,0.706140350877193,0.5854545454545454,0.6401590457256461,275
GEO_GSE317755_GENERIC_H5AD_EXPANDED,learned_random_graph,6,0.43137254901960786,0.2920353982300885,0.34828496042216356,226
GEO_GSE317755_GENERIC_H5AD_EXPANDED,learned_random_graph,7,0.785234899328859,0.65,0.7112462006079027,180
GEO_GSE317755_GENERIC_H5AD_EXPANDED,learned_random_graph,8,0.5255474452554745,0.6428571428571429,0.5783132530120482,112
GEO_GSE317755_GENERIC_H5AD_EXPANDED,learned_random_graph,9,0.4484848484848485,0.7326732673267327,0.556390977443609,101
GEO_GSE317755_GENERIC_H5AD_EXPANDED,marker_context_specific_neighborhood,0,0.8753117206982544,0.7034068136272545,0.7799999999999999,499
GEO_GSE317755_GENERIC_H5AD_EXPANDED,marker_context_specific_neighborhood,1,0.7981927710843374,0.5441478439425051,0.6471306471306473,487
GEO_GSE317755_GENERIC_H5AD_EXPANDED,marker_context_specific_neighborhood,10,0.41346153846153844,0.8686868686868687,0.5602605863192182,99
GEO_GSE317755_GENERIC_H5AD_EXPANDED,marker_context_specific_neighborhood,11,0.35784313725490197,0.9012345679012346,0.5122807017543859,81
GEO_GSE317755_GENERIC_H5AD_EXPANDED,marker_context_specific_neighborhood,12,0.38095238095238093,0.7272727272727273,0.5,55
GEO_GSE317755_GENERIC_H5AD_EXPANDED,marker_context_specific_neighborhood,13,0.3548387096774194,0.9565217391304348,0.5176470588235295,46
GEO_GSE317755_GENERIC_H5AD_EXPANDED,marker_context_specific_neighborhood,2,0.8857142857142857,0.510989010989011,0.6480836236933797,364
GEO_GSE317755_GENERIC_H5AD_EXPANDED,marker_context_specific_neighborhood,3,0.8269896193771626,0.7198795180722891,0.7697262479871175,332
GEO_GSE317755_GENERIC_H5AD_EXPANDED,marker_context_specific_neighborhood,4,0.6125541125541125,0.8549848942598187,0.7137452711223203,331
GEO_GSE317755_GENERIC_H5AD_EXPANDED,marker_context_specific_neighborhood,5,0.7013574660633484,0.5636363636363636,0.6249999999999999,275
GEO_GSE317755_GENERIC_H5AD_EXPANDED,marker_context_specific_neighborhood,6,0.4230769230769231,0.2920353982300885,0.34554973821989526,226
GEO_GSE317755_GENERIC_H5AD_EXPANDED,marker_context_specific_neighborhood,7,0.7368421052631579,0.6222222222222222,0.6746987951807228,180
GEO_GSE317755_GENERIC_H5AD_EXPANDED,marker_context_specific_neighborhood,8,0.4931506849315068,0.6428571428571429,0.5581395348837208,112
GEO_GSE317755_GENERIC_H5AD_EXPANDED,marker_context_specific_neighborhood,9,0.46629213483146065,0.8217821782178217,0.5949820788530465,101
GEO_GSE317755_GENERIC_H5AD_EXPANDED,marker_learned_neighborhood,0,0.8795454545454545,0.7755511022044088,0.8242811501597443,499
GEO_GSE317755_GENERIC_H5AD_EXPANDED,marker_learned_neighborhood,1,0.8317757009345794,0.5482546201232033,0.6608910891089108,487
GEO_GSE317755_GENERIC_H5AD_EXPANDED,marker_learned_neighborhood,10,0.4329896907216495,0.8484848484848485,0.5733788395904438,99
GEO_GSE317755_GENERIC_H5AD_EXPANDED,marker_learned_neighborhood,11,0.3954802259887006,0.8641975308641975,0.5426356589147288,81
GEO_GSE317755_GENERIC_H5AD_EXPANDED,marker_learned_neighborhood,12,0.38461538461538464,0.7272727272727273,0.5031446540880503,55
GEO_GSE317755_GENERIC_H5AD_EXPANDED,marker_learned_neighborhood,13,0.36134453781512604,0.9347826086956522,0.5212121212121212,46
GEO_GSE317755_GENERIC_H5AD_EXPANDED,marker_learned_neighborhood,2,0.8938053097345132,0.554945054945055,0.6847457627118644,364
GEO_GSE317755_GENERIC_H5AD_EXPANDED,marker_learned_neighborhood,3,0.8141891891891891,0.7259036144578314,0.767515923566879,332
GEO_GSE317755_GENERIC_H5AD_EXPANDED,marker_learned_neighborhood,4,0.5963114754098361,0.879154078549849,0.7106227106227105,331
GEO_GSE317755_GENERIC_H5AD_EXPANDED,marker_learned_neighborhood,5,0.6875,0.6,0.6407766990291262,275
GEO_GSE317755_GENERIC_H5AD_EXPANDED,marker_learned_neighborhood,6,0.46153846153846156,0.2920353982300885,0.35772357723577236,226
GEO_GSE317755_GENERIC_H5AD_EXPANDED,marker_learned_neighborhood,7,0.8372093023255814,0.6,0.6990291262135923,180
GEO_GSE317755_GENERIC_H5AD_EXPANDED,marker_learned_neighborhood,8,0.5298507462686567,0.6339285714285714,0.5772357723577236,112
GEO_GSE317755_GENERIC_H5AD_EXPANDED,marker_learned_neighborhood,9,0.4463276836158192,0.7821782178217822,0.5683453237410071,101
GEO_GSE317755_GENERIC_H5AD_EXPANDED,marker_only,0,0.8807785888077859,0.7254509018036072,0.7956043956043954,499
GEO_GSE317755_GENERIC_H5AD_EXPANDED,marker_only,1,0.8005865102639296,0.5605749486652978,0.6594202898550725,487
GEO_GSE317755_GENERIC_H5AD_EXPANDED,marker_only,10,0.39622641509433965,0.8484848484848485,0.5401929260450161,99
GEO_GSE317755_GENERIC_H5AD_EXPANDED,marker_only,11,0.35858585858585856,0.8765432098765432,0.5089605734767025,81
GEO_GSE317755_GENERIC_H5AD_EXPANDED,marker_only,12,0.37254901960784315,0.6909090909090909,0.48407643312101906,55
GEO_GSE317755_GENERIC_H5AD_EXPANDED,marker_only,13,0.33858267716535434,0.9347826086956522,0.49710982658959546,46
GEO_GSE317755_GENERIC_H5AD_EXPANDED,marker_only,2,0.9090909090909091,0.521978021978022,0.6631762652705061,364
GEO_GSE317755_GENERIC_H5AD_EXPANDED,marker_only,3,0.8156996587030717,0.7198795180722891,0.7647999999999999,332
GEO_GSE317755_GENERIC_H5AD_EXPANDED,marker_only,4,0.5991379310344828,0.8398791540785498,0.69937106918239,331
GEO_GSE317755_GENERIC_H5AD_EXPANDED,marker_only,5,0.6995305164319249,0.5418181818181819,0.6106557377049181,275
GEO_GSE317755_GENERIC_H5AD_EXPANDED,marker_only,6,0.42857142857142855,0.3185840707964602,0.36548223350253806,226
GEO_GSE317755_GENERIC_H5AD_EXPANDED,marker_only,7,0.7432432432432432,0.6111111111111112,0.6707317073170732,180
GEO_GSE317755_GENERIC_H5AD_EXPANDED,marker_only,8,0.5071428571428571,0.6339285714285714,0.5634920634920635,112
GEO_GSE317755_GENERIC_H5AD_EXPANDED,marker_only,9,0.4691358024691358,0.7524752475247525,0.5779467680608364,101
GEO_GSE317755_GENERIC_H5AD_EXPANDED,marker_reference_profile,0,0.823943661971831,0.7034068136272545,0.7589189189189189,499
GEO_GSE317755_GENERIC_H5AD_EXPANDED,marker_reference_profile,1,0.8083333333333333,0.5975359342915811,0.6871310507674144,487
GEO_GSE317755_GENERIC_H5AD_EXPANDED,marker_reference_profile,10,0.3900414937759336,0.9494949494949495,0.5529411764705882,99
GEO_GSE317755_GENERIC_H5AD_EXPANDED,marker_reference_profile,11,0.35294117647058826,0.7407407407407407,0.47808764940239046,81
GEO_GSE317755_GENERIC_H5AD_EXPANDED,marker_reference_profile,12,0.47435897435897434,0.6727272727272727,0.556390977443609,55
GEO_GSE317755_GENERIC_H5AD_EXPANDED,marker_reference_profile,13,0.26582278481012656,0.9130434782608695,0.4117647058823529,46
GEO_GSE317755_GENERIC_H5AD_EXPANDED,marker_reference_profile,2,0.9203539823008849,0.5714285714285714,0.7050847457627119,364
GEO_GSE317755_GENERIC_H5AD_EXPANDED,marker_reference_profile,3,0.8085106382978723,0.6867469879518072,0.742671009771987,332
GEO_GSE317755_GENERIC_H5AD_EXPANDED,marker_reference_profile,4,0.6344086021505376,0.8912386706948641,0.7412060301507539,331
GEO_GSE317755_GENERIC_H5AD_EXPANDED,marker_reference_profile,5,0.72,0.5236363636363637,0.6063157894736841,275
GEO_GSE317755_GENERIC_H5AD_EXPANDED,marker_reference_profile,6,0.5529411764705883,0.415929203539823,0.47474747474747475,226
GEO_GSE317755_GENERIC_H5AD_EXPANDED,marker_reference_profile,7,0.7094594594594594,0.5833333333333334,0.6402439024390245,180
GEO_GSE317755_GENERIC_H5AD_EXPANDED,marker_reference_profile,8,0.42857142857142855,0.6964285714285714,0.5306122448979591,112
GEO_GSE317755_GENERIC_H5AD_EXPANDED,marker_reference_profile,9,0.7195121951219512,0.5841584158415841,0.644808743169399,101
GEO_GSE317755_GENERIC_H5AD_EXPANDED,reference_profile,0,0.6967213114754098,0.5110220440881763,0.5895953757225434,499
GEO_GSE317755_GENERIC_H5AD_EXPANDED,reference_profile,1,0.760806916426513,0.5420944558521561,0.6330935251798562,487
GEO_GSE317755_GENERIC_H5AD_EXPANDED,reference_profile,10,0.3,0.8484848484848485,0.44327176781002636,99
GEO_GSE317755_GENERIC_H5AD_EXPANDED,reference_profile,11,0.21081081081081082,0.48148148148148145,0.2932330827067669,81
GEO_GSE317755_GENERIC_H5AD_EXPANDED,reference_profile,12,0.75,0.4909090909090909,0.5934065934065934,55
GEO_GSE317755_GENERIC_H5AD_EXPANDED,reference_profile,13,0.12218649517684887,0.8260869565217391,0.21288515406162464,46
GEO_GSE317755_GENERIC_H5AD_EXPANDED,reference_profile,2,0.8720379146919431,0.5054945054945055,0.6399999999999999,364
GEO_GSE317755_GENERIC_H5AD_EXPANDED,reference_profile,3,0.8087431693989071,0.4457831325301205,0.574757281553398,332
GEO_GSE317755_GENERIC_H5AD_EXPANDED,reference_profile,4,0.670995670995671,0.9365558912386707,0.7818411097099622,331
GEO_GSE317755_GENERIC_H5AD_EXPANDED,reference_profile,5,0.5574468085106383,0.4763636363636364,0.5137254901960785,275
GEO_GSE317755_GENERIC_H5AD_EXPANDED,reference_profile,6,0.5647058823529412,0.4247787610619469,0.48484848484848486,226
GEO_GSE317755_GENERIC_H5AD_EXPANDED,reference_profile,7,0.4127906976744186,0.39444444444444443,0.4034090909090909,180
GEO_GSE317755_GENERIC_H5AD_EXPANDED,reference_profile,8,0.23893805309734514,0.48214285714285715,0.31952662721893493,112
GEO_GSE317755_GENERIC_H5AD_EXPANDED,reference_profile,9,0.75,0.0297029702970297,0.05714285714285714,101
GEO_GSE325587_GENERIC_CSV_PAIR_EXPANDED,learned_permuted_prior,Ascending vasa recta endothelium,0.6498516320474778,0.146,0.23843222645617854,1500
GEO_GSE325587_GENERIC_CSV_PAIR_EXPANDED,learned_permuted_prior,B cell,0.7692307692307693,0.5,0.6060606060606061,1500
GEO_GSE325587_GENERIC_CSV_PAIR_EXPANDED,learned_permuted_prior,CD4 T cell,0.5311653116531165,0.5315254237288135,0.5313453066757031,1475
GEO_GSE325587_GENERIC_CSV_PAIR_EXPANDED,learned_permuted_prior,CD8 T cell,0.01016260162601626,0.17857142857142858,0.019230769230769232,28
GEO_GSE325587_GENERIC_CSV_PAIR_EXPANDED,learned_permuted_prior,Connecting tubule,0.6369565217391304,0.19533333333333333,0.29897959183673467,1500
GEO_GSE325587_GENERIC_CSV_PAIR_EXPANDED,learned_permuted_prior,Descending vasa recta endothelium,0.18834547346514047,0.5934426229508196,0.2859399684044234,305
GEO_GSE325587_GENERIC_CSV_PAIR_EXPANDED,learned_permuted_prior,Distinct proximal tubule 1,0.48883374689826303,0.26266666666666666,0.3417172593235039,1500
GEO_GSE325587_GENERIC_CSV_PAIR_EXPANDED,learned_permuted_prior,Distinct proximal tubule 2,0.44274809160305345,0.31824417009602196,0.37031125299281725,729
GEO_GSE325587_GENERIC_CSV_PAIR_EXPANDED,learned_permuted_prior,Epithelial progenitor cell,0.6795580110497238,0.246,0.36123348017621143,1500
GEO_GSE325587_GENERIC_CSV_PAIR_EXPANDED,learned_permuted_prior,Fibroblast,0.5597758405977584,0.5993333333333334,0.578879587894398,1500
GEO_GSE325587_GENERIC_CSV_PAIR_EXPANDED,learned_permuted_prior,Glomerular endothelium,0.18189167340339532,0.8858267716535433,0.3018108651911469,254
GEO_GSE325587_GENERIC_CSV_PAIR_EXPANDED,learned_permuted_prior,MNP-a/classical monocyte derived,0.06626506024096386,0.6285714285714286,0.11989100817438693,35
GEO_GSE325587_GENERIC_CSV_PAIR_EXPANDED,learned_permuted_prior,MNP-c/dendritic cell,0.5756551141166526,0.454,0.5076407007081626,1500
GEO_GSE325587_GENERIC_CSV_PAIR_EXPANDED,learned_permuted_prior,MNP-d/Tissue macrophage,0.08974358974358974,0.9210526315789473,0.1635514018691589,76
GEO_GSE325587_GENERIC_CSV_PAIR_EXPANDED,learned_permuted_prior,Mast cell,0.07789473684210527,0.9736842105263158,0.1442495126705653,38
GEO_GSE325587_GENERIC_CSV_PAIR_EXPANDED,learned_permuted_prior,Myofibroblast,0.7666666666666667,0.39866666666666667,0.5245614035087719,1500
GEO_GSE325587_GENERIC_CSV_PAIR_EXPANDED,learned_permuted_prior,NK cell,0.033628318584070796,0.36538461538461536,0.061588330632090765,52
GEO_GSE325587_GENERIC_CSV_PAIR_EXPANDED,learned_permuted_prior,NKT cell,0.25178826895565093,0.3689727463312369,0.29931972789115646,477
GEO_GSE325587_GENERIC_CSV_PAIR_EXPANDED,learned_permuted_prior,Pelvic epithelium,0.04292929292929293,0.26153846153846155,0.0737527114967462,65
GEO_GSE325587_GENERIC_CSV_PAIR_EXPANDED,learned_permuted_prior,Peritubular capillary endothelium 1,0.08626198083067092,0.225,0.12471131639722863,120
GEO_GSE325587_GENERIC_CSV_PAIR_EXPANDED,learned_permuted_prior,Peritubular capillary endothelium 2,0.09278350515463918,0.2918918918918919,0.1408083441981747,185
GEO_GSE325587_GENERIC_CSV_PAIR_EXPANDED,learned_permuted_prior,Plasmacytoid dendritic cell,0.09270216962524655,0.5802469135802469,0.15986394557823128,81
GEO_GSE325587_GENERIC_CSV_PAIR_EXPANDED,learned_permuted_prior,Podocyte,0.7468827930174564,0.39959973315543695,0.5206431986093003,1499
GEO_GSE325587_GENERIC_CSV_PAIR_EXPANDED,learned_permuted_prior,Principal cell,0.4965116279069767,0.5344180225281602,0.5147679324894515,799
GEO_GSE325587_GENERIC_CSV_PAIR_EXPANDED,learned_permuted_prior,Proliferating Proximal Tubule,0.6536203522504892,0.22266666666666668,0.3321730482347091,1500
GEO_GSE325587_GENERIC_CSV_PAIR_EXPANDED,learned_permuted_prior,Proximal tubule,0.18615751789976134,0.8914285714285715,0.3079960513326752,175
GEO_GSE325587_GENERIC_CSV_PAIR_EXPANDED,learned_permuted_prior,Thick ascending limb of Loop of Henle,0.324577861163227,0.43908629441624364,0.37324703344120824,394
GEO_GSE325587_GENERIC_CSV_PAIR_EXPANDED,learned_permuted_prior,Type A intercalated cell,0.08478802992518704,0.6666666666666666,0.15044247787610618,51
GEO_GSE325587_GENERIC_CSV_PAIR_EXPANDED,learned_permuted_prior,Type B intercalated cell,0.10922330097087378,0.9375,0.19565217391304346,48
GEO_GSE325587_GENERIC_CSV_PAIR_EXPANDED,learned_random_graph,Ascending vasa recta endothelium,0.6458923512747875,0.152,0.24608742579600645,1500
GEO_GSE325587_GENERIC_CSV_PAIR_EXPANDED,learned_random_graph,B cell,0.7392550143266475,0.516,0.6077738515901061,1500
GEO_GSE325587_GENERIC_CSV_PAIR_EXPANDED,learned_random_graph,CD4 T cell,0.5468634686346864,0.5023728813559322,0.5236749116607774,1475
GEO_GSE325587_GENERIC_CSV_PAIR_EXPANDED,learned_random_graph,CD8 T cell,0.006160164271047228,0.10714285714285714,0.011650485436893204,28
GEO_GSE325587_GENERIC_CSV_PAIR_EXPANDED,learned_random_graph,Connecting tubule,0.6651884700665188,0.2,0.30753459764223473,1500
GEO_GSE325587_GENERIC_CSV_PAIR_EXPANDED,learned_random_graph,Descending vasa recta endothelium,0.19507186858316222,0.6229508196721312,0.2971071149335418,305
GEO_GSE325587_GENERIC_CSV_PAIR_EXPANDED,learned_random_graph,Distinct proximal tubule 1,0.4880503144654088,0.25866666666666666,0.33812636165577337,1500
GEO_GSE325587_GENERIC_CSV_PAIR_EXPANDED,learned_random_graph,Distinct proximal tubule 2,0.431740614334471,0.34705075445816186,0.38479087452471483,729
GEO_GSE325587_GENERIC_CSV_PAIR_EXPANDED,learned_random_graph,Epithelial progenitor cell,0.7075664621676891,0.23066666666666666,0.3479135243841126,1500
GEO_GSE325587_GENERIC_CSV_PAIR_EXPANDED,learned_random_graph,Fibroblast,0.5627705627705628,0.6066666666666667,0.5838947706127687,1500
GEO_GSE325587_GENERIC_CSV_PAIR_EXPANDED,learned_random_graph,Glomerular endothelium,0.18888888888888888,0.8700787401574803,0.31039325842696625,254
GEO_GSE325587_GENERIC_CSV_PAIR_EXPANDED,learned_random_graph,MNP-a/classical monocyte derived,0.06382978723404255,0.6857142857142857,0.11678832116788321,35
GEO_GSE325587_GENERIC_CSV_PAIR_EXPANDED,learned_random_graph,MNP-c/dendritic cell,0.5836873406966865,0.458,0.5132611131864028,1500
GEO_GSE325587_GENERIC_CSV_PAIR_EXPANDED,learned_random_graph,MNP-d/Tissue macrophage,0.09137709137709138,0.9342105263157895,0.16647127784290738,76
GEO_GSE325587_GENERIC_CSV_PAIR_EXPANDED,learned_random_graph,Mast cell,0.07922912205567452,0.9736842105263158,0.14653465346534653,38
GEO_GSE325587_GENERIC_CSV_PAIR_EXPANDED,learned_random_graph,Myofibroblast,0.7779273216689099,0.38533333333333336,0.5153811859117254,1500
GEO_GSE325587_GENERIC_CSV_PAIR_EXPANDED,learned_random_graph,NK cell,0.03322259136212625,0.38461538461538464,0.06116207951070337,52
GEO_GSE325587_GENERIC_CSV_PAIR_EXPANDED,learned_random_graph,NKT cell,0.2531969309462916,0.41509433962264153,0.3145353455123114,477
GEO_GSE325587_GENERIC_CSV_PAIR_EXPANDED,learned_random_graph,Pelvic epithelium,0.04846938775510204,0.2923076923076923,0.08315098468271334,65
GEO_GSE325587_GENERIC_CSV_PAIR_EXPANDED,learned_random_graph,Peritubular capillary endothelium 1,0.08846153846153847,0.19166666666666668,0.12105263157894737,120
GEO_GSE325587_GENERIC_CSV_PAIR_EXPANDED,learned_random_graph,Peritubular capillary endothelium 2,0.08242612752721618,0.2864864864864865,0.1280193236714976,185
GEO_GSE325587_GENERIC_CSV_PAIR_EXPANDED,learned_random_graph,Plasmacytoid dendritic cell,0.08687258687258688,0.5555555555555556,0.15025041736227046,81
GEO_GSE325587_GENERIC_CSV_PAIR_EXPANDED,learned_random_graph,Podocyte,0.7371565113500598,0.41160773849232823,0.5282534246575343,1499
GEO_GSE325587_GENERIC_CSV_PAIR_EXPANDED,learned_random_graph,Principal cell,0.47705442902881534,0.5594493116395495,0.5149769585253456,799
GEO_GSE325587_GENERIC_CSV_PAIR_EXPANDED,learned_random_graph,Proliferating Proximal Tubule,0.6585365853658537,0.216,0.32530120481927716,1500
GEO_GSE325587_GENERIC_CSV_PAIR_EXPANDED,learned_random_graph,Proximal tubule,0.21389645776566757,0.8971428571428571,0.3454345434543454,175
GEO_GSE325587_GENERIC_CSV_PAIR_EXPANDED,learned_random_graph,Thick ascending limb of Loop of Henle,0.3258003766478343,0.43908629441624364,0.37405405405405406,394
GEO_GSE325587_GENERIC_CSV_PAIR_EXPANDED,learned_random_graph,Type A intercalated cell,0.089058524173028,0.6862745098039216,0.15765765765765766,51
GEO_GSE325587_GENERIC_CSV_PAIR_EXPANDED,learned_random_graph,Type B intercalated cell,0.11471321695760599,0.9583333333333334,0.20489977728285078,48
GEO_GSE325587_GENERIC_CSV_PAIR_EXPANDED,marker_context_specific_neighborhood,Ascending vasa recta endothelium,0.6416666666666667,0.154,0.24838709677419354,1500
GEO_GSE325587_GENERIC_CSV_PAIR_EXPANDED,marker_context_specific_neighborhood,B cell,0.7445600756859035,0.5246666666666666,0.6155651153695737,1500
GEO_GSE325587_GENERIC_CSV_PAIR_EXPANDED,marker_context_specific_neighborhood,CD4 T cell,0.5380635624538064,0.4935593220338983,0.5148514851485149,1475
GEO_GSE325587_GENERIC_CSV_PAIR_EXPANDED,marker_context_specific_neighborhood,CD8 T cell,0.005988023952095809,0.10714285714285714,0.011342155009451797,28
GEO_GSE325587_GENERIC_CSV_PAIR_EXPANDED,marker_context_specific_neighborhood,Connecting tubule,0.6955445544554455,0.18733333333333332,0.29516806722689076,1500
GEO_GSE325587_GENERIC_CSV_PAIR_EXPANDED,marker_context_specific_neighborhood,Descending vasa recta endothelium,0.1918081918081918,0.6295081967213115,0.2940275650842266,305
GEO_GSE325587_GENERIC_CSV_PAIR_EXPANDED,marker_context_specific_neighborhood,Distinct proximal tubule 1,0.4940867279894875,0.25066666666666665,0.33259619637328613,1500
GEO_GSE325587_GENERIC_CSV_PAIR_EXPANDED,marker_context_specific_neighborhood,Distinct proximal tubule 2,0.4158415841584158,0.345679012345679,0.3775280898876404,729
GEO_GSE325587_GENERIC_CSV_PAIR_EXPANDED,marker_context_specific_neighborhood,Epithelial progenitor cell,0.7152173913043478,0.21933333333333332,0.3357142857142857,1500
GEO_GSE325587_GENERIC_CSV_PAIR_EXPANDED,marker_context_specific_neighborhood,Fibroblast,0.5602748282323547,0.598,0.5785230570783618,1500
GEO_GSE325587_GENERIC_CSV_PAIR_EXPANDED,marker_context_specific_neighborhood,Glomerular endothelium,0.18311036789297658,0.8622047244094488,0.3020689655172414,254
GEO_GSE325587_GENERIC_CSV_PAIR_EXPANDED,marker_context_specific_neighborhood,MNP-a/classical monocyte derived,0.06561679790026247,0.7142857142857143,0.1201923076923077,35
GEO_GSE325587_GENERIC_CSV_PAIR_EXPANDED,marker_context_specific_neighborhood,MNP-c/dendritic cell,0.5858498705780846,0.45266666666666666,0.5107183151560737,1500
GEO_GSE325587_GENERIC_CSV_PAIR_EXPANDED,marker_context_specific_neighborhood,MNP-d/Tissue macrophage,0.08972691807542263,0.9078947368421053,0.1633136094674556,76
GEO_GSE325587_GENERIC_CSV_PAIR_EXPANDED,marker_context_specific_neighborhood,Mast cell,0.08096280087527352,0.9736842105263158,0.1494949494949495,38
GEO_GSE325587_GENERIC_CSV_PAIR_EXPANDED,marker_context_specific_neighborhood,Myofibroblast,0.7605263157894737,0.38533333333333336,0.5115044247787611,1500
GEO_GSE325587_GENERIC_CSV_PAIR_EXPANDED,marker_context_specific_neighborhood,NK cell,0.031578947368421054,0.34615384615384615,0.05787781350482315,52
GEO_GSE325587_GENERIC_CSV_PAIR_EXPANDED,marker_context_specific_neighborhood,NKT cell,0.24879807692307693,0.4339622641509434,0.31627196333078683,477
GEO_GSE325587_GENERIC_CSV_PAIR_EXPANDED,marker_context_specific_neighborhood,Pelvic epithelium,0.04297994269340974,0.23076923076923078,0.07246376811594203,65
GEO_GSE325587_GENERIC_CSV_PAIR_EXPANDED,marker_context_specific_neighborhood,Peritubular capillary endothelium 1,0.08949416342412451,0.19166666666666668,0.12201591511936341,120
GEO_GSE325587_GENERIC_CSV_PAIR_EXPANDED,marker_context_specific_neighborhood,Peritubular capillary endothelium 2,0.08702791461412152,0.2864864864864865,0.13350125944584382,185
GEO_GSE325587_GENERIC_CSV_PAIR_EXPANDED,marker_context_specific_neighborhood,Plasmacytoid dendritic cell,0.09036144578313253,0.5555555555555556,0.15544041450777202,81
GEO_GSE325587_GENERIC_CSV_PAIR_EXPANDED,marker_context_specific_neighborhood,Podocyte,0.7290930506478209,0.41294196130753835,0.5272572402044292,1499
GEO_GSE325587_GENERIC_CSV_PAIR_EXPANDED,marker_context_specific_neighborhood,Principal cell,0.45417925478348437,0.5644555694618273,0.5033482142857143,799
GEO_GSE325587_GENERIC_CSV_PAIR_EXPANDED,marker_context_specific_neighborhood,Proliferating Proximal Tubule,0.6439114391143912,0.23266666666666666,0.3418217433888344,1500
GEO_GSE325587_GENERIC_CSV_PAIR_EXPANDED,marker_context_specific_neighborhood,Proximal tubule,0.22043795620437956,0.8628571428571429,0.3511627906976744,175
GEO_GSE325587_GENERIC_CSV_PAIR_EXPANDED,marker_context_specific_neighborhood,Thick ascending limb of Loop of Henle,0.31115107913669066,0.43908629441624364,0.36421052631578943,394
GEO_GSE325587_GENERIC_CSV_PAIR_EXPANDED,marker_context_specific_neighborhood,Type A intercalated cell,0.08133971291866028,0.6666666666666666,0.14498933901918976,51
GEO_GSE325587_GENERIC_CSV_PAIR_EXPANDED,marker_context_specific_neighborhood,Type B intercalated cell,0.11442786069651742,0.9583333333333334,0.20444444444444448,48
GEO_GSE325587_GENERIC_CSV_PAIR_EXPANDED,marker_learned_neighborhood,Ascending vasa recta endothelium,0.655367231638418,0.15466666666666667,0.25026968716289105,1500
GEO_GSE325587_GENERIC_CSV_PAIR_EXPANDED,marker_learned_neighborhood,B cell,0.7454370797310279,0.5173333333333333,0.6107831562377017,1500
GEO_GSE325587_GENERIC_CSV_PAIR_EXPANDED,marker_learned_neighborhood,CD4 T cell,0.5439114391143911,0.49966101694915255,0.5208480565371025,1475
GEO_GSE325587_GENERIC_CSV_PAIR_EXPANDED,marker_learned_neighborhood,CD8 T cell,0.006122448979591836,0.10714285714285714,0.011583011583011582,28
GEO_GSE325587_GENERIC_CSV_PAIR_EXPANDED,marker_learned_neighborhood,Connecting tubule,0.668903803131991,0.19933333333333333,0.3071391884951207,1500
GEO_GSE325587_GENERIC_CSV_PAIR_EXPANDED,marker_learned_neighborhood,Descending vasa recta endothelium,0.195097037793667,0.6262295081967213,0.29750778816199375,305
GEO_GSE325587_GENERIC_CSV_PAIR_EXPANDED,marker_learned_neighborhood,Distinct proximal tubule 1,0.4879898862199747,0.25733333333333336,0.3369707551287648,1500
GEO_GSE325587_GENERIC_CSV_PAIR_EXPANDED,marker_learned_neighborhood,Distinct proximal tubule 2,0.4305555555555556,0.3401920438957476,0.38007662835249045,729
GEO_GSE325587_GENERIC_CSV_PAIR_EXPANDED,marker_learned_neighborhood,Epithelial progenitor cell,0.7198364008179959,0.23466666666666666,0.3539467068878834,1500
GEO_GSE325587_GENERIC_CSV_PAIR_EXPANDED,marker_learned_neighborhood,Fibroblast,0.5558912386706949,0.6133333333333333,0.5832012678288432,1500
GEO_GSE325587_GENERIC_CSV_PAIR_EXPANDED,marker_learned_neighborhood,Glomerular endothelium,0.18543607112616428,0.8622047244094488,0.305226480836237,254
GEO_GSE325587_GENERIC_CSV_PAIR_EXPANDED,marker_learned_neighborhood,MNP-a/classical monocyte derived,0.06793478260869565,0.7142857142857143,0.12406947890818858,35
GEO_GSE325587_GENERIC_CSV_PAIR_EXPANDED,marker_learned_neighborhood,MNP-c/dendritic cell,0.5803418803418804,0.45266666666666666,0.5086142322097379,1500
GEO_GSE325587_GENERIC_CSV_PAIR_EXPANDED,marker_learned_neighborhood,MNP-d/Tissue macrophage,0.09102564102564102,0.9342105263157895,0.1658878504672897,76
GEO_GSE325587_GENERIC_CSV_PAIR_EXPANDED,marker_learned_neighborhood,Mast cell,0.08026030368763558,0.9736842105263158,0.14829659318637275,38
GEO_GSE325587_GENERIC_CSV_PAIR_EXPANDED,marker_learned_neighborhood,Myofibroblast,0.7712765957446809,0.38666666666666666,0.5150976909413855,1500
GEO_GSE325587_GENERIC_CSV_PAIR_EXPANDED,marker_learned_neighborhood,NK cell,0.03442340791738382,0.38461538461538464,0.0631911532385466,52
GEO_GSE325587_GENERIC_CSV_PAIR_EXPANDED,marker_learned_neighborhood,NKT cell,0.2518796992481203,0.42138364779874216,0.31529411764705884,477
GEO_GSE325587_GENERIC_CSV_PAIR_EXPANDED,marker_learned_neighborhood,Pelvic epithelium,0.05,0.27692307692307694,0.08470588235294119,65
GEO_GSE325587_GENERIC_CSV_PAIR_EXPANDED,marker_learned_neighborhood,Peritubular capillary endothelium 1,0.09448818897637795,0.2,0.1283422459893048,120
GEO_GSE325587_GENERIC_CSV_PAIR_EXPANDED,marker_learned_neighborhood,Peritubular capillary endothelium 2,0.0888529886914378,0.2972972972972973,0.13681592039800994,185
GEO_GSE325587_GENERIC_CSV_PAIR_EXPANDED,marker_learned_neighborhood,Plasmacytoid dendritic cell,0.0907258064516129,0.5555555555555556,0.15597920277296362,81
GEO_GSE325587_GENERIC_CSV_PAIR_EXPANDED,marker_learned_neighborhood,Podocyte,0.741504854368932,0.4076050700466978,0.5260439087387,1499
GEO_GSE325587_GENERIC_CSV_PAIR_EXPANDED,marker_learned_neighborhood,Principal cell,0.4584615384615385,0.5594493116395495,0.5039458850056371,799
GEO_GSE325587_GENERIC_CSV_PAIR_EXPANDED,marker_learned_neighborhood,Proliferating Proximal Tubule,0.6621359223300971,0.22733333333333333,0.3384615384615384,1500
GEO_GSE325587_GENERIC_CSV_PAIR_EXPANDED,marker_learned_neighborhood,Proximal tubule,0.2096128170894526,0.8971428571428571,0.3398268398268398,175
GEO_GSE325587_GENERIC_CSV_PAIR_EXPANDED,marker_learned_neighborhood,Thick ascending limb of Loop of Henle,0.32771535580524347,0.44416243654822335,0.37715517241379315,394
GEO_GSE325587_GENERIC_CSV_PAIR_EXPANDED,marker_learned_neighborhood,Type A intercalated cell,0.0845771144278607,0.6666666666666666,0.15011037527593818,51
GEO_GSE325587_GENERIC_CSV_PAIR_EXPANDED,marker_learned_neighborhood,Type B intercalated cell,0.11538461538461539,0.9375,0.2054794520547945,48
GEO_GSE325587_GENERIC_CSV_PAIR_EXPANDED,marker_only,Ascending vasa recta endothelium,0.6398891966759003,0.154,0.24825362708221382,1500
GEO_GSE325587_GENERIC_CSV_PAIR_EXPANDED,marker_only,B cell,0.7490272373540856,0.5133333333333333,0.6091772151898734,1500
GEO_GSE325587_GENERIC_CSV_PAIR_EXPANDED,marker_only,CD4 T cell,0.5534638554216867,0.49830508474576274,0.5244381020335356,1475
GEO_GSE325587_GENERIC_CSV_PAIR_EXPANDED,marker_only,CD8 T cell,0.006122448979591836,0.10714285714285714,0.011583011583011582,28
GEO_GSE325587_GENERIC_CSV_PAIR_EXPANDED,marker_only,Connecting tubule,0.6707021791767555,0.18466666666666667,0.2895974908520648,1500
GEO_GSE325587_GENERIC_CSV_PAIR_EXPANDED,marker_only,Descending vasa recta endothelium,0.191044776119403,0.6295081967213115,0.2931297709923664,305
GEO_GSE325587_GENERIC_CSV_PAIR_EXPANDED,marker_only,Distinct proximal tubule 1,0.49501246882793015,0.26466666666666666,0.3449174630755864,1500
GEO_GSE325587_GENERIC_CSV_PAIR_EXPANDED,marker_only,Distinct proximal tubule 2,0.43006993006993005,0.3374485596707819,0.37817063797079176,729
GEO_GSE325587_GENERIC_CSV_PAIR_EXPANDED,marker_only,Epithelial progenitor cell,0.7054108216432866,0.23466666666666666,0.352176088044022,1500
GEO_GSE325587_GENERIC_CSV_PAIR_EXPANDED,marker_only,Fibroblast,0.5630712979890311,0.616,0.5883476599808978,1500
GEO_GSE325587_GENERIC_CSV_PAIR_EXPANDED,marker_only,Glomerular endothelium,0.18568994889267462,0.8582677165354331,0.30532212885154064,254
GEO_GSE325587_GENERIC_CSV_PAIR_EXPANDED,marker_only,MNP-a/classical monocyte derived,0.0673854447439353,0.7142857142857143,0.12315270935960591,35
GEO_GSE325587_GENERIC_CSV_PAIR_EXPANDED,marker_only,MNP-c/dendritic cell,0.5762426284751474,0.456,0.5091179754372906,1500
GEO_GSE325587_GENERIC_CSV_PAIR_EXPANDED,marker_only,MNP-d/Tissue macrophage,0.08937823834196891,0.9078947368421053,0.16273584905660377,76
GEO_GSE325587_GENERIC_CSV_PAIR_EXPANDED,marker_only,Mast cell,0.07489878542510121,0.9736842105263158,0.13909774436090225,38
GEO_GSE325587_GENERIC_CSV_PAIR_EXPANDED,marker_only,Myofibroblast,0.7667103538663171,0.39,0.5170128148475476,1500
GEO_GSE325587_GENERIC_CSV_PAIR_EXPANDED,marker_only,NK cell,0.03361344537815126,0.38461538461538464,0.061823802163833076,52
GEO_GSE325587_GENERIC_CSV_PAIR_EXPANDED,marker_only,NKT cell,0.2529182879377432,0.4088050314465409,0.3125,477
GEO_GSE325587_GENERIC_CSV_PAIR_EXPANDED,marker_only,Pelvic epithelium,0.03807106598984772,0.23076923076923078,0.06535947712418301,65
GEO_GSE325587_GENERIC_CSV_PAIR_EXPANDED,marker_only,Peritubular capillary endothelium 1,0.08823529411764706,0.2,0.12244897959183675,120
GEO_GSE325587_GENERIC_CSV_PAIR_EXPANDED,marker_only,Peritubular capillary endothelium 2,0.08873720136518772,0.2810810810810811,0.13488975356679636,185
GEO_GSE325587_GENERIC_CSV_PAIR_EXPANDED,marker_only,Plasmacytoid dendritic cell,0.08757637474541752,0.5308641975308642,0.15034965034965034,81
GEO_GSE325587_GENERIC_CSV_PAIR_EXPANDED,marker_only,Podocyte,0.7392900856793145,0.4029352901934623,0.5215889464594128,1499
GEO_GSE325587_GENERIC_CSV_PAIR_EXPANDED,marker_only,Principal cell,0.48017148981779206,0.5607008760951189,0.5173210161662818,799
GEO_GSE325587_GENERIC_CSV_PAIR_EXPANDED,marker_only,Proliferating Proximal Tubule,0.6749521988527725,0.23533333333333334,0.3489866534849234,1500
GEO_GSE325587_GENERIC_CSV_PAIR_EXPANDED,marker_only,Proximal tubule,0.22492836676217765,0.8971428571428571,0.35967926689576174,175
GEO_GSE325587_GENERIC_CSV_PAIR_EXPANDED,marker_only,Thick ascending limb of Loop of Henle,0.31785714285714284,0.4517766497461929,0.3731656184486373,394
GEO_GSE325587_GENERIC_CSV_PAIR_EXPANDED,marker_only,Type A intercalated cell,0.08490566037735849,0.7058823529411765,0.15157894736842104,51
GEO_GSE325587_GENERIC_CSV_PAIR_EXPANDED,marker_only,Type B intercalated cell,0.10900473933649289,0.9583333333333334,0.19574468085106383,48
GEO_GSE325587_GENERIC_CSV_PAIR_EXPANDED,marker_reference_profile,Ascending vasa recta endothelium,0.6028708133971292,0.084,0.14745465184318315,1500
GEO_GSE325587_GENERIC_CSV_PAIR_EXPANDED,marker_reference_profile,B cell,0.6590038314176245,0.5733333333333334,0.6131907308377896,1500
GEO_GSE325587_GENERIC_CSV_PAIR_EXPANDED,marker_reference_profile,CD4 T cell,0.5544496487119438,0.6420338983050847,0.5950361294376374,1475
GEO_GSE325587_GENERIC_CSV_PAIR_EXPANDED,marker_reference_profile,CD8 T cell,0.005037783375314861,0.07142857142857142,0.009411764705882352,28
GEO_GSE325587_GENERIC_CSV_PAIR_EXPANDED,marker_reference_profile,Connecting tubule,0.6352583586626139,0.13933333333333334,0.22854018589393113,1500
GEO_GSE325587_GENERIC_CSV_PAIR_EXPANDED,marker_reference_profile,Descending vasa recta endothelium,0.17293835068054444,0.7081967213114754,0.277992277992278,305
GEO_GSE325587_GENERIC_CSV_PAIR_EXPANDED,marker_reference_profile,Distinct proximal tubule 1,0.5022091310751104,0.22733333333333333,0.3129876089949518,1500
GEO_GSE325587_GENERIC_CSV_PAIR_EXPANDED,marker_reference_profile,Distinct proximal tubule 2,0.47330960854092524,0.36488340192043894,0.4120836560805577,729
GEO_GSE325587_GENERIC_CSV_PAIR_EXPANDED,marker_reference_profile,Epithelial progenitor cell,0.7093821510297483,0.20666666666666667,0.3200826019617966,1500
GEO_GSE325587_GENERIC_CSV_PAIR_EXPANDED,marker_reference_profile,Fibroblast,0.6030116358658453,0.5873333333333334,0.5950692333671057,1500
GEO_GSE325587_GENERIC_CSV_PAIR_EXPANDED,marker_reference_profile,Glomerular endothelium,0.16732438831886345,0.8346456692913385,0.2787639710716634,254
GEO_GSE325587_GENERIC_CSV_PAIR_EXPANDED,marker_reference_profile,MNP-a/classical monocyte derived,0.054945054945054944,0.5714285714285714,0.10025062656641603,35
GEO_GSE325587_GENERIC_CSV_PAIR_EXPANDED,marker_reference_profile,MNP-c/dendritic cell,0.6090686274509803,0.3313333333333333,0.429188255613126,1500
GEO_GSE325587_GENERIC_CSV_PAIR_EXPANDED,marker_reference_profile,MNP-d/Tissue macrophage,0.05701425356339085,1.0,0.1078779276082328,76
GEO_GSE325587_GENERIC_CSV_PAIR_EXPANDED,marker_reference_profile,Mast cell,0.05921052631578947,0.9473684210526315,0.11145510835913311,38
GEO_GSE325587_GENERIC_CSV_PAIR_EXPANDED,marker_reference_profile,Myofibroblast,0.7821917808219178,0.38066666666666665,0.5121076233183857,1500
GEO_GSE325587_GENERIC_CSV_PAIR_EXPANDED,marker_reference_profile,NK cell,0.030660377358490566,0.25,0.05462184873949579,52
GEO_GSE325587_GENERIC_CSV_PAIR_EXPANDED,marker_reference_profile,NKT cell,0.29365079365079366,0.38784067085953877,0.3342366757000903,477
GEO_GSE325587_GENERIC_CSV_PAIR_EXPANDED,marker_reference_profile,Pelvic epithelium,0.03953488372093023,0.26153846153846155,0.06868686868686869,65
GEO_GSE325587_GENERIC_CSV_PAIR_EXPANDED,marker_reference_profile,Peritubular capillary endothelium 1,0.07575757575757576,0.125,0.09433962264150944,120
GEO_GSE325587_GENERIC_CSV_PAIR_EXPANDED,marker_reference_profile,Peritubular capillary endothelium 2,0.08012820512820513,0.2702702702702703,0.12360939431396788,185
GEO_GSE325587_GENERIC_CSV_PAIR_EXPANDED,marker_reference_profile,Plasmacytoid dendritic cell,0.09651474530831099,0.4444444444444444,0.15859030837004406,81
GEO_GSE325587_GENERIC_CSV_PAIR_EXPANDED,marker_reference_profile,Podocyte,0.7923186344238976,0.37158105403602404,0.505903723887375,1499
GEO_GSE325587_GENERIC_CSV_PAIR_EXPANDED,marker_reference_profile,Principal cell,0.46932185145317545,0.5456821026282853,0.5046296296296297,799
GEO_GSE325587_GENERIC_CSV_PAIR_EXPANDED,marker_reference_profile,Proliferating Proximal Tubule,0.6772151898734177,0.14266666666666666,0.2356828193832599,1500
GEO_GSE325587_GENERIC_CSV_PAIR_EXPANDED,marker_reference_profile,Proximal tubule,0.23333333333333334,0.88,0.36886227544910183,175
GEO_GSE325587_GENERIC_CSV_PAIR_EXPANDED,marker_reference_profile,Thick ascending limb of Loop of Henle,0.35799522673031026,0.38071065989847713,0.36900369003690037,394
GEO_GSE325587_GENERIC_CSV_PAIR_EXPANDED,marker_reference_profile,Type A intercalated cell,0.060561299852289516,0.803921568627451,0.11263736263736264,51
GEO_GSE325587_GENERIC_CSV_PAIR_EXPANDED,marker_reference_profile,Type B intercalated cell,0.08196721311475409,0.9375,0.15075376884422106,48
GEO_GSE325587_GENERIC_CSV_PAIR_EXPANDED,reference_profile,Ascending vasa recta endothelium,0.65,0.034666666666666665,0.06582278481012659,1500
GEO_GSE325587_GENERIC_CSV_PAIR_EXPANDED,reference_profile,B cell,0.5908127208480566,0.5573333333333333,0.5735849056603773,1500
GEO_GSE325587_GENERIC_CSV_PAIR_EXPANDED,reference_profile,CD4 T cell,0.5442455242966752,0.7213559322033898,0.620408163265306,1475
GEO_GSE325587_GENERIC_CSV_PAIR_EXPANDED,reference_profile,CD8 T cell,0.005681818181818182,0.07142857142857142,0.010526315789473684,28
GEO_GSE325587_GENERIC_CSV_PAIR_EXPANDED,reference_profile,Connecting tubule,0.4807692307692308,0.06666666666666667,0.11709601873536298,1500
GEO_GSE325587_GENERIC_CSV_PAIR_EXPANDED,reference_profile,Descending vasa recta endothelium,0.13294040602488538,0.6655737704918033,0.22161572052401746,305
GEO_GSE325587_GENERIC_CSV_PAIR_EXPANDED,reference_profile,Distinct proximal tubule 1,0.3592964824120603,0.09533333333333334,0.1506849315068493,1500
GEO_GSE325587_GENERIC_CSV_PAIR_EXPANDED,reference_profile,Distinct proximal tubule 2,0.45605700712589076,0.26337448559670784,0.33391304347826084,729
GEO_GSE325587_GENERIC_CSV_PAIR_EXPANDED,reference_profile,Epithelial progenitor cell,0.422680412371134,0.082,0.1373534338358459,1500
GEO_GSE325587_GENERIC_CSV_PAIR_EXPANDED,reference_profile,Fibroblast,0.7034277198211625,0.31466666666666665,0.4348226623675725,1500
GEO_GSE325587_GENERIC_CSV_PAIR_EXPANDED,reference_profile,Glomerular endothelium,0.08793738489871086,0.7519685039370079,0.15746084089035448,254
GEO_GSE325587_GENERIC_CSV_PAIR_EXPANDED,reference_profile,MNP-a/classical monocyte derived,0.03076923076923077,0.2857142857142857,0.05555555555555556,35
GEO_GSE325587_GENERIC_CSV_PAIR_EXPANDED,reference_profile,MNP-c/dendritic cell,0.627906976744186,0.126,0.2098833981121599,1500
GEO_GSE325587_GENERIC_CSV_PAIR_EXPANDED,reference_profile,MNP-d/Tissue macrophage,0.035480859010270774,1.0,0.06853020739404868,76
GEO_GSE325587_GENERIC_CSV_PAIR_EXPANDED,reference_profile,Mast cell,0.041237113402061855,0.9473684210526315,0.07903402854006587,38
GEO_GSE325587_GENERIC_CSV_PAIR_EXPANDED,reference_profile,Myofibroblast,0.7484008528784648,0.234,0.35652615540883703,1500
GEO_GSE325587_GENERIC_CSV_PAIR_EXPANDED,reference_profile,NK cell,0.022099447513812154,0.15384615384615385,0.03864734299516908,52
GEO_GSE325587_GENERIC_CSV_PAIR_EXPANDED,reference_profile,NKT cell,0.3940520446096654,0.2222222222222222,0.2841823056300268,477
GEO_GSE325587_GENERIC_CSV_PAIR_EXPANDED,reference_profile,Pelvic epithelium,0.044642857142857144,0.15384615384615385,0.06920415224913495,65
GEO_GSE325587_GENERIC_CSV_PAIR_EXPANDED,reference_profile,Peritubular capillary endothelium 1,0.055944055944055944,0.06666666666666667,0.060836501901140684,120
GEO_GSE325587_GENERIC_CSV_PAIR_EXPANDED,reference_profile,Peritubular capillary endothelium 2,0.07899159663865546,0.25405405405405407,0.12051282051282051,185
GEO_GSE325587_GENERIC_CSV_PAIR_EXPANDED,reference_profile,Plasmacytoid dendritic cell,0.052795031055900624,0.20987654320987653,0.08436724565756824,81
GEO_GSE325587_GENERIC_CSV_PAIR_EXPANDED,reference_profile,Podocyte,0.7039274924471299,0.15543695797198132,0.2546448087431694,1499
GEO_GSE325587_GENERIC_CSV_PAIR_EXPANDED,reference_profile,Principal cell,0.40168539325842695,0.3579474342928661,0.3785572468563865,799
GEO_GSE325587_GENERIC_CSV_PAIR_EXPANDED,reference_profile,Proliferating Proximal Tubule,0.44680851063829785,0.028,0.05269761606022585,1500
GEO_GSE325587_GENERIC_CSV_PAIR_EXPANDED,reference_profile,Proximal tubule,0.2625482625482625,0.7771428571428571,0.39249639249639245,175
GEO_GSE325587_GENERIC_CSV_PAIR_EXPANDED,reference_profile,Thick ascending limb of Loop of Henle,0.13740458015267176,0.04568527918781726,0.06857142857142856,394
GEO_GSE325587_GENERIC_CSV_PAIR_EXPANDED,reference_profile,Type A intercalated cell,0.02459508098380324,0.803921568627451,0.047729918509895226,51
GEO_GSE325587_GENERIC_CSV_PAIR_EXPANDED,reference_profile,Type B intercalated cell,0.030324400564174896,0.8958333333333334,0.05866302864938609,48
GEO_GSE326743_GENERIC_XENIUM_EXPANDED,learned_permuted_prior,Arterial endothelial cells (KDR+ CD34+),0.8338741077222582,0.514,0.6359811927740658,2500
GEO_GSE326743_GENERIC_XENIUM_EXPANDED,learned_permuted_prior,B cell zone reticular cells CXCL13+MADCAM1+,0.8144239226033422,0.3704,0.5092108880945835,2500
GEO_GSE326743_GENERIC_XENIUM_EXPANDED,learned_permuted_prior,B cells,0.32325581395348835,0.5537848605577689,0.408223201174743,502
GEO_GSE326743_GENERIC_XENIUM_EXPANDED,learned_permuted_prior,"B cells, follicular",0.46409379579872984,0.38,0.4178579283043765,2500
GEO_GSE326743_GENERIC_XENIUM_EXPANDED,learned_permuted_prior,"B cells, marginal zone",0.3920812894183602,0.4476,0.4180052297347777,2500
GEO_GSE326743_GENERIC_XENIUM_EXPANDED,learned_permuted_prior,CXCL13+ marginal zone stromal cells,0.4711763454584131,0.9736263736263736,0.6350344036697247,2275
GEO_GSE326743_GENERIC_XENIUM_EXPANDED,learned_permuted_prior,DC1,0.008741258741258742,0.16129032258064516,0.01658374792703151,31
GEO_GSE326743_GENERIC_XENIUM_EXPANDED,learned_permuted_prior,DC2 and DC1,0.5995361422497101,0.8052959501557633,0.6873476623088854,1926
GEO_GSE326743_GENERIC_XENIUM_EXPANDED,learned_permuted_prior,Erythroid,0.7719298245614035,0.704,0.7364016736401674,2500
GEO_GSE326743_GENERIC_XENIUM_EXPANDED,learned_permuted_prior,Follicular / marginal-zone-interface B cells,0.5406643757159221,0.1888,0.27986955232730504,2500
GEO_GSE326743_GENERIC_XENIUM_EXPANDED,learned_permuted_prior,Follicular dendritic cells (FDCSP+),0.15301003344481606,0.4021978021978022,0.22168382798304062,455
GEO_GSE326743_GENERIC_XENIUM_EXPANDED,learned_permuted_prior,"Germinal center B cells, proliferating",0.6042720629567172,0.5721128259712613,0.5877528704209951,1879
GEO_GSE326743_GENERIC_XENIUM_EXPANDED,learned_permuted_prior,Marginal zone reticular cells CXCL13+NGFR+MADCAM1-,0.7761934283942964,0.5008,0.6088013615365913,2500
GEO_GSE326743_GENERIC_XENIUM_EXPANDED,learned_permuted_prior,Metamyelocyte/Band Neutrophils DEFA1+,0.22828096118299446,0.0988,0.1379117811278615,2500
GEO_GSE326743_GENERIC_XENIUM_EXPANDED,learned_permuted_prior,Monocytes,0.84435318275154,0.8224,0.8332320162107396,2500
GEO_GSE326743_GENERIC_XENIUM_EXPANDED,learned_permuted_prior,NK cells,0.7900531511009871,0.8324,0.810673938449552,2500
GEO_GSE326743_GENERIC_XENIUM_EXPANDED,learned_permuted_prior,Neutrophils,0.7111436950146628,0.582,0.6401231852177738,2500
GEO_GSE326743_GENERIC_XENIUM_EXPANDED,learned_permuted_prior,Perifollicular zone macrophages,0.5778992581023038,0.592,0.5848646512546927,2500
GEO_GSE326743_GENERIC_XENIUM_EXPANDED,learned_permuted_prior,Plasma cells,0.6910310734463276,0.7828,0.7340585146286571,2500
GEO_GSE326743_GENERIC_XENIUM_EXPANDED,learned_permuted_prior,Promyelocyte,0.7433320448395825,0.7692,0.7560448201297425,2500
GEO_GSE326743_GENERIC_XENIUM_EXPANDED,learned_permuted_prior,Red pulp fibroblasts,0.6439678284182305,0.4804,0.5502863688430698,2500
GEO_GSE326743_GENERIC_XENIUM_EXPANDED,learned_permuted_prior,Red pulp macrophages,0.505868544600939,0.5172,0.5114715189873418,2500
GEO_GSE326743_GENERIC_XENIUM_EXPANDED,learned_permuted_prior,Sinusoidal endothelial cells (littoral cells),0.5217514927495024,0.734,0.6099385075619079,2500
GEO_GSE326743_GENERIC_XENIUM_EXPANDED,learned_permuted_prior,Smooth muscle,0.2857728577285773,0.2788,0.28224336910305725,2500
GEO_GSE326743_GENERIC_XENIUM_EXPANDED,learned_permuted_prior,T cell zone reticular cells CCL21+ CCL19+,0.5479930191972077,0.7536,0.6345570899292691,2500
GEO_GSE326743_GENERIC_XENIUM_EXPANDED,learned_permuted_prior,T cell zone reticular cells CXCL9+,0.08027923211169284,0.1464968152866242,0.10372040586245773,314
GEO_GSE326743_GENERIC_XENIUM_EXPANDED,learned_permuted_prior,T cells,0.5323930193640928,0.8908,0.6664671554691006,2500
GEO_GSE326743_GENERIC_XENIUM_EXPANDED,learned_permuted_prior,Tingible body macrophages,0.6922069417157826,0.5557308096740273,0.6165062700495771,1902
GEO_GSE326743_GENERIC_XENIUM_EXPANDED,learned_permuted_prior,Vascular smooth muscle cells,0.6879271070615034,0.3624,0.47471836520827876,2500
GEO_GSE326743_GENERIC_XENIUM_EXPANDED,learned_permuted_prior,"gdT cells, NK cells, and T cells",0.6361236802413273,0.6748,0.654891304347826,2500
GEO_GSE326743_GENERIC_XENIUM_EXPANDED,learned_random_graph,Arterial endothelial cells (KDR+ CD34+),0.8411154345006485,0.5188,0.6417615042058387,2500
GEO_GSE326743_GENERIC_XENIUM_EXPANDED,learned_random_graph,B cell zone reticular cells CXCL13+MADCAM1+,0.8223394898856641,0.374,0.5141600219961506,2500
GEO_GSE326743_GENERIC_XENIUM_EXPANDED,learned_random_graph,B cells,0.2753479125248509,0.5517928286852589,0.3673740053050398,502
GEO_GSE326743_GENERIC_XENIUM_EXPANDED,learned_random_graph,"B cells, follicular",0.4807781380268643,0.4152,0.44558918222794597,2500
GEO_GSE326743_GENERIC_XENIUM_EXPANDED,learned_random_graph,"B cells, marginal zone",0.4233776387802971,0.4332,0.42823250296559906,2500
GEO_GSE326743_GENERIC_XENIUM_EXPANDED,learned_random_graph,CXCL13+ marginal zone stromal cells,0.4667228306655434,0.9740659340659341,0.6310693435853624,2275
GEO_GSE326743_GENERIC_XENIUM_EXPANDED,learned_random_graph,DC1,0.009208103130755065,0.16129032258064516,0.01742160278745645,31
GEO_GSE326743_GENERIC_XENIUM_EXPANDED,learned_random_graph,DC2 and DC1,0.5970149253731343,0.8099688473520249,0.6873760740251156,1926
GEO_GSE326743_GENERIC_XENIUM_EXPANDED,learned_random_graph,Erythroid,0.7752212389380531,0.7008,0.7361344537815125,2500
GEO_GSE326743_GENERIC_XENIUM_EXPANDED,learned_random_graph,Follicular / marginal-zone-interface B cells,0.51171875,0.2096,0.2973893303064699,2500
GEO_GSE326743_GENERIC_XENIUM_EXPANDED,learned_random_graph,Follicular dendritic cells (FDCSP+),0.14963503649635038,0.36043956043956044,0.21147646679561574,455
GEO_GSE326743_GENERIC_XENIUM_EXPANDED,learned_random_graph,"Germinal center B cells, proliferating",0.5889898450026724,0.5864821713677488,0.5877333333333334,1879
GEO_GSE326743_GENERIC_XENIUM_EXPANDED,learned_random_graph,Marginal zone reticular cells CXCL13+NGFR+MADCAM1-,0.7622504537205081,0.504,0.6067902720924633,2500
GEO_GSE326743_GENERIC_XENIUM_EXPANDED,learned_random_graph,Metamyelocyte/Band Neutrophils DEFA1+,0.22818791946308725,0.0952,0.13434942139429865,2500
GEO_GSE326743_GENERIC_XENIUM_EXPANDED,learned_random_graph,Monocytes,0.85,0.8228,0.8361788617886179,2500
GEO_GSE326743_GENERIC_XENIUM_EXPANDED,learned_random_graph,NK cells,0.7891566265060241,0.8384,0.8130333591931731,2500
GEO_GSE326743_GENERIC_XENIUM_EXPANDED,learned_random_graph,Neutrophils,0.7154189390183441,0.5772,0.6389196369271641,2500
GEO_GSE326743_GENERIC_XENIUM_EXPANDED,learned_random_graph,Perifollicular zone macrophages,0.5622612681436211,0.5888,0.5752246971473233,2500
GEO_GSE326743_GENERIC_XENIUM_EXPANDED,learned_random_graph,Plasma cells,0.6854246766864732,0.7844,0.7315799291177019,2500
GEO_GSE326743_GENERIC_XENIUM_EXPANDED,learned_random_graph,Promyelocyte,0.7563951200314837,0.7688,0.762547113667923,2500
GEO_GSE326743_GENERIC_XENIUM_EXPANDED,learned_random_graph,Red pulp fibroblasts,0.6383904295812942,0.4696,0.5411385111776909,2500
GEO_GSE326743_GENERIC_XENIUM_EXPANDED,learned_random_graph,Red pulp macrophages,0.4986138613861386,0.5036,0.5010945273631842,2500
GEO_GSE326743_GENERIC_XENIUM_EXPANDED,learned_random_graph,Sinusoidal endothelial cells (littoral cells),0.5276984580239863,0.7392,0.615794735088304,2500
GEO_GSE326743_GENERIC_XENIUM_EXPANDED,learned_random_graph,Smooth muscle,0.2785167271261588,0.2764,0.2774543264404738,2500
GEO_GSE326743_GENERIC_XENIUM_EXPANDED,learned_random_graph,T cell zone reticular cells CCL21+ CCL19+,0.5621538461538461,0.7308,0.6354782608695652,2500
GEO_GSE326743_GENERIC_XENIUM_EXPANDED,learned_random_graph,T cell zone reticular cells CXCL9+,0.06856187290969899,0.1305732484076433,0.08991228070175439,314
GEO_GSE326743_GENERIC_XENIUM_EXPANDED,learned_random_graph,T cells,0.5311095339484267,0.898,0.6674594916010108,2500
GEO_GSE326743_GENERIC_XENIUM_EXPANDED,learned_random_graph,Tingible body macrophages,0.69760101010101,0.5809674027339643,0.633964429145152,1902
GEO_GSE326743_GENERIC_XENIUM_EXPANDED,learned_random_graph,Vascular smooth muscle cells,0.6842105263157895,0.3536,0.46624472573839665,2500
GEO_GSE326743_GENERIC_XENIUM_EXPANDED,learned_random_graph,"gdT cells, NK cells, and T cells",0.6400763358778626,0.6708,0.6550781250000001,2500
GEO_GSE326743_GENERIC_XENIUM_EXPANDED,marker_context_specific_neighborhood,Arterial endothelial cells (KDR+ CD34+),0.8358016741790084,0.5192,0.6405132000986924,2500
GEO_GSE326743_GENERIC_XENIUM_EXPANDED,marker_context_specific_neighborhood,B cell zone reticular cells CXCL13+MADCAM1+,0.8047945205479452,0.376,0.5125408942202835,2500
GEO_GSE326743_GENERIC_XENIUM_EXPANDED,marker_context_specific_neighborhood,B cells,0.28316831683168314,0.5697211155378487,0.3783068783068783,502
GEO_GSE326743_GENERIC_XENIUM_EXPANDED,marker_context_specific_neighborhood,"B cells, follicular",0.4672818791946309,0.4456,0.4561834561834561,2500
GEO_GSE326743_GENERIC_XENIUM_EXPANDED,marker_context_specific_neighborhood,"B cells, marginal zone",0.4289761230271145,0.424,0.4264735465701066,2500
GEO_GSE326743_GENERIC_XENIUM_EXPANDED,marker_context_specific_neighborhood,CXCL13+ marginal zone stromal cells,0.4641809803100126,0.9740659340659341,0.628741665484466,2275
GEO_GSE326743_GENERIC_XENIUM_EXPANDED,marker_context_specific_neighborhood,DC1,0.010968921389396709,0.1935483870967742,0.020761245674740483,31
GEO_GSE326743_GENERIC_XENIUM_EXPANDED,marker_context_specific_neighborhood,DC2 and DC1,0.6048324240062354,0.8058151609553479,0.6910062333036511,1926
GEO_GSE326743_GENERIC_XENIUM_EXPANDED,marker_context_specific_neighborhood,Erythroid,0.775,0.7068,0.7393305439330543,2500
GEO_GSE326743_GENERIC_XENIUM_EXPANDED,marker_context_specific_neighborhood,Follicular / marginal-zone-interface B cells,0.5353121801432958,0.2092,0.30083405234397465,2500
GEO_GSE326743_GENERIC_XENIUM_EXPANDED,marker_context_specific_neighborhood,Follicular dendritic cells (FDCSP+),0.13763066202090593,0.34725274725274724,0.1971303805364941,455
GEO_GSE326743_GENERIC_XENIUM_EXPANDED,marker_context_specific_neighborhood,"Germinal center B cells, proliferating",0.5970386039132733,0.6008515167642363,0.5989389920424404,1879
GEO_GSE326743_GENERIC_XENIUM_EXPANDED,marker_context_specific_neighborhood,Marginal zone reticular cells CXCL13+NGFR+MADCAM1-,0.7830188679245284,0.498,0.6088019559902201,2500
GEO_GSE326743_GENERIC_XENIUM_EXPANDED,marker_context_specific_neighborhood,Metamyelocyte/Band Neutrophils DEFA1+,0.22960151802656548,0.0968,0.1361845807540799,2500
GEO_GSE326743_GENERIC_XENIUM_EXPANDED,marker_context_specific_neighborhood,Monocytes,0.8473597359735974,0.8216,0.834281072298944,2500
GEO_GSE326743_GENERIC_XENIUM_EXPANDED,marker_context_specific_neighborhood,NK cells,0.7958950969213227,0.8376,0.8162151627363087,2500
GEO_GSE326743_GENERIC_XENIUM_EXPANDED,marker_context_specific_neighborhood,Neutrophils,0.7216391804097951,0.5776,0.6416351921795157,2500
GEO_GSE326743_GENERIC_XENIUM_EXPANDED,marker_context_specific_neighborhood,Perifollicular zone macrophages,0.589051963506545,0.594,0.5915156343357896,2500
GEO_GSE326743_GENERIC_XENIUM_EXPANDED,marker_context_specific_neighborhood,Plasma cells,0.7037037037037037,0.7828,0.7411475099412991,2500
GEO_GSE326743_GENERIC_XENIUM_EXPANDED,marker_context_specific_neighborhood,Promyelocyte,0.7516517683637777,0.7736,0.762467967671989,2500
GEO_GSE326743_GENERIC_XENIUM_EXPANDED,marker_context_specific_neighborhood,Red pulp fibroblasts,0.65323897659227,0.48,0.5533779109983858,2500
GEO_GSE326743_GENERIC_XENIUM_EXPANDED,marker_context_specific_neighborhood,Red pulp macrophages,0.5032882011605416,0.5204,0.5117010816125861,2500
GEO_GSE326743_GENERIC_XENIUM_EXPANDED,marker_context_specific_neighborhood,Sinusoidal endothelial cells (littoral cells),0.5287389190734916,0.7396,0.6166416541604136,2500
GEO_GSE326743_GENERIC_XENIUM_EXPANDED,marker_context_specific_neighborhood,Smooth muscle,0.29591378536147284,0.2636,0.27882377829490157,2500
GEO_GSE326743_GENERIC_XENIUM_EXPANDED,marker_context_specific_neighborhood,T cell zone reticular cells CCL21+ CCL19+,0.5648854961832062,0.74,0.6406926406926408,2500
GEO_GSE326743_GENERIC_XENIUM_EXPANDED,marker_context_specific_neighborhood,T cell zone reticular cells CXCL9+,0.0779896013864818,0.14331210191082802,0.10101010101010102,314
GEO_GSE326743_GENERIC_XENIUM_EXPANDED,marker_context_specific_neighborhood,T cells,0.5363901018922853,0.8844,0.6677740863787376,2500
GEO_GSE326743_GENERIC_XENIUM_EXPANDED,marker_context_specific_neighborhood,Tingible body macrophages,0.6945812807881774,0.5930599369085173,0.6398184912081679,1902
GEO_GSE326743_GENERIC_XENIUM_EXPANDED,marker_context_specific_neighborhood,Vascular smooth muscle cells,0.7016331658291457,0.4468,0.5459433040078201,2500
GEO_GSE326743_GENERIC_XENIUM_EXPANDED,marker_context_specific_neighborhood,"gdT cells, NK cells, and T cells",0.6405529953917051,0.6672,0.6536050156739812,2500
GEO_GSE326743_GENERIC_XENIUM_EXPANDED,marker_learned_neighborhood,Arterial endothelial cells (KDR+ CD34+),0.8379960962914769,0.5152,0.6380975972256626,2500
GEO_GSE326743_GENERIC_XENIUM_EXPANDED,marker_learned_neighborhood,B cell zone reticular cells CXCL13+MADCAM1+,0.7944078947368421,0.3864,0.5199138858988159,2500
GEO_GSE326743_GENERIC_XENIUM_EXPANDED,marker_learned_neighborhood,B cells,0.2839024390243902,0.5796812749003984,0.381139489194499,502
GEO_GSE326743_GENERIC_XENIUM_EXPANDED,marker_learned_neighborhood,"B cells, follicular",0.467828418230563,0.4188,0.44195863233431826,2500
GEO_GSE326743_GENERIC_XENIUM_EXPANDED,marker_learned_neighborhood,"B cells, marginal zone",0.4179716629381059,0.4484,0.43265148591277497,2500
GEO_GSE326743_GENERIC_XENIUM_EXPANDED,marker_learned_neighborhood,CXCL13+ marginal zone stromal cells,0.45662476818462805,0.9740659340659341,0.6217732884399552,2275
GEO_GSE326743_GENERIC_XENIUM_EXPANDED,marker_learned_neighborhood,DC1,0.009041591320072333,0.16129032258064516,0.017123287671232876,31
GEO_GSE326743_GENERIC_XENIUM_EXPANDED,marker_learned_neighborhood,DC2 and DC1,0.6084718923198733,0.7980269989615784,0.6904761904761904,1926
GEO_GSE326743_GENERIC_XENIUM_EXPANDED,marker_learned_neighborhood,Erythroid,0.7777288732394366,0.7068,0.7405699916177703,2500
GEO_GSE326743_GENERIC_XENIUM_EXPANDED,marker_learned_neighborhood,Follicular / marginal-zone-interface B cells,0.5610278372591007,0.2096,0.3051834595224228,2500
GEO_GSE326743_GENERIC_XENIUM_EXPANDED,marker_learned_neighborhood,Follicular dendritic cells (FDCSP+),0.13043478260869565,0.32967032967032966,0.1869158878504673,455
GEO_GSE326743_GENERIC_XENIUM_EXPANDED,marker_learned_neighborhood,"Germinal center B cells, proliferating",0.5963157894736842,0.602980308674827,0.5996295316221222,1879
GEO_GSE326743_GENERIC_XENIUM_EXPANDED,marker_learned_neighborhood,Marginal zone reticular cells CXCL13+NGFR+MADCAM1-,0.7840255591054313,0.4908,0.603690036900369,2500
GEO_GSE326743_GENERIC_XENIUM_EXPANDED,marker_learned_neighborhood,Metamyelocyte/Band Neutrophils DEFA1+,0.22832369942196531,0.0948,0.13397399660825327,2500
GEO_GSE326743_GENERIC_XENIUM_EXPANDED,marker_learned_neighborhood,Monocytes,0.8486733001658375,0.8188,0.8334690553745928,2500
GEO_GSE326743_GENERIC_XENIUM_EXPANDED,marker_learned_neighborhood,NK cells,0.7943074003795066,0.8372,0.8151898734177215,2500
GEO_GSE326743_GENERIC_XENIUM_EXPANDED,marker_learned_neighborhood,Neutrophils,0.7226386806596702,0.5784,0.6425238835814264,2500
GEO_GSE326743_GENERIC_XENIUM_EXPANDED,marker_learned_neighborhood,Perifollicular zone macrophages,0.5873576756968983,0.5984,0.5928274222310284,2500
GEO_GSE326743_GENERIC_XENIUM_EXPANDED,marker_learned_neighborhood,Plasma cells,0.7081513828238719,0.7784,0.7416158536585366,2500
GEO_GSE326743_GENERIC_XENIUM_EXPANDED,marker_learned_neighborhood,Promyelocyte,0.7521400778210117,0.7732,0.7625246548323471,2500
GEO_GSE326743_GENERIC_XENIUM_EXPANDED,marker_learned_neighborhood,Red pulp fibroblasts,0.6578073089700996,0.4752,0.5517882025081282,2500
GEO_GSE326743_GENERIC_XENIUM_EXPANDED,marker_learned_neighborhood,Red pulp macrophages,0.5048506014745828,0.5204,0.5125073862517234,2500
GEO_GSE326743_GENERIC_XENIUM_EXPANDED,marker_learned_neighborhood,Sinusoidal endothelial cells (littoral cells),0.5306942053930006,0.74,0.6181089208152356,2500
GEO_GSE326743_GENERIC_XENIUM_EXPANDED,marker_learned_neighborhood,Smooth muscle,0.29995448338643604,0.2636,0.28060464126037893,2500
GEO_GSE326743_GENERIC_XENIUM_EXPANDED,marker_learned_neighborhood,T cell zone reticular cells CCL21+ CCL19+,0.5621538461538461,0.7308,0.6354782608695652,2500
GEO_GSE326743_GENERIC_XENIUM_EXPANDED,marker_learned_neighborhood,T cell zone reticular cells CXCL9+,0.07603305785123966,0.1464968152866242,0.1001088139281828,314
GEO_GSE326743_GENERIC_XENIUM_EXPANDED,marker_learned_neighborhood,T cells,0.5290865384615384,0.8804,0.660960960960961,2500
GEO_GSE326743_GENERIC_XENIUM_EXPANDED,marker_learned_neighborhood,Tingible body macrophages,0.6997503121098627,0.5893796004206099,0.6398401826484018,1902
GEO_GSE326743_GENERIC_XENIUM_EXPANDED,marker_learned_neighborhood,Vascular smooth muscle cells,0.7025703794369645,0.4592,0.5553942912433479,2500
GEO_GSE326743_GENERIC_XENIUM_EXPANDED,marker_learned_neighborhood,"gdT cells, NK cells, and T cells",0.6436647173489278,0.6604,0.6519249753208292,2500
GEO_GSE326743_GENERIC_XENIUM_EXPANDED,marker_only,Arterial endothelial cells (KDR+ CD34+),0.8415969092079846,0.5228,0.6449543547989145,2500
GEO_GSE326743_GENERIC_XENIUM_EXPANDED,marker_only,B cell zone reticular cells CXCL13+MADCAM1+,0.8315508021390374,0.3732,0.5151849806736609,2500
GEO_GSE326743_GENERIC_XENIUM_EXPANDED,marker_only,B cells,0.28865979381443296,0.5577689243027888,0.3804347826086956,502
GEO_GSE326743_GENERIC_XENIUM_EXPANDED,marker_only,"B cells, follicular",0.4820110701107011,0.418,0.44772922022279343,2500
GEO_GSE326743_GENERIC_XENIUM_EXPANDED,marker_only,"B cells, marginal zone",0.42427837089758796,0.4292,0.42672499502883277,2500
GEO_GSE326743_GENERIC_XENIUM_EXPANDED,marker_only,CXCL13+ marginal zone stromal cells,0.4710884353741497,0.9740659340659341,0.635048001146296,2275
GEO_GSE326743_GENERIC_XENIUM_EXPANDED,marker_only,DC1,0.009107468123861567,0.16129032258064516,0.017241379310344827,31
GEO_GSE326743_GENERIC_XENIUM_EXPANDED,marker_only,DC2 and DC1,0.5864012021036814,0.8104880581516095,0.6804707933740192,1926
GEO_GSE326743_GENERIC_XENIUM_EXPANDED,marker_only,Erythroid,0.7699037620297463,0.704,0.7354784788967822,2500
GEO_GSE326743_GENERIC_XENIUM_EXPANDED,marker_only,Follicular / marginal-zone-interface B cells,0.5131450827653359,0.2108,0.29883753898497306,2500
GEO_GSE326743_GENERIC_XENIUM_EXPANDED,marker_only,Follicular dendritic cells (FDCSP+),0.1509090909090909,0.3648351648351648,0.21350482315112537,455
GEO_GSE326743_GENERIC_XENIUM_EXPANDED,marker_only,"Germinal center B cells, proliferating",0.5970636215334421,0.584353379457158,0.5906401291016675,1879
GEO_GSE326743_GENERIC_XENIUM_EXPANDED,marker_only,Marginal zone reticular cells CXCL13+NGFR+MADCAM1-,0.7676098735701384,0.51,0.6128334534967557,2500
GEO_GSE326743_GENERIC_XENIUM_EXPANDED,marker_only,Metamyelocyte/Band Neutrophils DEFA1+,0.22537878787878787,0.0952,0.13385826771653542,2500
GEO_GSE326743_GENERIC_XENIUM_EXPANDED,marker_only,Monocytes,0.8450472667488698,0.8224,0.8335698357997163,2500
GEO_GSE326743_GENERIC_XENIUM_EXPANDED,marker_only,NK cells,0.7898113207547169,0.8372,0.8128155339805826,2500
GEO_GSE326743_GENERIC_XENIUM_EXPANDED,marker_only,Neutrophils,0.7175834970530451,0.5844,0.6441798941798942,2500
GEO_GSE326743_GENERIC_XENIUM_EXPANDED,marker_only,Perifollicular zone macrophages,0.5753798208024932,0.5908,0.5829879613183343,2500
GEO_GSE326743_GENERIC_XENIUM_EXPANDED,marker_only,Plasma cells,0.6861720654824103,0.788,0.7335691677527463,2500
GEO_GSE326743_GENERIC_XENIUM_EXPANDED,marker_only,Promyelocyte,0.7524442706296441,0.7696,0.7609254498714653,2500
GEO_GSE326743_GENERIC_XENIUM_EXPANDED,marker_only,Red pulp fibroblasts,0.6445880452342488,0.4788,0.5494606380537067,2500
GEO_GSE326743_GENERIC_XENIUM_EXPANDED,marker_only,Red pulp macrophages,0.49960845732184805,0.5104,0.5049465769687376,2500
GEO_GSE326743_GENERIC_XENIUM_EXPANDED,marker_only,Sinusoidal endothelial cells (littoral cells),0.5277698661350043,0.7412,0.6165363500249542,2500
GEO_GSE326743_GENERIC_XENIUM_EXPANDED,marker_only,Smooth muscle,0.28450704225352114,0.2828,0.2836509528585757,2500
GEO_GSE326743_GENERIC_XENIUM_EXPANDED,marker_only,T cell zone reticular cells CCL21+ CCL19+,0.5626346568174823,0.7312,0.6359366846408071,2500
GEO_GSE326743_GENERIC_XENIUM_EXPANDED,marker_only,T cell zone reticular cells CXCL9+,0.07553956834532374,0.1337579617834395,0.09655172413793103,314
GEO_GSE326743_GENERIC_XENIUM_EXPANDED,marker_only,T cells,0.530148971388035,0.8968,0.6663694456828653,2500
GEO_GSE326743_GENERIC_XENIUM_EXPANDED,marker_only,Tingible body macrophages,0.7027371101209421,0.580441640378549,0.6357615894039736,1902
GEO_GSE326743_GENERIC_XENIUM_EXPANDED,marker_only,Vascular smooth muscle cells,0.6882217090069284,0.3576,0.4706501710976572,2500
GEO_GSE326743_GENERIC_XENIUM_EXPANDED,marker_only,"gdT cells, NK cells, and T cells",0.6391948347892138,0.6732,0.6557568673290474,2500
GEO_GSE326743_GENERIC_XENIUM_EXPANDED,marker_reference_profile,Arterial endothelial cells (KDR+ CD34+),0.8173868312757202,0.6356,0.7151215121512151,2500
GEO_GSE326743_GENERIC_XENIUM_EXPANDED,marker_reference_profile,B cell zone reticular cells CXCL13+MADCAM1+,0.8341511285574092,0.34,0.4830917874396135,2500
GEO_GSE326743_GENERIC_XENIUM_EXPANDED,marker_reference_profile,B cells,0.24,0.32270916334661354,0.2752761257434155,502
GEO_GSE326743_GENERIC_XENIUM_EXPANDED,marker_reference_profile,"B cells, follicular",0.2850170815031723,0.7008,0.4052272464438534,2500
GEO_GSE326743_GENERIC_XENIUM_EXPANDED,marker_reference_profile,"B cells, marginal zone",0.6492659053833605,0.1592,0.255701895277867,2500
GEO_GSE326743_GENERIC_XENIUM_EXPANDED,marker_reference_profile,CXCL13+ marginal zone stromal cells,0.601685393258427,0.9415384615384615,0.7341902313624679,2275
GEO_GSE326743_GENERIC_XENIUM_EXPANDED,marker_reference_profile,DC1,0.011219147344801795,0.4838709677419355,0.021929824561403508,31
GEO_GSE326743_GENERIC_XENIUM_EXPANDED,marker_reference_profile,DC2 and DC1,0.5362080315997366,0.8457943925233645,0.6563255439161966,1926
GEO_GSE326743_GENERIC_XENIUM_EXPANDED,marker_reference_profile,Erythroid,0.7830791933103788,0.6368,0.7024045885726892,2500
GEO_GSE326743_GENERIC_XENIUM_EXPANDED,marker_reference_profile,Follicular / marginal-zone-interface B cells,0.5515151515151515,0.0364,0.06829268292682927,2500
GEO_GSE326743_GENERIC_XENIUM_EXPANDED,marker_reference_profile,Follicular dendritic cells (FDCSP+),0.16837874050915588,0.8285714285714286,0.2798812175204157,455
GEO_GSE326743_GENERIC_XENIUM_EXPANDED,marker_reference_profile,"Germinal center B cells, proliferating",0.6986666666666667,0.6971793507184673,0.6979222163026105,1879
GEO_GSE326743_GENERIC_XENIUM_EXPANDED,marker_reference_profile,Marginal zone reticular cells CXCL13+NGFR+MADCAM1-,0.7885542168674698,0.5236,0.6293269230769231,2500
GEO_GSE326743_GENERIC_XENIUM_EXPANDED,marker_reference_profile,Metamyelocyte/Band Neutrophils DEFA1+,0.23589001447178004,0.0652,0.10216233155750548,2500
GEO_GSE326743_GENERIC_XENIUM_EXPANDED,marker_reference_profile,Monocytes,0.833757421543681,0.7864,0.8093865788390283,2500
GEO_GSE326743_GENERIC_XENIUM_EXPANDED,marker_reference_profile,NK cells,0.8291165491497304,0.7996,0.8140908165343107,2500
GEO_GSE326743_GENERIC_XENIUM_EXPANDED,marker_reference_profile,Neutrophils,0.7383015597920277,0.5112,0.6041125029543842,2500
GEO_GSE326743_GENERIC_XENIUM_EXPANDED,marker_reference_profile,Perifollicular zone macrophages,0.4728856420342793,0.6732,0.5555372173626011,2500
GEO_GSE326743_GENERIC_XENIUM_EXPANDED,marker_reference_profile,Plasma cells,0.7197284043757073,0.7632,0.7408270238788585,2500
GEO_GSE326743_GENERIC_XENIUM_EXPANDED,marker_reference_profile,Promyelocyte,0.710974284679464,0.7852,0.746245960843946,2500
GEO_GSE326743_GENERIC_XENIUM_EXPANDED,marker_reference_profile,Red pulp fibroblasts,0.6401055408970976,0.4852,0.5519908987485779,2500
GEO_GSE326743_GENERIC_XENIUM_EXPANDED,marker_reference_profile,Red pulp macrophages,0.4711585070285991,0.3888,0.42603550295857984,2500
GEO_GSE326743_GENERIC_XENIUM_EXPANDED,marker_reference_profile,Sinusoidal endothelial cells (littoral cells),0.5258864135550675,0.6704,0.5894144540179357,2500
GEO_GSE326743_GENERIC_XENIUM_EXPANDED,marker_reference_profile,Smooth muscle,0.4275023386342376,0.1828,0.2560941440179322,2500
GEO_GSE326743_GENERIC_XENIUM_EXPANDED,marker_reference_profile,T cell zone reticular cells CCL21+ CCL19+,0.6230114687384388,0.6736,0.6473188545070152,2500
GEO_GSE326743_GENERIC_XENIUM_EXPANDED,marker_reference_profile,T cell zone reticular cells CXCL9+,0.08502415458937199,0.2802547770700637,0.13046701260192733,314
GEO_GSE326743_GENERIC_XENIUM_EXPANDED,marker_reference_profile,T cells,0.5755879059350504,0.8224,0.6772068511198946,2500
GEO_GSE326743_GENERIC_XENIUM_EXPANDED,marker_reference_profile,Tingible body macrophages,0.7039254823685961,0.5562565720294427,0.6214390602055799,1902
GEO_GSE326743_GENERIC_XENIUM_EXPANDED,marker_reference_profile,Vascular smooth muscle cells,0.7403451109285127,0.7208,0.7304418321848399,2500
GEO_GSE326743_GENERIC_XENIUM_EXPANDED,marker_reference_profile,"gdT cells, NK cells, and T cells",0.6702037351443124,0.6316,0.650329489291598,2500
GEO_GSE326743_GENERIC_XENIUM_EXPANDED,reference_profile,Arterial endothelial cells (KDR+ CD34+),0.6819887429643527,0.5816,0.6278065630397237,2500
GEO_GSE326743_GENERIC_XENIUM_EXPANDED,reference_profile,B cell zone reticular cells CXCL13+MADCAM1+,0.5933014354066986,0.2976,0.3963771976558338,2500
GEO_GSE326743_GENERIC_XENIUM_EXPANDED,reference_profile,B cells,0.11523687580025609,0.17928286852589642,0.1402961808261886,502
GEO_GSE326743_GENERIC_XENIUM_EXPANDED,reference_profile,"B cells, follicular",0.20366419877023467,0.6492,0.3100582672652593,2500
GEO_GSE326743_GENERIC_XENIUM_EXPANDED,reference_profile,"B cells, marginal zone",0.45863309352517984,0.102,0.16688481675392666,2500
GEO_GSE326743_GENERIC_XENIUM_EXPANDED,reference_profile,CXCL13+ marginal zone stromal cells,0.6703672075149445,0.34505494505494505,0.45560069645966333,2275
GEO_GSE326743_GENERIC_XENIUM_EXPANDED,reference_profile,DC1,0.0032281205164992827,0.5806451612903226,0.006420545746388444,31
GEO_GSE326743_GENERIC_XENIUM_EXPANDED,reference_profile,DC2 and DC1,0.39043522267206476,0.8011422637590861,0.525008506294658,1926
GEO_GSE326743_GENERIC_XENIUM_EXPANDED,reference_profile,Erythroid,0.7785419532324622,0.4528,0.5725847243297926,2500
GEO_GSE326743_GENERIC_XENIUM_EXPANDED,reference_profile,Follicular / marginal-zone-interface B cells,0.4067796610169492,0.0384,0.07017543859649122,2500
GEO_GSE326743_GENERIC_XENIUM_EXPANDED,reference_profile,Follicular dendritic cells (FDCSP+),0.091611242222699,0.9384615384615385,0.16692728694292416,455
GEO_GSE326743_GENERIC_XENIUM_EXPANDED,reference_profile,"Germinal center B cells, proliferating",0.42533616418966735,0.6397019691325173,0.5109458023379383,1879
GEO_GSE326743_GENERIC_XENIUM_EXPANDED,reference_profile,Marginal zone reticular cells CXCL13+NGFR+MADCAM1-,0.7931654676258992,0.3528,0.4883720930232558,2500
GEO_GSE326743_GENERIC_XENIUM_EXPANDED,reference_profile,Metamyelocyte/Band Neutrophils DEFA1+,0.39864864864864863,0.0236,0.0445619335347432,2500
GEO_GSE326743_GENERIC_XENIUM_EXPANDED,reference_profile,Monocytes,0.6411960132890365,0.4632,0.5378541569902462,2500
GEO_GSE326743_GENERIC_XENIUM_EXPANDED,reference_profile,NK cells,0.9204355108877722,0.4396,0.595018949648078,2500
GEO_GSE326743_GENERIC_XENIUM_EXPANDED,reference_profile,Neutrophils,0.6855263157894737,0.2084,0.3196319018404908,2500
GEO_GSE326743_GENERIC_XENIUM_EXPANDED,reference_profile,Perifollicular zone macrophages,0.3331326510134457,0.664,0.44367232393425093,2500
GEO_GSE326743_GENERIC_XENIUM_EXPANDED,reference_profile,Plasma cells,0.6703078450844091,0.54,0.5981391227292867,2500
GEO_GSE326743_GENERIC_XENIUM_EXPANDED,reference_profile,Promyelocyte,0.45302257829570286,0.4976,0.47426610751048415,2500
GEO_GSE326743_GENERIC_XENIUM_EXPANDED,reference_profile,Red pulp fibroblasts,0.6363636363636364,0.3164,0.4226556238311515,2500
GEO_GSE326743_GENERIC_XENIUM_EXPANDED,reference_profile,Red pulp macrophages,0.36795252225519287,0.1488,0.21190544004557105,2500
GEO_GSE326743_GENERIC_XENIUM_EXPANDED,reference_profile,Sinusoidal endothelial cells (littoral cells),0.49446680080482897,0.3932,0.43805704099821746,2500
GEO_GSE326743_GENERIC_XENIUM_EXPANDED,reference_profile,Smooth muscle,0.4772727272727273,0.042,0.07720588235294118,2500
GEO_GSE326743_GENERIC_XENIUM_EXPANDED,reference_profile,T cell zone reticular cells CCL21+ CCL19+,0.625560538116592,0.3348,0.4361646690984888,2500
GEO_GSE326743_GENERIC_XENIUM_EXPANDED,reference_profile,T cell zone reticular cells CXCL9+,0.033974519110667,0.43312101910828027,0.06300671762798239,314
GEO_GSE326743_GENERIC_XENIUM_EXPANDED,reference_profile,T cells,0.7213740458015268,0.378,0.49606299212598437,2500
GEO_GSE326743_GENERIC_XENIUM_EXPANDED,reference_profile,Tingible body macrophages,0.6198920585967618,0.4227129337539432,0.5026570803376055,1902
GEO_GSE326743_GENERIC_XENIUM_EXPANDED,reference_profile,Vascular smooth muscle cells,0.6433945230213662,0.8552,0.7343293834793062,2500
GEO_GSE326743_GENERIC_XENIUM_EXPANDED,reference_profile,"gdT cells, NK cells, and T cells",0.7229508196721312,0.3528,0.47419354838709676,2500
GEO_GSE327129_GENERIC_H5AD_EXPANDED,learned_permuted_prior,Cell-noNuc,0.56,0.728,0.6330434782608696,2500
GEO_GSE327129_GENERIC_H5AD_EXPANDED,learned_permuted_prior,Cell-oneNuc,0.4037940379403794,0.298,0.3429228998849252,2500
GEO_GSE327129_GENERIC_H5AD_EXPANDED,learned_permuted_prior,Cell-twoNuc,0.4782608695652174,0.4585323491098567,0.4681888716470849,2303
GEO_GSE327129_GENERIC_H5AD_EXPANDED,learned_random_graph,Cell-noNuc,0.5635685421199875,0.7252,0.6342487318523701,2500
GEO_GSE327129_GENERIC_H5AD_EXPANDED,learned_random_graph,Cell-oneNuc,0.404392072844135,0.302,0.3457751316693382,2500
GEO_GSE327129_GENERIC_H5AD_EXPANDED,learned_random_graph,Cell-twoNuc,0.4754393871113114,0.4580981328701693,0.4666076957098628,2303
GEO_GSE327129_GENERIC_H5AD_EXPANDED,marker_context_specific_neighborhood,Cell-noNuc,0.5636363636363636,0.7316,0.6367275892080069,2500
GEO_GSE327129_GENERIC_H5AD_EXPANDED,marker_context_specific_neighborhood,Cell-oneNuc,0.40525739320920046,0.296,0.34211742949607027,2500
GEO_GSE327129_GENERIC_H5AD_EXPANDED,marker_context_specific_neighborhood,Cell-twoNuc,0.48163082437275984,0.46678245766391663,0.474090407938258,2303
GEO_GSE327129_GENERIC_H5AD_EXPANDED,marker_learned_neighborhood,Cell-noNuc,0.5599630996309963,0.7284,0.6331710709318499,2500
GEO_GSE327129_GENERIC_H5AD_EXPANDED,marker_learned_neighborhood,Cell-oneNuc,0.4042322300596853,0.298,0.34308081970987797,2500
GEO_GSE327129_GENERIC_H5AD_EXPANDED,marker_learned_neighborhood,Cell-twoNuc,0.47780797101449274,0.4580981328701693,0.4677455109731766,2303
GEO_GSE327129_GENERIC_H5AD_EXPANDED,marker_only,Cell-noNuc,0.573166926677067,0.7348,0.6439964943032428,2500
GEO_GSE327129_GENERIC_H5AD_EXPANDED,marker_only,Cell-oneNuc,0.40848806366047746,0.308,0.35119726339794755,2500
GEO_GSE327129_GENERIC_H5AD_EXPANDED,marker_only,Cell-twoNuc,0.4848621780388613,0.4659140251845419,0.4751992914083259,2303
GEO_GSE327129_GENERIC_H5AD_EXPANDED,marker_reference_profile,Cell-noNuc,0.5692930551230146,0.7312,0.6401680966555771,2500
GEO_GSE327129_GENERIC_H5AD_EXPANDED,marker_reference_profile,Cell-oneNuc,0.40853264382676147,0.2528,0.31233012107734126,2500
GEO_GSE327129_GENERIC_H5AD_EXPANDED,marker_reference_profile,Cell-twoNuc,0.49469548133595287,0.5466782457663917,0.5193894389438944,2303
GEO_GSE327129_GENERIC_H5AD_EXPANDED,reference_profile,Cell-noNuc,0.5565517241379311,0.6456,0.5977777777777777,2500
GEO_GSE327129_GENERIC_H5AD_EXPANDED,reference_profile,Cell-oneNuc,0.38608981380065716,0.282,0.32593619972260746,2500
GEO_GSE327129_GENERIC_H5AD_EXPANDED,reference_profile,Cell-twoNuc,0.48816453240201785,0.5462440295267043,0.5155737704918032,2303
GEO_GSE327581_COSMX_AD_BRAIN_EXPANDED,learned_permuted_prior,Astrocytes.Bergmann.glia,0.8956043956043956,0.5433333333333333,0.6763485477178424,300
GEO_GSE327581_COSMX_AD_BRAIN_EXPANDED,learned_permuted_prior,Astrocytes.cortex.hippocampus,0.5818181818181818,0.32,0.41290322580645156,300
GEO_GSE327581_COSMX_AD_BRAIN_EXPANDED,learned_permuted_prior,Astrocytes.thalamus.hypothalamus,0.7793427230046949,0.5533333333333333,0.6471734892787524,300
GEO_GSE327581_COSMX_AD_BRAIN_EXPANDED,learned_permuted_prior,CCK.interneurons,0.7105263157894737,0.72,0.7152317880794702,300
GEO_GSE327581_COSMX_AD_BRAIN_EXPANDED,learned_permuted_prior,Cajal.Retzius.cells,0.1104,0.3556701030927835,0.1684981684981685,194
GEO_GSE327581_COSMX_AD_BRAIN_EXPANDED,learned_permuted_prior,Cholinergic.neurons.habenula,0.5232067510548524,0.41333333333333333,0.4618249534450652,300
GEO_GSE327581_COSMX_AD_BRAIN_EXPANDED,learned_permuted_prior,Choroid.plexus.epithelial.cells,0.9034267912772586,0.9666666666666667,0.9339774557165861,300
GEO_GSE327581_COSMX_AD_BRAIN_EXPANDED,learned_permuted_prior,Committed.oligodendrocytes,0.27509778357235987,0.7033333333333334,0.3955014058106842,300
GEO_GSE327581_COSMX_AD_BRAIN_EXPANDED,learned_permuted_prior,D1.medium.spiny.neurons,0.5335968379446641,0.9,0.6699751861042185,300
GEO_GSE327581_COSMX_AD_BRAIN_EXPANDED,learned_permuted_prior,D2.medium.spiny.neurons,0.5446224256292906,0.7933333333333333,0.6458616010854817,300
GEO_GSE327581_COSMX_AD_BRAIN_EXPANDED,learned_permuted_prior,Dopaminergic.neurons,0.6051401869158879,0.8633333333333333,0.7115384615384616,300
GEO_GSE327581_COSMX_AD_BRAIN_EXPANDED,learned_permuted_prior,Ependymal.cells,0.9446640316205533,0.7966666666666666,0.864376130198915,300
GEO_GSE327581_COSMX_AD_BRAIN_EXPANDED,learned_permuted_prior,Excitatory.neurons.amygdala,0.37272727272727274,0.13666666666666666,0.19999999999999998,300
GEO_GSE327581_COSMX_AD_BRAIN_EXPANDED,learned_permuted_prior,Excitatory.neurons.di.mesencephalon,0.5589941972920697,0.9633333333333334,0.7074663402692779,300
GEO_GSE327581_COSMX_AD_BRAIN_EXPANDED,learned_permuted_prior,Excitatory.neurons.hippocampal.CA1,0.6702127659574468,0.84,0.7455621301775148,300
GEO_GSE327581_COSMX_AD_BRAIN_EXPANDED,learned_permuted_prior,Excitatory.neurons.hippocampal.CA2,0.7288135593220338,0.2866666666666667,0.41148325358851673,300
GEO_GSE327581_COSMX_AD_BRAIN_EXPANDED,learned_permuted_prior,Excitatory.neurons.hippocampal.CA3,0.40233236151603496,0.92,0.5598377281947262,300
GEO_GSE327581_COSMX_AD_BRAIN_EXPANDED,learned_permuted_prior,Excitatory.neurons.layer.1.piriform,0.7352941176470589,0.25,0.373134328358209,300
GEO_GSE327581_COSMX_AD_BRAIN_EXPANDED,learned_permuted_prior,Excitatory.neurons.layer.2.3,0.49710982658959535,0.5733333333333334,0.5325077399380805,300
GEO_GSE327581_COSMX_AD_BRAIN_EXPANDED,learned_permuted_prior,Excitatory.neurons.layer.4,0.20689655172413793,0.08,0.11538461538461539,300
GEO_GSE327581_COSMX_AD_BRAIN_EXPANDED,learned_permuted_prior,Excitatory.neurons.layer.5,0.5449438202247191,0.3233333333333333,0.40585774058577406,300
GEO_GSE327581_COSMX_AD_BRAIN_EXPANDED,learned_permuted_prior,Excitatory.neurons.layer.6,0.5521472392638037,0.6,0.5750798722044729,300
GEO_GSE327581_COSMX_AD_BRAIN_EXPANDED,learned_permuted_prior,Excitatory.neurons.telencephalon,0.25142857142857145,0.14666666666666667,0.18526315789473685,300
GEO_GSE327581_COSMX_AD_BRAIN_EXPANDED,learned_permuted_prior,Granule.neurons,0.8928571428571429,0.8333333333333334,0.8620689655172413,300
GEO_GSE327581_COSMX_AD_BRAIN_EXPANDED,learned_permuted_prior,Hindbrain.excitatory.neurons,0.41055718475073316,0.9333333333333333,0.5702647657841141,300
GEO_GSE327581_COSMX_AD_BRAIN_EXPANDED,learned_permuted_prior,Hindbrain.inhibitory.neurons,0.5989583333333334,0.38333333333333336,0.46747967479674796,300
GEO_GSE327581_COSMX_AD_BRAIN_EXPANDED,learned_permuted_prior,Hypendymal,0.40064620355411956,0.8266666666666667,0.5397170837867247,300
GEO_GSE327581_COSMX_AD_BRAIN_EXPANDED,learned_permuted_prior,Inhibitory.interneurons,0.808,0.6733333333333333,0.7345454545454546,300
GEO_GSE327581_COSMX_AD_BRAIN_EXPANDED,learned_permuted_prior,Inhibitory.neurons.amygdala,0.7931034482758621,0.30666666666666664,0.4423076923076923,300
GEO_GSE327581_COSMX_AD_BRAIN_EXPANDED,learned_permuted_prior,Inhibitory.neurons.habenula.hypothalamus,0.2727272727272727,0.47,0.34516523867809057,300
GEO_GSE327581_COSMX_AD_BRAIN_EXPANDED,learned_permuted_prior,Inhibitory.neurons.habenula.thalamus,0.45161290322580644,0.09333333333333334,0.1546961325966851,300
GEO_GSE327581_COSMX_AD_BRAIN_EXPANDED,learned_permuted_prior,Inhibitory.neurons.reticular.nucleus,0.38591117917304746,0.84,0.5288562434417629,300
GEO_GSE327581_COSMX_AD_BRAIN_EXPANDED,learned_permuted_prior,Interneuron.selective.interneurons,0.64,0.32,0.4266666666666667,300
GEO_GSE327581_COSMX_AD_BRAIN_EXPANDED,learned_permuted_prior,Interneurons,0.7750759878419453,0.85,0.8108108108108109,300
GEO_GSE327581_COSMX_AD_BRAIN_EXPANDED,learned_permuted_prior,Mature.oligodendrocytes,1.0,0.0033333333333333335,0.006644518272425249,300
GEO_GSE327581_COSMX_AD_BRAIN_EXPANDED,learned_permuted_prior,Microglia,0.48628884826325414,0.8866666666666667,0.628099173553719,300
GEO_GSE327581_COSMX_AD_BRAIN_EXPANDED,learned_permuted_prior,Myelin.forming.oligodendrocytes,0.39285714285714285,0.03666666666666667,0.06707317073170732,300
GEO_GSE327581_COSMX_AD_BRAIN_EXPANDED,learned_permuted_prior,Neuroblasts,0.8157894736842105,0.31,0.44927536231884063,300
GEO_GSE327581_COSMX_AD_BRAIN_EXPANDED,learned_permuted_prior,Neurogliaform.cells,0.84375,0.63,0.7213740458015269,300
GEO_GSE327581_COSMX_AD_BRAIN_EXPANDED,learned_permuted_prior,Newly.formed.oligodendrocytes,0.9032258064516129,0.37333333333333335,0.5283018867924528,300
GEO_GSE327581_COSMX_AD_BRAIN_EXPANDED,learned_permuted_prior,Olfactory.bulb.inhibitory.neurons,0.5522388059701493,0.9866666666666667,0.708133971291866,300
GEO_GSE327581_COSMX_AD_BRAIN_EXPANDED,learned_permuted_prior,Olfactory.ensheathing.cells,0.8923076923076924,0.19333333333333333,0.3178082191780822,300
GEO_GSE327581_COSMX_AD_BRAIN_EXPANDED,learned_permuted_prior,Oligodendrocyte.precursor.cells,0.8278145695364238,0.8333333333333334,0.8305647840531561,300
GEO_GSE327581_COSMX_AD_BRAIN_EXPANDED,learned_permuted_prior,Peptidergic.neurons,0.6991869918699187,0.3104693140794224,0.43000000000000005,277
GEO_GSE327581_COSMX_AD_BRAIN_EXPANDED,learned_permuted_prior,Pericytes,0.6171171171171171,0.45666666666666667,0.524904214559387,300
GEO_GSE327581_COSMX_AD_BRAIN_EXPANDED,learned_permuted_prior,Perivascular.macrophages,0.43956043956043955,0.13333333333333333,0.20460358056265987,300
GEO_GSE327581_COSMX_AD_BRAIN_EXPANDED,learned_permuted_prior,Purkinje.cells,0.6789838337182448,0.98,0.8021828103683493,300
GEO_GSE327581_COSMX_AD_BRAIN_EXPANDED,learned_permuted_prior,Radial.glia,0.1607843137254902,0.13666666666666666,0.1477477477477477,300
GEO_GSE327581_COSMX_AD_BRAIN_EXPANDED,learned_permuted_prior,Serotonergic.neurons,0.3850574712643678,0.22333333333333333,0.28270042194092826,300
GEO_GSE327581_COSMX_AD_BRAIN_EXPANDED,learned_permuted_prior,T.cell,0.23185011709601874,0.33,0.27235213204951864,300
GEO_GSE327581_COSMX_AD_BRAIN_EXPANDED,learned_permuted_prior,Tanycytes,0.494949494949495,0.32666666666666666,0.393574297188755,300
GEO_GSE327581_COSMX_AD_BRAIN_EXPANDED,learned_permuted_prior,Telencephalon.inhibitory.neurons,0.7570093457943925,0.27,0.39803439803439805,300
GEO_GSE327581_COSMX_AD_BRAIN_EXPANDED,learned_permuted_prior,Vascular.endothelial.cells,0.45601436265709155,0.8466666666666667,0.5927654609101517,300
GEO_GSE327581_COSMX_AD_BRAIN_EXPANDED,learned_permuted_prior,Vascular.leptomeningeal.cells,0.762214983713355,0.78,0.7710049423393739,300
GEO_GSE327581_COSMX_AD_BRAIN_EXPANDED,learned_permuted_prior,Vascular.smooth.muscle.cells,0.8535353535353535,0.5633333333333334,0.678714859437751,300
GEO_GSE327581_COSMX_AD_BRAIN_EXPANDED,learned_random_graph,Astrocytes.Bergmann.glia,0.88,0.5866666666666667,0.704,300
GEO_GSE327581_COSMX_AD_BRAIN_EXPANDED,learned_random_graph,Astrocytes.cortex.hippocampus,0.5212121212121212,0.2866666666666667,0.3698924731182796,300
GEO_GSE327581_COSMX_AD_BRAIN_EXPANDED,learned_random_graph,Astrocytes.thalamus.hypothalamus,0.780952380952381,0.5466666666666666,0.6431372549019607,300
GEO_GSE327581_COSMX_AD_BRAIN_EXPANDED,learned_random_graph,CCK.interneurons,0.7166666666666667,0.7166666666666667,0.7166666666666667,300
GEO_GSE327581_COSMX_AD_BRAIN_EXPANDED,learned_random_graph,Cajal.Retzius.cells,0.11440677966101695,0.4175257731958763,0.1796008869179601,194
GEO_GSE327581_COSMX_AD_BRAIN_EXPANDED,learned_random_graph,Cholinergic.neurons.habenula,0.5281385281385281,0.4066666666666667,0.45951035781544264,300
GEO_GSE327581_COSMX_AD_BRAIN_EXPANDED,learned_random_graph,Choroid.plexus.epithelial.cells,0.9193548387096774,0.95,0.9344262295081968,300
GEO_GSE327581_COSMX_AD_BRAIN_EXPANDED,learned_random_graph,Committed.oligodendrocytes,0.2731893265565438,0.7166666666666667,0.39558417663293466,300
GEO_GSE327581_COSMX_AD_BRAIN_EXPANDED,learned_random_graph,D1.medium.spiny.neurons,0.6205250596658711,0.8666666666666667,0.7232267037552157,300
GEO_GSE327581_COSMX_AD_BRAIN_EXPANDED,learned_random_graph,D2.medium.spiny.neurons,0.5210420841683366,0.8666666666666667,0.6508135168961201,300
GEO_GSE327581_COSMX_AD_BRAIN_EXPANDED,learned_random_graph,Dopaminergic.neurons,0.5899772209567198,0.8633333333333333,0.7009472259810554,300
GEO_GSE327581_COSMX_AD_BRAIN_EXPANDED,learned_random_graph,Ependymal.cells,0.9299610894941635,0.7966666666666666,0.8581687612208259,300
GEO_GSE327581_COSMX_AD_BRAIN_EXPANDED,learned_random_graph,Excitatory.neurons.amygdala,0.53125,0.11333333333333333,0.18681318681318682,300
GEO_GSE327581_COSMX_AD_BRAIN_EXPANDED,learned_random_graph,Excitatory.neurons.di.mesencephalon,0.5666666666666667,0.9633333333333334,0.7135802469135802,300
GEO_GSE327581_COSMX_AD_BRAIN_EXPANDED,learned_random_graph,Excitatory.neurons.hippocampal.CA1,0.7370030581039755,0.8033333333333333,0.7687400318979266,300
GEO_GSE327581_COSMX_AD_BRAIN_EXPANDED,learned_random_graph,Excitatory.neurons.hippocampal.CA2,0.6482758620689655,0.31333333333333335,0.4224719101123595,300
GEO_GSE327581_COSMX_AD_BRAIN_EXPANDED,learned_random_graph,Excitatory.neurons.hippocampal.CA3,0.3862359550561798,0.9166666666666666,0.5434782608695652,300
GEO_GSE327581_COSMX_AD_BRAIN_EXPANDED,learned_random_graph,Excitatory.neurons.layer.1.piriform,0.7040816326530612,0.23,0.34673366834170855,300
GEO_GSE327581_COSMX_AD_BRAIN_EXPANDED,learned_random_graph,Excitatory.neurons.layer.2.3,0.4840764331210191,0.5066666666666667,0.495114006514658,300
GEO_GSE327581_COSMX_AD_BRAIN_EXPANDED,learned_random_graph,Excitatory.neurons.layer.4,0.26515151515151514,0.11666666666666667,0.162037037037037,300
GEO_GSE327581_COSMX_AD_BRAIN_EXPANDED,learned_random_graph,Excitatory.neurons.layer.5,0.6058394160583942,0.27666666666666667,0.379862700228833,300
GEO_GSE327581_COSMX_AD_BRAIN_EXPANDED,learned_random_graph,Excitatory.neurons.layer.6,0.4803921568627451,0.6533333333333333,0.5536723163841808,300
GEO_GSE327581_COSMX_AD_BRAIN_EXPANDED,learned_random_graph,Excitatory.neurons.telencephalon,0.22395833333333334,0.14333333333333334,0.17479674796747968,300
GEO_GSE327581_COSMX_AD_BRAIN_EXPANDED,learned_random_graph,Granule.neurons,0.875,0.8166666666666667,0.8448275862068966,300
GEO_GSE327581_COSMX_AD_BRAIN_EXPANDED,learned_random_graph,Hindbrain.excitatory.neurons,0.40995607613469986,0.9333333333333333,0.5696846388606307,300
GEO_GSE327581_COSMX_AD_BRAIN_EXPANDED,learned_random_graph,Hindbrain.inhibitory.neurons,0.5879120879120879,0.3566666666666667,0.4439834024896266,300
GEO_GSE327581_COSMX_AD_BRAIN_EXPANDED,learned_random_graph,Hypendymal,0.394524959742351,0.8166666666666667,0.5320304017372421,300
GEO_GSE327581_COSMX_AD_BRAIN_EXPANDED,learned_random_graph,Inhibitory.interneurons,0.7961538461538461,0.69,0.7392857142857143,300
GEO_GSE327581_COSMX_AD_BRAIN_EXPANDED,learned_random_graph,Inhibitory.neurons.amygdala,0.86,0.2866666666666667,0.43,300
GEO_GSE327581_COSMX_AD_BRAIN_EXPANDED,learned_random_graph,Inhibitory.neurons.habenula.hypothalamus,0.27167630057803466,0.47,0.34432234432234426,300
GEO_GSE327581_COSMX_AD_BRAIN_EXPANDED,learned_random_graph,Inhibitory.neurons.habenula.thalamus,0.42857142857142855,0.09,0.1487603305785124,300
GEO_GSE327581_COSMX_AD_BRAIN_EXPANDED,learned_random_graph,Inhibitory.neurons.reticular.nucleus,0.38345864661654133,0.85,0.5284974093264249,300
GEO_GSE327581_COSMX_AD_BRAIN_EXPANDED,learned_random_graph,Interneuron.selective.interneurons,0.6346153846153846,0.33,0.4342105263157895,300
GEO_GSE327581_COSMX_AD_BRAIN_EXPANDED,learned_random_graph,Interneurons,0.7854984894259819,0.8666666666666667,0.8240887480190174,300
GEO_GSE327581_COSMX_AD_BRAIN_EXPANDED,learned_random_graph,Mature.oligodendrocytes,1.0,0.0033333333333333335,0.006644518272425249,300
GEO_GSE327581_COSMX_AD_BRAIN_EXPANDED,learned_random_graph,Microglia,0.46099290780141844,0.8666666666666667,0.6018518518518519,300
GEO_GSE327581_COSMX_AD_BRAIN_EXPANDED,learned_random_graph,Myelin.forming.oligodendrocytes,0.15789473684210525,0.01,0.018808777429467086,300
GEO_GSE327581_COSMX_AD_BRAIN_EXPANDED,learned_random_graph,Neuroblasts,0.7731958762886598,0.25,0.37783375314861467,300
GEO_GSE327581_COSMX_AD_BRAIN_EXPANDED,learned_random_graph,Neurogliaform.cells,0.8565022421524664,0.6366666666666667,0.7304015296367113,300
GEO_GSE327581_COSMX_AD_BRAIN_EXPANDED,learned_random_graph,Newly.formed.oligodendrocytes,0.8888888888888888,0.37333333333333335,0.5258215962441315,300
GEO_GSE327581_COSMX_AD_BRAIN_EXPANDED,learned_random_graph,Olfactory.bulb.inhibitory.neurons,0.5408921933085502,0.97,0.6945107398568019,300
GEO_GSE327581_COSMX_AD_BRAIN_EXPANDED,learned_random_graph,Olfactory.ensheathing.cells,0.8412698412698413,0.17666666666666667,0.29201101928374656,300
GEO_GSE327581_COSMX_AD_BRAIN_EXPANDED,learned_random_graph,Oligodendrocyte.precursor.cells,0.8214285714285714,0.8433333333333334,0.8322368421052632,300
GEO_GSE327581_COSMX_AD_BRAIN_EXPANDED,learned_random_graph,Peptidergic.neurons,0.6428571428571429,0.2924187725631769,0.40198511166253104,277
GEO_GSE327581_COSMX_AD_BRAIN_EXPANDED,learned_random_graph,Pericytes,0.6509433962264151,0.46,0.5390625,300
GEO_GSE327581_COSMX_AD_BRAIN_EXPANDED,learned_random_graph,Perivascular.macrophages,0.4782608695652174,0.14666666666666667,0.22448979591836737,300
GEO_GSE327581_COSMX_AD_BRAIN_EXPANDED,learned_random_graph,Purkinje.cells,0.7837837837837838,0.9666666666666667,0.8656716417910447,300
GEO_GSE327581_COSMX_AD_BRAIN_EXPANDED,learned_random_graph,Radial.glia,0.149812734082397,0.13333333333333333,0.14109347442680775,300
GEO_GSE327581_COSMX_AD_BRAIN_EXPANDED,learned_random_graph,Serotonergic.neurons,0.4011299435028249,0.23666666666666666,0.2976939203354298,300
GEO_GSE327581_COSMX_AD_BRAIN_EXPANDED,learned_random_graph,T.cell,0.23316062176165803,0.3,0.2623906705539359,300
GEO_GSE327581_COSMX_AD_BRAIN_EXPANDED,learned_random_graph,Tanycytes,0.494949494949495,0.32666666666666666,0.393574297188755,300
GEO_GSE327581_COSMX_AD_BRAIN_EXPANDED,learned_random_graph,Telencephalon.inhibitory.neurons,0.7009345794392523,0.25,0.36855036855036855,300
GEO_GSE327581_COSMX_AD_BRAIN_EXPANDED,learned_random_graph,Vascular.endothelial.cells,0.46113074204946997,0.87,0.602771362586605,300
GEO_GSE327581_COSMX_AD_BRAIN_EXPANDED,learned_random_graph,Vascular.leptomeningeal.cells,0.742671009771987,0.76,0.7512355848434926,300
GEO_GSE327581_COSMX_AD_BRAIN_EXPANDED,learned_random_graph,Vascular.smooth.muscle.cells,0.86,0.5733333333333334,0.6880000000000001,300
GEO_GSE327581_COSMX_AD_BRAIN_EXPANDED,marker_context_specific_neighborhood,Astrocytes.Bergmann.glia,0.916256157635468,0.62,0.7395626242544732,300
GEO_GSE327581_COSMX_AD_BRAIN_EXPANDED,marker_context_specific_neighborhood,Astrocytes.cortex.hippocampus,0.564935064935065,0.29,0.38325991189427316,300
GEO_GSE327581_COSMX_AD_BRAIN_EXPANDED,marker_context_specific_neighborhood,Astrocytes.thalamus.hypothalamus,0.8111587982832618,0.63,0.7091932457786115,300
GEO_GSE327581_COSMX_AD_BRAIN_EXPANDED,marker_context_specific_neighborhood,CCK.interneurons,0.7124183006535948,0.7266666666666667,0.7194719471947195,300
GEO_GSE327581_COSMX_AD_BRAIN_EXPANDED,marker_context_specific_neighborhood,Cajal.Retzius.cells,0.13132911392405064,0.42783505154639173,0.20096852300242132,194
GEO_GSE327581_COSMX_AD_BRAIN_EXPANDED,marker_context_specific_neighborhood,Cholinergic.neurons.habenula,0.5274261603375527,0.4166666666666667,0.46554934823091243,300
GEO_GSE327581_COSMX_AD_BRAIN_EXPANDED,marker_context_specific_neighborhood,Choroid.plexus.epithelial.cells,0.8984615384615384,0.9733333333333334,0.9344,300
GEO_GSE327581_COSMX_AD_BRAIN_EXPANDED,marker_context_specific_neighborhood,Committed.oligodendrocytes,0.27307692307692305,0.71,0.39444444444444443,300
GEO_GSE327581_COSMX_AD_BRAIN_EXPANDED,marker_context_specific_neighborhood,D1.medium.spiny.neurons,0.6310679611650486,0.8666666666666667,0.7303370786516854,300
GEO_GSE327581_COSMX_AD_BRAIN_EXPANDED,marker_context_specific_neighborhood,D2.medium.spiny.neurons,0.5107212475633528,0.8733333333333333,0.6445264452644526,300
GEO_GSE327581_COSMX_AD_BRAIN_EXPANDED,marker_context_specific_neighborhood,Dopaminergic.neurons,0.5958904109589042,0.87,0.7073170731707317,300
GEO_GSE327581_COSMX_AD_BRAIN_EXPANDED,marker_context_specific_neighborhood,Ependymal.cells,0.9064748201438849,0.84,0.8719723183391004,300
GEO_GSE327581_COSMX_AD_BRAIN_EXPANDED,marker_context_specific_neighborhood,Excitatory.neurons.amygdala,0.5,0.11333333333333333,0.1847826086956522,300
GEO_GSE327581_COSMX_AD_BRAIN_EXPANDED,marker_context_specific_neighborhood,Excitatory.neurons.di.mesencephalon,0.5655577299412916,0.9633333333333334,0.7127003699136869,300
GEO_GSE327581_COSMX_AD_BRAIN_EXPANDED,marker_context_specific_neighborhood,Excitatory.neurons.hippocampal.CA1,0.7647058823529411,0.8233333333333334,0.7929373996789728,300
GEO_GSE327581_COSMX_AD_BRAIN_EXPANDED,marker_context_specific_neighborhood,Excitatory.neurons.hippocampal.CA2,0.7019867549668874,0.35333333333333333,0.4700665188470067,300
GEO_GSE327581_COSMX_AD_BRAIN_EXPANDED,marker_context_specific_neighborhood,Excitatory.neurons.hippocampal.CA3,0.40625,0.91,0.5617283950617283,300
GEO_GSE327581_COSMX_AD_BRAIN_EXPANDED,marker_context_specific_neighborhood,Excitatory.neurons.layer.1.piriform,0.6744186046511628,0.19333333333333333,0.3005181347150259,300
GEO_GSE327581_COSMX_AD_BRAIN_EXPANDED,marker_context_specific_neighborhood,Excitatory.neurons.layer.2.3,0.4582210242587601,0.5666666666666667,0.5067064083457525,300
GEO_GSE327581_COSMX_AD_BRAIN_EXPANDED,marker_context_specific_neighborhood,Excitatory.neurons.layer.4,0.22900763358778625,0.1,0.13921113689095127,300
GEO_GSE327581_COSMX_AD_BRAIN_EXPANDED,marker_context_specific_neighborhood,Excitatory.neurons.layer.5,0.5850340136054422,0.2866666666666667,0.3847874720357942,300
GEO_GSE327581_COSMX_AD_BRAIN_EXPANDED,marker_context_specific_neighborhood,Excitatory.neurons.layer.6,0.4780600461893764,0.69,0.5648021828103682,300
GEO_GSE327581_COSMX_AD_BRAIN_EXPANDED,marker_context_specific_neighborhood,Excitatory.neurons.telencephalon,0.25,0.15666666666666668,0.19262295081967215,300
GEO_GSE327581_COSMX_AD_BRAIN_EXPANDED,marker_context_specific_neighborhood,Granule.neurons,0.8846153846153846,0.8433333333333334,0.8634812286689421,300
GEO_GSE327581_COSMX_AD_BRAIN_EXPANDED,marker_context_specific_neighborhood,Hindbrain.excitatory.neurons,0.4169139465875371,0.9366666666666666,0.5770020533880903,300
GEO_GSE327581_COSMX_AD_BRAIN_EXPANDED,marker_context_specific_neighborhood,Hindbrain.inhibitory.neurons,0.6123595505617978,0.36333333333333334,0.4560669456066946,300
GEO_GSE327581_COSMX_AD_BRAIN_EXPANDED,marker_context_specific_neighborhood,Hypendymal,0.40584415584415584,0.8333333333333334,0.5458515283842795,300
GEO_GSE327581_COSMX_AD_BRAIN_EXPANDED,marker_context_specific_neighborhood,Inhibitory.interneurons,0.8293650793650794,0.6966666666666667,0.7572463768115942,300
GEO_GSE327581_COSMX_AD_BRAIN_EXPANDED,marker_context_specific_neighborhood,Inhibitory.neurons.amygdala,0.8055555555555556,0.29,0.4264705882352941,300
GEO_GSE327581_COSMX_AD_BRAIN_EXPANDED,marker_context_specific_neighborhood,Inhibitory.neurons.habenula.hypothalamus,0.27976190476190477,0.47,0.35074626865671643,300
GEO_GSE327581_COSMX_AD_BRAIN_EXPANDED,marker_context_specific_neighborhood,Inhibitory.neurons.habenula.thalamus,0.46774193548387094,0.09666666666666666,0.16022099447513813,300
GEO_GSE327581_COSMX_AD_BRAIN_EXPANDED,marker_context_specific_neighborhood,Inhibitory.neurons.reticular.nucleus,0.39813374805598756,0.8533333333333334,0.542948038176034,300
GEO_GSE327581_COSMX_AD_BRAIN_EXPANDED,marker_context_specific_neighborhood,Interneuron.selective.interneurons,0.6486486486486487,0.32,0.42857142857142855,300
GEO_GSE327581_COSMX_AD_BRAIN_EXPANDED,marker_context_specific_neighborhood,Interneurons,0.7681159420289855,0.8833333333333333,0.8217054263565893,300
GEO_GSE327581_COSMX_AD_BRAIN_EXPANDED,marker_context_specific_neighborhood,Mature.oligodendrocytes,0.5,0.0033333333333333335,0.006622516556291392,300
GEO_GSE327581_COSMX_AD_BRAIN_EXPANDED,marker_context_specific_neighborhood,Microglia,0.49162011173184356,0.88,0.6308243727598566,300
GEO_GSE327581_COSMX_AD_BRAIN_EXPANDED,marker_context_specific_neighborhood,Myelin.forming.oligodendrocytes,0.25,0.01,0.019230769230769232,300
GEO_GSE327581_COSMX_AD_BRAIN_EXPANDED,marker_context_specific_neighborhood,Neuroblasts,0.7830188679245284,0.27666666666666667,0.4088669950738916,300
GEO_GSE327581_COSMX_AD_BRAIN_EXPANDED,marker_context_specific_neighborhood,Neurogliaform.cells,0.8597285067873304,0.6333333333333333,0.7293666026871402,300
GEO_GSE327581_COSMX_AD_BRAIN_EXPANDED,marker_context_specific_neighborhood,Newly.formed.oligodendrocytes,0.9354838709677419,0.38666666666666666,0.5471698113207547,300
GEO_GSE327581_COSMX_AD_BRAIN_EXPANDED,marker_context_specific_neighborhood,Olfactory.bulb.inhibitory.neurons,0.5495327102803739,0.98,0.7041916167664671,300
GEO_GSE327581_COSMX_AD_BRAIN_EXPANDED,marker_context_specific_neighborhood,Olfactory.ensheathing.cells,0.8732394366197183,0.20666666666666667,0.3342318059299191,300
GEO_GSE327581_COSMX_AD_BRAIN_EXPANDED,marker_context_specific_neighborhood,Oligodendrocyte.precursor.cells,0.8366013071895425,0.8533333333333334,0.8448844884488449,300
GEO_GSE327581_COSMX_AD_BRAIN_EXPANDED,marker_context_specific_neighborhood,Peptidergic.neurons,0.6641221374045801,0.3140794223826715,0.42647058823529416,277
GEO_GSE327581_COSMX_AD_BRAIN_EXPANDED,marker_context_specific_neighborhood,Pericytes,0.6588785046728972,0.47,0.5486381322957199,300
GEO_GSE327581_COSMX_AD_BRAIN_EXPANDED,marker_context_specific_neighborhood,Perivascular.macrophages,0.5384615384615384,0.16333333333333333,0.2506393861892583,300
GEO_GSE327581_COSMX_AD_BRAIN_EXPANDED,marker_context_specific_neighborhood,Purkinje.cells,0.7442455242966752,0.97,0.8422575976845152,300
GEO_GSE327581_COSMX_AD_BRAIN_EXPANDED,marker_context_specific_neighborhood,Radial.glia,0.15648854961832062,0.13666666666666666,0.14590747330960852,300
GEO_GSE327581_COSMX_AD_BRAIN_EXPANDED,marker_context_specific_neighborhood,Serotonergic.neurons,0.3826530612244898,0.25,0.30241935483870963,300
GEO_GSE327581_COSMX_AD_BRAIN_EXPANDED,marker_context_specific_neighborhood,T.cell,0.25067385444743934,0.31,0.27719821162444114,300
GEO_GSE327581_COSMX_AD_BRAIN_EXPANDED,marker_context_specific_neighborhood,Tanycytes,0.5025906735751295,0.3233333333333333,0.3935091277890466,300
GEO_GSE327581_COSMX_AD_BRAIN_EXPANDED,marker_context_specific_neighborhood,Telencephalon.inhibitory.neurons,0.788135593220339,0.31,0.44497607655502397,300
GEO_GSE327581_COSMX_AD_BRAIN_EXPANDED,marker_context_specific_neighborhood,Vascular.endothelial.cells,0.4608540925266904,0.8633333333333333,0.6009280742459396,300
GEO_GSE327581_COSMX_AD_BRAIN_EXPANDED,marker_context_specific_neighborhood,Vascular.leptomeningeal.cells,0.7452229299363057,0.78,0.762214983713355,300
GEO_GSE327581_COSMX_AD_BRAIN_EXPANDED,marker_context_specific_neighborhood,Vascular.smooth.muscle.cells,0.8640776699029126,0.5933333333333334,0.7035573122529644,300
GEO_GSE327581_COSMX_AD_BRAIN_EXPANDED,marker_learned_neighborhood,Astrocytes.Bergmann.glia,0.9183673469387755,0.6,0.7258064516129031,300
GEO_GSE327581_COSMX_AD_BRAIN_EXPANDED,marker_learned_neighborhood,Astrocytes.cortex.hippocampus,0.5828220858895705,0.31666666666666665,0.41036717062634986,300
GEO_GSE327581_COSMX_AD_BRAIN_EXPANDED,marker_learned_neighborhood,Astrocytes.thalamus.hypothalamus,0.8266666666666667,0.62,0.7085714285714284,300
GEO_GSE327581_COSMX_AD_BRAIN_EXPANDED,marker_learned_neighborhood,CCK.interneurons,0.725752508361204,0.7233333333333334,0.7245409015025042,300
GEO_GSE327581_COSMX_AD_BRAIN_EXPANDED,marker_learned_neighborhood,Cajal.Retzius.cells,0.12352941176470589,0.4329896907216495,0.1922196796338673,194
GEO_GSE327581_COSMX_AD_BRAIN_EXPANDED,marker_learned_neighborhood,Cholinergic.neurons.habenula,0.5398230088495575,0.4066666666666667,0.4638783269961977,300
GEO_GSE327581_COSMX_AD_BRAIN_EXPANDED,marker_learned_neighborhood,Choroid.plexus.epithelial.cells,0.8957055214723927,0.9733333333333334,0.9329073482428116,300
GEO_GSE327581_COSMX_AD_BRAIN_EXPANDED,marker_learned_neighborhood,Committed.oligodendrocytes,0.27413127413127414,0.71,0.3955431754874652,300
GEO_GSE327581_COSMX_AD_BRAIN_EXPANDED,marker_learned_neighborhood,D1.medium.spiny.neurons,0.6164705882352941,0.8733333333333333,0.7227586206896551,300
GEO_GSE327581_COSMX_AD_BRAIN_EXPANDED,marker_learned_neighborhood,D2.medium.spiny.neurons,0.5351239669421488,0.8633333333333333,0.6607142857142857,300
GEO_GSE327581_COSMX_AD_BRAIN_EXPANDED,marker_learned_neighborhood,Dopaminergic.neurons,0.597254004576659,0.87,0.7082767978290366,300
GEO_GSE327581_COSMX_AD_BRAIN_EXPANDED,marker_learned_neighborhood,Ependymal.cells,0.9261992619926199,0.8366666666666667,0.8791593695271454,300
GEO_GSE327581_COSMX_AD_BRAIN_EXPANDED,marker_learned_neighborhood,Excitatory.neurons.amygdala,0.53125,0.11333333333333333,0.18681318681318682,300
GEO_GSE327581_COSMX_AD_BRAIN_EXPANDED,marker_learned_neighborhood,Excitatory.neurons.di.mesencephalon,0.5700197238658777,0.9633333333333334,0.7162329615861215,300
GEO_GSE327581_COSMX_AD_BRAIN_EXPANDED,marker_learned_neighborhood,Excitatory.neurons.hippocampal.CA1,0.7584097859327217,0.8266666666666667,0.7910685805422647,300
GEO_GSE327581_COSMX_AD_BRAIN_EXPANDED,marker_learned_neighborhood,Excitatory.neurons.hippocampal.CA2,0.6862745098039216,0.35,0.4635761589403974,300
GEO_GSE327581_COSMX_AD_BRAIN_EXPANDED,marker_learned_neighborhood,Excitatory.neurons.hippocampal.CA3,0.4052863436123348,0.92,0.562691131498471,300
GEO_GSE327581_COSMX_AD_BRAIN_EXPANDED,marker_learned_neighborhood,Excitatory.neurons.layer.1.piriform,0.7142857142857143,0.21666666666666667,0.33248081841432225,300
GEO_GSE327581_COSMX_AD_BRAIN_EXPANDED,marker_learned_neighborhood,Excitatory.neurons.layer.2.3,0.4839650145772595,0.5533333333333333,0.5163297045101088,300
GEO_GSE327581_COSMX_AD_BRAIN_EXPANDED,marker_learned_neighborhood,Excitatory.neurons.layer.4,0.22580645161290322,0.09333333333333334,0.1320754716981132,300
GEO_GSE327581_COSMX_AD_BRAIN_EXPANDED,marker_learned_neighborhood,Excitatory.neurons.layer.5,0.55625,0.2966666666666667,0.3869565217391304,300
GEO_GSE327581_COSMX_AD_BRAIN_EXPANDED,marker_learned_neighborhood,Excitatory.neurons.layer.6,0.47149122807017546,0.7166666666666667,0.5687830687830688,300
GEO_GSE327581_COSMX_AD_BRAIN_EXPANDED,marker_learned_neighborhood,Excitatory.neurons.telencephalon,0.25555555555555554,0.15333333333333332,0.19166666666666665,300
GEO_GSE327581_COSMX_AD_BRAIN_EXPANDED,marker_learned_neighborhood,Granule.neurons,0.8625429553264605,0.8366666666666667,0.8494077834179358,300
GEO_GSE327581_COSMX_AD_BRAIN_EXPANDED,marker_learned_neighborhood,Hindbrain.excitatory.neurons,0.41237113402061853,0.9333333333333333,0.5720122574055158,300
GEO_GSE327581_COSMX_AD_BRAIN_EXPANDED,marker_learned_neighborhood,Hindbrain.inhibitory.neurons,0.6395348837209303,0.36666666666666664,0.4661016949152542,300
GEO_GSE327581_COSMX_AD_BRAIN_EXPANDED,marker_learned_neighborhood,Hypendymal,0.4016260162601626,0.8233333333333334,0.5398907103825137,300
GEO_GSE327581_COSMX_AD_BRAIN_EXPANDED,marker_learned_neighborhood,Inhibitory.interneurons,0.8267716535433071,0.7,0.7581227436823104,300
GEO_GSE327581_COSMX_AD_BRAIN_EXPANDED,marker_learned_neighborhood,Inhibitory.neurons.amygdala,0.8073394495412844,0.29333333333333333,0.43031784841075793,300
GEO_GSE327581_COSMX_AD_BRAIN_EXPANDED,marker_learned_neighborhood,Inhibitory.neurons.habenula.hypothalamus,0.28256513026052105,0.47,0.35294117647058826,300
GEO_GSE327581_COSMX_AD_BRAIN_EXPANDED,marker_learned_neighborhood,Inhibitory.neurons.habenula.thalamus,0.46153846153846156,0.1,0.16438356164383564,300
GEO_GSE327581_COSMX_AD_BRAIN_EXPANDED,marker_learned_neighborhood,Inhibitory.neurons.reticular.nucleus,0.3993759750390016,0.8533333333333334,0.5441020191285866,300
GEO_GSE327581_COSMX_AD_BRAIN_EXPANDED,marker_learned_neighborhood,Interneuron.selective.interneurons,0.6554054054054054,0.3233333333333333,0.43303571428571425,300
GEO_GSE327581_COSMX_AD_BRAIN_EXPANDED,marker_learned_neighborhood,Interneurons,0.7787610619469026,0.88,0.8262910798122066,300
GEO_GSE327581_COSMX_AD_BRAIN_EXPANDED,marker_learned_neighborhood,Mature.oligodendrocytes,1.0,0.0033333333333333335,0.006644518272425249,300
GEO_GSE327581_COSMX_AD_BRAIN_EXPANDED,marker_learned_neighborhood,Microglia,0.50187265917603,0.8933333333333333,0.6426858513189448,300
GEO_GSE327581_COSMX_AD_BRAIN_EXPANDED,marker_learned_neighborhood,Myelin.forming.oligodendrocytes,0.3333333333333333,0.02,0.03773584905660377,300
GEO_GSE327581_COSMX_AD_BRAIN_EXPANDED,marker_learned_neighborhood,Neuroblasts,0.7924528301886793,0.28,0.4137931034482759,300
GEO_GSE327581_COSMX_AD_BRAIN_EXPANDED,marker_learned_neighborhood,Neurogliaform.cells,0.8577777777777778,0.6433333333333333,0.7352380952380952,300
GEO_GSE327581_COSMX_AD_BRAIN_EXPANDED,marker_learned_neighborhood,Newly.formed.oligodendrocytes,0.8923076923076924,0.38666666666666666,0.5395348837209303,300
GEO_GSE327581_COSMX_AD_BRAIN_EXPANDED,marker_learned_neighborhood,Olfactory.bulb.inhibitory.neurons,0.5333333333333333,0.9866666666666667,0.6923976608187135,300
GEO_GSE327581_COSMX_AD_BRAIN_EXPANDED,marker_learned_neighborhood,Olfactory.ensheathing.cells,0.9130434782608695,0.21,0.34146341463414626,300
GEO_GSE327581_COSMX_AD_BRAIN_EXPANDED,marker_learned_neighborhood,Oligodendrocyte.precursor.cells,0.8333333333333334,0.8333333333333334,0.8333333333333334,300
GEO_GSE327581_COSMX_AD_BRAIN_EXPANDED,marker_learned_neighborhood,Peptidergic.neurons,0.6691729323308271,0.3212996389891697,0.4341463414634147,277
GEO_GSE327581_COSMX_AD_BRAIN_EXPANDED,marker_learned_neighborhood,Pericytes,0.6380090497737556,0.47,0.5412667946257197,300
GEO_GSE327581_COSMX_AD_BRAIN_EXPANDED,marker_learned_neighborhood,Perivascular.macrophages,0.45918367346938777,0.15,0.22613065326633164,300
GEO_GSE327581_COSMX_AD_BRAIN_EXPANDED,marker_learned_neighborhood,Purkinje.cells,0.7411167512690355,0.9733333333333334,0.8414985590778098,300
GEO_GSE327581_COSMX_AD_BRAIN_EXPANDED,marker_learned_neighborhood,Radial.glia,0.152,0.12666666666666668,0.13818181818181818,300
GEO_GSE327581_COSMX_AD_BRAIN_EXPANDED,marker_learned_neighborhood,Serotonergic.neurons,0.3891891891891892,0.24,0.29690721649484536,300
GEO_GSE327581_COSMX_AD_BRAIN_EXPANDED,marker_learned_neighborhood,T.cell,0.25136612021857924,0.30666666666666664,0.27627627627627627,300
GEO_GSE327581_COSMX_AD_BRAIN_EXPANDED,marker_learned_neighborhood,Tanycytes,0.49746192893401014,0.32666666666666666,0.3943661971830986,300
GEO_GSE327581_COSMX_AD_BRAIN_EXPANDED,marker_learned_neighborhood,Telencephalon.inhibitory.neurons,0.8034188034188035,0.31333333333333335,0.4508393285371703,300
GEO_GSE327581_COSMX_AD_BRAIN_EXPANDED,marker_learned_neighborhood,Vascular.endothelial.cells,0.47339449541284406,0.86,0.6106508875739646,300
GEO_GSE327581_COSMX_AD_BRAIN_EXPANDED,marker_learned_neighborhood,Vascular.leptomeningeal.cells,0.7320872274143302,0.7833333333333333,0.7568438003220611,300
GEO_GSE327581_COSMX_AD_BRAIN_EXPANDED,marker_learned_neighborhood,Vascular.smooth.muscle.cells,0.864321608040201,0.5733333333333334,0.68937875751503,300
GEO_GSE327581_COSMX_AD_BRAIN_EXPANDED,marker_only,Astrocytes.Bergmann.glia,0.9067357512953368,0.5833333333333334,0.7099391480730224,300
GEO_GSE327581_COSMX_AD_BRAIN_EXPANDED,marker_only,Astrocytes.cortex.hippocampus,0.5294117647058824,0.27,0.3576158940397351,300
GEO_GSE327581_COSMX_AD_BRAIN_EXPANDED,marker_only,Astrocytes.thalamus.hypothalamus,0.7918552036199095,0.5833333333333334,0.6717850287907869,300
GEO_GSE327581_COSMX_AD_BRAIN_EXPANDED,marker_only,CCK.interneurons,0.7218543046357616,0.7266666666666667,0.7242524916943522,300
GEO_GSE327581_COSMX_AD_BRAIN_EXPANDED,marker_only,Cajal.Retzius.cells,0.11764705882352941,0.4329896907216495,0.18502202643171806,194
GEO_GSE327581_COSMX_AD_BRAIN_EXPANDED,marker_only,Cholinergic.neurons.habenula,0.5236051502145923,0.4066666666666667,0.4577861163227018,300
GEO_GSE327581_COSMX_AD_BRAIN_EXPANDED,marker_only,Choroid.plexus.epithelial.cells,0.9401993355481728,0.9433333333333334,0.9417637271214643,300
GEO_GSE327581_COSMX_AD_BRAIN_EXPANDED,marker_only,Committed.oligodendrocytes,0.2753807106598985,0.7233333333333334,0.3988970588235295,300
GEO_GSE327581_COSMX_AD_BRAIN_EXPANDED,marker_only,D1.medium.spiny.neurons,0.6267942583732058,0.8733333333333333,0.7298050139275766,300
GEO_GSE327581_COSMX_AD_BRAIN_EXPANDED,marker_only,D2.medium.spiny.neurons,0.5168986083499006,0.8666666666666667,0.6475716064757162,300
GEO_GSE327581_COSMX_AD_BRAIN_EXPANDED,marker_only,Dopaminergic.neurons,0.5846501128668171,0.8633333333333333,0.6971736204576043,300
GEO_GSE327581_COSMX_AD_BRAIN_EXPANDED,marker_only,Ependymal.cells,0.9409448818897638,0.7966666666666666,0.8628158844765342,300
GEO_GSE327581_COSMX_AD_BRAIN_EXPANDED,marker_only,Excitatory.neurons.amygdala,0.4810126582278481,0.12666666666666668,0.20052770448548815,300
GEO_GSE327581_COSMX_AD_BRAIN_EXPANDED,marker_only,Excitatory.neurons.di.mesencephalon,0.560077519379845,0.9633333333333334,0.7083333333333333,300
GEO_GSE327581_COSMX_AD_BRAIN_EXPANDED,marker_only,Excitatory.neurons.hippocampal.CA1,0.7297297297297297,0.81,0.7677725118483413,300
GEO_GSE327581_COSMX_AD_BRAIN_EXPANDED,marker_only,Excitatory.neurons.hippocampal.CA2,0.7153284671532847,0.32666666666666666,0.448512585812357,300
GEO_GSE327581_COSMX_AD_BRAIN_EXPANDED,marker_only,Excitatory.neurons.hippocampal.CA3,0.38354253835425384,0.9166666666666666,0.5408062930186824,300
GEO_GSE327581_COSMX_AD_BRAIN_EXPANDED,marker_only,Excitatory.neurons.layer.1.piriform,0.6896551724137931,0.2,0.310077519379845,300
GEO_GSE327581_COSMX_AD_BRAIN_EXPANDED,marker_only,Excitatory.neurons.layer.2.3,0.4872611464968153,0.51,0.498371335504886,300
GEO_GSE327581_COSMX_AD_BRAIN_EXPANDED,marker_only,Excitatory.neurons.layer.4,0.24193548387096775,0.1,0.14150943396226418,300
GEO_GSE327581_COSMX_AD_BRAIN_EXPANDED,marker_only,Excitatory.neurons.layer.5,0.6086956521739131,0.28,0.3835616438356165,300
GEO_GSE327581_COSMX_AD_BRAIN_EXPANDED,marker_only,Excitatory.neurons.layer.6,0.5025906735751295,0.6466666666666666,0.565597667638484,300
GEO_GSE327581_COSMX_AD_BRAIN_EXPANDED,marker_only,Excitatory.neurons.telencephalon,0.22277227722772278,0.15,0.17928286852589642,300
GEO_GSE327581_COSMX_AD_BRAIN_EXPANDED,marker_only,Granule.neurons,0.9080882352941176,0.8233333333333334,0.8636363636363636,300
GEO_GSE327581_COSMX_AD_BRAIN_EXPANDED,marker_only,Hindbrain.excitatory.neurons,0.40638606676342526,0.9333333333333333,0.5662285136501517,300
GEO_GSE327581_COSMX_AD_BRAIN_EXPANDED,marker_only,Hindbrain.inhibitory.neurons,0.6,0.36,0.45,300
GEO_GSE327581_COSMX_AD_BRAIN_EXPANDED,marker_only,Hypendymal,0.40064620355411956,0.8266666666666667,0.5397170837867247,300
GEO_GSE327581_COSMX_AD_BRAIN_EXPANDED,marker_only,Inhibitory.interneurons,0.8117647058823529,0.69,0.7459459459459459,300
GEO_GSE327581_COSMX_AD_BRAIN_EXPANDED,marker_only,Inhibitory.neurons.amygdala,0.7870370370370371,0.2833333333333333,0.4166666666666667,300
GEO_GSE327581_COSMX_AD_BRAIN_EXPANDED,marker_only,Inhibitory.neurons.habenula.hypothalamus,0.27151051625239003,0.47333333333333333,0.34507897934386395,300
GEO_GSE327581_COSMX_AD_BRAIN_EXPANDED,marker_only,Inhibitory.neurons.habenula.thalamus,0.4444444444444444,0.09333333333333334,0.1542699724517906,300
GEO_GSE327581_COSMX_AD_BRAIN_EXPANDED,marker_only,Inhibitory.neurons.reticular.nucleus,0.3772189349112426,0.85,0.5225409836065573,300
GEO_GSE327581_COSMX_AD_BRAIN_EXPANDED,marker_only,Interneuron.selective.interneurons,0.6535947712418301,0.3333333333333333,0.4415011037527593,300
GEO_GSE327581_COSMX_AD_BRAIN_EXPANDED,marker_only,Interneurons,0.7735294117647059,0.8766666666666667,0.8218749999999999,300
GEO_GSE327581_COSMX_AD_BRAIN_EXPANDED,marker_only,Mature.oligodendrocytes,1.0,0.0033333333333333335,0.006644518272425249,300
GEO_GSE327581_COSMX_AD_BRAIN_EXPANDED,marker_only,Microglia,0.4761061946902655,0.8966666666666666,0.6219653179190752,300
GEO_GSE327581_COSMX_AD_BRAIN_EXPANDED,marker_only,Myelin.forming.oligodendrocytes,0.1,0.0033333333333333335,0.006451612903225807,300
GEO_GSE327581_COSMX_AD_BRAIN_EXPANDED,marker_only,Neuroblasts,0.794392523364486,0.2833333333333333,0.41769041769041765,300
GEO_GSE327581_COSMX_AD_BRAIN_EXPANDED,marker_only,Neurogliaform.cells,0.874439461883408,0.65,0.745697896749522,300
GEO_GSE327581_COSMX_AD_BRAIN_EXPANDED,marker_only,Newly.formed.oligodendrocytes,0.9338842975206612,0.37666666666666665,0.5368171021377671,300
GEO_GSE327581_COSMX_AD_BRAIN_EXPANDED,marker_only,Olfactory.bulb.inhibitory.neurons,0.5576923076923077,0.9666666666666667,0.7073170731707317,300
GEO_GSE327581_COSMX_AD_BRAIN_EXPANDED,marker_only,Olfactory.ensheathing.cells,0.9047619047619048,0.19,0.3140495867768595,300
GEO_GSE327581_COSMX_AD_BRAIN_EXPANDED,marker_only,Oligodendrocyte.precursor.cells,0.8312101910828026,0.87,0.8501628664495114,300
GEO_GSE327581_COSMX_AD_BRAIN_EXPANDED,marker_only,Peptidergic.neurons,0.6869565217391305,0.2851985559566787,0.4030612244897959,277
GEO_GSE327581_COSMX_AD_BRAIN_EXPANDED,marker_only,Pericytes,0.6192660550458715,0.45,0.5212355212355212,300
GEO_GSE327581_COSMX_AD_BRAIN_EXPANDED,marker_only,Perivascular.macrophages,0.4878048780487805,0.13333333333333333,0.2094240837696335,300
GEO_GSE327581_COSMX_AD_BRAIN_EXPANDED,marker_only,Purkinje.cells,0.776,0.97,0.8622222222222223,300
GEO_GSE327581_COSMX_AD_BRAIN_EXPANDED,marker_only,Radial.glia,0.15867158671586715,0.14333333333333334,0.15061295971978986,300
GEO_GSE327581_COSMX_AD_BRAIN_EXPANDED,marker_only,Serotonergic.neurons,0.4057142857142857,0.23666666666666666,0.29894736842105263,300
GEO_GSE327581_COSMX_AD_BRAIN_EXPANDED,marker_only,T.cell,0.23979591836734693,0.31333333333333335,0.2716763005780347,300
GEO_GSE327581_COSMX_AD_BRAIN_EXPANDED,marker_only,Tanycytes,0.48743718592964824,0.3233333333333333,0.38877755511022044,300
GEO_GSE327581_COSMX_AD_BRAIN_EXPANDED,marker_only,Telencephalon.inhibitory.neurons,0.7653061224489796,0.25,0.37688442211055273,300
GEO_GSE327581_COSMX_AD_BRAIN_EXPANDED,marker_only,Vascular.endothelial.cells,0.4562937062937063,0.87,0.5986238532110092,300
GEO_GSE327581_COSMX_AD_BRAIN_EXPANDED,marker_only,Vascular.leptomeningeal.cells,0.7380191693290735,0.77,0.7536704730831975,300
GEO_GSE327581_COSMX_AD_BRAIN_EXPANDED,marker_only,Vascular.smooth.muscle.cells,0.8472906403940886,0.5733333333333334,0.6838966202783301,300
GEO_GSE327581_COSMX_AD_BRAIN_EXPANDED,marker_reference_profile,Astrocytes.Bergmann.glia,0.2933151432469304,0.7166666666666667,0.41626331074540174,300
GEO_GSE327581_COSMX_AD_BRAIN_EXPANDED,marker_reference_profile,Astrocytes.cortex.hippocampus,0.631578947368421,0.2,0.30379746835443044,300
GEO_GSE327581_COSMX_AD_BRAIN_EXPANDED,marker_reference_profile,Astrocytes.thalamus.hypothalamus,0.68,0.2833333333333333,0.4,300
GEO_GSE327581_COSMX_AD_BRAIN_EXPANDED,marker_reference_profile,CCK.interneurons,0.6175637393767706,0.7266666666666667,0.6676875957120981,300
GEO_GSE327581_COSMX_AD_BRAIN_EXPANDED,marker_reference_profile,Cajal.Retzius.cells,0.11789181692094314,0.4381443298969072,0.18579234972677597,194
GEO_GSE327581_COSMX_AD_BRAIN_EXPANDED,marker_reference_profile,Cholinergic.neurons.habenula,0.481981981981982,0.3566666666666667,0.40996168582375486,300
GEO_GSE327581_COSMX_AD_BRAIN_EXPANDED,marker_reference_profile,Choroid.plexus.epithelial.cells,0.8609467455621301,0.97,0.9122257053291536,300
GEO_GSE327581_COSMX_AD_BRAIN_EXPANDED,marker_reference_profile,Committed.oligodendrocytes,0.24736842105263157,0.7833333333333333,0.376,300
GEO_GSE327581_COSMX_AD_BRAIN_EXPANDED,marker_reference_profile,D1.medium.spiny.neurons,0.514792899408284,0.87,0.6468401486988847,300
GEO_GSE327581_COSMX_AD_BRAIN_EXPANDED,marker_reference_profile,D2.medium.spiny.neurons,0.3892733564013841,0.75,0.5125284738041002,300
GEO_GSE327581_COSMX_AD_BRAIN_EXPANDED,marker_reference_profile,Dopaminergic.neurons,0.5170940170940171,0.8066666666666666,0.6302083333333334,300
GEO_GSE327581_COSMX_AD_BRAIN_EXPANDED,marker_reference_profile,Ependymal.cells,0.9347826086956522,0.7166666666666667,0.8113207547169811,300
GEO_GSE327581_COSMX_AD_BRAIN_EXPANDED,marker_reference_profile,Excitatory.neurons.amygdala,0.35658914728682173,0.15333333333333332,0.21445221445221446,300
GEO_GSE327581_COSMX_AD_BRAIN_EXPANDED,marker_reference_profile,Excitatory.neurons.di.mesencephalon,0.6509433962264151,0.92,0.7624309392265193,300
GEO_GSE327581_COSMX_AD_BRAIN_EXPANDED,marker_reference_profile,Excitatory.neurons.hippocampal.CA1,0.6495726495726496,0.76,0.7004608294930875,300
GEO_GSE327581_COSMX_AD_BRAIN_EXPANDED,marker_reference_profile,Excitatory.neurons.hippocampal.CA2,0.4224137931034483,0.49,0.4537037037037037,300
GEO_GSE327581_COSMX_AD_BRAIN_EXPANDED,marker_reference_profile,Excitatory.neurons.hippocampal.CA3,0.5055928411633109,0.7533333333333333,0.6050870147255689,300
GEO_GSE327581_COSMX_AD_BRAIN_EXPANDED,marker_reference_profile,Excitatory.neurons.layer.1.piriform,0.9210526315789473,0.11666666666666667,0.20710059171597633,300
GEO_GSE327581_COSMX_AD_BRAIN_EXPANDED,marker_reference_profile,Excitatory.neurons.layer.2.3,0.3763837638376384,0.68,0.48456057007125897,300
GEO_GSE327581_COSMX_AD_BRAIN_EXPANDED,marker_reference_profile,Excitatory.neurons.layer.4,0.38596491228070173,0.07333333333333333,0.12324929971988795,300
GEO_GSE327581_COSMX_AD_BRAIN_EXPANDED,marker_reference_profile,Excitatory.neurons.layer.5,0.7,0.23333333333333334,0.35,300
GEO_GSE327581_COSMX_AD_BRAIN_EXPANDED,marker_reference_profile,Excitatory.neurons.layer.6,0.6513409961685823,0.5666666666666667,0.606060606060606,300
GEO_GSE327581_COSMX_AD_BRAIN_EXPANDED,marker_reference_profile,Excitatory.neurons.telencephalon,0.23952095808383234,0.13333333333333333,0.17130620985010706,300
GEO_GSE327581_COSMX_AD_BRAIN_EXPANDED,marker_reference_profile,Granule.neurons,0.8492647058823529,0.77,0.8076923076923077,300
GEO_GSE327581_COSMX_AD_BRAIN_EXPANDED,marker_reference_profile,Hindbrain.excitatory.neurons,0.4765217391304348,0.9133333333333333,0.6262857142857142,300
GEO_GSE327581_COSMX_AD_BRAIN_EXPANDED,marker_reference_profile,Hindbrain.inhibitory.neurons,0.6585365853658537,0.36,0.46551724137931033,300
GEO_GSE327581_COSMX_AD_BRAIN_EXPANDED,marker_reference_profile,Hypendymal,0.4654205607476635,0.83,0.5964071856287425,300
GEO_GSE327581_COSMX_AD_BRAIN_EXPANDED,marker_reference_profile,Inhibitory.interneurons,0.6891495601173021,0.7833333333333333,0.733229329173167,300
GEO_GSE327581_COSMX_AD_BRAIN_EXPANDED,marker_reference_profile,Inhibitory.neurons.amygdala,0.9210526315789473,0.23333333333333334,0.3723404255319149,300
GEO_GSE327581_COSMX_AD_BRAIN_EXPANDED,marker_reference_profile,Inhibitory.neurons.habenula.hypothalamus,0.2444933920704846,0.37,0.29442970822281167,300
GEO_GSE327581_COSMX_AD_BRAIN_EXPANDED,marker_reference_profile,Inhibitory.neurons.habenula.thalamus,0.5660377358490566,0.1,0.16997167138810199,300
GEO_GSE327581_COSMX_AD_BRAIN_EXPANDED,marker_reference_profile,Inhibitory.neurons.reticular.nucleus,0.38571428571428573,0.72,0.5023255813953488,300
GEO_GSE327581_COSMX_AD_BRAIN_EXPANDED,marker_reference_profile,Interneuron.selective.interneurons,0.5232558139534884,0.3,0.3813559322033898,300
GEO_GSE327581_COSMX_AD_BRAIN_EXPANDED,marker_reference_profile,Interneurons,0.6596736596736597,0.9433333333333334,0.7764060356652949,300
GEO_GSE327581_COSMX_AD_BRAIN_EXPANDED,marker_reference_profile,Mature.oligodendrocytes,0.0,0.0,0.0,300
GEO_GSE327581_COSMX_AD_BRAIN_EXPANDED,marker_reference_profile,Microglia,0.4808362369337979,0.92,0.6315789473684211,300
GEO_GSE327581_COSMX_AD_BRAIN_EXPANDED,marker_reference_profile,Myelin.forming.oligodendrocytes,0.0,0.0,0.0,300
GEO_GSE327581_COSMX_AD_BRAIN_EXPANDED,marker_reference_profile,Neuroblasts,0.7428571428571429,0.26,0.3851851851851852,300
GEO_GSE327581_COSMX_AD_BRAIN_EXPANDED,marker_reference_profile,Neurogliaform.cells,0.6560509554140127,0.6866666666666666,0.6710097719869706,300
GEO_GSE327581_COSMX_AD_BRAIN_EXPANDED,marker_reference_profile,Newly.formed.oligodendrocytes,0.944954128440367,0.3433333333333333,0.5036674816625917,300
GEO_GSE327581_COSMX_AD_BRAIN_EXPANDED,marker_reference_profile,Olfactory.bulb.inhibitory.neurons,0.5517241379310345,0.9066666666666666,0.6860025220680959,300
GEO_GSE327581_COSMX_AD_BRAIN_EXPANDED,marker_reference_profile,Olfactory.ensheathing.cells,0.9074074074074074,0.16333333333333333,0.2768361581920904,300
GEO_GSE327581_COSMX_AD_BRAIN_EXPANDED,marker_reference_profile,Oligodendrocyte.precursor.cells,0.858085808580858,0.8666666666666667,0.8623548922056384,300
GEO_GSE327581_COSMX_AD_BRAIN_EXPANDED,marker_reference_profile,Peptidergic.neurons,0.4918032786885246,0.21660649819494585,0.3007518796992481,277
GEO_GSE327581_COSMX_AD_BRAIN_EXPANDED,marker_reference_profile,Pericytes,0.6884422110552764,0.45666666666666667,0.5490981963927855,300
GEO_GSE327581_COSMX_AD_BRAIN_EXPANDED,marker_reference_profile,Perivascular.macrophages,0.6764705882352942,0.07666666666666666,0.1377245508982036,300
GEO_GSE327581_COSMX_AD_BRAIN_EXPANDED,marker_reference_profile,Purkinje.cells,0.9427609427609428,0.9333333333333333,0.9380234505862648,300
GEO_GSE327581_COSMX_AD_BRAIN_EXPANDED,marker_reference_profile,Radial.glia,0.19148936170212766,0.09,0.1224489795918367,300
GEO_GSE327581_COSMX_AD_BRAIN_EXPANDED,marker_reference_profile,Serotonergic.neurons,0.2978723404255319,0.23333333333333334,0.2616822429906542,300
GEO_GSE327581_COSMX_AD_BRAIN_EXPANDED,marker_reference_profile,T.cell,0.23497267759562843,0.2866666666666667,0.25825825825825827,300
GEO_GSE327581_COSMX_AD_BRAIN_EXPANDED,marker_reference_profile,Tanycytes,0.5263157894736842,0.16666666666666666,0.25316455696202533,300
GEO_GSE327581_COSMX_AD_BRAIN_EXPANDED,marker_reference_profile,Telencephalon.inhibitory.neurons,0.8375,0.22333333333333333,0.3526315789473684,300
GEO_GSE327581_COSMX_AD_BRAIN_EXPANDED,marker_reference_profile,Vascular.endothelial.cells,0.49245283018867925,0.87,0.6289156626506023,300
GEO_GSE327581_COSMX_AD_BRAIN_EXPANDED,marker_reference_profile,Vascular.leptomeningeal.cells,0.775438596491228,0.7366666666666667,0.7555555555555555,300
GEO_GSE327581_COSMX_AD_BRAIN_EXPANDED,marker_reference_profile,Vascular.smooth.muscle.cells,0.8525345622119815,0.6166666666666667,0.7156673114119922,300
GEO_GSE327581_COSMX_AD_BRAIN_EXPANDED,reference_profile,Astrocytes.Bergmann.glia,0.10841205578047683,0.8033333333333333,0.19104240982956797,300
GEO_GSE327581_COSMX_AD_BRAIN_EXPANDED,reference_profile,Astrocytes.cortex.hippocampus,0.5454545454545454,0.04,0.07453416149068322,300
GEO_GSE327581_COSMX_AD_BRAIN_EXPANDED,reference_profile,Astrocytes.thalamus.hypothalamus,0.36082474226804123,0.11666666666666667,0.17632241813602018,300
GEO_GSE327581_COSMX_AD_BRAIN_EXPANDED,reference_profile,CCK.interneurons,0.34296028880866425,0.31666666666666665,0.3292894280762565,300
GEO_GSE327581_COSMX_AD_BRAIN_EXPANDED,reference_profile,Cajal.Retzius.cells,0.0,0.0,0.0,194
GEO_GSE327581_COSMX_AD_BRAIN_EXPANDED,reference_profile,Cholinergic.neurons.habenula,0.42857142857142855,0.03,0.056074766355140186,300
GEO_GSE327581_COSMX_AD_BRAIN_EXPANDED,reference_profile,Choroid.plexus.epithelial.cells,0.3567961165048544,0.98,0.5231316725978649,300
GEO_GSE327581_COSMX_AD_BRAIN_EXPANDED,reference_profile,Committed.oligodendrocytes,0.19705197827773469,0.8466666666666667,0.31969792322215235,300
GEO_GSE327581_COSMX_AD_BRAIN_EXPANDED,reference_profile,D1.medium.spiny.neurons,0.3202797202797203,0.7633333333333333,0.45123152709359604,300
GEO_GSE327581_COSMX_AD_BRAIN_EXPANDED,reference_profile,D2.medium.spiny.neurons,0.3515151515151515,0.58,0.4377358490566038,300
GEO_GSE327581_COSMX_AD_BRAIN_EXPANDED,reference_profile,Dopaminergic.neurons,0.47183098591549294,0.67,0.5537190082644629,300
GEO_GSE327581_COSMX_AD_BRAIN_EXPANDED,reference_profile,Ependymal.cells,0.5384615384615384,0.16333333333333333,0.2506393861892583,300
GEO_GSE327581_COSMX_AD_BRAIN_EXPANDED,reference_profile,Excitatory.neurons.amygdala,0.02361111111111111,0.056666666666666664,0.03333333333333333,300
GEO_GSE327581_COSMX_AD_BRAIN_EXPANDED,reference_profile,Excitatory.neurons.di.mesencephalon,0.8486842105263158,0.43,0.5707964601769911,300
GEO_GSE327581_COSMX_AD_BRAIN_EXPANDED,reference_profile,Excitatory.neurons.hippocampal.CA1,0.18137254901960784,0.37,0.24342105263157893,300
GEO_GSE327581_COSMX_AD_BRAIN_EXPANDED,reference_profile,Excitatory.neurons.hippocampal.CA2,0.16799091940976163,0.49333333333333335,0.2506350550381033,300
GEO_GSE327581_COSMX_AD_BRAIN_EXPANDED,reference_profile,Excitatory.neurons.hippocampal.CA3,0.0,0.0,0.0,300
GEO_GSE327581_COSMX_AD_BRAIN_EXPANDED,reference_profile,Excitatory.neurons.layer.1.piriform,0.0,0.0,0.0,300
GEO_GSE327581_COSMX_AD_BRAIN_EXPANDED,reference_profile,Excitatory.neurons.layer.2.3,0.14219114219114218,0.4066666666666667,0.21070811744386872,300
GEO_GSE327581_COSMX_AD_BRAIN_EXPANDED,reference_profile,Excitatory.neurons.layer.4,0.3944954128440367,0.43,0.4114832535885168,300
GEO_GSE327581_COSMX_AD_BRAIN_EXPANDED,reference_profile,Excitatory.neurons.layer.5,1.0,0.0033333333333333335,0.006644518272425249,300
GEO_GSE327581_COSMX_AD_BRAIN_EXPANDED,reference_profile,Excitatory.neurons.layer.6,0.0,0.0,0.0,300
GEO_GSE327581_COSMX_AD_BRAIN_EXPANDED,reference_profile,Excitatory.neurons.telencephalon,1.0,0.0033333333333333335,0.006644518272425249,300
GEO_GSE327581_COSMX_AD_BRAIN_EXPANDED,reference_profile,Granule.neurons,0.48556430446194226,0.6166666666666667,0.5433186490455214,300
GEO_GSE327581_COSMX_AD_BRAIN_EXPANDED,reference_profile,Hindbrain.excitatory.neurons,0.5797101449275363,0.13333333333333333,0.2168021680216802,300
GEO_GSE327581_COSMX_AD_BRAIN_EXPANDED,reference_profile,Hindbrain.inhibitory.neurons,0.47761194029850745,0.10666666666666667,0.17438692098092645,300
GEO_GSE327581_COSMX_AD_BRAIN_EXPANDED,reference_profile,Hypendymal,1.0,0.006666666666666667,0.013245033112582783,300
GEO_GSE327581_COSMX_AD_BRAIN_EXPANDED,reference_profile,Inhibitory.interneurons,0.22876447876447875,0.79,0.3547904191616767,300
GEO_GSE327581_COSMX_AD_BRAIN_EXPANDED,reference_profile,Inhibitory.neurons.amygdala,0.25,0.0033333333333333335,0.006578947368421052,300
GEO_GSE327581_COSMX_AD_BRAIN_EXPANDED,reference_profile,Inhibitory.neurons.habenula.hypothalamus,0.11428571428571428,0.16,0.13333333333333333,300
GEO_GSE327581_COSMX_AD_BRAIN_EXPANDED,reference_profile,Inhibitory.neurons.habenula.thalamus,0.0,0.0,0.0,300
GEO_GSE327581_COSMX_AD_BRAIN_EXPANDED,reference_profile,Inhibitory.neurons.reticular.nucleus,0.4556213017751479,0.25666666666666665,0.32835820895522383,300
GEO_GSE327581_COSMX_AD_BRAIN_EXPANDED,reference_profile,Interneuron.selective.interneurons,0.17098445595854922,0.22,0.1924198250728863,300
GEO_GSE327581_COSMX_AD_BRAIN_EXPANDED,reference_profile,Interneurons,0.33055885850178357,0.9266666666666666,0.48729184925503943,300
GEO_GSE327581_COSMX_AD_BRAIN_EXPANDED,reference_profile,Mature.oligodendrocytes,0.0,0.0,0.0,300
GEO_GSE327581_COSMX_AD_BRAIN_EXPANDED,reference_profile,Microglia,0.5040871934604905,0.6166666666666667,0.5547226386806596,300
GEO_GSE327581_COSMX_AD_BRAIN_EXPANDED,reference_profile,Myelin.forming.oligodendrocytes,0.0,0.0,0.0,300
GEO_GSE327581_COSMX_AD_BRAIN_EXPANDED,reference_profile,Neuroblasts,0.8,0.05333333333333334,0.1,300
GEO_GSE327581_COSMX_AD_BRAIN_EXPANDED,reference_profile,Neurogliaform.cells,0.18882978723404256,0.47333333333333333,0.26996197718631176,300
GEO_GSE327581_COSMX_AD_BRAIN_EXPANDED,reference_profile,Newly.formed.oligodendrocytes,0.7352941176470589,0.08333333333333333,0.1497005988023952,300
GEO_GSE327581_COSMX_AD_BRAIN_EXPANDED,reference_profile,Olfactory.bulb.inhibitory.neurons,0.20825515947467166,0.37,0.2665066026410564,300
GEO_GSE327581_COSMX_AD_BRAIN_EXPANDED,reference_profile,Olfactory.ensheathing.cells,0.5555555555555556,0.016666666666666666,0.032362459546925564,300
GEO_GSE327581_COSMX_AD_BRAIN_EXPANDED,reference_profile,Oligodendrocyte.precursor.cells,0.6688311688311688,0.3433333333333333,0.45374449339207046,300
GEO_GSE327581_COSMX_AD_BRAIN_EXPANDED,reference_profile,Peptidergic.neurons,0.05660377358490566,0.06498194945848375,0.06050420168067226,277
GEO_GSE327581_COSMX_AD_BRAIN_EXPANDED,reference_profile,Pericytes,0.7435897435897436,0.09666666666666666,0.1710914454277286,300
GEO_GSE327581_COSMX_AD_BRAIN_EXPANDED,reference_profile,Perivascular.macrophages,0.16666666666666666,0.0033333333333333335,0.006535947712418301,300
GEO_GSE327581_COSMX_AD_BRAIN_EXPANDED,reference_profile,Purkinje.cells,0.9363636363636364,0.3433333333333333,0.5024390243902439,300
GEO_GSE327581_COSMX_AD_BRAIN_EXPANDED,reference_profile,Radial.glia,1.0,0.0033333333333333335,0.006644518272425249,300
GEO_GSE327581_COSMX_AD_BRAIN_EXPANDED,reference_profile,Serotonergic.neurons,0.2621951219512195,0.14333333333333334,0.1853448275862069,300
GEO_GSE327581_COSMX_AD_BRAIN_EXPANDED,reference_profile,T.cell,0.5862068965517241,0.056666666666666664,0.10334346504559269,300
GEO_GSE327581_COSMX_AD_BRAIN_EXPANDED,reference_profile,Tanycytes,0.3333333333333333,0.006666666666666667,0.013071895424836602,300
GEO_GSE327581_COSMX_AD_BRAIN_EXPANDED,reference_profile,Telencephalon.inhibitory.neurons,0.6338028169014085,0.15,0.2425876010781671,300
GEO_GSE327581_COSMX_AD_BRAIN_EXPANDED,reference_profile,Vascular.endothelial.cells,0.5655737704918032,0.23,0.32701421800947866,300
GEO_GSE327581_COSMX_AD_BRAIN_EXPANDED,reference_profile,Vascular.leptomeningeal.cells,0.8,0.2,0.32000000000000006,300
GEO_GSE327581_COSMX_AD_BRAIN_EXPANDED,reference_profile,Vascular.smooth.muscle.cells,0.6068965517241379,0.29333333333333333,0.3955056179775281,300
GEO_GSE328481_GENERIC_H5AD_EXPANDED,learned_permuted_prior,Alveolar,0.4964654703643284,0.7304,0.5911298154742636,2500
GEO_GSE328481_GENERIC_H5AD_EXPANDED,learned_permuted_prior,LA-PCA,0.6083690987124464,0.4536,0.5197066911090743,2500
GEO_GSE328481_GENERIC_H5AD_EXPANDED,learned_permuted_prior,LA-TLS,0.5669024045261669,0.8016,0.6641259320629661,2500
GEO_GSE328481_GENERIC_H5AD_EXPANDED,learned_permuted_prior,LA-myloid-aggregate,0.3819767441860465,0.2628,0.3113744075829384,2500
GEO_GSE328481_GENERIC_H5AD_EXPANDED,learned_permuted_prior,Stroma,0.42778288868445263,0.372,0.3979460847240051,2500
GEO_GSE328481_GENERIC_H5AD_EXPANDED,learned_permuted_prior,Tumor,0.3642188270083785,0.2956,0.3263413557076617,2500
GEO_GSE328481_GENERIC_H5AD_EXPANDED,learned_random_graph,Alveolar,0.49472222222222223,0.7124,0.5839344262295082,2500
GEO_GSE328481_GENERIC_H5AD_EXPANDED,learned_random_graph,LA-PCA,0.5768839103869654,0.4532,0.5076164874551972,2500
GEO_GSE328481_GENERIC_H5AD_EXPANDED,learned_random_graph,LA-TLS,0.5502171552660152,0.8108,0.655562742561449,2500
GEO_GSE328481_GENERIC_H5AD_EXPANDED,learned_random_graph,LA-myloid-aggregate,0.37578419071518193,0.2396,0.29262335124572547,2500
GEO_GSE328481_GENERIC_H5AD_EXPANDED,learned_random_graph,Stroma,0.4117113027689514,0.3628,0.38571124813948543,2500
GEO_GSE328481_GENERIC_H5AD_EXPANDED,learned_random_graph,Tumor,0.3626598465473146,0.2836,0.318294051627385,2500
GEO_GSE328481_GENERIC_H5AD_EXPANDED,marker_context_specific_neighborhood,Alveolar,0.4851182197496523,0.6976,0.5722723543888434,2500
GEO_GSE328481_GENERIC_H5AD_EXPANDED,marker_context_specific_neighborhood,LA-PCA,0.5732866433216608,0.4584,0.5094465436763725,2500
GEO_GSE328481_GENERIC_H5AD_EXPANDED,marker_context_specific_neighborhood,LA-TLS,0.5234975790373113,0.7352,0.6115454999168193,2500
GEO_GSE328481_GENERIC_H5AD_EXPANDED,marker_context_specific_neighborhood,LA-myloid-aggregate,0.35491753207086135,0.2324,0.28087986463620984,2500
GEO_GSE328481_GENERIC_H5AD_EXPANDED,marker_context_specific_neighborhood,Stroma,0.39594594594594595,0.3516,0.37245762711864416,2500
GEO_GSE328481_GENERIC_H5AD_EXPANDED,marker_context_specific_neighborhood,Tumor,0.34592737978410204,0.282,0.31070956368444247,2500
GEO_GSE328481_GENERIC_H5AD_EXPANDED,marker_learned_neighborhood,Alveolar,0.4950576606260296,0.7212,0.5871051774666233,2500
GEO_GSE328481_GENERIC_H5AD_EXPANDED,marker_learned_neighborhood,LA-PCA,0.5974346324617662,0.4844,0.5350121493262646,2500
GEO_GSE328481_GENERIC_H5AD_EXPANDED,marker_learned_neighborhood,LA-TLS,0.5551811288963774,0.7908,0.6523675961062532,2500
GEO_GSE328481_GENERIC_H5AD_EXPANDED,marker_learned_neighborhood,LA-myloid-aggregate,0.37917981072555207,0.2404,0.2942472460220318,2500
GEO_GSE328481_GENERIC_H5AD_EXPANDED,marker_learned_neighborhood,Stroma,0.4217902350813743,0.3732,0.3960101867572156,2500
GEO_GSE328481_GENERIC_H5AD_EXPANDED,marker_learned_neighborhood,Tumor,0.366953877344146,0.2896,0.3237200983679857,2500
GEO_GSE328481_GENERIC_H5AD_EXPANDED,marker_only,Alveolar,0.48588654425870104,0.7092,0.5766791348186697,2500
GEO_GSE328481_GENERIC_H5AD_EXPANDED,marker_only,LA-PCA,0.5575447570332481,0.436,0.48933782267115605,2500
GEO_GSE328481_GENERIC_H5AD_EXPANDED,marker_only,LA-TLS,0.5114209433402551,0.6896,0.5872934764094703,2500
GEO_GSE328481_GENERIC_H5AD_EXPANDED,marker_only,LA-myloid-aggregate,0.35648994515539306,0.234,0.2825404491668679,2500
GEO_GSE328481_GENERIC_H5AD_EXPANDED,marker_only,Stroma,0.3842239185750636,0.3624,0.37299300123507617,2500
GEO_GSE328481_GENERIC_H5AD_EXPANDED,marker_only,Tumor,0.3489634748272458,0.2828,0.312417145382236,2500
GEO_GSE328481_GENERIC_H5AD_EXPANDED,marker_reference_profile,Alveolar,0.43840330350997936,0.7644,0.557224085143607,2500
GEO_GSE328481_GENERIC_H5AD_EXPANDED,marker_reference_profile,LA-PCA,0.4958256029684601,0.4276,0.45919243986254293,2500
GEO_GSE328481_GENERIC_H5AD_EXPANDED,marker_reference_profile,LA-TLS,0.6044458973520759,0.7396,0.6652275589134736,2500
GEO_GSE328481_GENERIC_H5AD_EXPANDED,marker_reference_profile,LA-myloid-aggregate,0.34713855421686746,0.1844,0.24085684430512017,2500
GEO_GSE328481_GENERIC_H5AD_EXPANDED,marker_reference_profile,Stroma,0.3805350553505535,0.33,0.3534704370179949,2500
GEO_GSE328481_GENERIC_H5AD_EXPANDED,marker_reference_profile,Tumor,0.3761658031088083,0.2904,0.32776523702031607,2500
GEO_GSE328481_GENERIC_H5AD_EXPANDED,reference_profile,Alveolar,0.3272696361781707,0.77,0.4593175853018373,2500
GEO_GSE328481_GENERIC_H5AD_EXPANDED,reference_profile,LA-PCA,0.37617021276595747,0.1768,0.24054421768707482,2500
GEO_GSE328481_GENERIC_H5AD_EXPANDED,reference_profile,LA-TLS,0.5289017341040463,0.732,0.6140939597315437,2500
GEO_GSE328481_GENERIC_H5AD_EXPANDED,reference_profile,LA-myloid-aggregate,0.32843936922240347,0.2416,0.27840516247983405,2500
GEO_GSE328481_GENERIC_H5AD_EXPANDED,reference_profile,Stroma,0.37060478199718705,0.2108,0.26874043855175933,2500
GEO_GSE328481_GENERIC_H5AD_EXPANDED,reference_profile,Tumor,0.37643207855973815,0.184,0.24717893605588395,2500
GEO_GSE330849_GENERIC_H5AD_EXPANDED,learned_permuted_prior,0,0.9134615384615384,0.722,0.8065236818588025,2500
GEO_GSE330849_GENERIC_H5AD_EXPANDED,learned_permuted_prior,1,0.6091104955370883,0.7916,0.6884675595755783,2500
GEO_GSE330849_GENERIC_H5AD_EXPANDED,learned_permuted_prior,10,0.9501466275659824,0.2592,0.40729101194217476,2500
GEO_GSE330849_GENERIC_H5AD_EXPANDED,learned_permuted_prior,11,0.7571648690292758,0.9828,0.8553524804177546,2500
GEO_GSE330849_GENERIC_H5AD_EXPANDED,learned_permuted_prior,12,0.8855185909980431,0.724,0.7966549295774649,2500
GEO_GSE330849_GENERIC_H5AD_EXPANDED,learned_permuted_prior,13,0.9049079754601227,0.708,0.7944344703770196,2500
GEO_GSE330849_GENERIC_H5AD_EXPANDED,learned_permuted_prior,14,0.8416107382550335,0.7524,0.7945089757127772,2500
GEO_GSE330849_GENERIC_H5AD_EXPANDED,learned_permuted_prior,15,0.8422630198576245,0.8992,0.869800735151867,2500
GEO_GSE330849_GENERIC_H5AD_EXPANDED,learned_permuted_prior,16,0.8592178770949721,0.9525185796862098,0.9034658312120618,2422
GEO_GSE330849_GENERIC_H5AD_EXPANDED,learned_permuted_prior,17,0.7263843648208469,0.9683022145028224,0.830076307463242,2303
GEO_GSE330849_GENERIC_H5AD_EXPANDED,learned_permuted_prior,18,0.8496630378434422,0.8097826086956522,0.8292436124462433,2024
GEO_GSE330849_GENERIC_H5AD_EXPANDED,learned_permuted_prior,19,0.8699106256206555,0.8729446935724963,0.8714250186520767,2007
GEO_GSE330849_GENERIC_H5AD_EXPANDED,learned_permuted_prior,2,0.7762191048764195,0.4648,0.5814360770577933,2500
GEO_GSE330849_GENERIC_H5AD_EXPANDED,learned_permuted_prior,20,0.7661460531869987,0.9956116291826659,0.8659351145038167,1823
GEO_GSE330849_GENERIC_H5AD_EXPANDED,learned_permuted_prior,21,0.8597464342313788,0.989963503649635,0.9202714164546226,1096
GEO_GSE330849_GENERIC_H5AD_EXPANDED,learned_permuted_prior,22,0.6872005475701575,0.9785575048732943,0.8073984720546845,1026
GEO_GSE330849_GENERIC_H5AD_EXPANDED,learned_permuted_prior,3,0.9572916666666667,0.7352,0.8316742081447963,2500
GEO_GSE330849_GENERIC_H5AD_EXPANDED,learned_permuted_prior,4,0.7660037290242386,0.986,0.8621895767750962,2500
GEO_GSE330849_GENERIC_H5AD_EXPANDED,learned_permuted_prior,5,0.8646010186757216,0.8148,0.8389621087314661,2500
GEO_GSE330849_GENERIC_H5AD_EXPANDED,learned_permuted_prior,6,0.6792517006802721,0.7988,0.7341911764705882,2500
GEO_GSE330849_GENERIC_H5AD_EXPANDED,learned_permuted_prior,7,0.7086981903093987,0.9712,0.8194397570030375,2500
GEO_GSE330849_GENERIC_H5AD_EXPANDED,learned_permuted_prior,8,0.926799758015729,0.6128,0.7377799181314711,2500
GEO_GSE330849_GENERIC_H5AD_EXPANDED,learned_permuted_prior,9,0.6864674868189806,0.7812,0.7307764265668848,2500
GEO_GSE330849_GENERIC_H5AD_EXPANDED,learned_random_graph,0,0.9219311761684643,0.718,0.8072858106588712,2500
GEO_GSE330849_GENERIC_H5AD_EXPANDED,learned_random_graph,1,0.5957825957825957,0.8024,0.6838247826828021,2500
GEO_GSE330849_GENERIC_H5AD_EXPANDED,learned_random_graph,10,0.9368770764119602,0.2256,0.36363636363636365,2500
GEO_GSE330849_GENERIC_H5AD_EXPANDED,learned_random_graph,11,0.7491608178211779,0.982,0.8499221048987364,2500
GEO_GSE330849_GENERIC_H5AD_EXPANDED,learned_random_graph,12,0.8818938605619147,0.678,0.7666214382632294,2500
GEO_GSE330849_GENERIC_H5AD_EXPANDED,learned_random_graph,13,0.927570093457944,0.6352,0.7540360873694207,2500
GEO_GSE330849_GENERIC_H5AD_EXPANDED,learned_random_graph,14,0.8629254829806807,0.7504,0.8027385537013264,2500
GEO_GSE330849_GENERIC_H5AD_EXPANDED,learned_random_graph,15,0.8537044001504325,0.908,0.8800155068811786,2500
GEO_GSE330849_GENERIC_H5AD_EXPANDED,learned_random_graph,16,0.8606311044327574,0.9459124690338563,0.9012588512981904,2422
GEO_GSE330849_GENERIC_H5AD_EXPANDED,learned_random_graph,17,0.7453271028037384,0.9696048632218845,0.8428005284015851,2303
GEO_GSE330849_GENERIC_H5AD_EXPANDED,learned_random_graph,18,0.8098859315589354,0.841897233201581,0.8255813953488373,2024
GEO_GSE330849_GENERIC_H5AD_EXPANDED,learned_random_graph,19,0.8900152052711606,0.8749377179870453,0.8824120603015075,2007
GEO_GSE330849_GENERIC_H5AD_EXPANDED,learned_random_graph,2,0.7682767624020888,0.4708,0.583829365079365,2500
GEO_GSE330849_GENERIC_H5AD_EXPANDED,learned_random_graph,20,0.7273090763694522,0.997805814591333,0.8413506012950972,1823
GEO_GSE330849_GENERIC_H5AD_EXPANDED,learned_random_graph,21,0.8529874213836478,0.989963503649635,0.9163851351351351,1096
GEO_GSE330849_GENERIC_H5AD_EXPANDED,learned_random_graph,22,0.6260869565217392,0.9824561403508771,0.7647951441578149,1026
GEO_GSE330849_GENERIC_H5AD_EXPANDED,learned_random_graph,3,0.9585736759307814,0.7312,0.8295892897662809,2500
GEO_GSE330849_GENERIC_H5AD_EXPANDED,learned_random_graph,4,0.7786211258697027,0.9848,0.8696573648887319,2500
GEO_GSE330849_GENERIC_H5AD_EXPANDED,learned_random_graph,5,0.8822757111597375,0.8064,0.8426332288401255,2500
GEO_GSE330849_GENERIC_H5AD_EXPANDED,learned_random_graph,6,0.7078493488208377,0.8044,0.7530425014042315,2500
GEO_GSE330849_GENERIC_H5AD_EXPANDED,learned_random_graph,7,0.6833099579242636,0.9744,0.803297609233306,2500
GEO_GSE330849_GENERIC_H5AD_EXPANDED,learned_random_graph,8,0.9037932930181418,0.6576,0.7612873350312572,2500
GEO_GSE330849_GENERIC_H5AD_EXPANDED,learned_random_graph,9,0.6966571834992887,0.7836,0.7375753012048193,2500
GEO_GSE330849_GENERIC_H5AD_EXPANDED,marker_context_specific_neighborhood,0,0.9004024144869215,0.716,0.7976827094474152,2500
GEO_GSE330849_GENERIC_H5AD_EXPANDED,marker_context_specific_neighborhood,1,0.5834298957126304,0.8056,0.676747311827957,2500
GEO_GSE330849_GENERIC_H5AD_EXPANDED,marker_context_specific_neighborhood,10,0.9308270676691729,0.2476,0.39115323854660344,2500
GEO_GSE330849_GENERIC_H5AD_EXPANDED,marker_context_specific_neighborhood,11,0.7579696688331786,0.9796,0.8546501483161751,2500
GEO_GSE330849_GENERIC_H5AD_EXPANDED,marker_context_specific_neighborhood,12,0.8850156087408949,0.6804,0.7693351424694709,2500
GEO_GSE330849_GENERIC_H5AD_EXPANDED,marker_context_specific_neighborhood,13,0.921264367816092,0.6412,0.756132075471698,2500
GEO_GSE330849_GENERIC_H5AD_EXPANDED,marker_context_specific_neighborhood,14,0.8617407071622847,0.7604,0.8079048023799404,2500
GEO_GSE330849_GENERIC_H5AD_EXPANDED,marker_context_specific_neighborhood,15,0.8562829194883371,0.9104,0.8825126017836371,2500
GEO_GSE330849_GENERIC_H5AD_EXPANDED,marker_context_specific_neighborhood,16,0.8605532398635847,0.9376548307184145,0.897451096621221,2422
GEO_GSE330849_GENERIC_H5AD_EXPANDED,marker_context_specific_neighborhood,17,0.771875,0.9652627008250109,0.8578043604090294,2303
GEO_GSE330849_GENERIC_H5AD_EXPANDED,marker_context_specific_neighborhood,18,0.7941176470588235,0.8404150197628458,0.8166106577052329,2024
GEO_GSE330849_GENERIC_H5AD_EXPANDED,marker_context_specific_neighborhood,19,0.905257678292556,0.8664673642252118,0.8854378818737271,2007
GEO_GSE330849_GENERIC_H5AD_EXPANDED,marker_context_specific_neighborhood,2,0.7651612903225806,0.4744,0.585679012345679,2500
GEO_GSE330849_GENERIC_H5AD_EXPANDED,marker_context_specific_neighborhood,20,0.6846066992849078,0.997805814591333,0.8120535714285714,1823
GEO_GSE330849_GENERIC_H5AD_EXPANDED,marker_context_specific_neighborhood,21,0.8510971786833855,0.9908759124087592,0.9156829679595277,1096
GEO_GSE330849_GENERIC_H5AD_EXPANDED,marker_context_specific_neighborhood,22,0.6566579634464752,0.9805068226120858,0.7865519937451134,1026
GEO_GSE330849_GENERIC_H5AD_EXPANDED,marker_context_specific_neighborhood,3,0.9458907605921388,0.7412,0.8311280556178515,2500
GEO_GSE330849_GENERIC_H5AD_EXPANDED,marker_context_specific_neighborhood,4,0.7888995829323067,0.9836,0.8755563468043439,2500
GEO_GSE330849_GENERIC_H5AD_EXPANDED,marker_context_specific_neighborhood,5,0.8888382687927107,0.7804,0.8310969116080936,2500
GEO_GSE330849_GENERIC_H5AD_EXPANDED,marker_context_specific_neighborhood,6,0.7106265143648322,0.8212,0.7619224345889777,2500
GEO_GSE330849_GENERIC_H5AD_EXPANDED,marker_context_specific_neighborhood,7,0.6864121280179675,0.978,0.8066644671725504,2500
GEO_GSE330849_GENERIC_H5AD_EXPANDED,marker_context_specific_neighborhood,8,0.9147109330280481,0.6392,0.7525311984930539,2500
GEO_GSE330849_GENERIC_H5AD_EXPANDED,marker_context_specific_neighborhood,9,0.6963577353047241,0.7724,0.7324103925659017,2500
GEO_GSE330849_GENERIC_H5AD_EXPANDED,marker_learned_neighborhood,0,0.9157678479712378,0.7132,0.8018889138745221,2500
GEO_GSE330849_GENERIC_H5AD_EXPANDED,marker_learned_neighborhood,1,0.591903073286052,0.8012,0.6808293677770225,2500
GEO_GSE330849_GENERIC_H5AD_EXPANDED,marker_learned_neighborhood,10,0.9333333333333333,0.2352,0.37571884984025555,2500
GEO_GSE330849_GENERIC_H5AD_EXPANDED,marker_learned_neighborhood,11,0.7477231329690346,0.9852,0.8501898515705903,2500
GEO_GSE330849_GENERIC_H5AD_EXPANDED,marker_learned_neighborhood,12,0.8707893413775767,0.6928,0.7716640677210959,2500
GEO_GSE330849_GENERIC_H5AD_EXPANDED,marker_learned_neighborhood,13,0.9258194364577343,0.644,0.7596131163010145,2500
GEO_GSE330849_GENERIC_H5AD_EXPANDED,marker_learned_neighborhood,14,0.8647276084949215,0.7492,0.8028289755679382,2500
GEO_GSE330849_GENERIC_H5AD_EXPANDED,marker_learned_neighborhood,15,0.8600823045267489,0.9196,0.8888459307945099,2500
GEO_GSE330849_GENERIC_H5AD_EXPANDED,marker_learned_neighborhood,16,0.860707635009311,0.9541701073492981,0.9050323085960447,2422
GEO_GSE330849_GENERIC_H5AD_EXPANDED,marker_learned_neighborhood,17,0.7624065261726717,0.9739470256187581,0.8552907530981888,2303
GEO_GSE330849_GENERIC_H5AD_EXPANDED,marker_learned_neighborhood,18,0.7969821673525377,0.8611660079051383,0.827831868914747,2024
GEO_GSE330849_GENERIC_H5AD_EXPANDED,marker_learned_neighborhood,19,0.9023883696780893,0.8659691081215745,0.8838037121789982,2007
GEO_GSE330849_GENERIC_H5AD_EXPANDED,marker_learned_neighborhood,2,0.7901554404145078,0.488,0.6033630069238378,2500
GEO_GSE330849_GENERIC_H5AD_EXPANDED,marker_learned_neighborhood,20,0.6918980600988969,0.997805814591333,0.8171608265947888,1823
GEO_GSE330849_GENERIC_H5AD_EXPANDED,marker_learned_neighborhood,21,0.8533333333333334,0.9927007299270073,0.9177562210037958,1096
GEO_GSE330849_GENERIC_H5AD_EXPANDED,marker_learned_neighborhood,22,0.6396453451551615,0.9844054580896686,0.7754318618042226,1026
GEO_GSE330849_GENERIC_H5AD_EXPANDED,marker_learned_neighborhood,3,0.9587301587301588,0.7248,0.8255125284738041,2500
GEO_GSE330849_GENERIC_H5AD_EXPANDED,marker_learned_neighborhood,4,0.7745682888540032,0.9868,0.8678979771328057,2500
GEO_GSE330849_GENERIC_H5AD_EXPANDED,marker_learned_neighborhood,5,0.8867328519855595,0.786,0.8333333333333333,2500
GEO_GSE330849_GENERIC_H5AD_EXPANDED,marker_learned_neighborhood,6,0.7440828402366864,0.8048,0.7732513451191391,2500
GEO_GSE330849_GENERIC_H5AD_EXPANDED,marker_learned_neighborhood,7,0.6804783092324805,0.9788,0.8028215223097113,2500
GEO_GSE330849_GENERIC_H5AD_EXPANDED,marker_learned_neighborhood,8,0.9143337066069429,0.6532,0.7620158656089595,2500
GEO_GSE330849_GENERIC_H5AD_EXPANDED,marker_learned_neighborhood,9,0.7020109689213894,0.768,0.7335243553008596,2500
GEO_GSE330849_GENERIC_H5AD_EXPANDED,marker_only,0,0.9178154825026511,0.6924,0.789329685362517,2500
GEO_GSE330849_GENERIC_H5AD_EXPANDED,marker_only,1,0.5977636748262315,0.7912,0.6810122224134963,2500
GEO_GSE330849_GENERIC_H5AD_EXPANDED,marker_only,10,0.9340490797546013,0.2436,0.3864213197969543,2500
GEO_GSE330849_GENERIC_H5AD_EXPANDED,marker_only,11,0.7514592933947772,0.9784,0.8500434404865335,2500
GEO_GSE330849_GENERIC_H5AD_EXPANDED,marker_only,12,0.8934383202099737,0.6808,0.7727582292849035,2500
GEO_GSE330849_GENERIC_H5AD_EXPANDED,marker_only,13,0.92894280762565,0.6432,0.7601039943275822,2500
GEO_GSE330849_GENERIC_H5AD_EXPANDED,marker_only,14,0.856549815498155,0.7428,0.795629820051414,2500
GEO_GSE330849_GENERIC_H5AD_EXPANDED,marker_only,15,0.8442684766214178,0.8956,0.8691770186335404,2500
GEO_GSE330849_GENERIC_H5AD_EXPANDED,marker_only,16,0.8598922247882987,0.9223781998348473,0.8900398406374503,2422
GEO_GSE330849_GENERIC_H5AD_EXPANDED,marker_only,17,0.7545299145299146,0.958315240990013,0.8442999234889059,2303
GEO_GSE330849_GENERIC_H5AD_EXPANDED,marker_only,18,0.8323323323323323,0.8216403162055336,0.8269517652909,2024
GEO_GSE330849_GENERIC_H5AD_EXPANDED,marker_only,19,0.8748173404773503,0.8948679621325362,0.8847290640394089,2007
GEO_GSE330849_GENERIC_H5AD_EXPANDED,marker_only,2,0.760914760914761,0.4392,0.5569363428861274,2500
GEO_GSE330849_GENERIC_H5AD_EXPANDED,marker_only,20,0.7534303534303535,0.9939659901261657,0.8571428571428572,1823
GEO_GSE330849_GENERIC_H5AD_EXPANDED,marker_only,21,0.8439215686274509,0.9817518248175182,0.9076339097427245,1096
GEO_GSE330849_GENERIC_H5AD_EXPANDED,marker_only,22,0.6736204576043069,0.9756335282651072,0.7969745222929937,1026
GEO_GSE330849_GENERIC_H5AD_EXPANDED,marker_only,3,0.954228855721393,0.7672,0.8505543237250554,2500
GEO_GSE330849_GENERIC_H5AD_EXPANDED,marker_only,4,0.780743565300286,0.9828,0.8701965645475473,2500
GEO_GSE330849_GENERIC_H5AD_EXPANDED,marker_only,5,0.8666947014297729,0.8244,0.8450184501845017,2500
GEO_GSE330849_GENERIC_H5AD_EXPANDED,marker_only,6,0.651875,0.8344,0.7319298245614035,2500
GEO_GSE330849_GENERIC_H5AD_EXPANDED,marker_only,7,0.6914772727272728,0.9736,0.8086378737541527,2500
GEO_GSE330849_GENERIC_H5AD_EXPANDED,marker_only,8,0.9181494661921709,0.6192,0.7396082178690874,2500
GEO_GSE330849_GENERIC_H5AD_EXPANDED,marker_only,9,0.6628022524014574,0.8004,0.7251313643776046,2500
GEO_GSE330849_GENERIC_H5AD_EXPANDED,marker_reference_profile,0,0.9335394126738794,0.7248,0.8160324251294754,2500
GEO_GSE330849_GENERIC_H5AD_EXPANDED,marker_reference_profile,1,0.6641269841269841,0.8368,0.7405309734513275,2500
GEO_GSE330849_GENERIC_H5AD_EXPANDED,marker_reference_profile,10,0.9665327978580991,0.2888,0.4447182014166923,2500
GEO_GSE330849_GENERIC_H5AD_EXPANDED,marker_reference_profile,11,0.721830985915493,0.984,0.8327691266079892,2500
GEO_GSE330849_GENERIC_H5AD_EXPANDED,marker_reference_profile,12,0.9180428134556575,0.6004,0.7259975816203145,2500
GEO_GSE330849_GENERIC_H5AD_EXPANDED,marker_reference_profile,13,0.9120879120879121,0.664,0.7685185185185185,2500
GEO_GSE330849_GENERIC_H5AD_EXPANDED,marker_reference_profile,14,0.891644908616188,0.8196,0.8541058774489371,2500
GEO_GSE330849_GENERIC_H5AD_EXPANDED,marker_reference_profile,15,0.8444772811230145,0.9144,0.8780487804878049,2500
GEO_GSE330849_GENERIC_H5AD_EXPANDED,marker_reference_profile,16,0.8217567070929805,0.9232039636663915,0.8695314019055027,2422
GEO_GSE330849_GENERIC_H5AD_EXPANDED,marker_reference_profile,17,0.7923458540042523,0.9709075119409466,0.8725853658536585,2303
GEO_GSE330849_GENERIC_H5AD_EXPANDED,marker_reference_profile,18,0.8648233486943164,0.8344861660079052,0.8493839577571033,2024
GEO_GSE330849_GENERIC_H5AD_EXPANDED,marker_reference_profile,19,0.8777292576419214,0.9013452914798207,0.8893805309734514,2007
GEO_GSE330849_GENERIC_H5AD_EXPANDED,marker_reference_profile,2,0.8609625668449198,0.1932,0.31558314276380267,2500
GEO_GSE330849_GENERIC_H5AD_EXPANDED,marker_reference_profile,20,0.7384240454914703,0.9972572682391662,0.8485414235705949,1823
GEO_GSE330849_GENERIC_H5AD_EXPANDED,marker_reference_profile,21,0.8112927191679049,0.9963503649635036,0.8943488943488943,1096
GEO_GSE330849_GENERIC_H5AD_EXPANDED,marker_reference_profile,22,0.7032348804500703,0.9746588693957114,0.8169934640522876,1026
GEO_GSE330849_GENERIC_H5AD_EXPANDED,marker_reference_profile,3,0.9226215644820296,0.8728,0.8970195272353545,2500
GEO_GSE330849_GENERIC_H5AD_EXPANDED,marker_reference_profile,4,0.857898448519041,0.9732,0.9119190404797601,2500
GEO_GSE330849_GENERIC_H5AD_EXPANDED,marker_reference_profile,5,0.882679180887372,0.8276,0.8542526837324524,2500
GEO_GSE330849_GENERIC_H5AD_EXPANDED,marker_reference_profile,6,0.5742217648572163,0.8928,0.6989196806012212,2500
GEO_GSE330849_GENERIC_H5AD_EXPANDED,marker_reference_profile,7,0.6413811143081349,0.9808,0.7755812114502609,2500
GEO_GSE330849_GENERIC_H5AD_EXPANDED,marker_reference_profile,8,0.960098219766728,0.6256,0.7575684185032695,2500
GEO_GSE330849_GENERIC_H5AD_EXPANDED,marker_reference_profile,9,0.7423090843286283,0.8204,0.779403382101463,2500
GEO_GSE330849_GENERIC_H5AD_EXPANDED,reference_profile,0,0.9272924579489962,0.6836,0.7870135850794381,2500
GEO_GSE330849_GENERIC_H5AD_EXPANDED,reference_profile,1,0.7088135593220339,0.8364,0.7673394495412844,2500
GEO_GSE330849_GENERIC_H5AD_EXPANDED,reference_profile,10,0.982620320855615,0.294,0.45258620689655166,2500
GEO_GSE330849_GENERIC_H5AD_EXPANDED,reference_profile,11,0.681680022105554,0.9868,0.8063409053766954,2500
GEO_GSE330849_GENERIC_H5AD_EXPANDED,reference_profile,12,0.9231987331749802,0.4664,0.6197183098591549,2500
GEO_GSE330849_GENERIC_H5AD_EXPANDED,reference_profile,13,0.8920454545454546,0.628,0.7370892018779343,2500
GEO_GSE330849_GENERIC_H5AD_EXPANDED,reference_profile,14,0.8952221290863369,0.8544,0.8743348342202211,2500
GEO_GSE330849_GENERIC_H5AD_EXPANDED,reference_profile,15,0.8183434056167792,0.9208,0.8665537361189535,2500
GEO_GSE330849_GENERIC_H5AD_EXPANDED,reference_profile,16,0.763283378746594,0.9252683732452519,0.8365061590145576,2422
GEO_GSE330849_GENERIC_H5AD_EXPANDED,reference_profile,17,0.8143911439114391,0.958315240990013,0.8805106722521445,2303
GEO_GSE330849_GENERIC_H5AD_EXPANDED,reference_profile,18,0.9084269662921348,0.7989130434782609,0.8501577287066245,2024
GEO_GSE330849_GENERIC_H5AD_EXPANDED,reference_profile,19,0.8957178841309824,0.8858993522670653,0.8907815631262526,2007
GEO_GSE330849_GENERIC_H5AD_EXPANDED,reference_profile,2,0.9154228855721394,0.0736,0.13624583487597186,2500
GEO_GSE330849_GENERIC_H5AD_EXPANDED,reference_profile,20,0.7117117117117117,0.9967087218869994,0.8304387568555759,1823
GEO_GSE330849_GENERIC_H5AD_EXPANDED,reference_profile,21,0.7097402597402598,0.9972627737226277,0.8292867981790591,1096
GEO_GSE330849_GENERIC_H5AD_EXPANDED,reference_profile,22,0.6820054945054945,0.9678362573099415,0.8001611603545529,1026
GEO_GSE330849_GENERIC_H5AD_EXPANDED,reference_profile,3,0.8720181749337372,0.9212,0.8959346430655515,2500
GEO_GSE330849_GENERIC_H5AD_EXPANDED,reference_profile,4,0.8879245283018868,0.9412,0.9137864077669904,2500
GEO_GSE330849_GENERIC_H5AD_EXPANDED,reference_profile,5,0.9127305443094916,0.8116,0.8591996612322675,2500
GEO_GSE330849_GENERIC_H5AD_EXPANDED,reference_profile,6,0.5314553990610329,0.9056,0.6698224852071006,2500
GEO_GSE330849_GENERIC_H5AD_EXPANDED,reference_profile,7,0.5733021077283372,0.9792,0.7231905465288035,2500
GEO_GSE330849_GENERIC_H5AD_EXPANDED,reference_profile,8,0.9843643779741672,0.5792,0.7292873331654496,2500
GEO_GSE330849_GENERIC_H5AD_EXPANDED,reference_profile,9,0.7729852440408627,0.8172,0.7944779311685788,2500
GEO_GSE333479_H5AD_SIDECAR_EXPANDED,learned_permuted_prior,B cell,0.6868475991649269,0.1316,0.22087948976166497,2500
GEO_GSE333479_H5AD_SIDECAR_EXPANDED,learned_permuted_prior,DN3 thymocyte,0.25146198830409355,0.3056872037914692,0.27593582887700535,844
GEO_GSE333479_H5AD_SIDECAR_EXPANDED,learned_permuted_prior,DN4 thymocyte,0.4258658008658009,0.3148,0.36200551977920886,2500
GEO_GSE333479_H5AD_SIDECAR_EXPANDED,learned_permuted_prior,T cell,0.1196236559139785,0.08025247971145176,0.0960604425256341,1109
GEO_GSE333479_H5AD_SIDECAR_EXPANDED,learned_permuted_prior,double negative T cell,0.3758354755784062,0.3825222396650968,0.3791493775933609,1911
GEO_GSE333479_H5AD_SIDECAR_EXPANDED,learned_permuted_prior,erythroblast,0.5119770041520281,0.6412,0.5693482507547505,2500
GEO_GSE333479_H5AD_SIDECAR_EXPANDED,learned_permuted_prior,immature T cell,0.44545454545454544,0.294,0.3542168674698795,2500
GEO_GSE333479_H5AD_SIDECAR_EXPANDED,learned_permuted_prior,macrophage,0.15864022662889518,0.2413793103448276,0.19145299145299144,232
GEO_GSE333479_H5AD_SIDECAR_EXPANDED,learned_permuted_prior,macrophage dendritic cell progenitor,0.024469820554649267,0.3614457831325301,0.04583651642475172,83
GEO_GSE333479_H5AD_SIDECAR_EXPANDED,learned_permuted_prior,mature NK T cell,0.25301620130989316,0.6746323529411765,0.3680120330910003,1088
GEO_GSE333479_H5AD_SIDECAR_EXPANDED,learned_permuted_prior,megakaryocyte-erythroid progenitor cell,0.11824817518248175,0.7570093457943925,0.20454545454545453,107
GEO_GSE333479_H5AD_SIDECAR_EXPANDED,learned_permuted_prior,plasma cell,0.11265164644714037,0.8783783783783784,0.1996927803379416,74
GEO_GSE333479_H5AD_SIDECAR_EXPANDED,learned_permuted_prior,professional antigen presenting cell,0.3921146953405018,0.2188,0.28087291399229786,2500
GEO_GSE333479_H5AD_SIDECAR_EXPANDED,learned_permuted_prior,thymocyte,0.6016881028938906,0.5988,0.6002405773857257,2500
GEO_GSE333479_H5AD_SIDECAR_EXPANDED,learned_random_graph,B cell,0.7688787185354691,0.1344,0.22880490296220635,2500
GEO_GSE333479_H5AD_SIDECAR_EXPANDED,learned_random_graph,DN3 thymocyte,0.2618577075098814,0.31398104265402843,0.28556034482758624,844
GEO_GSE333479_H5AD_SIDECAR_EXPANDED,learned_random_graph,DN4 thymocyte,0.4174503657262278,0.3196,0.3620299048482103,2500
GEO_GSE333479_H5AD_SIDECAR_EXPANDED,learned_random_graph,T cell,0.09392265193370165,0.1073038773669973,0.10016835016835017,1109
GEO_GSE333479_H5AD_SIDECAR_EXPANDED,learned_random_graph,double negative T cell,0.4389114070642733,0.39665096807953953,0.4167124793842771,1911
GEO_GSE333479_H5AD_SIDECAR_EXPANDED,learned_random_graph,erythroblast,0.4896483733158068,0.596,0.5376150099224247,2500
GEO_GSE333479_H5AD_SIDECAR_EXPANDED,learned_random_graph,immature T cell,0.3973717146433041,0.254,0.3099072718399219,2500
GEO_GSE333479_H5AD_SIDECAR_EXPANDED,learned_random_graph,macrophage,0.16193181818181818,0.24568965517241378,0.1952054794520548,232
GEO_GSE333479_H5AD_SIDECAR_EXPANDED,learned_random_graph,macrophage dendritic cell progenitor,0.02857142857142857,0.39759036144578314,0.05331179321486267,83
GEO_GSE333479_H5AD_SIDECAR_EXPANDED,learned_random_graph,mature NK T cell,0.26427469135802467,0.6295955882352942,0.37228260869565216,1088
GEO_GSE333479_H5AD_SIDECAR_EXPANDED,learned_random_graph,megakaryocyte-erythroid progenitor cell,0.09472422062350119,0.7383177570093458,0.16790648246546225,107
GEO_GSE333479_H5AD_SIDECAR_EXPANDED,learned_random_graph,plasma cell,0.11518324607329843,0.8918918918918919,0.20401854714064913,74
GEO_GSE333479_H5AD_SIDECAR_EXPANDED,learned_random_graph,professional antigen presenting cell,0.3741598207617625,0.2004,0.26100547017452463,2500
GEO_GSE333479_H5AD_SIDECAR_EXPANDED,learned_random_graph,thymocyte,0.580806142034549,0.6052,0.5927522037218412,2500
GEO_GSE333479_H5AD_SIDECAR_EXPANDED,marker_context_specific_neighborhood,B cell,0.7479674796747967,0.1472,0.2459893048128342,2500
GEO_GSE333479_H5AD_SIDECAR_EXPANDED,marker_context_specific_neighborhood,DN3 thymocyte,0.25658536585365854,0.31161137440758296,0.28143392188336,844
GEO_GSE333479_H5AD_SIDECAR_EXPANDED,marker_context_specific_neighborhood,DN4 thymocyte,0.40930979133226325,0.306,0.3501945525291829,2500
GEO_GSE333479_H5AD_SIDECAR_EXPANDED,marker_context_specific_neighborhood,T cell,0.09168241965973535,0.08746618575293057,0.08952468850946008,1109
GEO_GSE333479_H5AD_SIDECAR_EXPANDED,marker_context_specific_neighborhood,double negative T cell,0.4084199015855659,0.39089481946624804,0.3994652406417113,1911
GEO_GSE333479_H5AD_SIDECAR_EXPANDED,marker_context_specific_neighborhood,erythroblast,0.4767037552155772,0.5484,0.5100446428571428,2500
GEO_GSE333479_H5AD_SIDECAR_EXPANDED,marker_context_specific_neighborhood,immature T cell,0.3808641975308642,0.2468,0.2995145631067961,2500
GEO_GSE333479_H5AD_SIDECAR_EXPANDED,marker_context_specific_neighborhood,macrophage,0.17065868263473055,0.24568965517241378,0.20141342756183747,232
GEO_GSE333479_H5AD_SIDECAR_EXPANDED,marker_context_specific_neighborhood,macrophage dendritic cell progenitor,0.02537182852143482,0.3493975903614458,0.04730831973898858,83
GEO_GSE333479_H5AD_SIDECAR_EXPANDED,marker_context_specific_neighborhood,mature NK T cell,0.26504245108896274,0.6599264705882353,0.378193310508296,1088
GEO_GSE333479_H5AD_SIDECAR_EXPANDED,marker_context_specific_neighborhood,megakaryocyte-erythroid progenitor cell,0.09080325960419092,0.7289719626168224,0.16149068322981366,107
GEO_GSE333479_H5AD_SIDECAR_EXPANDED,marker_context_specific_neighborhood,plasma cell,0.1134020618556701,0.8918918918918919,0.20121951219512194,74
GEO_GSE333479_H5AD_SIDECAR_EXPANDED,marker_context_specific_neighborhood,professional antigen presenting cell,0.40878378378378377,0.1936,0.26275787187839306,2500
GEO_GSE333479_H5AD_SIDECAR_EXPANDED,marker_context_specific_neighborhood,thymocyte,0.5707810320781032,0.6548,0.6099105812220565,2500
GEO_GSE333479_H5AD_SIDECAR_EXPANDED,marker_learned_neighborhood,B cell,0.7688679245283019,0.1304,0.22298221614227084,2500
GEO_GSE333479_H5AD_SIDECAR_EXPANDED,marker_learned_neighborhood,DN3 thymocyte,0.26147704590818366,0.3104265402843602,0.28385698808234017,844
GEO_GSE333479_H5AD_SIDECAR_EXPANDED,marker_learned_neighborhood,DN4 thymocyte,0.4014251781472684,0.338,0.36699239956568946,2500
GEO_GSE333479_H5AD_SIDECAR_EXPANDED,marker_learned_neighborhood,T cell,0.0951683748169839,0.11722272317403065,0.10505050505050506,1109
GEO_GSE333479_H5AD_SIDECAR_EXPANDED,marker_learned_neighborhood,double negative T cell,0.4072164948453608,0.37205651491365777,0.38884331419196067,1911
GEO_GSE333479_H5AD_SIDECAR_EXPANDED,marker_learned_neighborhood,erythroblast,0.4802947773149632,0.5996,0.5333570539049992,2500
GEO_GSE333479_H5AD_SIDECAR_EXPANDED,marker_learned_neighborhood,immature T cell,0.39741935483870966,0.2464,0.30419753086419754,2500
GEO_GSE333479_H5AD_SIDECAR_EXPANDED,marker_learned_neighborhood,macrophage,0.17002881844380405,0.2543103448275862,0.20379965457685667,232
GEO_GSE333479_H5AD_SIDECAR_EXPANDED,marker_learned_neighborhood,macrophage dendritic cell progenitor,0.026717557251908396,0.3373493975903614,0.04951370468611847,83
GEO_GSE333479_H5AD_SIDECAR_EXPANDED,marker_learned_neighborhood,mature NK T cell,0.26046901172529313,0.5716911764705882,0.3578826237054085,1088
GEO_GSE333479_H5AD_SIDECAR_EXPANDED,marker_learned_neighborhood,megakaryocyte-erythroid progenitor cell,0.09900990099009901,0.7476635514018691,0.1748633879781421,107
GEO_GSE333479_H5AD_SIDECAR_EXPANDED,marker_learned_neighborhood,plasma cell,0.11449016100178891,0.8648648648648649,0.20221169036334916,74
GEO_GSE333479_H5AD_SIDECAR_EXPANDED,marker_learned_neighborhood,professional antigen presenting cell,0.3919259882253995,0.1864,0.2526429926809433,2500
GEO_GSE333479_H5AD_SIDECAR_EXPANDED,marker_learned_neighborhood,thymocyte,0.579964221824687,0.6484,0.612275731822474,2500
GEO_GSE333479_H5AD_SIDECAR_EXPANDED,marker_only,B cell,0.7645739910313901,0.1364,0.23150033944331297,2500
GEO_GSE333479_H5AD_SIDECAR_EXPANDED,marker_only,DN3 thymocyte,0.2561094819159335,0.3104265402843602,0.2806641671130155,844
GEO_GSE333479_H5AD_SIDECAR_EXPANDED,marker_only,DN4 thymocyte,0.41783783783783784,0.3092,0.3554022988505747,2500
GEO_GSE333479_H5AD_SIDECAR_EXPANDED,marker_only,T cell,0.09704251386321626,0.09467989179440937,0.09584664536741212,1109
GEO_GSE333479_H5AD_SIDECAR_EXPANDED,marker_only,double negative T cell,0.392548596112311,0.380429094714809,0.38639383470635136,1911
GEO_GSE333479_H5AD_SIDECAR_EXPANDED,marker_only,erythroblast,0.46717005909389364,0.5692,0.5131626397403535,2500
GEO_GSE333479_H5AD_SIDECAR_EXPANDED,marker_only,immature T cell,0.39801611903285805,0.2568,0.312180889861415,2500
GEO_GSE333479_H5AD_SIDECAR_EXPANDED,marker_only,macrophage,0.1681159420289855,0.25,0.20103986135181975,232
GEO_GSE333479_H5AD_SIDECAR_EXPANDED,marker_only,macrophage dendritic cell progenitor,0.025385312783318223,0.3373493975903614,0.047217537942664416,83
GEO_GSE333479_H5AD_SIDECAR_EXPANDED,marker_only,mature NK T cell,0.2674990541051835,0.6498161764705882,0.3789868667917448,1088
GEO_GSE333479_H5AD_SIDECAR_EXPANDED,marker_only,megakaryocyte-erythroid progenitor cell,0.09552599758162031,0.7383177570093458,0.1691648822269807,107
GEO_GSE333479_H5AD_SIDECAR_EXPANDED,marker_only,plasma cell,0.11055276381909548,0.8918918918918919,0.19672131147540983,74
GEO_GSE333479_H5AD_SIDECAR_EXPANDED,marker_only,professional antigen presenting cell,0.3996983408748115,0.212,0.2770517511761631,2500
GEO_GSE333479_H5AD_SIDECAR_EXPANDED,marker_only,thymocyte,0.5825602968460112,0.628,0.6044273339749759,2500
GEO_GSE333479_H5AD_SIDECAR_EXPANDED,marker_reference_profile,B cell,0.9406060606060606,0.3104,0.46676691729323316,2500
GEO_GSE333479_H5AD_SIDECAR_EXPANDED,marker_reference_profile,DN3 thymocyte,0.2760849492151431,0.3542654028436019,0.31032693305656456,844
GEO_GSE333479_H5AD_SIDECAR_EXPANDED,marker_reference_profile,DN4 thymocyte,0.5139385275196569,0.2876,0.3688125160297512,2500
GEO_GSE333479_H5AD_SIDECAR_EXPANDED,marker_reference_profile,T cell,0.13513513513513514,0.1623083859332732,0.1474805407619828,1109
GEO_GSE333479_H5AD_SIDECAR_EXPANDED,marker_reference_profile,double negative T cell,0.408207343412527,0.3956043956043956,0.40180706882806266,1911
GEO_GSE333479_H5AD_SIDECAR_EXPANDED,marker_reference_profile,erythroblast,0.3082110273700912,0.3108,0.3095000995817566,2500
GEO_GSE333479_H5AD_SIDECAR_EXPANDED,marker_reference_profile,immature T cell,0.333920704845815,0.1516,0.20852819807427786,2500
GEO_GSE333479_H5AD_SIDECAR_EXPANDED,marker_reference_profile,macrophage,0.12456140350877193,0.30603448275862066,0.1770573566084788,232
GEO_GSE333479_H5AD_SIDECAR_EXPANDED,marker_reference_profile,macrophage dendritic cell progenitor,0.011506276150627616,0.13253012048192772,0.02117420596727623,83
GEO_GSE333479_H5AD_SIDECAR_EXPANDED,marker_reference_profile,mature NK T cell,0.2989517819706499,0.6553308823529411,0.4105960264900662,1088
GEO_GSE333479_H5AD_SIDECAR_EXPANDED,marker_reference_profile,megakaryocyte-erythroid progenitor cell,0.03945111492281304,0.6448598130841121,0.07435344827586206,107
GEO_GSE333479_H5AD_SIDECAR_EXPANDED,marker_reference_profile,plasma cell,0.15211970074812967,0.8243243243243243,0.25684210526315787,74
GEO_GSE333479_H5AD_SIDECAR_EXPANDED,marker_reference_profile,professional antigen presenting cell,0.4200206398348813,0.1628,0.23464975497261462,2500
GEO_GSE333479_H5AD_SIDECAR_EXPANDED,marker_reference_profile,thymocyte,0.5340874350351574,0.6988,0.6054409980939178,2500
GEO_GSE333479_H5AD_SIDECAR_EXPANDED,reference_profile,B cell,0.41911211437170803,0.6684,0.5151842145830122,2500
GEO_GSE333479_H5AD_SIDECAR_EXPANDED,reference_profile,DN3 thymocyte,0.20553359683794467,0.12322274881516587,0.15407407407407409,844
GEO_GSE333479_H5AD_SIDECAR_EXPANDED,reference_profile,DN4 thymocyte,0.29398359161349136,0.258,0.27481891776736256,2500
GEO_GSE333479_H5AD_SIDECAR_EXPANDED,reference_profile,T cell,0.34764991896272285,0.38683498647430115,0.36619718309859156,1109
GEO_GSE333479_H5AD_SIDECAR_EXPANDED,reference_profile,double negative T cell,0.5776986951364176,0.2548403976975406,0.3536673928830792,1911
GEO_GSE333479_H5AD_SIDECAR_EXPANDED,reference_profile,erythroblast,0.20433639947437582,0.1244,0.15464942814520138,2500
GEO_GSE333479_H5AD_SIDECAR_EXPANDED,reference_profile,immature T cell,0.5165876777251185,0.0872,0.1492128678986995,2500
GEO_GSE333479_H5AD_SIDECAR_EXPANDED,reference_profile,macrophage,0.1466346153846154,0.2629310344827586,0.18827160493827164,232
GEO_GSE333479_H5AD_SIDECAR_EXPANDED,reference_profile,macrophage dendritic cell progenitor,0.0027413950654888823,0.10843373493975904,0.0053475935828877,83
GEO_GSE333479_H5AD_SIDECAR_EXPANDED,reference_profile,mature NK T cell,0.3076923076923077,0.022058823529411766,0.04116638078902231,1088
GEO_GSE333479_H5AD_SIDECAR_EXPANDED,reference_profile,megakaryocyte-erythroid progenitor cell,0.0056406124093473006,0.1308411214953271,0.010814986481266898,107
GEO_GSE333479_H5AD_SIDECAR_EXPANDED,reference_profile,plasma cell,0.01383399209486166,0.0945945945945946,0.024137931034482755,74
GEO_GSE333479_H5AD_SIDECAR_EXPANDED,reference_profile,professional antigen presenting cell,0.47854785478547857,0.058,0.10346057795219407,2500
GEO_GSE333479_H5AD_SIDECAR_EXPANDED,reference_profile,thymocyte,0.3529191616766467,0.3772,0.3646558391337974,2500
GEO_GSE333737_MERSCOPE_PANCREAS_VASCULAR_EXPANDED,learned_permuted_prior,Endothelial Cells,0.9407602956705385,0.7974400286430362,0.8631915512062784,11172
GEO_GSE333737_MERSCOPE_PANCREAS_VASCULAR_EXPANDED,learned_permuted_prior,Fibroblasts,0.7863077434363576,0.7390285803529596,0.7619354319297964,6403
GEO_GSE333737_MERSCOPE_PANCREAS_VASCULAR_EXPANDED,learned_permuted_prior,Islet-associated Fibroblasts,0.33408870184525735,0.5480616038236856,0.415124698310539,1883
GEO_GSE333737_MERSCOPE_PANCREAS_VASCULAR_EXPANDED,learned_permuted_prior,Pericytes,0.6444641275465013,0.7636439966414778,0.6990104717071765,4764
GEO_GSE333737_MERSCOPE_PANCREAS_VASCULAR_EXPANDED,learned_random_graph,Endothelial Cells,0.9406116271787913,0.8066595059076263,0.8685009396231871,11172
GEO_GSE333737_MERSCOPE_PANCREAS_VASCULAR_EXPANDED,learned_random_graph,Fibroblasts,0.7700262639527249,0.7326253318756832,0.750860344137655,6403
GEO_GSE333737_MERSCOPE_PANCREAS_VASCULAR_EXPANDED,learned_random_graph,Islet-associated Fibroblasts,0.33296863603209337,0.48486457780138076,0.3948108108108108,1883
GEO_GSE333737_MERSCOPE_PANCREAS_VASCULAR_EXPANDED,learned_random_graph,Pericytes,0.6375064577234373,0.7770780856423174,0.7004067732475642,4764
GEO_GSE333737_MERSCOPE_PANCREAS_VASCULAR_EXPANDED,marker_context_specific_neighborhood,Endothelial Cells,0.9393045310853531,0.7978875760830648,0.862839996128158,11172
GEO_GSE333737_MERSCOPE_PANCREAS_VASCULAR_EXPANDED,marker_context_specific_neighborhood,Fibroblasts,0.784673325691829,0.7483991878806809,0.766107114308553,6403
GEO_GSE333737_MERSCOPE_PANCREAS_VASCULAR_EXPANDED,marker_context_specific_neighborhood,Islet-associated Fibroblasts,0.34145516074450083,0.5358470525756771,0.4171145101281521,1883
GEO_GSE333737_MERSCOPE_PANCREAS_VASCULAR_EXPANDED,marker_context_specific_neighborhood,Pericytes,0.6444444444444445,0.7670025188916877,0.7004025301897643,4764
GEO_GSE333737_MERSCOPE_PANCREAS_VASCULAR_EXPANDED,marker_learned_neighborhood,Endothelial Cells,0.9412882787750791,0.7978875760830648,0.8636760003875593,11172
GEO_GSE333737_MERSCOPE_PANCREAS_VASCULAR_EXPANDED,marker_learned_neighborhood,Fibroblasts,0.7838635618235487,0.7465250663751366,0.7647388208943284,6403
GEO_GSE333737_MERSCOPE_PANCREAS_VASCULAR_EXPANDED,marker_learned_neighborhood,Islet-associated Fibroblasts,0.33795201081446435,0.5310674455655868,0.4130524576621231,1883
GEO_GSE333737_MERSCOPE_PANCREAS_VASCULAR_EXPANDED,marker_learned_neighborhood,Pericytes,0.6472344161545215,0.7737195633921075,0.7048474997609713,4764
GEO_GSE333737_MERSCOPE_PANCREAS_VASCULAR_EXPANDED,marker_only,Endothelial Cells,0.9379253454320479,0.8141783029001074,0.8716818399616675,11172
GEO_GSE333737_MERSCOPE_PANCREAS_VASCULAR_EXPANDED,marker_only,Fibroblasts,0.7916666666666666,0.7388724035608308,0.7643589950722999,6403
GEO_GSE333737_MERSCOPE_PANCREAS_VASCULAR_EXPANDED,marker_only,Islet-associated Fibroblasts,0.3471711976487877,0.5018587360594795,0.41042345276872966,1883
GEO_GSE333737_MERSCOPE_PANCREAS_VASCULAR_EXPANDED,marker_only,Pericytes,0.6376587710264332,0.7798068849706129,0.7016052880075543,4764
GEO_GSE333737_MERSCOPE_PANCREAS_VASCULAR_EXPANDED,marker_reference_profile,Endothelial Cells,0.9458615304528891,0.8131936985320444,0.8745247148288973,11172
GEO_GSE333737_MERSCOPE_PANCREAS_VASCULAR_EXPANDED,marker_reference_profile,Fibroblasts,0.8027722110888443,0.7507418397626113,0.7758857235089984,6403
GEO_GSE333737_MERSCOPE_PANCREAS_VASCULAR_EXPANDED,marker_reference_profile,Islet-associated Fibroblasts,0.3646548608601373,0.5358470525756771,0.4339784946236559,1883
GEO_GSE333737_MERSCOPE_PANCREAS_VASCULAR_EXPANDED,marker_reference_profile,Pericytes,0.6475605595359946,0.7968094038623006,0.7144739318652362,4764
GEO_GSE333737_MERSCOPE_PANCREAS_VASCULAR_EXPANDED,reference_profile,Endothelial Cells,0.9520533446232007,0.8051378446115288,0.8724539282250243,11172
GEO_GSE333737_MERSCOPE_PANCREAS_VASCULAR_EXPANDED,reference_profile,Fibroblasts,0.8101010101010101,0.7515227237232547,0.7797131977639146,6403
GEO_GSE333737_MERSCOPE_PANCREAS_VASCULAR_EXPANDED,reference_profile,Islet-associated Fibroblasts,0.3745974955277281,0.5560276155071694,0.44762719110731075,1883
GEO_GSE333737_MERSCOPE_PANCREAS_VASCULAR_EXPANDED,reference_profile,Pericytes,0.6385163106474582,0.8094038623005877,0.7138757752476163,4764
GEO_GSE336633_H5AD_INTERNAL_LABEL_EXPANDED,learned_permuted_prior,AT1,0.1432900432900433,0.19891826923076922,0.1665827881227982,1664
GEO_GSE336633_H5AD_INTERNAL_LABEL_EXPANDED,learned_permuted_prior,AT2,0.5126064178127047,0.391375,0.44386163878650414,8000
GEO_GSE336633_H5AD_INTERNAL_LABEL_EXPANDED,learned_permuted_prior,Adventitial fibroblasts,0.29649717514124296,0.5531197301854974,0.3860526702957187,2372
GEO_GSE336633_H5AD_INTERNAL_LABEL_EXPANDED,learned_permuted_prior,Alveolar fibroblasts,0.31263858093126384,0.09774696707105719,0.14893055188803803,2885
GEO_GSE336633_H5AD_INTERNAL_LABEL_EXPANDED,learned_permuted_prior,Alveolar macrophages,0.47677886663826163,0.18681135225375625,0.26844188557034904,5990
GEO_GSE336633_H5AD_INTERNAL_LABEL_EXPANDED,learned_permuted_prior,Arterial endothelial cells,0.07933884297520662,0.42857142857142855,0.13389121338912136,560
GEO_GSE336633_H5AD_INTERNAL_LABEL_EXPANDED,learned_permuted_prior,Basal cells,0.23524451939291738,0.2637051039697543,0.24866310160427807,1058
GEO_GSE336633_H5AD_INTERNAL_LABEL_EXPANDED,learned_permuted_prior,CD16+ NK cells,0.42408693027467553,0.175625,0.24838681163263504,8000
GEO_GSE336633_H5AD_INTERNAL_LABEL_EXPANDED,learned_permuted_prior,CD16- NK cells,0.45261584454409565,0.7192399049881235,0.5555963302752294,2105
GEO_GSE336633_H5AD_INTERNAL_LABEL_EXPANDED,learned_permuted_prior,Capillary aerocytes,0.1513975155279503,0.2070063694267516,0.17488789237668165,942
GEO_GSE336633_H5AD_INTERNAL_LABEL_EXPANDED,learned_permuted_prior,Capillary endothelial cells,0.22597212032281733,0.10522719508028698,0.14358974358974358,2927
GEO_GSE336633_H5AD_INTERNAL_LABEL_EXPANDED,learned_permuted_prior,Ciliated cells,0.4913672421838544,0.4071925754060325,0.44533728060900823,2586
GEO_GSE336633_H5AD_INTERNAL_LABEL_EXPANDED,learned_permuted_prior,Classical monocytes,0.08353808353808354,0.09812409812409813,0.09024552090245519,693
GEO_GSE336633_H5AD_INTERNAL_LABEL_EXPANDED,learned_permuted_prior,Club cells,0.060437523173896925,0.25996810207336524,0.09807460890493382,627
GEO_GSE336633_H5AD_INTERNAL_LABEL_EXPANDED,learned_permuted_prior,DC1,0.00505902192242833,0.1875,0.009852216748768473,32
GEO_GSE336633_H5AD_INTERNAL_LABEL_EXPANDED,learned_permuted_prior,DC2,0.0018315018315018315,0.0425531914893617,0.003511852502194908,47
GEO_GSE336633_H5AD_INTERNAL_LABEL_EXPANDED,learned_permuted_prior,Intermediate macrophages,0.0,0.0,0.0,46
GEO_GSE336633_H5AD_INTERNAL_LABEL_EXPANDED,learned_permuted_prior,Lymphatic endothelial cells,0.2975376196990424,0.5343980343980343,0.3822495606326889,814
GEO_GSE336633_H5AD_INTERNAL_LABEL_EXPANDED,learned_permuted_prior,Macrophages,0.506064408197407,0.1677759290072102,0.2520045819014891,7212
GEO_GSE336633_H5AD_INTERNAL_LABEL_EXPANDED,learned_permuted_prior,Mast cells,0.3550420168067227,0.5098039215686274,0.4185758513931888,1326
GEO_GSE336633_H5AD_INTERNAL_LABEL_EXPANDED,learned_permuted_prior,Memory B cells,0.19112825458052074,0.31681585677749363,0.23842174906772529,3128
GEO_GSE336633_H5AD_INTERNAL_LABEL_EXPANDED,learned_permuted_prior,Myofibroblasts,0.027149321266968326,0.1382488479262673,0.0453857791225416,217
GEO_GSE336633_H5AD_INTERNAL_LABEL_EXPANDED,learned_permuted_prior,Naive B cells,0.004336513443191674,0.052083333333333336,0.008006405124099279,96
GEO_GSE336633_H5AD_INTERNAL_LABEL_EXPANDED,learned_permuted_prior,Non-classical monocytes,0.0007958615200955034,0.044444444444444446,0.001563721657544957,45
GEO_GSE336633_H5AD_INTERNAL_LABEL_EXPANDED,learned_permuted_prior,Pericytes,0.012345679012345678,0.0989010989010989,0.02195121951219512,91
GEO_GSE336633_H5AD_INTERNAL_LABEL_EXPANDED,learned_permuted_prior,Plasma cells,0.389375,0.7,0.5004016064257027,890
GEO_GSE336633_H5AD_INTERNAL_LABEL_EXPANDED,learned_permuted_prior,Pulmonary SMC,0.4794520547945205,0.6346885054109389,0.5462555066079295,3419
GEO_GSE336633_H5AD_INTERNAL_LABEL_EXPANDED,learned_permuted_prior,Pulmonary venous endothelial cells,0.3998954521693675,0.14582539077392298,0.21371699958094706,5246
GEO_GSE336633_H5AD_INTERNAL_LABEL_EXPANDED,learned_permuted_prior,Regulatory T cells,0.3546937810357058,0.7122507122507122,0.47355958958168903,2106
GEO_GSE336633_H5AD_INTERNAL_LABEL_EXPANDED,learned_permuted_prior,Systemic venous endothelial cells,0.18591079616506878,0.5860709592641261,0.28227848101265823,761
GEO_GSE336633_H5AD_INTERNAL_LABEL_EXPANDED,learned_permuted_prior,Tcm/Naive helper T cells,0.6337304368138286,0.339125,0.4418206986401759,8000
GEO_GSE336633_H5AD_INTERNAL_LABEL_EXPANDED,learned_permuted_prior,Tem/Temra cytotoxic T cells,0.02040816326530612,0.07575757575757576,0.03215434083601286,132
GEO_GSE336633_H5AD_INTERNAL_LABEL_EXPANDED,learned_permuted_prior,Tem/Trm cytotoxic T cells,0.31308810949529514,0.3889479277364506,0.3469194312796208,941
GEO_GSE336633_H5AD_INTERNAL_LABEL_EXPANDED,learned_permuted_prior,Trm cytotoxic T cells,0.025559105431309903,0.012861736334405145,0.017112299465240642,622
GEO_GSE336633_H5AD_INTERNAL_LABEL_EXPANDED,learned_random_graph,AT1,0.14164546225614927,0.20072115384615385,0.16608652411735456,1664
GEO_GSE336633_H5AD_INTERNAL_LABEL_EXPANDED,learned_random_graph,AT2,0.5111736467472273,0.386,0.4398547112029058,8000
GEO_GSE336633_H5AD_INTERNAL_LABEL_EXPANDED,learned_random_graph,Adventitial fibroblasts,0.2945511389012952,0.556070826306914,0.3851094890510949,2372
GEO_GSE336633_H5AD_INTERNAL_LABEL_EXPANDED,learned_random_graph,Alveolar fibroblasts,0.3362944162436548,0.09185441941074524,0.1442962156275524,2885
GEO_GSE336633_H5AD_INTERNAL_LABEL_EXPANDED,learned_random_graph,Alveolar macrophages,0.489492119089317,0.18664440734557597,0.2702441382644429,5990
GEO_GSE336633_H5AD_INTERNAL_LABEL_EXPANDED,learned_random_graph,Arterial endothelial cells,0.07868525896414343,0.4232142857142857,0.13269876819708845,560
GEO_GSE336633_H5AD_INTERNAL_LABEL_EXPANDED,learned_random_graph,Basal cells,0.24656357388316152,0.2712665406427221,0.2583258325832583,1058
GEO_GSE336633_H5AD_INTERNAL_LABEL_EXPANDED,learned_random_graph,CD16+ NK cells,0.4314126937701082,0.184375,0.2583413608897452,8000
GEO_GSE336633_H5AD_INTERNAL_LABEL_EXPANDED,learned_random_graph,CD16- NK cells,0.4597141988446336,0.7182897862232779,0.5606229143492769,2105
GEO_GSE336633_H5AD_INTERNAL_LABEL_EXPANDED,learned_random_graph,Capillary aerocytes,0.16012810248198558,0.21231422505307856,0.18256503879507074,942
GEO_GSE336633_H5AD_INTERNAL_LABEL_EXPANDED,learned_random_graph,Capillary endothelial cells,0.23401162790697674,0.1100102494021182,0.1496630257959563,2927
GEO_GSE336633_H5AD_INTERNAL_LABEL_EXPANDED,learned_random_graph,Ciliated cells,0.4528541226215645,0.41415313225058004,0.4326398707331852,2586
GEO_GSE336633_H5AD_INTERNAL_LABEL_EXPANDED,learned_random_graph,Classical monocytes,0.09018567639257294,0.09812409812409813,0.0939875604699378,693
GEO_GSE336633_H5AD_INTERNAL_LABEL_EXPANDED,learned_random_graph,Club cells,0.05867797808412867,0.2647527910685805,0.09606481481481481,627
GEO_GSE336633_H5AD_INTERNAL_LABEL_EXPANDED,learned_random_graph,DC1,0.006700167504187605,0.25,0.013050570962479607,32
GEO_GSE336633_H5AD_INTERNAL_LABEL_EXPANDED,learned_random_graph,DC2,0.003669724770642202,0.0851063829787234,0.007036059806508356,47
GEO_GSE336633_H5AD_INTERNAL_LABEL_EXPANDED,learned_random_graph,Intermediate macrophages,0.0,0.0,0.0,46
GEO_GSE336633_H5AD_INTERNAL_LABEL_EXPANDED,learned_random_graph,Lymphatic endothelial cells,0.3167520117044623,0.5319410319410319,0.3970655662540119,814
GEO_GSE336633_H5AD_INTERNAL_LABEL_EXPANDED,learned_random_graph,Macrophages,0.5068603712671509,0.17415418746533556,0.2592363261093911,7212
GEO_GSE336633_H5AD_INTERNAL_LABEL_EXPANDED,learned_random_graph,Mast cells,0.3572192513368984,0.5037707390648567,0.4180225281602003,1326
GEO_GSE336633_H5AD_INTERNAL_LABEL_EXPANDED,learned_random_graph,Memory B cells,0.18802762854950114,0.3132992327365729,0.23501199040767384,3128
GEO_GSE336633_H5AD_INTERNAL_LABEL_EXPANDED,learned_random_graph,Myofibroblasts,0.029250457038391225,0.14746543778801843,0.048817696414950415,217
GEO_GSE336633_H5AD_INTERNAL_LABEL_EXPANDED,learned_random_graph,Naive B cells,0.004708097928436911,0.052083333333333336,0.008635578583765112,96
GEO_GSE336633_H5AD_INTERNAL_LABEL_EXPANDED,learned_random_graph,Non-classical monocytes,0.0008054772452678212,0.044444444444444446,0.0015822784810126582,45
GEO_GSE336633_H5AD_INTERNAL_LABEL_EXPANDED,learned_random_graph,Pericytes,0.012048192771084338,0.0989010989010989,0.021479713603818618,91
GEO_GSE336633_H5AD_INTERNAL_LABEL_EXPANDED,learned_random_graph,Plasma cells,0.33985861881457313,0.702247191011236,0.4580432392817882,890
GEO_GSE336633_H5AD_INTERNAL_LABEL_EXPANDED,learned_random_graph,Pulmonary SMC,0.4777653631284916,0.6253290435799942,0.5416772232074994,3419
GEO_GSE336633_H5AD_INTERNAL_LABEL_EXPANDED,learned_random_graph,Pulmonary venous endothelial cells,0.42194323144104806,0.1473503621807091,0.21842328341339362,5246
GEO_GSE336633_H5AD_INTERNAL_LABEL_EXPANDED,learned_random_graph,Regulatory T cells,0.3583194079732633,0.7127255460588794,0.47688641779189833,2106
GEO_GSE336633_H5AD_INTERNAL_LABEL_EXPANDED,learned_random_graph,Systemic venous endothelial cells,0.18705636743215032,0.5886990801576872,0.28390367553865653,761
GEO_GSE336633_H5AD_INTERNAL_LABEL_EXPANDED,learned_random_graph,Tcm/Naive helper T cells,0.6318812829104835,0.33,0.43356873049761874,8000
GEO_GSE336633_H5AD_INTERNAL_LABEL_EXPANDED,learned_random_graph,Tem/Temra cytotoxic T cells,0.019455252918287938,0.07575757575757576,0.030959752321981424,132
GEO_GSE336633_H5AD_INTERNAL_LABEL_EXPANDED,learned_random_graph,Tem/Trm cytotoxic T cells,0.30571665285832644,0.39213602550478216,0.3435754189944134,941
GEO_GSE336633_H5AD_INTERNAL_LABEL_EXPANDED,learned_random_graph,Trm cytotoxic T cells,0.030612244897959183,0.014469453376205787,0.019650655021834062,622
GEO_GSE336633_H5AD_INTERNAL_LABEL_EXPANDED,marker_context_specific_neighborhood,AT1,0.1384419983065199,0.19651442307692307,0.1624441132637854,1664
GEO_GSE336633_H5AD_INTERNAL_LABEL_EXPANDED,marker_context_specific_neighborhood,AT2,0.5101770643720006,0.385375,0.4390799686676636,8000
GEO_GSE336633_H5AD_INTERNAL_LABEL_EXPANDED,marker_context_specific_neighborhood,Adventitial fibroblasts,0.2962962962962963,0.5531197301854974,0.3858823529411764,2372
GEO_GSE336633_H5AD_INTERNAL_LABEL_EXPANDED,marker_context_specific_neighborhood,Alveolar fibroblasts,0.3337531486146096,0.09185441941074524,0.14406088611035608,2885
GEO_GSE336633_H5AD_INTERNAL_LABEL_EXPANDED,marker_context_specific_neighborhood,Alveolar macrophages,0.48177426438296006,0.18313856427378966,0.26539252449498,5990
GEO_GSE336633_H5AD_INTERNAL_LABEL_EXPANDED,marker_context_specific_neighborhood,Arterial endothelial cells,0.07689735874289536,0.4107142857142857,0.12954097437341594,560
GEO_GSE336633_H5AD_INTERNAL_LABEL_EXPANDED,marker_context_specific_neighborhood,Basal cells,0.2433392539964476,0.2589792060491493,0.2509157509157509,1058
GEO_GSE336633_H5AD_INTERNAL_LABEL_EXPANDED,marker_context_specific_neighborhood,CD16+ NK cells,0.4319167389418907,0.18675,0.26075573784797973,8000
GEO_GSE336633_H5AD_INTERNAL_LABEL_EXPANDED,marker_context_specific_neighborhood,CD16- NK cells,0.4602739726027397,0.7182897862232779,0.561038961038961,2105
GEO_GSE336633_H5AD_INTERNAL_LABEL_EXPANDED,marker_context_specific_neighborhood,Capillary aerocytes,0.15981012658227847,0.21443736730360935,0.18313689936536717,942
GEO_GSE336633_H5AD_INTERNAL_LABEL_EXPANDED,marker_context_specific_neighborhood,Capillary endothelial cells,0.2374821173104435,0.1134267167748548,0.15352601156069365,2927
GEO_GSE336633_H5AD_INTERNAL_LABEL_EXPANDED,marker_context_specific_neighborhood,Ciliated cells,0.47175029632556303,0.4617169373549884,0.4666796951338676,2586
GEO_GSE336633_H5AD_INTERNAL_LABEL_EXPANDED,marker_context_specific_neighborhood,Classical monocytes,0.09055118110236221,0.09956709956709957,0.09484536082474226,693
GEO_GSE336633_H5AD_INTERNAL_LABEL_EXPANDED,marker_context_specific_neighborhood,Club cells,0.05976095617529881,0.2631578947368421,0.09740259740259741,627
GEO_GSE336633_H5AD_INTERNAL_LABEL_EXPANDED,marker_context_specific_neighborhood,DC1,0.006802721088435374,0.25,0.01324503311258278,32
GEO_GSE336633_H5AD_INTERNAL_LABEL_EXPANDED,marker_context_specific_neighborhood,DC2,0.0018315018315018315,0.0425531914893617,0.003511852502194908,47
GEO_GSE336633_H5AD_INTERNAL_LABEL_EXPANDED,marker_context_specific_neighborhood,Intermediate macrophages,0.0,0.0,0.0,46
GEO_GSE336633_H5AD_INTERNAL_LABEL_EXPANDED,marker_context_specific_neighborhood,Lymphatic endothelial cells,0.3210059171597633,0.5331695331695332,0.4007386888273315,814
GEO_GSE336633_H5AD_INTERNAL_LABEL_EXPANDED,marker_context_specific_neighborhood,Macrophages,0.504297994269341,0.17082640044370492,0.2552045572242362,7212
GEO_GSE336633_H5AD_INTERNAL_LABEL_EXPANDED,marker_context_specific_neighborhood,Mast cells,0.3649754500818331,0.504524886877828,0.4235517568850902,1326
GEO_GSE336633_H5AD_INTERNAL_LABEL_EXPANDED,marker_context_specific_neighborhood,Memory B cells,0.19218114960325142,0.3174552429667519,0.2394213381555154,3128
GEO_GSE336633_H5AD_INTERNAL_LABEL_EXPANDED,marker_context_specific_neighborhood,Myofibroblasts,0.029439696106362774,0.14285714285714285,0.048818897637795275,217
GEO_GSE336633_H5AD_INTERNAL_LABEL_EXPANDED,marker_context_specific_neighborhood,Naive B cells,0.0038022813688212928,0.041666666666666664,0.006968641114982578,96
GEO_GSE336633_H5AD_INTERNAL_LABEL_EXPANDED,marker_context_specific_neighborhood,Non-classical monocytes,0.00040225261464199515,0.022222222222222223,0.0007902015013828525,45
GEO_GSE336633_H5AD_INTERNAL_LABEL_EXPANDED,marker_context_specific_neighborhood,Pericytes,0.014705882352941176,0.12087912087912088,0.026221692491060787,91
GEO_GSE336633_H5AD_INTERNAL_LABEL_EXPANDED,marker_context_specific_neighborhood,Plasma cells,0.3641652123327516,0.7033707865168539,0.479877347642775,890
GEO_GSE336633_H5AD_INTERNAL_LABEL_EXPANDED,marker_context_specific_neighborhood,Pulmonary SMC,0.4743812418584455,0.6390757531441942,0.5445482866043614,3419
GEO_GSE336633_H5AD_INTERNAL_LABEL_EXPANDED,marker_context_specific_neighborhood,Pulmonary venous endothelial cells,0.43364928909952605,0.13953488372093023,0.21113354485145658,5246
GEO_GSE336633_H5AD_INTERNAL_LABEL_EXPANDED,marker_context_specific_neighborhood,Regulatory T cells,0.35799522673031026,0.7122507122507122,0.4764930114358322,2106
GEO_GSE336633_H5AD_INTERNAL_LABEL_EXPANDED,marker_context_specific_neighborhood,Systemic venous endothelial cells,0.18691983122362868,0.5821287779237845,0.28297668476525073,761
GEO_GSE336633_H5AD_INTERNAL_LABEL_EXPANDED,marker_context_specific_neighborhood,Tcm/Naive helper T cells,0.6247751798561151,0.347375,0.4464974293059126,8000
GEO_GSE336633_H5AD_INTERNAL_LABEL_EXPANDED,marker_context_specific_neighborhood,Tem/Temra cytotoxic T cells,0.016853932584269662,0.06818181818181818,0.027027027027027025,132
GEO_GSE336633_H5AD_INTERNAL_LABEL_EXPANDED,marker_context_specific_neighborhood,Tem/Trm cytotoxic T cells,0.3,0.38257173219978746,0.3362914525922466,941
GEO_GSE336633_H5AD_INTERNAL_LABEL_EXPANDED,marker_context_specific_neighborhood,Trm cytotoxic T cells,0.030612244897959183,0.014469453376205787,0.019650655021834062,622
GEO_GSE336633_H5AD_INTERNAL_LABEL_EXPANDED,marker_learned_neighborhood,AT1,0.14061838204150784,0.19951923076923078,0.1649689440993789,1664
GEO_GSE336633_H5AD_INTERNAL_LABEL_EXPANDED,marker_learned_neighborhood,AT2,0.511837279093031,0.38375,0.43863409058436914,8000
GEO_GSE336633_H5AD_INTERNAL_LABEL_EXPANDED,marker_learned_neighborhood,Adventitial fibroblasts,0.296045197740113,0.5522765598650927,0.38546417537148736,2372
GEO_GSE336633_H5AD_INTERNAL_LABEL_EXPANDED,marker_learned_neighborhood,Alveolar fibroblasts,0.3316770186335404,0.09254766031195841,0.14471544715447154,2885
GEO_GSE336633_H5AD_INTERNAL_LABEL_EXPANDED,marker_learned_neighborhood,Alveolar macrophages,0.48444444444444446,0.18196994991652754,0.26456310679611655,5990
GEO_GSE336633_H5AD_INTERNAL_LABEL_EXPANDED,marker_learned_neighborhood,Arterial endothelial cells,0.07855697909642616,0.4160714285714286,0.13216108905275098,560
GEO_GSE336633_H5AD_INTERNAL_LABEL_EXPANDED,marker_learned_neighborhood,Basal cells,0.25271739130434784,0.2637051039697543,0.2580943570767808,1058
GEO_GSE336633_H5AD_INTERNAL_LABEL_EXPANDED,marker_learned_neighborhood,CD16+ NK cells,0.430195278344506,0.1845,0.2582451229113813,8000
GEO_GSE336633_H5AD_INTERNAL_LABEL_EXPANDED,marker_learned_neighborhood,CD16- NK cells,0.46165597311335166,0.7178147268408551,0.5619189289698773,2105
GEO_GSE336633_H5AD_INTERNAL_LABEL_EXPANDED,marker_learned_neighborhood,Capillary aerocytes,0.16019032513877876,0.21443736730360935,0.18338629142078983,942
GEO_GSE336633_H5AD_INTERNAL_LABEL_EXPANDED,marker_learned_neighborhood,Capillary endothelial cells,0.2339812814974802,0.11103518961393918,0.1506024096385542,2927
GEO_GSE336633_H5AD_INTERNAL_LABEL_EXPANDED,marker_learned_neighborhood,Ciliated cells,0.47495069033530574,0.46558391337973704,0.47022066002733837,2586
GEO_GSE336633_H5AD_INTERNAL_LABEL_EXPANDED,marker_learned_neighborhood,Classical monocytes,0.09439124487004104,0.09956709956709957,0.09691011235955056,693
GEO_GSE336633_H5AD_INTERNAL_LABEL_EXPANDED,marker_learned_neighborhood,Club cells,0.06061680255228642,0.2727272727272727,0.09918793503480279,627
GEO_GSE336633_H5AD_INTERNAL_LABEL_EXPANDED,marker_learned_neighborhood,DC1,0.006796941376380629,0.25,0.013234077750206782,32
GEO_GSE336633_H5AD_INTERNAL_LABEL_EXPANDED,marker_learned_neighborhood,DC2,0.0018726591760299626,0.0425531914893617,0.0035874439461883413,47
GEO_GSE336633_H5AD_INTERNAL_LABEL_EXPANDED,marker_learned_neighborhood,Intermediate macrophages,0.0,0.0,0.0,46
GEO_GSE336633_H5AD_INTERNAL_LABEL_EXPANDED,marker_learned_neighborhood,Lymphatic endothelial cells,0.30872959545777146,0.5343980343980343,0.39136302294197034,814
GEO_GSE336633_H5AD_INTERNAL_LABEL_EXPANDED,marker_learned_neighborhood,Macrophages,0.5110095554632322,0.17054908485856904,0.25574384031604114,7212
GEO_GSE336633_H5AD_INTERNAL_LABEL_EXPANDED,marker_learned_neighborhood,Mast cells,0.3576799140708915,0.502262443438914,0.4178168130489335,1326
GEO_GSE336633_H5AD_INTERNAL_LABEL_EXPANDED,marker_learned_neighborhood,Memory B cells,0.19129928141386676,0.3148976982097187,0.23800894043735651,3128
GEO_GSE336633_H5AD_INTERNAL_LABEL_EXPANDED,marker_learned_neighborhood,Myofibroblasts,0.03073967339097022,0.14746543778801843,0.05087440381558029,217
GEO_GSE336633_H5AD_INTERNAL_LABEL_EXPANDED,marker_learned_neighborhood,Naive B cells,0.003714020427112349,0.041666666666666664,0.0068201193520886615,96
GEO_GSE336633_H5AD_INTERNAL_LABEL_EXPANDED,marker_learned_neighborhood,Non-classical monocytes,0.0008107012565869477,0.044444444444444446,0.001592356687898089,45
GEO_GSE336633_H5AD_INTERNAL_LABEL_EXPANDED,marker_learned_neighborhood,Pericytes,0.014627659574468085,0.12087912087912088,0.02609727164887307,91
GEO_GSE336633_H5AD_INTERNAL_LABEL_EXPANDED,marker_learned_neighborhood,Plasma cells,0.36164067013287116,0.7033707865168539,0.4776802747043113,890
GEO_GSE336633_H5AD_INTERNAL_LABEL_EXPANDED,marker_learned_neighborhood,Pulmonary SMC,0.46356653518787627,0.6531149458906113,0.5422535211267605,3419
GEO_GSE336633_H5AD_INTERNAL_LABEL_EXPANDED,marker_learned_neighborhood,Pulmonary venous endothelial cells,0.4326074161271336,0.14010674799847503,0.21166306695464362,5246
GEO_GSE336633_H5AD_INTERNAL_LABEL_EXPANDED,marker_learned_neighborhood,Regulatory T cells,0.3584905660377358,0.7127255460588794,0.4770379787064992,2106
GEO_GSE336633_H5AD_INTERNAL_LABEL_EXPANDED,marker_learned_neighborhood,Systemic venous endothelial cells,0.18903993203058625,0.5847568988173456,0.28571428571428575,761
GEO_GSE336633_H5AD_INTERNAL_LABEL_EXPANDED,marker_learned_neighborhood,Tcm/Naive helper T cells,0.6286107290233838,0.34275,0.4436175376152726,8000
GEO_GSE336633_H5AD_INTERNAL_LABEL_EXPANDED,marker_learned_neighborhood,Tem/Temra cytotoxic T cells,0.017077798861480076,0.06818181818181818,0.027314112291350535,132
GEO_GSE336633_H5AD_INTERNAL_LABEL_EXPANDED,marker_learned_neighborhood,Tem/Trm cytotoxic T cells,0.3000838222967309,0.3804463336875664,0.3355201499531396,941
GEO_GSE336633_H5AD_INTERNAL_LABEL_EXPANDED,marker_learned_neighborhood,Trm cytotoxic T cells,0.03424657534246575,0.01607717041800643,0.02188183807439825,622
GEO_GSE336633_H5AD_INTERNAL_LABEL_EXPANDED,marker_only,AT1,0.13931623931623932,0.19591346153846154,0.16283716283716285,1664
GEO_GSE336633_H5AD_INTERNAL_LABEL_EXPANDED,marker_only,AT2,0.5120156939676312,0.3915,0.4437203371821209,8000
GEO_GSE336633_H5AD_INTERNAL_LABEL_EXPANDED,marker_only,Adventitial fibroblasts,0.29662162162162165,0.5552276559865092,0.3866705813270699,2372
GEO_GSE336633_H5AD_INTERNAL_LABEL_EXPANDED,marker_only,Alveolar fibroblasts,0.32961586121437425,0.09220103986135182,0.14409534127843987,2885
GEO_GSE336633_H5AD_INTERNAL_LABEL_EXPANDED,marker_only,Alveolar macrophages,0.48198970840480276,0.18764607679465775,0.2701273732275895,5990
GEO_GSE336633_H5AD_INTERNAL_LABEL_EXPANDED,marker_only,Arterial endothelial cells,0.07870672762900065,0.4303571428571429,0.1330756488128106,560
GEO_GSE336633_H5AD_INTERNAL_LABEL_EXPANDED,marker_only,Basal cells,0.24536628420123566,0.2627599243856333,0.25376540392514835,1058
GEO_GSE336633_H5AD_INTERNAL_LABEL_EXPANDED,marker_only,CD16+ NK cells,0.4333632824198862,0.180875,0.2552253285122145,8000
GEO_GSE336633_H5AD_INTERNAL_LABEL_EXPANDED,marker_only,CD16- NK cells,0.46257256339749464,0.7192399049881235,0.5630345853477129,2105
GEO_GSE336633_H5AD_INTERNAL_LABEL_EXPANDED,marker_only,Capillary aerocytes,0.1597817614964926,0.21762208067940553,0.18426966292134833,942
GEO_GSE336633_H5AD_INTERNAL_LABEL_EXPANDED,marker_only,Capillary endothelial cells,0.2301699716713881,0.11103518961393918,0.14980410232772529,2927
GEO_GSE336633_H5AD_INTERNAL_LABEL_EXPANDED,marker_only,Ciliated cells,0.48702776513427404,0.4137664346481052,0.44741793853230194,2586
GEO_GSE336633_H5AD_INTERNAL_LABEL_EXPANDED,marker_only,Classical monocytes,0.08553459119496855,0.09812409812409813,0.0913978494623656,693
GEO_GSE336633_H5AD_INTERNAL_LABEL_EXPANDED,marker_only,Club cells,0.06236403190717912,0.2743221690590112,0.1016248153618907,627
GEO_GSE336633_H5AD_INTERNAL_LABEL_EXPANDED,marker_only,DC1,0.006606110652353427,0.25,0.012872083668543845,32
GEO_GSE336633_H5AD_INTERNAL_LABEL_EXPANDED,marker_only,DC2,0.0018018018018018018,0.0425531914893617,0.0034572169403630074,47
GEO_GSE336633_H5AD_INTERNAL_LABEL_EXPANDED,marker_only,Intermediate macrophages,0.0,0.0,0.0,46
GEO_GSE336633_H5AD_INTERNAL_LABEL_EXPANDED,marker_only,Lymphatic endothelial cells,0.3506916192026037,0.5294840294840295,0.4219285364659814,814
GEO_GSE336633_H5AD_INTERNAL_LABEL_EXPANDED,marker_only,Macrophages,0.4984214680347277,0.17512479201331116,0.259183254668582,7212
GEO_GSE336633_H5AD_INTERNAL_LABEL_EXPANDED,marker_only,Mast cells,0.3540241977906365,0.5075414781297134,0.41710567090176637,1326
GEO_GSE336633_H5AD_INTERNAL_LABEL_EXPANDED,marker_only,Memory B cells,0.1905577765086617,0.32001278772378516,0.2388736427633934,3128
GEO_GSE336633_H5AD_INTERNAL_LABEL_EXPANDED,marker_only,Myofibroblasts,0.027906976744186046,0.1382488479262673,0.04643962848297214,217
GEO_GSE336633_H5AD_INTERNAL_LABEL_EXPANDED,marker_only,Naive B cells,0.004748338081671415,0.052083333333333336,0.008703220191470844,96
GEO_GSE336633_H5AD_INTERNAL_LABEL_EXPANDED,marker_only,Non-classical monocytes,0.0008035355564483728,0.044444444444444446,0.0015785319652722965,45
GEO_GSE336633_H5AD_INTERNAL_LABEL_EXPANDED,marker_only,Pericytes,0.013477088948787063,0.10989010989010989,0.024009603841536616,91
GEO_GSE336633_H5AD_INTERNAL_LABEL_EXPANDED,marker_only,Plasma cells,0.4113756613756614,0.698876404494382,0.517901748542881,890
GEO_GSE336633_H5AD_INTERNAL_LABEL_EXPANDED,marker_only,Pulmonary SMC,0.4873316594384844,0.624451594033343,0.5474358974358975,3419
GEO_GSE336633_H5AD_INTERNAL_LABEL_EXPANDED,marker_only,Pulmonary venous endothelial cells,0.40860215053763443,0.15211589782691576,0.22169745798027507,5246
GEO_GSE336633_H5AD_INTERNAL_LABEL_EXPANDED,marker_only,Regulatory T cells,0.35799238820171264,0.714624881291548,0.4770206022187004,2106
GEO_GSE336633_H5AD_INTERNAL_LABEL_EXPANDED,marker_only,Systemic venous endothelial cells,0.18567311650885138,0.5926412614980289,0.2827586206896552,761
GEO_GSE336633_H5AD_INTERNAL_LABEL_EXPANDED,marker_only,Tcm/Naive helper T cells,0.6279018350652222,0.355,0.45356543959115225,8000
GEO_GSE336633_H5AD_INTERNAL_LABEL_EXPANDED,marker_only,Tem/Temra cytotoxic T cells,0.017509727626459144,0.06818181818181818,0.027863777089783284,132
GEO_GSE336633_H5AD_INTERNAL_LABEL_EXPANDED,marker_only,Tem/Trm cytotoxic T cells,0.299512987012987,0.39213602550478216,0.33962264150943394,941
GEO_GSE336633_H5AD_INTERNAL_LABEL_EXPANDED,marker_only,Trm cytotoxic T cells,0.026936026936026935,0.012861736334405145,0.017410228509249184,622
GEO_GSE336633_H5AD_INTERNAL_LABEL_EXPANDED,marker_reference_profile,AT1,0.12733519433111445,0.3563701923076923,0.18762853978800823,1664
GEO_GSE336633_H5AD_INTERNAL_LABEL_EXPANDED,marker_reference_profile,AT2,0.5563218390804597,0.3025,0.3919028340080971,8000
GEO_GSE336633_H5AD_INTERNAL_LABEL_EXPANDED,marker_reference_profile,Adventitial fibroblasts,0.3363584798638684,0.5,0.4021702271956596,2372
GEO_GSE336633_H5AD_INTERNAL_LABEL_EXPANDED,marker_reference_profile,Alveolar fibroblasts,0.2694063926940639,0.18405545927209704,0.2186985172981878,2885
GEO_GSE336633_H5AD_INTERNAL_LABEL_EXPANDED,marker_reference_profile,Alveolar macrophages,0.5168119551681195,0.13856427378964942,0.21853607161664032,5990
GEO_GSE336633_H5AD_INTERNAL_LABEL_EXPANDED,marker_reference_profile,Arterial endothelial cells,0.07921635434412266,0.33214285714285713,0.1279229711141678,560
GEO_GSE336633_H5AD_INTERNAL_LABEL_EXPANDED,marker_reference_profile,Basal cells,0.2929032258064516,0.21455576559546313,0.24768139661756683,1058
GEO_GSE336633_H5AD_INTERNAL_LABEL_EXPANDED,marker_reference_profile,CD16+ NK cells,0.4685693641618497,0.162125,0.24089895988112925,8000
GEO_GSE336633_H5AD_INTERNAL_LABEL_EXPANDED,marker_reference_profile,CD16- NK cells,0.5150884495317378,0.7054631828978623,0.5954290296712108,2105
GEO_GSE336633_H5AD_INTERNAL_LABEL_EXPANDED,marker_reference_profile,Capillary aerocytes,0.15673693858845097,0.18152866242038215,0.16822429906542055,942
GEO_GSE336633_H5AD_INTERNAL_LABEL_EXPANDED,marker_reference_profile,Capillary endothelial cells,0.26270373921380635,0.09361120601298258,0.1380352644836272,2927
GEO_GSE336633_H5AD_INTERNAL_LABEL_EXPANDED,marker_reference_profile,Ciliated cells,0.4533179012345679,0.454369682907966,0.4538431826960217,2586
GEO_GSE336633_H5AD_INTERNAL_LABEL_EXPANDED,marker_reference_profile,Classical monocytes,0.0856353591160221,0.08946608946608947,0.08750882145377559,693
GEO_GSE336633_H5AD_INTERNAL_LABEL_EXPANDED,marker_reference_profile,Club cells,0.06040268456375839,0.28708133971291866,0.09980593290823399,627
GEO_GSE336633_H5AD_INTERNAL_LABEL_EXPANDED,marker_reference_profile,DC1,0.004012036108324975,0.375,0.007939133311280187,32
GEO_GSE336633_H5AD_INTERNAL_LABEL_EXPANDED,marker_reference_profile,DC2,0.0028011204481792717,0.1276595744680851,0.0054819552306989506,47
GEO_GSE336633_H5AD_INTERNAL_LABEL_EXPANDED,marker_reference_profile,Intermediate macrophages,0.0017271157167530224,0.043478260869565216,0.0033222591362126247,46
GEO_GSE336633_H5AD_INTERNAL_LABEL_EXPANDED,marker_reference_profile,Lymphatic endothelial cells,0.418932527693857,0.5110565110565111,0.460431654676259,814
GEO_GSE336633_H5AD_INTERNAL_LABEL_EXPANDED,marker_reference_profile,Macrophages,0.5203862660944206,0.13449805879090404,0.21375055090348172,7212
GEO_GSE336633_H5AD_INTERNAL_LABEL_EXPANDED,marker_reference_profile,Mast cells,0.4510542168674699,0.4517345399698341,0.4513941220798794,1326
GEO_GSE336633_H5AD_INTERNAL_LABEL_EXPANDED,marker_reference_profile,Memory B cells,0.21199557766721946,0.24520460358056265,0.22739401126593536,3128
GEO_GSE336633_H5AD_INTERNAL_LABEL_EXPANDED,marker_reference_profile,Myofibroblasts,0.026204960224613945,0.25806451612903225,0.0475785896346644,217
GEO_GSE336633_H5AD_INTERNAL_LABEL_EXPANDED,marker_reference_profile,Naive B cells,0.003935071323167732,0.08333333333333333,0.007515265382808831,96
GEO_GSE336633_H5AD_INTERNAL_LABEL_EXPANDED,marker_reference_profile,Non-classical monocytes,0.002978850163836759,0.2222222222222222,0.005878894767783658,45
GEO_GSE336633_H5AD_INTERNAL_LABEL_EXPANDED,marker_reference_profile,Pericytes,0.008759124087591242,0.13186813186813187,0.01642710472279261,91
GEO_GSE336633_H5AD_INTERNAL_LABEL_EXPANDED,marker_reference_profile,Plasma cells,0.475177304964539,0.6775280898876405,0.5585919407132932,890
GEO_GSE336633_H5AD_INTERNAL_LABEL_EXPANDED,marker_reference_profile,Pulmonary SMC,0.4852941176470588,0.6273764258555133,0.5472636815920399,3419
GEO_GSE336633_H5AD_INTERNAL_LABEL_EXPANDED,marker_reference_profile,Pulmonary venous endothelial cells,0.5339981867633726,0.11227601982462829,0.1855410300834777,5246
GEO_GSE336633_H5AD_INTERNAL_LABEL_EXPANDED,marker_reference_profile,Regulatory T cells,0.37979002624671915,0.6870845204178537,0.48918187964841103,2106
GEO_GSE336633_H5AD_INTERNAL_LABEL_EXPANDED,marker_reference_profile,Systemic venous endothelial cells,0.2387440758293839,0.5295663600525624,0.32911392405063294,761
GEO_GSE336633_H5AD_INTERNAL_LABEL_EXPANDED,marker_reference_profile,Tcm/Naive helper T cells,0.6276866189045528,0.3395,0.4406587166382737,8000
GEO_GSE336633_H5AD_INTERNAL_LABEL_EXPANDED,marker_reference_profile,Tem/Temra cytotoxic T cells,0.013435700575815739,0.1590909090909091,0.0247787610619469,132
GEO_GSE336633_H5AD_INTERNAL_LABEL_EXPANDED,marker_reference_profile,Tem/Trm cytotoxic T cells,0.3354101765316719,0.3432518597236982,0.3392857142857143,941
GEO_GSE336633_H5AD_INTERNAL_LABEL_EXPANDED,marker_reference_profile,Trm cytotoxic T cells,0.045454545454545456,0.00964630225080386,0.015915119363395226,622
GEO_GSE336633_H5AD_INTERNAL_LABEL_EXPANDED,reference_profile,AT1,0.11943098327340941,0.45913461538461536,0.18955464582557993,1664
GEO_GSE336633_H5AD_INTERNAL_LABEL_EXPANDED,reference_profile,AT2,0.8044444444444444,0.04525,0.08568047337278106,8000
GEO_GSE336633_H5AD_INTERNAL_LABEL_EXPANDED,reference_profile,Adventitial fibroblasts,0.40867992766726946,0.1905564924114671,0.2599194939620471,2372
GEO_GSE336633_H5AD_INTERNAL_LABEL_EXPANDED,reference_profile,Alveolar fibroblasts,0.17196702002355713,0.2530329289428076,0.20476858345021037,2885
GEO_GSE336633_H5AD_INTERNAL_LABEL_EXPANDED,reference_profile,Alveolar macrophages,0.4317295188556567,0.05542570951585977,0.09823938452433792,5990
GEO_GSE336633_H5AD_INTERNAL_LABEL_EXPANDED,reference_profile,Arterial endothelial cells,0.07481751824817519,0.14642857142857144,0.09903381642512077,560
GEO_GSE336633_H5AD_INTERNAL_LABEL_EXPANDED,reference_profile,Basal cells,0.2601626016260163,0.06049149338374291,0.09815950920245399,1058
GEO_GSE336633_H5AD_INTERNAL_LABEL_EXPANDED,reference_profile,CD16+ NK cells,0.43783068783068785,0.041375,0.07560529922338967,8000
GEO_GSE336633_H5AD_INTERNAL_LABEL_EXPANDED,reference_profile,CD16- NK cells,0.7849355797819624,0.37624703087885986,0.5086705202312138,2105
GEO_GSE336633_H5AD_INTERNAL_LABEL_EXPANDED,reference_profile,Capillary aerocytes,0.13070539419087138,0.1337579617834395,0.1322140608604407,942
GEO_GSE336633_H5AD_INTERNAL_LABEL_EXPANDED,reference_profile,Capillary endothelial cells,0.2260127931769723,0.07242910830201571,0.10970245795601553,2927
GEO_GSE336633_H5AD_INTERNAL_LABEL_EXPANDED,reference_profile,Ciliated cells,0.19585379159847244,0.2776488785769528,0.22968650031989762,2586
GEO_GSE336633_H5AD_INTERNAL_LABEL_EXPANDED,reference_profile,Classical monocytes,0.04247104247104247,0.06349206349206349,0.050896471949103524,693
GEO_GSE336633_H5AD_INTERNAL_LABEL_EXPANDED,reference_profile,Club cells,0.04113533525298231,0.1594896331738437,0.06540222367560496,627
GEO_GSE336633_H5AD_INTERNAL_LABEL_EXPANDED,reference_profile,DC1,0.0011775480832133978,0.28125,0.002345276872964169,32
GEO_GSE336633_H5AD_INTERNAL_LABEL_EXPANDED,reference_profile,DC2,0.0034267284821608546,0.3617021276595745,0.006789137380191693,47
GEO_GSE336633_H5AD_INTERNAL_LABEL_EXPANDED,reference_profile,Intermediate macrophages,0.0033003300330033004,0.3695652173913043,0.006542235905329999,46
GEO_GSE336633_H5AD_INTERNAL_LABEL_EXPANDED,reference_profile,Lymphatic endothelial cells,0.8041666666666667,0.2371007371007371,0.366223908918406,814
GEO_GSE336633_H5AD_INTERNAL_LABEL_EXPANDED,reference_profile,Macrophages,0.4878980891719745,0.05310593455352191,0.09578591971989497,7212
GEO_GSE336633_H5AD_INTERNAL_LABEL_EXPANDED,reference_profile,Mast cells,0.5923076923076923,0.17420814479638008,0.2692307692307692,1326
GEO_GSE336633_H5AD_INTERNAL_LABEL_EXPANDED,reference_profile,Memory B cells,0.2878535773710483,0.05530690537084399,0.09278626977742023,3128
GEO_GSE336633_H5AD_INTERNAL_LABEL_EXPANDED,reference_profile,Myofibroblasts,0.01723366159355416,0.3548387096774194,0.03287086446104589,217
GEO_GSE336633_H5AD_INTERNAL_LABEL_EXPANDED,reference_profile,Naive B cells,0.003427172582619339,0.14583333333333334,0.006696962449174839,96
GEO_GSE336633_H5AD_INTERNAL_LABEL_EXPANDED,reference_profile,Non-classical monocytes,0.002206461780929866,0.3111111111111111,0.004381846635367763,45
GEO_GSE336633_H5AD_INTERNAL_LABEL_EXPANDED,reference_profile,Pericytes,0.003229974160206718,0.10989010989010989,0.006275494195167868,91
GEO_GSE336633_H5AD_INTERNAL_LABEL_EXPANDED,reference_profile,Plasma cells,0.6341463414634146,0.350561797752809,0.4515195369030391,890
GEO_GSE336633_H5AD_INTERNAL_LABEL_EXPANDED,reference_profile,Pulmonary SMC,0.38908347927612374,0.389880081895291,0.389481373265157,3419
GEO_GSE336633_H5AD_INTERNAL_LABEL_EXPANDED,reference_profile,Pulmonary venous endothelial cells,0.7816091954022989,0.025924513915364086,0.05018450184501845,5246
GEO_GSE336633_H5AD_INTERNAL_LABEL_EXPANDED,reference_profile,Regulatory T cells,0.5233281493001555,0.31956315289648624,0.396816037735849,2106
GEO_GSE336633_H5AD_INTERNAL_LABEL_EXPANDED,reference_profile,Systemic venous endothelial cells,0.3375,0.2483574244415243,0.2861468584405753,761
GEO_GSE336633_H5AD_INTERNAL_LABEL_EXPANDED,reference_profile,Tcm/Naive helper T cells,0.6264204545454546,0.2205,0.32618343195266275,8000
GEO_GSE336633_H5AD_INTERNAL_LABEL_EXPANDED,reference_profile,Tem/Temra cytotoxic T cells,0.01079136690647482,0.25,0.020689655172413796,132
GEO_GSE336633_H5AD_INTERNAL_LABEL_EXPANDED,reference_profile,Tem/Trm cytotoxic T cells,0.5194444444444445,0.19872476089266738,0.28747117601844735,941
GEO_GSE336633_H5AD_INTERNAL_LABEL_EXPANDED,reference_profile,Trm cytotoxic T cells,0.03932584269662921,0.03376205787781351,0.03633217993079585,622
GEO_GSE337336_GENERIC_CSV_PAIR_EXPANDED,learned_permuted_prior,B.cell,0.4725325884543762,0.406,0.4367469879518073,2500
GEO_GSE337336_GENERIC_CSV_PAIR_EXPANDED,learned_permuted_prior,Endothelial.cell,0.5520218082689686,0.486,0.516911295469049,2500
GEO_GSE337336_GENERIC_CSV_PAIR_EXPANDED,learned_permuted_prior,Fibroblast,0.6651254953764861,0.8056,0.7286541244573081,2500
GEO_GSE337336_GENERIC_CSV_PAIR_EXPANDED,learned_permuted_prior,Keratinocyte,0.6453788179293931,0.6508,0.6480780720971918,2500
GEO_GSE337336_GENERIC_CSV_PAIR_EXPANDED,learned_permuted_prior,Macrophage.DC,0.6190619362597715,0.8236,0.7068314452454514,2500
GEO_GSE337336_GENERIC_CSV_PAIR_EXPANDED,learned_permuted_prior,Melanocyte,0.5644829007004533,0.548,0.5561193423990257,2500
GEO_GSE337336_GENERIC_CSV_PAIR_EXPANDED,learned_permuted_prior,Pericyte,0.6449399656946827,0.3008,0.41025641025641024,2500
GEO_GSE337336_GENERIC_CSV_PAIR_EXPANDED,learned_permuted_prior,T.cell,0.5730442978322338,0.7296,0.6419144817877881,2500
GEO_GSE337336_GENERIC_CSV_PAIR_EXPANDED,learned_random_graph,B.cell,0.47289719626168225,0.4048,0.4362068965517242,2500
GEO_GSE337336_GENERIC_CSV_PAIR_EXPANDED,learned_random_graph,Endothelial.cell,0.5475424896646761,0.4768,0.5097284584135129,2500
GEO_GSE337336_GENERIC_CSV_PAIR_EXPANDED,learned_random_graph,Fibroblast,0.6702021876035797,0.8088,0.7330070690592714,2500
GEO_GSE337336_GENERIC_CSV_PAIR_EXPANDED,learned_random_graph,Keratinocyte,0.6473011948908117,0.6284,0.6377105743860361,2500
GEO_GSE337336_GENERIC_CSV_PAIR_EXPANDED,learned_random_graph,Macrophage.DC,0.6247341233667578,0.8224,0.7100673458815403,2500
GEO_GSE337336_GENERIC_CSV_PAIR_EXPANDED,learned_random_graph,Melanocyte,0.5386904761904762,0.5792,0.5582112567463378,2500
GEO_GSE337336_GENERIC_CSV_PAIR_EXPANDED,learned_random_graph,Pericyte,0.6833013435700576,0.2848,0.40203274985883675,2500
GEO_GSE337336_GENERIC_CSV_PAIR_EXPANDED,learned_random_graph,T.cell,0.569608452454941,0.7332,0.6411332633788038,2500
GEO_GSE337336_GENERIC_CSV_PAIR_EXPANDED,marker_context_specific_neighborhood,B.cell,0.47981438515081204,0.4136,0.4442534908700322,2500
GEO_GSE337336_GENERIC_CSV_PAIR_EXPANDED,marker_context_specific_neighborhood,Endothelial.cell,0.5490196078431373,0.4928,0.5193929173693085,2500
GEO_GSE337336_GENERIC_CSV_PAIR_EXPANDED,marker_context_specific_neighborhood,Fibroblast,0.6662273476112026,0.8088,0.7306233062330623,2500
GEO_GSE337336_GENERIC_CSV_PAIR_EXPANDED,marker_context_specific_neighborhood,Keratinocyte,0.6404858299595142,0.6328,0.6366197183098592,2500
GEO_GSE337336_GENERIC_CSV_PAIR_EXPANDED,marker_context_specific_neighborhood,Macrophage.DC,0.6353557129658146,0.8252,0.7179397946754829,2500
GEO_GSE337336_GENERIC_CSV_PAIR_EXPANDED,marker_context_specific_neighborhood,Melanocyte,0.5500394011032309,0.5584,0.554188169908694,2500
GEO_GSE337336_GENERIC_CSV_PAIR_EXPANDED,marker_context_specific_neighborhood,Pericyte,0.6719184430027804,0.29,0.40514110086616373,2500
GEO_GSE337336_GENERIC_CSV_PAIR_EXPANDED,marker_context_specific_neighborhood,T.cell,0.5779702970297029,0.7472,0.6517794836008374,2500
GEO_GSE337336_GENERIC_CSV_PAIR_EXPANDED,marker_learned_neighborhood,B.cell,0.4772511848341232,0.4028,0.4368763557483731,2500
GEO_GSE337336_GENERIC_CSV_PAIR_EXPANDED,marker_learned_neighborhood,Endothelial.cell,0.5584536562645552,0.4796,0.5160318485044114,2500
GEO_GSE337336_GENERIC_CSV_PAIR_EXPANDED,marker_learned_neighborhood,Fibroblast,0.6706309877766766,0.812,0.7345757191966709,2500
GEO_GSE337336_GENERIC_CSV_PAIR_EXPANDED,marker_learned_neighborhood,Keratinocyte,0.6506734006734006,0.6184,0.6341263330598851,2500
GEO_GSE337336_GENERIC_CSV_PAIR_EXPANDED,marker_learned_neighborhood,Macrophage.DC,0.6251137397634213,0.8244,0.7110574435052613,2500
GEO_GSE337336_GENERIC_CSV_PAIR_EXPANDED,marker_learned_neighborhood,Melanocyte,0.5392368610511159,0.5992,0.5676392572944298,2500
GEO_GSE337336_GENERIC_CSV_PAIR_EXPANDED,marker_learned_neighborhood,Pericyte,0.6907514450867052,0.2868,0.40531373657433584,2500
GEO_GSE337336_GENERIC_CSV_PAIR_EXPANDED,marker_learned_neighborhood,T.cell,0.5714285714285714,0.7376,0.6439671730399861,2500
GEO_GSE337336_GENERIC_CSV_PAIR_EXPANDED,marker_only,B.cell,0.4694746805489825,0.3968,0.43008887925428135,2500
GEO_GSE337336_GENERIC_CSV_PAIR_EXPANDED,marker_only,Endothelial.cell,0.55359565807327,0.4896,0.5196348970494588,2500
GEO_GSE337336_GENERIC_CSV_PAIR_EXPANDED,marker_only,Fibroblast,0.6714049586776859,0.8124,0.7352036199095022,2500
GEO_GSE337336_GENERIC_CSV_PAIR_EXPANDED,marker_only,Keratinocyte,0.6390887290167866,0.6396,0.639344262295082,2500
GEO_GSE337336_GENERIC_CSV_PAIR_EXPANDED,marker_only,Macrophage.DC,0.6264988009592326,0.836,0.7162440027416038,2500
GEO_GSE337336_GENERIC_CSV_PAIR_EXPANDED,marker_only,Melanocyte,0.5628099173553719,0.5448,0.5536585365853659,2500
GEO_GSE337336_GENERIC_CSV_PAIR_EXPANDED,marker_only,Pericyte,0.670299727520436,0.2952,0.40988614273812835,2500
GEO_GSE337336_GENERIC_CSV_PAIR_EXPANDED,marker_only,T.cell,0.5707776427703524,0.7516,0.6488259668508287,2500
GEO_GSE337336_GENERIC_CSV_PAIR_EXPANDED,marker_reference_profile,B.cell,0.499805523142746,0.514,0.5068033918359297,2500
GEO_GSE337336_GENERIC_CSV_PAIR_EXPANDED,marker_reference_profile,Endothelial.cell,0.5431942688579857,0.5156,0.5290375538682537,2500
GEO_GSE337336_GENERIC_CSV_PAIR_EXPANDED,marker_reference_profile,Fibroblast,0.7068370165745856,0.8188,0.7587101556708673,2500
GEO_GSE337336_GENERIC_CSV_PAIR_EXPANDED,marker_reference_profile,Keratinocyte,0.6669374492282697,0.6568,0.6618299072954454,2500
GEO_GSE337336_GENERIC_CSV_PAIR_EXPANDED,marker_reference_profile,Macrophage.DC,0.6727858293075685,0.8356,0.7454058876003569,2500
GEO_GSE337336_GENERIC_CSV_PAIR_EXPANDED,marker_reference_profile,Melanocyte,0.5475189234650967,0.5208,0.5338253382533825,2500
GEO_GSE337336_GENERIC_CSV_PAIR_EXPANDED,marker_reference_profile,Pericyte,0.6411815812337098,0.2952,0.40427280197206245,2500
GEO_GSE337336_GENERIC_CSV_PAIR_EXPANDED,marker_reference_profile,T.cell,0.6093342036553525,0.7468,0.671099928109274,2500
GEO_GSE337336_GENERIC_CSV_PAIR_EXPANDED,reference_profile,B.cell,0.5118426334805299,0.51,0.5109196553796834,2500
GEO_GSE337336_GENERIC_CSV_PAIR_EXPANDED,reference_profile,Endothelial.cell,0.47612672913877735,0.4268,0.45011600928074247,2500
GEO_GSE337336_GENERIC_CSV_PAIR_EXPANDED,reference_profile,Fibroblast,0.8294496777392166,0.6692,0.7407571396944875,2500
GEO_GSE337336_GENERIC_CSV_PAIR_EXPANDED,reference_profile,Keratinocyte,0.4262038073908175,0.7612,0.5464465183058148,2500
GEO_GSE337336_GENERIC_CSV_PAIR_EXPANDED,reference_profile,Macrophage.DC,0.7888939880679211,0.6876,0.7347723872622355,2500
GEO_GSE337336_GENERIC_CSV_PAIR_EXPANDED,reference_profile,Melanocyte,0.3080895008605852,0.4296,0.35883728700300693,2500
GEO_GSE337336_GENERIC_CSV_PAIR_EXPANDED,reference_profile,Pericyte,0.555205047318612,0.2112,0.30599826137351493,2500
GEO_GSE337336_GENERIC_CSV_PAIR_EXPANDED,reference_profile,T.cell,0.6857142857142857,0.5952,0.6372591006423982,2500
GSE202623_CELLTYPE_EXPANDED,learned_permuted_prior,Astrocytes,0.75,0.789,0.7690058479532162,1000
GSE202623_CELLTYPE_EXPANDED,learned_permuted_prior,CA1-ProS,0.06986301369863014,0.9444444444444444,0.13010204081632654,54
GSE202623_CELLTYPE_EXPANDED,learned_permuted_prior,CA3,0.3610698365527489,0.7408536585365854,0.4855144855144855,656
GSE202623_CELLTYPE_EXPANDED,learned_permuted_prior,CR,0.1378299120234604,0.17472118959107807,0.1540983606557377,269
GSE202623_CELLTYPE_EXPANDED,learned_permuted_prior,Car3,0.9209677419354839,0.571,0.7049382716049383,1000
GSE202623_CELLTYPE_EXPANDED,learned_permuted_prior,Chat,0.9608938547486033,0.688,0.8018648018648019,1000
GSE202623_CELLTYPE_EXPANDED,learned_permuted_prior,D1 MSN,0.6772525849335302,0.917,0.7790994052676296,1000
GSE202623_CELLTYPE_EXPANDED,learned_permuted_prior,D2 MSN,0.8165853658536585,0.837,0.8266666666666667,1000
GSE202623_CELLTYPE_EXPANDED,learned_permuted_prior,DG,0.45194805194805193,0.174,0.2512635379061372,1000
GSE202623_CELLTYPE_EXPANDED,learned_permuted_prior,Endothelial,0.5863840719332049,0.913,0.7141181071568244,1000
GSE202623_CELLTYPE_EXPANDED,learned_permuted_prior,Ependymal,0.9666329625884732,0.956,0.9612870789341378,1000
GSE202623_CELLTYPE_EXPANDED,learned_permuted_prior,Excitatory_Thalamus,0.8175182481751825,0.896,0.8549618320610687,1000
GSE202623_CELLTYPE_EXPANDED,learned_permuted_prior,Inhibitory_BrainStem,0.7124735729386892,0.674,0.6927029804727647,1000
GSE202623_CELLTYPE_EXPANDED,learned_permuted_prior,L2 IT ENTl,0.461271676300578,0.399,0.4278820375335121,1000
GSE202623_CELLTYPE_EXPANDED,learned_permuted_prior,L2/3 IT CTX,0.5856854838709677,0.581,0.5833333333333334,1000
GSE202623_CELLTYPE_EXPANDED,learned_permuted_prior,L2/3 IT PPP,0.3761996161228407,0.7747035573122529,0.5064599483204134,253
GSE202623_CELLTYPE_EXPANDED,learned_permuted_prior,L4 RSP-ACA,0.14701378254211334,0.7058823529411765,0.24334600760456276,136
GSE202623_CELLTYPE_EXPANDED,learned_permuted_prior,L4/5 IT CTX,0.5726415094339623,0.607,0.5893203883495146,1000
GSE202623_CELLTYPE_EXPANDED,learned_permuted_prior,L5 IT CTX,0.5795148247978437,0.43,0.49368541905855345,1000
GSE202623_CELLTYPE_EXPANDED,learned_permuted_prior,L5 PT CTX,0.7265625,0.279,0.40317919075144515,1000
GSE202623_CELLTYPE_EXPANDED,learned_permuted_prior,L5/6 IT TPE-ENT,0.11426319936958235,0.8238636363636364,0.20069204152249137,176
GSE202623_CELLTYPE_EXPANDED,learned_permuted_prior,L5/6 NP CTX,0.6347826086956522,0.438,0.5183431952662721,1000
GSE202623_CELLTYPE_EXPANDED,learned_permuted_prior,L6 CT CTX,0.6571428571428571,0.736,0.6943396226415094,1000
GSE202623_CELLTYPE_EXPANDED,learned_permuted_prior,L6 IT CTX,0.7102803738317757,0.152,0.2504118616144975,1000
GSE202623_CELLTYPE_EXPANDED,learned_permuted_prior,L6b CTX,0.5005313496280552,0.471,0.4853168469860896,1000
GSE202623_CELLTYPE_EXPANDED,learned_permuted_prior,L6b/CT ENT,0.2454835281615303,0.231,0.23802163833075737,1000
GSE202623_CELLTYPE_EXPANDED,learned_permuted_prior,Lamp5,0.816953316953317,0.665,0.733186328555678,1000
GSE202623_CELLTYPE_EXPANDED,learned_permuted_prior,Macrophages,0.25257731958762886,0.3828125,0.30434782608695654,256
GSE202623_CELLTYPE_EXPANDED,learned_permuted_prior,Microglia,0.7003484320557491,0.603,0.6480386888769478,1000
GSE202623_CELLTYPE_EXPANDED,learned_permuted_prior,NP PPP,0.010126582278481013,0.06779661016949153,0.01762114537444934,59
GSE202623_CELLTYPE_EXPANDED,learned_permuted_prior,NeuralPrecursors,0.9150743099787686,0.9288793103448276,0.9219251336898396,464
GSE202623_CELLTYPE_EXPANDED,learned_permuted_prior,OPCs,0.9771863117870723,0.771,0.8619340413638905,1000
GSE202623_CELLTYPE_EXPANDED,learned_permuted_prior,Oligodendrocyte,0.8066666666666666,0.968,0.88,1000
GSE202623_CELLTYPE_EXPANDED,learned_permuted_prior,Pericytes,0.900974025974026,0.555,0.6868811881188119,1000
GSE202623_CELLTYPE_EXPANDED,learned_permuted_prior,Pvalb,0.7281553398058253,0.825,0.7735583684950774,1000
GSE202623_CELLTYPE_EXPANDED,learned_permuted_prior,Sncg,0.5318761384335154,0.6279569892473118,0.5759368836291914,465
GSE202623_CELLTYPE_EXPANDED,learned_permuted_prior,Sst,0.7670850767085077,0.55,0.6406523005241701,1000
GSE202623_CELLTYPE_EXPANDED,learned_permuted_prior,Sst Chodl,0.9121522693997072,0.8476190476190476,0.8787023977433005,735
GSE202623_CELLTYPE_EXPANDED,learned_permuted_prior,T-cells,0.37662337662337664,0.3670886075949367,0.37179487179487186,237
GSE202623_CELLTYPE_EXPANDED,learned_permuted_prior,VLMC,0.9386892177589852,0.444,0.6028513238289206,1000
GSE202623_CELLTYPE_EXPANDED,learned_permuted_prior,VSMC,0.8406466512702079,0.728,0.7802786709539122,1000
GSE202623_CELLTYPE_EXPANDED,learned_permuted_prior,Vip,0.7239024390243902,0.742,0.7328395061728394,1000
GSE202623_CELLTYPE_EXPANDED,learned_random_graph,Astrocytes,0.7509124087591241,0.823,0.7853053435114503,1000
GSE202623_CELLTYPE_EXPANDED,learned_random_graph,CA1-ProS,0.06219512195121951,0.9444444444444444,0.11670480549199085,54
GSE202623_CELLTYPE_EXPANDED,learned_random_graph,CA3,0.36459909228441756,0.7347560975609756,0.4873609706774519,656
GSE202623_CELLTYPE_EXPANDED,learned_random_graph,CR,0.17422434367541767,0.27137546468401486,0.21220930232558138,269
GSE202623_CELLTYPE_EXPANDED,learned_random_graph,Car3,0.9401709401709402,0.55,0.694006309148265,1000
GSE202623_CELLTYPE_EXPANDED,learned_random_graph,Chat,0.9706703910614525,0.695,0.81002331002331,1000
GSE202623_CELLTYPE_EXPANDED,learned_random_graph,D1 MSN,0.7250996015936255,0.91,0.8070953436807097,1000
GSE202623_CELLTYPE_EXPANDED,learned_random_graph,D2 MSN,0.8018348623853211,0.874,0.8363636363636364,1000
GSE202623_CELLTYPE_EXPANDED,learned_random_graph,DG,0.5410447761194029,0.145,0.2287066246056782,1000
GSE202623_CELLTYPE_EXPANDED,learned_random_graph,Endothelial,0.575,0.92,0.7076923076923077,1000
GSE202623_CELLTYPE_EXPANDED,learned_random_graph,Ependymal,0.9401544401544402,0.974,0.956777996070727,1000
GSE202623_CELLTYPE_EXPANDED,learned_random_graph,Excitatory_Thalamus,0.8086802480070859,0.913,0.8576796618130578,1000
GSE202623_CELLTYPE_EXPANDED,learned_random_graph,Inhibitory_BrainStem,0.7282266526757608,0.694,0.7107014848950333,1000
GSE202623_CELLTYPE_EXPANDED,learned_random_graph,L2 IT ENTl,0.4842233009708738,0.399,0.4375,1000
GSE202623_CELLTYPE_EXPANDED,learned_random_graph,L2/3 IT CTX,0.5828516377649325,0.605,0.593719332679097,1000
GSE202623_CELLTYPE_EXPANDED,learned_random_graph,L2/3 IT PPP,0.37896825396825395,0.7549407114624506,0.5046235138705415,253
GSE202623_CELLTYPE_EXPANDED,learned_random_graph,L4 RSP-ACA,0.15086206896551724,0.7720588235294118,0.25240384615384615,136
GSE202623_CELLTYPE_EXPANDED,learned_random_graph,L4/5 IT CTX,0.5738476011288806,0.61,0.5913717886572952,1000
GSE202623_CELLTYPE_EXPANDED,learned_random_graph,L5 IT CTX,0.5982783357245337,0.417,0.4914555097230407,1000
GSE202623_CELLTYPE_EXPANDED,learned_random_graph,L5 PT CTX,0.7648648648648648,0.283,0.4131386861313868,1000
GSE202623_CELLTYPE_EXPANDED,learned_random_graph,L5/6 IT TPE-ENT,0.12876712328767123,0.8011363636363636,0.22187254130605819,176
GSE202623_CELLTYPE_EXPANDED,learned_random_graph,L5/6 NP CTX,0.6536144578313253,0.434,0.5216346153846154,1000
GSE202623_CELLTYPE_EXPANDED,learned_random_graph,L6 CT CTX,0.6831588962892483,0.718,0.7001462701121404,1000
GSE202623_CELLTYPE_EXPANDED,learned_random_graph,L6 IT CTX,0.7511520737327189,0.163,0.26787181594083814,1000
GSE202623_CELLTYPE_EXPANDED,learned_random_graph,L6b CTX,0.41615853658536583,0.546,0.472318339100346,1000
GSE202623_CELLTYPE_EXPANDED,learned_random_graph,L6b/CT ENT,0.25595238095238093,0.215,0.23369565217391305,1000
GSE202623_CELLTYPE_EXPANDED,learned_random_graph,Lamp5,0.813953488372093,0.7,0.7526881720430109,1000
GSE202623_CELLTYPE_EXPANDED,learned_random_graph,Macrophages,0.28804347826086957,0.20703125,0.24090909090909093,256
GSE202623_CELLTYPE_EXPANDED,learned_random_graph,Microglia,0.6896251089799477,0.791,0.7368421052631579,1000
GSE202623_CELLTYPE_EXPANDED,learned_random_graph,NP PPP,0.013513513513513514,0.0847457627118644,0.023310023310023312,59
GSE202623_CELLTYPE_EXPANDED,learned_random_graph,NeuralPrecursors,0.928416485900217,0.9224137931034483,0.9254054054054054,464
GSE202623_CELLTYPE_EXPANDED,learned_random_graph,OPCs,0.9800747198007472,0.787,0.872989462007765,1000
GSE202623_CELLTYPE_EXPANDED,learned_random_graph,Oligodendrocyte,0.8672014260249554,0.973,0.9170593779453347,1000
GSE202623_CELLTYPE_EXPANDED,learned_random_graph,Pericytes,0.9140625,0.585,0.7134146341463414,1000
GSE202623_CELLTYPE_EXPANDED,learned_random_graph,Pvalb,0.7495479204339964,0.829,0.7872744539411206,1000
GSE202623_CELLTYPE_EXPANDED,learned_random_graph,Sncg,0.5602294455066922,0.6301075268817204,0.5931174089068825,465
GSE202623_CELLTYPE_EXPANDED,learned_random_graph,Sst,0.7892503536067893,0.558,0.6537785588752197,1000
GSE202623_CELLTYPE_EXPANDED,learned_random_graph,Sst Chodl,0.8706536856745479,0.8517006802721089,0.861072902338377,735
GSE202623_CELLTYPE_EXPANDED,learned_random_graph,T-cells,0.6273291925465838,0.42616033755274263,0.507537688442211,237
GSE202623_CELLTYPE_EXPANDED,learned_random_graph,VLMC,0.9297297297297298,0.516,0.6636655948553055,1000
GSE202623_CELLTYPE_EXPANDED,learned_random_graph,VSMC,0.9559659090909091,0.673,0.7899061032863849,1000
GSE202623_CELLTYPE_EXPANDED,learned_random_graph,Vip,0.720616570327553,0.748,0.7340529931305201,1000
GSE202623_CELLTYPE_EXPANDED,marker_context_specific_neighborhood,Astrocytes,0.7419064748201439,0.825,0.7812499999999999,1000
GSE202623_CELLTYPE_EXPANDED,marker_context_specific_neighborhood,CA1-ProS,0.06234718826405868,0.9444444444444444,0.11697247706422019,54
GSE202623_CELLTYPE_EXPANDED,marker_context_specific_neighborhood,CA3,0.37122969837587005,0.7317073170731707,0.49256028732683427,656
GSE202623_CELLTYPE_EXPANDED,marker_context_specific_neighborhood,CR,0.17280453257790368,0.22676579925650558,0.19614147909967847,269
GSE202623_CELLTYPE_EXPANDED,marker_context_specific_neighborhood,Car3,0.9414802065404475,0.547,0.6919671094244151,1000
GSE202623_CELLTYPE_EXPANDED,marker_context_specific_neighborhood,Chat,0.9653259361997226,0.696,0.8088320743753632,1000
GSE202623_CELLTYPE_EXPANDED,marker_context_specific_neighborhood,D1 MSN,0.7197149643705463,0.909,0.8033583738400354,1000
GSE202623_CELLTYPE_EXPANDED,marker_context_specific_neighborhood,D2 MSN,0.8034894398530762,0.875,0.8377213977979895,1000
GSE202623_CELLTYPE_EXPANDED,marker_context_specific_neighborhood,DG,0.48,0.18,0.26181818181818184,1000
GSE202623_CELLTYPE_EXPANDED,marker_context_specific_neighborhood,Endothelial,0.5811153358681875,0.917,0.7114041892940264,1000
GSE202623_CELLTYPE_EXPANDED,marker_context_specific_neighborhood,Ependymal,0.9540918163672655,0.956,0.955044955044955,1000
GSE202623_CELLTYPE_EXPANDED,marker_context_specific_neighborhood,Excitatory_Thalamus,0.8167870036101083,0.905,0.8586337760910816,1000
GSE202623_CELLTYPE_EXPANDED,marker_context_specific_neighborhood,Inhibitory_BrainStem,0.7308510638297873,0.687,0.7082474226804124,1000
GSE202623_CELLTYPE_EXPANDED,marker_context_specific_neighborhood,L2 IT ENTl,0.4823815309842041,0.397,0.43554580362040596,1000
GSE202623_CELLTYPE_EXPANDED,marker_context_specific_neighborhood,L2/3 IT CTX,0.5896927651139743,0.595,0.5923344947735192,1000
GSE202623_CELLTYPE_EXPANDED,marker_context_specific_neighborhood,L2/3 IT PPP,0.35428571428571426,0.7351778656126482,0.47814910025706936,253
GSE202623_CELLTYPE_EXPANDED,marker_context_specific_neighborhood,L4 RSP-ACA,0.14345403899721448,0.7573529411764706,0.24121779859484774,136
GSE202623_CELLTYPE_EXPANDED,marker_context_specific_neighborhood,L4/5 IT CTX,0.5677480916030534,0.595,0.5810546875,1000
GSE202623_CELLTYPE_EXPANDED,marker_context_specific_neighborhood,L5 IT CTX,0.5930232558139535,0.408,0.48341232227488146,1000
GSE202623_CELLTYPE_EXPANDED,marker_context_specific_neighborhood,L5 PT CTX,0.7560975609756098,0.279,0.40759678597516436,1000
GSE202623_CELLTYPE_EXPANDED,marker_context_specific_neighborhood,L5/6 IT TPE-ENT,0.12402428447528187,0.8125,0.21519939804364183,176
GSE202623_CELLTYPE_EXPANDED,marker_context_specific_neighborhood,L5/6 NP CTX,0.6501501501501501,0.433,0.5198079231692676,1000
GSE202623_CELLTYPE_EXPANDED,marker_context_specific_neighborhood,L6 CT CTX,0.6627486437613019,0.733,0.6961063627730294,1000
GSE202623_CELLTYPE_EXPANDED,marker_context_specific_neighborhood,L6 IT CTX,0.7171314741035857,0.18,0.2877697841726619,1000
GSE202623_CELLTYPE_EXPANDED,marker_context_specific_neighborhood,L6b CTX,0.44415807560137455,0.517,0.477818853974122,1000
GSE202623_CELLTYPE_EXPANDED,marker_context_specific_neighborhood,L6b/CT ENT,0.2526439482961222,0.215,0.2323068611561318,1000
GSE202623_CELLTYPE_EXPANDED,marker_context_specific_neighborhood,Lamp5,0.8097447795823666,0.698,0.7497314715359829,1000
GSE202623_CELLTYPE_EXPANDED,marker_context_specific_neighborhood,Macrophages,0.2628398791540785,0.33984375,0.29642248722316866,256
GSE202623_CELLTYPE_EXPANDED,marker_context_specific_neighborhood,Microglia,0.6900296150049359,0.699,0.6944858420268257,1000
GSE202623_CELLTYPE_EXPANDED,marker_context_specific_neighborhood,NP PPP,0.015706806282722512,0.1016949152542373,0.027210884353741496,59
GSE202623_CELLTYPE_EXPANDED,marker_context_specific_neighborhood,NeuralPrecursors,0.928416485900217,0.9224137931034483,0.9254054054054054,464
GSE202623_CELLTYPE_EXPANDED,marker_context_specific_neighborhood,OPCs,0.969173859432799,0.786,0.8680287134180011,1000
GSE202623_CELLTYPE_EXPANDED,marker_context_specific_neighborhood,Oligodendrocyte,0.8725135623869801,0.965,0.916429249762583,1000
GSE202623_CELLTYPE_EXPANDED,marker_context_specific_neighborhood,Pericytes,0.8539007092198582,0.602,0.7061583577712609,1000
GSE202623_CELLTYPE_EXPANDED,marker_context_specific_neighborhood,Pvalb,0.7495446265938069,0.823,0.7845567206863681,1000
GSE202623_CELLTYPE_EXPANDED,marker_context_specific_neighborhood,Sncg,0.5647969052224371,0.6279569892473118,0.5947046843177188,465
GSE202623_CELLTYPE_EXPANDED,marker_context_specific_neighborhood,Sst,0.7876230661040787,0.56,0.6545879602571597,1000
GSE202623_CELLTYPE_EXPANDED,marker_context_specific_neighborhood,Sst Chodl,0.8818565400843882,0.8530612244897959,0.867219917012448,735
GSE202623_CELLTYPE_EXPANDED,marker_context_specific_neighborhood,T-cells,0.5828220858895705,0.4008438818565401,0.475,237
GSE202623_CELLTYPE_EXPANDED,marker_context_specific_neighborhood,VLMC,0.911660777385159,0.516,0.6590038314176245,1000
GSE202623_CELLTYPE_EXPANDED,marker_context_specific_neighborhood,VSMC,0.9569093610698366,0.644,0.7698744769874477,1000
GSE202623_CELLTYPE_EXPANDED,marker_context_specific_neighborhood,Vip,0.7179732313575525,0.751,0.7341153470185727,1000
GSE202623_CELLTYPE_EXPANDED,marker_learned_neighborhood,Astrocytes,0.7497725204731575,0.824,0.7851357789423534,1000
GSE202623_CELLTYPE_EXPANDED,marker_learned_neighborhood,CA1-ProS,0.06181818181818182,0.9444444444444444,0.11604095563139932,54
GSE202623_CELLTYPE_EXPANDED,marker_learned_neighborhood,CA3,0.3614457831325301,0.7317073170731707,0.4838709677419354,656
GSE202623_CELLTYPE_EXPANDED,marker_learned_neighborhood,CR,0.1773049645390071,0.2788104089219331,0.21676300578034682,269
GSE202623_CELLTYPE_EXPANDED,marker_learned_neighborhood,Car3,0.9417808219178082,0.55,0.6944444444444444,1000
GSE202623_CELLTYPE_EXPANDED,marker_learned_neighborhood,Chat,0.9707520891364902,0.697,0.8114086146682187,1000
GSE202623_CELLTYPE_EXPANDED,marker_learned_neighborhood,D1 MSN,0.7245222929936306,0.91,0.8067375886524821,1000
GSE202623_CELLTYPE_EXPANDED,marker_learned_neighborhood,D2 MSN,0.79981718464351,0.875,0.8357211079274116,1000
GSE202623_CELLTYPE_EXPANDED,marker_learned_neighborhood,DG,0.5416666666666666,0.143,0.2262658227848101,1000
GSE202623_CELLTYPE_EXPANDED,marker_learned_neighborhood,Endothelial,0.5773324984345648,0.922,0.7100500577589527,1000
GSE202623_CELLTYPE_EXPANDED,marker_learned_neighborhood,Ependymal,0.9427184466019417,0.971,0.9566502463054187,1000
GSE202623_CELLTYPE_EXPANDED,marker_learned_neighborhood,Excitatory_Thalamus,0.8085106382978723,0.912,0.8571428571428571,1000
GSE202623_CELLTYPE_EXPANDED,marker_learned_neighborhood,Inhibitory_BrainStem,0.7269874476987448,0.695,0.7106339468302658,1000
GSE202623_CELLTYPE_EXPANDED,marker_learned_neighborhood,L2 IT ENTl,0.4860606060606061,0.401,0.43945205479452054,1000
GSE202623_CELLTYPE_EXPANDED,marker_learned_neighborhood,L2/3 IT CTX,0.5845410628019324,0.605,0.5945945945945946,1000
GSE202623_CELLTYPE_EXPANDED,marker_learned_neighborhood,L2/3 IT PPP,0.37450980392156863,0.7549407114624506,0.5006553079947575,253
GSE202623_CELLTYPE_EXPANDED,marker_learned_neighborhood,L4 RSP-ACA,0.14957264957264957,0.7720588235294118,0.25059665871121717,136
GSE202623_CELLTYPE_EXPANDED,marker_learned_neighborhood,L4/5 IT CTX,0.5745283018867925,0.609,0.5912621359223302,1000
GSE202623_CELLTYPE_EXPANDED,marker_learned_neighborhood,L5 IT CTX,0.6002886002886003,0.416,0.4914353219137626,1000
GSE202623_CELLTYPE_EXPANDED,marker_learned_neighborhood,L5 PT CTX,0.7635869565217391,0.281,0.4108187134502924,1000
GSE202623_CELLTYPE_EXPANDED,marker_learned_neighborhood,L5/6 IT TPE-ENT,0.12950971322849214,0.7954545454545454,0.22275258552108193,176
GSE202623_CELLTYPE_EXPANDED,marker_learned_neighborhood,L5/6 NP CTX,0.6521739130434783,0.435,0.5218956208758249,1000
GSE202623_CELLTYPE_EXPANDED,marker_learned_neighborhood,L6 CT CTX,0.6822074215033301,0.717,0.6991711360312043,1000
GSE202623_CELLTYPE_EXPANDED,marker_learned_neighborhood,L6 IT CTX,0.755656108597285,0.167,0.27354627354627353,1000
GSE202623_CELLTYPE_EXPANDED,marker_learned_neighborhood,L6b CTX,0.41647770219198793,0.551,0.47438656909169175,1000
GSE202623_CELLTYPE_EXPANDED,marker_learned_neighborhood,L6b/CT ENT,0.2545018007202881,0.212,0.23131478450627385,1000
GSE202623_CELLTYPE_EXPANDED,marker_learned_neighborhood,Lamp5,0.8120649651972158,0.7,0.7518796992481203,1000
GSE202623_CELLTYPE_EXPANDED,marker_learned_neighborhood,Macrophages,0.2896174863387978,0.20703125,0.24145785876993164,256
GSE202623_CELLTYPE_EXPANDED,marker_learned_neighborhood,Microglia,0.6895652173913044,0.793,0.7376744186046512,1000
GSE202623_CELLTYPE_EXPANDED,marker_learned_neighborhood,NP PPP,0.011111111111111112,0.06779661016949153,0.01909307875894988,59
GSE202623_CELLTYPE_EXPANDED,marker_learned_neighborhood,NeuralPrecursors,0.9267241379310345,0.9267241379310345,0.9267241379310345,464
GSE202623_CELLTYPE_EXPANDED,marker_learned_neighborhood,OPCs,0.9776119402985075,0.786,0.8713968957871396,1000
GSE202623_CELLTYPE_EXPANDED,marker_learned_neighborhood,Oligodendrocyte,0.8688670829616414,0.974,0.9184347006129184,1000
GSE202623_CELLTYPE_EXPANDED,marker_learned_neighborhood,Pericytes,0.911353032659409,0.586,0.7133292757151553,1000
GSE202623_CELLTYPE_EXPANDED,marker_learned_neighborhood,Pvalb,0.7495479204339964,0.829,0.7872744539411206,1000
GSE202623_CELLTYPE_EXPANDED,marker_learned_neighborhood,Sncg,0.5613026819923371,0.6301075268817204,0.5937183383991895,465
GSE202623_CELLTYPE_EXPANDED,marker_learned_neighborhood,Sst,0.7960057061340942,0.558,0.6560846560846562,1000
GSE202623_CELLTYPE_EXPANDED,marker_learned_neighborhood,Sst Chodl,0.8694444444444445,0.8517006802721089,0.8604810996563573,735
GSE202623_CELLTYPE_EXPANDED,marker_learned_neighborhood,T-cells,0.643312101910828,0.42616033755274263,0.5126903553299492,237
GSE202623_CELLTYPE_EXPANDED,marker_learned_neighborhood,VLMC,0.9279279279279279,0.515,0.662379421221865,1000
GSE202623_CELLTYPE_EXPANDED,marker_learned_neighborhood,VSMC,0.9577464788732394,0.68,0.7953216374269005,1000
GSE202623_CELLTYPE_EXPANDED,marker_learned_neighborhood,Vip,0.7264791464597479,0.749,0.7375677006400788,1000
GSE202623_CELLTYPE_EXPANDED,marker_only,Astrocytes,0.7304653204565408,0.832,0.777933613838242,1000
GSE202623_CELLTYPE_EXPANDED,marker_only,CA1-ProS,0.060570071258907364,0.9444444444444444,0.1138392857142857,54
GSE202623_CELLTYPE_EXPANDED,marker_only,CA3,0.37888198757763975,0.7439024390243902,0.5020576131687243,656
GSE202623_CELLTYPE_EXPANDED,marker_only,CR,0.1585014409221902,0.20446096654275092,0.17857142857142858,269
GSE202623_CELLTYPE_EXPANDED,marker_only,Car3,0.9431034482758621,0.547,0.6924050632911393,1000
GSE202623_CELLTYPE_EXPANDED,marker_only,Chat,0.976056338028169,0.693,0.8105263157894738,1000
GSE202623_CELLTYPE_EXPANDED,marker_only,D1 MSN,0.7065727699530516,0.903,0.7928007023705005,1000
GSE202623_CELLTYPE_EXPANDED,marker_only,D2 MSN,0.8031278748850046,0.873,0.836607570675611,1000
GSE202623_CELLTYPE_EXPANDED,marker_only,DG,0.42947368421052634,0.204,0.27661016949152545,1000
GSE202623_CELLTYPE_EXPANDED,marker_only,Endothelial,0.5642594859241126,0.922,0.7000759301442673,1000
GSE202623_CELLTYPE_EXPANDED,marker_only,Ependymal,0.9827213822894169,0.91,0.9449636552440291,1000
GSE202623_CELLTYPE_EXPANDED,marker_only,Excitatory_Thalamus,0.8148820326678766,0.898,0.8544243577545195,1000
GSE202623_CELLTYPE_EXPANDED,marker_only,Inhibitory_BrainStem,0.729490022172949,0.658,0.6919032597266036,1000
GSE202623_CELLTYPE_EXPANDED,marker_only,L2 IT ENTl,0.4718066743383199,0.41,0.43873729266987693,1000
GSE202623_CELLTYPE_EXPANDED,marker_only,L2/3 IT CTX,0.5858684985279686,0.597,0.5913818722139672,1000
GSE202623_CELLTYPE_EXPANDED,marker_only,L2/3 IT PPP,0.35428571428571426,0.7351778656126482,0.47814910025706936,253
GSE202623_CELLTYPE_EXPANDED,marker_only,L4 RSP-ACA,0.15082956259426847,0.7352941176470589,0.2503128911138923,136
GSE202623_CELLTYPE_EXPANDED,marker_only,L4/5 IT CTX,0.5808383233532934,0.582,0.5814185814185814,1000
GSE202623_CELLTYPE_EXPANDED,marker_only,L5 IT CTX,0.5988538681948424,0.418,0.49234393404004706,1000
GSE202623_CELLTYPE_EXPANDED,marker_only,L5 PT CTX,0.7558441558441559,0.291,0.4202166064981949,1000
GSE202623_CELLTYPE_EXPANDED,marker_only,L5/6 IT TPE-ENT,0.12100840336134454,0.8181818181818182,0.21083455344070276,176
GSE202623_CELLTYPE_EXPANDED,marker_only,L5/6 NP CTX,0.6448326055312955,0.443,0.5251926496739775,1000
GSE202623_CELLTYPE_EXPANDED,marker_only,L6 CT CTX,0.6693989071038251,0.735,0.7006673021925645,1000
GSE202623_CELLTYPE_EXPANDED,marker_only,L6 IT CTX,0.7089552238805971,0.19,0.2996845425867508,1000
GSE202623_CELLTYPE_EXPANDED,marker_only,L6b CTX,0.4755859375,0.487,0.48122529644268774,1000
GSE202623_CELLTYPE_EXPANDED,marker_only,L6b/CT ENT,0.21514818880351264,0.196,0.20512820512820512,1000
GSE202623_CELLTYPE_EXPANDED,marker_only,Lamp5,0.8160095579450418,0.683,0.7436037016875341,1000
GSE202623_CELLTYPE_EXPANDED,marker_only,Macrophages,0.28699551569506726,0.25,0.26722338204592905,256
GSE202623_CELLTYPE_EXPANDED,marker_only,Microglia,0.6958483754512635,0.771,0.7314990512333966,1000
GSE202623_CELLTYPE_EXPANDED,marker_only,NP PPP,0.010471204188481676,0.06779661016949153,0.018140589569160998,59
GSE202623_CELLTYPE_EXPANDED,marker_only,NeuralPrecursors,0.9219088937093276,0.915948275862069,0.918918918918919,464
GSE202623_CELLTYPE_EXPANDED,marker_only,OPCs,0.9777777777777777,0.792,0.8751381215469614,1000
GSE202623_CELLTYPE_EXPANDED,marker_only,Oligodendrocyte,0.8623445825932504,0.971,0.9134524929444967,1000
GSE202623_CELLTYPE_EXPANDED,marker_only,Pericytes,0.9086687306501547,0.587,0.7132442284325636,1000
GSE202623_CELLTYPE_EXPANDED,marker_only,Pvalb,0.7411032028469751,0.833,0.7843691148775894,1000
GSE202623_CELLTYPE_EXPANDED,marker_only,Sncg,0.5446096654275093,0.6301075268817204,0.5842472582253241,465
GSE202623_CELLTYPE_EXPANDED,marker_only,Sst,0.7663934426229508,0.561,0.6478060046189377,1000
GSE202623_CELLTYPE_EXPANDED,marker_only,Sst Chodl,0.8979885057471264,0.8503401360544217,0.8735150244584206,735
GSE202623_CELLTYPE_EXPANDED,marker_only,T-cells,0.7272727272727273,0.4050632911392405,0.5203252032520326,237
GSE202623_CELLTYPE_EXPANDED,marker_only,VLMC,0.9220532319391636,0.485,0.63564875491481,1000
GSE202623_CELLTYPE_EXPANDED,marker_only,VSMC,0.9735294117647059,0.662,0.7880952380952381,1000
GSE202623_CELLTYPE_EXPANDED,marker_only,Vip,0.6954128440366972,0.758,0.7253588516746412,1000
GSE202623_CELLTYPE_EXPANDED,marker_reference_profile,Astrocytes,0.7264069264069264,0.839,0.7786542923433875,1000
GSE202623_CELLTYPE_EXPANDED,marker_reference_profile,CA1-ProS,0.07974481658692185,0.9259259259259259,0.14684287812041116,54
GSE202623_CELLTYPE_EXPANDED,marker_reference_profile,CA3,0.43138936535162953,0.7667682926829268,0.5521405049396269,656
GSE202623_CELLTYPE_EXPANDED,marker_reference_profile,CR,0.23214285714285715,0.19330855018587362,0.21095334685598377,269
GSE202623_CELLTYPE_EXPANDED,marker_reference_profile,Car3,0.9662698412698413,0.487,0.6476063829787234,1000
GSE202623_CELLTYPE_EXPANDED,marker_reference_profile,Chat,0.9466840052015605,0.728,0.823063877897117,1000
GSE202623_CELLTYPE_EXPANDED,marker_reference_profile,D1 MSN,0.7204472843450479,0.902,0.8010657193605684,1000
GSE202623_CELLTYPE_EXPANDED,marker_reference_profile,D2 MSN,0.8297474275023387,0.887,0.8574190430159497,1000
GSE202623_CELLTYPE_EXPANDED,marker_reference_profile,DG,0.3813813813813814,0.127,0.19054763690922732,1000
GSE202623_CELLTYPE_EXPANDED,marker_reference_profile,Endothelial,0.6625811103100216,0.919,0.770004189359028,1000
GSE202623_CELLTYPE_EXPANDED,marker_reference_profile,Ependymal,0.9624365482233502,0.948,0.9551637279596977,1000
GSE202623_CELLTYPE_EXPANDED,marker_reference_profile,Excitatory_Thalamus,0.6936936936936937,0.924,0.7924528301886794,1000
GSE202623_CELLTYPE_EXPANDED,marker_reference_profile,Inhibitory_BrainStem,0.7419738406658739,0.624,0.6778924497555676,1000
GSE202623_CELLTYPE_EXPANDED,marker_reference_profile,L2 IT ENTl,0.4781849912739965,0.274,0.3483788938334393,1000
GSE202623_CELLTYPE_EXPANDED,marker_reference_profile,L2/3 IT CTX,0.6497252747252747,0.473,0.5474537037037037,1000
GSE202623_CELLTYPE_EXPANDED,marker_reference_profile,L2/3 IT PPP,0.2795275590551181,0.5612648221343873,0.3731931668856767,253
GSE202623_CELLTYPE_EXPANDED,marker_reference_profile,L4 RSP-ACA,0.09717314487632508,0.8088235294117647,0.17350157728706625,136
GSE202623_CELLTYPE_EXPANDED,marker_reference_profile,L4/5 IT CTX,0.47456575682382135,0.765,0.5857580398162328,1000
GSE202623_CELLTYPE_EXPANDED,marker_reference_profile,L5 IT CTX,0.5914396887159533,0.456,0.5149632975719932,1000
GSE202623_CELLTYPE_EXPANDED,marker_reference_profile,L5 PT CTX,0.8166666666666667,0.147,0.24915254237288134,1000
GSE202623_CELLTYPE_EXPANDED,marker_reference_profile,L5/6 IT TPE-ENT,0.21193415637860083,0.5852272727272727,0.311178247734139,176
GSE202623_CELLTYPE_EXPANDED,marker_reference_profile,L5/6 NP CTX,0.5830346475507766,0.488,0.5313010342950463,1000
GSE202623_CELLTYPE_EXPANDED,marker_reference_profile,L6 CT CTX,0.5962910128388017,0.836,0.6960865945045794,1000
GSE202623_CELLTYPE_EXPANDED,marker_reference_profile,L6 IT CTX,0.6350267379679144,0.475,0.5434782608695653,1000
GSE202623_CELLTYPE_EXPANDED,marker_reference_profile,L6b CTX,0.6378466557911908,0.391,0.4848109113453193,1000
GSE202623_CELLTYPE_EXPANDED,marker_reference_profile,L6b/CT ENT,0.2546245919477693,0.234,0.24387701928087546,1000
GSE202623_CELLTYPE_EXPANDED,marker_reference_profile,Lamp5,0.7891682785299806,0.816,0.8023598820058997,1000
GSE202623_CELLTYPE_EXPANDED,marker_reference_profile,Macrophages,0.3080357142857143,0.5390625,0.3920454545454546,256
GSE202623_CELLTYPE_EXPANDED,marker_reference_profile,Microglia,0.7542372881355932,0.089,0.15921288014311272,1000
GSE202623_CELLTYPE_EXPANDED,marker_reference_profile,NP PPP,0.01968503937007874,0.0847457627118644,0.03194888178913738,59
GSE202623_CELLTYPE_EXPANDED,marker_reference_profile,NeuralPrecursors,0.9662650602409638,0.8642241379310345,0.912400455062571,464
GSE202623_CELLTYPE_EXPANDED,marker_reference_profile,OPCs,0.9025125628140703,0.898,0.9002506265664161,1000
GSE202623_CELLTYPE_EXPANDED,marker_reference_profile,Oligodendrocyte,0.8982584784601283,0.98,0.937350549976088,1000
GSE202623_CELLTYPE_EXPANDED,marker_reference_profile,Pericytes,0.9414225941422594,0.675,0.786255096097845,1000
GSE202623_CELLTYPE_EXPANDED,marker_reference_profile,Pvalb,0.7336322869955157,0.818,0.7735224586288416,1000
GSE202623_CELLTYPE_EXPANDED,marker_reference_profile,Sncg,0.7619047619047619,0.4129032258064516,0.5355648535564854,465
GSE202623_CELLTYPE_EXPANDED,marker_reference_profile,Sst,0.7279503105590062,0.586,0.6493074792243767,1000
GSE202623_CELLTYPE_EXPANDED,marker_reference_profile,Sst Chodl,0.9042857142857142,0.8612244897959184,0.8822299651567944,735
GSE202623_CELLTYPE_EXPANDED,marker_reference_profile,T-cells,0.20761904761904762,0.919831223628692,0.33877233877233875,237
GSE202623_CELLTYPE_EXPANDED,marker_reference_profile,VLMC,0.9325259515570934,0.539,0.6831432192648923,1000
GSE202623_CELLTYPE_EXPANDED,marker_reference_profile,VSMC,0.964332892998679,0.73,0.8309618668184405,1000
GSE202623_CELLTYPE_EXPANDED,marker_reference_profile,Vip,0.6251956181533647,0.799,0.701492537313433,1000
GSE202623_CELLTYPE_EXPANDED,reference_profile,Astrocytes,0.71350861287398,0.787,0.7484545886828342,1000
GSE202623_CELLTYPE_EXPANDED,reference_profile,CA1-ProS,0.04950495049504951,0.18518518518518517,0.078125,54
GSE202623_CELLTYPE_EXPANDED,reference_profile,CA3,0.49723247232472323,0.8216463414634146,0.6195402298850574,656
GSE202623_CELLTYPE_EXPANDED,reference_profile,CR,0.08139534883720931,0.026022304832713755,0.039436619718309855,269
GSE202623_CELLTYPE_EXPANDED,reference_profile,Car3,0.9859154929577465,0.14,0.24518388791593693,1000
GSE202623_CELLTYPE_EXPANDED,reference_profile,Chat,0.7186346863468634,0.779,0.7476007677543186,1000
GSE202623_CELLTYPE_EXPANDED,reference_profile,D1 MSN,0.7222723174030659,0.801,0.759601706970128,1000
GSE202623_CELLTYPE_EXPANDED,reference_profile,D2 MSN,0.8273866923818708,0.858,0.8424153166421208,1000
GSE202623_CELLTYPE_EXPANDED,reference_profile,DG,0.0,0.0,0.0,1000
GSE202623_CELLTYPE_EXPANDED,reference_profile,Endothelial,0.8116883116883117,0.875,0.8421559191530317,1000
GSE202623_CELLTYPE_EXPANDED,reference_profile,Ependymal,0.9208770257387988,0.966,0.9428989751098096,1000
GSE202623_CELLTYPE_EXPANDED,reference_profile,Excitatory_Thalamus,0.3608009241432422,0.937,0.5209897136502641,1000
GSE202623_CELLTYPE_EXPANDED,reference_profile,Inhibitory_BrainStem,0.5832376578645235,0.508,0.5430251202565474,1000
GSE202623_CELLTYPE_EXPANDED,reference_profile,L2 IT ENTl,0.12447552447552447,0.089,0.10379008746355683,1000
GSE202623_CELLTYPE_EXPANDED,reference_profile,L2/3 IT CTX,0.7,0.224,0.3393939393939394,1000
GSE202623_CELLTYPE_EXPANDED,reference_profile,L2/3 IT PPP,0.04110512129380054,0.24110671936758893,0.07023603914795624,253
GSE202623_CELLTYPE_EXPANDED,reference_profile,L4 RSP-ACA,0.07068062827225131,0.7941176470588235,0.12980769230769232,136
GSE202623_CELLTYPE_EXPANDED,reference_profile,L4/5 IT CTX,0.41325431034482757,0.767,0.5371148459383753,1000
GSE202623_CELLTYPE_EXPANDED,reference_profile,L5 IT CTX,0.4750337381916329,0.352,0.4043653072946583,1000
GSE202623_CELLTYPE_EXPANDED,reference_profile,L5 PT CTX,0.9285714285714286,0.013,0.02564102564102564,1000
GSE202623_CELLTYPE_EXPANDED,reference_profile,L5/6 IT TPE-ENT,0.0,0.0,0.0,176
GSE202623_CELLTYPE_EXPANDED,reference_profile,L5/6 NP CTX,0.5357142857142857,0.3,0.38461538461538464,1000
GSE202623_CELLTYPE_EXPANDED,reference_profile,L6 CT CTX,0.5364616360177552,0.846,0.6565774155995343,1000
GSE202623_CELLTYPE_EXPANDED,reference_profile,L6 IT CTX,0.44572250179726813,0.62,0.5186114596403179,1000
GSE202623_CELLTYPE_EXPANDED,reference_profile,L6b CTX,0.912621359223301,0.094,0.17044424297370805,1000
GSE202623_CELLTYPE_EXPANDED,reference_profile,L6b/CT ENT,0.2537313432835821,0.017,0.031865042174320526,1000
GSE202623_CELLTYPE_EXPANDED,reference_profile,Lamp5,0.6885644768856448,0.849,0.7604120017913121,1000
GSE202623_CELLTYPE_EXPANDED,reference_profile,Macrophages,0.30991735537190085,0.29296875,0.30120481927710846,256
GSE202623_CELLTYPE_EXPANDED,reference_profile,Microglia,0.34782608695652173,0.008,0.015640273704789834,1000
GSE202623_CELLTYPE_EXPANDED,reference_profile,NP PPP,0.0,0.0,0.0,59
GSE202623_CELLTYPE_EXPANDED,reference_profile,NeuralPrecursors,0.9230769230769231,0.4396551724137931,0.5956204379562043,464
GSE202623_CELLTYPE_EXPANDED,reference_profile,OPCs,0.6704304869442484,0.95,0.7860984691766654,1000
GSE202623_CELLTYPE_EXPANDED,reference_profile,Oligodendrocyte,0.8919821826280624,0.801,0.8440463645943099,1000
GSE202623_CELLTYPE_EXPANDED,reference_profile,Pericytes,0.963254593175853,0.734,0.8331441543700342,1000
GSE202623_CELLTYPE_EXPANDED,reference_profile,Pvalb,0.7202127659574468,0.677,0.6979381443298969,1000
GSE202623_CELLTYPE_EXPANDED,reference_profile,Sncg,0.75,0.0967741935483871,0.1714285714285714,465
GSE202623_CELLTYPE_EXPANDED,reference_profile,Sst,0.602510460251046,0.576,0.588957055214724,1000
GSE202623_CELLTYPE_EXPANDED,reference_profile,Sst Chodl,0.7301587301587301,0.8761904761904762,0.7965367965367965,735
GSE202623_CELLTYPE_EXPANDED,reference_profile,T-cells,0.14802631578947367,0.9493670886075949,0.25611838360842343,237
GSE202623_CELLTYPE_EXPANDED,reference_profile,VLMC,0.9359861591695502,0.541,0.6856780735107731,1000
GSE202623_CELLTYPE_EXPANDED,reference_profile,VSMC,0.9361702127659575,0.792,0.85807150595883,1000
GSE202623_CELLTYPE_EXPANDED,reference_profile,Vip,0.5801470588235295,0.789,0.6686440677966102,1000
SQUIDPY_MERFISH_EXPANDED,learned_permuted_prior,0,0.303424317617866,0.3293471234647705,0.3158547295551996,9282
SQUIDPY_MERFISH_EXPANDED,learned_permuted_prior,1,0.8445706174591909,0.8507089241034195,0.8476286579212916,8393
SQUIDPY_MERFISH_EXPANDED,learned_permuted_prior,10,0.02566225165562914,0.34065934065934067,0.04772902232486528,91
SQUIDPY_MERFISH_EXPANDED,learned_permuted_prior,11,0.15640426084697323,0.6323529411764706,0.2507810872734847,952
SQUIDPY_MERFISH_EXPANDED,learned_permuted_prior,12,0.4883720930232558,0.014644351464435146,0.028436018957345977,5736
SQUIDPY_MERFISH_EXPANDED,learned_permuted_prior,13,0.040268456375838924,0.3076923076923077,0.07121661721068248,39
SQUIDPY_MERFISH_EXPANDED,learned_permuted_prior,14,0.14508138711960367,0.55858310626703,0.2303370786516854,367
SQUIDPY_MERFISH_EXPANDED,learned_permuted_prior,15,0.45272867025365104,0.9231974921630094,0.6075296544610624,638
SQUIDPY_MERFISH_EXPANDED,learned_permuted_prior,2,0.8623471882640587,0.9284022111081863,0.8941564203321081,3799
SQUIDPY_MERFISH_EXPANDED,learned_permuted_prior,3,0.5825471698113207,0.42512908777969016,0.49154228855721394,581
SQUIDPY_MERFISH_EXPANDED,learned_permuted_prior,4,0.6287051482059283,0.8831263696128561,0.7345078979343864,1369
SQUIDPY_MERFISH_EXPANDED,learned_permuted_prior,5,0.6688558589699274,0.9867414584395716,0.7972805933250927,1961
SQUIDPY_MERFISH_EXPANDED,learned_permuted_prior,6,0.7270159012026798,0.7660967933996767,0.7460448935641514,11757
SQUIDPY_MERFISH_EXPANDED,learned_permuted_prior,7,0.9068269976726144,0.47207301805258267,0.6209131231574194,24761
SQUIDPY_MERFISH_EXPANDED,learned_permuted_prior,8,0.5389790265136526,0.9252717391304348,0.6811702925731433,1472
SQUIDPY_MERFISH_EXPANDED,learned_permuted_prior,9,0.25048722945943175,0.9938949938949939,0.4001310830738981,2457
SQUIDPY_MERFISH_EXPANDED,learned_random_graph,0,0.2941235059760956,0.3181426416720534,0.30566193975778905,9282
SQUIDPY_MERFISH_EXPANDED,learned_random_graph,1,0.8473498233215547,0.8571428571428571,0.8522182076645145,8393
SQUIDPY_MERFISH_EXPANDED,learned_random_graph,10,0.024774774774774775,0.3626373626373626,0.04638088545326774,91
SQUIDPY_MERFISH_EXPANDED,learned_random_graph,11,0.15680279537016817,0.7542016806722689,0.2596275537877418,952
SQUIDPY_MERFISH_EXPANDED,learned_random_graph,12,0.08928571428571429,0.0008716875871687587,0.0017265193370165745,5736
SQUIDPY_MERFISH_EXPANDED,learned_random_graph,13,0.038461538461538464,0.28205128205128205,0.0676923076923077,39
SQUIDPY_MERFISH_EXPANDED,learned_random_graph,14,0.43950617283950616,0.48501362397820164,0.461139896373057,367
SQUIDPY_MERFISH_EXPANDED,learned_random_graph,15,0.4533639143730887,0.9294670846394985,0.6094552929085304,638
SQUIDPY_MERFISH_EXPANDED,learned_random_graph,2,0.8653281096963761,0.9302448012634904,0.8966129646073829,3799
SQUIDPY_MERFISH_EXPANDED,learned_random_graph,3,0.6335078534031413,0.4165232358003442,0.5025960539979232,581
SQUIDPY_MERFISH_EXPANDED,learned_random_graph,4,0.6294573643410852,0.8897005113221329,0.7372881355932203,1369
SQUIDPY_MERFISH_EXPANDED,learned_random_graph,5,0.6887773395482252,0.9796022437531872,0.8088421052631579,1961
SQUIDPY_MERFISH_EXPANDED,learned_random_graph,6,0.7426108374384236,0.7693289104363358,0.755733801228224,11757
SQUIDPY_MERFISH_EXPANDED,learned_random_graph,7,0.912024790265286,0.48733896046201686,0.6352389976837228,24761
SQUIDPY_MERFISH_EXPANDED,learned_random_graph,8,0.5279907975460123,0.9354619565217391,0.6749999999999999,1472
SQUIDPY_MERFISH_EXPANDED,learned_random_graph,9,0.24592964824120603,0.995929995929996,0.3944547432900782,2457
SQUIDPY_MERFISH_EXPANDED,marker_context_specific_neighborhood,0,0.31663496089621646,0.32277526395173456,0.3196756295347845,9282
SQUIDPY_MERFISH_EXPANDED,marker_context_specific_neighborhood,1,0.8459619952494062,0.848683426665078,0.8473205257836198,8393
SQUIDPY_MERFISH_EXPANDED,marker_context_specific_neighborhood,10,0.02511415525114155,0.3626373626373626,0.04697508896797153,91
SQUIDPY_MERFISH_EXPANDED,marker_context_specific_neighborhood,11,0.137546468401487,0.7773109243697479,0.2337334175615919,952
SQUIDPY_MERFISH_EXPANDED,marker_context_specific_neighborhood,12,0.07692307692307693,0.0003486750348675035,0.0006942034015966678,5736
SQUIDPY_MERFISH_EXPANDED,marker_context_specific_neighborhood,13,0.04242424242424243,0.358974358974359,0.07588075880758809,39
SQUIDPY_MERFISH_EXPANDED,marker_context_specific_neighborhood,14,0.467966573816156,0.45776566757493187,0.4628099173553719,367
SQUIDPY_MERFISH_EXPANDED,marker_context_specific_neighborhood,15,0.39960629921259844,0.9545454545454546,0.5633672525439408,638
SQUIDPY_MERFISH_EXPANDED,marker_context_specific_neighborhood,2,0.8638370951913641,0.9268228481179258,0.8942222222222221,3799
SQUIDPY_MERFISH_EXPANDED,marker_context_specific_neighborhood,3,0.5462555066079295,0.4268502581755594,0.47922705314009667,581
SQUIDPY_MERFISH_EXPANDED,marker_context_specific_neighborhood,4,0.6506550218340611,0.870708546384222,0.7447672602311777,1369
SQUIDPY_MERFISH_EXPANDED,marker_context_specific_neighborhood,5,0.6512252433702584,0.9892911779704232,0.7854251012145749,1961
SQUIDPY_MERFISH_EXPANDED,marker_context_specific_neighborhood,6,0.7375134597863,0.757336055116101,0.7472933277381452,11757
SQUIDPY_MERFISH_EXPANDED,marker_context_specific_neighborhood,7,0.9097089603544419,0.4809579580792375,0.6292401986684983,24761
SQUIDPY_MERFISH_EXPANDED,marker_context_specific_neighborhood,8,0.5187998480820357,0.9279891304347826,0.6655298416565164,1472
SQUIDPY_MERFISH_EXPANDED,marker_context_specific_neighborhood,9,0.25200989486703773,0.9951159951159951,0.4021712311867752,2457
SQUIDPY_MERFISH_EXPANDED,marker_learned_neighborhood,0,0.3101056119279354,0.3226675285498815,0.31626187961985214,9282
SQUIDPY_MERFISH_EXPANDED,marker_learned_neighborhood,1,0.8495794161306284,0.8183009650899559,0.8336469017418219,8393
SQUIDPY_MERFISH_EXPANDED,marker_learned_neighborhood,10,0.026829268292682926,0.3626373626373626,0.049962149886449654,91
SQUIDPY_MERFISH_EXPANDED,marker_learned_neighborhood,11,0.1444976076555024,0.7930672268907563,0.24445523717014736,952
SQUIDPY_MERFISH_EXPANDED,marker_learned_neighborhood,12,0.08,0.000697350069735007,0.00138264777048047,5736
SQUIDPY_MERFISH_EXPANDED,marker_learned_neighborhood,13,0.04472843450479233,0.358974358974359,0.07954545454545454,39
SQUIDPY_MERFISH_EXPANDED,marker_learned_neighborhood,14,0.4909090909090909,0.5149863760217984,0.5026595744680852,367
SQUIDPY_MERFISH_EXPANDED,marker_learned_neighborhood,15,0.33497807017543857,0.957680250783699,0.49634443541835904,638
SQUIDPY_MERFISH_EXPANDED,marker_learned_neighborhood,2,0.87,0.916030534351145,0.892422105398128,3799
SQUIDPY_MERFISH_EXPANDED,marker_learned_neighborhood,3,0.53125,0.35111876075731496,0.42279792746113987,581
SQUIDPY_MERFISH_EXPANDED,marker_learned_neighborhood,4,0.6099436186570989,0.8692476260043828,0.7168674698795181,1369
SQUIDPY_MERFISH_EXPANDED,marker_learned_neighborhood,5,0.5963246554364472,0.9928607853136155,0.7451205510907004,1961
SQUIDPY_MERFISH_EXPANDED,marker_learned_neighborhood,6,0.7529392005374538,0.7626095092285446,0.7577435030635961,11757
SQUIDPY_MERFISH_EXPANDED,marker_learned_neighborhood,7,0.9109036594473487,0.4925891522959493,0.6394065686351602,24761
SQUIDPY_MERFISH_EXPANDED,marker_learned_neighborhood,8,0.5266362252663622,0.9402173913043478,0.6751219512195121,1472
SQUIDPY_MERFISH_EXPANDED,marker_learned_neighborhood,9,0.2608974358974359,0.9938949938949939,0.4133028687484133,2457
SQUIDPY_MERFISH_EXPANDED,marker_only,0,0.29165511505406155,0.3400129282482224,0.313982987613789,9282
SQUIDPY_MERFISH_EXPANDED,marker_only,1,0.8443369051734071,0.8731085428333135,0.8584817244611058,8393
SQUIDPY_MERFISH_EXPANDED,marker_only,10,0.025620496397117692,0.3516483516483517,0.04776119402985075,91
SQUIDPY_MERFISH_EXPANDED,marker_only,11,0.16842881731005654,0.7195378151260504,0.2729627415819884,952
SQUIDPY_MERFISH_EXPANDED,marker_only,12,0.1,0.0003486750348675035,0.0006949270326615705,5736
SQUIDPY_MERFISH_EXPANDED,marker_only,13,0.04316546762589928,0.3076923076923077,0.07570977917981073,39
SQUIDPY_MERFISH_EXPANDED,marker_only,14,0.53125,0.46321525885558584,0.4949053857350801,367
SQUIDPY_MERFISH_EXPANDED,marker_only,15,0.5077319587628866,0.9263322884012539,0.655937846836848,638
SQUIDPY_MERFISH_EXPANDED,marker_only,2,0.8565227875572703,0.9349828902342722,0.8940347344575887,3799
SQUIDPY_MERFISH_EXPANDED,marker_only,3,0.7109826589595376,0.423407917383821,0.5307443365695793,581
SQUIDPY_MERFISH_EXPANDED,marker_only,4,0.6360792492179353,0.8911614317019723,0.7423182233039246,1369
SQUIDPY_MERFISH_EXPANDED,marker_only,5,0.746983261969638,0.9785823559408465,0.8472406181015453,1961
SQUIDPY_MERFISH_EXPANDED,marker_only,6,0.7518579686209744,0.7744322531257974,0.76297817069594,11757
SQUIDPY_MERFISH_EXPANDED,marker_only,7,0.9144851657940664,0.48673316909656317,0.6353189246178176,24761
SQUIDPY_MERFISH_EXPANDED,marker_only,8,0.5279693486590038,0.936141304347826,0.6751592356687898,1472
SQUIDPY_MERFISH_EXPANDED,marker_only,9,0.2404205148359206,0.995929995929996,0.38733676296003167,2457
SQUIDPY_MERFISH_EXPANDED,marker_reference_profile,0,0.2928799361786996,0.31641887524240464,0.3041947177628172,9282
SQUIDPY_MERFISH_EXPANDED,marker_reference_profile,1,0.8529739087424261,0.8218753723340879,0.8371359223300969,8393
SQUIDPY_MERFISH_EXPANDED,marker_reference_profile,10,0.028066528066528068,0.2967032967032967,0.05128205128205129,91
SQUIDPY_MERFISH_EXPANDED,marker_reference_profile,11,0.17201166180758018,0.06197478991596639,0.09111969111969112,952
SQUIDPY_MERFISH_EXPANDED,marker_reference_profile,12,0.4868421052631579,0.05160390516039052,0.09331651954602774,5736
SQUIDPY_MERFISH_EXPANDED,marker_reference_profile,13,0.0237892948173322,0.717948717948718,0.04605263157894737,39
SQUIDPY_MERFISH_EXPANDED,marker_reference_profile,14,0.0818852654129969,0.9373297002724795,0.15061295971978983,367
SQUIDPY_MERFISH_EXPANDED,marker_reference_profile,15,0.430835734870317,0.9373040752351097,0.5903257650542941,638
SQUIDPY_MERFISH_EXPANDED,marker_reference_profile,2,0.84261444077395,0.9399842063700974,0.8886400398158517,3799
SQUIDPY_MERFISH_EXPANDED,marker_reference_profile,3,0.6791277258566978,0.37521514629948366,0.483370288248337,581
SQUIDPY_MERFISH_EXPANDED,marker_reference_profile,4,0.6289473684210526,0.872899926953981,0.731110431324564,1369
SQUIDPY_MERFISH_EXPANDED,marker_reference_profile,5,0.5555872291904219,0.9938806731259562,0.7127445602486744,1961
SQUIDPY_MERFISH_EXPANDED,marker_reference_profile,6,0.7645483321158997,0.8012248022454708,0.7824570147022177,11757
SQUIDPY_MERFISH_EXPANDED,marker_reference_profile,7,0.9174032953822219,0.5239287589354227,0.6669579970181481,24761
SQUIDPY_MERFISH_EXPANDED,marker_reference_profile,8,0.5113050376834589,0.8756793478260869,0.6456298522414224,1472
SQUIDPY_MERFISH_EXPANDED,marker_reference_profile,9,0.3093161420806472,0.995929995929996,0.4720293209876543,2457
SQUIDPY_MERFISH_EXPANDED,reference_profile,0,0.307857334406007,0.2473604826546003,0.27431302270011954,9282
SQUIDPY_MERFISH_EXPANDED,reference_profile,1,0.8592625899280576,0.683069224353628,0.7611018918021906,8393
SQUIDPY_MERFISH_EXPANDED,reference_profile,10,0.033426183844011144,0.26373626373626374,0.05933250927070458,91
SQUIDPY_MERFISH_EXPANDED,reference_profile,11,0.059027777777777776,0.017857142857142856,0.027419354838709675,952
SQUIDPY_MERFISH_EXPANDED,reference_profile,12,0.23232323232323232,0.00801952580195258,0.015503875968992248,5736
SQUIDPY_MERFISH_EXPANDED,reference_profile,13,0.01427913403961308,0.7948717948717948,0.028054298642533934,39
SQUIDPY_MERFISH_EXPANDED,reference_profile,14,0.0502283105022831,0.989100817438692,0.0956017908875428,367
SQUIDPY_MERFISH_EXPANDED,reference_profile,15,0.37915881983678595,0.9467084639498433,0.5414612281488123,638
SQUIDPY_MERFISH_EXPANDED,reference_profile,2,0.8343874443663621,0.9376151618847065,0.8829945463559743,3799
SQUIDPY_MERFISH_EXPANDED,reference_profile,3,0.5767918088737202,0.2908777969018933,0.3867276887871854,581
SQUIDPY_MERFISH_EXPANDED,reference_profile,4,0.6465324384787472,0.8444119795471147,0.7323408299018055,1369
SQUIDPY_MERFISH_EXPANDED,reference_profile,5,0.36663542642924085,0.9974502804691484,0.5361842105263158,1961
SQUIDPY_MERFISH_EXPANDED,reference_profile,6,0.7754593066755341,0.7933996767882964,0.7843269149920121,11757
SQUIDPY_MERFISH_EXPANDED,reference_profile,7,0.9161169363238664,0.5328136989620774,0.6737653848118074,24761
SQUIDPY_MERFISH_EXPANDED,reference_profile,8,0.4617796942375539,0.8002717391304348,0.58563261247825,1472
SQUIDPY_MERFISH_EXPANDED,reference_profile,9,0.3667466986794718,0.9947089947089947,0.535906150641377,2457
SQUIDPY_SEQFISH_EXPANDED,learned_permuted_prior,0,0.06944444444444445,0.19480519480519481,0.10238907849829351,77
SQUIDPY_SEQFISH_EXPANDED,learned_permuted_prior,1,0.1534090909090909,0.24107142857142858,0.1875,112
SQUIDPY_SEQFISH_EXPANDED,learned_permuted_prior,10,0.344559585492228,0.4175824175824176,0.3775727466288148,637
SQUIDPY_SEQFISH_EXPANDED,learned_permuted_prior,11,0.17898832684824903,0.1476725521669342,0.16182937554969218,623
SQUIDPY_SEQFISH_EXPANDED,learned_permuted_prior,12,0.7420774647887324,0.6781979082864039,0.7087011349306432,1243
SQUIDPY_SEQFISH_EXPANDED,learned_permuted_prior,13,0.6146616541353384,0.39756838905775077,0.4828349944629015,1645
SQUIDPY_SEQFISH_EXPANDED,learned_permuted_prior,14,0.6489859594383776,0.7689463955637708,0.7038917089678511,541
SQUIDPY_SEQFISH_EXPANDED,learned_permuted_prior,15,0.7605911330049261,0.8464912280701754,0.8012454592631033,912
SQUIDPY_SEQFISH_EXPANDED,learned_permuted_prior,16,0.03467666354264293,0.3394495412844037,0.06292517006802723,109
SQUIDPY_SEQFISH_EXPANDED,learned_permuted_prior,17,0.32605042016806723,0.42358078602620086,0.3684710351377018,458
SQUIDPY_SEQFISH_EXPANDED,learned_permuted_prior,18,0.11258278145695365,0.6538461538461539,0.192090395480226,78
SQUIDPY_SEQFISH_EXPANDED,learned_permuted_prior,19,0.75,0.29885496183206106,0.42740174672489084,2620
SQUIDPY_SEQFISH_EXPANDED,learned_permuted_prior,2,0.7748414376321353,0.994572591587517,0.8710635769459298,737
SQUIDPY_SEQFISH_EXPANDED,learned_permuted_prior,20,0.8037735849056604,0.7486818980667839,0.7752502274795269,1138
SQUIDPY_SEQFISH_EXPANDED,learned_permuted_prior,21,0.7800480769230769,0.8102372034956304,0.7948560930802204,801
SQUIDPY_SEQFISH_EXPANDED,learned_permuted_prior,3,0.6932203389830508,0.7746212121212122,0.7316636851520572,528
SQUIDPY_SEQFISH_EXPANDED,learned_permuted_prior,4,0.22554660529344073,0.92018779342723,0.3622920517560074,213
SQUIDPY_SEQFISH_EXPANDED,learned_permuted_prior,5,0.36400817995910023,0.6806883365200764,0.474350433044637,523
SQUIDPY_SEQFISH_EXPANDED,learned_permuted_prior,6,0.686382393397524,0.5236096537250787,0.5940476190476189,953
SQUIDPY_SEQFISH_EXPANDED,learned_permuted_prior,7,0.37058823529411766,0.63,0.46666666666666673,300
SQUIDPY_SEQFISH_EXPANDED,learned_permuted_prior,8,0.9303840877914952,0.732451403887689,0.8196374622356495,3704
SQUIDPY_SEQFISH_EXPANDED,learned_permuted_prior,9,0.901930501930502,0.7978142076502732,0.8466835810076115,1464
SQUIDPY_SEQFISH_EXPANDED,learned_random_graph,0,0.06787330316742081,0.19480519480519481,0.10067114093959731,77
SQUIDPY_SEQFISH_EXPANDED,learned_random_graph,1,0.15048543689320387,0.2767857142857143,0.1949685534591195,112
SQUIDPY_SEQFISH_EXPANDED,learned_random_graph,10,0.3609375,0.3626373626373626,0.3617854346123728,637
SQUIDPY_SEQFISH_EXPANDED,learned_random_graph,11,0.17278617710583152,0.12841091492776885,0.14732965009208104,623
SQUIDPY_SEQFISH_EXPANDED,learned_random_graph,12,0.7417962003454232,0.6910699919549477,0.7155351936693044,1243
SQUIDPY_SEQFISH_EXPANDED,learned_random_graph,13,0.6189889025893958,0.30516717325227966,0.4087947882736157,1645
SQUIDPY_SEQFISH_EXPANDED,learned_random_graph,14,0.6177924217462932,0.6931608133086876,0.6533101045296167,541
SQUIDPY_SEQFISH_EXPANDED,learned_random_graph,15,0.7676669893514037,0.8695175438596491,0.8154241645244217,912
SQUIDPY_SEQFISH_EXPANDED,learned_random_graph,16,0.03362151777137368,0.3211009174311927,0.06086956521739129,109
SQUIDPY_SEQFISH_EXPANDED,learned_random_graph,17,0.20136986301369864,0.32096069868995636,0.2474747474747475,458
SQUIDPY_SEQFISH_EXPANDED,learned_random_graph,18,0.11004784688995216,0.5897435897435898,0.18548387096774194,78
SQUIDPY_SEQFISH_EXPANDED,learned_random_graph,19,0.7808641975308642,0.28969465648854964,0.4226057906458797,2620
SQUIDPY_SEQFISH_EXPANDED,learned_random_graph,2,0.7033492822966507,0.9972862957937585,0.8249158249158249,737
SQUIDPY_SEQFISH_EXPANDED,learned_random_graph,20,0.8132530120481928,0.7117750439367311,0.7591377694470478,1138
SQUIDPY_SEQFISH_EXPANDED,learned_random_graph,21,0.78031212484994,0.8114856429463171,0.795593635250918,801
SQUIDPY_SEQFISH_EXPANDED,learned_random_graph,3,0.7063903281519862,0.7746212121212122,0.7389340560072268,528
SQUIDPY_SEQFISH_EXPANDED,learned_random_graph,4,0.24159402241594022,0.9107981220657277,0.3818897637795275,213
SQUIDPY_SEQFISH_EXPANDED,learned_random_graph,5,0.35426889106967613,0.6902485659655831,0.46822308690012965,523
SQUIDPY_SEQFISH_EXPANDED,learned_random_graph,6,0.6909090909090909,0.5981112277019937,0.6411698537682791,953
SQUIDPY_SEQFISH_EXPANDED,learned_random_graph,7,0.400990099009901,0.81,0.5364238410596027,300
SQUIDPY_SEQFISH_EXPANDED,learned_random_graph,8,0.926437520077096,0.7786177105831533,0.8461199941323162,3704
SQUIDPY_SEQFISH_EXPANDED,learned_random_graph,9,0.8966846569005397,0.7943989071038251,0.8424483882651211,1464
SQUIDPY_SEQFISH_EXPANDED,marker_context_specific_neighborhood,0,0.05737704918032787,0.18181818181818182,0.08722741433021806,77
SQUIDPY_SEQFISH_EXPANDED,marker_context_specific_neighborhood,1,0.16184971098265896,0.25,0.19649122807017544,112
SQUIDPY_SEQFISH_EXPANDED,marker_context_specific_neighborhood,10,0.3485714285714286,0.38304552590266877,0.3649962602842184,637
SQUIDPY_SEQFISH_EXPANDED,marker_context_specific_neighborhood,11,0.15813953488372093,0.10914927768860354,0.1291547958214625,623
SQUIDPY_SEQFISH_EXPANDED,marker_context_specific_neighborhood,12,0.7402933563416738,0.6902654867256637,0.7144046627810158,1243
SQUIDPY_SEQFISH_EXPANDED,marker_context_specific_neighborhood,13,0.5853994490358126,0.25835866261398177,0.3584985238296078,1645
SQUIDPY_SEQFISH_EXPANDED,marker_context_specific_neighborhood,14,0.5990415335463258,0.6931608133086876,0.6426735218508997,541
SQUIDPY_SEQFISH_EXPANDED,marker_context_specific_neighborhood,15,0.7469077069457659,0.8607456140350878,0.7997962302598064,912
SQUIDPY_SEQFISH_EXPANDED,marker_context_specific_neighborhood,16,0.036382536382536385,0.3211009174311927,0.06535947712418301,109
SQUIDPY_SEQFISH_EXPANDED,marker_context_specific_neighborhood,17,0.21216617210682492,0.31222707423580787,0.2526501766784452,458
SQUIDPY_SEQFISH_EXPANDED,marker_context_specific_neighborhood,18,0.11161731207289294,0.6282051282051282,0.1895551257253385,78
SQUIDPY_SEQFISH_EXPANDED,marker_context_specific_neighborhood,19,0.7912087912087912,0.3297709923664122,0.46551724137931033,2620
SQUIDPY_SEQFISH_EXPANDED,marker_context_specific_neighborhood,2,0.768586387434555,0.9959294436906377,0.8676122931442081,737
SQUIDPY_SEQFISH_EXPANDED,marker_context_specific_neighborhood,20,0.8,0.7170474516695958,0.7562557924003708,1138
SQUIDPY_SEQFISH_EXPANDED,marker_context_specific_neighborhood,21,0.7780458383594693,0.8052434456928839,0.7914110429447853,801
SQUIDPY_SEQFISH_EXPANDED,marker_context_specific_neighborhood,3,0.6833333333333333,0.7765151515151515,0.726950354609929,528
SQUIDPY_SEQFISH_EXPANDED,marker_context_specific_neighborhood,4,0.21937639198218262,0.9248826291079812,0.35463546354635467,213
SQUIDPY_SEQFISH_EXPANDED,marker_context_specific_neighborhood,5,0.3555337904015671,0.6940726577437859,0.4702072538860103,523
SQUIDPY_SEQFISH_EXPANDED,marker_context_specific_neighborhood,6,0.6690561529271206,0.5876180482686254,0.6256983240223463,953
SQUIDPY_SEQFISH_EXPANDED,marker_context_specific_neighborhood,7,0.3048128342245989,0.76,0.43511450381679384,300
SQUIDPY_SEQFISH_EXPANDED,marker_context_specific_neighborhood,8,0.9297520661157025,0.7289416846652268,0.8171912832929781,3704
SQUIDPY_SEQFISH_EXPANDED,marker_context_specific_neighborhood,9,0.8840361445783133,0.8019125683060109,0.8409742120343838,1464
SQUIDPY_SEQFISH_EXPANDED,marker_learned_neighborhood,0,0.0603448275862069,0.18181818181818182,0.09061488673139158,77
SQUIDPY_SEQFISH_EXPANDED,marker_learned_neighborhood,1,0.15025906735751296,0.25892857142857145,0.1901639344262295,112
SQUIDPY_SEQFISH_EXPANDED,marker_learned_neighborhood,10,0.36612903225806454,0.3563579277864992,0.3611774065234685,637
SQUIDPY_SEQFISH_EXPANDED,marker_learned_neighborhood,11,0.16968325791855204,0.12038523274478331,0.14084507042253525,623
SQUIDPY_SEQFISH_EXPANDED,marker_learned_neighborhood,12,0.7446443873179092,0.6991150442477876,0.721161825726141,1243
SQUIDPY_SEQFISH_EXPANDED,marker_learned_neighborhood,13,0.596579476861167,0.36048632218844984,0.44941265630920807,1645
SQUIDPY_SEQFISH_EXPANDED,marker_learned_neighborhood,14,0.6105610561056105,0.6839186691312384,0.6451612903225806,541
SQUIDPY_SEQFISH_EXPANDED,marker_learned_neighborhood,15,0.7687861271676301,0.875,0.8184615384615385,912
SQUIDPY_SEQFISH_EXPANDED,marker_learned_neighborhood,16,0.03225806451612903,0.3211009174311927,0.058626465661641536,109
SQUIDPY_SEQFISH_EXPANDED,marker_learned_neighborhood,17,0.22372372372372373,0.32532751091703055,0.26512455516014233,458
SQUIDPY_SEQFISH_EXPANDED,marker_learned_neighborhood,18,0.11009174311926606,0.6153846153846154,0.1867704280155642,78
SQUIDPY_SEQFISH_EXPANDED,marker_learned_neighborhood,19,0.782991202346041,0.3057251908396947,0.43974746088388694,2620
SQUIDPY_SEQFISH_EXPANDED,marker_learned_neighborhood,2,0.7494908350305499,0.9986431478968792,0.8563118091913904,737
SQUIDPY_SEQFISH_EXPANDED,marker_learned_neighborhood,20,0.8173741362290227,0.7275922671353251,0.7698744769874477,1138
SQUIDPY_SEQFISH_EXPANDED,marker_learned_neighborhood,21,0.7828162291169452,0.818976279650437,0.8004881025015254,801
SQUIDPY_SEQFISH_EXPANDED,marker_learned_neighborhood,3,0.6989795918367347,0.7784090909090909,0.7365591397849464,528
SQUIDPY_SEQFISH_EXPANDED,marker_learned_neighborhood,4,0.23955773955773957,0.9154929577464789,0.379746835443038,213
SQUIDPY_SEQFISH_EXPANDED,marker_learned_neighborhood,5,0.3609706774519717,0.6826003824091779,0.47222222222222227,523
SQUIDPY_SEQFISH_EXPANDED,marker_learned_neighborhood,6,0.6903073286052009,0.6128016789087093,0.6492495831017232,953
SQUIDPY_SEQFISH_EXPANDED,marker_learned_neighborhood,7,0.3407258064516129,0.5633333333333334,0.4246231155778894,300
SQUIDPY_SEQFISH_EXPANDED,marker_learned_neighborhood,8,0.9302402105955907,0.7632289416846653,0.8384991843393149,3704
SQUIDPY_SEQFISH_EXPANDED,marker_learned_neighborhood,9,0.8961038961038961,0.8012295081967213,0.846015146051208,1464
SQUIDPY_SEQFISH_EXPANDED,marker_only,0,0.05761316872427984,0.18181818181818182,0.0875,77
SQUIDPY_SEQFISH_EXPANDED,marker_only,1,0.15343915343915343,0.25892857142857145,0.19269102990033224,112
SQUIDPY_SEQFISH_EXPANDED,marker_only,10,0.36570561456752654,0.3783359497645212,0.37191358024691357,637
SQUIDPY_SEQFISH_EXPANDED,marker_only,11,0.17355371900826447,0.1348314606741573,0.15176151761517617,623
SQUIDPY_SEQFISH_EXPANDED,marker_only,12,0.7394807520143241,0.6645213193885761,0.7,1243
SQUIDPY_SEQFISH_EXPANDED,marker_only,13,0.6103336921420882,0.3446808510638298,0.4405594405594405,1645
SQUIDPY_SEQFISH_EXPANDED,marker_only,14,0.6223316912972086,0.7005545286506469,0.6591304347826087,541
SQUIDPY_SEQFISH_EXPANDED,marker_only,15,0.7476099426386233,0.8574561403508771,0.7987742594484167,912
SQUIDPY_SEQFISH_EXPANDED,marker_only,16,0.03286852589641434,0.30275229357798167,0.059299191374663066,109
SQUIDPY_SEQFISH_EXPANDED,marker_only,17,0.21630094043887146,0.30131004366812225,0.25182481751824815,458
SQUIDPY_SEQFISH_EXPANDED,marker_only,18,0.1079136690647482,0.5769230769230769,0.1818181818181818,78
SQUIDPY_SEQFISH_EXPANDED,marker_only,19,0.7801766437684003,0.30343511450381677,0.43693322341302554,2620
SQUIDPY_SEQFISH_EXPANDED,marker_only,2,0.7538619979402678,0.9932157394843962,0.8571428571428572,737
SQUIDPY_SEQFISH_EXPANDED,marker_only,20,0.7980769230769231,0.7293497363796133,0.7621671258034896,1138
SQUIDPY_SEQFISH_EXPANDED,marker_only,21,0.7583815028901734,0.818976279650437,0.787515006002401,801
SQUIDPY_SEQFISH_EXPANDED,marker_only,3,0.6815181518151815,0.7821969696969697,0.7283950617283952,528
SQUIDPY_SEQFISH_EXPANDED,marker_only,4,0.224,0.92018779342723,0.3602941176470588,213
SQUIDPY_SEQFISH_EXPANDED,marker_only,5,0.3555992141453831,0.6921606118546845,0.4698247890979883,523
SQUIDPY_SEQFISH_EXPANDED,marker_only,6,0.6639908256880734,0.6075550891920252,0.6345205479452056,953
SQUIDPY_SEQFISH_EXPANDED,marker_only,7,0.3546325878594249,0.74,0.4794816414686825,300
SQUIDPY_SEQFISH_EXPANDED,marker_only,8,0.9301762875907362,0.7265118790496761,0.8158253751705321,3704
SQUIDPY_SEQFISH_EXPANDED,marker_only,9,0.8888888888888888,0.7868852459016393,0.8347826086956522,1464
SQUIDPY_SEQFISH_EXPANDED,marker_reference_profile,0,0.029055690072639227,0.15584415584415584,0.04897959183673469,77
SQUIDPY_SEQFISH_EXPANDED,marker_reference_profile,1,0.14210526315789473,0.24107142857142858,0.17880794701986752,112
SQUIDPY_SEQFISH_EXPANDED,marker_reference_profile,10,0.5294117647058824,0.0141287284144427,0.027522935779816515,637
SQUIDPY_SEQFISH_EXPANDED,marker_reference_profile,11,0.15384615384615385,0.10593900481540931,0.12547528517110268,623
SQUIDPY_SEQFISH_EXPANDED,marker_reference_profile,12,0.783256880733945,0.5494770716009654,0.6458628841607565,1243
SQUIDPY_SEQFISH_EXPANDED,marker_reference_profile,13,0.5045871559633027,0.2674772036474164,0.34962256654747714,1645
SQUIDPY_SEQFISH_EXPANDED,marker_reference_profile,14,0.5590062111801242,0.8317929759704251,0.6686478454680534,541
SQUIDPY_SEQFISH_EXPANDED,marker_reference_profile,15,0.7891770011273957,0.7675438596491229,0.7782101167315175,912
SQUIDPY_SEQFISH_EXPANDED,marker_reference_profile,16,0.03987730061349693,0.7155963302752294,0.07554479418886198,109
SQUIDPY_SEQFISH_EXPANDED,marker_reference_profile,17,0.5469613259668509,0.8646288209606987,0.6700507614213199,458
SQUIDPY_SEQFISH_EXPANDED,marker_reference_profile,18,0.08847184986595175,0.4230769230769231,0.14634146341463414,78
SQUIDPY_SEQFISH_EXPANDED,marker_reference_profile,19,0.6836027713625866,0.11297709923664122,0.19390763183753684,2620
SQUIDPY_SEQFISH_EXPANDED,marker_reference_profile,2,0.6447368421052632,0.9972862957937585,0.7831646244006394,737
SQUIDPY_SEQFISH_EXPANDED,marker_reference_profile,20,0.7803680981595092,0.5588752196836555,0.651305683563748,1138
SQUIDPY_SEQFISH_EXPANDED,marker_reference_profile,21,0.849772382397572,0.6991260923845194,0.767123287671233,801
SQUIDPY_SEQFISH_EXPANDED,marker_reference_profile,3,0.5500603136308806,0.8636363636363636,0.6720707442888725,528
SQUIDPY_SEQFISH_EXPANDED,marker_reference_profile,4,0.20581896551724138,0.8967136150234741,0.3347940403155127,213
SQUIDPY_SEQFISH_EXPANDED,marker_reference_profile,5,0.5380116959064327,0.5277246653919694,0.5328185328185329,523
SQUIDPY_SEQFISH_EXPANDED,marker_reference_profile,6,0.6415094339622641,0.9632738719832109,0.7701342281879195,953
SQUIDPY_SEQFISH_EXPANDED,marker_reference_profile,7,0.25775862068965516,0.9966666666666667,0.40958904109589045,300
SQUIDPY_SEQFISH_EXPANDED,marker_reference_profile,8,0.9394184168012925,0.6279697624190065,0.7527508090614887,3704
SQUIDPY_SEQFISH_EXPANDED,marker_reference_profile,9,0.820615796519411,0.837431693989071,0.8289384719405003,1464
SQUIDPY_SEQFISH_EXPANDED,reference_profile,0,0.017482517482517484,0.19480519480519481,0.03208556149732621,77
SQUIDPY_SEQFISH_EXPANDED,reference_profile,1,0.12682926829268293,0.23214285714285715,0.1640378548895899,112
SQUIDPY_SEQFISH_EXPANDED,reference_profile,10,0.0,0.0,0.0,637
SQUIDPY_SEQFISH_EXPANDED,reference_profile,11,0.1099476439790576,0.06741573033707865,0.08358208955223881,623
SQUIDPY_SEQFISH_EXPANDED,reference_profile,12,0.7932773109243697,0.3797264682220434,0.5136017410228509,1243
SQUIDPY_SEQFISH_EXPANDED,reference_profile,13,0.38910012674271227,0.18662613981762918,0.2522596548890715,1645
SQUIDPY_SEQFISH_EXPANDED,reference_profile,14,0.42412060301507537,0.7800369685767098,0.5494791666666666,541
SQUIDPY_SEQFISH_EXPANDED,reference_profile,15,0.6919575113808801,0.5,0.5805219605346912,912
SQUIDPY_SEQFISH_EXPANDED,reference_profile,16,0.029893529893529894,0.6697247706422018,0.05723245785966288,109
SQUIDPY_SEQFISH_EXPANDED,reference_profile,17,0.4095427435387674,0.8995633187772926,0.5628415300546448,458
SQUIDPY_SEQFISH_EXPANDED,reference_profile,18,0.025951557093425604,0.19230769230769232,0.04573170731707316,78
SQUIDPY_SEQFISH_EXPANDED,reference_profile,19,0.6383647798742138,0.07748091603053435,0.13818924438393465,2620
SQUIDPY_SEQFISH_EXPANDED,reference_profile,2,0.5714285714285714,0.9932157394843962,0.7254707631318136,737
SQUIDPY_SEQFISH_EXPANDED,reference_profile,20,0.4352517985611511,0.2126537785588752,0.2857142857142857,1138
SQUIDPY_SEQFISH_EXPANDED,reference_profile,21,0.6428571428571429,0.4157303370786517,0.5049279757391963,801
SQUIDPY_SEQFISH_EXPANDED,reference_profile,3,0.37327935222672065,0.8731060606060606,0.5229722064662508,528
SQUIDPY_SEQFISH_EXPANDED,reference_profile,4,0.18439024390243902,0.8873239436619719,0.3053311793214863,213
SQUIDPY_SEQFISH_EXPANDED,reference_profile,5,0.43543543543543545,0.27724665391969405,0.3387850467289719,523
SQUIDPY_SEQFISH_EXPANDED,reference_profile,6,0.5682560418027433,0.912906610703043,0.7004830917874397,953
SQUIDPY_SEQFISH_EXPANDED,reference_profile,7,0.21860816944024206,0.9633333333333334,0.3563501849568434,300
SQUIDPY_SEQFISH_EXPANDED,reference_profile,8,0.94994994994995,0.25620950323974084,0.4035721879651286,3704
SQUIDPY_SEQFISH_EXPANDED,reference_profile,9,0.6975964225824483,0.8524590163934426,0.7672917307101137,1464
SQUIDPY_SLIDESEQV2_EXPANDED,learned_permuted_prior,0,0.44539614561027835,0.416,0.43019648397104443,1500
SQUIDPY_SLIDESEQV2_EXPANDED,learned_permuted_prior,1,0.44770959377700953,0.3453333333333333,0.3899134362062477,1500
SQUIDPY_SLIDESEQV2_EXPANDED,learned_permuted_prior,10,0.48586206896551726,0.9393333333333334,0.6404545454545455,1500
SQUIDPY_SLIDESEQV2_EXPANDED,learned_permuted_prior,11,0.4841040462427746,0.23119392684610077,0.31293787949556284,1449
SQUIDPY_SLIDESEQV2_EXPANDED,learned_permuted_prior,12,0.4179646936656282,0.5366666666666666,0.4699357851722124,1500
SQUIDPY_SLIDESEQV2_EXPANDED,learned_permuted_prior,13,0.4641185647425897,0.39666666666666667,0.4277498202731848,1500
SQUIDPY_SLIDESEQV2_EXPANDED,learned_permuted_prior,2,0.3437744714173845,0.2926666666666667,0.31616852718761257,1500
SQUIDPY_SLIDESEQV2_EXPANDED,learned_permuted_prior,3,0.5463917525773195,0.212,0.30547550432276654,1500
SQUIDPY_SLIDESEQV2_EXPANDED,learned_permuted_prior,4,0.3994393833216538,0.4328018223234624,0.41545189504373176,1317
SQUIDPY_SLIDESEQV2_EXPANDED,learned_permuted_prior,5,0.4095744680851064,0.6629766297662977,0.506341005166745,813
SQUIDPY_SLIDESEQV2_EXPANDED,learned_permuted_prior,6,0.3673978065802592,0.49133333333333334,0.4204221334854535,1500
SQUIDPY_SLIDESEQV2_EXPANDED,learned_permuted_prior,7,0.4803088803088803,0.47919876733436056,0.47975318164288466,1298
SQUIDPY_SLIDESEQV2_EXPANDED,learned_permuted_prior,8,0.27398843930635836,0.23076923076923078,0.25052854122621565,1027
SQUIDPY_SLIDESEQV2_EXPANDED,learned_permuted_prior,9,0.20949720670391062,0.15991471215351813,0.18137847642079807,938
SQUIDPY_SLIDESEQV2_EXPANDED,learned_random_graph,0,0.4371508379888268,0.41733333333333333,0.42701227830832195,1500
SQUIDPY_SLIDESEQV2_EXPANDED,learned_random_graph,1,0.42984590429845904,0.35333333333333333,0.3878521770947677,1500
SQUIDPY_SLIDESEQV2_EXPANDED,learned_random_graph,10,0.5014378145219267,0.93,0.6515646893974779,1500
SQUIDPY_SLIDESEQV2_EXPANDED,learned_random_graph,11,0.46364883401920437,0.23326432022084195,0.31037649219467406,1449
SQUIDPY_SLIDESEQV2_EXPANDED,learned_random_graph,12,0.425531914893617,0.52,0.4680468046804681,1500
SQUIDPY_SLIDESEQV2_EXPANDED,learned_random_graph,13,0.44401840490797545,0.386,0.41298145506419404,1500
SQUIDPY_SLIDESEQV2_EXPANDED,learned_random_graph,2,0.34404865334491747,0.264,0.2987551867219917,1500
SQUIDPY_SLIDESEQV2_EXPANDED,learned_random_graph,3,0.5233644859813084,0.224,0.3137254901960784,1500
SQUIDPY_SLIDESEQV2_EXPANDED,learned_random_graph,4,0.4112699747687132,0.3712984054669704,0.3902633679169992,1317
SQUIDPY_SLIDESEQV2_EXPANDED,learned_random_graph,5,0.35977859778597787,0.7195571955719557,0.47970479704797053,813
SQUIDPY_SLIDESEQV2_EXPANDED,learned_random_graph,6,0.3770080321285141,0.5006666666666667,0.43012600229095077,1500
SQUIDPY_SLIDESEQV2_EXPANDED,learned_random_graph,7,0.4839718530101642,0.4768875192604006,0.4804035700426853,1298
SQUIDPY_SLIDESEQV2_EXPANDED,learned_random_graph,8,0.27400468384074944,0.22784810126582278,0.2488038277511962,1027
SQUIDPY_SLIDESEQV2_EXPANDED,learned_random_graph,9,0.20603015075376885,0.17484008528784648,0.18915801614763553,938
SQUIDPY_SLIDESEQV2_EXPANDED,marker_context_specific_neighborhood,0,0.4385593220338983,0.414,0.42592592592592593,1500
SQUIDPY_SLIDESEQV2_EXPANDED,marker_context_specific_neighborhood,1,0.4157303370786517,0.37,0.3915343915343915,1500
SQUIDPY_SLIDESEQV2_EXPANDED,marker_context_specific_neighborhood,10,0.5102650242627846,0.9113333333333333,0.654223498444604,1500
SQUIDPY_SLIDESEQV2_EXPANDED,marker_context_specific_neighborhood,11,0.42009685230024213,0.23947550034506557,0.30505494505494507,1449
SQUIDPY_SLIDESEQV2_EXPANDED,marker_context_specific_neighborhood,12,0.4306569343065693,0.5113333333333333,0.4675403840292594,1500
SQUIDPY_SLIDESEQV2_EXPANDED,marker_context_specific_neighborhood,13,0.43526785714285715,0.39,0.4113924050632912,1500
SQUIDPY_SLIDESEQV2_EXPANDED,marker_context_specific_neighborhood,2,0.3264733395696913,0.23266666666666666,0.27170105099260417,1500
SQUIDPY_SLIDESEQV2_EXPANDED,marker_context_specific_neighborhood,3,0.5322085889570553,0.23133333333333334,0.32249070631970267,1500
SQUIDPY_SLIDESEQV2_EXPANDED,marker_context_specific_neighborhood,4,0.4022801302931596,0.37509491268033407,0.3882121807465619,1317
SQUIDPY_SLIDESEQV2_EXPANDED,marker_context_specific_neighborhood,5,0.38998682476943347,0.7281672816728167,0.5079365079365079,813
SQUIDPY_SLIDESEQV2_EXPANDED,marker_context_specific_neighborhood,6,0.3730237154150198,0.5033333333333333,0.42849035187287177,1500
SQUIDPY_SLIDESEQV2_EXPANDED,marker_context_specific_neighborhood,7,0.4928,0.4745762711864407,0.4835164835164836,1298
SQUIDPY_SLIDESEQV2_EXPANDED,marker_context_specific_neighborhood,8,0.2765273311897106,0.25121713729308665,0.26326530612244897,1027
SQUIDPY_SLIDESEQV2_EXPANDED,marker_context_specific_neighborhood,9,0.2071156289707751,0.17377398720682302,0.1889855072463768,938
SQUIDPY_SLIDESEQV2_EXPANDED,marker_learned_neighborhood,0,0.4376292212267402,0.42333333333333334,0.4303625889528973,1500
SQUIDPY_SLIDESEQV2_EXPANDED,marker_learned_neighborhood,1,0.4305111821086262,0.35933333333333334,0.39171511627906974,1500
SQUIDPY_SLIDESEQV2_EXPANDED,marker_learned_neighborhood,10,0.5030542579949695,0.9333333333333333,0.6537473733364465,1500
SQUIDPY_SLIDESEQV2_EXPANDED,marker_learned_neighborhood,11,0.4533333333333333,0.23464458247066944,0.30923146884947705,1449
SQUIDPY_SLIDESEQV2_EXPANDED,marker_learned_neighborhood,12,0.4244249726177437,0.5166666666666667,0.46602525556223695,1500
SQUIDPY_SLIDESEQV2_EXPANDED,marker_learned_neighborhood,13,0.4475899005355777,0.39,0.41681510509440683,1500
SQUIDPY_SLIDESEQV2_EXPANDED,marker_learned_neighborhood,2,0.3502626970227671,0.26666666666666666,0.3028009084027252,1500
SQUIDPY_SLIDESEQV2_EXPANDED,marker_learned_neighborhood,3,0.5254237288135594,0.22733333333333333,0.31735691019078643,1500
SQUIDPY_SLIDESEQV2_EXPANDED,marker_learned_neighborhood,4,0.41885245901639345,0.3880030372057707,0.40283799763500194,1317
SQUIDPY_SLIDESEQV2_EXPANDED,marker_learned_neighborhood,5,0.38925729442970824,0.7220172201722017,0.5058164584230935,813
SQUIDPY_SLIDESEQV2_EXPANDED,marker_learned_neighborhood,6,0.3698428290766208,0.502,0.4259049773755656,1500
SQUIDPY_SLIDESEQV2_EXPANDED,marker_learned_neighborhood,7,0.47819433817903595,0.4815100154083205,0.4798464491362764,1298
SQUIDPY_SLIDESEQV2_EXPANDED,marker_learned_neighborhood,8,0.28399518652226236,0.22979552093476144,0.25403659849300325,1027
SQUIDPY_SLIDESEQV2_EXPANDED,marker_learned_neighborhood,9,0.2128205128205128,0.17697228144989338,0.19324796274738068,938
SQUIDPY_SLIDESEQV2_EXPANDED,marker_only,0,0.4388586956521739,0.43066666666666664,0.43472409152086133,1500
SQUIDPY_SLIDESEQV2_EXPANDED,marker_only,1,0.4244139046079224,0.35,0.3836317135549872,1500
SQUIDPY_SLIDESEQV2_EXPANDED,marker_only,10,0.5147275405007363,0.932,0.6631878557874763,1500
SQUIDPY_SLIDESEQV2_EXPANDED,marker_only,11,0.4688385269121813,0.22843340234644582,0.3071925754060325,1449
SQUIDPY_SLIDESEQV2_EXPANDED,marker_only,12,0.42768361581920905,0.5046666666666667,0.46299694189602447,1500
SQUIDPY_SLIDESEQV2_EXPANDED,marker_only,13,0.4422032583397983,0.38,0.4087486554320546,1500
SQUIDPY_SLIDESEQV2_EXPANDED,marker_only,2,0.3433219178082192,0.2673333333333333,0.30059970014992504,1500
SQUIDPY_SLIDESEQV2_EXPANDED,marker_only,3,0.5463108320251178,0.232,0.3256902199344876,1500
SQUIDPY_SLIDESEQV2_EXPANDED,marker_only,4,0.39661798616448884,0.3917995444191344,0.3941940412528648,1317
SQUIDPY_SLIDESEQV2_EXPANDED,marker_only,5,0.3795918367346939,0.6863468634686347,0.4888304862023653,813
SQUIDPY_SLIDESEQV2_EXPANDED,marker_only,6,0.3695652173913043,0.51,0.42857142857142855,1500
SQUIDPY_SLIDESEQV2_EXPANDED,marker_only,7,0.4859594383775351,0.47996918335901384,0.4829457364341085,1298
SQUIDPY_SLIDESEQV2_EXPANDED,marker_only,8,0.26944140197152244,0.2395326192794547,0.25360824742268046,1027
SQUIDPY_SLIDESEQV2_EXPANDED,marker_only,9,0.21331689272503082,0.18443496801705758,0.1978273299028016,938
SQUIDPY_SLIDESEQV2_EXPANDED,marker_reference_profile,0,0.46213895394223264,0.39466666666666667,0.42574613448399856,1500
SQUIDPY_SLIDESEQV2_EXPANDED,marker_reference_profile,1,0.40151074956420685,0.46066666666666667,0.42905929835454826,1500
SQUIDPY_SLIDESEQV2_EXPANDED,marker_reference_profile,10,0.4489920586438607,0.98,0.6158357771260997,1500
SQUIDPY_SLIDESEQV2_EXPANDED,marker_reference_profile,11,0.4972375690607735,0.12422360248447205,0.19878520154610713,1449
SQUIDPY_SLIDESEQV2_EXPANDED,marker_reference_profile,12,0.44823848238482383,0.5513333333333333,0.49446935724962626,1500
SQUIDPY_SLIDESEQV2_EXPANDED,marker_reference_profile,13,0.4920520231213873,0.454,0.4722607489597781,1500
SQUIDPY_SLIDESEQV2_EXPANDED,marker_reference_profile,2,0.2867063492063492,0.19266666666666668,0.23046251993620417,1500
SQUIDPY_SLIDESEQV2_EXPANDED,marker_reference_profile,3,0.5411089866156787,0.18866666666666668,0.27978250123578846,1500
SQUIDPY_SLIDESEQV2_EXPANDED,marker_reference_profile,4,0.3892529488859764,0.2255125284738041,0.2855769230769231,1317
SQUIDPY_SLIDESEQV2_EXPANDED,marker_reference_profile,5,0.2947019867549669,0.7662976629766297,0.4256918346429792,813
SQUIDPY_SLIDESEQV2_EXPANDED,marker_reference_profile,6,0.3531547889241943,0.5186666666666667,0.4201998379692141,1500
SQUIDPY_SLIDESEQV2_EXPANDED,marker_reference_profile,7,0.5009041591320073,0.4268104776579353,0.4608985024958403,1298
SQUIDPY_SLIDESEQV2_EXPANDED,marker_reference_profile,8,0.2698412698412698,0.18208373904576436,0.21744186046511627,1027
SQUIDPY_SLIDESEQV2_EXPANDED,marker_reference_profile,9,0.20353982300884957,0.12260127931769722,0.15302727877578176,938
SQUIDPY_SLIDESEQV2_EXPANDED,reference_profile,0,0.4288939051918736,0.25333333333333335,0.31852472757753564,1500
SQUIDPY_SLIDESEQV2_EXPANDED,reference_profile,1,0.31656686626746505,0.5286666666666666,0.39600499375780274,1500
SQUIDPY_SLIDESEQV2_EXPANDED,reference_profile,10,0.4000546896363139,0.9753333333333334,0.5673841380647663,1500
SQUIDPY_SLIDESEQV2_EXPANDED,reference_profile,11,0.5070422535211268,0.049689440993788817,0.09050911376492772,1449
SQUIDPY_SLIDESEQV2_EXPANDED,reference_profile,12,0.46139705882352944,0.502,0.48084291187739464,1500
SQUIDPY_SLIDESEQV2_EXPANDED,reference_profile,13,0.4865056818181818,0.45666666666666667,0.47111416781292986,1500
SQUIDPY_SLIDESEQV2_EXPANDED,reference_profile,2,0.21449067431850788,0.19933333333333333,0.20663441603317204,1500
SQUIDPY_SLIDESEQV2_EXPANDED,reference_profile,3,0.5103734439834025,0.082,0.14129810453762207,1500
SQUIDPY_SLIDESEQV2_EXPANDED,reference_profile,4,0.2822822822822823,0.07137433561123765,0.11393939393939394,1317
SQUIDPY_SLIDESEQV2_EXPANDED,reference_profile,5,0.2128813559322034,0.7724477244772447,0.3337762423598193,813
SQUIDPY_SLIDESEQV2_EXPANDED,reference_profile,6,0.30994152046783624,0.49466666666666664,0.3810991268618387,1500
SQUIDPY_SLIDESEQV2_EXPANDED,reference_profile,7,0.594632768361582,0.32434514637904466,0.419740777666999,1298
SQUIDPY_SLIDESEQV2_EXPANDED,reference_profile,8,0.2248062015503876,0.05647517039922103,0.09027237354085604,1027
SQUIDPY_SLIDESEQV2_EXPANDED,reference_profile,9,0.1467065868263473,0.05223880597014925,0.07704402515723272,938
