scale,dataset_id,label,n_eligible_folds,total_support,median_support,learned_guardrail_folds,context_guardrail_folds,smoothing_guardrail_folds,median_learned_specific_f1_delta,median_context_specific_f1_delta,learned_reproducible,context_reproducible
expanded,GEO_GSE245263_GENERIC_H5AD_EXPANDED,0,3,250,83.0,0,0,0,-0.06838905775075982,-0.04076597744360888,False,False
expanded,GEO_GSE245263_GENERIC_H5AD_EXPANDED,1,3,238,90.0,0,0,0,-0.04351395730706076,-0.12857142857142856,False,False
expanded,GEO_GSE245263_GENERIC_H5AD_EXPANDED,10,3,117,21.0,0,0,0,-0.045454545454545414,-0.057142857142857106,False,False
expanded,GEO_GSE245263_GENERIC_H5AD_EXPANDED,11,2,75,37.5,0,1,0,-0.016903320012999934,-0.00752578259026393,False,False
expanded,GEO_GSE245263_GENERIC_H5AD_EXPANDED,12,3,60,19.0,1,0,0,0.004494382022471877,-0.013190034196384925,False,False
expanded,GEO_GSE245263_GENERIC_H5AD_EXPANDED,13,1,14,14.0,0,0,0,-0.21626016260162595,-0.16440831074977413,False,False
expanded,GEO_GSE245263_GENERIC_H5AD_EXPANDED,2,3,230,85.0,0,0,0,0.0,-0.039999999999999994,False,False
expanded,GEO_GSE245263_GENERIC_H5AD_EXPANDED,3,3,188,60.0,0,1,0,-0.6024096385542169,-0.08080924191045447,False,False
expanded,GEO_GSE245263_GENERIC_H5AD_EXPANDED,4,3,177,50.0,0,0,0,-0.20436728900534995,-0.028571428571428525,False,False
expanded,GEO_GSE245263_GENERIC_H5AD_EXPANDED,5,3,168,53.0,0,0,0,-0.08955223880597014,-0.056521739130434845,False,False
expanded,GEO_GSE245263_GENERIC_H5AD_EXPANDED,6,3,164,71.0,1,1,0,0.0,0.0067925282189591485,False,False
expanded,GEO_GSE245263_GENERIC_H5AD_EXPANDED,7,3,149,55.0,0,0,0,-0.018217821782178234,-0.022570975136660232,False,False
expanded,GEO_GSE245263_GENERIC_H5AD_EXPANDED,8,2,142,71.0,0,1,0,-0.09240868271943231,-0.061297343962381984,False,False
expanded,GEO_GSE245263_GENERIC_H5AD_EXPANDED,9,3,140,43.0,1,0,0,-0.005447070914696872,-0.21653407125562094,False,False
expanded,GEO_GSE245263_GENERIC_H5AD_EXPANDED,14,1,23,23.0,0,0,0,-0.16,-0.16,False,False
expanded,GEO_GSE263450_GENERIC_H5AD_EXPANDED,1,3,2500,803.0,1,0,0,0.004108749969677139,0.007666862024660187,False,False
expanded,GEO_GSE263450_GENERIC_H5AD_EXPANDED,10,3,1760,641.0,1,2,0,0.005471616351292785,0.010445269722855144,False,True
expanded,GEO_GSE263450_GENERIC_H5AD_EXPANDED,11,3,1749,648.0,0,0,0,-0.005116068952130348,-0.02117366043414881,False,False
expanded,GEO_GSE263450_GENERIC_H5AD_EXPANDED,12,3,1714,580.0,0,0,0,-0.009517355620811796,-0.007064071125104654,False,False
expanded,GEO_GSE263450_GENERIC_H5AD_EXPANDED,13,3,1711,624.0,1,0,0,-0.005698362473592122,-0.009807951514688051,False,False
expanded,GEO_GSE263450_GENERIC_H5AD_EXPANDED,14,3,1710,594.0,0,0,0,0.0025121047658073214,-0.005928563480583016,False,False
expanded,GEO_GSE263450_GENERIC_H5AD_EXPANDED,15,3,1573,599.0,0,0,0,0.0007426844051619252,-0.0046082433398779155,False,False
expanded,GEO_GSE263450_GENERIC_H5AD_EXPANDED,16,3,1508,517.0,0,1,0,-0.0021374345871311706,-0.010050251256281395,False,False
expanded,GEO_GSE263450_GENERIC_H5AD_EXPANDED,17,3,1172,305.0,1,0,0,-0.0028853971742155704,-0.004689126650161413,False,False
expanded,GEO_GSE263450_GENERIC_H5AD_EXPANDED,18,3,1140,389.0,2,1,0,0.011138608516133464,-0.0038809252380064274,True,False
expanded,GEO_GSE263450_GENERIC_H5AD_EXPANDED,19,3,1126,373.0,1,0,0,0.005860980254585535,-0.0034323876579002155,False,False
expanded,GEO_GSE263450_GENERIC_H5AD_EXPANDED,2,3,2500,951.0,0,1,0,0.00493263025699614,-0.004327040194884335,False,False
expanded,GEO_GSE263450_GENERIC_H5AD_EXPANDED,20,3,603,161.0,0,0,0,-0.023513281919451512,-0.020737569403962042,False,False
expanded,GEO_GSE263450_GENERIC_H5AD_EXPANDED,21,3,112,38.0,0,0,0,-0.0007580862533692698,-0.0006677973288106848,False,False
expanded,GEO_GSE263450_GENERIC_H5AD_EXPANDED,22,3,54,21.0,0,0,0,0.0,0.0,False,False
expanded,GEO_GSE263450_GENERIC_H5AD_EXPANDED,23,3,48,13.0,0,0,0,-6.934545594637241e-05,-0.0034904013961605585,False,False
expanded,GEO_GSE263450_GENERIC_H5AD_EXPANDED,24,3,44,14.0,0,0,0,0.00020621593754602957,-5.674865665289365e-05,False,False
expanded,GEO_GSE263450_GENERIC_H5AD_EXPANDED,3,3,2500,808.0,0,0,0,-0.008861154446177966,0.00027178133250493897,False,False
expanded,GEO_GSE263450_GENERIC_H5AD_EXPANDED,4,3,2380,906.0,0,1,0,0.0012211472737788942,-0.0006895552551996476,False,False
expanded,GEO_GSE263450_GENERIC_H5AD_EXPANDED,5,3,2297,904.0,1,0,0,0.008748948443696669,0.0014823815993406653,False,False
expanded,GEO_GSE263450_GENERIC_H5AD_EXPANDED,6,3,2223,783.0,1,0,0,0.0016522829828118368,-0.01336853149219891,False,False
expanded,GEO_GSE263450_GENERIC_H5AD_EXPANDED,7,3,2196,711.0,0,0,0,-0.010305048749879336,-0.007039573820395717,False,False
expanded,GEO_GSE263450_GENERIC_H5AD_EXPANDED,8,3,2094,686.0,2,2,0,0.05475458318630172,0.025563916686969335,True,True
expanded,GEO_GSE263450_GENERIC_H5AD_EXPANDED,9,3,1807,610.0,1,0,0,0.006545700162721463,-0.0034144766578420582,False,False
expanded,GEO_GSE273530_GENERIC_COSMX_CSV_EXPANDED,1,3,1493,478.0,1,0,0,0.008118420068259746,-0.00047772514634925045,False,False
expanded,GEO_GSE273530_GENERIC_COSMX_CSV_EXPANDED,10,3,443,173.0,0,0,0,0.0,-0.013819135921705028,False,False
expanded,GEO_GSE273530_GENERIC_COSMX_CSV_EXPANDED,2,3,1092,237.0,0,0,0,0.005348937087604672,-0.014293197110878675,False,False
expanded,GEO_GSE273530_GENERIC_COSMX_CSV_EXPANDED,3,3,1500,670.0,0,0,0,-0.001629242482901,-0.008256539013353936,False,False
expanded,GEO_GSE273530_GENERIC_COSMX_CSV_EXPANDED,4,3,1183,366.0,0,0,0,-0.07316713788698004,-0.061927734906319865,False,False
expanded,GEO_GSE273530_GENERIC_COSMX_CSV_EXPANDED,5,3,1500,600.0,0,0,0,-0.0022518515606186895,-0.0018357256825404789,False,False
expanded,GEO_GSE273530_GENERIC_COSMX_CSV_EXPANDED,6,3,681,160.0,0,0,0,0.003915779978268447,-0.006912442396313362,False,False
expanded,GEO_GSE273530_GENERIC_COSMX_CSV_EXPANDED,7,3,726,213.0,0,0,0,-0.006478873239436633,-0.00297188755020078,False,False
expanded,GEO_GSE273530_GENERIC_COSMX_CSV_EXPANDED,8,3,149,49.0,0,0,0,-0.0023291925465838553,-0.007653061224489804,False,False
expanded,GEO_GSE273530_GENERIC_COSMX_CSV_EXPANDED,9,3,209,58.0,1,0,0,0.004399301287442592,-0.03200206336924391,False,False
expanded,GEO_GSE273952_GENERIC_VISIUM_H5_ANNOTATION_EXPANDED,NO_tumor,3,2500,823.0,0,0,0,-0.00035781753180907927,-0.15988961659557388,False,False
expanded,GEO_GSE273952_GENERIC_VISIUM_H5_ANNOTATION_EXPANDED,Tumor,3,2500,827.0,0,0,0,0.0,-0.11339942229924904,False,False
expanded,GEO_GSE278766_GENERIC_COSMX_CSV_EXPANDED,ATL.TAL,3,2500,843.0,0,0,0,-0.006216803197080845,-0.010583276346161408,False,False
expanded,GEO_GSE278766_GENERIC_COSMX_CSV_EXPANDED,CNT,3,2500,867.0,0,0,0,0.0026403954266067675,-0.004478633509609309,False,False
expanded,GEO_GSE278766_GENERIC_COSMX_CSV_EXPANDED,DCT,3,2500,828.0,1,0,0,0.007180870909357262,-0.010805466767764282,False,False
expanded,GEO_GSE278766_GENERIC_COSMX_CSV_EXPANDED,DTL,3,2500,840.0,0,0,0,-0.00027757344130641126,-0.0075656651496264216,False,False
expanded,GEO_GSE278766_GENERIC_COSMX_CSV_EXPANDED,EC,3,2500,837.0,0,0,0,4.655530850916634e-05,0.003499000229661098,False,False
expanded,GEO_GSE278766_GENERIC_COSMX_CSV_EXPANDED,IC,3,2500,785.0,0,0,0,-0.0005854646964358334,-0.005530315252255669,False,False
expanded,GEO_GSE278766_GENERIC_COSMX_CSV_EXPANDED,Immune,3,2500,839.0,0,0,0,-0.006458258707627618,-0.006762847487749468,False,False
expanded,GEO_GSE278766_GENERIC_COSMX_CSV_EXPANDED,Interstitial,3,2500,826.0,0,0,0,-0.002003162654286905,-0.002751617443623511,False,False
expanded,GEO_GSE278766_GENERIC_COSMX_CSV_EXPANDED,PC,3,2500,834.0,0,0,0,0.0,-0.012272832422123847,False,False
expanded,GEO_GSE278766_GENERIC_COSMX_CSV_EXPANDED,PEC,3,2500,850.0,0,1,0,-0.001360321008414822,0.004477279477279494,False,False
expanded,GEO_GSE278766_GENERIC_COSMX_CSV_EXPANDED,POD,3,2011,694.0,0,0,0,-0.004295051953683293,-0.0022251934342645274,False,False
expanded,GEO_GSE278766_GENERIC_COSMX_CSV_EXPANDED,PT,3,2500,894.0,0,1,0,-0.017359157639291745,-0.004965957970149204,False,False
expanded,GEO_GSE278766_GENERIC_COSMX_CSV_EXPANDED,TAL,3,2500,869.0,0,0,0,-0.009528849351215896,-0.01512957437334117,False,False
expanded,GEO_GSE279181_H5AD_COMPOSITION_EXPANDED,AS,3,2500,818.0,0,0,0,-0.040186256334303394,-0.07616323692896498,False,False
expanded,GEO_GSE279181_H5AD_COMPOSITION_EXPANDED,BC,1,45,45.0,0,0,0,-0.021365519050921183,-0.03493449781659391,False,False
expanded,GEO_GSE279181_H5AD_COMPOSITION_EXPANDED,EC,3,1046,401.0,0,0,0,-0.012028652520610889,-0.03177015181573872,False,False
expanded,GEO_GSE279181_H5AD_COMPOSITION_EXPANDED,MG,3,2500,549.0,0,0,0,-0.002666447076907441,-0.010879019034718718,False,False
expanded,GEO_GSE279181_H5AD_COMPOSITION_EXPANDED,NEU,3,2500,601.0,0,0,0,-3.584893406516354e-05,-0.007232704402515888,False,False
expanded,GEO_GSE279181_H5AD_COMPOSITION_EXPANDED,OL,3,2500,959.0,0,0,0,-0.0013788298886741046,-0.004883385814164587,False,False
expanded,GEO_GSE279181_H5AD_COMPOSITION_EXPANDED,OPC,2,69,34.5,0,0,0,-0.0072580665661187566,-0.006547660618555912,False,False
expanded,GEO_GSE279181_H5AD_COMPOSITION_EXPANDED,SC,3,364,81.0,0,0,0,-0.042252917871292484,-0.05957446808510647,False,False
expanded,GEO_GSE279181_H5AD_COMPOSITION_EXPANDED,TC,3,133,32.0,0,0,0,-0.008813112593690803,-0.02361530152344765,False,False
expanded,GEO_GSE280376_GENERIC_XENIUM_EXPANDED,B_cells,3,2500,364.0,1,0,0,-0.0004954460252842713,-0.004103613581463092,False,False
expanded,GEO_GSE280376_GENERIC_XENIUM_EXPANDED,CM_Angiogenic,3,2500,780.0,0,0,0,-0.009754965153782701,-0.009739019496582438,False,False
expanded,GEO_GSE280376_GENERIC_XENIUM_EXPANDED,CM_Btk+,3,59,12.0,0,0,0,-0.0016753176568175248,-0.00016083565363263826,False,False
expanded,GEO_GSE280376_GENERIC_XENIUM_EXPANDED,CM_Homeostatic1,3,2500,842.0,1,0,0,-0.028617233680524823,-0.04036398759595344,False,False
expanded,GEO_GSE280376_GENERIC_XENIUM_EXPANDED,CM_Hypertrophic,3,2500,733.0,0,0,0,-0.01368059616451503,-0.026259783968962162,False,False
expanded,GEO_GSE280376_GENERIC_XENIUM_EXPANDED,CM_Prehypertrophic,3,2500,847.0,0,0,0,-0.030447808512324634,-0.019892201311197358,False,False
expanded,GEO_GSE280376_GENERIC_XENIUM_EXPANDED,CM_Slit2+,3,997,274.0,0,1,0,-0.006279549714536571,-0.0011044236537353924,False,False
expanded,GEO_GSE280376_GENERIC_XENIUM_EXPANDED,DC_CCR7,3,191,61.0,0,0,0,-0.0026160828581403457,-0.0012948680498938367,False,False
expanded,GEO_GSE280376_GENERIC_XENIUM_EXPANDED,DC_con1,3,776,308.0,0,0,0,-0.0017518149813869656,-0.0017518149813869656,False,False
expanded,GEO_GSE280376_GENERIC_XENIUM_EXPANDED,DC_con2_Ifitm1,3,335,127.0,0,0,0,-0.0003907267517582816,-0.009564093067981727,False,False
expanded,GEO_GSE280376_GENERIC_XENIUM_EXPANDED,DC_con2b/moDC,3,629,238.0,0,0,0,-0.0052447552447552545,-0.014985014985014988,False,False
expanded,GEO_GSE280376_GENERIC_XENIUM_EXPANDED,DC_plasmacytoid,3,314,126.0,0,0,0,-0.011925237931429855,-0.014320785597381355,False,False
expanded,GEO_GSE280376_GENERIC_XENIUM_EXPANDED,FB_Duox1,3,1204,521.0,0,0,0,0.00019356471761884653,0.0,False,False
expanded,GEO_GSE280376_GENERIC_XENIUM_EXPANDED,FB_Fgl2,3,2347,1084.0,2,0,0,0.014099109895609363,-0.006460176991150442,True,False
expanded,GEO_GSE280376_GENERIC_XENIUM_EXPANDED,FB_Postn_Thbs4,3,1074,455.0,1,0,0,0.0012506894826635473,-0.014898047519331825,False,False
expanded,GEO_GSE280376_GENERIC_XENIUM_EXPANDED,FB_Saa3,3,1741,662.0,1,1,0,0.003933229073677574,-0.003106537973696158,False,False
expanded,GEO_GSE280376_GENERIC_XENIUM_EXPANDED,FB_WntX,3,308,128.0,0,0,0,-0.008920453230440648,-0.0006678688305616787,False,False
expanded,GEO_GSE280376_GENERIC_XENIUM_EXPANDED,FB_quiescent,3,2500,1180.0,0,0,0,-0.0330084241924537,-0.03198086463501061,False,False
expanded,GEO_GSE280376_GENERIC_XENIUM_EXPANDED,FB_transition_Cd9,3,2500,924.0,0,0,0,-0.018601907666633097,-0.01968617833171052,False,False
expanded,GEO_GSE280376_GENERIC_XENIUM_EXPANDED,FB_transition_Il1rapl1,3,1709,322.0,0,0,0,-0.007611753437261958,-0.0027372621757580868,False,False
expanded,GEO_GSE280376_GENERIC_XENIUM_EXPANDED,FBmyo_IFN,3,2500,685.0,0,0,0,-0.02396985188688451,-0.024568487295611206,False,False
expanded,GEO_GSE280376_GENERIC_XENIUM_EXPANDED,FBmyo_main,3,440,213.0,0,0,0,0.0,-0.0015630658649526574,False,False
expanded,GEO_GSE280376_GENERIC_XENIUM_EXPANDED,Fbmyo_Hp,3,155,32.0,0,0,0,-0.01503759398496241,-0.01503759398496241,False,False
expanded,GEO_GSE280376_GENERIC_XENIUM_EXPANDED,Fbmyo_cycling,2,2493,1246.5,0,0,0,-0.004032173747567551,-0.005545477022996671,False,False
expanded,GEO_GSE280376_GENERIC_XENIUM_EXPANDED,Fibrocytes,3,1546,613.0,0,0,0,-0.00948833796231116,-0.006501605498500648,False,False
expanded,GEO_GSE280376_GENERIC_XENIUM_EXPANDED,ILC2,3,1103,404.0,0,1,0,-0.0009352349777881665,-0.0002585488539968775,False,False
expanded,GEO_GSE280376_GENERIC_XENIUM_EXPANDED,ILC2_IL5,3,299,111.0,0,1,0,0.0,0.0,False,False
expanded,GEO_GSE280376_GENERIC_XENIUM_EXPANDED,MAIT,3,664,254.0,0,0,0,-9.182736455463567e-05,0.0,False,False
expanded,GEO_GSE280376_GENERIC_XENIUM_EXPANDED,Macro_Cxcl13,3,2298,739.0,2,1,0,0.014846925478858675,0.00435253956228801,True,False
expanded,GEO_GSE280376_GENERIC_XENIUM_EXPANDED,Macro_MHCII_Cx3cr1,3,1639,535.0,0,0,0,-0.04479641973340462,-0.037337014879582714,False,False
expanded,GEO_GSE280376_GENERIC_XENIUM_EXPANDED,Macro_Retnla,3,2500,1174.0,0,0,0,-0.027290448343079924,-0.02472770644962846,False,False
expanded,GEO_GSE280376_GENERIC_XENIUM_EXPANDED,Macro_Timd4_Lyve1,3,2500,894.0,0,0,0,-0.05167146091791652,-0.03513281589415401,False,False
expanded,GEO_GSE280376_GENERIC_XENIUM_EXPANDED,Macro_Trem2_Gpnmb,3,478,133.0,0,0,0,-0.003931441183570713,-0.009732360097323601,False,False
expanded,GEO_GSE280376_GENERIC_XENIUM_EXPANDED,Mast_cells,3,1049,237.0,0,0,0,-0.0025156759232248327,-0.002496831790895055,False,False
expanded,GEO_GSE280376_GENERIC_XENIUM_EXPANDED,NK_Gzma,3,1704,591.0,0,0,0,-0.009090909090909089,-0.009090909090909089,False,False
expanded,GEO_GSE280376_GENERIC_XENIUM_EXPANDED,NK_Klra5,3,1071,103.0,0,0,0,0.0,0.0,False,False
expanded,GEO_GSE280376_GENERIC_XENIUM_EXPANDED,NK_T,3,2500,817.0,0,0,0,-0.0026822010956057338,-0.006002517112458753,False,False
expanded,GEO_GSE280376_GENERIC_XENIUM_EXPANDED,NM,3,2500,995.0,0,0,0,-0.009353349943755848,-0.01936729765829073,False,False
expanded,GEO_GSE280376_GENERIC_XENIUM_EXPANDED,Neutrophil_1,3,470,171.0,0,0,0,-0.005442176870748299,-0.000497801098189584,False,False
expanded,GEO_GSE280376_GENERIC_XENIUM_EXPANDED,Neutrophil_2,3,1109,175.0,0,0,0,-0.004098627670475072,-0.004466459575182602,False,False
expanded,GEO_GSE280376_GENERIC_XENIUM_EXPANDED,Schwann_quiescent,3,1073,223.0,0,0,0,-0.0015789626342390152,-0.001418626418626414,False,False
expanded,GEO_GSE280376_GENERIC_XENIUM_EXPANDED,T_CD4,3,533,225.0,0,0,0,0.0,0.0,False,False
expanded,GEO_GSE280376_GENERIC_XENIUM_EXPANDED,T_CD8,3,1043,234.0,0,0,0,-0.023454157782515972,-0.030401595975366486,False,False
expanded,GEO_GSE280376_GENERIC_XENIUM_EXPANDED,T_Isg15,3,452,174.0,0,1,0,-0.007720155275439436,0.0,False,False
expanded,GEO_GSE280376_GENERIC_XENIUM_EXPANDED,T_Macro,3,378,140.0,0,0,0,0.0,0.0,False,False
expanded,GEO_GSE280376_GENERIC_XENIUM_EXPANDED,T_gd,3,209,78.0,0,0,0,0.0,0.0,False,False
expanded,GEO_GSE280376_GENERIC_XENIUM_EXPANDED,Treg,3,312,91.0,0,0,0,0.0,0.0,False,False
expanded,GEO_GSE280376_GENERIC_XENIUM_EXPANDED,mo_Macro_Il10_Fn1,3,572,135.0,0,0,0,-0.002801120448179272,-0.0025381418570273075,False,False
expanded,GEO_GSE280376_GENERIC_XENIUM_EXPANDED,mo_Macro_Ly6C_Isg15_Cxcl3,3,289,57.0,0,0,0,0.0,0.0,False,False
expanded,GEO_GSE280376_GENERIC_XENIUM_EXPANDED,mo_Macro_Spp1,3,230,87.0,0,0,0,0.0,0.0,False,False
expanded,GEO_GSE280376_GENERIC_XENIUM_EXPANDED,vEC_Areg_Dkk2_Wnt,3,221,52.0,0,0,0,0.0,-2.9208560354996096e-05,False,False
expanded,GEO_GSE280376_GENERIC_XENIUM_EXPANDED,vEC_Arterial,3,761,97.0,0,0,0,0.0,0.0,False,False
expanded,GEO_GSE280376_GENERIC_XENIUM_EXPANDED,vEC_Endocardial,3,801,247.0,1,0,0,0.0,-0.002526023594725889,False,False
expanded,GEO_GSE280376_GENERIC_XENIUM_EXPANDED,vEC_Immune,3,2320,724.0,0,0,0,-0.013331689431138355,-0.006108757158486633,False,False
expanded,GEO_GSE280376_GENERIC_XENIUM_EXPANDED,vEC_Lymphatic,3,2500,1013.0,0,0,0,-0.003184713375796178,-0.0005321934818969735,False,False
expanded,GEO_GSE280376_GENERIC_XENIUM_EXPANDED,vEC_angio_IFN,3,2500,236.0,0,0,0,-0.003384912959381047,-0.0112549973926647,False,False
expanded,GEO_GSE280376_GENERIC_XENIUM_EXPANDED,vEC_capillary1,3,2500,425.0,0,0,0,-0.0010868155152283898,-0.006365888446813302,False,False
expanded,GEO_GSE280376_GENERIC_XENIUM_EXPANDED,vEC_capillary2,3,972,317.0,0,0,0,-0.002932551319648094,-0.002932551319648094,False,False
expanded,GEO_GSE280376_GENERIC_XENIUM_EXPANDED,vEC_metabolic,3,2500,649.0,0,0,0,0.0,0.0,False,False
expanded,GEO_GSE280376_GENERIC_XENIUM_EXPANDED,vEpicardial_derived,3,2500,443.0,0,0,0,-0.005784007199577654,-0.0021705426356589154,False,False
expanded,GEO_GSE280376_GENERIC_XENIUM_EXPANDED,vPericyte_FB,3,1446,373.0,0,0,0,-0.004880483611557873,-0.006322444678609062,False,False
expanded,GEO_GSE280376_GENERIC_XENIUM_EXPANDED,vPericyte_INF,3,2500,613.0,0,0,0,0.00020408163265306367,-0.0019558550354099088,False,False
expanded,GEO_GSE280376_GENERIC_XENIUM_EXPANDED,vPericyte_quiescent,3,2500,229.0,0,1,0,-0.001417936901807873,-0.0009675858732462507,False,False
expanded,GEO_GSE280376_GENERIC_XENIUM_EXPANDED,vSMC1,3,2500,951.0,0,0,0,-0.015966386554621854,-0.00412935279717086,False,False
expanded,GEO_GSE280376_GENERIC_XENIUM_EXPANDED,vSMC2,2,2491,1245.5,0,0,0,-0.008593711079789762,-0.008796836376247813,False,False
expanded,GEO_GSE282127_GENERIC_H5AD_EXPANDED,0,3,2500,793.0,3,0,0,0.02765052788151301,-0.0037493391627554384,True,False
expanded,GEO_GSE282127_GENERIC_H5AD_EXPANDED,1,3,2500,893.0,2,1,0,0.028950875419328156,-0.0019507326588939777,True,False
expanded,GEO_GSE282127_GENERIC_H5AD_EXPANDED,10,3,2500,809.0,0,0,0,-0.0019813578506135965,-0.0014025055475379578,False,False
expanded,GEO_GSE282127_GENERIC_H5AD_EXPANDED,11,3,2500,652.0,0,0,0,-0.01446394859347322,-0.01993996976075818,False,False
expanded,GEO_GSE282127_GENERIC_H5AD_EXPANDED,12,3,2500,636.0,0,0,0,-0.018416004384762985,-0.017494418621674,False,False
expanded,GEO_GSE282127_GENERIC_H5AD_EXPANDED,13,3,2500,784.0,0,0,0,-0.0035595524967029224,-0.0007366909193565752,False,False
expanded,GEO_GSE282127_GENERIC_H5AD_EXPANDED,14,3,2500,814.0,0,0,0,0.0030112670643130945,-0.003426333598717024,False,False
expanded,GEO_GSE282127_GENERIC_H5AD_EXPANDED,15,3,2500,571.0,0,0,0,-0.007387676223196249,0.0006966174032532191,False,False
expanded,GEO_GSE282127_GENERIC_H5AD_EXPANDED,16,3,2500,704.0,0,0,0,0.0021013641058517107,-0.007899934167215239,False,False
expanded,GEO_GSE282127_GENERIC_H5AD_EXPANDED,17,3,2500,662.0,1,0,0,-0.0009922609864132514,-0.005258220598400309,False,False
expanded,GEO_GSE282127_GENERIC_H5AD_EXPANDED,18,3,2315,807.0,0,0,0,-0.022705998214500034,-0.01169994335882174,False,False
expanded,GEO_GSE282127_GENERIC_H5AD_EXPANDED,19,3,2192,539.0,0,0,0,0.0038898824505307905,-0.0017418453567920045,False,False
expanded,GEO_GSE282127_GENERIC_H5AD_EXPANDED,2,3,2500,843.0,1,0,0,-0.008071059130489777,-0.005119246711815406,False,False
expanded,GEO_GSE282127_GENERIC_H5AD_EXPANDED,21,3,631,215.0,0,0,0,-0.007692307692307554,-0.00843881856540074,False,False
expanded,GEO_GSE282127_GENERIC_H5AD_EXPANDED,22,3,1446,537.0,1,1,0,-0.001224500527737038,0.0017689176939479356,False,False
expanded,GEO_GSE282127_GENERIC_H5AD_EXPANDED,23,3,75,29.0,0,0,0,-0.058002148227712116,-0.058002148227712116,False,False
expanded,GEO_GSE282127_GENERIC_H5AD_EXPANDED,24,3,635,42.0,1,1,0,-0.005587857736162508,-0.009417643667115144,False,False
expanded,GEO_GSE282127_GENERIC_H5AD_EXPANDED,25,3,560,200.0,0,0,0,-0.006155316338289363,-0.004905670955624775,False,False
expanded,GEO_GSE282127_GENERIC_H5AD_EXPANDED,26,3,254,44.0,0,0,0,-0.007187120353638998,-0.01716749277158197,False,False
expanded,GEO_GSE282127_GENERIC_H5AD_EXPANDED,3,3,2500,837.0,0,0,0,-0.03132204075644063,-0.01798452551464591,False,False
expanded,GEO_GSE282127_GENERIC_H5AD_EXPANDED,4,3,2500,870.0,0,0,0,0.0015911146370487517,-0.005295238095238131,False,False
expanded,GEO_GSE282127_GENERIC_H5AD_EXPANDED,5,3,2500,999.0,0,0,0,-0.021384053298946992,-0.012401730194854799,False,False
expanded,GEO_GSE282127_GENERIC_H5AD_EXPANDED,6,3,2500,820.0,0,0,0,-0.005205060533701955,0.00340952013565754,False,False
expanded,GEO_GSE282127_GENERIC_H5AD_EXPANDED,7,3,2500,654.0,0,0,0,-0.015081520325457065,-0.01351484417310811,False,False
expanded,GEO_GSE282127_GENERIC_H5AD_EXPANDED,8,3,2500,448.0,0,0,0,-0.004647983595352123,0.0,False,False
expanded,GEO_GSE282127_GENERIC_H5AD_EXPANDED,9,3,2500,759.0,0,0,0,-0.008404525890178705,-0.007132957515210814,False,False
expanded,GEO_GSE284005_MERSCOPE_MS_EXPANDED,B,3,944,190.0,0,0,0,0.0,-0.009512195121951339,False,False
expanded,GEO_GSE284005_MERSCOPE_MS_EXPANDED,BCAS1+ OL,3,1000,329.0,0,0,0,-0.011129336006318047,-0.004214559386973238,False,False
expanded,GEO_GSE284005_MERSCOPE_MS_EXPANDED,CCN1.Astro,3,1000,310.0,0,0,0,-0.0272437797834727,-0.00711743772241985,False,False
expanded,GEO_GSE284005_MERSCOPE_MS_EXPANDED,CD4+ T,3,342,75.0,0,0,0,-0.01073039429652256,-0.01289419392867669,False,False
expanded,GEO_GSE284005_MERSCOPE_MS_EXPANDED,CD8+ T,3,1000,226.0,0,0,0,0.0023936938548100306,-0.005801983904173691,False,False
expanded,GEO_GSE284005_MERSCOPE_MS_EXPANDED,COP,3,448,146.0,0,0,0,-0.0016483839949762435,-0.011490254366823716,False,False
expanded,GEO_GSE284005_MERSCOPE_MS_EXPANDED,DA.Astro,3,1000,277.0,1,1,0,0.006065803246024459,0.004469273743016755,False,False
expanded,GEO_GSE284005_MERSCOPE_MS_EXPANDED,DAOPC,3,914,274.0,0,0,0,-0.006953530340627068,-0.010057558893039609,False,False
expanded,GEO_GSE284005_MERSCOPE_MS_EXPANDED,Disease OL,3,1000,349.0,0,0,0,-0.008118266661612084,-0.003269803189835163,False,False
expanded,GEO_GSE284005_MERSCOPE_MS_EXPANDED,Fibroblast,3,1000,299.0,0,0,0,0.0032212199881420656,0.0010568548781680898,False,False
expanded,GEO_GSE284005_MERSCOPE_MS_EXPANDED,Homeo.Astro,3,1000,263.0,1,0,0,0.006800133518603313,-0.02723659637129755,False,False
expanded,GEO_GSE284005_MERSCOPE_MS_EXPANDED,Homeo.Endo,3,1000,337.0,0,1,0,-0.05345639569281735,-0.01937970359022989,False,False
expanded,GEO_GSE284005_MERSCOPE_MS_EXPANDED,Imm OL,3,1000,260.0,0,1,0,-0.0113577738445787,-0.01506090808416391,False,False
expanded,GEO_GSE284005_MERSCOPE_MS_EXPANDED,Imm.Astro,3,1000,261.0,0,1,0,-0.004581630264508363,-0.0022085889570552797,False,False
expanded,GEO_GSE284005_MERSCOPE_MS_EXPANDED,Mac,3,1000,287.0,0,0,0,-0.00554727379500386,-0.014871220604703361,False,False
expanded,GEO_GSE284005_MERSCOPE_MS_EXPANDED,Mature OL,3,1000,350.0,1,0,0,0.000618724559023065,0.0022903663500678517,False,False
expanded,GEO_GSE284005_MERSCOPE_MS_EXPANDED,Micro Foamy,3,1000,394.0,1,2,0,-0.015355985580989828,0.014428412874583796,False,True
expanded,GEO_GSE284005_MERSCOPE_MS_EXPANDED,Micro Homeo,3,1000,329.0,0,0,0,-0.015297906602254385,-0.005054327607661058,False,False
expanded,GEO_GSE284005_MERSCOPE_MS_EXPANDED,Micro IL1B,3,1000,254.0,0,0,0,0.0027777777777778234,-0.009579537318223474,False,False
expanded,GEO_GSE284005_MERSCOPE_MS_EXPANDED,Micro SPP1,3,1000,353.0,0,0,0,-0.0025787912288340875,-0.0058093246919257435,False,False
expanded,GEO_GSE284005_MERSCOPE_MS_EXPANDED,Micro Stress,3,1000,263.0,0,0,0,-0.015167474194227981,0.0061538362558426485,False,False
expanded,GEO_GSE284005_MERSCOPE_MS_EXPANDED,Micro VEGFA,3,1000,317.0,1,0,0,-0.005342946622156397,-0.01964884094893271,False,False
expanded,GEO_GSE284005_MERSCOPE_MS_EXPANDED,NK,3,143,30.0,1,0,0,-0.009126009126009083,-0.00804505229283986,False,False
expanded,GEO_GSE284005_MERSCOPE_MS_EXPANDED,Neu.GABA,3,1000,333.0,1,0,0,0.0015058285951657924,-0.010411979070157229,False,False
expanded,GEO_GSE284005_MERSCOPE_MS_EXPANDED,Neu.GLUT,3,1000,244.0,0,1,0,-0.010934785126838764,-0.004417653664427812,False,False
expanded,GEO_GSE284005_MERSCOPE_MS_EXPANDED,OPALIN+ OL,3,1000,338.0,2,1,0,0.016051471570417142,0.008111764513348774,True,False
expanded,GEO_GSE284005_MERSCOPE_MS_EXPANDED,OPC,3,1000,342.0,0,1,0,-0.015048927205189355,-0.009510436392967891,False,False
expanded,GEO_GSE284005_MERSCOPE_MS_EXPANDED,Pericyte,3,1000,326.0,0,0,0,-0.004310231437168688,-0.0016912605328187613,False,False
expanded,GEO_GSE284005_MERSCOPE_MS_EXPANDED,Repair.Endo,3,1000,227.0,0,0,0,-0.05054773082942099,-0.017562590081674045,False,False
expanded,GEO_GSE284005_MERSCOPE_MS_EXPANDED,SMC,3,1000,323.0,0,0,0,-0.0075480075480075515,-0.011711220221858443,False,False
expanded,GEO_GSE284005_MERSCOPE_MS_EXPANDED,Stress OL,3,1000,344.0,0,1,0,-0.022231543624161076,-0.001410188612726987,False,False
expanded,GEO_GSE284005_MERSCOPE_MS_EXPANDED,Stress T,3,308,60.0,0,0,0,-0.0026838619728127844,-0.025974025974025955,False,False
expanded,GEO_GSE284005_MERSCOPE_MS_EXPANDED,Stress.Astro,3,1000,385.0,0,0,0,-0.03744140352465103,-0.04266944628912006,False,False
expanded,GEO_GSE284005_MERSCOPE_MS_EXPANDED,Stress.Endo,3,1000,357.0,0,0,0,-0.019997783496903065,-0.023865480833314745,False,False
expanded,GEO_GSE284005_MERSCOPE_MS_EXPANDED,Treg,3,294,73.0,0,0,0,-0.010582010582010588,-0.010582010582010588,False,False
expanded,GEO_GSE284005_MERSCOPE_MS_EXPANDED,Vas.Astro,3,1000,387.0,0,0,0,0.0007897507897508538,-0.010328950330976694,False,False
expanded,GEO_GSE284005_MERSCOPE_MS_EXPANDED,cop_nfol,3,1000,350.0,0,0,0,-0.012631578947368423,-0.012631578947368423,False,False
expanded,GEO_GSE284005_MERSCOPE_MS_EXPANDED,inflammatory.Endo,3,957,316.0,0,0,0,-0.028190239794335326,-0.002939650045269082,False,False
expanded,GEO_GSE291308_GENERIC_CSV_PAIR_EXPANDED,B Cell,3,1988,657.0,0,0,0,-0.004098029896786981,-0.00879165119914671,False,False
expanded,GEO_GSE291308_GENERIC_CSV_PAIR_EXPANDED,Endothelial,3,2500,864.0,0,0,0,-0.002865169964842651,-0.0043174323469318265,False,False
expanded,GEO_GSE291308_GENERIC_CSV_PAIR_EXPANDED,Epithelial,3,2500,798.0,0,0,0,-0.011243089216855351,-0.012630796854684045,False,False
expanded,GEO_GSE291308_GENERIC_CSV_PAIR_EXPANDED,Fibroblast,3,1083,373.0,0,0,0,-0.030650337017935958,-0.007035109213925139,False,False
expanded,GEO_GSE291308_GENERIC_CSV_PAIR_EXPANDED,Macrophage,3,2500,830.0,0,0,0,-0.005134703839294041,-0.0014904951268165378,False,False
expanded,GEO_GSE291308_GENERIC_CSV_PAIR_EXPANDED,NK Cell,3,2084,647.0,0,0,0,-0.015581627743439852,-0.008724676327320324,False,False
expanded,GEO_GSE291308_GENERIC_CSV_PAIR_EXPANDED,SMC,3,2500,775.0,1,0,0,0.006867990418839898,-0.006664716493588685,False,False
expanded,GEO_GSE291308_GENERIC_CSV_PAIR_EXPANDED,Stromal,3,2500,798.0,0,1,0,-0.011562010183016835,-0.013671794703130291,False,False
expanded,GEO_GSE292268_GENERIC_COSMX_CSV_EXPANDED,Antibody.secreting.B.cells,3,1609,574.0,0,0,0,-0.010932028695435969,-0.010819282125655305,False,False
expanded,GEO_GSE292268_GENERIC_COSMX_CSV_EXPANDED,CD3..alpha.beta.T.cells,3,2500,846.0,0,0,0,0.003124070511531074,0.0034279807128710926,False,False
expanded,GEO_GSE292268_GENERIC_COSMX_CSV_EXPANDED,Central.venous.LSECs,3,2500,849.0,0,0,0,0.001397290619408742,-0.003376926213101372,False,False
expanded,GEO_GSE292268_GENERIC_COSMX_CSV_EXPANDED,Cholangiocytes,3,2500,687.0,0,0,0,-0.003862452576694042,-0.0017465016434512481,False,False
expanded,GEO_GSE292268_GENERIC_COSMX_CSV_EXPANDED,Erthyroid.cells,3,163,56.0,0,0,0,-0.0499970268181007,-0.05112088833019063,False,False
expanded,GEO_GSE292268_GENERIC_COSMX_CSV_EXPANDED,Hep.4,3,2500,828.0,0,0,0,-0.007916033388572163,-0.002859573870862997,False,False
expanded,GEO_GSE292268_GENERIC_COSMX_CSV_EXPANDED,Hep.5,3,2500,813.0,0,0,0,-0.00318815115414256,0.0051820775885069725,False,False
expanded,GEO_GSE292268_GENERIC_COSMX_CSV_EXPANDED,Inflammatory.macrophages,3,2500,899.0,0,0,0,-0.0037573257126994886,-0.0057798324622033714,False,False
expanded,GEO_GSE292268_GENERIC_COSMX_CSV_EXPANDED,Mature.B.cells,3,863,304.0,0,0,0,-0.0031253642615690636,-0.0029381965552178757,False,False
expanded,GEO_GSE292268_GENERIC_COSMX_CSV_EXPANDED,NK.like.cells,3,1501,480.0,0,0,0,0.002866549258301876,-0.0008980751852419866,False,False
expanded,GEO_GSE292268_GENERIC_COSMX_CSV_EXPANDED,Non.inflammatory.macrophages,3,2500,844.0,0,0,0,-0.004807499211935351,-0.0019952076290672416,False,False
expanded,GEO_GSE292268_GENERIC_COSMX_CSV_EXPANDED,Periportal.LSECs,3,2500,842.0,0,0,0,5.36469944648621e-05,-0.003188161578904891,False,False
expanded,GEO_GSE292268_GENERIC_COSMX_CSV_EXPANDED,Portal.endothelial.cells,3,658,215.0,2,0,0,0.011217538773460545,-0.009895847571143368,True,False
expanded,GEO_GSE292268_GENERIC_COSMX_CSV_EXPANDED,Stellate.cells,3,2500,852.0,0,0,0,-0.010143541462243277,-0.004586204929335369,False,False
expanded,GEO_GSE292268_GENERIC_COSMX_CSV_EXPANDED,gamma.delta.T.cells.1,3,747,240.0,1,0,0,0.007365819793769823,-0.0032206119162641045,False,False
expanded,GEO_GSE292268_GENERIC_COSMX_CSV_EXPANDED,gamma.delta.T.cells.2,3,125,44.0,0,0,0,-0.006305170239596453,-0.002360462257192053,False,False
expanded,GEO_GSE294759_GENERIC_H5AD_EXPANDED,1,3,2500,798.0,0,0,0,-5.566069241902394e-05,-0.002564102564102555,False,False
expanded,GEO_GSE294759_GENERIC_H5AD_EXPANDED,10,3,2500,849.0,0,0,0,-0.010242405076728633,-0.009893455098934544,False,False
expanded,GEO_GSE294759_GENERIC_H5AD_EXPANDED,11,3,2500,774.0,0,0,0,-0.009176954732510345,-0.007669877297039884,False,False
expanded,GEO_GSE294759_GENERIC_H5AD_EXPANDED,12,3,2500,828.0,2,0,0,0.013896167437625645,-0.01624905918359737,True,False
expanded,GEO_GSE294759_GENERIC_H5AD_EXPANDED,13,3,2500,841.0,0,0,0,0.003419829008549591,-0.004722328772961665,False,False
expanded,GEO_GSE294759_GENERIC_H5AD_EXPANDED,14,3,2500,875.0,0,0,0,-0.012338434310027402,-0.015246926722336573,False,False
expanded,GEO_GSE294759_GENERIC_H5AD_EXPANDED,15,3,2500,895.0,0,0,0,-0.006227701661424168,-0.008111471823175398,False,False
expanded,GEO_GSE294759_GENERIC_H5AD_EXPANDED,16,3,2229,645.0,1,1,0,-0.058401871274428335,-0.04978118161925599,False,False
expanded,GEO_GSE294759_GENERIC_H5AD_EXPANDED,17,3,2228,862.0,0,1,0,0.00439950980392162,0.0070588235294117285,False,False
expanded,GEO_GSE294759_GENERIC_H5AD_EXPANDED,18,3,646,179.0,0,0,0,-0.01297356440866726,-0.011347607560465878,False,False
expanded,GEO_GSE294759_GENERIC_H5AD_EXPANDED,19,3,402,54.0,0,0,0,-0.001683843372497728,-0.007940537643507942,False,False
expanded,GEO_GSE294759_GENERIC_H5AD_EXPANDED,2,3,2500,814.0,0,0,0,0.0009679075944136195,0.000580358190737762,False,False
expanded,GEO_GSE294759_GENERIC_H5AD_EXPANDED,20,3,172,61.0,0,0,0,-0.0003789174538852188,-0.00030320356220871203,False,False
expanded,GEO_GSE294759_GENERIC_H5AD_EXPANDED,21,3,156,50.0,0,0,0,-0.002831406482729273,-0.0024886581488670068,False,False
expanded,GEO_GSE294759_GENERIC_H5AD_EXPANDED,22,3,142,47.0,0,0,0,-0.00012484102276007908,0.000139245463643879,False,False
expanded,GEO_GSE294759_GENERIC_H5AD_EXPANDED,23,3,136,45.0,0,0,0,-0.003702332469455758,-0.004267313169539464,False,False
expanded,GEO_GSE294759_GENERIC_H5AD_EXPANDED,24,3,113,38.0,0,0,0,-9.007926975738642e-05,-0.00021344181199542834,False,False
expanded,GEO_GSE294759_GENERIC_H5AD_EXPANDED,25,3,68,21.0,0,0,0,-0.00240718074255406,-0.0025408348457350294,False,False
expanded,GEO_GSE294759_GENERIC_H5AD_EXPANDED,26,3,64,20.0,0,0,0,0.0,0.0,False,False
expanded,GEO_GSE294759_GENERIC_H5AD_EXPANDED,27,3,63,23.0,0,0,0,0.0,0.0,False,False
expanded,GEO_GSE294759_GENERIC_H5AD_EXPANDED,28,3,60,20.0,0,0,0,0.0,0.0,False,False
expanded,GEO_GSE294759_GENERIC_H5AD_EXPANDED,29,3,48,17.0,0,0,0,0.0,0.0,False,False
expanded,GEO_GSE294759_GENERIC_H5AD_EXPANDED,3,3,2500,833.0,0,0,0,-0.0021873104064884883,-0.00223037742415135,False,False
expanded,GEO_GSE294759_GENERIC_H5AD_EXPANDED,30,3,45,16.0,0,0,0,-0.00046082949308755717,-0.0004975124378109449,False,False
expanded,GEO_GSE294759_GENERIC_H5AD_EXPANDED,31,2,34,17.0,0,0,0,0.0,0.0,False,False
expanded,GEO_GSE294759_GENERIC_H5AD_EXPANDED,32,1,13,13.0,0,0,0,0.0002645135265604637,-9.569770462219875e-05,False,False
expanded,GEO_GSE294759_GENERIC_H5AD_EXPANDED,4,3,2500,846.0,0,0,0,-0.002294186905531445,-0.004384866129805362,False,False
expanded,GEO_GSE294759_GENERIC_H5AD_EXPANDED,5,3,2500,784.0,0,0,0,-0.027715087273329688,-0.025276701847216802,False,False
expanded,GEO_GSE294759_GENERIC_H5AD_EXPANDED,6,3,2500,786.0,0,0,0,-0.011319058121607495,-0.014437425413008242,False,False
expanded,GEO_GSE294759_GENERIC_H5AD_EXPANDED,7,3,2500,768.0,0,0,0,-0.0032246917172892575,-0.008395490602651934,False,False
expanded,GEO_GSE294759_GENERIC_H5AD_EXPANDED,8,3,2500,840.0,0,0,0,-0.04809332876229089,-0.040533203371419746,False,False
expanded,GEO_GSE294759_GENERIC_H5AD_EXPANDED,9,3,2500,806.0,0,0,0,-0.00802714333002319,-0.007687007275601426,False,False
expanded,GEO_GSE301435_GENERIC_COSMX_CSV_EXPANDED,PBN_latdor_med1,3,2500,838.0,0,0,0,-0.03274157370715397,-0.022728023445606593,False,False
expanded,GEO_GSE301435_GENERIC_COSMX_CSV_EXPANDED,PBN_latdor_med2,3,2500,868.0,0,1,0,-0.0034655728426465915,0.0006332248391683892,False,False
expanded,GEO_GSE301435_GENERIC_COSMX_CSV_EXPANDED,PBN_latven,3,2500,769.0,0,0,0,-0.044715302941996105,-0.05106272125352862,False,False
expanded,GEO_GSE301435_GENERIC_COSMX_CSV_EXPANDED,PBN_latven_med,3,2500,818.0,1,0,0,-0.009471208429827238,-0.00262271629958577,False,False
expanded,GEO_GSE301435_GENERIC_COSMX_CSV_EXPANDED,a.new,3,1363,470.0,0,0,0,-0.005656703964399434,-0.0093449967996585,False,False
expanded,GEO_GSE301435_GENERIC_COSMX_CSV_EXPANDED,b,3,2500,842.0,0,0,0,0.001433640635720046,-0.017647663809649994,False,False
expanded,GEO_GSE301435_GENERIC_COSMX_CSV_EXPANDED,c,3,2500,839.0,0,0,0,-0.00827877167960056,-0.013448365542484186,False,False
expanded,GEO_GSE301435_GENERIC_COSMX_CSV_EXPANDED,d,3,2495,875.0,0,0,0,-0.023126234480812524,-0.010513232655502525,False,False
expanded,GEO_GSE301435_GENERIC_COSMX_CSV_EXPANDED,e,3,1985,712.0,0,0,0,-0.07913587750445183,-0.04923817161186861,False,False
expanded,GEO_GSE301435_GENERIC_COSMX_CSV_EXPANDED,f,3,1307,447.0,0,0,0,-0.03781554413404198,-0.03605974943523571,False,False
expanded,GEO_GSE301435_GENERIC_COSMX_CSV_EXPANDED,g_1,3,2500,846.0,0,0,0,-0.008971103906844524,-0.027360798018011,False,False
expanded,GEO_GSE301435_GENERIC_COSMX_CSV_EXPANDED,g_2,3,2500,847.0,0,0,0,0.0004060074515739309,-0.002155303260275798,False,False
expanded,GEO_GSE301435_GENERIC_COSMX_CSV_EXPANDED,g_3,3,2500,838.0,0,0,0,-0.006781932997518003,-0.011009478631996028,False,False
expanded,GEO_GSE301435_GENERIC_COSMX_CSV_EXPANDED,h,3,2500,857.0,0,0,0,-0.0051904225650173386,-0.008913506817925243,False,False
expanded,GEO_GSE301435_GENERIC_COSMX_CSV_EXPANDED,i,3,2500,767.0,0,0,0,0.002935755324933398,-0.010865454180222112,False,False
expanded,GEO_GSE301435_GENERIC_COSMX_CSV_EXPANDED,j,3,2500,854.0,0,0,0,-0.0004080672494827242,-0.006352197879996746,False,False
expanded,GEO_GSE301435_GENERIC_COSMX_CSV_EXPANDED,k,3,2500,833.0,2,1,0,0.01559105286288176,-0.031788818057693846,True,False
expanded,GEO_GSE301435_GENERIC_COSMX_CSV_EXPANDED,l,3,2500,841.0,0,0,0,-0.012359608185035176,-0.01174183315852756,False,False
expanded,GEO_GSE301435_GENERIC_COSMX_CSV_EXPANDED,m,3,2500,838.0,0,0,0,0.004226956664296289,-0.023139745916515353,False,False
expanded,GEO_GSE301435_GENERIC_COSMX_CSV_EXPANDED,n,3,686,46.0,0,0,0,-0.015989836165404392,-0.047451540064456954,False,False
expanded,GEO_GSE301435_GENERIC_COSMX_CSV_EXPANDED,o,3,2500,821.0,0,0,0,-0.008425813263847892,-0.0138864472544169,False,False
expanded,GEO_GSE301435_GENERIC_COSMX_CSV_EXPANDED,p,3,2500,771.0,0,0,0,0.0005041692005066656,-0.0035679307644044256,False,False
expanded,GEO_GSE301435_GENERIC_COSMX_CSV_EXPANDED,q,2,96,48.0,0,0,0,0.00020845919117030293,-0.007955760184249885,False,False
expanded,GEO_GSE301435_GENERIC_COSMX_CSV_EXPANDED,s,3,2500,887.0,0,0,0,-0.017875886296939036,-0.0022928921400289237,False,False
expanded,GEO_GSE301435_GENERIC_COSMX_CSV_EXPANDED,sst_major,3,2500,850.0,0,0,0,-0.009241140734898456,-0.011473779300217646,False,False
expanded,GEO_GSE301435_GENERIC_COSMX_CSV_EXPANDED,t,3,2500,797.0,0,2,0,-0.011123172055469532,0.02369804108934545,False,True
expanded,GEO_GSE302502_XENIUM_GLIOMA_TLS_EXPANDED,B cell,3,2500,784.0,0,0,0,-0.00060047339300906,-0.003882435240275983,False,False
expanded,GEO_GSE302502_XENIUM_GLIOMA_TLS_EXPANDED,DC,3,2500,584.0,0,1,0,-0.008445336352752797,0.00023940445292269796,False,False
expanded,GEO_GSE302502_XENIUM_GLIOMA_TLS_EXPANDED,T cell,3,2500,857.0,0,0,0,-0.0025318493630127614,-0.008850037555412138,False,False
expanded,GEO_GSE302502_XENIUM_GLIOMA_TLS_EXPANDED,astrocyte,3,2500,614.0,1,0,0,0.009582143202635285,-0.012241253022686527,False,False
expanded,GEO_GSE302502_XENIUM_GLIOMA_TLS_EXPANDED,endothelial,3,2500,769.0,0,0,0,0.0007497074886053667,-0.008706715824477684,False,False
expanded,GEO_GSE302502_XENIUM_GLIOMA_TLS_EXPANDED,fibroblast,3,2500,1126.0,1,0,0,-0.0001717113376312751,-0.00656275635767023,False,False
expanded,GEO_GSE302502_XENIUM_GLIOMA_TLS_EXPANDED,macrophage,3,2500,743.0,0,0,0,-0.008327563672125615,-0.0020270036948790704,False,False
expanded,GEO_GSE302502_XENIUM_GLIOMA_TLS_EXPANDED,monocyte,3,1070,258.0,0,0,0,-0.01980609418282553,-0.026826998935127633,False,False
expanded,GEO_GSE302502_XENIUM_GLIOMA_TLS_EXPANDED,mural,3,2500,992.0,1,0,0,0.006511581004749911,-0.008870910895061868,False,False
expanded,GEO_GSE302502_XENIUM_GLIOMA_TLS_EXPANDED,plasma cell,3,2500,715.0,0,0,0,-0.0025849445313985697,-0.006806126948128544,False,False
expanded,GEO_GSE305393_GENERIC_COSMX_CSV_EXPANDED,Astrocyte,3,685,217.0,0,0,0,-0.014299366128650348,-0.00976250738581752,False,False
expanded,GEO_GSE305393_GENERIC_COSMX_CSV_EXPANDED,Astroglial,3,340,64.0,1,0,0,0.0,-0.02184707050645482,False,False
expanded,GEO_GSE305393_GENERIC_COSMX_CSV_EXPANDED,CD8 T,3,61,21.0,0,0,0,-0.000252501341413372,-0.008218427540863854,False,False
expanded,GEO_GSE305393_GENERIC_COSMX_CSV_EXPANDED,DC,3,240,84.0,0,0,0,-0.0011125945705384999,-0.00878657760814247,False,False
expanded,GEO_GSE305393_GENERIC_COSMX_CSV_EXPANDED,EC,3,1166,337.0,1,0,0,0.0035889080856567057,-0.011842251207706767,False,False
expanded,GEO_GSE305393_GENERIC_COSMX_CSV_EXPANDED,Erythrocyte,3,109,45.0,1,0,0,0.0007050528789659394,-0.016690706779311767,False,False
expanded,GEO_GSE305393_GENERIC_COSMX_CSV_EXPANDED,Erythrocytes,3,58,13.0,0,0,0,-0.00018760846114159596,-0.009423186750428324,False,False
expanded,GEO_GSE305393_GENERIC_COSMX_CSV_EXPANDED,MSC-like,3,2500,709.0,0,0,0,-0.01556909506478188,-0.019771272210859836,False,False
expanded,GEO_GSE305393_GENERIC_COSMX_CSV_EXPANDED,Mac,3,2500,889.0,0,0,0,-0.003039917922216029,-0.015533980582524198,False,False
expanded,GEO_GSE305393_GENERIC_COSMX_CSV_EXPANDED,Mac/Mic,3,2325,743.0,0,0,0,0.002369141763547855,-0.014519201082955235,False,False
expanded,GEO_GSE305393_GENERIC_COSMX_CSV_EXPANDED,Mural,3,1155,316.0,0,0,0,-0.00033376938688722824,-0.004193868983361604,False,False
expanded,GEO_GSE305393_GENERIC_COSMX_CSV_EXPANDED,NK,3,126,44.0,0,0,0,-0.009567072751049635,-0.00928062479397522,False,False
expanded,GEO_GSE305393_GENERIC_COSMX_CSV_EXPANDED,Neuron,3,413,147.0,0,0,0,-0.009242241243501481,-0.008180661577608106,False,False
expanded,GEO_GSE305393_GENERIC_COSMX_CSV_EXPANDED,Neutrophil,3,144,31.0,2,1,0,0.012965186074429771,-0.009090909090909087,True,False
expanded,GEO_GSE305393_GENERIC_COSMX_CSV_EXPANDED,OPC,3,404,129.0,0,0,0,-0.01753875677428607,-0.028937895362248,False,False
expanded,GEO_GSE305393_GENERIC_COSMX_CSV_EXPANDED,Oligodendrocyte,3,710,271.0,1,1,0,-0.0010758723921787672,-0.013577827547592292,False,False
expanded,GEO_GSE305393_GENERIC_COSMX_CSV_EXPANDED,Plasma,3,1299,393.0,0,0,0,-0.002716823406478608,-0.021636825877643817,False,False
expanded,GEO_GSE305393_GENERIC_COSMX_CSV_EXPANDED,Treg,3,57,16.0,0,0,0,-0.0004024144869215311,-0.003571428571428576,False,False
expanded,GEO_GSE305393_GENERIC_COSMX_CSV_EXPANDED,Tumor,3,2500,849.0,0,0,0,0.00029276482871498644,-0.014828788771244383,False,False
expanded,GEO_GSE305393_GENERIC_COSMX_CSV_EXPANDED,Vasculature,3,2196,618.0,0,0,0,-0.005563782298909858,-0.01803417256958617,False,False
expanded,GEO_GSE305393_GENERIC_COSMX_CSV_EXPANDED,CD4 T,1,37,37.0,0,0,0,-0.023802527181898327,-0.0019499965178633658,False,False
expanded,GEO_GSE307588_GENERIC_COSMX_TSV_EXPANDED,C00_S,3,482,157.0,0,0,0,-0.04096802074330158,-0.1314685314685314,False,False
expanded,GEO_GSE307588_GENERIC_COSMX_TSV_EXPANDED,C01_S,3,358,117.0,0,1,0,-0.03263788473455892,-0.0369372225745086,False,False
expanded,GEO_GSE307588_GENERIC_COSMX_TSV_EXPANDED,C02_N,3,71,16.0,0,1,0,-0.05080459770114942,-0.049341183067003136,False,False
expanded,GEO_GSE307588_GENERIC_COSMX_TSV_EXPANDED,C03_S_Inj,3,1516,495.0,0,1,0,-0.025742707353138855,-0.017070372058661715,False,False
expanded,GEO_GSE307588_GENERIC_COSMX_TSV_EXPANDED,C05_S_Prolif,3,347,117.0,0,0,0,-0.009885992186877135,-0.014674451911424358,False,False
expanded,GEO_GSE307588_GENERIC_COSMX_TSV_EXPANDED,C06_S,3,246,85.0,2,0,0,0.01538461538461533,-0.04518272425249159,True,False
expanded,GEO_GSE307588_GENERIC_COSMX_TSV_EXPANDED,C07_S_Inj,3,184,63.0,0,0,0,-0.002210433244915988,-0.04433497536945816,False,False
expanded,GEO_GSE307588_GENERIC_COSMX_TSV_EXPANDED,C09_S_Inj,3,101,31.0,0,1,0,-0.0184621240959269,0.00048609760839979366,False,False
expanded,GEO_GSE307588_GENERIC_COSMX_TSV_EXPANDED,C10_S,3,112,38.0,0,0,0,-0.0057218467260308215,-0.007944107529169742,False,False
expanded,GEO_GSE307588_GENERIC_COSMX_TSV_EXPANDED,C11_N_PT,2,28,14.0,1,1,0,-0.0002293170789442467,-0.0806442577030812,False,False
expanded,GEO_GSE307588_GENERIC_COSMX_TSV_EXPANDED,C17_S_Inj,1,13,13.0,0,1,0,0.003248950859618245,0.01922295925274129,False,False
expanded,GEO_GSE307588_GENERIC_COSMX_TSV_EXPANDED,C20_N_DT,3,101,31.0,0,0,0,-0.026016260162601612,-0.025000000000000078,False,False
expanded,GEO_GSE307588_GENERIC_COSMX_TSV_EXPANDED,C16_S_Inj,2,23,11.5,0,0,0,-0.011638676937680267,-0.01889534883720928,False,False
expanded,GEO_GSE307588_GENERIC_COSMX_TSV_EXPANDED,C21_N_CS,2,42,21.0,1,0,0,-0.018203325154259764,-0.016132429693889422,False,False
expanded,GEO_GSE307588_GENERIC_COSMX_TSV_EXPANDED,C12_S_Inj,1,16,16.0,0,0,0,0.0016339869281045728,-0.008793208004851425,False,False
expanded,GEO_GSE307588_GENERIC_COSMX_TSV_EXPANDED,C14_S,1,11,11.0,0,0,0,-0.05057471264367813,-0.13333333333333336,False,False
expanded,GEO_GSE308167_H5AD_INTERNAL_LABEL_EXPANDED,B cell,3,2500,861.0,0,0,0,-0.019239546116344708,-0.012851932240073194,False,False
expanded,GEO_GSE308167_H5AD_INTERNAL_LABEL_EXPANDED,ILC,3,289,72.0,0,1,0,-0.014782331098677659,-0.008555872439720003,False,False
expanded,GEO_GSE308167_H5AD_INTERNAL_LABEL_EXPANDED,NK cell,3,1585,424.0,0,0,0,-0.015752650705345483,-0.0048204867426835385,False,False
expanded,GEO_GSE308167_H5AD_INTERNAL_LABEL_EXPANDED,NKT cell,3,806,230.0,0,0,0,0.00156973549956832,0.0023467432950191602,False,False
expanded,GEO_GSE308167_H5AD_INTERNAL_LABEL_EXPANDED,T cell,3,2500,558.0,0,0,0,-0.012620669947043583,-0.003980073041874976,False,False
expanded,GEO_GSE308167_H5AD_INTERNAL_LABEL_EXPANDED,dendritic cell,3,1059,260.0,1,0,0,-0.016461057121958056,-0.014592098263939257,False,False
expanded,GEO_GSE308167_H5AD_INTERNAL_LABEL_EXPANDED,endothelial cell,3,982,250.0,0,0,0,-0.011144332699102977,-0.008241758241758323,False,False
expanded,GEO_GSE308167_H5AD_INTERNAL_LABEL_EXPANDED,monocyte,3,541,124.0,0,0,0,-0.016871711898728936,0.0006390049967555655,False,False
expanded,GEO_GSE308167_H5AD_INTERNAL_LABEL_EXPANDED,macrophage,2,255,127.5,0,0,0,-0.004916302523512203,-3.086019210146035e-05,False,False
expanded,GEO_GSE308167_H5AD_INTERNAL_LABEL_EXPANDED,tumor,1,1120,1120.0,0,0,0,0.0,0.0,False,False
expanded,GEO_GSE308167_H5AD_INTERNAL_LABEL_EXPANDED,VSMC,1,123,123.0,0,0,0,-0.008491331068084751,-0.00851099249825718,False,False
expanded,GEO_GSE308624_GENERIC_H5AD_EXPANDED,B_cell,3,2500,864.0,0,0,0,-0.0016673733221698184,-7.275637527737189e-05,False,False
expanded,GEO_GSE308624_GENERIC_H5AD_EXPANDED,Cancer_cell,3,2500,786.0,0,0,0,0.0003697731188750941,-0.0026412757199072434,False,False
expanded,GEO_GSE308624_GENERIC_H5AD_EXPANDED,DC,3,532,200.0,1,1,0,1.414757333750849e-05,-0.012256781522544391,False,False
expanded,GEO_GSE308624_GENERIC_H5AD_EXPANDED,Endothelial,3,2500,845.0,0,0,0,0.0010952902519166807,-0.0029184599780397447,False,False
expanded,GEO_GSE308624_GENERIC_H5AD_EXPANDED,Fibroblast,3,2500,755.0,0,0,0,-0.0007878928888700454,0.0009844942160965875,False,False
expanded,GEO_GSE308624_GENERIC_H5AD_EXPANDED,Myeloid cell,3,2500,799.0,0,0,0,-0.004852335736893365,-0.013976840880024599,False,False
expanded,GEO_GSE308624_GENERIC_H5AD_EXPANDED,SMC,3,2500,821.0,0,0,0,-0.0012934026952230449,-0.004585113035612487,False,False
expanded,GEO_GSE308624_GENERIC_H5AD_EXPANDED,T_cell,3,2500,885.0,0,0,0,-0.004608294930875667,-0.003957186695296766,False,False
expanded,GEO_GSE308952_H5AD_INTERNAL_LABEL_EXPANDED,Fibroblasts_1,3,460,188.0,0,0,0,-0.018596319817619278,-0.004715936065833204,False,False
expanded,GEO_GSE308952_H5AD_INTERNAL_LABEL_EXPANDED,Fibroblasts_2,3,358,79.0,1,0,0,0.006342494714587754,-0.0070492486141818245,False,False
expanded,GEO_GSE308952_H5AD_INTERNAL_LABEL_EXPANDED,Glia,3,232,46.0,2,0,0,0.014411027568922319,-0.006084575600851849,True,False
expanded,GEO_GSE308952_H5AD_INTERNAL_LABEL_EXPANDED,Inflammatory_Fibroblasts,3,478,216.0,1,0,0,0.009049832506686672,-0.02087912087912086,False,False
expanded,GEO_GSE308952_H5AD_INTERNAL_LABEL_EXPANDED,Macrophages,3,544,186.0,0,1,0,-0.006756756756756688,-0.008212758212758187,False,False
expanded,GEO_GSE308952_H5AD_INTERNAL_LABEL_EXPANDED,Myofibroblasts,3,1178,388.0,1,0,0,0.008384824928576173,-0.023121387283237038,False,False
expanded,GEO_GSE308952_H5AD_INTERNAL_LABEL_EXPANDED,Stromal,3,470,172.0,0,1,0,0.009125991685575596,0.008187741451882613,False,False
expanded,GEO_GSE310129_GENERIC_H5AD_EXPANDED,1,3,1881,497.0,0,0,0,-0.022207263226351193,-0.05047698210954643,False,False
expanded,GEO_GSE310129_GENERIC_H5AD_EXPANDED,10,3,911,241.0,1,0,0,-0.005307614151615847,-0.0404204692629741,False,False
expanded,GEO_GSE310129_GENERIC_H5AD_EXPANDED,11,3,890,204.0,0,0,0,-0.003256003256003337,-0.008189844924538836,False,False
expanded,GEO_GSE310129_GENERIC_H5AD_EXPANDED,12,3,877,278.0,1,0,0,-0.01997032011871952,-0.049170679507758164,False,False
expanded,GEO_GSE310129_GENERIC_H5AD_EXPANDED,13,3,866,296.0,0,0,0,-0.010883274051610381,-0.049031915050730235,False,False
expanded,GEO_GSE310129_GENERIC_H5AD_EXPANDED,14,3,815,140.0,0,0,0,-0.018985683086629512,-0.0332377242176462,False,False
expanded,GEO_GSE310129_GENERIC_H5AD_EXPANDED,15,3,810,275.0,0,0,0,-0.047733271066392136,-0.053368977290828346,False,False
expanded,GEO_GSE310129_GENERIC_H5AD_EXPANDED,17,3,723,152.0,0,0,0,-0.016949763785206906,-0.03196936387490251,False,False
expanded,GEO_GSE310129_GENERIC_H5AD_EXPANDED,18,3,684,221.0,0,0,0,-0.019626746885080815,-0.05209352909189768,False,False
expanded,GEO_GSE310129_GENERIC_H5AD_EXPANDED,19,2,654,327.0,1,0,0,-0.03422089301288922,-0.0640438741762227,False,False
expanded,GEO_GSE310129_GENERIC_H5AD_EXPANDED,2,3,1258,460.0,0,0,0,-0.009860769860769891,-0.05123737692140151,False,False
expanded,GEO_GSE310129_GENERIC_H5AD_EXPANDED,20,3,658,136.0,0,0,0,-0.011677798911841508,-0.03578920330493607,False,False
expanded,GEO_GSE310129_GENERIC_H5AD_EXPANDED,21,3,593,211.0,1,1,0,0.009878402622428006,-0.0025769995032290383,False,False
expanded,GEO_GSE310129_GENERIC_H5AD_EXPANDED,22,3,513,227.0,0,0,0,-0.014444444444444482,-0.01329921362795819,False,False
expanded,GEO_GSE310129_GENERIC_H5AD_EXPANDED,23,3,493,132.0,0,0,0,-0.005484404276424548,-0.0013450239029560718,False,False
expanded,GEO_GSE310129_GENERIC_H5AD_EXPANDED,24,3,423,184.0,0,0,0,-0.001990049751243783,-0.0268223914592175,False,False
expanded,GEO_GSE310129_GENERIC_H5AD_EXPANDED,25,3,419,136.0,0,0,0,-0.033848156695662435,-0.05089058524173029,False,False
expanded,GEO_GSE310129_GENERIC_H5AD_EXPANDED,26,3,345,47.0,0,0,0,-0.02344527363184079,-0.014020969373678027,False,False
expanded,GEO_GSE310129_GENERIC_H5AD_EXPANDED,3,3,1159,285.0,0,0,0,-0.0033059735522117384,-0.03325981495563046,False,False
expanded,GEO_GSE310129_GENERIC_H5AD_EXPANDED,4,3,1139,378.0,0,0,0,-0.008767709168671506,-0.02029235561945847,False,False
expanded,GEO_GSE310129_GENERIC_H5AD_EXPANDED,5,3,1133,70.0,0,0,0,-0.023284120286088172,-0.05615633669175235,False,False
expanded,GEO_GSE310129_GENERIC_H5AD_EXPANDED,6,3,1131,381.0,0,0,0,-0.041320571741788825,-0.04601784883475035,False,False
expanded,GEO_GSE310129_GENERIC_H5AD_EXPANDED,7,3,1092,193.0,1,0,0,-0.008471197927048035,-0.07017906750508979,False,False
expanded,GEO_GSE310129_GENERIC_H5AD_EXPANDED,8,3,978,357.0,0,0,0,-0.02357793318697088,-0.006186671176313108,False,False
expanded,GEO_GSE310129_GENERIC_H5AD_EXPANDED,9,3,938,387.0,1,0,0,-0.01706709037613352,-0.0464598767944856,False,False
expanded,GEO_GSE310129_GENERIC_H5AD_EXPANDED,16,2,764,382.0,0,0,0,-0.05215755645521822,-0.09058952546202231,False,False
expanded,GEO_GSE310129_GENERIC_H5AD_EXPANDED,27,2,204,102.0,0,0,0,-0.03844262798844572,-0.04934600438018022,False,False
expanded,GEO_GSE310129_GENERIC_H5AD_EXPANDED,28,1,160,160.0,0,0,0,0.0,0.0,False,False
expanded,GEO_GSE311681_GENERIC_XENIUM_EXPANDED,B cells,3,2500,824.0,0,0,0,-0.0013025983768669702,-0.0035842074681182723,False,False
expanded,GEO_GSE311681_GENERIC_XENIUM_EXPANDED,CEC,3,2326,746.0,1,0,0,0.00032206119162636604,0.0034855603679159186,False,False
expanded,GEO_GSE311681_GENERIC_XENIUM_EXPANDED,Ccr7+ mat DC,3,175,59.0,0,0,0,-0.01963251950667011,-0.02248875562218894,False,False
expanded,GEO_GSE311681_GENERIC_XENIUM_EXPANDED,Chil3+ Plac8+ Mono,3,936,277.0,0,0,0,-0.009292196361736504,-0.01734227499893215,False,False
expanded,GEO_GSE311681_GENERIC_XENIUM_EXPANDED,HSC,3,2500,798.0,0,0,0,-0.002469459368948157,-0.004512586548514719,False,False
expanded,GEO_GSE311681_GENERIC_XENIUM_EXPANDED,Heps,3,2500,715.0,0,0,0,0.0017217703950780372,0.0015958714826815878,False,False
expanded,GEO_GSE311681_GENERIC_XENIUM_EXPANDED,Il17a+ gdT cell,3,160,49.0,0,1,0,-0.006662449926207015,-0.007812805187702443,False,False
expanded,GEO_GSE311681_GENERIC_XENIUM_EXPANDED,KC,3,2500,847.0,0,0,0,-0.00048310613117963364,-0.0020455457958540313,False,False
expanded,GEO_GSE311681_GENERIC_XENIUM_EXPANDED,LSEC,3,2500,813.0,0,0,0,0.0028857736449126037,-0.004572617563317505,False,False
expanded,GEO_GSE311681_GENERIC_XENIUM_EXPANDED,Mesothelial,3,184,59.0,1,1,0,0.004392291257713607,0.000456464037959764,False,False
expanded,GEO_GSE311681_GENERIC_XENIUM_EXPANDED,NK cell,3,378,117.0,1,0,0,-0.017050855513307983,-0.02709854980417048,False,False
expanded,GEO_GSE311681_GENERIC_XENIUM_EXPANDED,NM,3,2500,836.0,0,0,0,0.002468698837793548,0.0005855717541637384,False,False
expanded,GEO_GSE311681_GENERIC_XENIUM_EXPANDED,Neutro,3,2500,824.0,0,0,0,-0.002725940422855011,-0.004236160295503444,False,False
expanded,GEO_GSE311681_GENERIC_XENIUM_EXPANDED,T cell,3,634,211.0,0,1,0,-0.001418282548476535,-0.008882089518985947,False,False
expanded,GEO_GSE311681_GENERIC_XENIUM_EXPANDED,Trem2+ Mac,3,2500,811.0,0,0,0,-0.0017122267881604092,-0.007132594417077254,False,False
expanded,GEO_GSE311681_GENERIC_XENIUM_EXPANDED,cDC1,3,165,52.0,0,0,0,-0.0042150831624515606,-0.0243741765480896,False,False
expanded,GEO_GSE311681_GENERIC_XENIUM_EXPANDED,cDC2,3,1282,428.0,0,0,0,0.0018603484043185903,-0.0035888601780074136,False,False
expanded,GEO_GSE311681_GENERIC_XENIUM_EXPANDED,cycling EC,3,231,81.0,0,1,0,-0.01240024554941685,0.0,False,False
expanded,GEO_GSE311681_GENERIC_XENIUM_EXPANDED,cycling myeloid,3,284,102.0,0,0,0,-0.026129426129426148,-0.014605588750075449,False,False
expanded,GEO_GSE311681_GENERIC_XENIUM_EXPANDED,ld BEC,3,663,218.0,0,0,0,-0.034110822406187624,-0.02710387242327783,False,False
expanded,GEO_GSE311681_GENERIC_XENIUM_EXPANDED,lyEC,3,564,204.0,0,0,0,-0.002792696025778807,-0.005794089529905677,False,False
expanded,GEO_GSE311681_GENERIC_XENIUM_EXPANDED,naive T cell,3,441,148.0,1,0,0,0.008044554455445496,-0.00387931034482758,False,False
expanded,GEO_GSE311681_GENERIC_XENIUM_EXPANDED,pDC,3,341,101.0,0,0,0,-0.0020496673003802535,0.00021114864864857363,False,False
expanded,GEO_GSE311681_GENERIC_XENIUM_EXPANDED,portal Fibs,3,2310,744.0,0,0,0,-0.0028204035237282543,-0.00473419409589626,False,False
expanded,GEO_GSE311681_GENERIC_XENIUM_EXPANDED,sd BEC,3,2500,824.0,0,0,0,-0.007317073170731825,-0.0054049434461436174,False,False
expanded,GEO_GSE317755_GENERIC_H5AD_EXPANDED,0,3,499,162.0,0,0,0,-0.012539912917271412,-0.03558250680918862,False,False
expanded,GEO_GSE317755_GENERIC_H5AD_EXPANDED,1,3,487,133.0,0,0,0,-0.011386545210184562,-0.00522130013831279,False,False
expanded,GEO_GSE317755_GENERIC_H5AD_EXPANDED,10,3,99,26.0,2,0,0,0.014377246444756908,-0.04615926708949958,True,False
expanded,GEO_GSE317755_GENERIC_H5AD_EXPANDED,11,3,81,17.0,0,1,0,-0.015258735072976481,-0.057246564687580936,False,False
expanded,GEO_GSE317755_GENERIC_H5AD_EXPANDED,12,2,50,25.0,0,1,0,-0.0009772455495137278,0.022114685813749424,False,False
expanded,GEO_GSE317755_GENERIC_H5AD_EXPANDED,13,1,41,41.0,0,0,0,0.005412334425295429,-0.004723534315087541,False,False
expanded,GEO_GSE317755_GENERIC_H5AD_EXPANDED,2,3,364,127.0,0,0,0,-0.0034632034632035014,-0.04308191808191797,False,False
expanded,GEO_GSE317755_GENERIC_H5AD_EXPANDED,3,3,332,124.0,0,0,0,0.003889158969372697,-0.011054400597535263,False,False
expanded,GEO_GSE317755_GENERIC_H5AD_EXPANDED,4,3,331,92.0,1,0,0,-0.0025750643766094816,-0.02100000000000013,False,False
expanded,GEO_GSE317755_GENERIC_H5AD_EXPANDED,5,3,275,96.0,1,0,0,0.006761325219743264,-0.034811497905532285,False,False
expanded,GEO_GSE317755_GENERIC_H5AD_EXPANDED,6,3,226,81.0,0,0,0,0.00040338846308984877,-0.029850746268656636,False,False
expanded,GEO_GSE317755_GENERIC_H5AD_EXPANDED,7,3,180,65.0,1,0,0,-0.010432190760059412,-0.07547169811320753,False,False
expanded,GEO_GSE317755_GENERIC_H5AD_EXPANDED,8,3,112,44.0,0,0,0,-0.0548168249660787,-0.06232412714955704,False,False
expanded,GEO_GSE317755_GENERIC_H5AD_EXPANDED,9,3,101,32.0,0,1,0,-0.013962264150943426,-0.0063775510204082675,False,False
expanded,GEO_GSE325587_GENERIC_CSV_PAIR_EXPANDED,Ascending vasa recta endothelium,3,1500,497.0,1,0,0,-0.0045351473922902175,-0.009460520462965416,False,False
expanded,GEO_GSE325587_GENERIC_CSV_PAIR_EXPANDED,B cell,3,1500,466.0,0,0,0,-0.0009869560472410832,0.0037068859894536788,False,False
expanded,GEO_GSE325587_GENERIC_CSV_PAIR_EXPANDED,CD4 T cell,3,1475,389.0,0,0,0,-0.00498758586119652,-0.014344641540802006,False,False
expanded,GEO_GSE325587_GENERIC_CSV_PAIR_EXPANDED,Connecting tubule,3,1500,469.0,0,0,0,-0.004444532629615694,-0.008850048550423095,False,False
expanded,GEO_GSE325587_GENERIC_CSV_PAIR_EXPANDED,Descending vasa recta endothelium,3,305,116.0,0,0,0,-0.0009619653692466701,-0.009261897976631489,False,False
expanded,GEO_GSE325587_GENERIC_CSV_PAIR_EXPANDED,Distinct proximal tubule 1,3,1500,502.0,0,0,0,-0.011524822695035464,-0.019150182196772447,False,False
expanded,GEO_GSE325587_GENERIC_CSV_PAIR_EXPANDED,Distinct proximal tubule 2,3,729,261.0,0,0,0,-0.013364489812651204,-0.023640661938534313,False,False
expanded,GEO_GSE325587_GENERIC_CSV_PAIR_EXPANDED,Epithelial progenitor cell,3,1500,557.0,0,0,0,-0.0029355920335034646,-0.02980097371342244,False,False
expanded,GEO_GSE325587_GENERIC_CSV_PAIR_EXPANDED,Fibroblast,3,1500,512.0,0,0,0,-0.004581534830334522,-0.008103245758805833,False,False
expanded,GEO_GSE325587_GENERIC_CSV_PAIR_EXPANDED,Glomerular endothelium,3,254,83.0,0,0,0,-0.012333553262955876,-0.012290528129889566,False,False
expanded,GEO_GSE325587_GENERIC_CSV_PAIR_EXPANDED,MNP-c/dendritic cell,3,1500,507.0,0,0,0,-0.007428143285942046,-0.0008623434514964945,False,False
expanded,GEO_GSE325587_GENERIC_CSV_PAIR_EXPANDED,Myofibroblast,3,1500,612.0,0,0,0,-0.010810810810810811,-0.010958904109589052,False,False
expanded,GEO_GSE325587_GENERIC_CSV_PAIR_EXPANDED,NK cell,3,52,18.0,0,0,0,-0.0016317016317016486,-0.019457013574660648,False,False
expanded,GEO_GSE325587_GENERIC_CSV_PAIR_EXPANDED,NKT cell,3,477,134.0,0,0,0,-0.005279853526644118,-0.0014917793436171056,False,False
expanded,GEO_GSE325587_GENERIC_CSV_PAIR_EXPANDED,Pelvic epithelium,3,65,18.0,0,0,0,0.006736842105263138,-0.006367654786559922,False,False
expanded,GEO_GSE325587_GENERIC_CSV_PAIR_EXPANDED,Peritubular capillary endothelium 1,3,120,42.0,0,0,0,-0.00909090909090908,-0.011003377274212911,False,False
expanded,GEO_GSE325587_GENERIC_CSV_PAIR_EXPANDED,Peritubular capillary endothelium 2,3,185,53.0,0,0,0,-0.0056022408963585235,-0.003215020576131697,False,False
expanded,GEO_GSE325587_GENERIC_CSV_PAIR_EXPANDED,Plasmacytoid dendritic cell,3,81,33.0,0,0,0,-0.007156000817828662,-0.012585499316005472,False,False
expanded,GEO_GSE325587_GENERIC_CSV_PAIR_EXPANDED,Podocyte,3,1499,564.0,0,0,0,-0.006039581199974942,-0.011126010921407414,False,False
expanded,GEO_GSE325587_GENERIC_CSV_PAIR_EXPANDED,Principal cell,3,799,280.0,0,0,0,-0.01388146928283085,-0.01218638853215226,False,False
expanded,GEO_GSE325587_GENERIC_CSV_PAIR_EXPANDED,Proliferating Proximal Tubule,3,1500,570.0,0,0,0,-0.012204854064072401,-0.013601158833871807,False,False
expanded,GEO_GSE325587_GENERIC_CSV_PAIR_EXPANDED,Proximal tubule,3,175,52.0,0,1,0,-0.024212927756653957,-0.03860223048327133,False,False
expanded,GEO_GSE325587_GENERIC_CSV_PAIR_EXPANDED,Thick ascending limb of Loop of Henle,3,394,124.0,0,0,0,0.0008528404679166157,-0.019764290666162476,False,False
expanded,GEO_GSE325587_GENERIC_CSV_PAIR_EXPANDED,Type B intercalated cell,3,48,15.0,1,0,0,0.007389162561576346,-0.004848484848484824,False,False
expanded,GEO_GSE325587_GENERIC_CSV_PAIR_EXPANDED,MNP-a/classical monocyte derived,2,32,16.0,0,0,0,0.00013471041486470825,-0.004466186034089964,False,False
expanded,GEO_GSE325587_GENERIC_CSV_PAIR_EXPANDED,MNP-d/Tissue macrophage,2,67,33.5,0,0,0,-0.0005325301149220474,-0.007585711098056891,False,False
expanded,GEO_GSE325587_GENERIC_CSV_PAIR_EXPANDED,Mast cell,2,30,15.0,0,0,0,-0.008724002414373475,-0.00826244777829245,False,False
expanded,GEO_GSE325587_GENERIC_CSV_PAIR_EXPANDED,Type A intercalated cell,2,44,22.0,0,0,0,-0.008093957832177742,-0.013819276909588882,False,False
expanded,GEO_GSE325587_GENERIC_CSV_PAIR_EXPANDED,CD8 T cell,1,14,14.0,0,0,0,-0.008938093545274483,-0.00955665024630541,False,False
expanded,GEO_GSE326743_GENERIC_XENIUM_EXPANDED,Arterial endothelial cells (KDR+ CD34+),3,2500,725.0,0,0,0,-0.00893818918842293,-0.009403678983181174,False,False
expanded,GEO_GSE326743_GENERIC_XENIUM_EXPANDED,B cell zone reticular cells CXCL13+MADCAM1+,3,2500,663.0,0,0,0,-0.01592121380710465,-0.015258664976117498,False,False
expanded,GEO_GSE326743_GENERIC_XENIUM_EXPANDED,B cells,3,502,137.0,0,0,0,-0.022837066315327226,-0.02930084131128524,False,False
expanded,GEO_GSE326743_GENERIC_XENIUM_EXPANDED,"B cells, follicular",3,2500,901.0,0,1,0,0.00367456996745702,-0.002211604401489209,False,False
expanded,GEO_GSE326743_GENERIC_XENIUM_EXPANDED,"B cells, marginal zone",3,2500,540.0,0,0,0,-0.006000978010631153,-0.009238967144447774,False,False
expanded,GEO_GSE326743_GENERIC_XENIUM_EXPANDED,CXCL13+ marginal zone stromal cells,3,2275,515.0,0,0,0,-0.02613897082923633,-0.008623952419572922,False,False
expanded,GEO_GSE326743_GENERIC_XENIUM_EXPANDED,DC1,2,25,12.5,0,0,0,0.0003852327447833072,0.004920634920634919,False,False
expanded,GEO_GSE326743_GENERIC_XENIUM_EXPANDED,DC2 and DC1,3,1926,443.0,0,0,0,-0.010809410109759776,-0.0034284561863467955,False,False
expanded,GEO_GSE326743_GENERIC_XENIUM_EXPANDED,Erythroid,3,2500,276.0,0,0,0,0.0016335420637081377,-0.0016001190786291142,False,False
expanded,GEO_GSE326743_GENERIC_XENIUM_EXPANDED,Follicular / marginal-zone-interface B cells,3,2500,938.0,1,0,0,-0.0015329768270944677,-0.00619140964895859,False,False
expanded,GEO_GSE326743_GENERIC_XENIUM_EXPANDED,Follicular dendritic cells (FDCSP+),3,455,154.0,0,0,0,-0.046520397190061846,-0.03393647203539471,False,False
expanded,GEO_GSE326743_GENERIC_XENIUM_EXPANDED,"Germinal center B cells, proliferating",3,1879,634.0,1,0,0,-0.0028566801619432924,-0.004596125401349238,False,False
expanded,GEO_GSE326743_GENERIC_XENIUM_EXPANDED,Marginal zone reticular cells CXCL13+NGFR+MADCAM1-,3,2500,681.0,0,0,0,-0.011876261617632666,-0.005513726882551362,False,False
expanded,GEO_GSE326743_GENERIC_XENIUM_EXPANDED,Metamyelocyte/Band Neutrophils DEFA1+,3,2500,348.0,0,0,0,-0.00727727820524704,-0.005208748571580435,False,False
expanded,GEO_GSE326743_GENERIC_XENIUM_EXPANDED,Monocytes,3,2500,654.0,0,0,0,-0.0023270824331347306,-0.0012896899542300666,False,False
expanded,GEO_GSE326743_GENERIC_XENIUM_EXPANDED,NK cells,3,2500,817.0,0,0,0,0.0015526797962918115,0.0007241800345247906,False,False
expanded,GEO_GSE326743_GENERIC_XENIUM_EXPANDED,Neutrophils,3,2500,811.0,0,0,0,-0.001240857917659599,-0.004873429669279061,False,False
expanded,GEO_GSE326743_GENERIC_XENIUM_EXPANDED,Perifollicular zone macrophages,3,2500,867.0,0,0,0,0.006268250718765245,-0.001502272311230901,False,False
expanded,GEO_GSE326743_GENERIC_XENIUM_EXPANDED,Plasma cells,3,2500,595.0,1,0,0,0.005944698788468483,-0.0033908604764218975,False,False
expanded,GEO_GSE326743_GENERIC_XENIUM_EXPANDED,Promyelocyte,3,2500,282.0,0,0,0,0.001437500000000036,0.00036797319839609877,False,False
expanded,GEO_GSE326743_GENERIC_XENIUM_EXPANDED,Red pulp fibroblasts,3,2500,834.0,0,0,0,-0.0019971259490592086,-0.0008532876863324157,False,False
expanded,GEO_GSE326743_GENERIC_XENIUM_EXPANDED,Red pulp macrophages,3,2500,859.0,0,0,0,-0.002361503413623234,-0.004152593486127842,False,False
expanded,GEO_GSE326743_GENERIC_XENIUM_EXPANDED,Sinusoidal endothelial cells (littoral cells),3,2500,769.0,0,0,0,0.0014436214492488109,-0.00126798008611273,False,False
expanded,GEO_GSE326743_GENERIC_XENIUM_EXPANDED,Smooth muscle,3,2500,878.0,0,0,0,-0.007812835372397464,-0.006543829400445733,False,False
expanded,GEO_GSE326743_GENERIC_XENIUM_EXPANDED,T cell zone reticular cells CCL21+ CCL19+,3,2500,987.0,0,0,0,-0.001033227662322389,0.00382860010972208,False,False
expanded,GEO_GSE326743_GENERIC_XENIUM_EXPANDED,T cell zone reticular cells CXCL9+,3,314,134.0,0,0,0,-0.007550539904197448,-0.004838920615545576,False,False
expanded,GEO_GSE326743_GENERIC_XENIUM_EXPANDED,T cells,3,2500,806.0,0,0,0,-0.013576571212039146,-0.0025486421323956954,False,False
expanded,GEO_GSE326743_GENERIC_XENIUM_EXPANDED,Tingible body macrophages,3,1902,638.0,0,0,0,0.0024992604229360227,-0.0009446931360583832,False,False
expanded,GEO_GSE326743_GENERIC_XENIUM_EXPANDED,Vascular smooth muscle cells,3,2500,886.0,3,1,0,0.04290239777792848,-0.0025902897881222575,True,False
expanded,GEO_GSE326743_GENERIC_XENIUM_EXPANDED,"gdT cells, NK cells, and T cells",3,2500,755.0,0,0,0,-0.0037512846865364047,-0.004521217627787122,False,False
expanded,GEO_GSE327129_GENERIC_H5AD_EXPANDED,Cell-noNuc,3,2500,857.0,0,0,0,-0.012921253563151769,-0.009201081308740755,False,False
expanded,GEO_GSE327129_GENERIC_H5AD_EXPANDED,Cell-oneNuc,3,2500,772.0,0,0,0,-0.003711101003908812,-0.008268611692667849,False,False
expanded,GEO_GSE327129_GENERIC_H5AD_EXPANDED,Cell-twoNuc,3,2303,754.0,0,0,0,-0.008696584816260067,0.0024840182648402376,False,False
expanded,GEO_GSE327581_COSMX_AD_BRAIN_EXPANDED,Astrocytes.Bergmann.glia,2,293,146.5,2,2,0,0.015222214597772177,0.012413560871519014,True,True
expanded,GEO_GSE327581_COSMX_AD_BRAIN_EXPANDED,Astrocytes.cortex.hippocampus,3,300,92.0,0,1,0,0.00754762551701238,-0.019991840065279542,False,False
expanded,GEO_GSE327581_COSMX_AD_BRAIN_EXPANDED,Astrocytes.thalamus.hypothalamus,3,300,118.0,3,1,0,0.03245278120334916,-0.00043231225296447295,True,False
expanded,GEO_GSE327581_COSMX_AD_BRAIN_EXPANDED,CCK.interneurons,3,300,101.0,1,0,0,0.0024155711432155558,-0.00476039352586477,False,False
expanded,GEO_GSE327581_COSMX_AD_BRAIN_EXPANDED,Cajal.Retzius.cells,3,194,72.0,2,1,0,0.010117434507678422,0.0042593187469512905,True,False
expanded,GEO_GSE327581_COSMX_AD_BRAIN_EXPANDED,Cholinergic.neurons.habenula,3,300,100.0,0,0,0,0.0,-0.0048780487804877815,False,False
expanded,GEO_GSE327581_COSMX_AD_BRAIN_EXPANDED,Choroid.plexus.epithelial.cells,3,300,126.0,0,1,0,-0.024005111354509,-0.009378531073446328,False,False
expanded,GEO_GSE327581_COSMX_AD_BRAIN_EXPANDED,Committed.oligodendrocytes,3,300,130.0,0,0,0,-0.011351841635263649,-0.013620737712533748,False,False
expanded,GEO_GSE327581_COSMX_AD_BRAIN_EXPANDED,D1.medium.spiny.neurons,3,300,91.0,0,0,0,-0.011524822695035408,-0.0012285668500615632,False,False
expanded,GEO_GSE327581_COSMX_AD_BRAIN_EXPANDED,D2.medium.spiny.neurons,3,300,76.0,1,0,0,0.004688361831219123,-0.030778470778470735,False,False
expanded,GEO_GSE327581_COSMX_AD_BRAIN_EXPANDED,Dopaminergic.neurons,3,300,52.0,0,0,0,-0.003800140745953584,-0.0040485829959514275,False,False
expanded,GEO_GSE327581_COSMX_AD_BRAIN_EXPANDED,Ependymal.cells,3,300,88.0,2,1,0,0.014295474851526824,-0.009660377358490457,True,False
expanded,GEO_GSE327581_COSMX_AD_BRAIN_EXPANDED,Excitatory.neurons.amygdala,3,300,105.0,0,0,0,-0.04291187739463603,-0.047377571718342504,False,False
expanded,GEO_GSE327581_COSMX_AD_BRAIN_EXPANDED,Excitatory.neurons.di.mesencephalon,2,297,148.5,1,0,0,0.00164560990055157,-0.0056235512522958,False,False
expanded,GEO_GSE327581_COSMX_AD_BRAIN_EXPANDED,Excitatory.neurons.hippocampal.CA1,3,300,122.0,2,0,0,0.023947750362844578,-0.002944539736992602,True,False
expanded,GEO_GSE327581_COSMX_AD_BRAIN_EXPANDED,Excitatory.neurons.hippocampal.CA2,3,300,104.0,1,1,0,0.00940128649183572,-0.002574002574002643,False,False
expanded,GEO_GSE327581_COSMX_AD_BRAIN_EXPANDED,Excitatory.neurons.hippocampal.CA3,3,300,116.0,0,0,0,-0.002522746071133175,-0.0038988408851421408,False,False
expanded,GEO_GSE327581_COSMX_AD_BRAIN_EXPANDED,Excitatory.neurons.layer.1.piriform,3,300,91.0,0,0,0,-0.010759027266028037,-0.01492104881935391,False,False
expanded,GEO_GSE327581_COSMX_AD_BRAIN_EXPANDED,Excitatory.neurons.layer.2.3,3,300,107.0,0,0,0,-0.01603162028400318,-0.026591458501208698,False,False
expanded,GEO_GSE327581_COSMX_AD_BRAIN_EXPANDED,Excitatory.neurons.layer.4,2,295,147.5,0,0,0,-0.035204078427148844,-0.01668133834317409,False,False
expanded,GEO_GSE327581_COSMX_AD_BRAIN_EXPANDED,Excitatory.neurons.layer.5,3,300,106.0,1,1,0,-0.0307644011929053,-0.024242424242424232,False,False
expanded,GEO_GSE327581_COSMX_AD_BRAIN_EXPANDED,Excitatory.neurons.layer.6,2,295,147.5,1,0,0,-0.005384392527696569,-0.016785761366161445,False,False
expanded,GEO_GSE327581_COSMX_AD_BRAIN_EXPANDED,Excitatory.neurons.telencephalon,3,300,103.0,1,0,0,-0.012286484866646685,-0.012375900992792052,False,False
expanded,GEO_GSE327581_COSMX_AD_BRAIN_EXPANDED,Granule.neurons,3,300,134.0,0,0,0,-0.013937664618085988,-0.007462686567164201,False,False
expanded,GEO_GSE327581_COSMX_AD_BRAIN_EXPANDED,Hindbrain.excitatory.neurons,2,299,149.5,0,0,0,-0.00583858923163999,-0.0025203553708562643,False,False
expanded,GEO_GSE327581_COSMX_AD_BRAIN_EXPANDED,Hindbrain.inhibitory.neurons,2,296,148.0,0,0,0,-0.007885440328859739,-0.009630675062203747,False,False
expanded,GEO_GSE327581_COSMX_AD_BRAIN_EXPANDED,Hypendymal,3,300,79.0,1,0,0,-0.006289412637511704,-0.00935027571325825,False,False
expanded,GEO_GSE327581_COSMX_AD_BRAIN_EXPANDED,Inhibitory.interneurons,3,300,113.0,0,0,0,0.007722007722007929,0.0,False,False
expanded,GEO_GSE327581_COSMX_AD_BRAIN_EXPANDED,Inhibitory.neurons.amygdala,3,300,116.0,0,0,0,-0.020677886706594872,-0.026576175516992318,False,False
expanded,GEO_GSE327581_COSMX_AD_BRAIN_EXPANDED,Inhibitory.neurons.habenula.hypothalamus,3,300,98.0,0,0,0,0.003894839337877265,0.003996003996003916,False,False
expanded,GEO_GSE327581_COSMX_AD_BRAIN_EXPANDED,Inhibitory.neurons.habenula.thalamus,2,295,147.5,0,0,0,-0.0030975151661193773,-0.010129167320106117,False,False
expanded,GEO_GSE327581_COSMX_AD_BRAIN_EXPANDED,Inhibitory.neurons.reticular.nucleus,3,300,133.0,1,0,0,0.0094126875183842,-0.001789620202823583,False,False
expanded,GEO_GSE327581_COSMX_AD_BRAIN_EXPANDED,Interneuron.selective.interneurons,3,300,100.0,0,0,0,-0.016150892252089377,-0.018104466143148923,False,False
expanded,GEO_GSE327581_COSMX_AD_BRAIN_EXPANDED,Interneurons,2,299,149.5,1,0,0,-4.777366772434899e-05,-0.005816912501525329,False,False
expanded,GEO_GSE327581_COSMX_AD_BRAIN_EXPANDED,Mature.oligodendrocytes,3,300,105.0,1,0,0,0.0,-0.0004389815627743633,False,False
expanded,GEO_GSE327581_COSMX_AD_BRAIN_EXPANDED,Microglia,3,300,106.0,1,0,0,0.00847123719464149,-0.014277476646292198,False,False
expanded,GEO_GSE327581_COSMX_AD_BRAIN_EXPANDED,Myelin.forming.oligodendrocytes,3,300,97.0,0,0,0,-0.03985507246376812,-0.03985507246376812,False,False
expanded,GEO_GSE327581_COSMX_AD_BRAIN_EXPANDED,Neuroblasts,3,300,118.0,0,0,0,-0.05790949746077462,-0.06758457607078827,False,False
expanded,GEO_GSE327581_COSMX_AD_BRAIN_EXPANDED,Neurogliaform.cells,3,300,100.0,0,0,0,-0.019417475728155442,-0.03349197955226513,False,False
expanded,GEO_GSE327581_COSMX_AD_BRAIN_EXPANDED,Newly.formed.oligodendrocytes,3,300,99.0,1,0,0,-0.004418262150220953,0.0078997386552625,False,False
expanded,GEO_GSE327581_COSMX_AD_BRAIN_EXPANDED,Olfactory.bulb.inhibitory.neurons,2,299,149.5,0,0,0,-0.018861590340556678,-0.01030135721691261,False,False
expanded,GEO_GSE327581_COSMX_AD_BRAIN_EXPANDED,Olfactory.ensheathing.cells,3,300,96.0,1,1,0,-0.002551020408163282,-0.0019973987365291546,False,False
expanded,GEO_GSE327581_COSMX_AD_BRAIN_EXPANDED,Oligodendrocyte.precursor.cells,3,300,102.0,0,1,0,-0.016699502767614227,-0.006038927858038834,False,False
expanded,GEO_GSE327581_COSMX_AD_BRAIN_EXPANDED,Peptidergic.neurons,3,277,81.0,1,0,0,0.0,-0.011320754716981157,False,False
expanded,GEO_GSE327581_COSMX_AD_BRAIN_EXPANDED,Pericytes,3,300,114.0,1,0,0,-0.010324877614597328,0.0005657708628006297,False,False
expanded,GEO_GSE327581_COSMX_AD_BRAIN_EXPANDED,Perivascular.macrophages,3,300,113.0,1,1,0,-0.03251693590411675,0.0,False,False
expanded,GEO_GSE327581_COSMX_AD_BRAIN_EXPANDED,Purkinje.cells,2,298,149.0,0,0,0,-0.02033043530008133,-0.01351297243662436,False,False
expanded,GEO_GSE327581_COSMX_AD_BRAIN_EXPANDED,Radial.glia,3,300,96.0,0,0,0,-0.012587412587412583,-0.0016660158792138613,False,False
expanded,GEO_GSE327581_COSMX_AD_BRAIN_EXPANDED,Serotonergic.neurons,3,300,105.0,0,0,0,-0.010093610093610095,0.0028751123090746122,False,False
expanded,GEO_GSE327581_COSMX_AD_BRAIN_EXPANDED,T.cell,3,300,125.0,0,1,0,0.0008158603247124252,-0.004740997258466828,False,False
expanded,GEO_GSE327581_COSMX_AD_BRAIN_EXPANDED,Tanycytes,3,300,90.0,0,0,0,-0.0017091582395670213,-0.014451367255105707,False,False
expanded,GEO_GSE327581_COSMX_AD_BRAIN_EXPANDED,Telencephalon.inhibitory.neurons,3,300,118.0,2,1,0,0.03409123409123416,-0.016958733747880206,True,False
expanded,GEO_GSE327581_COSMX_AD_BRAIN_EXPANDED,Vascular.endothelial.cells,3,300,95.0,1,0,0,0.0029715762273903046,-0.010986495765621385,False,False
expanded,GEO_GSE327581_COSMX_AD_BRAIN_EXPANDED,Vascular.leptomeningeal.cells,3,300,101.0,0,0,0,-0.0075742972798293895,0.005557605386956932,False,False
expanded,GEO_GSE327581_COSMX_AD_BRAIN_EXPANDED,Vascular.smooth.muscle.cells,3,300,118.0,0,2,0,-0.003296703296703396,0.012668463611859804,False,True
expanded,GEO_GSE328481_GENERIC_H5AD_EXPANDED,Alveolar,3,2500,675.0,0,0,0,-0.0018315206238456172,-0.02456462955202665,False,False
expanded,GEO_GSE328481_GENERIC_H5AD_EXPANDED,LA-PCA,3,2500,908.0,2,0,0,0.014798085571538278,-0.014536861065618023,True,False
expanded,GEO_GSE328481_GENERIC_H5AD_EXPANDED,LA-TLS,3,2500,407.0,1,0,0,-0.0014474365672232717,-0.027277235623081375,False,False
expanded,GEO_GSE328481_GENERIC_H5AD_EXPANDED,LA-myloid-aggregate,3,2500,669.0,0,0,0,-0.0059645717058966485,-0.01374955825185542,False,False
expanded,GEO_GSE328481_GENERIC_H5AD_EXPANDED,Stroma,3,2500,682.0,0,0,0,-0.005658734866560988,-0.013061492735352453,False,False
expanded,GEO_GSE328481_GENERIC_H5AD_EXPANDED,Tumor,3,2500,761.0,0,0,0,0.006299033799970488,-0.013814966698659115,False,False
expanded,GEO_GSE330849_GENERIC_H5AD_EXPANDED,0,3,2500,867.0,0,0,0,-0.012422360248447228,-0.013658551329131963,False,False
expanded,GEO_GSE330849_GENERIC_H5AD_EXPANDED,1,3,2500,814.0,0,0,0,-0.004234398303242903,-0.016821472537807858,False,False
expanded,GEO_GSE330849_GENERIC_H5AD_EXPANDED,10,3,2500,908.0,0,1,0,-0.026831491397971863,-0.004118027160441573,False,False
expanded,GEO_GSE330849_GENERIC_H5AD_EXPANDED,11,3,2500,752.0,0,0,0,-0.010540272718391086,-0.008570508394007081,False,False
expanded,GEO_GSE330849_GENERIC_H5AD_EXPANDED,12,3,2500,766.0,0,0,0,-0.0037162465152293933,0.0004567071160356262,False,False
expanded,GEO_GSE330849_GENERIC_H5AD_EXPANDED,13,3,2500,646.0,0,0,0,-0.020971529099199415,-0.024220957016819367,False,False
expanded,GEO_GSE330849_GENERIC_H5AD_EXPANDED,14,3,2500,788.0,0,0,0,-0.0019305838424981125,-0.00031229180546288315,False,False
expanded,GEO_GSE330849_GENERIC_H5AD_EXPANDED,15,3,2500,979.0,1,0,0,0.0048329645844120694,-0.005763666880879037,False,False
expanded,GEO_GSE330849_GENERIC_H5AD_EXPANDED,16,3,2422,853.0,0,0,0,0.0007504333488353998,-0.008638201824508696,False,False
expanded,GEO_GSE330849_GENERIC_H5AD_EXPANDED,17,3,2303,535.0,0,1,0,0.0008013206052265298,-0.00355452808891199,False,False
expanded,GEO_GSE330849_GENERIC_H5AD_EXPANDED,18,3,2024,693.0,0,0,0,0.0020188563230170153,-0.006716735911366567,False,False
expanded,GEO_GSE330849_GENERIC_H5AD_EXPANDED,19,3,2007,633.0,0,0,0,-0.004096663470490869,-0.00382374568697319,False,False
expanded,GEO_GSE330849_GENERIC_H5AD_EXPANDED,2,3,2500,713.0,2,0,0,0.0197761895740165,-0.03589002295974175,True,False
expanded,GEO_GSE330849_GENERIC_H5AD_EXPANDED,20,3,1823,438.0,0,0,0,-0.0391716657079465,-0.039854676820131774,False,False
expanded,GEO_GSE330849_GENERIC_H5AD_EXPANDED,21,3,1096,437.0,0,0,0,-0.0018121168409664934,-0.008548254036153224,False,False
expanded,GEO_GSE330849_GENERIC_H5AD_EXPANDED,3,3,2500,869.0,0,0,0,-0.022206492061886962,-0.019359891400825058,False,False
expanded,GEO_GSE330849_GENERIC_H5AD_EXPANDED,4,3,2500,839.0,0,0,0,-0.0064242253911058755,0.002070077479115251,False,False
expanded,GEO_GSE330849_GENERIC_H5AD_EXPANDED,5,3,2500,874.0,0,0,0,-0.013035746125399816,-0.011220190666196395,False,False
expanded,GEO_GSE330849_GENERIC_H5AD_EXPANDED,6,3,2500,801.0,2,0,0,0.022564875106513504,-0.01279627084579038,True,False
expanded,GEO_GSE330849_GENERIC_H5AD_EXPANDED,7,3,2500,895.0,0,1,0,-0.006449216111721334,-0.013599998201653252,False,False
expanded,GEO_GSE330849_GENERIC_H5AD_EXPANDED,8,3,2500,748.0,0,1,0,-0.012149583781125295,-0.046095563051344546,False,False
expanded,GEO_GSE330849_GENERIC_H5AD_EXPANDED,9,3,2500,802.0,0,0,0,-0.00816744342231035,-0.0003322196829443902,False,False
expanded,GEO_GSE330849_GENERIC_H5AD_EXPANDED,22,2,1026,513.0,0,0,0,-0.02565105030897824,-0.014825939872555927,False,False
expanded,GEO_GSE333479_H5AD_SIDECAR_EXPANDED,DN3 thymocyte,2,844,422.0,0,0,0,-0.0025056858593580714,-0.012771587231815734,False,False
expanded,GEO_GSE333479_H5AD_SIDECAR_EXPANDED,DN4 thymocyte,2,2500,1250.0,1,0,0,0.008938838917207592,-0.029140673586117202,False,False
expanded,GEO_GSE333479_H5AD_SIDECAR_EXPANDED,double negative T cell,2,1911,955.5,0,0,0,-0.03113310353157142,-0.023502881730930514,False,False
expanded,GEO_GSE333479_H5AD_SIDECAR_EXPANDED,immature T cell,2,2500,1250.0,0,0,0,-0.07748450105206331,-0.07823032061327148,False,False
expanded,GEO_GSE333479_H5AD_SIDECAR_EXPANDED,professional antigen presenting cell,2,2500,1250.0,0,0,0,-0.03441571826404212,-0.023443910734688628,False,False
expanded,GEO_GSE333479_H5AD_SIDECAR_EXPANDED,thymocyte,2,2500,1250.0,0,0,0,-0.0035309370210931668,-0.007218187886974092,False,False
expanded,GEO_GSE333479_H5AD_SIDECAR_EXPANDED,B cell,2,2500,1250.0,0,2,0,-0.008179661582295578,0.016590751568780718,False,True
expanded,GEO_GSE333479_H5AD_SIDECAR_EXPANDED,T cell,2,1109,554.5,1,0,0,0.0035088769303871087,-0.03463300705075064,False,False
expanded,GEO_GSE333479_H5AD_SIDECAR_EXPANDED,erythroblast,2,2500,1250.0,0,0,0,-0.027252745692278812,-0.07277943634835221,False,False
expanded,GEO_GSE333479_H5AD_SIDECAR_EXPANDED,macrophage,2,232,116.0,0,0,0,-0.008562649216908066,-0.007015617994357487,False,False
expanded,GEO_GSE333479_H5AD_SIDECAR_EXPANDED,macrophage dendritic cell progenitor,2,83,41.5,0,0,0,-0.006975322738592256,-0.006343008422480836,False,False
expanded,GEO_GSE333479_H5AD_SIDECAR_EXPANDED,mature NK T cell,2,1088,544.0,0,0,0,-0.03561538830384546,-0.009689840040306735,False,False
expanded,GEO_GSE333479_H5AD_SIDECAR_EXPANDED,megakaryocyte-erythroid progenitor cell,1,102,102.0,0,0,0,-0.00761670761670763,-0.01810028536485936,False,False
expanded,GEO_GSE333479_H5AD_SIDECAR_EXPANDED,plasma cell,2,74,37.0,0,1,0,-0.01170272760800925,-0.008880911884070045,False,False
expanded,GEO_GSE333737_MERSCOPE_PANCREAS_VASCULAR_EXPANDED,Endothelial Cells,3,11172,3539.0,0,0,0,-0.005197545395585812,-0.007073936915451773,False,False
expanded,GEO_GSE333737_MERSCOPE_PANCREAS_VASCULAR_EXPANDED,Fibroblasts,3,6403,2286.0,0,0,0,0.0,-0.005946367414886966,False,False
expanded,GEO_GSE333737_MERSCOPE_PANCREAS_VASCULAR_EXPANDED,Islet-associated Fibroblasts,3,1883,639.0,0,0,0,-0.005484895068460949,-0.0029588779421962363,False,False
expanded,GEO_GSE333737_MERSCOPE_PANCREAS_VASCULAR_EXPANDED,Pericytes,3,4764,1581.0,0,0,0,0.0,-0.0037768579260616386,False,False
expanded,GEO_GSE336633_H5AD_INTERNAL_LABEL_EXPANDED,AT2,3,8000,3295.0,0,0,0,-0.0002877614196230005,-0.0007942667311957585,False,False
expanded,GEO_GSE336633_H5AD_INTERNAL_LABEL_EXPANDED,Adventitial fibroblasts,3,2372,1061.0,0,0,0,-0.003014613120269183,-0.00509171869942171,False,False
expanded,GEO_GSE336633_H5AD_INTERNAL_LABEL_EXPANDED,Alveolar fibroblasts,3,2885,1248.0,0,0,0,-0.0036518794586524322,-0.005583207160381062,False,False
expanded,GEO_GSE336633_H5AD_INTERNAL_LABEL_EXPANDED,Alveolar macrophages,3,5990,2138.0,0,0,0,-0.007973156078758148,-0.009592108104422126,False,False
expanded,GEO_GSE336633_H5AD_INTERNAL_LABEL_EXPANDED,Arterial endothelial cells,3,560,97.0,1,0,0,-0.00022005643224951021,-0.006742821202925853,False,False
expanded,GEO_GSE336633_H5AD_INTERNAL_LABEL_EXPANDED,Basal cells,3,1058,439.0,0,0,0,0.0012019230769230865,-0.014997282836645587,False,False
expanded,GEO_GSE336633_H5AD_INTERNAL_LABEL_EXPANDED,CD16+ NK cells,3,8000,1624.0,0,0,0,-0.002257086748633813,-0.0021941394702241768,False,False
expanded,GEO_GSE336633_H5AD_INTERNAL_LABEL_EXPANDED,CD16- NK cells,3,2105,748.0,0,0,0,0.00024080676504811827,-0.003232062055591567,False,False
expanded,GEO_GSE336633_H5AD_INTERNAL_LABEL_EXPANDED,Ciliated cells,3,2586,832.0,1,0,0,0.007610778279847574,-0.004003402147237156,False,False
expanded,GEO_GSE336633_H5AD_INTERNAL_LABEL_EXPANDED,Club cells,3,627,271.0,0,0,0,-0.0014893981020237534,-0.005205008224363622,False,False
expanded,GEO_GSE336633_H5AD_INTERNAL_LABEL_EXPANDED,Lymphatic endothelial cells,3,814,345.0,0,0,0,-0.03450162360581671,-0.01293098596758091,False,False
expanded,GEO_GSE336633_H5AD_INTERNAL_LABEL_EXPANDED,Macrophages,3,7212,2900.0,0,0,0,-0.005572451027940739,-0.005981252090522748,False,False
expanded,GEO_GSE336633_H5AD_INTERNAL_LABEL_EXPANDED,Mast cells,3,1326,373.0,0,0,0,0.0044349288882091775,0.0021020124313408384,False,False
expanded,GEO_GSE336633_H5AD_INTERNAL_LABEL_EXPANDED,Memory B cells,3,3128,1230.0,0,0,0,-0.0008120286486743011,-0.0007897455638308792,False,False
expanded,GEO_GSE336633_H5AD_INTERNAL_LABEL_EXPANDED,Plasma cells,3,890,164.0,0,0,0,-0.03908355795148244,-0.015991471215351716,False,False
expanded,GEO_GSE336633_H5AD_INTERNAL_LABEL_EXPANDED,Pulmonary SMC,3,3419,1064.0,1,0,0,0.00011047378088929749,-0.0002998931798798843,False,False
expanded,GEO_GSE336633_H5AD_INTERNAL_LABEL_EXPANDED,Pulmonary venous endothelial cells,3,5246,2159.0,0,0,0,-0.003542432236133347,-0.008367584208026968,False,False
expanded,GEO_GSE336633_H5AD_INTERNAL_LABEL_EXPANDED,Regulatory T cells,3,2106,953.0,0,0,0,-0.0016630945589564128,-0.0032668659100861808,False,False
expanded,GEO_GSE336633_H5AD_INTERNAL_LABEL_EXPANDED,Systemic venous endothelial cells,3,761,337.0,1,0,0,0.0034436894558870224,-0.007019979942914478,False,False
expanded,GEO_GSE336633_H5AD_INTERNAL_LABEL_EXPANDED,Tcm/Naive helper T cells,3,8000,2966.0,0,0,0,-0.010347838164970202,-0.0031565233744303978,False,False
expanded,GEO_GSE336633_H5AD_INTERNAL_LABEL_EXPANDED,Tem/Trm cytotoxic T cells,3,941,207.0,0,0,0,-0.014116710584101855,-0.012169822346891068,False,False
expanded,GEO_GSE336633_H5AD_INTERNAL_LABEL_EXPANDED,Trm cytotoxic T cells,3,622,258.0,0,0,0,7.848831505209708e-05,0.0,False,False
expanded,GEO_GSE336633_H5AD_INTERNAL_LABEL_EXPANDED,AT1,2,1662,831.0,0,0,0,-0.0028315136372101674,-0.00516296707757178,False,False
expanded,GEO_GSE336633_H5AD_INTERNAL_LABEL_EXPANDED,Capillary aerocytes,2,939,469.5,0,0,0,-0.0012479879795310456,-0.0017942526020580246,False,False
expanded,GEO_GSE336633_H5AD_INTERNAL_LABEL_EXPANDED,Capillary endothelial cells,2,2921,1460.5,0,0,0,-0.00022119271872341612,0.0016748689721803461,False,False
expanded,GEO_GSE336633_H5AD_INTERNAL_LABEL_EXPANDED,Classical monocytes,2,692,346.0,0,0,0,0.002016058292583049,-0.0018282030967055468,False,False
expanded,GEO_GSE336633_H5AD_INTERNAL_LABEL_EXPANDED,DC1,1,28,28.0,0,0,0,0.00018477457501847594,-0.000989279804302471,False,False
expanded,GEO_GSE336633_H5AD_INTERNAL_LABEL_EXPANDED,DC2,2,47,23.5,0,0,0,-0.004717129535961318,-0.00487456233091416,False,False
expanded,GEO_GSE336633_H5AD_INTERNAL_LABEL_EXPANDED,Intermediate macrophages,1,37,37.0,0,0,0,0.0,0.0,False,False
expanded,GEO_GSE336633_H5AD_INTERNAL_LABEL_EXPANDED,Myofibroblasts,2,214,107.0,0,0,0,0.001298028774408995,-0.0021768625079057087,False,False
expanded,GEO_GSE336633_H5AD_INTERNAL_LABEL_EXPANDED,Naive B cells,2,96,48.0,0,0,0,-0.0019478841415651784,-0.001841029062792579,False,False
expanded,GEO_GSE336633_H5AD_INTERNAL_LABEL_EXPANDED,Non-classical monocytes,2,45,22.5,0,0,0,-1.1001503538817046e-05,-0.0013803708729081864,False,False
expanded,GEO_GSE336633_H5AD_INTERNAL_LABEL_EXPANDED,Pericytes,2,91,45.5,0,0,0,0.00313053618118477,-0.000149767614161243,False,False
expanded,GEO_GSE336633_H5AD_INTERNAL_LABEL_EXPANDED,Tem/Temra cytotoxic T cells,2,131,65.5,0,0,0,-0.004897595960037179,-0.005268081447646631,False,False
expanded,GEO_GSE337336_GENERIC_CSV_PAIR_EXPANDED,B.cell,3,2500,844.0,0,0,0,-0.002898059312931245,0.006173755802655667,False,False
expanded,GEO_GSE337336_GENERIC_CSV_PAIR_EXPANDED,Endothelial.cell,3,2500,795.0,0,0,0,-0.0033842690438044,-0.00013157663900631444,False,False
expanded,GEO_GSE337336_GENERIC_CSV_PAIR_EXPANDED,Fibroblast,3,2500,813.0,0,0,0,0.0019328790576970123,-0.008229176646836978,False,False
expanded,GEO_GSE337336_GENERIC_CSV_PAIR_EXPANDED,Keratinocyte,3,2500,823.0,0,0,0,-0.01402435365730248,-0.014749370329918632,False,False
expanded,GEO_GSE337336_GENERIC_CSV_PAIR_EXPANDED,Macrophage.DC,3,2500,836.0,0,0,0,-0.0065640021344604005,0.0007245640765193295,False,False
expanded,GEO_GSE337336_GENERIC_CSV_PAIR_EXPANDED,Melanocyte,3,2500,783.0,1,0,0,0.00697367070750976,-0.003979479144817555,False,False
expanded,GEO_GSE337336_GENERIC_CSV_PAIR_EXPANDED,Pericyte,3,2500,844.0,0,0,0,-0.012197438617043088,-0.01318341101622833,False,False
expanded,GEO_GSE337336_GENERIC_CSV_PAIR_EXPANDED,T.cell,3,2500,849.0,0,1,0,-0.007135694102572199,-0.000832975360451127,False,False
expanded,GSE202623_CELLTYPE_EXPANDED,Astrocytes,3,1000,330.0,0,0,0,-0.0003864286266327399,-0.007670054332475473,False,False
expanded,GSE202623_CELLTYPE_EXPANDED,CA1-ProS,3,54,15.0,0,0,0,-0.012119542762704855,-0.0073972914532833,False,False
expanded,GSE202623_CELLTYPE_EXPANDED,CA3,3,656,216.0,0,0,0,-0.015164100486223686,-0.012094313453536731,False,False
expanded,GSE202623_CELLTYPE_EXPANDED,CR,3,269,91.0,0,0,0,0.007342789004644135,-0.016629778070227863,False,False
expanded,GSE202623_CELLTYPE_EXPANDED,Car3,3,1000,330.0,0,0,0,-0.012899115626220148,-0.016534847190453728,False,False
expanded,GSE202623_CELLTYPE_EXPANDED,Chat,3,1000,335.0,0,0,0,0.0,-0.0027282128005983175,False,False
expanded,GSE202623_CELLTYPE_EXPANDED,D1 MSN,3,1000,334.0,0,0,0,-0.006193385503730386,-0.0051677545283684845,False,False
expanded,GSE202623_CELLTYPE_EXPANDED,D2 MSN,3,1000,324.0,0,0,0,-0.0021499812210491465,-0.0007063047955817581,False,False
expanded,GSE202623_CELLTYPE_EXPANDED,DG,3,1000,319.0,0,0,0,-0.07599758295922987,-0.049430899949985174,False,False
expanded,GSE202623_CELLTYPE_EXPANDED,Endothelial,3,1000,324.0,0,0,0,-0.0008064205519286993,0.005221090811621587,False,False
expanded,GSE202623_CELLTYPE_EXPANDED,Ependymal,3,1000,343.0,0,0,0,-0.0016855087358684795,-0.005679421319926714,False,False
expanded,GSE202623_CELLTYPE_EXPANDED,Excitatory_Thalamus,3,1000,360.0,0,0,0,-0.001482222708652392,-0.00198153135821455,False,False
expanded,GSE202623_CELLTYPE_EXPANDED,Inhibitory_BrainStem,3,1000,336.0,0,0,0,0.0,-0.00016504373659009808,False,False
expanded,GSE202623_CELLTYPE_EXPANDED,L2 IT ENTl,3,1000,308.0,0,0,0,0.0017885101417320914,-0.007490741192799466,False,False
expanded,GSE202623_CELLTYPE_EXPANDED,L2/3 IT CTX,3,1000,330.0,0,0,0,-0.0008227900438270153,-0.0011585459155790678,False,False
expanded,GSE202623_CELLTYPE_EXPANDED,L2/3 IT PPP,3,253,77.0,0,0,0,-0.018473671137605563,-0.033219095719095815,False,False
expanded,GSE202623_CELLTYPE_EXPANDED,L4 RSP-ACA,3,136,39.0,0,0,0,-0.006153846153846149,-0.02150432530179361,False,False
expanded,GSE202623_CELLTYPE_EXPANDED,L4/5 IT CTX,3,1000,343.0,0,0,0,0.0,-0.021757429307558085,False,False
expanded,GSE202623_CELLTYPE_EXPANDED,L5 IT CTX,3,1000,321.0,0,0,0,0.0,-0.012183028757614456,False,False
expanded,GSE202623_CELLTYPE_EXPANDED,L5 PT CTX,3,1000,320.0,0,0,0,-0.01006662273958564,-0.011754076884853415,False,False
expanded,GSE202623_CELLTYPE_EXPANDED,L5/6 IT TPE-ENT,3,176,63.0,0,0,0,0.00259605399792312,-0.00871603864551626,False,False
expanded,GSE202623_CELLTYPE_EXPANDED,L5/6 NP CTX,3,1000,339.0,0,0,0,-0.0011892809332568754,-0.005545022465781813,False,False
expanded,GSE202623_CELLTYPE_EXPANDED,L6 CT CTX,3,1000,326.0,0,0,0,-0.0052570976633830035,-0.009437566865352243,False,False
expanded,GSE202623_CELLTYPE_EXPANDED,L6 IT CTX,3,1000,337.0,0,0,0,-0.02447687757414929,-0.005141388174807138,False,False
expanded,GSE202623_CELLTYPE_EXPANDED,L6b CTX,3,1000,335.0,0,0,0,-0.004638100506361376,-0.006491763270286777,False,False
expanded,GSE202623_CELLTYPE_EXPANDED,L6b/CT ENT,3,1000,338.0,0,0,0,-0.02006747086485386,-0.01010673836129411,False,False
expanded,GSE202623_CELLTYPE_EXPANDED,Lamp5,3,1000,315.0,0,0,0,-0.0017786135433195405,-0.004947550789970334,False,False
expanded,GSE202623_CELLTYPE_EXPANDED,Macrophages,3,256,85.0,0,2,0,-0.05981875809115669,0.04145617096843329,False,True
expanded,GSE202623_CELLTYPE_EXPANDED,Microglia,3,1000,329.0,0,1,0,0.0010129827172743466,-0.06353419025477847,False,False
expanded,GSE202623_CELLTYPE_EXPANDED,NP PPP,3,59,20.0,0,0,0,-0.01092626315627026,-0.0011150935882118657,False,False
expanded,GSE202623_CELLTYPE_EXPANDED,NeuralPrecursors,3,464,134.0,0,0,0,0.0006265664160399753,-0.0033467202141902463,False,False
expanded,GSE202623_CELLTYPE_EXPANDED,OPCs,3,1000,338.0,0,0,0,-0.0037148436623195558,-0.006626094417873096,False,False
expanded,GSE202623_CELLTYPE_EXPANDED,Oligodendrocyte,3,1000,335.0,0,0,0,0.0,-0.0012107026110818042,False,False
expanded,GSE202623_CELLTYPE_EXPANDED,Pericytes,3,1000,331.0,0,1,0,-0.0013189634499004566,-0.0171951819075713,False,False
expanded,GSE202623_CELLTYPE_EXPANDED,Pvalb,3,1000,343.0,0,0,0,-0.0005088214147446202,-0.0015454645109233,False,False
expanded,GSE202623_CELLTYPE_EXPANDED,Sncg,3,465,163.0,0,1,0,-0.0016582011136129227,-0.0008960802887939545,False,False
expanded,GSE202623_CELLTYPE_EXPANDED,Sst,3,1000,333.0,0,0,0,0.0022312373225150672,-0.004804727646454232,False,False
expanded,GSE202623_CELLTYPE_EXPANDED,Sst Chodl,3,735,247.0,0,0,0,-0.020071684587813388,-0.011317717402016925,False,False
expanded,GSE202623_CELLTYPE_EXPANDED,T-cells,3,237,83.0,0,0,0,-0.0033395176252319914,-0.07407863922100344,False,False
expanded,GSE202623_CELLTYPE_EXPANDED,VLMC,3,1000,331.0,0,1,0,0.0,-0.00817879132569177,False,False
expanded,GSE202623_CELLTYPE_EXPANDED,VSMC,3,1000,326.0,0,0,0,0.004769693887369253,-0.017956068915849555,False,False
expanded,GSE202623_CELLTYPE_EXPANDED,Vip,3,1000,323.0,0,0,0,0.0028640852943078166,0.002127376678633164,False,False
expanded,SQUIDPY_MERFISH_EXPANDED,0,3,9282,3140.0,1,0,0,-0.010888577574744818,-0.004519554037355045,False,False
expanded,SQUIDPY_MERFISH_EXPANDED,1,3,8393,2763.0,0,0,0,-0.02578461655281261,-0.010510128327500201,False,False
expanded,SQUIDPY_MERFISH_EXPANDED,10,3,91,30.0,0,0,0,-0.0029745834162237944,-0.007865007865007857,False,False
expanded,SQUIDPY_MERFISH_EXPANDED,11,3,952,325.0,0,0,0,-0.013673597983616892,-0.015300546448087426,False,False
expanded,SQUIDPY_MERFISH_EXPANDED,12,3,5736,1949.0,0,0,0,-0.0030379746835443038,-0.0030379746835443038,False,False
expanded,SQUIDPY_MERFISH_EXPANDED,13,3,39,14.0,1,1,0,0.0066147444788221404,-0.004967474866942628,False,False
expanded,SQUIDPY_MERFISH_EXPANDED,14,3,367,124.0,1,0,0,-0.0009602793539939258,-0.0042269187986652135,False,False
expanded,SQUIDPY_MERFISH_EXPANDED,15,3,638,192.0,0,0,0,-0.14353751684888416,-0.061169164739898196,False,False
expanded,SQUIDPY_MERFISH_EXPANDED,2,3,3799,1229.0,0,0,0,-0.006231746245151659,-0.0032251819043629393,False,False
expanded,SQUIDPY_MERFISH_EXPANDED,3,3,581,175.0,0,0,0,-0.12141937203002179,-0.012463804607830753,False,False
expanded,SQUIDPY_MERFISH_EXPANDED,4,3,1369,479.0,0,0,0,-0.04645893441719451,-0.0031540836498520353,False,False
expanded,SQUIDPY_MERFISH_EXPANDED,5,3,1961,673.0,0,0,0,-0.10806461652505817,-0.07597089131795631,False,False
expanded,SQUIDPY_MERFISH_EXPANDED,6,3,11757,3920.0,0,0,0,-0.005200261531289052,-0.011885357967406973,False,False
expanded,SQUIDPY_MERFISH_EXPANDED,7,3,24761,8360.0,0,0,0,0.0012970382340392606,-0.00578732194627718,False,False
expanded,SQUIDPY_MERFISH_EXPANDED,8,3,1472,503.0,1,0,0,-0.011986489217356122,-0.01987508123330206,False,False
expanded,SQUIDPY_MERFISH_EXPANDED,9,3,2457,824.0,2,0,0,0.011521014256921536,-0.014626356271441598,True,False
expanded,SQUIDPY_SEQFISH_EXPANDED,1,3,112,37.0,0,1,0,-0.08888888888888892,-0.09473684210526319,False,False
expanded,SQUIDPY_SEQFISH_EXPANDED,10,3,637,193.0,0,0,0,-0.007307968526805042,-0.012165003504321925,False,False
expanded,SQUIDPY_SEQFISH_EXPANDED,11,3,623,107.0,0,0,0,0.00026438240270727775,-0.01543309631544923,False,False
expanded,SQUIDPY_SEQFISH_EXPANDED,12,3,1243,355.0,0,0,0,0.004469200050879252,-0.009212803385641899,False,False
expanded,SQUIDPY_SEQFISH_EXPANDED,13,3,1645,491.0,1,0,0,-0.028149749724473316,-0.11406035720951369,False,False
expanded,SQUIDPY_SEQFISH_EXPANDED,14,3,541,169.0,0,0,0,-0.047693845494787945,-0.028500619578686437,False,False
expanded,SQUIDPY_SEQFISH_EXPANDED,15,3,912,349.0,1,0,0,0.0005132039247179865,-0.01924840135414707,False,False
expanded,SQUIDPY_SEQFISH_EXPANDED,17,3,458,26.0,0,0,0,-0.034936816395879755,-0.05752753977968174,False,False
expanded,SQUIDPY_SEQFISH_EXPANDED,19,3,2620,875.0,0,2,0,0.0017396031220547892,0.02118568501147977,False,True
expanded,SQUIDPY_SEQFISH_EXPANDED,2,3,737,285.0,0,0,0,-0.017490197777440764,-0.005825925058259185,False,False
expanded,SQUIDPY_SEQFISH_EXPANDED,20,3,1138,193.0,0,0,0,-0.013020488121013973,-0.022677281156084028,False,False
expanded,SQUIDPY_SEQFISH_EXPANDED,21,3,801,287.0,0,0,0,0.005180213045381632,-0.01348314606741563,False,False
expanded,SQUIDPY_SEQFISH_EXPANDED,3,3,528,168.0,0,0,0,-0.0034748827143068484,-0.011536667090808805,False,False
expanded,SQUIDPY_SEQFISH_EXPANDED,4,3,213,86.0,0,0,0,-0.0020406211140516217,-0.022765081866736703,False,False
expanded,SQUIDPY_SEQFISH_EXPANDED,5,3,523,171.0,0,0,0,-0.0023053766718743596,-0.004704192476883029,False,False
expanded,SQUIDPY_SEQFISH_EXPANDED,6,3,953,296.0,1,0,0,0.005561288843022483,-0.04152592666544652,False,False
expanded,SQUIDPY_SEQFISH_EXPANDED,7,3,300,58.0,0,0,0,-0.12129148187796296,-0.10434782608695642,False,False
expanded,SQUIDPY_SEQFISH_EXPANDED,8,3,3704,989.0,0,0,0,-0.010494706812114729,-0.02910270657483849,False,False
expanded,SQUIDPY_SEQFISH_EXPANDED,9,3,1464,404.0,0,0,0,-0.003908522396742331,-0.007178750897343766,False,False
expanded,SQUIDPY_SEQFISH_EXPANDED,0,2,73,36.5,0,0,0,-0.008972845336481697,-0.010551730574642523,False,False
expanded,SQUIDPY_SEQFISH_EXPANDED,16,2,102,51.0,0,0,0,-0.006509068432394648,0.0058280113029210365,False,False
expanded,SQUIDPY_SEQFISH_EXPANDED,18,2,78,39.0,0,0,0,-0.0030072403273122966,-0.002073210361658223,False,False
expanded,SQUIDPY_SLIDESEQV2_EXPANDED,0,3,1500,504.0,0,0,0,-0.0035789613829542155,-0.011489512677608893,False,False
expanded,SQUIDPY_SLIDESEQV2_EXPANDED,1,3,1500,491.0,0,1,0,0.001550024532762373,0.003688219585868735,False,False
expanded,SQUIDPY_SLIDESEQV2_EXPANDED,10,3,1500,489.0,0,0,0,-0.010352485132830047,-0.013980004957448555,False,False
expanded,SQUIDPY_SLIDESEQV2_EXPANDED,11,3,1449,494.0,0,0,0,-0.010439965287442898,-0.017693729218109577,False,False
expanded,SQUIDPY_SLIDESEQV2_EXPANDED,12,3,1500,467.0,0,0,0,-0.006032572842745054,-0.004436232504998583,False,False
expanded,SQUIDPY_SLIDESEQV2_EXPANDED,13,3,1500,435.0,0,0,0,-0.004950495049504899,-0.011111111111111072,False,False
expanded,SQUIDPY_SLIDESEQV2_EXPANDED,2,3,1500,448.0,0,0,0,-0.016654896018321097,-0.013267263427110043,False,False
expanded,SQUIDPY_SLIDESEQV2_EXPANDED,3,3,1500,475.0,0,0,0,-0.010358649109816098,0.0029796973309778596,False,False
expanded,SQUIDPY_SLIDESEQV2_EXPANDED,4,3,1317,472.0,1,0,0,-0.009462441386496712,-0.030718983490671647,False,False
expanded,SQUIDPY_SLIDESEQV2_EXPANDED,5,3,813,200.0,0,1,0,-0.014535489828135462,-0.013567399031103156,False,False
expanded,SQUIDPY_SLIDESEQV2_EXPANDED,6,3,1500,491.0,0,0,0,-0.004066358753607391,-0.00610713985367084,False,False
expanded,SQUIDPY_SLIDESEQV2_EXPANDED,7,3,1298,424.0,0,0,0,-0.007529777197408438,-0.0019819269893640024,False,False
expanded,SQUIDPY_SLIDESEQV2_EXPANDED,8,3,1027,352.0,0,1,0,-4.125072188754242e-05,0.007762182525215711,False,False
expanded,SQUIDPY_SLIDESEQV2_EXPANDED,9,3,938,292.0,0,1,0,-0.00419568478698365,-0.006100493811325575,False,False
preview,GEO_GSE240015_VISIUM_THYMUS_DOMAIN,d0_02mo::leiden_1.0_0,4,746,168.0,3,0,3,0.01683891307302321,-0.027047880280638925,True,False
preview,GEO_GSE240015_VISIUM_THYMUS_DOMAIN,d0_02mo::leiden_1.0_1,4,631,162.5,0,0,1,-0.21523885205703389,-0.11561735777654802,False,False
preview,GEO_GSE240015_VISIUM_THYMUS_DOMAIN,d0_02mo::leiden_1.0_2,4,563,128.5,1,1,1,-0.023852303607484554,-0.01745290615715203,False,False
preview,GEO_GSE240015_VISIUM_THYMUS_DOMAIN,d0_02mo::leiden_1.0_3,4,468,104.5,0,0,3,-0.038327436237652945,-0.06595074103683662,False,False
preview,GEO_GSE240015_VISIUM_THYMUS_DOMAIN,d0_02mo::leiden_1.0_4,3,318,110.0,1,0,1,-0.005663987753540045,-0.013805004314063812,False,False
preview,GEO_GSE240015_VISIUM_THYMUS_DOMAIN,d0_18mo::leiden_1.0_0,4,283,62.5,2,0,1,0.012110248017630734,-0.05028341911253306,True,False
preview,GEO_GSE240015_VISIUM_THYMUS_DOMAIN,d0_18mo::leiden_1.0_1,4,224,46.0,0,0,2,-0.040081956874616145,-0.0440657461108596,False,False
preview,GEO_GSE240015_VISIUM_THYMUS_DOMAIN,d0_18mo::leiden_1.0_2,4,216,42.5,1,0,1,-0.03866199589883798,-0.09021101431641444,False,False
preview,GEO_GSE240015_VISIUM_THYMUS_DOMAIN,d0_18mo::leiden_1.0_4,4,109,19.0,0,0,1,-0.06114432211760455,-0.04374111242854288,False,False
preview,GEO_GSE240015_VISIUM_THYMUS_DOMAIN,d0_18mo::leiden_1.0_5,4,103,26.0,0,0,1,-0.028664799253034584,-0.014123630672926463,False,False
preview,GEO_GSE240015_VISIUM_THYMUS_DOMAIN,d0_18mo::leiden_1.0_3,2,115,57.5,1,0,1,-0.0023711948390452986,-0.11616141008397426,False,False
preview,GEO_GSE240015_VISIUM_THYMUS_DOMAIN,d0_18mo::leiden_1.0_6,2,68,34.0,1,0,0,-0.003718602158969131,-0.03705062861026159,False,False
preview,GEO_GSE240015_VISIUM_THYMUS_DOMAIN,d0_18mo::leiden_1.0_7,2,37,18.5,0,0,0,-0.04278074866310161,-0.05957022192347574,False,False
preview,GEO_GSE284005_MERSCOPE_MS,B,5,250,29.0,0,1,0,-0.009064171122994624,-0.0017914438502673047,False,False
preview,GEO_GSE284005_MERSCOPE_MS,BCAS1+ OL,5,250,39.0,0,1,1,-0.020689655172413834,-0.024999999999999967,False,False
preview,GEO_GSE284005_MERSCOPE_MS,CCN1.Astro,5,250,34.0,1,2,2,0.0013262599469496816,0.0,False,False
preview,GEO_GSE284005_MERSCOPE_MS,CD4+ T,5,250,47.0,1,1,1,-0.004125892620999716,0.0,False,False
preview,GEO_GSE284005_MERSCOPE_MS,CD8+ T,5,250,46.0,0,0,0,-0.007690983183148703,-0.006802721088435326,False,False
preview,GEO_GSE284005_MERSCOPE_MS,COP,5,250,59.0,0,0,1,-0.013885966757837154,-0.009685230024213176,False,False
preview,GEO_GSE284005_MERSCOPE_MS,DA.Astro,5,250,55.0,3,1,1,0.011914893617021305,-0.007461476074614726,True,False
preview,GEO_GSE284005_MERSCOPE_MS,DAOPC,5,250,38.0,1,1,1,0.0,0.0,False,False
preview,GEO_GSE284005_MERSCOPE_MS,Disease OL,5,250,53.0,0,0,3,-0.01623188405797102,-0.020054340794410708,False,False
preview,GEO_GSE284005_MERSCOPE_MS,Fibroblast,5,250,45.0,0,1,0,0.0,0.0,False,False
preview,GEO_GSE284005_MERSCOPE_MS,Homeo.Astro,5,250,35.0,2,1,2,-0.015741507870754012,-0.028609154929577496,False,False
preview,GEO_GSE284005_MERSCOPE_MS,Homeo.Endo,5,250,54.0,1,1,3,0.004305854573234291,-0.016528925619834767,False,False
preview,GEO_GSE284005_MERSCOPE_MS,Imm OL,5,250,48.0,1,0,1,0.0030760626398208535,0.0,False,False
preview,GEO_GSE284005_MERSCOPE_MS,Imm.Astro,5,250,38.0,1,1,2,-0.016314423433444525,-0.004761904761904745,False,False
preview,GEO_GSE284005_MERSCOPE_MS,Mac,5,250,50.0,1,1,2,-0.014695752009184881,-0.030769230769230715,False,False
preview,GEO_GSE284005_MERSCOPE_MS,Mature OL,5,250,41.0,0,2,0,-0.009089728606674452,-0.015054638456172997,False,False
preview,GEO_GSE284005_MERSCOPE_MS,Micro Foamy,5,250,41.0,2,2,2,0.008924949290060935,0.005494505494505586,False,False
preview,GEO_GSE284005_MERSCOPE_MS,Micro Homeo,5,250,60.0,3,1,2,0.012820512820512858,0.004608294930875556,True,False
preview,GEO_GSE284005_MERSCOPE_MS,Micro IL1B,5,250,19.0,1,0,1,-0.014635866690178079,-0.004379597367402344,False,False
preview,GEO_GSE284005_MERSCOPE_MS,Micro SPP1,5,250,36.0,0,1,2,-0.004329004329004349,-0.0044736341138397195,False,False
preview,GEO_GSE284005_MERSCOPE_MS,Micro Stress,5,250,52.0,2,1,1,0.0,-0.0060525144637293415,False,False
preview,GEO_GSE284005_MERSCOPE_MS,Micro VEGFA,4,241,69.5,0,1,2,-0.0337837837837838,-0.021087993567840635,False,False
preview,GEO_GSE284005_MERSCOPE_MS,NK,5,143,34.0,1,0,0,0.0,-0.017086834733893386,False,False
preview,GEO_GSE284005_MERSCOPE_MS,Neu.GABA,5,250,42.0,1,0,2,0.008766348533050472,-0.025108825941580926,False,False
preview,GEO_GSE284005_MERSCOPE_MS,Neu.GLUT,5,250,55.0,1,1,1,-0.010994044892350119,0.0,False,False
preview,GEO_GSE284005_MERSCOPE_MS,OPALIN+ OL,5,250,38.0,1,2,0,-0.009803921568627444,-0.005042016806722699,False,False
preview,GEO_GSE284005_MERSCOPE_MS,OPC,5,250,47.0,1,0,1,-0.029313740342372274,-0.03756752332623986,False,False
preview,GEO_GSE284005_MERSCOPE_MS,Pericyte,5,250,52.0,1,1,1,0.0,-0.0079954311821816,False,False
preview,GEO_GSE284005_MERSCOPE_MS,Repair.Endo,5,250,31.0,2,0,2,0.00854841361170472,-0.031188354533705165,False,False
preview,GEO_GSE284005_MERSCOPE_MS,SMC,5,250,51.0,0,1,3,-0.031009409751924788,-0.00787545787545807,False,False
preview,GEO_GSE284005_MERSCOPE_MS,Stress OL,5,250,55.0,1,0,1,-0.0028906577293674185,0.0,False,False
preview,GEO_GSE284005_MERSCOPE_MS,Stress T,5,250,33.0,0,0,0,-0.001680672268907557,-0.007873517786561202,False,False
preview,GEO_GSE284005_MERSCOPE_MS,Stress.Astro,5,250,60.0,0,0,2,-0.015503875968992276,-0.01838235294117646,False,False
preview,GEO_GSE284005_MERSCOPE_MS,Stress.Endo,5,250,56.0,1,0,1,0.0,-0.019506597819850757,False,False
preview,GEO_GSE284005_MERSCOPE_MS,Treg,4,244,53.5,0,1,0,0.0,0.0,False,False
preview,GEO_GSE284005_MERSCOPE_MS,Vas.Astro,5,250,35.0,2,0,1,0.0,-0.012128325508607207,False,False
preview,GEO_GSE284005_MERSCOPE_MS,cop_nfol,5,250,44.0,0,0,0,0.0,0.0,False,False
preview,GEO_GSE284005_MERSCOPE_MS,inflammatory.Endo,5,250,47.0,0,0,1,-0.022905364677516582,-0.013461538461538303,False,False
preview,GEO_GSE327581_COSMX_AD_BRAIN,Astrocytes.cortex.hippocampus,5,100,20.0,2,1,1,-0.030799801291604645,-0.03589743589743577,False,False
preview,GEO_GSE327581_COSMX_AD_BRAIN,Astrocytes.thalamus.hypothalamus,5,100,19.0,4,0,2,0.08965517241379328,-0.06896551724137923,True,False
preview,GEO_GSE327581_COSMX_AD_BRAIN,CCK.interneurons,5,100,20.0,1,0,0,-0.03638814016172509,-0.023809523809523836,False,False
preview,GEO_GSE327581_COSMX_AD_BRAIN,Cajal.Retzius.cells,2,88,44.0,1,0,0,0.003717728055077439,-0.03811386059460325,False,False
preview,GEO_GSE327581_COSMX_AD_BRAIN,Cholinergic.neurons.habenula,4,91,17.0,1,0,0,-0.006666666666666654,-0.006666666666666654,False,False
preview,GEO_GSE327581_COSMX_AD_BRAIN,Committed.oligodendrocytes,5,100,22.0,0,0,0,-0.006802721088435382,-0.011414392059553358,False,False
preview,GEO_GSE327581_COSMX_AD_BRAIN,D1.medium.spiny.neurons,5,100,17.0,3,0,1,0.0238606537819136,-0.032608695652173836,True,False
preview,GEO_GSE327581_COSMX_AD_BRAIN,D2.medium.spiny.neurons,5,100,15.0,2,1,0,-0.022580645161290214,-0.02203389830508462,False,False
preview,GEO_GSE327581_COSMX_AD_BRAIN,Excitatory.neurons.amygdala,4,93,24.5,1,0,0,-0.00037852605246697923,-0.005494505494505503,False,False
preview,GEO_GSE327581_COSMX_AD_BRAIN,Excitatory.neurons.hippocampal.CA1,5,100,19.0,3,0,2,0.033353186420488345,-0.04112808460634543,True,False
preview,GEO_GSE327581_COSMX_AD_BRAIN,Excitatory.neurons.hippocampal.CA2,4,94,24.0,1,1,0,0.0,-0.015200458190148869,False,False
preview,GEO_GSE327581_COSMX_AD_BRAIN,Excitatory.neurons.hippocampal.CA3,4,93,16.5,3,1,0,0.017813658577687852,-0.015372210417087195,True,False
preview,GEO_GSE327581_COSMX_AD_BRAIN,Excitatory.neurons.telencephalon,4,95,23.0,2,1,0,0.009698275862068978,-0.01659073167269888,False,False
preview,GEO_GSE327581_COSMX_AD_BRAIN,Hypendymal,2,82,41.0,0,0,0,-0.021397305558324253,-0.022310126582278517,False,False
preview,GEO_GSE327581_COSMX_AD_BRAIN,Inhibitory.interneurons,5,100,17.0,1,1,0,-0.019209039548022666,-0.014124293785310549,False,False
preview,GEO_GSE327581_COSMX_AD_BRAIN,Inhibitory.neurons.habenula.hypothalamus,5,100,17.0,3,1,1,0.023391812865497075,-0.011114198388441243,True,False
preview,GEO_GSE327581_COSMX_AD_BRAIN,Mature.oligodendrocytes,4,91,25.5,0,1,0,0.0,0.0,False,False
preview,GEO_GSE327581_COSMX_AD_BRAIN,Microglia,3,85,25.0,1,0,0,-0.018151118615449602,-0.05335040546308145,False,False
preview,GEO_GSE327581_COSMX_AD_BRAIN,Myelin.forming.oligodendrocytes,4,95,21.0,1,2,0,0.0,0.009302325581395321,False,False
preview,GEO_GSE327581_COSMX_AD_BRAIN,Neuroblasts,4,97,21.0,0,0,0,-0.04601123514166991,-0.009395109395109388,False,False
preview,GEO_GSE327581_COSMX_AD_BRAIN,Neurogliaform.cells,4,92,23.0,2,0,1,0.043250745114099154,-0.0360413396127682,True,False
preview,GEO_GSE327581_COSMX_AD_BRAIN,Newly.formed.oligodendrocytes,5,100,23.0,1,1,0,-0.04166666666666663,0.0,False,False
preview,GEO_GSE327581_COSMX_AD_BRAIN,Olfactory.ensheathing.cells,4,91,20.0,2,1,1,0.054750402576489526,-0.010256410256410262,True,False
preview,GEO_GSE327581_COSMX_AD_BRAIN,Oligodendrocyte.precursor.cells,4,93,23.0,2,1,0,0.017436267436267416,-0.020448285859244908,True,False
preview,GEO_GSE327581_COSMX_AD_BRAIN,Pericytes,4,91,18.5,2,1,1,-0.01592404790160759,-0.023308032890575536,False,False
preview,GEO_GSE327581_COSMX_AD_BRAIN,Perivascular.macrophages,5,100,19.0,2,0,0,-0.014285714285714235,-0.04255319148936165,False,False
preview,GEO_GSE327581_COSMX_AD_BRAIN,Radial.glia,5,100,18.0,1,0,0,0.0,-0.0165631469979296,False,False
preview,GEO_GSE327581_COSMX_AD_BRAIN,Serotonergic.neurons,4,91,20.5,2,0,0,0.02290448343079915,-0.03468607415975836,True,False
preview,GEO_GSE327581_COSMX_AD_BRAIN,T.cell,2,78,39.0,1,0,0,0.02219444361025194,-0.020042643923240955,False,False
preview,GEO_GSE327581_COSMX_AD_BRAIN,Tanycytes,5,100,17.0,2,1,0,0.0020161290322580627,-0.04230769230769227,False,False
preview,GEO_GSE327581_COSMX_AD_BRAIN,Telencephalon.inhibitory.neurons,4,94,20.5,4,0,1,0.09349206349206349,0.0,True,False
preview,GEO_GSE327581_COSMX_AD_BRAIN,Vascular.endothelial.cells,5,100,20.0,3,0,1,0.01769450949778817,-0.02612704918032782,True,False
preview,GEO_GSE327581_COSMX_AD_BRAIN,Vascular.leptomeningeal.cells,4,91,21.0,2,0,2,0.0007197183213651648,-0.014246373836891063,False,False
preview,GEO_GSE327581_COSMX_AD_BRAIN,Vascular.smooth.muscle.cells,5,100,20.0,2,0,1,-0.027093596059113323,-0.011614401858304257,False,False
preview,GEO_GSE327581_COSMX_AD_BRAIN,Choroid.plexus.epithelial.cells,3,83,21.0,0,0,0,-0.01904761904761898,0.0,False,False
preview,GEO_GSE327581_COSMX_AD_BRAIN,Dopaminergic.neurons,4,95,20.5,1,1,1,-0.021782099936748872,-0.032482593237287416,False,False
preview,GEO_GSE327581_COSMX_AD_BRAIN,Ependymal.cells,4,96,16.5,0,1,0,-0.01840736294517803,-0.013077075490390333,False,False
preview,GEO_GSE327581_COSMX_AD_BRAIN,Excitatory.neurons.di.mesencephalon,4,100,24.5,2,0,0,0.006999698613622707,-0.004905063291139211,False,False
preview,GEO_GSE327581_COSMX_AD_BRAIN,Excitatory.neurons.layer.2.3,3,93,34.0,2,2,0,0.07762237762237756,0.024519230769230793,True,True
preview,GEO_GSE327581_COSMX_AD_BRAIN,Excitatory.neurons.layer.5,3,86,24.0,1,1,1,0.005698005698005715,0.0,False,False
preview,GEO_GSE327581_COSMX_AD_BRAIN,Granule.neurons,3,90,33.0,2,1,0,0.01772388059701513,-0.015789473684210464,True,False
preview,GEO_GSE327581_COSMX_AD_BRAIN,Inhibitory.neurons.reticular.nucleus,4,92,23.0,2,0,1,0.024964625025267806,0.0,True,False
preview,GEO_GSE327581_COSMX_AD_BRAIN,Peptidergic.neurons,3,84,24.0,1,0,1,0.0,0.0,False,False
preview,GEO_GSE327581_COSMX_AD_BRAIN,Astrocytes.Bergmann.glia,3,99,30.0,1,0,0,0.0,-0.028431028431028516,False,False
preview,GEO_GSE327581_COSMX_AD_BRAIN,Hindbrain.excitatory.neurons,3,99,34.0,2,0,0,0.011428571428571344,0.0,True,False
preview,GEO_GSE327581_COSMX_AD_BRAIN,Inhibitory.neurons.amygdala,3,92,34.0,0,0,0,0.0,0.0,False,False
preview,GEO_GSE327581_COSMX_AD_BRAIN,Inhibitory.neurons.habenula.thalamus,3,94,19.0,1,0,1,-0.023474178403755874,-0.004761904761904759,False,False
preview,GEO_GSE327581_COSMX_AD_BRAIN,Interneurons,3,96,26.0,0,1,0,-0.04625376207825127,-0.04251012145748989,False,False
preview,GEO_GSE327581_COSMX_AD_BRAIN,Olfactory.bulb.inhibitory.neurons,3,98,36.0,0,0,0,-0.026381679389312906,-0.013499999999999956,False,False
preview,GEO_GSE327581_COSMX_AD_BRAIN,Purkinje.cells,3,99,34.0,0,0,0,-0.02484018264840182,-0.012587930396149694,False,False
preview,GEO_GSE327581_COSMX_AD_BRAIN,Excitatory.neurons.layer.1.piriform,2,95,47.5,1,0,0,0.031030948964951816,-0.005943840951014537,False,False
preview,GEO_GSE327581_COSMX_AD_BRAIN,Excitatory.neurons.layer.4,2,90,45.0,2,1,0,0.0456553959312194,0.01660014513788101,True,False
preview,GEO_GSE327581_COSMX_AD_BRAIN,Excitatory.neurons.layer.6,2,97,48.5,0,0,0,-0.04281111344946162,-0.025779226785053566,False,False
preview,GEO_GSE327581_COSMX_AD_BRAIN,Hindbrain.inhibitory.neurons,2,96,48.0,1,0,0,0.008852104295142327,-0.0071232876712329085,False,False
preview,GEO_GSE327581_COSMX_AD_BRAIN,Interneuron.selective.interneurons,2,80,40.0,0,1,0,-0.02515040106951874,-0.016190610859728533,False,False
preview,GEO_GSE333737_MERSCOPE_PANCREAS_VASCULAR,Endothelial Cells,5,600,107.0,0,0,1,0.0,0.0,False,False
preview,GEO_GSE333737_MERSCOPE_PANCREAS_VASCULAR,Fibroblasts,5,600,126.0,1,0,1,0.0,-0.011211787619612168,False,False
preview,GEO_GSE333737_MERSCOPE_PANCREAS_VASCULAR,Islet-associated Fibroblasts,5,600,69.0,0,0,0,-0.00590382138256762,-0.006660042210378636,False,False
preview,GEO_GSE333737_MERSCOPE_PANCREAS_VASCULAR,Pericytes,5,600,91.0,0,0,1,-0.00976623817402733,0.0,False,False
preview,GSE202623_LESION,Astrocytes,5,387,73.0,1,0,0,-0.006260749914000718,-0.01449275362318836,False,False
preview,GSE202623_LESION,Microglia,5,1267,272.0,1,0,0,0.0,-0.008788905877447184,False,False
preview,GSE202623_LESION,OPCs,5,105,23.0,0,0,0,-0.015384615384615552,0.0,False,False
preview,GSE202623_LESION,Oligodendrocyte,5,506,119.0,1,1,1,0.0,-0.010215572715572607,False,False
preview,GSE202623_LESION,T-cells,5,87,16.0,0,0,0,-0.02041973908111172,-0.012626262626262597,False,False
preview,GSE202623_LESION,Endothelial,2,40,20.0,0,0,0,-0.02079303675048355,-0.006146572104018921,False,False
preview,GSE202623_LESION,VLMC,2,31,15.5,0,0,0,8.907098957872117e-05,0.0,False,False
preview,SQUIDPY_IMC,CK+ HR+ tumor cell,4,62,17.0,2,0,2,0.003163503163503195,-0.058080808080808066,False,False
preview,SQUIDPY_IMC,T cells,5,290,55.0,0,0,0,-0.006493506493506496,-0.0034843205574912883,False,False
preview,SQUIDPY_IMC,apoptotic tumor cell,5,300,60.0,3,3,3,0.01857282502443794,0.022702702702702637,True,True
preview,SQUIDPY_IMC,basal CK tumor cell,5,300,60.0,0,2,2,-0.016129032258064502,0.0,False,False
preview,SQUIDPY_IMC,endothelial,4,78,19.5,0,1,1,-0.015931372549019607,-0.029777526395173504,False,False
preview,SQUIDPY_IMC,macrophages,5,227,41.0,1,0,2,-0.011178388448998655,-0.0313953488372094,False,False
preview,SQUIDPY_IMC,p53+ EGFR+ tumor cell,5,158,34.0,0,0,1,0.0,0.0,False,False
preview,SQUIDPY_IMC,proliferative tumor cell,5,110,23.0,0,1,1,-0.011255862428348085,-0.013143483023001085,False,False
preview,SQUIDPY_IMC,small elongated stromal cell,4,79,20.0,0,0,0,-0.02827129430981487,-0.03175561486730619,False,False
preview,SQUIDPY_IMC,vimentin hi stromal cell,5,76,15.0,1,1,1,0.0,-0.012560386473430052,False,False
preview,SQUIDPY_IMC,CK low HR low tumor cell,3,36,11.0,0,0,0,-0.015873015873015817,-0.005537098560354364,False,False
preview,SQUIDPY_MERFISH,Astrocyte,5,300,59.0,1,0,1,0.0,0.0,False,False
preview,SQUIDPY_MERFISH,Endothelial 1,5,300,53.0,0,2,1,0.005025868440502568,0.0,False,False
preview,SQUIDPY_MERFISH,Endothelial 2,5,300,54.0,3,2,3,0.016823161189358338,0.0,True,False
preview,SQUIDPY_MERFISH,Endothelial 3,5,300,59.0,0,2,1,0.0,0.0,False,False
preview,SQUIDPY_MERFISH,Excitatory,5,300,67.0,0,0,0,0.0,0.0,False,False
preview,SQUIDPY_MERFISH,Inhibitory,5,300,46.0,0,1,0,0.0,0.0,False,False
preview,SQUIDPY_MERFISH,Microglia,5,300,51.0,1,0,0,0.004148248894933593,0.0,False,False
preview,SQUIDPY_MERFISH,OD Immature 1,5,300,50.0,0,0,1,0.0,0.0,False,False
preview,SQUIDPY_MERFISH,OD Immature 2,5,91,17.0,2,0,1,0.0,0.0,False,False
preview,SQUIDPY_MERFISH,OD Mature 1,5,300,57.0,0,0,0,-0.0271784813673297,-0.026873385012919915,False,False
preview,SQUIDPY_MERFISH,OD Mature 2,5,300,52.0,0,0,0,-0.005208333333333259,-0.02439298561151071,False,False
preview,SQUIDPY_MERFISH,OD Mature 3,2,21,10.5,0,1,0,-0.015018773466833557,0.011217191004425114,False,False
preview,SQUIDPY_MERFISH,OD Mature 4,5,300,55.0,0,0,1,-0.006261510128913406,-0.005021971123666091,False,False
preview,SQUIDPY_MERFISH,Pericytes,5,300,56.0,0,0,2,0.0,0.0,False,False
preview,SQUIDPY_MERFISH,Ependymal,4,299,77.0,0,0,0,0.0,0.0,False,False
preview,SQUIDPY_MIBITOF,Endothelial,3,115,39.0,1,0,1,-0.005211141060197599,-0.015343915343915215,False,False
preview,SQUIDPY_MIBITOF,Epithelial,3,300,87.0,0,0,0,-0.012991189143996329,-0.004866593101887251,False,False
preview,SQUIDPY_MIBITOF,Fibroblast,3,270,118.0,1,0,1,-0.009447068630175193,-0.003899159663865559,False,False
preview,SQUIDPY_MIBITOF,Imm_other,3,300,74.0,0,1,0,-0.02286244569114612,-0.018147415498408925,False,False
preview,SQUIDPY_MIBITOF,Myeloid_CD11c,3,168,40.0,0,0,1,-0.02564102564102566,-0.011840359293661284,False,False
preview,SQUIDPY_MIBITOF,Myeloid_CD68,3,259,45.0,0,0,0,-0.012577639751552738,-0.028993361333152667,False,False
preview,SQUIDPY_MIBITOF,Tcell_CD4,3,300,91.0,2,0,0,0.012113346311918627,-0.006145741878841093,True,False
preview,SQUIDPY_MIBITOF,Tcell_CD8,3,300,105.0,1,0,0,-0.002345415778251647,-0.002993793355239305,False,False
preview,SQUIDPY_SEQFISH,Anterior somitic tissues,5,112,19.0,1,2,1,-0.003914483589280315,0.0,False,False
preview,SQUIDPY_SEQFISH,Cardiomyocytes,4,299,57.0,0,1,0,-0.004646464646464621,0.004629745558755116,False,False
preview,SQUIDPY_SEQFISH,Cranial mesoderm,5,300,56.0,1,0,0,0.0,0.0,False,False
preview,SQUIDPY_SEQFISH,Definitive endoderm,5,213,50.0,2,0,0,0.007575757575757458,-0.015027322404371435,False,False
preview,SQUIDPY_SEQFISH,Dermomyotome,5,300,56.0,3,0,1,0.029106029106029108,-0.029106029106029108,True,False
preview,SQUIDPY_SEQFISH,Endothelium,5,300,57.0,0,1,0,-0.016262330045321183,-0.014652014652014655,False,False
preview,SQUIDPY_SEQFISH,Erythroid,5,300,40.0,4,0,2,0.03284072249589476,-0.022148394241417457,True,False
preview,SQUIDPY_SEQFISH,Forebrain/Midbrain/Hindbrain,5,300,43.0,1,1,2,0.0,-0.010311569403084642,False,False
preview,SQUIDPY_SEQFISH,Gut tube,5,300,50.0,4,0,0,0.017287234042553168,-0.03252032520325199,True,False
preview,SQUIDPY_SEQFISH,Haematoendothelial progenitors,5,300,62.0,1,0,0,-0.0089126559714795,-0.025396825396825418,False,False
preview,SQUIDPY_SEQFISH,Intermediate mesoderm,4,293,65.5,0,0,0,0.000911369332421974,0.0014245014245014148,False,False
preview,SQUIDPY_SEQFISH,Lateral plate mesoderm,5,300,37.0,1,1,0,0.0,-0.006849315068493178,False,False
preview,SQUIDPY_SEQFISH,Mixed mesenchymal mesoderm,5,300,53.0,1,2,1,-0.013049347532623434,-0.006065052580092933,False,False
preview,SQUIDPY_SEQFISH,NMP,4,103,20.5,1,0,1,0.0020256265309967943,-0.004722612252837096,False,False
preview,SQUIDPY_SEQFISH,Neural crest,5,300,54.0,2,0,2,0.0,0.0,False,False
preview,SQUIDPY_SEQFISH,Sclerotome,4,75,18.5,1,0,0,-0.0009714632665452083,-0.0026441036488630276,False,False
preview,SQUIDPY_SEQFISH,Spinal cord,5,300,64.0,2,1,2,-0.028722600151171562,-0.010132774283717672,False,False
preview,SQUIDPY_SEQFISH,Splanchnic mesoderm,5,300,35.0,3,2,2,0.013793103448276,-0.003674219228413933,True,False
preview,SQUIDPY_SEQFISH,Surface ectoderm,5,300,49.0,1,0,2,0.0,-0.00786924939467315,False,False
preview,SQUIDPY_SEQFISH,Allantois,3,67,23.0,1,0,0,0.006493506493506496,-0.005847953216374269,False,False
preview,SQUIDPY_SEQFISH,Presomitic mesoderm,2,289,144.5,1,0,1,0.03790456251557567,-0.08507282948762176,False,False
preview,SQUIDPY_SLIDESEQV2,Astrocytes,5,200,40.0,0,0,1,0.0,-0.002722076036657306,False,False
preview,SQUIDPY_SLIDESEQV2,CA1_CA2_CA3_Subiculum,5,200,40.0,0,0,0,0.0,-0.00503317318691382,False,False
preview,SQUIDPY_SLIDESEQV2,DentatePyramids,5,200,43.0,0,1,2,0.0,0.004101161995898828,False,False
preview,SQUIDPY_SLIDESEQV2,Endothelial_Stalk,5,200,42.0,0,1,0,0.0,0.0,False,False
preview,SQUIDPY_SLIDESEQV2,Endothelial_Tip,5,200,41.0,0,1,0,0.0,-0.00284495021337125,False,False
preview,SQUIDPY_SLIDESEQV2,Ependymal,5,200,36.0,1,0,0,0.0,0.0,False,False
preview,SQUIDPY_SLIDESEQV2,Interneurons,5,200,37.0,0,1,0,0.0,0.0,False,False
preview,SQUIDPY_SLIDESEQV2,Microglia,5,200,39.0,0,1,0,0.0,-0.008098891730605295,False,False
preview,SQUIDPY_SLIDESEQV2,Mural,5,200,38.0,0,3,1,0.0,0.010004001600640244,False,True
preview,SQUIDPY_SLIDESEQV2,Neurogenesis,5,200,42.0,0,2,0,0.0,-0.0031298904538341332,False,False
preview,SQUIDPY_SLIDESEQV2,Oligodendrocytes,5,200,33.0,0,1,0,0.0,-0.013881278538812825,False,False
preview,SQUIDPY_SLIDESEQV2,Polydendrocytes,5,200,43.0,1,2,0,0.0,-0.004561403508771933,False,False
preview,SQUIDPY_SLIDESEQV2,Subiculum_Entorhinal_cl2,5,200,33.0,0,0,1,0.0,0.0,False,False
preview,SQUIDPY_SLIDESEQV2,Subiculum_Entorhinal_cl3,5,200,36.0,1,0,2,0.0,-0.006779661016949157,False,False
preview,SQUIDPY_VISIUM_FLUO,Cortex_1,3,296,105.0,1,0,0,-0.013018240108809365,-0.15255395249768927,False,False
preview,SQUIDPY_VISIUM_FLUO,Cortex_2,5,267,48.0,1,0,1,0.0,-0.0717787114845938,False,False
preview,SQUIDPY_VISIUM_FLUO,Cortex_3,3,229,68.0,1,0,2,-0.04830434238518333,-0.17540544796095114,False,False
preview,SQUIDPY_VISIUM_FLUO,Cortex_4,4,228,52.5,0,1,3,-0.07222535403747929,-0.09615384615384616,False,False
preview,SQUIDPY_VISIUM_FLUO,Fiber_tracts,5,245,51.0,1,0,0,-0.014044943820224587,-0.042622950819672156,False,False
preview,SQUIDPY_VISIUM_FLUO,Hypothalamus_1,5,223,43.0,0,0,2,-0.14678899082568805,-0.14678899082568805,False,False
preview,SQUIDPY_VISIUM_FLUO,Lateral_ventricle,2,27,13.5,1,0,2,-0.06720779220779224,-0.13010100570964844,False,False
preview,SQUIDPY_VISIUM_FLUO,Striatum,3,75,20.0,2,1,1,0.019191919191919093,-0.019191919191919093,True,False
preview,SQUIDPY_VISIUM_FLUO,Thalamus_1,4,259,59.5,0,0,0,-0.04488636363636367,-0.016926252072243964,False,False
preview,SQUIDPY_VISIUM_FLUO,Amygdala,2,129,64.5,0,0,0,-0.2156843276743951,-0.12462189957652751,False,False
preview,SQUIDPY_VISIUM_FLUO,Cortex_5,3,184,58.0,1,0,0,-0.04166666666666652,-0.13725490196078427,False,False
preview,SQUIDPY_VISIUM_FLUO,Hypothalamus_2,3,179,64.0,0,0,0,-0.04184516048922826,-0.04184516048922826,False,False
preview,SQUIDPY_VISIUM_FLUO,Hippocampus,3,257,99.0,1,0,0,0.0,-0.08270189037412001,False,False
preview,SQUIDPY_VISIUM_FLUO,Thalamus_2,2,70,35.0,0,0,1,-0.09716462874357618,-0.06619064205271108,False,False
preview,SQUIDPY_VISIUM_FLUO,Dentate_gyrus,1,36,36.0,0,0,0,0.0,0.0,False,False
preview,SQUIDPY_VISIUM_HNE,Cortex_1,5,284,63.0,0,1,2,-0.18579067990832698,-0.22033613445378153,False,False
preview,SQUIDPY_VISIUM_HNE,Cortex_2,2,242,121.0,0,0,0,-0.1382244324926174,-0.1448259782203976,False,False
preview,SQUIDPY_VISIUM_HNE,Cortex_3,5,244,49.0,2,0,3,0.0,-0.08142493638676829,False,False
preview,SQUIDPY_VISIUM_HNE,Cortex_4,4,164,34.0,1,1,0,-0.06112413564459601,-0.0786296926845721,False,False
preview,SQUIDPY_VISIUM_HNE,Cortex_5,4,128,32.0,1,2,1,-0.058448890125026465,-0.058935042641184154,False,False
preview,SQUIDPY_VISIUM_HNE,Fiber_tract,4,217,37.0,0,1,1,-0.01830016303177584,-0.023980878995977617,False,False
preview,SQUIDPY_VISIUM_HNE,Hippocampus,4,220,54.5,2,1,2,-0.004713787399617808,-0.030204624734779084,False,False
preview,SQUIDPY_VISIUM_HNE,Hypothalamus_2,3,122,42.0,0,1,0,-0.2814178302900108,0.0,False,False
preview,SQUIDPY_VISIUM_HNE,Pyramidal_layer,3,42,13.0,1,1,2,-0.1864035087719299,-0.044736842105263186,False,False
preview,SQUIDPY_VISIUM_HNE,Pyramidal_layer_dentate_gyrus,3,55,19.0,2,0,2,0.01187980433263447,-0.04891684136967156,True,False
preview,SQUIDPY_VISIUM_HNE,Thalamus_1,3,261,65.0,0,0,0,-0.03719464144996065,-0.0020753219801012968,False,False
preview,SQUIDPY_VISIUM_HNE,Thalamus_2,4,192,51.0,0,0,1,-0.04479974930661759,-0.03792488643819078,False,False
preview,SQUIDPY_VISIUM_HNE,Hypothalamus_1,3,197,86.0,1,0,2,-0.14909065275623845,-0.4278974541570233,False,False
preview,SQUIDPY_VISIUM_HNE,Lateral_ventricle,4,97,23.5,0,0,1,-0.09548112706007444,-0.06522170084280121,False,False
preview,SQUIDPY_VISIUM_HNE,Striatum,3,152,56.0,0,0,1,-0.05381349011922265,-0.0720945720945721,False,False
