scale,dataset_id,fold,label,support,task_id,marker_f1,learned_f1,random_graph_f1,permuted_prior_f1,context_specific_f1,smoothing_f1,smoothing_random_f1,reference_profile_f1,marker_reference_f1,learned_delta_vs_marker,learned_specific_f1_delta,context_delta_vs_marker,context_specific_f1_delta,smoothing_delta_vs_marker,smoothing_specific_f1_delta,reference_delta_vs_marker,marker_reference_delta_vs_marker,learned_fold_guardrail,context_fold_guardrail,smoothing_fold_guardrail,learned_improved_over_marker,learned_harmed_vs_marker,context_improved_over_marker,context_harmed_vs_marker
expanded,GEO_GSE284005_MERSCOPE_MS_EXPANDED,1,B,190,expanded::GEO_GSE284005_MERSCOPE_MS_EXPANDED::fold_1::B,0.8983957219251336,0.8877005347593583,0.8983957219251336,0.8918918918918918,0.8853333333333333,,,0.40875912408759124,0.8859416445623343,-0.010695187165775333,-0.010695187165775333,-0.013062388591800311,-0.013062388591800311,,,-0.4896365978375424,-0.012454077362799354,False,False,False,False,True,False,True
expanded,GEO_GSE284005_MERSCOPE_MS_EXPANDED,1,BCAS1+ OL,265,expanded::GEO_GSE284005_MERSCOPE_MS_EXPANDED::fold_1::BCAS1+ OL,0.5520581113801453,0.5953488372093023,0.6111111111111112,0.5954825462012321,0.6068965517241379,,,0.007462686567164179,0.06405693950177936,0.04329072582915705,-0.015762273901808843,0.054838440343992656,-0.004214559386973238,,,-0.5445954248129811,-0.4880011718783659,False,False,False,True,False,True,False
expanded,GEO_GSE284005_MERSCOPE_MS_EXPANDED,1,CCN1.Astro,506,expanded::GEO_GSE284005_MERSCOPE_MS_EXPANDED::fold_1::CCN1.Astro,0.5607940446650124,0.5046235138705416,0.5294855708908407,0.5136186770428016,0.5163727959697734,,,0.3380726698262243,0.586427656850192,-0.05617053079447076,-0.05617053079447076,-0.044421248695239,-0.044421248695239,,,-0.22272137483878807,0.025633612185179677,False,False,False,False,True,False,True
expanded,GEO_GSE284005_MERSCOPE_MS_EXPANDED,1,CD4+ T,68,expanded::GEO_GSE284005_MERSCOPE_MS_EXPANDED::fold_1::CD4+ T,0.5086206896551724,0.4978902953586498,0.4873949579831933,0.45914396887159536,0.4957264957264957,,,0.5145631067961165,0.45000000000000007,-0.01073039429652256,-0.01073039429652256,-0.01289419392867669,-0.01289419392867669,,,0.005942417140944123,-0.05862068965517231,False,False,False,False,True,False,True
expanded,GEO_GSE284005_MERSCOPE_MS_EXPANDED,1,CD8+ T,226,expanded::GEO_GSE284005_MERSCOPE_MS_EXPANDED::fold_1::CD8+ T,0.6090712742980562,0.6114649681528662,0.6029723991507431,0.5694760820045559,0.6047516198704104,,,0.008733624454148471,0.36746987951807225,0.0023936938548100306,0.0023936938548100306,-0.004319654427645814,-0.006713348282455844,,,-0.6003376498439077,-0.24160139477998394,False,False,False,False,False,False,False
expanded,GEO_GSE284005_MERSCOPE_MS_EXPANDED,1,COP,86,expanded::GEO_GSE284005_MERSCOPE_MS_EXPANDED::fold_1::COP,0.7549668874172185,0.7466666666666667,0.7417218543046358,0.7702702702702703,0.7516778523489932,,,0.512,0.6973684210526315,-0.008300220750551812,-0.023603603603603585,-0.00328903506822531,-0.018592417921277082,,,-0.2429668874172185,-0.05759846636458699,False,False,False,False,False,False,False
expanded,GEO_GSE284005_MERSCOPE_MS_EXPANDED,1,DA.Astro,277,expanded::GEO_GSE284005_MERSCOPE_MS_EXPANDED::fold_1::DA.Astro,0.4221311475409836,0.4364406779661017,0.4065708418891171,0.44313725490196076,0.45398773006134974,,,0.4635473340587595,0.4720496894409938,0.014309530425118122,-0.0066965769358590665,0.03185658252036616,0.010850475159388973,,,0.0414161865177759,0.049918541900010216,False,True,False,True,False,True,False
expanded,GEO_GSE284005_MERSCOPE_MS_EXPANDED,1,DAOPC,129,expanded::GEO_GSE284005_MERSCOPE_MS_EXPANDED::fold_1::DAOPC,0.07194244604316548,0.07194244604316548,0.0583941605839416,0.0945945945945946,0.0704225352112676,,,0.34714003944773175,0.36363636363636365,0.0,-0.02265214855142912,-0.0015199108318978832,-0.024172059383327005,,,0.2751975934045663,0.2916939175931982,False,False,False,False,False,False,False
expanded,GEO_GSE284005_MERSCOPE_MS_EXPANDED,1,Disease OL,255,expanded::GEO_GSE284005_MERSCOPE_MS_EXPANDED::fold_1::Disease OL,0.2986913010007698,0.30678960603520533,0.3149078726968174,0.2713815789473684,0.32328767123287666,,,0.0,0.0,0.008098305034435538,-0.008118266661612084,0.024596370232106868,0.008379798536059246,,,-0.2986913010007698,-0.2986913010007698,False,False,False,False,False,True,False
expanded,GEO_GSE284005_MERSCOPE_MS_EXPANDED,1,Fibroblast,432,expanded::GEO_GSE284005_MERSCOPE_MS_EXPANDED::fold_1::Fibroblast,0.8320855614973262,0.8353067814854682,0.8304721030042919,0.8256684491978611,0.8363636363636363,,,0.4599659284497444,0.8329466357308585,0.0032212199881420656,0.0032212199881420656,0.004278074866310155,0.0010568548781680898,,,-0.3721196330475818,0.0008610742335323218,False,False,False,False,False,False,False
expanded,GEO_GSE284005_MERSCOPE_MS_EXPANDED,1,Homeo.Astro,506,expanded::GEO_GSE284005_MERSCOPE_MS_EXPANDED::fold_1::Homeo.Astro,0.1831187410586552,0.2320730117340287,0.1833810888252149,0.21883656509695293,0.20483641536273114,,,0.0,0.0,0.0489542706753735,0.013236446637075766,0.02171767430407595,-0.02723659637129755,,,-0.1831187410586552,-0.1831187410586552,True,False,False,True,False,True,False
expanded,GEO_GSE284005_MERSCOPE_MS_EXPANDED,1,Homeo.Endo,311,expanded::GEO_GSE284005_MERSCOPE_MS_EXPANDED::fold_1::Homeo.Endo,0.6338259441707718,0.5614035087719299,0.609271523178808,0.5903083700440529,0.6070826306913997,,,0.5921052631578948,0.6666666666666666,-0.07242243539884186,-0.07242243539884186,-0.02674331347937209,-0.02674331347937209,,,-0.04172068101287696,0.03284072249589487,False,False,False,False,True,False,True
expanded,GEO_GSE284005_MERSCOPE_MS_EXPANDED,1,Imm OL,169,expanded::GEO_GSE284005_MERSCOPE_MS_EXPANDED::fold_1::Imm OL,0.15000000000000002,0.15384615384615383,0.1529051987767584,0.18064516129032257,0.14492753623188406,,,0.0,0.022346368715083796,0.0038461538461538047,-0.026799007444168743,-0.005072463768115959,-0.03571762505843851,,,-0.15000000000000002,-0.12765363128491622,False,False,False,False,False,False,False
expanded,GEO_GSE284005_MERSCOPE_MS_EXPANDED,1,Imm.Astro,498,expanded::GEO_GSE284005_MERSCOPE_MS_EXPANDED::fold_1::Imm.Astro,0.34377081945369753,0.33918918918918917,0.3366733466933867,0.3342736248236954,0.3564875491480996,,,0.2618741976893453,0.2571001494768311,-0.004581630264508363,-0.004581630264508363,0.012716729694402074,0.012716729694402074,,,-0.08189662176435225,-0.08667066997686645,False,True,False,False,False,True,False
expanded,GEO_GSE284005_MERSCOPE_MS_EXPANDED,1,Mac,254,expanded::GEO_GSE284005_MERSCOPE_MS_EXPANDED::fold_1::Mac,0.6283185840707965,0.6139954853273139,0.625,0.6167400881057268,0.6150442477876107,,,0.030651340996168584,0.23050847457627122,-0.014323098743482698,-0.014323098743482698,-0.013274336283185861,-0.013274336283185861,,,-0.5976672430746279,-0.39781010949452533,False,False,False,False,True,False,True
expanded,GEO_GSE284005_MERSCOPE_MS_EXPANDED,1,Mature OL,271,expanded::GEO_GSE284005_MERSCOPE_MS_EXPANDED::fold_1::Mature OL,0.15831134564643798,0.26757369614512466,0.2274881516587678,0.09944751381215469,0.271551724137931,,,0.06825938566552901,0.2687224669603524,0.10926235049868668,0.04008554448635687,0.11324037849149302,0.003978027992806332,,,-0.09005195998090897,0.11041112131391442,True,False,False,True,False,True,False
expanded,GEO_GSE284005_MERSCOPE_MS_EXPANDED,1,Micro Foamy,137,expanded::GEO_GSE284005_MERSCOPE_MS_EXPANDED::fold_1::Micro Foamy,0.49027237354085607,0.47491638795986624,0.46043165467625896,0.4696356275303643,0.5073529411764705,,,0.13513513513513514,0.47811447811447816,-0.015355985580989828,-0.015355985580989828,0.017080567635614385,0.017080567635614385,,,-0.3551372384057209,-0.012157895426377907,False,True,False,False,True,True,False
expanded,GEO_GSE284005_MERSCOPE_MS_EXPANDED,1,Micro Homeo,254,expanded::GEO_GSE284005_MERSCOPE_MS_EXPANDED::fold_1::Micro Homeo,0.3486842105263158,0.332737030411449,0.34275618374558303,0.33691756272401435,0.34662045060658586,,,0.0,0.00749063670411985,-0.015947180114866844,-0.015947180114866844,-0.002063759919729957,-0.002063759919729957,,,-0.3486842105263158,-0.34119357382219595,False,False,False,False,True,False,False
expanded,GEO_GSE284005_MERSCOPE_MS_EXPANDED,1,Micro IL1B,89,expanded::GEO_GSE284005_MERSCOPE_MS_EXPANDED::fold_1::Micro IL1B,0.3066666666666667,0.28187919463087246,0.2684563758389261,0.28571428571428564,0.2709677419354839,,,0.11559139784946236,0.1636536631779258,-0.024787472035794234,-0.024787472035794234,-0.0356989247311828,-0.0356989247311828,,,-0.19107526881720432,-0.1430130034887409,False,False,False,False,True,False,True
expanded,GEO_GSE284005_MERSCOPE_MS_EXPANDED,1,Micro SPP1,106,expanded::GEO_GSE284005_MERSCOPE_MS_EXPANDED::fold_1::Micro SPP1,0.4066390041493776,0.4034334763948498,0.4051724137931034,0.39999999999999997,0.4034334763948498,,,0.0,0.046511627906976744,-0.003205527754527815,-0.003205527754527815,-0.003205527754527815,-0.003205527754527815,,,-0.4066390041493776,-0.3601273762424009,False,False,False,False,False,False,False
expanded,GEO_GSE284005_MERSCOPE_MS_EXPANDED,1,Micro Stress,263,expanded::GEO_GSE284005_MERSCOPE_MS_EXPANDED::fold_1::Micro Stress,0.3120567375886525,0.3049645390070922,0.311336717428088,0.3201320132013202,0.3268892794376098,,,0.014545454545454544,0.06206896551724138,-0.007092198581560294,-0.015167474194227981,0.014832541848957326,0.0067572662362896385,,,-0.29751128304319796,-0.2499877720714111,False,False,False,False,False,True,False
expanded,GEO_GSE284005_MERSCOPE_MS_EXPANDED,1,Micro VEGFA,96,expanded::GEO_GSE284005_MERSCOPE_MS_EXPANDED::fold_1::Micro VEGFA,0.26277372262773724,0.25531914893617025,0.273972602739726,0.21374045801526717,0.28378378378378377,,,0.0392156862745098,0.07142857142857142,-0.00745457369156699,-0.018653453803555764,0.021010061156046533,0.00981118104405776,,,-0.22355803635322744,-0.1913451511991658,False,False,False,False,False,True,False
expanded,GEO_GSE284005_MERSCOPE_MS_EXPANDED,1,NK,30,expanded::GEO_GSE284005_MERSCOPE_MS_EXPANDED::fold_1::NK,0.3716814159292035,0.35714285714285715,0.3508771929824562,0.32592592592592595,0.36363636363636365,,,0.1494661921708185,0.27906976744186046,-0.014538558786346356,-0.014538558786346356,-0.00804505229283986,-0.00804505229283986,,,-0.222215223758385,-0.09261164848734305,False,False,False,False,True,False,False
expanded,GEO_GSE284005_MERSCOPE_MS_EXPANDED,1,Neu.GABA,203,expanded::GEO_GSE284005_MERSCOPE_MS_EXPANDED::fold_1::Neu.GABA,0.6296296296296297,0.6666666666666666,0.6511627906976744,0.6368715083798883,0.6550387596899224,,,0.6058519793459552,0.7427385892116184,0.03703703703703698,0.015503875968992276,0.025409130060292773,-0.011627906976744207,,,-0.0237776502836744,0.11310895958198874,True,False,False,True,False,True,False
expanded,GEO_GSE284005_MERSCOPE_MS_EXPANDED,1,Neu.GLUT,213,expanded::GEO_GSE284005_MERSCOPE_MS_EXPANDED::fold_1::Neu.GLUT,0.7241379310344828,0.7216494845360826,0.721030042918455,0.7325842696629213,0.751619870410367,,,0.2779291553133515,0.449074074074074,-0.0024884464984001875,-0.010934785126838764,0.02748193937588428,0.019035600747445702,,,-0.44620877572113127,-0.27506385696040875,False,True,False,False,False,True,False
expanded,GEO_GSE284005_MERSCOPE_MS_EXPANDED,1,OPALIN+ OL,207,expanded::GEO_GSE284005_MERSCOPE_MS_EXPANDED::fold_1::OPALIN+ OL,0.16849816849816848,0.22972972972972971,0.21160409556313992,0.09411764705882354,0.2524916943521595,,,0.23972206137811233,0.2628865979381443,0.06123156123156123,0.0181256341665898,0.08399352585399103,0.022761964622429798,,,0.07122389287994385,0.0943884294399758,True,True,False,True,False,True,False
expanded,GEO_GSE284005_MERSCOPE_MS_EXPANDED,1,OPC,272,expanded::GEO_GSE284005_MERSCOPE_MS_EXPANDED::fold_1::OPC,0.683053040103493,0.6883963494132985,0.6769230769230768,0.7068273092369477,0.6960000000000001,,,0.22222222222222224,0.4562737642585551,0.005343309309805533,-0.018430959823649173,0.012946959896507071,-0.010827309236947635,,,-0.4608308178812708,-0.2267792758449379,False,False,False,False,False,True,False
expanded,GEO_GSE284005_MERSCOPE_MS_EXPANDED,1,Pericyte,326,expanded::GEO_GSE284005_MERSCOPE_MS_EXPANDED::fold_1::Pericyte,0.7895500725689405,0.7936046511627908,0.7768115942028986,0.7894736842105263,0.7936046511627908,,,0.619102416570771,0.7903225806451613,0.004054578593850278,0.004054578593850278,0.004054578593850278,0.0,,,-0.17044765599816947,0.000772508076220757,False,False,False,False,False,False,False
expanded,GEO_GSE284005_MERSCOPE_MS_EXPANDED,1,Repair.Endo,225,expanded::GEO_GSE284005_MERSCOPE_MS_EXPANDED::fold_1::Repair.Endo,0.6259541984732825,0.5555555555555555,0.5996275605214154,0.5982142857142857,0.6083916083916084,,,0.5820105820105821,0.6822033898305084,-0.07039864291772702,-0.07039864291772702,-0.017562590081674045,-0.017562590081674045,,,-0.0439436164627004,0.05624919135722595,False,False,False,False,True,False,True
expanded,GEO_GSE284005_MERSCOPE_MS_EXPANDED,1,SMC,323,expanded::GEO_GSE284005_MERSCOPE_MS_EXPANDED::fold_1::SMC,0.848854961832061,0.8443759630200308,0.843558282208589,0.841628959276018,0.833587786259542,,,0.6777777777777778,0.8113207547169812,-0.004478998812030177,-0.004478998812030177,-0.015267175572518998,-0.015267175572518998,,,-0.17107718405428318,-0.03753420711507982,False,False,False,False,False,False,True
expanded,GEO_GSE284005_MERSCOPE_MS_EXPANDED,1,Stress OL,248,expanded::GEO_GSE284005_MERSCOPE_MS_EXPANDED::fold_1::Stress OL,0.04745762711864407,0.040268456375838924,0.03355704697986577,0.0625,0.09912536443148688,,,0.0,0.00784313725490196,-0.0071891707428051455,-0.022231543624161076,0.05166773731284281,0.03662536443148688,,,-0.04745762711864407,-0.03961448986374211,False,True,False,False,False,True,False
expanded,GEO_GSE284005_MERSCOPE_MS_EXPANDED,1,Stress T,60,expanded::GEO_GSE284005_MERSCOPE_MS_EXPANDED::fold_1::Stress T,0.2115384615384615,0.1568627450980392,0.17821782178217824,0.10638297872340424,0.17391304347826086,,,0.2439024390243902,0.2882882882882883,-0.054675716440422295,-0.054675716440422295,-0.037625418060200644,-0.037625418060200644,,,0.0323639774859287,0.07674982674982678,False,False,False,False,True,False,True
expanded,GEO_GSE284005_MERSCOPE_MS_EXPANDED,1,Stress.Astro,385,expanded::GEO_GSE284005_MERSCOPE_MS_EXPANDED::fold_1::Stress.Astro,0.22382671480144406,0.21875000000000003,0.20735785953177258,0.25776397515527955,0.22727272727272727,,,0.3693892568064754,0.3902027027027027,-0.005076714801444032,-0.03901397515527952,0.003446012471283205,-0.03049124788255228,,,0.14556254200503133,0.16637598790125863,False,False,False,False,False,False,False
expanded,GEO_GSE284005_MERSCOPE_MS_EXPANDED,1,Stress.Endo,227,expanded::GEO_GSE284005_MERSCOPE_MS_EXPANDED::fold_1::Stress.Endo,0.29577464788732394,0.2775800711743772,0.28975265017667845,0.2975778546712803,0.27240143369175623,,,0.23574144486692017,0.28776978417266186,-0.01819457671294672,-0.019997783496903065,-0.023373214195567704,-0.02517642097952405,,,-0.06003320302040377,-0.00800486371466208,False,False,False,False,True,False,True
expanded,GEO_GSE284005_MERSCOPE_MS_EXPANDED,1,Treg,73,expanded::GEO_GSE284005_MERSCOPE_MS_EXPANDED::fold_1::Treg,0.07692307692307691,0.10126582278481013,0.07692307692307691,0.12658227848101267,0.07692307692307691,,,0.02531645569620253,0.10256410256410256,0.02434274586173321,-0.02531645569620254,0.0,-0.04965920155793575,,,-0.051606621226874386,0.025641025641025647,False,False,False,True,False,False,False
expanded,GEO_GSE284005_MERSCOPE_MS_EXPANDED,1,Vas.Astro,212,expanded::GEO_GSE284005_MERSCOPE_MS_EXPANDED::fold_1::Vas.Astro,0.81203007518797,0.8214285714285715,0.7930174563591021,0.8206388206388207,0.8282828282828283,,,0.7014028056112224,0.8215962441314554,0.009398496240601517,0.0007897507897508538,0.016252753094858297,0.0068542568542567794,,,-0.11062726957674762,0.009566168943485387,False,False,False,False,False,True,False
expanded,GEO_GSE284005_MERSCOPE_MS_EXPANDED,1,cop_nfol,179,expanded::GEO_GSE284005_MERSCOPE_MS_EXPANDED::fold_1::cop_nfol,0.010810810810810811,0.010752688172043012,0.01092896174863388,0.0297029702970297,0.010695187165775402,,,0.0,0.0,-5.81226387677998e-05,-0.01895028212498669,-0.00011562364503540923,-0.0190077831312543,,,-0.010810810810810811,-0.010810810810810811,False,False,False,False,False,False,False
expanded,GEO_GSE284005_MERSCOPE_MS_EXPANDED,1,inflammatory.Endo,454,expanded::GEO_GSE284005_MERSCOPE_MS_EXPANDED::fold_1::inflammatory.Endo,0.823920265780731,0.8100113765642776,0.8188976377952756,0.7977777777777778,0.8209806157354619,,,0.7688266199649737,0.8512396694214877,-0.01390888921645339,-0.01390888921645339,-0.002939650045269082,-0.002939650045269082,,,-0.055093645815757264,0.02731940364075669,False,False,False,False,True,False,False
expanded,GEO_GSE284005_MERSCOPE_MS_EXPANDED,2,B,97,expanded::GEO_GSE284005_MERSCOPE_MS_EXPANDED::fold_2::B,0.768472906403941,0.79,0.78,0.79,0.7804878048780487,,,0.6288659793814433,0.7383177570093459,0.021527093596059088,0.0,0.01201489847410775,-0.009512195121951339,,,-0.13960692702249766,-0.03015514939459507,False,False,False,True,False,True,False
expanded,GEO_GSE284005_MERSCOPE_MS_EXPANDED,2,BCAS1+ OL,329,expanded::GEO_GSE284005_MERSCOPE_MS_EXPANDED::fold_2::BCAS1+ OL,0.5421245421245421,0.5448028673835126,0.5431192660550459,0.5559322033898306,0.5175600739371533,,,0.0,0.09577464788732394,0.002678325258970493,-0.011129336006318047,-0.024564468187388777,-0.03837212945267732,,,-0.5421245421245421,-0.44634989423721816,False,False,False,False,False,False,True
expanded,GEO_GSE284005_MERSCOPE_MS_EXPANDED,2,CCN1.Astro,310,expanded::GEO_GSE284005_MERSCOPE_MS_EXPANDED::fold_2::CCN1.Astro,0.6666666666666666,0.6487252124645893,0.6315789473684211,0.675968992248062,0.6728110599078341,,,0.3537675606641124,0.4424342105263158,-0.017941454202077378,-0.0272437797834727,0.006144393241167445,-0.003157932340227876,,,-0.3128991060025542,-0.2242324561403508,False,False,False,False,True,False,False
expanded,GEO_GSE284005_MERSCOPE_MS_EXPANDED,2,CD4+ T,75,expanded::GEO_GSE284005_MERSCOPE_MS_EXPANDED::fold_2::CD4+ T,0.5128205128205128,0.473469387755102,0.5021276595744681,0.4786324786324786,0.4878048780487805,,,0.45487364620938636,0.4749163879598662,-0.039351125065410775,-0.039351125065410775,-0.025015634771732298,-0.025015634771732298,,,-0.05794686661112641,-0.03790412486064659,False,False,False,False,True,False,True
expanded,GEO_GSE284005_MERSCOPE_MS_EXPANDED,2,CD8+ T,161,expanded::GEO_GSE284005_MERSCOPE_MS_EXPANDED::fold_2::CD8+ T,0.41605839416058393,0.4104477611940298,0.41328413284132837,0.3911439114391144,0.41025641025641024,,,0.0,0.3688524590163934,-0.005610632966554119,-0.005610632966554119,-0.005801983904173691,-0.005801983904173691,,,-0.41605839416058393,-0.047205935144190525,False,False,False,False,False,False,False
expanded,GEO_GSE284005_MERSCOPE_MS_EXPANDED,2,COP,146,expanded::GEO_GSE284005_MERSCOPE_MS_EXPANDED::fold_2::COP,0.7652733118971061,0.7752442996742671,0.767741935483871,0.7658227848101266,0.7637540453074434,,,0.652542372881356,0.8057553956834531,0.009970987777160989,0.007502364190396071,-0.0015192665896627267,-0.011490254366823716,,,-0.11273093901575015,0.04048208378634699,False,False,False,False,False,False,False
expanded,GEO_GSE284005_MERSCOPE_MS_EXPANDED,2,DA.Astro,232,expanded::GEO_GSE284005_MERSCOPE_MS_EXPANDED::fold_2::DA.Astro,0.6353322528363047,0.6526315789473685,0.6123778501628665,0.6003062787136294,0.6254295532646049,,,0.4931506849315069,0.5890909090909091,0.017299326111063773,0.017299326111063773,-0.009902699571699758,-0.02720202568276353,,,-0.1421815679047978,-0.04624134374539557,True,False,False,True,False,False,False
expanded,GEO_GSE284005_MERSCOPE_MS_EXPANDED,2,DAOPC,274,expanded::GEO_GSE284005_MERSCOPE_MS_EXPANDED::fold_2::DAOPC,0.007142857142857143,0.007142857142857143,0.0071174377224199285,0.007142857142857143,0.007142857142857143,,,0.4594894561598224,0.4568651275820171,0.0,0.0,0.0,0.0,,,0.4523465990169653,0.44972227043915997,False,False,False,False,False,False,False
expanded,GEO_GSE284005_MERSCOPE_MS_EXPANDED,2,Disease OL,396,expanded::GEO_GSE284005_MERSCOPE_MS_EXPANDED::fold_2::Disease OL,0.26184140500266095,0.26885245901639343,0.26329930145083286,0.2534090909090909,0.26558265582655827,,,0.0,0.0,0.007011054013732476,0.005553157565560574,0.003741250823897313,-0.003269803189835163,,,-0.26184140500266095,-0.26184140500266095,False,False,False,False,False,False,False
expanded,GEO_GSE284005_MERSCOPE_MS_EXPANDED,2,Fibroblast,269,expanded::GEO_GSE284005_MERSCOPE_MS_EXPANDED::fold_2::Fibroblast,0.7653910149750415,0.7741935483870968,0.7705192629815745,0.7639344262295082,0.7689713322091061,,,0.4509283819628647,0.7324478178368121,0.00880253341205528,0.0036742854055222818,0.0035803172340646006,-0.0052222161779906795,,,-0.31446263301217675,-0.03294319713822935,False,False,False,False,False,False,False
expanded,GEO_GSE284005_MERSCOPE_MS_EXPANDED,2,Homeo.Astro,263,expanded::GEO_GSE284005_MERSCOPE_MS_EXPANDED::fold_2::Homeo.Astro,0.2677824267782427,0.274582560296846,0.25403225806451607,0.2572463768115942,0.26838235294117646,,,0.014925373134328358,0.06293706293706294,0.006800133518603313,0.006800133518603313,0.0005999261629337505,-0.0062002073556695625,,,-0.25285705364391436,-0.20484536384117977,False,False,False,False,False,False,False
expanded,GEO_GSE284005_MERSCOPE_MS_EXPANDED,2,Homeo.Endo,337,expanded::GEO_GSE284005_MERSCOPE_MS_EXPANDED::fold_2::Homeo.Endo,0.5007407407407407,0.44728434504792336,0.48411497730711045,0.49560117302052786,0.5300146412884333,,,0.44632768361581915,0.5149501661129569,-0.05345639569281735,-0.05345639569281735,0.029273900547692633,0.029273900547692633,,,-0.05441305712492156,0.014209425372216145,False,True,False,False,True,True,False
expanded,GEO_GSE284005_MERSCOPE_MS_EXPANDED,2,Imm OL,571,expanded::GEO_GSE284005_MERSCOPE_MS_EXPANDED::fold_2::Imm OL,0.24829157175398636,0.23693379790940766,0.2385321100917431,0.17411764705882354,0.2644808743169399,,,0.0,0.03846153846153846,-0.0113577738445787,-0.0113577738445787,0.016189302562953534,0.016189302562953534,,,-0.24829157175398636,-0.2098300332924479,False,True,False,False,True,True,False
expanded,GEO_GSE284005_MERSCOPE_MS_EXPANDED,2,Imm.Astro,261,expanded::GEO_GSE284005_MERSCOPE_MS_EXPANDED::fold_2::Imm.Astro,0.28220858895705525,0.24390243902439027,0.2465753424657534,0.21,0.27999999999999997,,,0.20440881763527052,0.2193877551020408,-0.038306149932664985,-0.038306149932664985,-0.0022085889570552797,-0.0022085889570552797,,,-0.07779977132178473,-0.06282083385501444,False,False,False,False,True,False,False
expanded,GEO_GSE284005_MERSCOPE_MS_EXPANDED,2,Mac,287,expanded::GEO_GSE284005_MERSCOPE_MS_EXPANDED::fold_2::Mac,0.6055437100213219,0.6072186836518048,0.5897435897435898,0.6127659574468086,0.5978947368421053,,,0.047619047619047616,0.2378048780487805,0.0016749736304828566,-0.00554727379500386,-0.007648973179216645,-0.014871220604703361,,,-0.5579246624022742,-0.3677388319725414,False,False,False,False,False,False,False
expanded,GEO_GSE284005_MERSCOPE_MS_EXPANDED,2,Mature OL,379,expanded::GEO_GSE284005_MERSCOPE_MS_EXPANDED::fold_2::Mature OL,0.1934426229508197,0.19543973941368079,0.19633943427620631,0.20097244732576985,0.1951219512195122,,,0.0,0.0904977375565611,0.001997116462861076,-0.005532707912089069,0.0016793282686924926,-0.005850496106257652,,,-0.1934426229508197,-0.10294488539425861,False,False,False,False,False,False,False
expanded,GEO_GSE284005_MERSCOPE_MS_EXPANDED,2,Micro Foamy,394,expanded::GEO_GSE284005_MERSCOPE_MS_EXPANDED::fold_2::Micro Foamy,0.4396694214876033,0.45098039215686275,0.41946308724832215,0.40540540540540543,0.46540880503144655,,,0.4039955604883463,0.49894736842105264,0.011310970669259457,0.011310970669259457,0.025739383543843253,0.014428412874583796,,,-0.03567386099925701,0.059277946933449344,True,True,False,True,False,True,False
expanded,GEO_GSE284005_MERSCOPE_MS_EXPANDED,2,Micro Homeo,417,expanded::GEO_GSE284005_MERSCOPE_MS_EXPANDED::fold_2::Micro Homeo,0.39191564147627417,0.383053839364519,0.383053839364519,0.3682373472949389,0.3868613138686131,,,0.0,0.022727272727272728,-0.00886180211175519,-0.00886180211175519,-0.005054327607661058,-0.005054327607661058,,,-0.39191564147627417,-0.36918836874900146,False,False,False,False,False,False,False
expanded,GEO_GSE284005_MERSCOPE_MS_EXPANDED,2,Micro IL1B,254,expanded::GEO_GSE284005_MERSCOPE_MS_EXPANDED::fold_2::Micro IL1B,0.33888888888888885,0.3416666666666667,0.33879781420765026,0.3315363881401617,0.3497267759562841,,,0.20017182130584193,0.2390194075587334,0.0027777777777778234,0.0027777777777778234,0.010837887067395247,0.008060109289617423,,,-0.13871706758304692,-0.09986948133015544,False,False,False,False,False,True,False
expanded,GEO_GSE284005_MERSCOPE_MS_EXPANDED,2,Micro SPP1,353,expanded::GEO_GSE284005_MERSCOPE_MS_EXPANDED::fold_2::Micro SPP1,0.492676431424767,0.49657064471879286,0.4966799468791501,0.48186528497409326,0.4882108183079057,,,0.058823529411764705,0.21123595505617979,0.003894213294025839,-0.00010930216035726081,-0.004465613116861333,-0.008469128571244433,,,-0.4338529020130023,-0.28144047636858727,False,False,False,False,False,False,False
expanded,GEO_GSE284005_MERSCOPE_MS_EXPANDED,2,Micro Stress,539,expanded::GEO_GSE284005_MERSCOPE_MS_EXPANDED::fold_2::Micro Stress,0.21502590673575128,0.22646310432569972,0.22568093385214005,0.18784530386740333,0.23261694058154236,,,0.0,0.003703703703703704,0.011437197589948433,0.0007821704735596624,0.017591033845791082,0.0061538362558426485,,,-0.21502590673575128,-0.21132220303204757,False,False,False,True,False,True,False
expanded,GEO_GSE284005_MERSCOPE_MS_EXPANDED,2,Micro VEGFA,317,expanded::GEO_GSE284005_MERSCOPE_MS_EXPANDED::fold_2::Micro VEGFA,0.4017278617710583,0.42857142857142855,0.3949044585987262,0.3481953290870488,0.38876889848812096,,,0.16040100250626566,0.21307506053268765,0.026843566800370255,0.026843566800370255,-0.01295896328293733,-0.039802530083307586,,,-0.24132685926479264,-0.18865280123837064,True,False,False,True,False,False,True
expanded,GEO_GSE284005_MERSCOPE_MS_EXPANDED,2,NK,26,expanded::GEO_GSE284005_MERSCOPE_MS_EXPANDED::fold_2::NK,0.4102564102564103,0.43243243243243246,0.4210526315789474,0.44155844155844154,0.42500000000000004,,,0.23404255319148934,0.3620689655172413,0.02217602217602216,-0.009126009126009083,0.014743589743589747,-0.016558441558441495,,,-0.17621385706492096,-0.04818744473916897,False,False,False,True,False,True,False
expanded,GEO_GSE284005_MERSCOPE_MS_EXPANDED,2,Neu.GABA,464,expanded::GEO_GSE284005_MERSCOPE_MS_EXPANDED::fold_2::Neu.GABA,0.830739299610895,0.8468468468468469,0.8361138370951913,0.8453410182516811,0.8364348677766896,,,0.852112676056338,0.888888888888889,0.01610754723595187,0.0015058285951657924,0.00569556816579464,-0.010411979070157229,,,0.021373376445443015,0.05814958927799396,False,False,False,True,False,False,False
expanded,GEO_GSE284005_MERSCOPE_MS_EXPANDED,2,Neu.GLUT,244,expanded::GEO_GSE284005_MERSCOPE_MS_EXPANDED::fold_2::Neu.GLUT,0.6420323325635104,0.6371681415929203,0.6420323325635104,0.6091127098321343,0.6376146788990826,,,0.6666666666666666,0.6747474747474748,-0.004864190970590099,-0.004864190970590099,-0.004417653664427812,-0.004417653664427812,,,0.024634334103156186,0.03271514218396432,False,False,False,False,False,False,False
expanded,GEO_GSE284005_MERSCOPE_MS_EXPANDED,2,OPALIN+ OL,338,expanded::GEO_GSE284005_MERSCOPE_MS_EXPANDED::fold_2::OPALIN+ OL,0.2837606837606838,0.2998352553542009,0.28378378378378377,0.2380952380952381,0.3079470198675497,,,0.22633883462445267,0.23488290807409998,0.016074571593517106,0.016051471570417142,0.02418633610686588,0.008111764513348774,,,-0.057421849136231135,-0.04887777568658383,True,False,False,True,False,True,False
expanded,GEO_GSE284005_MERSCOPE_MS_EXPANDED,2,OPC,386,expanded::GEO_GSE284005_MERSCOPE_MS_EXPANDED::fold_2::OPC,0.6691312384473197,0.6654411764705882,0.666049953746531,0.6804901036757776,0.6709796672828097,,,0.14814814814814814,0.20035149384885764,-0.0036900619767314957,-0.015048927205189355,0.001848428835489968,-0.009510436392967891,,,-0.5209830902991716,-0.46877974459846206,False,False,False,False,False,False,False
expanded,GEO_GSE284005_MERSCOPE_MS_EXPANDED,2,Pericyte,315,expanded::GEO_GSE284005_MERSCOPE_MS_EXPANDED::fold_2::Pericyte,0.7507082152974504,0.7503526093088858,0.7546628407460545,0.7400881057268722,0.7436619718309859,,,0.6570155902004454,0.7348484848484849,-0.0003556059885645446,-0.004310231437168688,-0.00704624346646443,-0.011000868915068573,,,-0.09369262509700493,-0.015859730448965492,False,False,False,False,False,False,False
expanded,GEO_GSE284005_MERSCOPE_MS_EXPANDED,2,Repair.Endo,227,expanded::GEO_GSE284005_MERSCOPE_MS_EXPANDED::fold_2::Repair.Endo,0.6111111111111112,0.5605633802816902,0.5964912280701754,0.5878693623639192,0.6197183098591549,,,0.12396694214876032,0.5852272727272727,-0.05054773082942099,-0.05054773082942099,0.00860719874804372,0.00860719874804372,,,-0.48714416896235085,-0.025883838383838453,False,False,False,False,True,False,False
expanded,GEO_GSE284005_MERSCOPE_MS_EXPANDED,2,SMC,420,expanded::GEO_GSE284005_MERSCOPE_MS_EXPANDED::fold_2::SMC,0.8132147395171537,0.8256410256410257,0.8206451612903226,0.8358585858585859,0.8268015170670038,,,0.5905383360522023,0.7902571041948578,0.012426286123871977,-0.010217560217560151,0.013586777549850049,-0.009057068791582079,,,-0.22267640346495143,-0.02295763532229589,False,False,False,True,False,True,False
expanded,GEO_GSE284005_MERSCOPE_MS_EXPANDED,2,Stress OL,408,expanded::GEO_GSE284005_MERSCOPE_MS_EXPANDED::fold_2::Stress OL,0.07460035523978686,0.08561643835616439,0.07986111111111112,0.11830985915492957,0.07011070110701106,,,0.0,0.0,0.011016083116377529,-0.03269342079876518,-0.0044896541327758,-0.04819915804791851,,,-0.07460035523978686,-0.07460035523978686,False,False,False,True,False,False,False
expanded,GEO_GSE284005_MERSCOPE_MS_EXPANDED,2,Stress T,196,expanded::GEO_GSE284005_MERSCOPE_MS_EXPANDED::fold_2::Stress T,0.40794701986754967,0.4052631578947369,0.40258064516129033,0.40696117804551535,0.4158686730506156,,,0.04780876494023904,0.3852813852813853,-0.0026838619728127844,-0.0026838619728127844,0.007921653183065924,0.007921653183065924,,,-0.3601382549273106,-0.022665634586164385,False,False,False,False,False,False,False
expanded,GEO_GSE284005_MERSCOPE_MS_EXPANDED,2,Stress.Astro,394,expanded::GEO_GSE284005_MERSCOPE_MS_EXPANDED::fold_2::Stress.Astro,0.2965931863727455,0.27613412228796846,0.26534653465346536,0.3135755258126195,0.2701612903225806,,,0.08641975308641975,0.09170305676855896,-0.020459064084777046,-0.03744140352465103,-0.026431896050164883,-0.043414235490038866,,,-0.21017343328632576,-0.20489012960418657,False,False,False,False,True,False,True
expanded,GEO_GSE284005_MERSCOPE_MS_EXPANDED,2,Stress.Endo,416,expanded::GEO_GSE284005_MERSCOPE_MS_EXPANDED::fold_2::Stress.Endo,0.40197693574958815,0.40197693574958815,0.390728476821192,0.3954619124797407,0.39597315436241615,,,0.02358490566037736,0.23999999999999996,0.0,0.0,-0.0060037813871720025,-0.0060037813871720025,,,-0.3783920300892108,-0.16197693574958819,False,False,False,False,False,False,False
expanded,GEO_GSE284005_MERSCOPE_MS_EXPANDED,2,Treg,64,expanded::GEO_GSE284005_MERSCOPE_MS_EXPANDED::fold_2::Treg,0.2597402597402597,0.2597402597402597,0.2597402597402597,0.1388888888888889,0.2597402597402597,,,0.38095238095238093,0.34146341463414637,0.0,0.0,0.0,0.0,,,0.12121212121212122,0.08172315489388665,False,False,False,False,False,False,False
expanded,GEO_GSE284005_MERSCOPE_MS_EXPANDED,2,Vas.Astro,401,expanded::GEO_GSE284005_MERSCOPE_MS_EXPANDED::fold_2::Vas.Astro,0.870699881376038,0.8641686182669789,0.8534583821805393,0.8758949880668256,0.865566037735849,,,0.8946716232961587,0.909541511771995,-0.00653126310905916,-0.011726369799846759,-0.005133843640189095,-0.010328950330976694,,,0.023971741920120637,0.038841630395957005,False,False,False,False,False,False,False
expanded,GEO_GSE284005_MERSCOPE_MS_EXPANDED,2,cop_nfol,350,expanded::GEO_GSE284005_MERSCOPE_MS_EXPANDED::fold_2::cop_nfol,0.005698005698005697,0.005698005698005697,0.005698005698005697,0.011173184357541898,0.011363636363636362,,,0.0,0.0,0.0,-0.005475178659536201,0.005665630665630665,0.00019045200609446415,,,-0.005698005698005697,-0.005698005698005697,False,False,False,False,False,False,False
expanded,GEO_GSE284005_MERSCOPE_MS_EXPANDED,2,inflammatory.Endo,316,expanded::GEO_GSE284005_MERSCOPE_MS_EXPANDED::fold_2::inflammatory.Endo,0.7396768402154399,0.705223880597015,0.7229357798165139,0.7137681159420289,0.7368421052631579,,,0.0830860534124629,0.45176470588235296,-0.03445295961842487,-0.03445295961842487,-0.0028347349522820364,-0.0028347349522820364,,,-0.656590786802977,-0.28791213433308693,False,False,False,False,True,False,False
expanded,GEO_GSE284005_MERSCOPE_MS_EXPANDED,3,B,657,expanded::GEO_GSE284005_MERSCOPE_MS_EXPANDED::fold_3::B,0.8535031847133757,0.8598277212216132,0.8539505187549881,0.8521739130434783,0.8535630383711825,,,0.8533519553072626,0.8749999999999999,0.006324536508237499,0.005877202466625153,5.9853657806807625e-05,-0.006264682850430692,,,-0.00015122940611311808,0.02149681528662417,False,False,False,False,False,False,False
expanded,GEO_GSE284005_MERSCOPE_MS_EXPANDED,3,BCAS1+ OL,406,expanded::GEO_GSE284005_MERSCOPE_MS_EXPANDED::fold_3::BCAS1+ OL,0.617046818727491,0.6097271648873072,0.6120996441281139,0.5519053876478318,0.6179245283018867,,,0.1608695652173913,0.43678160919540227,-0.0073196538401838485,-0.0073196538401838485,0.000877709574395702,0.000877709574395702,,,-0.45617725351009974,-0.18026520953208874,False,False,False,False,False,False,False
expanded,GEO_GSE284005_MERSCOPE_MS_EXPANDED,3,CCN1.Astro,184,expanded::GEO_GSE284005_MERSCOPE_MS_EXPANDED::fold_3::CCN1.Astro,0.44609665427509293,0.45551601423487537,0.41281138790035593,0.4222222222222222,0.4483985765124555,,,0.35538752362948955,0.5768194070080863,0.009419359959782436,0.009419359959782436,0.002301922237362586,-0.00711743772241985,,,-0.09070913064560338,0.13072275273299339,False,False,False,False,False,False,False
expanded,GEO_GSE284005_MERSCOPE_MS_EXPANDED,3,CD4+ T,199,expanded::GEO_GSE284005_MERSCOPE_MS_EXPANDED::fold_3::CD4+ T,0.49159120310478654,0.4884318766066838,0.4871794871794872,0.4721878862793573,0.49608355091383816,,,0.40909090909090906,0.5606837606837607,-0.0031593264981027436,-0.0031593264981027436,0.004492347809051611,0.004492347809051611,,,-0.08250029401387748,0.06909255757897415,False,False,False,False,False,False,False
expanded,GEO_GSE284005_MERSCOPE_MS_EXPANDED,3,CD8+ T,613,expanded::GEO_GSE284005_MERSCOPE_MS_EXPANDED::fold_3::CD8+ T,0.4337631887456037,0.4444444444444444,0.4397660818713451,0.3961584633853541,0.4428904428904429,,,0.13623188405797101,0.352059925093633,0.010681255698840708,0.004678362573099337,0.00912725414483917,-0.0015540015540015384,,,-0.29753130468763267,-0.08170326365197073,False,False,False,True,False,False,False
expanded,GEO_GSE284005_MERSCOPE_MS_EXPANDED,3,COP,216,expanded::GEO_GSE284005_MERSCOPE_MS_EXPANDED::fold_3::COP,0.8375634517766496,0.8380462724935733,0.8396946564885496,0.8256410256410257,0.832904884318766,,,0.5875706214689266,0.78125,0.0004828207169237375,-0.0016483839949762435,-0.004658567457883622,-0.006789772169783603,,,-0.249992830307723,-0.05631345177664959,False,False,False,False,False,False,False
expanded,GEO_GSE284005_MERSCOPE_MS_EXPANDED,3,DA.Astro,491,expanded::GEO_GSE284005_MERSCOPE_MS_EXPANDED::fold_3::DA.Astro,0.5079006772009029,0.5139664804469274,0.4988610478359909,0.4982857142857142,0.5184357541899441,,,0.653819683413627,0.7007407407407408,0.006065803246024459,0.006065803246024459,0.010535076989041214,0.004469273743016755,,,0.14591900621272402,0.19284006353983785,False,False,False,False,False,True,False
expanded,GEO_GSE284005_MERSCOPE_MS_EXPANDED,3,DAOPC,511,expanded::GEO_GSE284005_MERSCOPE_MS_EXPANDED::fold_3::DAOPC,0.6403846153846153,0.6334310850439883,0.619047619047619,0.6312796208530806,0.6303270564915757,,,0.01692047377326565,0.028571428571428567,-0.006953530340627068,-0.006953530340627068,-0.010057558893039609,-0.010057558893039609,,,-0.6234641416113497,-0.6118131868131867,False,False,False,False,False,False,True
expanded,GEO_GSE284005_MERSCOPE_MS_EXPANDED,3,Disease OL,349,expanded::GEO_GSE284005_MERSCOPE_MS_EXPANDED::fold_3::Disease OL,0.20987654320987656,0.19211822660098524,0.21298701298701297,0.1596707818930041,0.20026350461133072,,,0.0,0.032,-0.017758316608891322,-0.020868786386027738,-0.009613038598545842,-0.012723508375682258,,,-0.20987654320987656,-0.17787654320987656,False,False,False,False,True,False,False
expanded,GEO_GSE284005_MERSCOPE_MS_EXPANDED,3,Fibroblast,299,expanded::GEO_GSE284005_MERSCOPE_MS_EXPANDED::fold_3::Fibroblast,0.7350689127105666,0.7370078740157479,0.7346938775510203,0.7121951219512196,0.7465007776049766,,,0.731958762886598,0.7651632970451012,0.0019389613051812304,0.0019389613051812304,0.011431864894409949,0.009492903589228718,,,-0.003110149823968622,0.030094384334534596,False,False,False,False,False,True,False
expanded,GEO_GSE284005_MERSCOPE_MS_EXPANDED,3,Homeo.Astro,231,expanded::GEO_GSE284005_MERSCOPE_MS_EXPANDED::fold_3::Homeo.Astro,0.03333333333333333,0.016393442622950817,0.06477732793522267,0.0749063670411985,0.024096385542168676,,,0.1660899653979239,0.1075268817204301,-0.016939890710382516,-0.05851292441824769,-0.009236947791164657,-0.05080998149902983,,,0.13275663206459057,0.07419354838709677,False,False,False,False,True,False,False
expanded,GEO_GSE284005_MERSCOPE_MS_EXPANDED,3,Homeo.Endo,352,expanded::GEO_GSE284005_MERSCOPE_MS_EXPANDED::fold_3::Homeo.Endo,0.5380116959064327,0.5329341317365269,0.5355029585798816,0.5479082321187585,0.5285285285285286,,,0.4629176854115729,0.5702479338842974,-0.0050775641699057905,-0.01497410038223157,-0.009483167377904111,-0.01937970359022989,,,-0.07509401049485981,0.03223623797786468,False,False,False,False,False,False,False
expanded,GEO_GSE284005_MERSCOPE_MS_EXPANDED,3,Imm OL,260,expanded::GEO_GSE284005_MERSCOPE_MS_EXPANDED::fold_3::Imm OL,0.16055045871559634,0.1674418604651163,0.1575178997613365,0.13793103448275862,0.1523809523809524,,,0.17938931297709926,0.17870722433460076,0.006891401749519965,0.006891401749519965,-0.008169506334643944,-0.01506090808416391,,,0.01883885426150292,0.018156765619004422,False,False,False,False,False,False,False
expanded,GEO_GSE284005_MERSCOPE_MS_EXPANDED,3,Imm.Astro,241,expanded::GEO_GSE284005_MERSCOPE_MS_EXPANDED::fold_3::Imm.Astro,0.2576923076923077,0.26175869120654394,0.24526420737786642,0.26042726347914547,0.249746192893401,,,0.2550335570469799,0.326530612244898,0.004066383514236216,0.001331427727398471,-0.007946114798906723,-0.012012498313142939,,,-0.0026587506453278342,0.06883830455259027,False,False,False,False,False,False,False
expanded,GEO_GSE284005_MERSCOPE_MS_EXPANDED,3,Mac,459,expanded::GEO_GSE284005_MERSCOPE_MS_EXPANDED::fold_3::Mac,0.5762273901808787,0.5813953488372093,0.5798969072164948,0.5818181818181818,0.5666235446313065,,,0.32558139534883723,0.548148148148148,0.0051679586563306845,-0.00042283298097245403,-0.009603845549572165,-0.015194637186875304,,,-0.2506459948320414,-0.0280792420327306,False,False,False,False,False,False,False
expanded,GEO_GSE284005_MERSCOPE_MS_EXPANDED,3,Mature OL,350,expanded::GEO_GSE284005_MERSCOPE_MS_EXPANDED::fold_3::Mature OL,0.3612139156180607,0.3671641791044776,0.3665454545454545,0.3025830258302583,0.3694545454545454,,,0.121654501216545,0.39264990328820115,0.005950263486416862,0.000618724559023065,0.008240629836484714,0.0022903663500678517,,,-0.2395594144015157,0.03143598767014044,False,False,False,False,False,False,False
expanded,GEO_GSE284005_MERSCOPE_MS_EXPANDED,3,Micro Foamy,469,expanded::GEO_GSE284005_MERSCOPE_MS_EXPANDED::fold_3::Micro Foamy,0.5810185185185185,0.5652173913043478,0.5704467353951889,0.5390243902439024,0.5576036866359446,,,0.2919660352710647,0.5443548387096774,-0.015801127214170707,-0.015801127214170707,-0.023414831882573872,-0.023414831882573872,,,-0.2890524832474538,-0.03666367980884111,False,False,False,False,True,False,True
expanded,GEO_GSE284005_MERSCOPE_MS_EXPANDED,3,Micro Homeo,329,expanded::GEO_GSE284005_MERSCOPE_MS_EXPANDED::fold_3::Micro Homeo,0.28134556574923547,0.2777777777777778,0.2677165354330709,0.2930756843800322,0.27409638554216864,,,0.02915451895043732,0.19017432646592708,-0.003567787971457681,-0.015297906602254385,-0.00724918020706683,-0.018979298837863534,,,-0.25219104679879817,-0.09117123928330839,False,False,False,False,False,False,False
expanded,GEO_GSE284005_MERSCOPE_MS_EXPANDED,3,Micro IL1B,657,expanded::GEO_GSE284005_MERSCOPE_MS_EXPANDED::fold_3::Micro IL1B,0.7557446808510638,0.7632027257240205,0.7598326359832637,0.6308724832214766,0.753623188405797,,,0.1278409090909091,0.41992882562277584,0.007458044872956648,0.0033700897407568098,-0.002121492445266826,-0.009579537318223474,,,-0.6279037717601548,-0.335815855228288,False,False,False,False,False,False,False
expanded,GEO_GSE284005_MERSCOPE_MS_EXPANDED,3,Micro SPP1,541,expanded::GEO_GSE284005_MERSCOPE_MS_EXPANDED::fold_3::Micro SPP1,0.6274509803921569,0.6251082251082252,0.6276870163370593,0.603225806451613,0.6218776916451335,,,0.3029490616621984,0.5369127516778524,-0.0023427552839316856,-0.0025787912288340875,-0.005573288747023342,-0.0058093246919257435,,,-0.3245019187299584,-0.0905382287143045,False,False,False,False,False,False,False
expanded,GEO_GSE284005_MERSCOPE_MS_EXPANDED,3,Micro Stress,198,expanded::GEO_GSE284005_MERSCOPE_MS_EXPANDED::fold_3::Micro Stress,0.171875,0.15915119363395225,0.15934065934065933,0.18131868131868129,0.14933333333333332,,,0.08695652173913045,0.16425120772946858,-0.012723806366047752,-0.022167487684729037,-0.022541666666666682,-0.03198534798534797,,,-0.08491847826086955,-0.007623792270531421,False,False,False,False,True,False,True
expanded,GEO_GSE284005_MERSCOPE_MS_EXPANDED,3,Micro VEGFA,587,expanded::GEO_GSE284005_MERSCOPE_MS_EXPANDED::fold_3::Micro VEGFA,0.5619694397283531,0.5663265306122449,0.5716694772344013,0.536770280515542,0.5520206362854686,,,0.08360128617363344,0.22190201729106626,0.004357090883891801,-0.005342946622156397,-0.009948803442884513,-0.01964884094893271,,,-0.4783681535547197,-0.3400674224372868,False,False,False,False,False,False,False
expanded,GEO_GSE284005_MERSCOPE_MS_EXPANDED,3,NK,87,expanded::GEO_GSE284005_MERSCOPE_MS_EXPANDED::fold_3::NK,0.3887147335423198,0.4054982817869416,0.38216560509554137,0.35327635327635326,0.41077441077441085,,,0.2039859320046893,0.2825278810408922,0.016783548244621804,0.016783548244621804,0.02205967723209107,0.005276128987469264,,,-0.18472880153763047,-0.10618685250142756,True,False,False,True,False,True,False
expanded,GEO_GSE284005_MERSCOPE_MS_EXPANDED,3,Neu.GABA,333,expanded::GEO_GSE284005_MERSCOPE_MS_EXPANDED::fold_3::Neu.GABA,0.6218905472636815,0.6161879895561359,0.6210392902408112,0.6212871287128713,0.6246786632390745,,,0.5481049562682215,0.8238993710691824,-0.005702557707545686,-0.005702557707545686,0.0027881159753929685,0.0027881159753929685,,,-0.07378559099546,0.2020088238055009,False,False,False,False,False,False,False
expanded,GEO_GSE284005_MERSCOPE_MS_EXPANDED,3,Neu.GLUT,543,expanded::GEO_GSE284005_MERSCOPE_MS_EXPANDED::fold_3::Neu.GLUT,0.8,0.7781402936378468,0.7858347386172007,0.7954545454545454,0.7896494156928213,,,0.6350210970464136,0.8141745894554884,-0.021859706362153286,-0.021859706362153286,-0.010350584307178723,-0.010350584307178723,,,-0.16497890295358641,0.014174589455488329,False,False,False,False,True,False,True
expanded,GEO_GSE284005_MERSCOPE_MS_EXPANDED,3,OPALIN+ OL,455,expanded::GEO_GSE284005_MERSCOPE_MS_EXPANDED::fold_3::OPALIN+ OL,0.4097560975609756,0.41636582430806257,0.4129651860744298,0.3122362869198312,0.4236686390532544,,,0.3754923413566739,0.47138964577656683,0.006609726747086986,0.003400638233632791,0.01391254149227883,0.0073028147451918435,,,-0.034263756204301665,0.06163354821559125,False,False,False,False,False,True,False
expanded,GEO_GSE284005_MERSCOPE_MS_EXPANDED,3,OPC,342,expanded::GEO_GSE284005_MERSCOPE_MS_EXPANDED::fold_3::OPC,0.48753462603878117,0.4884667571234735,0.4873501997336884,0.46197183098591543,0.5,,,0.5019186492709132,0.5254901960784314,0.0009321310846923114,0.0009321310846923114,0.012465373961218829,0.011533242876526517,,,0.01438402323213206,0.03795557003965022,False,True,False,False,False,True,False
expanded,GEO_GSE284005_MERSCOPE_MS_EXPANDED,3,Pericyte,359,expanded::GEO_GSE284005_MERSCOPE_MS_EXPANDED::fold_3::Pericyte,0.765196662693683,0.7497062279670975,0.7579693034238489,0.7445086705202312,0.7635054021608643,,,0.7041095890410958,0.7699642431466031,-0.015490434726585511,-0.015490434726585511,-0.0016912605328187613,-0.0016912605328187613,,,-0.061087073652587254,0.004767580452920028,False,False,False,False,True,False,False
expanded,GEO_GSE284005_MERSCOPE_MS_EXPANDED,3,Repair.Endo,548,expanded::GEO_GSE284005_MERSCOPE_MS_EXPANDED::fold_3::Repair.Endo,0.7842543527630582,0.782477341389728,0.7927107061503418,0.7968627450980392,0.7754491017964071,,,0.41714285714285715,0.8204158790170132,-0.001777011373330195,-0.014385403708311206,-0.00880525096665108,-0.02141364330163209,,,-0.36711149562020107,0.03616152625395497,False,False,False,False,False,False,False
expanded,GEO_GSE284005_MERSCOPE_MS_EXPANDED,3,SMC,257,expanded::GEO_GSE284005_MERSCOPE_MS_EXPANDED::fold_3::SMC,0.743099787685775,0.7445887445887446,0.7316017316017316,0.7521367521367521,0.7404255319148937,,,0.6262626262626263,0.7428571428571429,0.0014889569029695737,-0.0075480075480075515,-0.0026742557708813175,-0.011711220221858443,,,-0.1168371614231487,-0.00024264482863212145,False,False,False,False,False,False,False
expanded,GEO_GSE284005_MERSCOPE_MS_EXPANDED,3,Stress OL,344,expanded::GEO_GSE284005_MERSCOPE_MS_EXPANDED::fold_3::Stress OL,0.13528336380255943,0.12987012987012986,0.13620071684587814,0.12734082397003743,0.13479052823315116,,,0.12595419847328246,0.17209908735332463,-0.0054132339324295675,-0.006330586975748287,-0.0004928355694082676,-0.001410188612726987,,,-0.009329165329276967,0.036815723550765206,False,False,False,False,False,False,False
expanded,GEO_GSE284005_MERSCOPE_MS_EXPANDED,3,Stress T,52,expanded::GEO_GSE284005_MERSCOPE_MS_EXPANDED::fold_3::Stress T,0.16176470588235295,0.16883116883116883,0.15172413793103448,0.13559322033898305,0.14285714285714288,,,0.23255813953488372,0.21153846153846154,0.0070664629488158825,0.0070664629488158825,-0.018907563025210072,-0.025974025974025955,,,0.07079343365253077,0.04977375565610859,False,False,False,False,False,False,True
expanded,GEO_GSE284005_MERSCOPE_MS_EXPANDED,3,Stress.Astro,221,expanded::GEO_GSE284005_MERSCOPE_MS_EXPANDED::fold_3::Stress.Astro,0.32919254658385094,0.32664756446991405,0.3512747875354108,0.31137724550898205,0.30860534124629074,,,0.22857142857142854,0.3295454545454546,-0.002544982113936889,-0.02462722306549675,-0.0205872053375602,-0.04266944628912006,,,-0.1006211180124224,0.00035290796160364346,False,False,False,False,False,False,True
expanded,GEO_GSE284005_MERSCOPE_MS_EXPANDED,3,Stress.Endo,357,expanded::GEO_GSE284005_MERSCOPE_MS_EXPANDED::fold_3::Stress.Endo,0.411764705882353,0.42780748663101603,0.4511545293072824,0.41651031894934337,0.42728904847396765,,,0.043596730245231606,0.31140350877192985,0.016042780748663055,-0.02334704267626636,0.01552434259161467,-0.023865480833314745,,,-0.3681679756371214,-0.10036119711042313,False,False,False,True,False,True,False
expanded,GEO_GSE284005_MERSCOPE_MS_EXPANDED,3,Treg,157,expanded::GEO_GSE284005_MERSCOPE_MS_EXPANDED::fold_3::Treg,0.036585365853658534,0.037037037037037035,0.03680981595092024,0.04761904761904762,0.037037037037037035,,,0.3879598662207357,0.24742268041237114,0.0004516711833785006,-0.010582010582010588,0.0004516711833785006,-0.010582010582010588,,,0.3513745003670772,0.2108373145587126,False,False,False,False,False,False,False
expanded,GEO_GSE284005_MERSCOPE_MS_EXPANDED,3,Vas.Astro,387,expanded::GEO_GSE284005_MERSCOPE_MS_EXPANDED::fold_3::Vas.Astro,0.7537414965986394,0.7855227882037534,0.7779273216689099,0.7759282970550576,0.7620320855614974,,,0.7911832946635731,0.8341584158415841,0.031781291605114004,0.0075954665348435535,0.008290588962857948,-0.023490702642256056,,,0.03744179806493364,0.0804169192429447,False,False,False,True,False,False,False
expanded,GEO_GSE284005_MERSCOPE_MS_EXPANDED,3,cop_nfol,471,expanded::GEO_GSE284005_MERSCOPE_MS_EXPANDED::fold_3::cop_nfol,0.0,0.0,0.0,0.012631578947368423,0.0,,,0.0,0.0,0.0,-0.012631578947368423,0.0,-0.012631578947368423,,,0.0,0.0,False,False,False,False,False,False,False
expanded,GEO_GSE284005_MERSCOPE_MS_EXPANDED,3,inflammatory.Endo,187,expanded::GEO_GSE284005_MERSCOPE_MS_EXPANDED::fold_3::inflammatory.Endo,0.6493506493506493,0.621160409556314,0.6416382252559727,0.5724137931034482,0.6216216216216217,,,0.42307692307692313,0.6137931034482759,-0.028190239794335326,-0.028190239794335326,-0.027729027729027633,-0.027729027729027633,,,-0.22627372627372622,-0.03555754590237348,False,False,False,False,True,False,True
expanded,GEO_GSE327581_COSMX_AD_BRAIN_EXPANDED,1,Astrocytes.Bergmann.glia,133,expanded::GEO_GSE327581_COSMX_AD_BRAIN_EXPANDED::fold_1::Astrocytes.Bergmann.glia,0.7966101694915254,0.8135593220338982,0.7866108786610879,0.759825327510917,0.8250000000000001,,,0.22900763358778628,0.5454545454545455,0.016949152542372836,0.016949152542372836,0.028389830508474656,0.01144067796610182,,,-0.5676025359037391,-0.2511556240369799,True,True,False,True,False,True,False
expanded,GEO_GSE327581_COSMX_AD_BRAIN_EXPANDED,1,Astrocytes.cortex.hippocampus,131,expanded::GEO_GSE327581_COSMX_AD_BRAIN_EXPANDED::fold_1::Astrocytes.cortex.hippocampus,0.28888888888888886,0.31693989071038253,0.30939226519337015,0.2598870056497175,0.33513513513513515,,,0.015151515151515152,0.18181818181818182,0.02805100182149367,0.00754762551701238,0.04624624624624629,0.01819524442475262,,,-0.2737373737373737,-0.10707070707070704,False,True,False,True,False,True,False
expanded,GEO_GSE327581_COSMX_AD_BRAIN_EXPANDED,1,Astrocytes.thalamus.hypothalamus,118,expanded::GEO_GSE327581_COSMX_AD_BRAIN_EXPANDED::fold_1::Astrocytes.thalamus.hypothalamus,0.728110599078341,0.7605633802816901,0.7102803738317757,0.6952380952380952,0.7706422018348624,,,0.19883040935672514,0.5081081081081081,0.03245278120334916,0.03245278120334916,0.04253160275652146,0.010078821553172301,,,-0.5292801897216158,-0.22000249097023283,True,True,False,True,False,True,False
expanded,GEO_GSE327581_COSMX_AD_BRAIN_EXPANDED,1,CCK.interneurons,128,expanded::GEO_GSE327581_COSMX_AD_BRAIN_EXPANDED::fold_1::CCK.interneurons,0.689922480620155,0.671875,0.6640625,0.6742424242424243,0.6641221374045801,,,0.17857142857142858,0.6360424028268552,-0.018047480620155043,-0.018047480620155043,-0.025800343215574895,-0.025800343215574895,,,-0.5113510520487264,-0.05388007779329984,False,False,False,False,True,False,True
expanded,GEO_GSE327581_COSMX_AD_BRAIN_EXPANDED,1,Cajal.Retzius.cells,108,expanded::GEO_GSE327581_COSMX_AD_BRAIN_EXPANDED::fold_1::Cajal.Retzius.cells,0.22895622895622894,0.22366288492706646,0.21508828250401285,0.20257826887661148,0.23321554770318023,,,0.0,0.21926910299003322,-0.005293344029162483,-0.005293344029162483,0.0042593187469512905,0.0042593187469512905,,,-0.22895622895622894,-0.009687125966195725,False,False,False,False,False,False,False
expanded,GEO_GSE327581_COSMX_AD_BRAIN_EXPANDED,1,Cholinergic.neurons.habenula,100,expanded::GEO_GSE327581_COSMX_AD_BRAIN_EXPANDED::fold_1::Cholinergic.neurons.habenula,0.36129032258064514,0.348993288590604,0.35294117647058826,0.3741935483870968,0.35064935064935066,,,0.019801980198019802,0.3246753246753247,-0.012297033990041117,-0.025200259796492763,-0.010640971931294485,-0.02354419773774613,,,-0.3414883423826253,-0.03661499790532047,False,False,False,False,True,False,True
expanded,GEO_GSE327581_COSMX_AD_BRAIN_EXPANDED,1,Choroid.plexus.epithelial.cells,147,expanded::GEO_GSE327581_COSMX_AD_BRAIN_EXPANDED::fold_1::Choroid.plexus.epithelial.cells,0.9583333333333333,0.959731543624161,0.9488054607508534,0.9627118644067796,0.9533333333333333,,,0.5289855072463768,0.9504950495049506,0.0013982102908277616,-0.002980320782618562,-0.0050000000000000044,-0.009378531073446328,,,-0.42934782608695643,-0.007838283828382697,False,False,False,False,False,False,False
expanded,GEO_GSE327581_COSMX_AD_BRAIN_EXPANDED,1,Committed.oligodendrocytes,130,expanded::GEO_GSE327581_COSMX_AD_BRAIN_EXPANDED::fold_1::Committed.oligodendrocytes,0.3609341825902336,0.3554603854389722,0.3582089552238806,0.36681222707423583,0.3531914893617021,,,0.30985915492957744,0.35500878734622143,-0.005473797151261395,-0.011351841635263649,-0.007742693228531494,-0.013620737712533748,,,-0.051075027660656136,-0.005925395244012144,False,False,False,False,False,False,False
expanded,GEO_GSE327581_COSMX_AD_BRAIN_EXPANDED,1,D1.medium.spiny.neurons,178,expanded::GEO_GSE327581_COSMX_AD_BRAIN_EXPANDED::fold_1::D1.medium.spiny.neurons,0.7628865979381444,0.7609254498714654,0.7609254498714654,0.7628361858190709,0.7616580310880828,,,0.6265060240963854,0.7536231884057972,-0.0019611480666790193,-0.0019611480666790193,-0.0012285668500615632,-0.0012285668500615632,,,-0.13638057384175895,-0.009263409532347167,False,False,False,False,False,False,False
expanded,GEO_GSE327581_COSMX_AD_BRAIN_EXPANDED,1,D2.medium.spiny.neurons,165,expanded::GEO_GSE327581_COSMX_AD_BRAIN_EXPANDED::fold_1::D2.medium.spiny.neurons,0.648421052631579,0.6538461538461539,0.6511627906976745,0.6711111111111111,0.6403326403326404,,,0.6703601108033239,0.6458333333333333,0.005425101214574846,-0.017264957264957248,-0.008088412298938641,-0.030778470778470735,,,0.021939058171744907,-0.0025877192982457498,False,False,False,False,False,False,False
expanded,GEO_GSE327581_COSMX_AD_BRAIN_EXPANDED,1,Dopaminergic.neurons,52,expanded::GEO_GSE327581_COSMX_AD_BRAIN_EXPANDED::fold_1::Dopaminergic.neurons,0.5272727272727272,0.5405405405405405,0.5420560747663552,0.5555555555555555,0.5357142857142857,,,0.03773584905660378,0.6582278481012659,0.013267813267813233,-0.01501501501501501,0.008441558441558472,-0.01984126984126977,,,-0.48953687821612346,0.13095512082853866,False,False,False,True,False,False,False
expanded,GEO_GSE327581_COSMX_AD_BRAIN_EXPANDED,1,Ependymal.cells,88,expanded::GEO_GSE327581_COSMX_AD_BRAIN_EXPANDED::fold_1::Ependymal.cells,0.84472049689441,0.8658536585365854,0.85,0.85,0.8780487804878049,,,0.044444444444444446,0.7919463087248322,0.02113316164217538,0.01585365853658538,0.0333282835933949,0.012195121951219523,,,-0.8002760524499656,-0.052774188169577796,True,True,False,True,False,True,False
expanded,GEO_GSE327581_COSMX_AD_BRAIN_EXPANDED,1,Excitatory.neurons.amygdala,122,expanded::GEO_GSE327581_COSMX_AD_BRAIN_EXPANDED::fold_1::Excitatory.neurons.amygdala,0.20253164556962025,0.1793103448275862,0.16216216216216217,0.22222222222222224,0.1643835616438356,,,0.05641025641025642,0.24309392265193375,-0.023221300742034046,-0.04291187739463603,-0.03814808392578464,-0.05783866057838663,,,-0.14612138915936385,0.0405622770823135,False,False,False,False,True,False,True
expanded,GEO_GSE327581_COSMX_AD_BRAIN_EXPANDED,1,Excitatory.neurons.di.mesencephalon,160,expanded::GEO_GSE327581_COSMX_AD_BRAIN_EXPANDED::fold_1::Excitatory.neurons.di.mesencephalon,0.797979797979798,0.8144329896907218,0.8040712468193385,0.797979797979798,0.8102564102564103,,,0.4716981132075471,0.8444444444444444,0.016453191710923742,0.01036174287138325,0.012276612276612253,-0.004176579434311489,,,-0.3262816847722509,0.04646464646464643,True,False,False,True,False,True,False
expanded,GEO_GSE327581_COSMX_AD_BRAIN_EXPANDED,1,Excitatory.neurons.hippocampal.CA1,127,expanded::GEO_GSE327581_COSMX_AD_BRAIN_EXPANDED::fold_1::Excitatory.neurons.hippocampal.CA1,0.7471698113207547,0.7803030303030303,0.7509578544061303,0.7428571428571429,0.7773584905660377,,,0.0,0.6839826839826839,0.033133218982275614,0.0293451758969,0.030188679245283012,-0.002944539736992602,,,-0.7471698113207547,-0.06318712733807075,True,False,False,True,False,True,False
expanded,GEO_GSE327581_COSMX_AD_BRAIN_EXPANDED,1,Excitatory.neurons.hippocampal.CA2,104,expanded::GEO_GSE327581_COSMX_AD_BRAIN_EXPANDED::fold_1::Excitatory.neurons.hippocampal.CA2,0.380952380952381,0.3586206896551724,0.3586206896551724,0.37837837837837834,0.37837837837837834,,,0.1685575364667747,0.3764705882352942,-0.022331691297208578,-0.022331691297208578,-0.002574002574002643,-0.002574002574002643,,,-0.21239484448560628,-0.004481792717086763,False,False,False,False,True,False,False
expanded,GEO_GSE327581_COSMX_AD_BRAIN_EXPANDED,1,Excitatory.neurons.hippocampal.CA3,116,expanded::GEO_GSE327581_COSMX_AD_BRAIN_EXPANDED::fold_1::Excitatory.neurons.hippocampal.CA3,0.5549738219895287,0.5808219178082191,0.5698924731182796,0.5722070844686649,0.576923076923077,,,0.0,0.65625,0.02584809581869041,0.008614833339554262,0.021949254933548268,-0.0038988408851421408,,,-0.5549738219895287,0.10127617801047128,False,False,False,True,False,True,False
expanded,GEO_GSE327581_COSMX_AD_BRAIN_EXPANDED,1,Excitatory.neurons.layer.1.piriform,190,expanded::GEO_GSE327581_COSMX_AD_BRAIN_EXPANDED::fold_1::Excitatory.neurons.layer.1.piriform,0.3886639676113361,0.39999999999999997,0.4156862745098039,0.46564885496183206,0.3568464730290457,,,0.0,0.27027027027027023,0.011336032388663875,-0.06564885496183209,-0.031817494582290384,-0.10880238193278635,,,-0.3886639676113361,-0.11839369734106586,False,False,False,True,False,False,True
expanded,GEO_GSE327581_COSMX_AD_BRAIN_EXPANDED,1,Excitatory.neurons.layer.2.3,171,expanded::GEO_GSE327581_COSMX_AD_BRAIN_EXPANDED::fold_1::Excitatory.neurons.layer.2.3,0.4911242603550296,0.507645259938838,0.5,0.5236768802228412,0.498567335243553,,,0.23340040241448692,0.48169556840077066,0.016520999583808427,-0.01603162028400318,0.0074430748885234155,-0.02510954497928819,,,-0.25772385794054264,-0.009428691954258939,False,False,False,True,False,False,False
expanded,GEO_GSE327581_COSMX_AD_BRAIN_EXPANDED,1,Excitatory.neurons.layer.4,187,expanded::GEO_GSE327581_COSMX_AD_BRAIN_EXPANDED::fold_1::Excitatory.neurons.layer.4,0.13675213675213674,0.15873015873015872,0.1646090534979424,0.08928571428571429,0.144,,,0.46376811594202905,0.0970873786407767,0.021978021978021983,-0.005878894767783666,0.007247863247863251,-0.020609053497942398,,,0.32701597918989234,-0.03966475811136004,False,False,False,True,False,False,False
expanded,GEO_GSE327581_COSMX_AD_BRAIN_EXPANDED,1,Excitatory.neurons.layer.5,169,expanded::GEO_GSE327581_COSMX_AD_BRAIN_EXPANDED::fold_1::Excitatory.neurons.layer.5,0.4881889763779527,0.4909747292418773,0.48437500000000006,0.5217391304347826,0.48091603053435117,,,0.0,0.4104803493449781,0.0027857528639245732,-0.0307644011929053,-0.007272945843601553,-0.040823099900431425,,,-0.4881889763779527,-0.0777086270329746,False,False,False,False,False,False,False
expanded,GEO_GSE327581_COSMX_AD_BRAIN_EXPANDED,1,Excitatory.neurons.layer.6,156,expanded::GEO_GSE327581_COSMX_AD_BRAIN_EXPANDED::fold_1::Excitatory.neurons.layer.6,0.6073298429319373,0.5879629629629629,0.589108910891089,0.6133333333333332,0.5952380952380953,,,0.0,0.6689655172413793,-0.01936687996897435,-0.025370370370370265,-0.012091747693841914,-0.01809523809523783,,,-0.6073298429319373,0.06163567430944206,False,False,False,False,True,False,True
expanded,GEO_GSE327581_COSMX_AD_BRAIN_EXPANDED,1,Excitatory.neurons.telencephalon,117,expanded::GEO_GSE327581_COSMX_AD_BRAIN_EXPANDED::fold_1::Excitatory.neurons.telencephalon,0.23121387283236997,0.2023809523809524,0.19161676646706588,0.19883040935672516,0.22857142857142856,,,0.0,0.26136363636363635,-0.028832920451417554,-0.028832920451417554,-0.002642444260941401,-0.002642444260941401,,,-0.23121387283236997,0.030149763531266388,False,False,False,False,True,False,False
expanded,GEO_GSE327581_COSMX_AD_BRAIN_EXPANDED,1,Granule.neurons,145,expanded::GEO_GSE327581_COSMX_AD_BRAIN_EXPANDED::fold_1::Granule.neurons,0.8091603053435115,0.8120300751879699,0.8108108108108109,0.8199233716475096,0.8265682656826568,,,0.5166051660516605,0.768,0.002869769844458414,-0.007893296459539734,0.01740796033914538,0.006644894035147231,,,-0.29255513929185095,-0.04116030534351145,False,False,False,False,False,True,False
expanded,GEO_GSE327581_COSMX_AD_BRAIN_EXPANDED,1,Hindbrain.excitatory.neurons,124,expanded::GEO_GSE327581_COSMX_AD_BRAIN_EXPANDED::fold_1::Hindbrain.excitatory.neurons,0.5303370786516853,0.536697247706422,0.5315315315315317,0.5221238938053097,0.5425287356321838,,,0.0,0.5525672371638142,0.006360169054736686,0.005165716174890367,0.012191656980498511,0.005831487925761825,,,-0.5303370786516853,0.02223015851212884,False,False,False,False,False,True,False
expanded,GEO_GSE327581_COSMX_AD_BRAIN_EXPANDED,1,Hindbrain.inhibitory.neurons,170,expanded::GEO_GSE327581_COSMX_AD_BRAIN_EXPANDED::fold_1::Hindbrain.inhibitory.neurons,0.5230769230769231,0.5254901960784313,0.5134099616858238,0.5343511450381679,0.5196850393700788,,,0.0,0.47580645161290314,0.002413273001508176,-0.008860948959736659,-0.0033918837068442897,-0.014666105668089124,,,-0.5230769230769231,-0.04727047146401997,False,False,False,False,False,False,False
expanded,GEO_GSE327581_COSMX_AD_BRAIN_EXPANDED,1,Hypendymal,79,expanded::GEO_GSE327581_COSMX_AD_BRAIN_EXPANDED::fold_1::Hypendymal,0.48251748251748255,0.4963503649635036,0.45993031358885017,0.4646464646464646,0.4859154929577465,,,0.0,0.5433070866141732,0.013832882446021044,0.013832882446021044,0.0033980104402639433,-0.010434872005757101,,,-0.48251748251748255,0.0607896040966906,True,False,False,True,False,False,False
expanded,GEO_GSE327581_COSMX_AD_BRAIN_EXPANDED,1,Inhibitory.interneurons,136,expanded::GEO_GSE327581_COSMX_AD_BRAIN_EXPANDED::fold_1::Inhibitory.interneurons,0.7461538461538462,0.7644787644787646,0.7567567567567567,0.7307692307692308,0.7596899224806202,,,0.28748451053283774,0.7266881028938907,0.01832491832491845,0.007722007722007929,0.013536076326774005,-0.004788841998144444,,,-0.4586693356210084,-0.019465743259955426,False,False,False,True,False,True,False
expanded,GEO_GSE327581_COSMX_AD_BRAIN_EXPANDED,1,Inhibitory.neurons.amygdala,116,expanded::GEO_GSE327581_COSMX_AD_BRAIN_EXPANDED::fold_1::Inhibitory.neurons.amygdala,0.19259259259259257,0.2058823529411765,0.196969696969697,0.2058823529411765,0.2058823529411765,,,0.0,0.208955223880597,0.013289760348583923,0.0,0.013289760348583923,0.0,,,-0.19259259259259257,0.016362631288004442,False,False,False,True,False,True,False
expanded,GEO_GSE327581_COSMX_AD_BRAIN_EXPANDED,1,Inhibitory.neurons.habenula.hypothalamus,98,expanded::GEO_GSE327581_COSMX_AD_BRAIN_EXPANDED::fold_1::Inhibitory.neurons.habenula.hypothalamus,0.27586206896551724,0.28363636363636363,0.2777777777777778,0.2846975088967971,0.291970802919708,,,0.014388489208633094,0.22962962962962963,0.007774294670846393,-0.0010611452604334937,0.016108733954190768,0.007273294022910881,,,-0.2614735797568841,-0.04623243933588761,False,False,False,False,False,True,False
expanded,GEO_GSE327581_COSMX_AD_BRAIN_EXPANDED,1,Inhibitory.neurons.habenula.thalamus,105,expanded::GEO_GSE327581_COSMX_AD_BRAIN_EXPANDED::fold_1::Inhibitory.neurons.habenula.thalamus,0.20437956204379562,0.21897810218978103,0.16666666666666669,0.21582733812949642,0.2074074074074074,,,0.0,0.15625,0.014598540145985411,0.003150764060284611,0.003027845363611781,-0.01157069478237363,,,-0.20437956204379562,-0.04812956204379562,False,False,False,True,False,False,False
expanded,GEO_GSE327581_COSMX_AD_BRAIN_EXPANDED,1,Inhibitory.neurons.reticular.nucleus,135,expanded::GEO_GSE327581_COSMX_AD_BRAIN_EXPANDED::fold_1::Inhibitory.neurons.reticular.nucleus,0.5321100917431193,0.5531914893617021,0.543778801843318,0.5355450236966824,0.5514018691588786,,,0.0,0.5084745762711864,0.021081397618582853,0.0094126875183842,0.01929177741575927,-0.001789620202823583,,,-0.5321100917431193,-0.023635515471932877,False,False,False,True,False,True,False
expanded,GEO_GSE327581_COSMX_AD_BRAIN_EXPANDED,1,Interneuron.selective.interneurons,100,expanded::GEO_GSE327581_COSMX_AD_BRAIN_EXPANDED::fold_1::Interneuron.selective.interneurons,0.45086705202312144,0.43636363636363634,0.4268292682926829,0.4,0.43373493975903615,,,0.07629427792915532,0.3567567567567567,-0.014503415659485097,-0.014503415659485097,-0.017132112264085286,-0.017132112264085286,,,-0.3745727740939661,-0.09411029526636472,False,False,False,False,True,False,True
expanded,GEO_GSE327581_COSMX_AD_BRAIN_EXPANDED,1,Interneurons,158,expanded::GEO_GSE327581_COSMX_AD_BRAIN_EXPANDED::fold_1::Interneurons,0.8632218844984803,0.8738461538461538,0.8633540372670808,0.8617363344051446,0.8676923076923077,,,0.6111111111111112,0.838526912181303,0.010624269347673576,0.010492116579073008,0.0044704231938274,-0.006153846153846176,,,-0.2521107733873691,-0.02469497231717721,True,False,False,True,False,False,False
expanded,GEO_GSE327581_COSMX_AD_BRAIN_EXPANDED,1,Mature.oligodendrocytes,129,expanded::GEO_GSE327581_COSMX_AD_BRAIN_EXPANDED::fold_1::Mature.oligodendrocytes,0.0,0.015384615384615384,0.0,0.0,0.0,,,0.0,0.0,0.015384615384615384,0.015384615384615384,0.0,-0.015384615384615384,,,0.0,0.0,True,False,False,True,False,False,False
expanded,GEO_GSE327581_COSMX_AD_BRAIN_EXPANDED,1,Microglia,144,expanded::GEO_GSE327581_COSMX_AD_BRAIN_EXPANDED::fold_1::Microglia,0.6178489702517163,0.6288416075650118,0.6045454545454546,0.6203703703703703,0.6235011990407674,,,0.532258064516129,0.6267942583732057,0.010992637313295583,0.00847123719464149,0.005652228789051139,-0.005340408524244444,,,-0.08559090573558725,0.008945288121489425,False,False,False,True,False,False,False
expanded,GEO_GSE327581_COSMX_AD_BRAIN_EXPANDED,1,Myelin.forming.oligodendrocytes,159,expanded::GEO_GSE327581_COSMX_AD_BRAIN_EXPANDED::fold_1::Myelin.forming.oligodendrocytes,0.0,0.05747126436781609,0.023121387283236997,0.1,0.023809523809523808,,,0.0,0.0,0.05747126436781609,-0.042528735632183914,0.023809523809523808,-0.0761904761904762,,,0.0,0.0,False,False,False,True,False,True,False
expanded,GEO_GSE327581_COSMX_AD_BRAIN_EXPANDED,1,Neuroblasts,137,expanded::GEO_GSE327581_COSMX_AD_BRAIN_EXPANDED::fold_1::Neuroblasts,0.459016393442623,0.45054945054945056,0.4090909090909091,0.44808743169398907,0.459016393442623,,,0.04285714285714286,0.4067796610169492,-0.008466942893172458,-0.008466942893172458,0.0,0.0,,,-0.41615925058548014,-0.05223673242567384,False,False,False,False,False,False,False
expanded,GEO_GSE327581_COSMX_AD_BRAIN_EXPANDED,1,Neurogliaform.cells,141,expanded::GEO_GSE327581_COSMX_AD_BRAIN_EXPANDED::fold_1::Neurogliaform.cells,0.7796610169491526,0.774468085106383,0.7521367521367522,0.7542372881355931,0.774468085106383,,,0.1494661921708185,0.7401574803149606,-0.005192931842769588,-0.005192931842769588,-0.005192931842769588,-0.005192931842769588,,,-0.6301948247783341,-0.03950353663419193,False,False,False,False,False,False,False
expanded,GEO_GSE327581_COSMX_AD_BRAIN_EXPANDED,1,Newly.formed.oligodendrocytes,130,expanded::GEO_GSE327581_COSMX_AD_BRAIN_EXPANDED::fold_1::Newly.formed.oligodendrocytes,0.546448087431694,0.5376344086021506,0.5245901639344263,0.5376344086021506,0.5543478260869565,,,0.059701492537313446,0.5280898876404494,-0.008813678829543425,-0.008813678829543425,0.0078997386552625,0.0078997386552625,,,-0.4867465948943806,-0.018358199791244645,False,False,False,False,False,False,False
expanded,GEO_GSE327581_COSMX_AD_BRAIN_EXPANDED,1,Olfactory.bulb.inhibitory.neurons,172,expanded::GEO_GSE327581_COSMX_AD_BRAIN_EXPANDED::fold_1::Olfactory.bulb.inhibitory.neurons,0.8695652173913044,0.8472906403940887,0.8471177944862155,0.8686868686868687,0.8535980148883374,,,0.2571976967370441,0.8094117647058823,-0.02227457699721569,-0.02227457699721569,-0.015967202502967015,-0.015967202502967015,,,-0.6123675206542603,-0.06015345268542216,False,False,False,False,True,False,True
expanded,GEO_GSE327581_COSMX_AD_BRAIN_EXPANDED,1,Olfactory.ensheathing.cells,96,expanded::GEO_GSE327581_COSMX_AD_BRAIN_EXPANDED::fold_1::Olfactory.ensheathing.cells,0.2857142857142857,0.3008849557522124,0.3008849557522124,0.3130434782608696,0.26785714285714285,,,0.0,0.2702702702702703,0.015170670037926715,-0.012158522508657177,-0.01785714285714285,-0.04518633540372674,,,-0.2857142857142857,-0.015444015444015413,False,False,False,True,False,False,True
expanded,GEO_GSE327581_COSMX_AD_BRAIN_EXPANDED,1,Oligodendrocyte.precursor.cells,150,expanded::GEO_GSE327581_COSMX_AD_BRAIN_EXPANDED::fold_1::Oligodendrocyte.precursor.cells,0.8399999999999999,0.8150684931506849,0.8148148148148149,0.8191126279863481,0.8271186440677967,,,0.3260869565217392,0.8671328671328671,-0.024931506849315,-0.024931506849315,-0.012881355932203187,-0.012881355932203187,,,-0.5139130434782606,0.027132867132867222,False,False,False,False,True,False,True
expanded,GEO_GSE327581_COSMX_AD_BRAIN_EXPANDED,1,Peptidergic.neurons,81,expanded::GEO_GSE327581_COSMX_AD_BRAIN_EXPANDED::fold_1::Peptidergic.neurons,0.4271844660194175,0.4716981132075471,0.43809523809523804,0.4716981132075471,0.4528301886792453,,,0.08625336927223719,0.2479338842975207,0.04451364718812961,0.0,0.025645722659827785,-0.018867924528301827,,,-0.3409310967471803,-0.1792505817218968,False,False,False,True,False,True,False
expanded,GEO_GSE327581_COSMX_AD_BRAIN_EXPANDED,1,Pericytes,123,expanded::GEO_GSE327581_COSMX_AD_BRAIN_EXPANDED::fold_1::Pericytes,0.5047619047619049,0.502415458937198,0.5120772946859904,0.5142857142857142,0.5148514851485149,,,0.1323529411764706,0.5320197044334977,-0.0023464458247068887,-0.011870255348516268,0.010089580386610009,0.0005657708628006297,,,-0.3724089635854343,0.02725779967159281,False,False,False,False,False,True,False
expanded,GEO_GSE327581_COSMX_AD_BRAIN_EXPANDED,1,Perivascular.macrophages,139,expanded::GEO_GSE327581_COSMX_AD_BRAIN_EXPANDED::fold_1::Perivascular.macrophages,0.13580246913580246,0.15568862275449102,0.125,0.08860759493670885,0.17441860465116277,,,0.013986013986013986,0.0915032679738562,0.019886153618688562,0.019886153618688562,0.038616135515360306,0.018729981896671744,,,-0.12181645514978848,-0.04429920116194626,True,True,False,True,False,True,False
expanded,GEO_GSE327581_COSMX_AD_BRAIN_EXPANDED,1,Purkinje.cells,155,expanded::GEO_GSE327581_COSMX_AD_BRAIN_EXPANDED::fold_1::Purkinje.cells,0.9096385542168675,0.8988095238095237,0.9123867069486405,0.8260869565217391,0.8961424332344214,,,0.47804878048780486,0.9646302250803858,-0.010829030407343732,-0.013577183139116822,-0.013496120982446014,-0.016244273714219104,,,-0.4315897737290626,0.054991670863518305,False,False,False,False,True,False,True
expanded,GEO_GSE327581_COSMX_AD_BRAIN_EXPANDED,1,Radial.glia,94,expanded::GEO_GSE327581_COSMX_AD_BRAIN_EXPANDED::fold_1::Radial.glia,0.1641025641025641,0.15151515151515152,0.15463917525773196,0.1616161616161616,0.16243654822335024,,,0.0,0.11042944785276074,-0.012587412587412583,-0.012587412587412583,-0.0016660158792138613,-0.0016660158792138613,,,-0.1641025641025641,-0.053673116249803365,False,False,False,False,True,False,False
expanded,GEO_GSE327581_COSMX_AD_BRAIN_EXPANDED,1,Serotonergic.neurons,105,expanded::GEO_GSE327581_COSMX_AD_BRAIN_EXPANDED::fold_1::Serotonergic.neurons,0.2824858757062147,0.27173913043478265,0.26373626373626374,0.2588235294117647,0.28865979381443296,,,0.16113744075829384,0.23015873015873017,-0.010746745271432045,-0.010746745271432045,0.006173918108218268,0.006173918108218268,,,-0.12134843494792086,-0.05232714554748452,False,False,False,False,True,False,False
expanded,GEO_GSE327581_COSMX_AD_BRAIN_EXPANDED,1,T.cell,125,expanded::GEO_GSE327581_COSMX_AD_BRAIN_EXPANDED::fold_1::T.cell,0.2866043613707165,0.2977346278317152,0.28923076923076924,0.2969187675070028,0.2929936305732484,,,0.10526315789473684,0.3087248322147651,0.011130266460998739,0.0008158603247124252,0.006389269202531911,-0.004740997258466828,,,-0.18134120347597965,0.022120470844048612,False,False,False,True,False,False,False
expanded,GEO_GSE327581_COSMX_AD_BRAIN_EXPANDED,1,Tanycytes,135,expanded::GEO_GSE327581_COSMX_AD_BRAIN_EXPANDED::fold_1::Tanycytes,0.44036697247706424,0.4537037037037038,0.4343891402714932,0.4444444444444444,0.43925233644859807,,,0.0,0.29885057471264365,0.013336731226639531,0.009259259259259356,-0.001114636028466176,-0.014451367255105707,,,-0.44036697247706424,-0.1415163977644206,False,False,False,True,False,False,False
expanded,GEO_GSE327581_COSMX_AD_BRAIN_EXPANDED,1,Telencephalon.inhibitory.neurons,142,expanded::GEO_GSE327581_COSMX_AD_BRAIN_EXPANDED::fold_1::Telencephalon.inhibitory.neurons,0.34444444444444444,0.4232804232804233,0.3516483516483517,0.38918918918918916,0.3999999999999999,,,0.18784530386740333,0.36065573770491804,0.07883597883597887,0.03409123409123416,0.05555555555555547,-0.0232804232804234,,,-0.1565991405770411,0.016211293260473603,True,False,False,True,False,True,False
expanded,GEO_GSE327581_COSMX_AD_BRAIN_EXPANDED,1,Vascular.endothelial.cells,130,expanded::GEO_GSE327581_COSMX_AD_BRAIN_EXPANDED::fold_1::Vascular.endothelial.cells,0.5843828715365239,0.6036745406824147,0.5903307888040712,0.5885416666666666,0.5912596401028277,,,0.21656050955414013,0.6199460916442048,0.019291669145890755,0.013343751878343468,0.006876768566303815,-0.01241490057958694,,,-0.36782236198238377,0.03556322010768087,True,False,False,True,False,False,False
expanded,GEO_GSE327581_COSMX_AD_BRAIN_EXPANDED,1,Vascular.leptomeningeal.cells,147,expanded::GEO_GSE327581_COSMX_AD_BRAIN_EXPANDED::fold_1::Vascular.leptomeningeal.cells,0.782312925170068,0.7774086378737542,0.7766323024054983,0.7849829351535836,0.7905405405405406,,,0.16249999999999998,0.7714285714285714,-0.0049042872963137585,-0.0075742972798293895,0.008227615370472563,0.005557605386956932,,,-0.619812925170068,-0.010884353741496655,False,False,False,False,False,False,False
expanded,GEO_GSE327581_COSMX_AD_BRAIN_EXPANDED,1,Vascular.smooth.muscle.cells,132,expanded::GEO_GSE327581_COSMX_AD_BRAIN_EXPANDED::fold_1::Vascular.smooth.muscle.cells,0.6571428571428571,0.6538461538461537,0.6442307692307692,0.6476190476190476,0.6698113207547169,,,0.26993865030674846,0.6635071090047393,-0.003296703296703396,-0.003296703296703396,0.012668463611859804,0.012668463611859804,,,-0.3872042068361087,0.006364251861882164,False,True,False,False,False,True,False
expanded,GEO_GSE327581_COSMX_AD_BRAIN_EXPANDED,2,Astrocytes.Bergmann.glia,160,expanded::GEO_GSE327581_COSMX_AD_BRAIN_EXPANDED::fold_2::Astrocytes.Bergmann.glia,0.6639344262295083,0.680161943319838,0.6666666666666665,0.6333333333333334,0.6935483870967742,,,0.2410623084780388,0.42040816326530617,0.01622751709032977,0.013495276653171517,0.029613960867265976,0.013386443776936208,,,-0.4228721177514695,-0.2435262629642021,True,True,False,True,False,True,False
expanded,GEO_GSE327581_COSMX_AD_BRAIN_EXPANDED,2,Astrocytes.cortex.hippocampus,77,expanded::GEO_GSE327581_COSMX_AD_BRAIN_EXPANDED::fold_2::Astrocytes.cortex.hippocampus,0.10204081632653061,0.2962962962962963,0.1651376146788991,0.4070796460176991,0.163265306122449,,,0.19565217391304346,0.34285714285714286,0.19425547996976567,-0.1107833497214028,0.06122448979591838,-0.2438143398952501,,,0.09361135758651284,0.24081632653061225,False,False,False,True,False,True,False
expanded,GEO_GSE327581_COSMX_AD_BRAIN_EXPANDED,2,Astrocytes.thalamus.hypothalamus,150,expanded::GEO_GSE327581_COSMX_AD_BRAIN_EXPANDED::fold_2::Astrocytes.thalamus.hypothalamus,0.6721311475409836,0.7035573122529644,0.6186440677966102,0.6422764227642275,0.7031249999999999,,,0.18681318681318682,0.3246073298429319,0.031426164711980786,0.031426164711980786,0.030993852459016313,-0.00043231225296447295,,,-0.48531796072779676,-0.3475238176980517,True,False,False,True,False,True,False
expanded,GEO_GSE327581_COSMX_AD_BRAIN_EXPANDED,2,CCK.interneurons,101,expanded::GEO_GSE327581_COSMX_AD_BRAIN_EXPANDED::fold_2::CCK.interneurons,0.8269230769230769,0.8349514563106796,0.832535885167464,0.8269230769230769,0.8349514563106796,,,0.38267148014440433,0.7224669603524229,0.008028379387602702,0.0024155711432155558,0.008028379387602702,0.0,,,-0.44425159677867254,-0.10445611657065401,False,False,False,False,False,False,False
expanded,GEO_GSE327581_COSMX_AD_BRAIN_EXPANDED,2,Cajal.Retzius.cells,14,expanded::GEO_GSE327581_COSMX_AD_BRAIN_EXPANDED::fold_2::Cajal.Retzius.cells,0.10055865921787709,0.11940298507462686,0.09937888198757765,0.10526315789473684,0.11940298507462686,,,0.0,0.08571428571428572,0.018844325856749777,0.014139827179890027,0.018844325856749777,0.0,,,-0.10055865921787709,-0.014844373503591371,True,False,False,True,False,True,False
expanded,GEO_GSE327581_COSMX_AD_BRAIN_EXPANDED,2,Cholinergic.neurons.habenula,178,expanded::GEO_GSE327581_COSMX_AD_BRAIN_EXPANDED::fold_2::Cholinergic.neurons.habenula,0.5325443786982248,0.5459940652818991,0.5416666666666666,0.5395894428152492,0.5497076023391814,,,0.08247422680412371,0.49230769230769234,0.013449686583674292,0.004327398615232458,0.01716322364095657,0.003713537057282279,,,-0.4500701518941011,-0.04023668639053246,False,False,False,True,False,True,False
expanded,GEO_GSE327581_COSMX_AD_BRAIN_EXPANDED,2,Choroid.plexus.epithelial.cells,126,expanded::GEO_GSE327581_COSMX_AD_BRAIN_EXPANDED::fold_2::Choroid.plexus.epithelial.cells,0.9558232931726908,0.9318181818181818,0.9486166007905138,0.9236641221374045,0.9283018867924528,,,0.5700934579439253,0.906367041198502,-0.024005111354509,-0.024005111354509,-0.027521406380237923,-0.027521406380237923,,,-0.38572983522876547,-0.04945625197418879,False,False,False,False,True,False,True
expanded,GEO_GSE327581_COSMX_AD_BRAIN_EXPANDED,2,Committed.oligodendrocytes,141,expanded::GEO_GSE327581_COSMX_AD_BRAIN_EXPANDED::fold_2::Committed.oligodendrocytes,0.4831932773109244,0.4808510638297873,0.47083333333333327,0.4661016949152542,0.4818763326226013,,,0.4165232358003442,0.45086705202312144,-0.0023422134811370565,-0.0023422134811370565,-0.0013169446883230518,-0.0013169446883230518,,,-0.06667004151058015,-0.032326225287802934,False,False,False,False,False,False,False
expanded,GEO_GSE327581_COSMX_AD_BRAIN_EXPANDED,2,D1.medium.spiny.neurons,91,expanded::GEO_GSE327581_COSMX_AD_BRAIN_EXPANDED::fold_2::D1.medium.spiny.neurons,0.7489361702127659,0.7333333333333333,0.7435897435897436,0.5808580858085809,0.7543859649122806,,,0.3208791208791209,0.5507246376811595,-0.015602836879432647,-0.015602836879432647,0.005449794699514676,0.005449794699514676,,,-0.428057049333645,-0.1982115325316064,False,False,False,False,True,False,False
expanded,GEO_GSE327581_COSMX_AD_BRAIN_EXPANDED,2,D2.medium.spiny.neurons,76,expanded::GEO_GSE327581_COSMX_AD_BRAIN_EXPANDED::fold_2::D2.medium.spiny.neurons,0.6111111111111112,0.650887573964497,0.6250000000000001,0.5481481481481482,0.6195652173913044,,,0.10897435897435899,0.1653543307086614,0.039776462853385874,0.025887573964496924,0.008454106280193274,-0.0313223565731926,,,-0.5021367521367521,-0.44575678040244976,True,False,False,True,False,False,False
expanded,GEO_GSE327581_COSMX_AD_BRAIN_EXPANDED,2,Dopaminergic.neurons,233,expanded::GEO_GSE327581_COSMX_AD_BRAIN_EXPANDED::fold_2::Dopaminergic.neurons,0.7681895093062606,0.7755102040816326,0.7655986509274874,0.7793103448275862,0.776831345826235,,,0.60882800608828,0.6457399103139013,0.007320694775372005,-0.003800140745953584,0.00864183651997441,-0.0024789990013511787,,,-0.1593615032179806,-0.1224495989923593,False,False,False,False,False,False,False
expanded,GEO_GSE327581_COSMX_AD_BRAIN_EXPANDED,2,Ependymal.cells,195,expanded::GEO_GSE327581_COSMX_AD_BRAIN_EXPANDED::fold_2::Ependymal.cells,0.8913649025069638,0.9056603773584906,0.8833333333333333,0.8857938718662953,0.8960000000000001,,,0.36290322580645157,0.8439306358381502,0.014295474851526824,0.014295474851526824,0.004635097493036366,-0.009660377358490457,,,-0.5284616767005121,-0.04743426666881356,True,False,False,True,False,False,False
expanded,GEO_GSE327581_COSMX_AD_BRAIN_EXPANDED,2,Excitatory.neurons.amygdala,73,expanded::GEO_GSE327581_COSMX_AD_BRAIN_EXPANDED::fold_2::Excitatory.neurons.amygdala,0.2830188679245283,0.2692307692307693,0.24742268041237112,0.2083333333333333,0.2830188679245283,,,0.008333333333333333,0.2644628099173554,-0.013788098693759021,-0.013788098693759021,0.0,0.0,,,-0.27468553459119494,-0.018556058007172915,False,False,False,False,True,False,False
expanded,GEO_GSE327581_COSMX_AD_BRAIN_EXPANDED,2,Excitatory.neurons.di.mesencephalon,137,expanded::GEO_GSE327581_COSMX_AD_BRAIN_EXPANDED::fold_2::Excitatory.neurons.di.mesencephalon,0.6822916666666666,0.6770025839793282,0.6840731070496083,0.6805194805194805,0.6770025839793282,,,0.6666666666666667,0.7045454545454547,-0.005289082687338409,-0.00707052307028011,-0.005289082687338409,-0.00707052307028011,,,-0.015624999999999889,0.022253787878788067,False,False,False,False,False,False,False
expanded,GEO_GSE327581_COSMX_AD_BRAIN_EXPANDED,2,Excitatory.neurons.hippocampal.CA1,122,expanded::GEO_GSE327581_COSMX_AD_BRAIN_EXPANDED::fold_2::Excitatory.neurons.hippocampal.CA1,0.8314606741573034,0.8692307692307691,0.8452830188679246,0.7959183673469388,0.8671875,,,0.3024523160762943,0.7080745341614907,0.03777009507346574,0.023947750362844578,0.0357268258426966,-0.0020432692307691402,,,-0.5290083580810091,-0.12338613999581272,True,False,False,True,False,True,False
expanded,GEO_GSE327581_COSMX_AD_BRAIN_EXPANDED,2,Excitatory.neurons.hippocampal.CA2,75,expanded::GEO_GSE327581_COSMX_AD_BRAIN_EXPANDED::fold_2::Excitatory.neurons.hippocampal.CA2,0.11363636363636365,0.14893617021276595,0.10526315789473685,0.13953488372093023,0.14583333333333334,,,0.12355212355212356,0.21935483870967742,0.035299806576402304,0.00940128649183572,0.032196969696969696,-0.0031028368794326078,,,0.009915759915759909,0.10571847507331378,False,False,False,True,False,True,False
expanded,GEO_GSE327581_COSMX_AD_BRAIN_EXPANDED,2,Excitatory.neurons.hippocampal.CA3,64,expanded::GEO_GSE327581_COSMX_AD_BRAIN_EXPANDED::fold_2::Excitatory.neurons.hippocampal.CA3,0.36094674556213013,0.39102564102564097,0.359882005899705,0.39354838709677414,0.3873015873015873,,,0.0,0.41984732824427484,0.030078895463510835,-0.002522746071133175,0.02635484173945718,-0.00624679979518683,,,-0.36094674556213013,0.05890058268214471,False,False,False,True,False,True,False
expanded,GEO_GSE327581_COSMX_AD_BRAIN_EXPANDED,2,Excitatory.neurons.layer.1.piriform,91,expanded::GEO_GSE327581_COSMX_AD_BRAIN_EXPANDED::fold_2::Excitatory.neurons.layer.1.piriform,0.19298245614035087,0.24347826086956523,0.25423728813559326,0.22807017543859645,0.23931623931623935,,,0.0,0.10309278350515463,0.05049580472921436,-0.010759027266028037,0.04633378317588849,-0.01492104881935391,,,-0.19298245614035087,-0.08988967263519623,False,False,False,True,False,True,False
expanded,GEO_GSE327581_COSMX_AD_BRAIN_EXPANDED,2,Excitatory.neurons.layer.2.3,107,expanded::GEO_GSE327581_COSMX_AD_BRAIN_EXPANDED::fold_2::Excitatory.neurons.layer.2.3,0.5622489959839356,0.5743944636678201,0.5483870967741935,0.5882352941176471,0.5616438356164384,,,0.0,0.5134099616858238,0.01214546768388447,-0.01384083044982698,-0.0006051603674972483,-0.026591458501208698,,,-0.5622489959839356,-0.04883903429811187,False,False,False,True,False,False,False
expanded,GEO_GSE327581_COSMX_AD_BRAIN_EXPANDED,2,Excitatory.neurons.layer.4,108,expanded::GEO_GSE327581_COSMX_AD_BRAIN_EXPANDED::fold_2::Excitatory.neurons.layer.4,0.1780821917808219,0.12213740458015265,0.18666666666666668,0.18055555555555555,0.1739130434782609,,,0.46445497630331756,0.18045112781954886,-0.055944787200669255,-0.06452926208651402,-0.004169148302561015,-0.012753623188405783,,,0.28637278452249565,0.0023689360387269542,False,False,False,False,True,False,False
expanded,GEO_GSE327581_COSMX_AD_BRAIN_EXPANDED,2,Excitatory.neurons.layer.5,106,expanded::GEO_GSE327581_COSMX_AD_BRAIN_EXPANDED::fold_2::Excitatory.neurons.layer.5,0.15126050420168066,0.11965811965811965,0.13675213675213674,0.10619469026548672,0.16666666666666669,,,0.0,0.15384615384615385,-0.03160238454356101,-0.03160238454356101,0.015406162464986023,0.015406162464986023,,,-0.15126050420168066,0.0025856496444731925,False,True,False,False,True,True,False
expanded,GEO_GSE327581_COSMX_AD_BRAIN_EXPANDED,2,Excitatory.neurons.layer.6,139,expanded::GEO_GSE327581_COSMX_AD_BRAIN_EXPANDED::fold_2::Excitatory.neurons.layer.6,0.5703422053231939,0.6028368794326241,0.5522388059701493,0.588235294117647,0.587360594795539,,,0.0,0.5737704918032788,0.03249467410943019,0.014601585314977128,0.01701838947234513,-0.015476284637085058,,,-0.5703422053231939,0.0034282864800848634,True,False,False,True,False,True,False
expanded,GEO_GSE327581_COSMX_AD_BRAIN_EXPANDED,2,Excitatory.neurons.telencephalon,80,expanded::GEO_GSE327581_COSMX_AD_BRAIN_EXPANDED::fold_2::Excitatory.neurons.telencephalon,0.0851063829787234,0.1286549707602339,0.08743169398907104,0.11042944785276074,0.11627906976744186,,,0.0,0.11695906432748537,0.04354858778151051,0.018225522907473174,0.031172686788718457,-0.012375900992792052,,,-0.0851063829787234,0.03185268134876197,True,False,False,True,False,True,False
expanded,GEO_GSE327581_COSMX_AD_BRAIN_EXPANDED,2,Granule.neurons,134,expanded::GEO_GSE327581_COSMX_AD_BRAIN_EXPANDED::fold_2::Granule.neurons,0.946969696969697,0.9338235294117647,0.9288389513108615,0.9477611940298507,0.9402985074626865,,,0.8360655737704917,0.9218749999999999,-0.013146167557932298,-0.013937664618085988,-0.006671189507010511,-0.007462686567164201,,,-0.11090412319920528,-0.025094696969697128,False,False,False,False,True,False,False
expanded,GEO_GSE327581_COSMX_AD_BRAIN_EXPANDED,2,Hindbrain.excitatory.neurons,175,expanded::GEO_GSE327581_COSMX_AD_BRAIN_EXPANDED::fold_2::Hindbrain.excitatory.neurons,0.6218809980806141,0.6209523809523809,0.6218809980806141,0.6377952755905513,0.6269230769230769,,,0.34934497816593885,0.698481561822126,-0.0009286171282332223,-0.016842894638170347,0.005042078842462772,-0.010872198667474353,,,-0.2725360199146753,0.0766005637415118,False,False,False,False,False,False,False
expanded,GEO_GSE327581_COSMX_AD_BRAIN_EXPANDED,2,Hindbrain.inhibitory.neurons,126,expanded::GEO_GSE327581_COSMX_AD_BRAIN_EXPANDED::fold_2::Hindbrain.inhibitory.neurons,0.4083769633507854,0.43979057591623033,0.40625000000000006,0.44670050761421315,0.4421052631578948,,,0.3386243386243386,0.4593301435406698,0.03141361256544495,-0.0069099316979828185,0.033728299807109396,-0.00459524445631837,,,-0.06975262472644678,0.05095318018988443,False,False,False,True,False,True,False
expanded,GEO_GSE327581_COSMX_AD_BRAIN_EXPANDED,2,Hypendymal,44,expanded::GEO_GSE327581_COSMX_AD_BRAIN_EXPANDED::fold_2::Hypendymal,0.3523809523809524,0.3457943925233645,0.3523809523809524,0.38144329896907214,0.3720930232558139,,,0.044444444444444446,0.41340782122905034,-0.006586559857587881,-0.03564890644570762,0.019712070874861487,-0.00935027571325825,,,-0.30793650793650795,0.06102686884809794,False,False,False,False,False,True,False
expanded,GEO_GSE327581_COSMX_AD_BRAIN_EXPANDED,2,Inhibitory.interneurons,113,expanded::GEO_GSE327581_COSMX_AD_BRAIN_EXPANDED::fold_2::Inhibitory.interneurons,0.7461139896373058,0.7473684210526316,0.7395833333333333,0.7301587301587302,0.7513227513227513,,,0.4746835443037975,0.7623762376237623,0.001254431415325774,0.001254431415325774,0.005208761685445484,0.00395433027011971,,,-0.2714304453335083,0.01626224798645648,False,False,False,False,False,False,False
expanded,GEO_GSE327581_COSMX_AD_BRAIN_EXPANDED,2,Inhibitory.neurons.amygdala,169,expanded::GEO_GSE327581_COSMX_AD_BRAIN_EXPANDED::fold_2::Inhibitory.neurons.amygdala,0.5666666666666667,0.5785123966942148,0.575,0.5991902834008097,0.5726141078838174,,,0.011764705882352941,0.48214285714285715,0.011845730027548185,-0.020677886706594872,0.00594744121715074,-0.026576175516992318,,,-0.5549019607843138,-0.0845238095238095,False,False,False,True,False,False,False
expanded,GEO_GSE327581_COSMX_AD_BRAIN_EXPANDED,2,Inhibitory.neurons.habenula.hypothalamus,172,expanded::GEO_GSE327581_COSMX_AD_BRAIN_EXPANDED::fold_2::Inhibitory.neurons.habenula.hypothalamus,0.39647577092511016,0.40358744394618834,0.3938053097345133,0.39565217391304347,0.39293598233995586,,,0.1716171617161716,0.3668639053254438,0.00711167302107818,0.00711167302107818,-0.003539788585154302,-0.010651461606232482,,,-0.22485860920893855,-0.029611865599666387,False,False,False,False,False,False,False
expanded,GEO_GSE327581_COSMX_AD_BRAIN_EXPANDED,2,Inhibitory.neurons.habenula.thalamus,190,expanded::GEO_GSE327581_COSMX_AD_BRAIN_EXPANDED::fold_2::Inhibitory.neurons.habenula.thalamus,0.13270142180094785,0.14018691588785046,0.14953271028037382,0.12560386473429952,0.14084507042253522,,,0.0,0.18433179723502305,0.007485494086902605,-0.009345794392523366,0.008143648621587368,-0.008687639857838603,,,-0.13270142180094785,0.0516303754340752,False,False,False,False,False,False,False
expanded,GEO_GSE327581_COSMX_AD_BRAIN_EXPANDED,2,Inhibitory.neurons.reticular.nucleus,133,expanded::GEO_GSE327581_COSMX_AD_BRAIN_EXPANDED::fold_2::Inhibitory.neurons.reticular.nucleus,0.5245901639344263,0.5490196078431373,0.5213270142180095,0.5371702637889688,0.5481481481481482,,,0.5116279069767442,0.4988235294117647,0.024429443908711046,0.011849344054168487,0.023557984213721905,-0.0008714596949891407,,,-0.01296225695768205,-0.025766634522661536,True,False,False,True,False,True,False
expanded,GEO_GSE327581_COSMX_AD_BRAIN_EXPANDED,2,Interneuron.selective.interneurons,175,expanded::GEO_GSE327581_COSMX_AD_BRAIN_EXPANDED::fold_2::Interneuron.selective.interneurons,0.4473684210526316,0.4473684210526316,0.46351931330472096,0.4473684210526316,0.44541484716157204,,,0.37918215613382894,0.45021645021645024,0.0,-0.016150892252089377,-0.0019535738910595457,-0.018104466143148923,,,-0.06818626491880264,0.002848029163818655,False,False,False,False,False,False,False
expanded,GEO_GSE327581_COSMX_AD_BRAIN_EXPANDED,2,Interneurons,141,expanded::GEO_GSE327581_COSMX_AD_BRAIN_EXPANDED::fold_2::Interneurons,0.8391608391608392,0.8344827586206897,0.8450704225352114,0.8219178082191781,0.8395904436860069,,,0.43130990415335463,0.7723342939481269,-0.00467808054014951,-0.010587663914521706,0.00042960452516771497,-0.005479978849204481,,,-0.40785093500748454,-0.06682654521271225,False,False,False,False,False,False,False
expanded,GEO_GSE327581_COSMX_AD_BRAIN_EXPANDED,2,Mature.oligodendrocytes,105,expanded::GEO_GSE327581_COSMX_AD_BRAIN_EXPANDED::fold_2::Mature.oligodendrocytes,0.0,0.0,0.0,0.0,0.0,,,0.0,0.0,0.0,0.0,0.0,0.0,,,0.0,0.0,False,False,False,False,False,False,False
expanded,GEO_GSE327581_COSMX_AD_BRAIN_EXPANDED,2,Microglia,106,expanded::GEO_GSE327581_COSMX_AD_BRAIN_EXPANDED::fold_2::Microglia,0.6623376623376623,0.6938775510204082,0.6389776357827476,0.696551724137931,0.6822742474916388,,,0.6375838926174496,0.6451612903225806,0.03153988868274582,-0.0026741731175228267,0.01993658515397645,-0.014277476646292198,,,-0.024753769720212704,-0.01717637201508171,False,False,False,True,False,True,False
expanded,GEO_GSE327581_COSMX_AD_BRAIN_EXPANDED,2,Myelin.forming.oligodendrocytes,97,expanded::GEO_GSE327581_COSMX_AD_BRAIN_EXPANDED::fold_2::Myelin.forming.oligodendrocytes,0.0,0.0,0.0,0.0,0.0,,,0.0,0.0,0.0,0.0,0.0,0.0,,,0.0,0.0,False,False,False,False,False,False,False
expanded,GEO_GSE327581_COSMX_AD_BRAIN_EXPANDED,2,Neuroblasts,118,expanded::GEO_GSE327581_COSMX_AD_BRAIN_EXPANDED::fold_2::Neuroblasts,0.4645161290322581,0.48101265822784806,0.43421052631578944,0.5389221556886227,0.4713375796178344,,,0.1984732824427481,0.45454545454545453,0.01649652919558997,-0.05790949746077462,0.006821450585576316,-0.06758457607078827,,,-0.26604284658951,-0.009970674486803555,False,False,False,True,False,False,False
expanded,GEO_GSE327581_COSMX_AD_BRAIN_EXPANDED,2,Neurogliaform.cells,100,expanded::GEO_GSE327581_COSMX_AD_BRAIN_EXPANDED::fold_2::Neurogliaform.cells,0.7282608695652173,0.716577540106952,0.7431693989071038,0.7195767195767195,0.7096774193548386,,,0.39226519337016574,0.6122448979591838,-0.011683329458265335,-0.026591858800151802,-0.01858345021037866,-0.03349197955226513,,,-0.33599567619505155,-0.1160159716060335,False,False,False,False,True,False,True
expanded,GEO_GSE327581_COSMX_AD_BRAIN_EXPANDED,2,Newly.formed.oligodendrocytes,99,expanded::GEO_GSE327581_COSMX_AD_BRAIN_EXPANDED::fold_2::Newly.formed.oligodendrocytes,0.6013986013986014,0.6164383561643836,0.589041095890411,0.5915492957746479,0.6068965517241379,,,0.05882352941176471,0.5112781954887218,0.015039754765782232,0.015039754765782232,0.005497950325536571,-0.00954180444024566,,,-0.5425750719868366,-0.09012040590987958,True,False,False,True,False,False,False
expanded,GEO_GSE327581_COSMX_AD_BRAIN_EXPANDED,2,Olfactory.bulb.inhibitory.neurons,127,expanded::GEO_GSE327581_COSMX_AD_BRAIN_EXPANDED::fold_2::Olfactory.bulb.inhibitory.neurons,0.641711229946524,0.6262626262626263,0.6368421052631579,0.6375321336760925,0.6370757180156658,,,0.46808510638297873,0.6734006734006734,-0.015448603683897666,-0.015448603683897666,-0.004635511930858205,-0.004635511930858205,,,-0.17362612356354523,0.03168944345414948,False,False,False,False,True,False,False
expanded,GEO_GSE327581_COSMX_AD_BRAIN_EXPANDED,2,Olfactory.ensheathing.cells,162,expanded::GEO_GSE327581_COSMX_AD_BRAIN_EXPANDED::fold_2::Olfactory.ensheathing.cells,0.37623762376237624,0.41545893719806765,0.33,0.3663366336633664,0.4134615384615385,,,0.048192771084337345,0.326530612244898,0.03922131343569141,0.03922131343569141,0.03722391469916225,-0.0019973987365291546,,,-0.3280448526780389,-0.04970701151747825,True,False,False,True,False,True,False
expanded,GEO_GSE327581_COSMX_AD_BRAIN_EXPANDED,2,Oligodendrocyte.precursor.cells,102,expanded::GEO_GSE327581_COSMX_AD_BRAIN_EXPANDED::fold_2::Oligodendrocyte.precursor.cells,0.9186602870813397,0.9019607843137255,0.9029126213592232,0.8932038834951457,0.9126213592233009,,,0.6473988439306358,0.9134615384615385,-0.016699502767614227,-0.016699502767614227,-0.006038927858038834,-0.006038927858038834,,,-0.2712614431507039,-0.005198748619801186,False,False,False,False,True,False,False
expanded,GEO_GSE327581_COSMX_AD_BRAIN_EXPANDED,2,Peptidergic.neurons,170,expanded::GEO_GSE327581_COSMX_AD_BRAIN_EXPANDED::fold_2::Peptidergic.neurons,0.4463519313304721,0.4701195219123506,0.42914979757085014,0.45901639344262296,0.46586345381526106,,,0.0,0.3739130434782609,0.02376759058187855,0.011103128469727663,0.01951152248478899,-0.00425606809708956,,,-0.4463519313304721,-0.0724388878522112,True,False,False,True,False,True,False
expanded,GEO_GSE327581_COSMX_AD_BRAIN_EXPANDED,2,Pericytes,114,expanded::GEO_GSE327581_COSMX_AD_BRAIN_EXPANDED::fold_2::Pericytes,0.5320197044334976,0.5797101449275363,0.5643564356435643,0.5217391304347826,0.5841584158415842,,,0.2814814814814815,0.5670103092783505,0.0476904404940387,0.01535370928397195,0.05213871140808668,0.00444827091404798,,,-0.25053822295201605,0.034990604844852946,True,False,False,True,False,True,False
expanded,GEO_GSE327581_COSMX_AD_BRAIN_EXPANDED,2,Perivascular.macrophages,113,expanded::GEO_GSE327581_COSMX_AD_BRAIN_EXPANDED::fold_2::Perivascular.macrophages,0.048,0.0923076923076923,0.12403100775193798,0.15602836879432624,0.12903225806451613,,,0.0,0.0,0.0443076923076923,-0.06372067648663395,0.08103225806451612,-0.02699611072981012,,,-0.048,-0.048,False,False,False,True,False,True,False
expanded,GEO_GSE327581_COSMX_AD_BRAIN_EXPANDED,2,Purkinje.cells,143,expanded::GEO_GSE327581_COSMX_AD_BRAIN_EXPANDED::fold_2::Purkinje.cells,0.8679245283018867,0.8408408408408409,0.8679245283018867,0.813953488372093,0.8571428571428571,,,0.5408163265306123,0.9148936170212766,-0.027083687461045836,-0.027083687461045836,-0.010781671159029615,-0.010781671159029615,,,-0.3271082017712744,0.04696908871938987,False,False,False,False,True,False,True
expanded,GEO_GSE327581_COSMX_AD_BRAIN_EXPANDED,2,Radial.glia,110,expanded::GEO_GSE327581_COSMX_AD_BRAIN_EXPANDED::fold_2::Radial.glia,0.1589958158995816,0.13023255813953485,0.14345991561181437,0.14414414414414412,0.1345291479820628,,,0.018018018018018018,0.1764705882352941,-0.028763257760046734,-0.028763257760046734,-0.02446666791751878,-0.02446666791751878,,,-0.14097779788156356,0.017474772335712513,False,False,False,False,True,False,True
expanded,GEO_GSE327581_COSMX_AD_BRAIN_EXPANDED,2,Serotonergic.neurons,121,expanded::GEO_GSE327581_COSMX_AD_BRAIN_EXPANDED::fold_2::Serotonergic.neurons,0.31794871794871793,0.31794871794871793,0.328042328042328,0.30845771144278605,0.3147208121827411,,,0.0,0.2777777777777778,0.0,-0.010093610093610095,-0.003227905765976813,-0.013321515859586908,,,-0.31794871794871793,-0.04017094017094014,False,False,False,False,False,False,False
expanded,GEO_GSE327581_COSMX_AD_BRAIN_EXPANDED,2,T.cell,47,expanded::GEO_GSE327581_COSMX_AD_BRAIN_EXPANDED::fold_2::T.cell,0.2933333333333333,0.3007518796992481,0.26760563380281693,0.27972027972027974,0.2773722627737226,,,0.24615384615384614,0.273972602739726,0.007418546365914824,0.007418546365914824,-0.015961070559610657,-0.02337961692552548,,,-0.04717948717948714,-0.019360730593607267,False,False,False,False,False,False,True
expanded,GEO_GSE327581_COSMX_AD_BRAIN_EXPANDED,2,Tanycytes,75,expanded::GEO_GSE327581_COSMX_AD_BRAIN_EXPANDED::fold_2::Tanycytes,0.45679012345679015,0.45679012345679015,0.48750000000000004,0.46341463414634143,0.46913580246913583,,,0.0,0.2982456140350877,0.0,-0.03070987654320989,0.012345679012345678,-0.018364197530864212,,,-0.45679012345679015,-0.15854450942170245,False,False,False,False,False,True,False
expanded,GEO_GSE327581_COSMX_AD_BRAIN_EXPANDED,2,Telencephalon.inhibitory.neurons,118,expanded::GEO_GSE327581_COSMX_AD_BRAIN_EXPANDED::fold_2::Telencephalon.inhibitory.neurons,0.4276729559748428,0.5176470588235295,0.4197530864197531,0.4444444444444445,0.5348837209302325,,,0.3758389261744967,0.38157894736842113,0.08997410284868668,0.07320261437908498,0.10721076495538973,0.01723666210670305,,,-0.05183402980034607,-0.046094008606421655,True,True,False,True,False,True,False
expanded,GEO_GSE327581_COSMX_AD_BRAIN_EXPANDED,2,Vascular.endothelial.cells,95,expanded::GEO_GSE327581_COSMX_AD_BRAIN_EXPANDED::fold_2::Vascular.endothelial.cells,0.5868725868725869,0.5943775100401606,0.5992217898832685,0.5691699604743083,0.5882352941176471,,,0.5434782608695653,0.608695652173913,0.007504923167573674,-0.004844279843107868,0.0013627072450601574,-0.010986495765621385,,,-0.04339432600302162,0.02182306530132605,False,False,False,False,False,False,False
expanded,GEO_GSE327581_COSMX_AD_BRAIN_EXPANDED,2,Vascular.leptomeningeal.cells,101,expanded::GEO_GSE327581_COSMX_AD_BRAIN_EXPANDED::fold_2::Vascular.leptomeningeal.cells,0.7298578199052131,0.7452830188679245,0.7272727272727274,0.7783251231527093,0.7358490566037735,,,0.5070422535211268,0.7487179487179487,0.015425198962711328,-0.03304210428478482,0.005991236698560387,-0.042476066548935765,,,-0.2228155663840864,0.018860128812735577,False,False,False,True,False,False,False
expanded,GEO_GSE327581_COSMX_AD_BRAIN_EXPANDED,2,Vascular.smooth.muscle.cells,118,expanded::GEO_GSE327581_COSMX_AD_BRAIN_EXPANDED::fold_2::Vascular.smooth.muscle.cells,0.7010309278350517,0.7150259067357513,0.717948717948718,0.6979166666666666,0.7244897959183673,,,0.5673076923076924,0.7766990291262135,0.013994978900699562,-0.0029228112129666695,0.023458868083315543,0.0065410779696493115,,,-0.13372323552735932,0.07566810129116175,False,False,False,True,False,True,False
expanded,GEO_GSE327581_COSMX_AD_BRAIN_EXPANDED,3,Astrocytes.Bergmann.glia,7,expanded::GEO_GSE327581_COSMX_AD_BRAIN_EXPANDED::fold_3::Astrocytes.Bergmann.glia,0.0,0.0,0.0,0.0,0.13333333333333333,,,0.012096774193548387,0.014705882352941175,0.0,0.0,0.13333333333333333,0.13333333333333333,,,0.012096774193548387,0.014705882352941175,False,False,False,False,False,False,False
expanded,GEO_GSE327581_COSMX_AD_BRAIN_EXPANDED,3,Astrocytes.cortex.hippocampus,92,expanded::GEO_GSE327581_COSMX_AD_BRAIN_EXPANDED::fold_3::Astrocytes.cortex.hippocampus,0.5714285714285714,0.5813953488372093,0.5599999999999999,0.5714285714285714,0.5614035087719298,,,0.04081632653061224,0.411764705882353,0.009966777408637939,0.009966777408637939,-0.010025062656641603,-0.019991840065279542,,,-0.5306122448979591,-0.15966386554621842,False,False,False,False,False,False,True
expanded,GEO_GSE327581_COSMX_AD_BRAIN_EXPANDED,3,Astrocytes.thalamus.hypothalamus,32,expanded::GEO_GSE327581_COSMX_AD_BRAIN_EXPANDED::fold_3::Astrocytes.thalamus.hypothalamus,0.4666666666666667,0.5423728813559322,0.5,0.4912280701754386,0.5084745762711864,,,0.045454545454545456,0.2857142857142857,0.07570621468926553,0.0423728813559322,0.041807909604519744,-0.03389830508474578,,,-0.4212121212121212,-0.18095238095238098,True,False,False,True,False,True,False
expanded,GEO_GSE327581_COSMX_AD_BRAIN_EXPANDED,3,CCK.interneurons,71,expanded::GEO_GSE327581_COSMX_AD_BRAIN_EXPANDED::fold_3::CCK.interneurons,0.6323529411764706,0.6569343065693432,0.637037037037037,0.6212121212121212,0.6521739130434784,,,0.4090909090909091,0.6433566433566433,0.02458136539287259,0.019897269532306194,0.01982097186700782,-0.00476039352586477,,,-0.22326203208556145,0.01100370218017277,True,False,False,True,False,True,False
expanded,GEO_GSE327581_COSMX_AD_BRAIN_EXPANDED,3,Cajal.Retzius.cells,72,expanded::GEO_GSE327581_COSMX_AD_BRAIN_EXPANDED::fold_3::Cajal.Retzius.cells,0.1037037037037037,0.11382113821138212,0.10169491525423728,0.0979020979020979,0.14285714285714288,,,0.0,0.15028901734104044,0.010117434507678422,0.010117434507678422,0.039153439153439176,0.029036004645760755,,,-0.1037037037037037,0.04658531363733674,True,True,False,True,False,True,False
expanded,GEO_GSE327581_COSMX_AD_BRAIN_EXPANDED,3,Cholinergic.neurons.habenula,22,expanded::GEO_GSE327581_COSMX_AD_BRAIN_EXPANDED::fold_3::Cholinergic.neurons.habenula,0.19999999999999998,0.19999999999999998,0.1904761904761905,0.14634146341463414,0.1951219512195122,,,0.0,0.09302325581395349,0.0,0.0,-0.0048780487804877815,-0.0048780487804877815,,,-0.19999999999999998,-0.1069767441860465,False,False,False,False,False,False,False
expanded,GEO_GSE327581_COSMX_AD_BRAIN_EXPANDED,3,Choroid.plexus.epithelial.cells,27,expanded::GEO_GSE327581_COSMX_AD_BRAIN_EXPANDED::fold_3::Choroid.plexus.epithelial.cells,0.8125,0.8125,0.8125,0.8437499999999999,0.8666666666666665,,,0.3611111111111111,0.7647058823529412,0.0,-0.03124999999999989,0.054166666666666474,0.022916666666666585,,,-0.4513888888888889,-0.047794117647058765,False,True,False,False,False,True,False
expanded,GEO_GSE327581_COSMX_AD_BRAIN_EXPANDED,3,Committed.oligodendrocytes,29,expanded::GEO_GSE327581_COSMX_AD_BRAIN_EXPANDED::fold_3::Committed.oligodendrocytes,0.2411347517730496,0.24285714285714283,0.26086956521739135,0.24817518248175183,0.2411347517730496,,,0.10572687224669604,0.20987654320987656,0.0017223910840932222,-0.018012422360248526,0.0,-0.019734813444341748,,,-0.13540787952635358,-0.031258208563173046,False,False,False,False,False,False,False
expanded,GEO_GSE327581_COSMX_AD_BRAIN_EXPANDED,3,D1.medium.spiny.neurons,31,expanded::GEO_GSE327581_COSMX_AD_BRAIN_EXPANDED::fold_3::D1.medium.spiny.neurons,0.5473684210526316,0.5416666666666666,0.5208333333333334,0.553191489361702,0.5510204081632654,,,0.3586206896551724,0.49572649572649574,-0.0057017543859649855,-0.011524822695035408,0.0036519871106337476,-0.002171081198436675,,,-0.1887477313974592,-0.051641925326135873,False,False,False,False,False,False,False
expanded,GEO_GSE327581_COSMX_AD_BRAIN_EXPANDED,3,D2.medium.spiny.neurons,59,expanded::GEO_GSE327581_COSMX_AD_BRAIN_EXPANDED::fold_3::D2.medium.spiny.neurons,0.6891891891891891,0.6938775510204083,0.6799999999999999,0.6578947368421052,0.6891891891891891,,,0.5901639344262296,0.6805555555555555,0.004688361831219123,0.004688361831219123,0.0,-0.004688361831219123,,,-0.09902525476295954,-0.008633633633633675,False,False,False,False,False,False,False
expanded,GEO_GSE327581_COSMX_AD_BRAIN_EXPANDED,3,Dopaminergic.neurons,15,expanded::GEO_GSE327581_COSMX_AD_BRAIN_EXPANDED::fold_3::Dopaminergic.neurons,0.14285714285714285,0.15789473684210528,0.15384615384615385,0.15,0.15384615384615385,,,0.0,0.0,0.015037593984962433,0.0040485829959514275,0.010989010989011005,-0.0040485829959514275,,,-0.14285714285714285,-0.14285714285714285,False,False,False,True,False,True,False
expanded,GEO_GSE327581_COSMX_AD_BRAIN_EXPANDED,3,Ependymal.cells,17,expanded::GEO_GSE327581_COSMX_AD_BRAIN_EXPANDED::fold_3::Ependymal.cells,0.6470588235294118,0.6666666666666667,0.6486486486486486,0.7058823529411765,0.6153846153846153,,,0.07547169811320754,0.5714285714285715,0.019607843137254943,-0.039215686274509776,-0.03167420814479649,-0.09049773755656121,,,-0.5715871254162043,-0.07563025210084029,False,False,False,True,False,False,True
expanded,GEO_GSE327581_COSMX_AD_BRAIN_EXPANDED,3,Excitatory.neurons.amygdala,105,expanded::GEO_GSE327581_COSMX_AD_BRAIN_EXPANDED::fold_3::Excitatory.neurons.amygdala,0.1217391304347826,0.1217391304347826,0.1680672268907563,0.15517241379310345,0.12068965517241378,,,0.053333333333333344,0.12598425196850394,0.0,-0.04632809645597369,-0.0010494752623688153,-0.047377571718342504,,,-0.06840579710144926,0.0042451215337213355,False,False,False,False,False,False,False
expanded,GEO_GSE327581_COSMX_AD_BRAIN_EXPANDED,3,Excitatory.neurons.di.mesencephalon,3,expanded::GEO_GSE327581_COSMX_AD_BRAIN_EXPANDED::fold_3::Excitatory.neurons.di.mesencephalon,0.0,0.0,0.0,0.0,0.0,,,0.0,0.0,0.0,0.0,0.0,0.0,,,0.0,0.0,False,False,False,False,False,False,False
expanded,GEO_GSE327581_COSMX_AD_BRAIN_EXPANDED,3,Excitatory.neurons.hippocampal.CA1,51,expanded::GEO_GSE327581_COSMX_AD_BRAIN_EXPANDED::fold_3::Excitatory.neurons.hippocampal.CA1,0.6534653465346535,0.6213592233009709,0.6138613861386139,0.6078431372549019,0.6470588235294118,,,0.0,0.7142857142857144,-0.03210612323368256,-0.03210612323368256,-0.006406523005241693,-0.006406523005241693,,,-0.6534653465346535,0.06082036775106092,False,False,False,False,True,False,False
expanded,GEO_GSE327581_COSMX_AD_BRAIN_EXPANDED,3,Excitatory.neurons.hippocampal.CA2,121,expanded::GEO_GSE327581_COSMX_AD_BRAIN_EXPANDED::fold_3::Excitatory.neurons.hippocampal.CA2,0.6435643564356436,0.6728971962616822,0.6146341463414634,0.5652173913043478,0.6859903381642513,,,0.5245901639344263,0.6890756302521008,0.029332839826038626,0.029332839826038626,0.042425981728607676,0.01309314190256905,,,-0.11897419250121732,0.045511273816457254,True,True,False,True,False,True,False
expanded,GEO_GSE327581_COSMX_AD_BRAIN_EXPANDED,3,Excitatory.neurons.hippocampal.CA3,120,expanded::GEO_GSE327581_COSMX_AD_BRAIN_EXPANDED::fold_3::Excitatory.neurons.hippocampal.CA3,0.7272727272727273,0.7171052631578947,0.717607973421927,0.7119741100323624,0.7303754266211604,,,0.0,0.759825327510917,-0.010167464114832603,-0.010167464114832603,0.0031026993484331022,0.0031026993484331022,,,-0.7272727272727273,0.03255260023818973,False,False,False,False,True,False,False
expanded,GEO_GSE327581_COSMX_AD_BRAIN_EXPANDED,3,Excitatory.neurons.layer.1.piriform,19,expanded::GEO_GSE327581_COSMX_AD_BRAIN_EXPANDED::fold_3::Excitatory.neurons.layer.1.piriform,0.07692307692307693,0.07692307692307693,0.08,0.07692307692307693,0.07142857142857142,,,0.0,0.0,0.0,-0.0030769230769230743,-0.005494505494505503,-0.008571428571428577,,,-0.07692307692307693,-0.07692307692307693,False,False,False,False,False,False,False
expanded,GEO_GSE327581_COSMX_AD_BRAIN_EXPANDED,3,Excitatory.neurons.layer.2.3,22,expanded::GEO_GSE327581_COSMX_AD_BRAIN_EXPANDED::fold_3::Excitatory.neurons.layer.2.3,0.0,0.0,0.05882352941176471,0.18749999999999997,0.06666666666666667,,,0.22641509433962262,0.3870967741935483,0.0,-0.18749999999999997,0.06666666666666667,-0.1208333333333333,,,0.22641509433962262,0.3870967741935483,False,False,False,False,False,True,False
expanded,GEO_GSE327581_COSMX_AD_BRAIN_EXPANDED,3,Excitatory.neurons.layer.4,5,expanded::GEO_GSE327581_COSMX_AD_BRAIN_EXPANDED::fold_3::Excitatory.neurons.layer.4,0.045454545454545456,0.0,0.05128205128205128,0.041666666666666664,0.0,,,0.0,0.0,-0.045454545454545456,-0.05128205128205128,-0.045454545454545456,-0.05128205128205128,,,-0.045454545454545456,-0.045454545454545456,False,False,False,False,False,False,False
expanded,GEO_GSE327581_COSMX_AD_BRAIN_EXPANDED,3,Excitatory.neurons.layer.5,25,expanded::GEO_GSE327581_COSMX_AD_BRAIN_EXPANDED::fold_3::Excitatory.neurons.layer.5,0.4,0.42424242424242425,0.40625000000000006,0.3939393939393939,0.4,,,0.07692307692307693,0.5185185185185185,0.024242424242424232,0.0179924242424242,0.0,-0.024242424242424232,,,-0.3230769230769231,0.11851851851851847,True,False,False,True,False,False,False
expanded,GEO_GSE327581_COSMX_AD_BRAIN_EXPANDED,3,Excitatory.neurons.layer.6,5,expanded::GEO_GSE327581_COSMX_AD_BRAIN_EXPANDED::fold_3::Excitatory.neurons.layer.6,0.14634146341463414,0.14285714285714288,0.16666666666666666,0.16216216216216214,0.13636363636363635,,,0.0,0.22222222222222218,-0.0034843205574912606,-0.02380952380952378,-0.009977827050997784,-0.030303030303030304,,,-0.14634146341463414,0.07588075880758804,False,False,False,False,False,False,False
expanded,GEO_GSE327581_COSMX_AD_BRAIN_EXPANDED,3,Excitatory.neurons.telencephalon,103,expanded::GEO_GSE327581_COSMX_AD_BRAIN_EXPANDED::fold_3::Excitatory.neurons.telencephalon,0.24113475177304966,0.25531914893617025,0.26760563380281693,0.25531914893617025,0.24113475177304966,,,0.01923076923076923,0.11666666666666667,0.014184397163120588,-0.012286484866646685,0.0,-0.026470882029767273,,,-0.22190398254228044,-0.12446808510638299,False,False,False,True,False,False,False
expanded,GEO_GSE327581_COSMX_AD_BRAIN_EXPANDED,3,Granule.neurons,21,expanded::GEO_GSE327581_COSMX_AD_BRAIN_EXPANDED::fold_3::Granule.neurons,0.6956521739130435,0.6037735849056604,0.5925925925925926,0.6274509803921569,0.6382978723404256,,,0.1566265060240964,0.5151515151515151,-0.0918785890073831,-0.0918785890073831,-0.057354301572617894,-0.057354301572617894,,,-0.5390256678889471,-0.18050065876152832,False,False,False,False,True,False,True
expanded,GEO_GSE327581_COSMX_AD_BRAIN_EXPANDED,3,Hindbrain.excitatory.neurons,1,expanded::GEO_GSE327581_COSMX_AD_BRAIN_EXPANDED::fold_3::Hindbrain.excitatory.neurons,0.0,0.0,0.0,0.0,0.0,,,0.0,0.0,0.0,0.0,0.0,0.0,,,0.0,0.0,False,False,False,False,False,False,False
expanded,GEO_GSE327581_COSMX_AD_BRAIN_EXPANDED,3,Hindbrain.inhibitory.neurons,4,expanded::GEO_GSE327581_COSMX_AD_BRAIN_EXPANDED::fold_3::Hindbrain.inhibitory.neurons,0.06896551724137932,0.07692307692307693,0.06896551724137932,0.0606060606060606,0.058823529411764705,,,0.0,0.28571428571428575,0.007957559681697604,0.007957559681697604,-0.010141987829614618,-0.018099547511312222,,,-0.06896551724137932,0.21674876847290642,False,False,False,False,False,False,False
expanded,GEO_GSE327581_COSMX_AD_BRAIN_EXPANDED,3,Hypendymal,177,expanded::GEO_GSE327581_COSMX_AD_BRAIN_EXPANDED::fold_3::Hypendymal,0.6713947990543735,0.6651053864168618,0.6698113207547169,0.663551401869159,0.6762589928057554,,,0.011235955056179775,0.7114427860696517,-0.006289412637511704,-0.006289412637511704,0.004864193751381918,0.004864193751381918,,,-0.6601588439981937,0.04004798701527823,False,False,False,False,False,False,False
expanded,GEO_GSE327581_COSMX_AD_BRAIN_EXPANDED,3,Inhibitory.interneurons,51,expanded::GEO_GSE327581_COSMX_AD_BRAIN_EXPANDED::fold_3::Inhibitory.interneurons,0.7450980392156863,0.7619047619047618,0.6972477064220184,0.7524752475247525,0.7619047619047618,,,0.43192488262910794,0.7031250000000001,0.01680672268907546,0.009429514380009274,0.01680672268907546,0.0,,,-0.31317315658657835,-0.04197303921568618,False,False,False,True,False,True,False
expanded,GEO_GSE327581_COSMX_AD_BRAIN_EXPANDED,3,Inhibitory.neurons.amygdala,15,expanded::GEO_GSE327581_COSMX_AD_BRAIN_EXPANDED::fold_3::Inhibitory.neurons.amygdala,0.2424242424242424,0.2580645161290323,0.28571428571428575,0.2424242424242424,0.2580645161290323,,,0.0,0.2222222222222222,0.015640273704789903,-0.027649769585253448,0.015640273704789903,-0.027649769585253448,,,-0.2424242424242424,-0.020202020202020193,False,False,False,True,False,True,False
expanded,GEO_GSE327581_COSMX_AD_BRAIN_EXPANDED,3,Inhibitory.neurons.habenula.hypothalamus,30,expanded::GEO_GSE327581_COSMX_AD_BRAIN_EXPANDED::fold_3::Inhibitory.neurons.habenula.hypothalamus,0.30379746835443044,0.3076923076923077,0.30379746835443044,0.26315789473684204,0.3116883116883116,,,0.15107913669064746,0.24657534246575347,0.003894839337877265,0.003894839337877265,0.007890843333881181,0.003996003996003916,,,-0.15271833166378299,-0.05722212588867698,False,False,False,False,False,False,False
expanded,GEO_GSE327581_COSMX_AD_BRAIN_EXPANDED,3,Inhibitory.neurons.habenula.thalamus,5,expanded::GEO_GSE327581_COSMX_AD_BRAIN_EXPANDED::fold_3::Inhibitory.neurons.habenula.thalamus,0.0,0.0,0.0,0.0,0.0,,,0.0,0.0,0.0,0.0,0.0,0.0,,,0.0,0.0,False,False,False,False,False,False,False
expanded,GEO_GSE327581_COSMX_AD_BRAIN_EXPANDED,3,Inhibitory.neurons.reticular.nucleus,32,expanded::GEO_GSE327581_COSMX_AD_BRAIN_EXPANDED::fold_3::Inhibitory.neurons.reticular.nucleus,0.4778761061946903,0.4909090909090909,0.4954128440366973,0.47368421052631576,0.4909090909090909,,,0.0,0.4938271604938272,0.01303298471440062,-0.004503753127606369,0.01303298471440062,-0.004503753127606369,,,-0.4778761061946903,0.015951054299136902,False,False,False,True,False,True,False
expanded,GEO_GSE327581_COSMX_AD_BRAIN_EXPANDED,3,Interneuron.selective.interneurons,25,expanded::GEO_GSE327581_COSMX_AD_BRAIN_EXPANDED::fold_3::Interneuron.selective.interneurons,0.3846153846153846,0.3636363636363636,0.33898305084745767,0.4230769230769231,0.33962264150943394,,,0.04,0.17857142857142855,-0.02097902097902099,-0.05944055944055948,-0.04499274310595064,-0.08345428156748913,,,-0.3446153846153846,-0.20604395604395603,False,False,False,False,True,False,True
expanded,GEO_GSE327581_COSMX_AD_BRAIN_EXPANDED,3,Interneurons,1,expanded::GEO_GSE327581_COSMX_AD_BRAIN_EXPANDED::fold_3::Interneurons,0.07999999999999999,0.08333333333333333,0.07999999999999999,0.07692307692307693,0.07407407407407407,,,0.0,0.0689655172413793,0.003333333333333341,0.003333333333333341,-0.005925925925925918,-0.009259259259259259,,,-0.07999999999999999,-0.011034482758620692,False,False,False,False,False,False,False
expanded,GEO_GSE327581_COSMX_AD_BRAIN_EXPANDED,3,Mature.oligodendrocytes,66,expanded::GEO_GSE327581_COSMX_AD_BRAIN_EXPANDED::fold_3::Mature.oligodendrocytes,0.02985074626865672,0.0,0.02985074626865672,0.02985074626865672,0.029411764705882356,,,0.0,0.0,-0.02985074626865672,-0.02985074626865672,-0.0004389815627743633,-0.0004389815627743633,,,-0.02985074626865672,-0.02985074626865672,False,False,False,False,True,False,False
expanded,GEO_GSE327581_COSMX_AD_BRAIN_EXPANDED,3,Microglia,50,expanded::GEO_GSE327581_COSMX_AD_BRAIN_EXPANDED::fold_3::Microglia,0.5333333333333333,0.5641025641025641,0.48648648648648646,0.496,0.5289256198347108,,,0.39669421487603307,0.6164383561643836,0.03076923076923077,0.03076923076923077,-0.0044077134986225674,-0.03517694426785334,,,-0.13663911845730026,0.08310502283105026,True,False,False,True,False,False,False
expanded,GEO_GSE327581_COSMX_AD_BRAIN_EXPANDED,3,Myelin.forming.oligodendrocytes,44,expanded::GEO_GSE327581_COSMX_AD_BRAIN_EXPANDED::fold_3::Myelin.forming.oligodendrocytes,0.04347826086956522,0.04347826086956522,0.04255319148936171,0.08333333333333334,0.04347826086956522,,,0.0,0.0,0.0,-0.03985507246376812,0.0,-0.03985507246376812,,,-0.04347826086956522,-0.04347826086956522,False,False,False,False,False,False,False
expanded,GEO_GSE327581_COSMX_AD_BRAIN_EXPANDED,3,Neuroblasts,45,expanded::GEO_GSE327581_COSMX_AD_BRAIN_EXPANDED::fold_3::Neuroblasts,0.2028985507246377,0.15151515151515152,0.1739130434782609,0.21875,0.12121212121212122,,,0.0,0.18918918918918917,-0.051383399209486175,-0.06723484848484848,-0.08168642951251648,-0.09753787878787878,,,-0.2028985507246377,-0.013709361535448522,False,False,False,False,True,False,True
expanded,GEO_GSE327581_COSMX_AD_BRAIN_EXPANDED,3,Neurogliaform.cells,59,expanded::GEO_GSE327581_COSMX_AD_BRAIN_EXPANDED::fold_3::Neurogliaform.cells,0.6990291262135923,0.6796116504854368,0.6603773584905661,0.6464646464646464,0.6599999999999999,,,0.45312499999999994,0.6434782608695652,-0.019417475728155442,-0.019417475728155442,-0.039029126213592336,-0.039029126213592336,,,-0.2459041262135923,-0.05555086534402709,False,False,False,False,True,False,True
expanded,GEO_GSE327581_COSMX_AD_BRAIN_EXPANDED,3,Newly.formed.oligodendrocytes,71,expanded::GEO_GSE327581_COSMX_AD_BRAIN_EXPANDED::fold_3::Newly.formed.oligodendrocytes,0.4210526315789474,0.42857142857142855,0.4329896907216495,0.4166666666666667,0.4421052631578947,,,0.3673469387755102,0.4489795918367347,0.007518796992481147,-0.004418262150220953,0.021052631578947323,0.009115572436245223,,,-0.05370569280343718,0.027926960257787292,False,False,False,False,False,True,False
expanded,GEO_GSE327581_COSMX_AD_BRAIN_EXPANDED,3,Olfactory.bulb.inhibitory.neurons,1,expanded::GEO_GSE327581_COSMX_AD_BRAIN_EXPANDED::fold_3::Olfactory.bulb.inhibitory.neurons,0.0,0.0,0.03389830508474576,0.0,0.0,,,0.0,0.0,0.0,-0.03389830508474576,0.0,-0.03389830508474576,,,0.0,0.0,False,False,False,False,False,False,False
expanded,GEO_GSE327581_COSMX_AD_BRAIN_EXPANDED,3,Olfactory.ensheathing.cells,42,expanded::GEO_GSE327581_COSMX_AD_BRAIN_EXPANDED::fold_3::Olfactory.ensheathing.cells,0.12244897959183672,0.12244897959183672,0.12,0.125,0.1568627450980392,,,0.0425531914893617,0.0851063829787234,0.0,-0.002551020408163282,0.034413765506202496,0.031862745098039214,,,-0.07989578810247502,-0.037342596613113316,False,True,False,False,False,True,False
expanded,GEO_GSE327581_COSMX_AD_BRAIN_EXPANDED,3,Oligodendrocyte.precursor.cells,48,expanded::GEO_GSE327581_COSMX_AD_BRAIN_EXPANDED::fold_3::Oligodendrocyte.precursor.cells,0.742857142857143,0.75,0.742857142857143,0.737864077669903,0.7619047619047619,,,0.3505154639175258,0.7522935779816513,0.0071428571428570065,0.0071428571428570065,0.01904761904761887,0.011904761904761862,,,-0.3923416789396172,0.009436435124508313,False,True,False,False,False,True,False
expanded,GEO_GSE327581_COSMX_AD_BRAIN_EXPANDED,3,Peptidergic.neurons,26,expanded::GEO_GSE327581_COSMX_AD_BRAIN_EXPANDED::fold_3::Peptidergic.neurons,0.17857142857142855,0.18867924528301885,0.19607843137254902,0.2,0.18867924528301885,,,0.07547169811320754,0.08333333333333334,0.010107816711590306,-0.011320754716981157,0.010107816711590306,-0.011320754716981157,,,-0.103099730458221,-0.0952380952380952,False,False,False,True,False,True,False
expanded,GEO_GSE327581_COSMX_AD_BRAIN_EXPANDED,3,Pericytes,63,expanded::GEO_GSE327581_COSMX_AD_BRAIN_EXPANDED::fold_3::Pericytes,0.5333333333333333,0.5420560747663551,0.5436893203883495,0.5523809523809524,0.5454545454545455,,,0.029411764705882353,0.5490196078431373,0.008722741433021763,-0.010324877614597328,0.0121212121212122,-0.006926406926406892,,,-0.503921568627451,0.015686274509803977,False,False,False,False,False,True,False
expanded,GEO_GSE327581_COSMX_AD_BRAIN_EXPANDED,3,Perivascular.macrophages,48,expanded::GEO_GSE327581_COSMX_AD_BRAIN_EXPANDED::fold_3::Perivascular.macrophages,0.5473684210526316,0.5148514851485149,0.5048543689320388,0.4782608695652174,0.5473684210526316,,,0.0,0.4776119402985075,-0.03251693590411675,-0.03251693590411675,0.0,0.0,,,-0.5473684210526316,-0.0697564807541241,False,False,False,False,True,False,False
expanded,GEO_GSE327581_COSMX_AD_BRAIN_EXPANDED,3,Purkinje.cells,2,expanded::GEO_GSE327581_COSMX_AD_BRAIN_EXPANDED::fold_3::Purkinje.cells,0.16,0.08,0.09523809523809525,0.1904761904761905,0.125,,,0.22222222222222224,0.5,-0.08,-0.11047619047619049,-0.035,-0.0654761904761905,,,0.062222222222222234,0.33999999999999997,False,False,False,False,False,False,False
expanded,GEO_GSE327581_COSMX_AD_BRAIN_EXPANDED,3,Radial.glia,96,expanded::GEO_GSE327581_COSMX_AD_BRAIN_EXPANDED::fold_3::Radial.glia,0.11678832116788321,0.13138686131386862,0.11764705882352941,0.13333333333333333,0.14084507042253522,,,0.0,0.05555555555555555,0.014598540145985411,-0.0019464720194647123,0.02405674925465201,0.007511737089201886,,,-0.11678832116788321,-0.061232765612327655,False,False,False,True,False,True,False
expanded,GEO_GSE327581_COSMX_AD_BRAIN_EXPANDED,3,Serotonergic.neurons,74,expanded::GEO_GSE327581_COSMX_AD_BRAIN_EXPANDED::fold_3::Serotonergic.neurons,0.2912621359223301,0.3018867924528302,0.3018867924528302,0.27184466019417475,0.3047619047619048,,,0.41269841269841273,0.31067961165048547,0.010624656530500098,0.0,0.01349976883957471,0.0028751123090746122,,,0.12143627677608265,0.019417475728155387,False,False,False,True,False,True,False
expanded,GEO_GSE327581_COSMX_AD_BRAIN_EXPANDED,3,T.cell,128,expanded::GEO_GSE327581_COSMX_AD_BRAIN_EXPANDED::fold_3::T.cell,0.2352941176470588,0.23214285714285712,0.21917808219178084,0.2290748898678414,0.2545454545454546,,,0.030534351145038167,0.1801801801801802,-0.0031512605042016695,-0.0031512605042016695,0.019251336898395782,0.019251336898395782,,,-0.20475976650202063,-0.05511393746687859,False,True,False,False,False,True,False
expanded,GEO_GSE327581_COSMX_AD_BRAIN_EXPANDED,3,Tanycytes,90,expanded::GEO_GSE327581_COSMX_AD_BRAIN_EXPANDED::fold_3::Tanycytes,0.20168067226890754,0.20168067226890754,0.18803418803418803,0.20338983050847456,0.20512820512820512,,,0.042105263157894736,0.1308411214953271,0.0,-0.0017091582395670213,0.0034475328592975807,0.0017383746197305594,,,-0.1595754091110128,-0.07083955077358045,False,False,False,False,False,False,False
expanded,GEO_GSE327581_COSMX_AD_BRAIN_EXPANDED,3,Telencephalon.inhibitory.neurons,40,expanded::GEO_GSE327581_COSMX_AD_BRAIN_EXPANDED::fold_3::Telencephalon.inhibitory.neurons,0.3389830508474576,0.3448275862068966,0.2857142857142857,0.3,0.32786885245901637,,,0.0,0.2222222222222222,0.005844535359438963,0.005844535359438963,-0.011114198388441243,-0.016958733747880206,,,-0.3389830508474576,-0.1167608286252354,False,False,False,False,False,False,True
expanded,GEO_GSE327581_COSMX_AD_BRAIN_EXPANDED,3,Vascular.endothelial.cells,75,expanded::GEO_GSE327581_COSMX_AD_BRAIN_EXPANDED::fold_3::Vascular.endothelial.cells,0.6388888888888888,0.6418604651162791,0.6296296296296297,0.6272727272727273,0.6330275229357798,,,0.04938271604938272,0.6699029126213593,0.0029715762273903046,0.0029715762273903046,-0.005861365953109043,-0.008832942180499348,,,-0.5895061728395061,0.03101402373247042,False,False,False,False,False,False,False
expanded,GEO_GSE327581_COSMX_AD_BRAIN_EXPANDED,3,Vascular.leptomeningeal.cells,52,expanded::GEO_GSE327581_COSMX_AD_BRAIN_EXPANDED::fold_3::Vascular.leptomeningeal.cells,0.7222222222222223,0.7222222222222223,0.7289719626168225,0.7207207207207208,0.7358490566037735,,,0.3013698630136986,0.7272727272727274,0.0,-0.00674974039460019,0.013626834381551212,0.006877093986951022,,,-0.4208523592085237,0.005050505050505083,False,False,False,False,False,True,False
expanded,GEO_GSE327581_COSMX_AD_BRAIN_EXPANDED,3,Vascular.smooth.muscle.cells,50,expanded::GEO_GSE327581_COSMX_AD_BRAIN_EXPANDED::fold_3::Vascular.smooth.muscle.cells,0.7070707070707072,0.7142857142857142,0.7216494845360825,0.7083333333333334,0.7346938775510204,,,0.1891891891891892,0.7,0.007215007215007008,-0.007363770250368273,0.027623170480313264,0.013044393014937983,,,-0.5178815178815179,-0.007070707070707227,False,True,False,False,False,True,False
expanded,GEO_GSE333737_MERSCOPE_PANCREAS_VASCULAR_EXPANDED,1,Endothelial Cells,4960,expanded::GEO_GSE333737_MERSCOPE_PANCREAS_VASCULAR_EXPANDED::fold_1::Endothelial Cells,0.8499380839806371,0.8363180107220257,0.8430239147682195,0.8351773696817612,0.8363926576217078,,,0.8437571071184898,0.8475189329716288,-0.013620073258611365,-0.013620073258611365,-0.013545426358929302,-0.013545426358929302,,,-0.006180976862147247,-0.002419151009008247,False,False,False,False,True,False,True
expanded,GEO_GSE333737_MERSCOPE_PANCREAS_VASCULAR_EXPANDED,1,Fibroblasts,2286,expanded::GEO_GSE333737_MERSCOPE_PANCREAS_VASCULAR_EXPANDED::fold_1::Fibroblasts,0.7692000797925395,0.7782591571484837,0.7571935356720537,0.7715086034413765,0.7835909631391201,,,0.7723494830731806,0.7735094037615046,0.009059077355944245,0.006750553707107199,0.014390883346580674,0.005331805990636429,,,0.003149403280641172,0.004309323968965106,False,False,False,False,False,True,False
expanded,GEO_GSE333737_MERSCOPE_PANCREAS_VASCULAR_EXPANDED,1,Islet-associated Fibroblasts,921,expanded::GEO_GSE333737_MERSCOPE_PANCREAS_VASCULAR_EXPANDED::fold_1::Islet-associated Fibroblasts,0.38640973630831643,0.39961296565070153,0.37390857729840776,0.4050978607191625,0.4041944709246902,,,0.411875589066918,0.404099560761347,0.013203229342385103,-0.005484895068460949,0.017784734616373754,-0.000903389794472298,,,0.02546585275860158,0.017689824453030578,False,False,False,True,False,True,False
expanded,GEO_GSE333737_MERSCOPE_PANCREAS_VASCULAR_EXPANDED,1,Pericytes,1948,expanded::GEO_GSE333737_MERSCOPE_PANCREAS_VASCULAR_EXPANDED::fold_1::Pericytes,0.677670793214122,0.6841130152848541,0.6771545827633378,0.6696344892221182,0.6808806488991888,,,0.6710796621775851,0.6831180811808119,0.006442222070732084,0.006442222070732084,0.0032098556850667093,-0.003232366385665375,,,-0.006591131036536968,0.005447287966689807,False,False,False,False,False,False,False
expanded,GEO_GSE333737_MERSCOPE_PANCREAS_VASCULAR_EXPANDED,2,Endothelial Cells,3539,expanded::GEO_GSE333737_MERSCOPE_PANCREAS_VASCULAR_EXPANDED::fold_2::Endothelial Cells,0.8958573072497124,0.8928571428571428,0.8969609261939218,0.8928571428571428,0.88988698927847,,,0.9015938002631964,0.9022447501810282,-0.00300016439256956,-0.0041037833367789656,-0.005970317971242367,-0.007073936915451773,,,0.005736493013484001,0.006387442931315879,False,False,False,False,False,False,False
expanded,GEO_GSE333737_MERSCOPE_PANCREAS_VASCULAR_EXPANDED,2,Fibroblasts,2703,expanded::GEO_GSE333737_MERSCOPE_PANCREAS_VASCULAR_EXPANDED::fold_2::Fibroblasts,0.7387817038803381,0.7420042643923241,0.7333190302510192,0.7420042643923241,0.7360578969774372,,,0.7694267515923567,0.75825117873982,0.0032225605119859946,0.0,-0.0027238069029009715,-0.005946367414886966,,,0.03064504771201859,0.019469474859481806,False,False,False,False,False,False,False
expanded,GEO_GSE333737_MERSCOPE_PANCREAS_VASCULAR_EXPANDED,2,Islet-associated Fibroblasts,639,expanded::GEO_GSE333737_MERSCOPE_PANCREAS_VASCULAR_EXPANDED::fold_2::Islet-associated Fibroblasts,0.3985973115137347,0.40525114155251146,0.38563983786913725,0.40525114155251146,0.4022922636103152,,,0.4599388379204893,0.43809523809523815,0.006653830038776787,0.0,0.0036949520965805505,-0.0029588779421962363,,,0.06134152640675461,0.03949792658150347,False,False,False,False,False,False,False
expanded,GEO_GSE333737_MERSCOPE_PANCREAS_VASCULAR_EXPANDED,2,Pericytes,1581,expanded::GEO_GSE333737_MERSCOPE_PANCREAS_VASCULAR_EXPANDED::fold_2::Pericytes,0.6896929824561403,0.6905954368391765,0.6911196911196911,0.6905954368391765,0.6873428331936294,,,0.718716577540107,0.7133133678192213,0.0009024543830361553,-0.0005242542805146133,-0.00235014926251087,-0.0037768579260616386,,,0.02902359508396668,0.023620385363080976,False,False,False,False,False,False,False
expanded,GEO_GSE333737_MERSCOPE_PANCREAS_VASCULAR_EXPANDED,3,Endothelial Cells,2673,expanded::GEO_GSE333737_MERSCOPE_PANCREAS_VASCULAR_EXPANDED::fold_3::Endothelial Cells,0.8766633565044688,0.871465811108883,0.8741035856573707,0.871465811108883,0.8719182200841852,,,0.8830960497292962,0.8839800995024875,-0.005197545395585812,-0.005197545395585812,-0.004745136420283624,-0.004745136420283624,,,0.006432693224827424,0.007316742998018655,False,False,False,False,False,False,False
expanded,GEO_GSE333737_MERSCOPE_PANCREAS_VASCULAR_EXPANDED,3,Fibroblasts,1414,expanded::GEO_GSE333737_MERSCOPE_PANCREAS_VASCULAR_EXPANDED::fold_3::Fibroblasts,0.7984017435524883,0.77863154043176,0.7688405797101449,0.77863154043176,0.7852494577006507,,,0.8111111111111111,0.8104143747708104,-0.019770203120728302,-0.019770203120728302,-0.013152285851837586,-0.013152285851837586,,,0.012709367558622842,0.012012631218322078,False,False,False,False,True,False,True
expanded,GEO_GSE333737_MERSCOPE_PANCREAS_VASCULAR_EXPANDED,3,Islet-associated Fibroblasts,323,expanded::GEO_GSE333737_MERSCOPE_PANCREAS_VASCULAR_EXPANDED::fold_3::Islet-associated Fibroblasts,0.4837310195227766,0.45356793743890517,0.45425867507886436,0.45356793743890517,0.4703517587939699,,,0.50814332247557,0.49294245385450597,-0.030163082083871418,-0.030163082083871418,-0.013379260728806686,-0.013379260728806686,,,0.024412302952793452,0.009211434331729385,False,False,False,False,True,False,True
expanded,GEO_GSE333737_MERSCOPE_PANCREAS_VASCULAR_EXPANDED,3,Pericytes,1235,expanded::GEO_GSE333737_MERSCOPE_PANCREAS_VASCULAR_EXPANDED::fold_3::Pericytes,0.7589147286821705,0.7601099332548095,0.7534193044157875,0.7601099332548095,0.7519685039370078,,,0.7770320656226697,0.7680550248376002,0.001195204572638997,0.0,-0.00694622474516271,-0.008141429317801707,,,0.018117336940499218,0.009140296155429772,False,False,False,False,False,False,False
expanded,GSE202623_CELLTYPE_EXPANDED,1,Astrocytes,330,expanded::GSE202623_CELLTYPE_EXPANDED::fold_1::Astrocytes,0.8104956268221575,0.8256333830104321,0.8256333830104321,0.8120300751879699,0.8165680473372781,,,0.7893915756630266,0.8271787296898081,0.01513775618827462,0.0,0.00607242051512058,-0.00906533567315404,,,-0.021104051159130832,0.016683102867650623,False,False,False,True,False,False,False
expanded,GSE202623_CELLTYPE_EXPANDED,1,CA1-ProS,15,expanded::GSE202623_CELLTYPE_EXPANDED::fold_1::CA1-ProS,0.11244979919678715,0.10566037735849057,0.10769230769230768,0.1272727272727273,0.1033210332103321,,,0.05633802816901408,0.14814814814814814,-0.006789421838296575,-0.021612349914236717,-0.00912876598645504,-0.023951694062395182,,,-0.056111771027773066,0.035698348951360995,False,False,False,False,False,False,False
expanded,GSE202623_CELLTYPE_EXPANDED,1,CA3,290,expanded::GSE202623_CELLTYPE_EXPANDED::fold_1::CA3,0.5874840357598979,0.5743073047858942,0.5710691823899371,0.5359628770301624,0.5757575757575757,,,0.7321428571428571,0.6545961002785515,-0.013176730974003736,-0.013176730974003736,-0.011726460002322248,-0.011726460002322248,,,0.14465882138295916,0.06711206451865359,False,False,False,False,True,False,True
expanded,GSE202623_CELLTYPE_EXPANDED,1,CR,72,expanded::GSE202623_CELLTYPE_EXPANDED::fold_1::CR,0.16748768472906403,0.2046511627906977,0.20754716981132076,0.16753926701570682,0.19512195121951217,,,0.0,0.189873417721519,0.03716347806163367,-0.002896007020623065,0.027634266490448145,-0.01242521859180859,,,-0.16748768472906403,0.02238573299245497,False,False,False,True,False,True,False
expanded,GSE202623_CELLTYPE_EXPANDED,1,Car3,289,expanded::GSE202623_CELLTYPE_EXPANDED::fold_1::Car3,0.6798245614035088,0.6899563318777293,0.6941431670281997,0.6898047722342732,0.6885964912280702,,,0.3099415204678363,0.639080459770115,0.010131770474220536,-0.004186835150470358,0.00877192982456143,-0.005546675800129464,,,-0.3698830409356725,-0.040744101633393814,False,False,False,True,False,False,False
expanded,GSE202623_CELLTYPE_EXPANDED,1,Chat,349,expanded::GSE202623_CELLTYPE_EXPANDED::fold_1::Chat,0.8225538971807629,0.8239202657807309,0.8239202657807309,0.808080808080808,0.8211920529801325,,,0.7272727272727273,0.8312499999999999,0.0013663685999679709,0.0,-0.0013618442006303466,-0.0027282128005983175,,,-0.09528116990803559,0.00869610281923705,False,False,False,False,False,False,False
expanded,GSE202623_CELLTYPE_EXPANDED,1,D1 MSN,334,expanded::GSE202623_CELLTYPE_EXPANDED::fold_1::D1 MSN,0.7944162436548223,0.8020434227330779,0.8082368082368083,0.7707317073170732,0.8030690537084398,,,0.7647058823529411,0.7974358974358975,0.007627179078255608,-0.006193385503730386,0.00865281005361751,-0.0051677545283684845,,,-0.029710361301881205,0.00301965378107516,False,False,False,False,False,False,False
expanded,GSE202623_CELLTYPE_EXPANDED,1,D2 MSN,324,expanded::GSE202623_CELLTYPE_EXPANDED::fold_1::D2 MSN,0.8606431852986217,0.8541033434650456,0.8541033434650456,0.8431061806656102,0.8541033434650456,,,0.8598130841121496,0.874806800618238,-0.006539841833576143,-0.006539841833576143,-0.006539841833576143,-0.006539841833576143,,,-0.0008301011864720875,0.014163615319616296,False,False,False,False,False,False,False
expanded,GSE202623_CELLTYPE_EXPANDED,1,DG,319,expanded::GSE202623_CELLTYPE_EXPANDED::fold_1::DG,0.049999999999999996,0.04142011834319526,0.047477744807121657,0.21647058823529414,0.08333333333333333,,,0.0,0.028653295128939826,-0.008579881656804733,-0.17505046989209888,0.03333333333333333,-0.13313725490196082,,,-0.049999999999999996,-0.02134670487106017,False,False,False,False,False,True,False
expanded,GSE202623_CELLTYPE_EXPANDED,1,Endothelial,324,expanded::GSE202623_CELLTYPE_EXPANDED::fold_1::Endothelial,0.6783625730994153,0.6880189798339263,0.6848989298454221,0.7070457354758962,0.6784452296819788,,,0.8228228228228228,0.7532467532467533,0.00965640673451107,-0.019026755641969872,8.265658256356723e-05,-0.028600505793917375,,,0.14446024972340754,0.074884180147338,False,False,False,False,False,False,False
expanded,GSE202623_CELLTYPE_EXPANDED,1,Ependymal,343,expanded::GSE202623_CELLTYPE_EXPANDED::fold_1::Ependymal,0.9593984962406016,0.9640287769784172,0.9657142857142856,0.9618768328445747,0.9652173913043478,,,0.9654178674351584,0.9662261380323054,0.004630280737815573,-0.0016855087358684795,0.005818895063746221,-0.0004968944099378314,,,0.006019371194556866,0.006827641791703809,False,False,False,False,False,False,False
expanded,GSE202623_CELLTYPE_EXPANDED,1,Excitatory_Thalamus,360,expanded::GSE202623_CELLTYPE_EXPANDED::fold_1::Excitatory_Thalamus,0.8862433862433864,0.8821192052980132,0.8835978835978836,0.8948069241011984,0.8856382978723405,,,0.5907099035933392,0.8611825192802057,-0.004124180945373146,-0.0126877188031852,-0.0006050883710458921,-0.009168626228857946,,,-0.2955334826500472,-0.02506086696318066,False,False,False,False,False,False,False
expanded,GSE202623_CELLTYPE_EXPANDED,1,Inhibitory_BrainStem,302,expanded::GSE202623_CELLTYPE_EXPANDED::fold_1::Inhibitory_BrainStem,0.674955595026643,0.6987951807228915,0.6987951807228915,0.6758620689655173,0.6986301369863014,,,0.5579119086460033,0.6973451327433628,0.023839585696248444,0.0,0.023674541959658346,-0.00016504373659009808,,,-0.11704368638063978,0.02238953771671981,False,False,False,True,False,True,False
expanded,GSE202623_CELLTYPE_EXPANDED,1,L2 IT ENTl,290,expanded::GSE202623_CELLTYPE_EXPANDED::fold_1::L2 IT ENTl,0.4282744282744283,0.41437632135306557,0.41613588110403393,0.4174950298210736,0.4152542372881356,,,0.155902004454343,0.33944954128440363,-0.01389810692136273,-0.01389810692136273,-0.013020190986292701,-0.013020190986292701,,,-0.2723724238200853,-0.08882488699002467,False,False,False,False,True,False,True
expanded,GSE202623_CELLTYPE_EXPANDED,1,L2/3 IT CTX,330,expanded::GSE202623_CELLTYPE_EXPANDED::fold_1::L2/3 IT CTX,0.6220735785953176,0.6181818181818183,0.6171617161716172,0.5901639344262295,0.6209150326797386,,,0.39013452914798197,0.5776965265082267,-0.0038917604134993677,-0.0038917604134993677,-0.0011585459155790678,-0.0011585459155790678,,,-0.23193904944733568,-0.044377052087090973,False,False,False,False,False,False,False
expanded,GSE202623_CELLTYPE_EXPANDED,1,L2/3 IT PPP,102,expanded::GSE202623_CELLTYPE_EXPANDED::fold_1::L2/3 IT PPP,0.4557640750670241,0.46448087431693996,0.4696132596685083,0.4829545454545455,0.4497354497354497,,,0.06486486486486487,0.3941176470588235,0.008716799249915863,-0.018473671137605563,-0.006028625331574389,-0.033219095719095815,,,-0.39089921020215923,-0.06164642800820058,False,False,False,False,False,False,False
expanded,GSE202623_CELLTYPE_EXPANDED,1,L4 RSP-ACA,39,expanded::GSE202623_CELLTYPE_EXPANDED::fold_1::L4 RSP-ACA,0.17554858934169282,0.17846153846153845,0.1846153846153846,0.15561959654178675,0.17834394904458598,,,0.11267605633802816,0.1471861471861472,0.0029129491198456314,-0.006153846153846149,0.0027953597028931576,-0.0062714355707986225,,,-0.06287253300366466,-0.02836244215554562,False,False,False,False,False,False,False
expanded,GSE202623_CELLTYPE_EXPANDED,1,L4/5 IT CTX,343,expanded::GSE202623_CELLTYPE_EXPANDED::fold_1::L4/5 IT CTX,0.5826330532212886,0.597544338335607,0.601360544217687,0.6159695817490494,0.5804597701149425,,,0.5559105431309904,0.5831435079726651,0.014911285114318495,-0.018425243413442316,-0.0021732831063460134,-0.035509811634106825,,,-0.026722510090298135,0.0005104547513765656,False,False,False,True,False,False,False
expanded,GSE202623_CELLTYPE_EXPANDED,1,L5 IT CTX,321,expanded::GSE202623_CELLTYPE_EXPANDED::fold_1::L5 IT CTX,0.5161290322580646,0.5209125475285171,0.5209125475285171,0.502835538752363,0.5265151515151515,,,0.41155234657039713,0.5268817204301076,0.00478351527045251,0.0,0.010386119257086879,0.005602603986634369,,,-0.10457668568766748,0.010752688172043001,False,False,False,False,False,True,False
expanded,GSE202623_CELLTYPE_EXPANDED,1,L5 PT CTX,320,expanded::GSE202623_CELLTYPE_EXPANDED::fold_1::L5 PT CTX,0.35121951219512193,0.33663366336633666,0.337468982630273,0.34146341463414637,0.34398034398034394,,,0.04863221884498481,0.2240437158469945,-0.014585848828785275,-0.014585848828785275,-0.007239168214777991,-0.007239168214777991,,,-0.3025872933501371,-0.12717579634812742,False,False,False,False,True,False,False
expanded,GSE202623_CELLTYPE_EXPANDED,1,L5/6 IT TPE-ENT,45,expanded::GSE202623_CELLTYPE_EXPANDED::fold_1::L5/6 IT TPE-ENT,0.15821501014198783,0.1677704194260486,0.17180616740088106,0.15354330708661418,0.1630901287553648,,,0.0,0.23430962343096237,0.009555409284060762,-0.004035747974832471,0.004875118613376972,-0.00871603864551626,,,-0.15821501014198783,0.07609461328897454,False,False,False,False,False,False,False
expanded,GSE202623_CELLTYPE_EXPANDED,1,L5/6 NP CTX,339,expanded::GSE202623_CELLTYPE_EXPANDED::fold_1::L5/6 NP CTX,0.49723756906077343,0.48496240601503754,0.4840525328330206,0.4927007299270073,0.48587570621468934,,,0.36595744680851067,0.5408163265306122,-0.012275163045735893,-0.012275163045735893,-0.011361862846084092,-0.011361862846084092,,,-0.13128012225226277,0.04357875746983875,False,False,False,False,True,False,True
expanded,GSE202623_CELLTYPE_EXPANDED,1,L6 CT CTX,363,expanded::GSE202623_CELLTYPE_EXPANDED::fold_1::L6 CT CTX,0.7290780141843973,0.7342857142857143,0.7338129496402879,0.7067238912732475,0.7350427350427351,,,0.6849015317286653,0.7322929171668668,0.005207700101316992,0.0004727646454264489,0.005964720858337769,0.0007570207570207765,,,-0.044176482455732025,0.003214902982469514,False,False,False,False,False,False,False
expanded,GSE202623_CELLTYPE_EXPANDED,1,L6 IT CTX,337,expanded::GSE202623_CELLTYPE_EXPANDED::fold_1::L6 IT CTX,0.34920634920634924,0.31603773584905664,0.32,0.30303030303030304,0.32547169811320753,,,0.5279583875162549,0.5576592082616179,-0.0331686133572926,-0.0331686133572926,-0.023734651093141712,-0.023734651093141712,,,0.17875203830990566,0.2084528590552686,False,False,False,False,True,False,True
expanded,GSE202623_CELLTYPE_EXPANDED,1,L6b CTX,360,expanded::GSE202623_CELLTYPE_EXPANDED::fold_1::L6b CTX,0.6222826086956521,0.6004784688995214,0.6011976047904191,0.638109305760709,0.5956937799043062,,,0.1670886075949367,0.5788561525129983,-0.021804139796130717,-0.03763083686118762,-0.026588828791345942,-0.04241552585640285,,,-0.4551940011007154,-0.04342645618265384,False,False,False,False,True,False,True
expanded,GSE202623_CELLTYPE_EXPANDED,1,L6b/CT ENT,368,expanded::GSE202623_CELLTYPE_EXPANDED::fold_1::L6b/CT ENT,0.22343324250681199,0.24159021406727826,0.2428785607196402,0.21236133122028525,0.2327718223583461,,,0.0160857908847185,0.1978021978021978,0.01815697156046628,-0.001288346652361938,0.009338579851534107,-0.01010673836129411,,,-0.20734745162209348,-0.025631044704614192,False,False,False,True,False,False,False
expanded,GSE202623_CELLTYPE_EXPANDED,1,Lamp5,301,expanded::GSE202623_CELLTYPE_EXPANDED::fold_1::Lamp5,0.7835051546391751,0.7920133111480866,0.793969849246231,0.7877758913412565,0.7890222984562607,,,0.7620528771384137,0.801980198019802,0.008508156508911457,-0.0019565380981444447,0.005517143817085568,-0.004947550789970334,,,-0.021452277500761396,0.018475043380626888,False,False,False,False,False,False,False
expanded,GSE202623_CELLTYPE_EXPANDED,1,Macrophages,87,expanded::GSE202623_CELLTYPE_EXPANDED::fold_1::Macrophages,0.3005181347150259,0.23170731707317072,0.23170731707317072,0.3225806451612903,0.20408163265306123,,,0.21897810218978103,0.30000000000000004,-0.0688108176418552,-0.0908733280881196,-0.09643650206196469,-0.11849901250822908,,,-0.08154003252524489,-0.0005181347150258753,False,False,False,False,True,False,True
expanded,GSE202623_CELLTYPE_EXPANDED,1,Microglia,329,expanded::GSE202623_CELLTYPE_EXPANDED::fold_1::Microglia,0.6918429003021148,0.7050359712230215,0.7040229885057472,0.5488029465930019,0.7156726768377255,,,0.0058823529411764705,0.17204301075268816,0.013193070920906713,0.0010129827172743466,0.02382977653561069,0.010636705614703978,,,-0.6859605473609384,-0.5197998895494267,False,True,False,True,False,True,False
expanded,GSE202623_CELLTYPE_EXPANDED,1,NP PPP,21,expanded::GSE202623_CELLTYPE_EXPANDED::fold_1::NP PPP,0.023255813953488375,0.025806451612903226,0.025000000000000005,0.012048192771084336,0.02469135802469136,,,0.0,0.03225806451612903,0.0025506376594148505,0.0008064516129032209,0.0014355440712029849,-0.0011150935882118657,,,-0.023255813953488375,0.009002250562640656,False,False,False,False,False,False,False
expanded,GSE202623_CELLTYPE_EXPANDED,1,NeuralPrecursors,126,expanded::GSE202623_CELLTYPE_EXPANDED::fold_1::NeuralPrecursors,0.9402390438247011,0.9365079365079365,0.9402390438247011,0.9477911646586347,0.9444444444444444,,,0.6,0.9426229508196721,-0.003731107316764626,-0.011283228150698155,0.0042054006197432825,-0.0033467202141902463,,,-0.34023904382470116,0.00238390699497093,False,False,False,False,False,False,False
expanded,GSE202623_CELLTYPE_EXPANDED,1,OPCs,323,expanded::GSE202623_CELLTYPE_EXPANDED::fold_1::OPCs,0.8929765886287625,0.889261744966443,0.8926174496644296,0.8873949579831932,0.8873949579831932,,,0.7698019801980199,0.9129770992366412,-0.0037148436623195558,-0.0037148436623195558,-0.005581630645569269,-0.005581630645569269,,,-0.12317460843074257,0.020000510607878663,False,False,False,False,False,False,False
expanded,GSE202623_CELLTYPE_EXPANDED,1,Oligodendrocyte,329,expanded::GSE202623_CELLTYPE_EXPANDED::fold_1::Oligodendrocyte,0.8904694167852063,0.8948863636363636,0.8948863636363636,0.8785310734463277,0.8939828080229227,,,0.8292682926829268,0.9248554913294798,0.004416946851157344,0.0,0.0035133912377164345,-0.0009035556134409095,,,-0.061201124102279514,0.03438607454427345,False,False,False,False,False,False,False
expanded,GSE202623_CELLTYPE_EXPANDED,1,Pericytes,345,expanded::GSE202623_CELLTYPE_EXPANDED::fold_1::Pericytes,0.7119856887298748,0.7185840707964603,0.7175843694493783,0.7008849557522124,0.701388888888889,,,0.8525121555915721,0.797979797979798,0.006598382066585473,0.0009997013470819383,-0.010596799840985827,-0.0171951819075713,,,0.14052646686169734,0.08599410924992323,False,False,False,False,False,False,True
expanded,GSE202623_CELLTYPE_EXPANDED,1,Pvalb,343,expanded::GSE202623_CELLTYPE_EXPANDED::fold_1::Pvalb,0.7755644090305445,0.7734056987788331,0.7750677506775068,0.7669773635153129,0.7740189445196212,,,0.7247191011235955,0.7733333333333333,-0.0021587102517113266,-0.0021587102517113266,-0.0015454645109233,-0.0015454645109233,,,-0.05084530790694897,-0.002231075697211149,False,False,False,False,False,False,False
expanded,GSE202623_CELLTYPE_EXPANDED,1,Sncg,138,expanded::GSE202623_CELLTYPE_EXPANDED::fold_1::Sncg,0.5605536332179931,0.5836298932384343,0.5774647887323944,0.5517241379310345,0.5827338129496403,,,0.1437908496732026,0.47619047619047616,0.023076260020441164,0.006165104506039909,0.02218017973164721,-0.0008960802887939545,,,-0.4167627835447905,-0.08436315702751696,False,False,False,True,False,True,False
expanded,GSE202623_CELLTYPE_EXPANDED,1,Sst,333,expanded::GSE202623_CELLTYPE_EXPANDED::fold_1::Sst,0.6415094339622641,0.6470588235294117,0.6448275862068966,0.6413793103448276,0.636986301369863,,,0.5996758508914101,0.6556291390728477,0.005549389567147567,0.0022312373225150672,-0.004523132592401113,-0.01007252215954868,,,-0.04183358307085405,0.01411970511058358,False,False,False,False,False,False,False
expanded,GSE202623_CELLTYPE_EXPANDED,1,Sst Chodl,254,expanded::GSE202623_CELLTYPE_EXPANDED::fold_1::Sst Chodl,0.8641975308641975,0.8502024291497976,0.8502024291497976,0.8773388773388774,0.8583162217659137,,,0.8126159554730984,0.8788501026694044,-0.013995101714399882,-0.027136448189079787,-0.005881309098283771,-0.019022655572963676,,,-0.05158157539109909,0.01465257180520696,False,False,False,False,True,False,False
expanded,GSE202623_CELLTYPE_EXPANDED,1,T-cells,86,expanded::GSE202623_CELLTYPE_EXPANDED::fold_1::T-cells,0.44094488188976383,0.45112781954887227,0.44776119402985076,0.41935483870967744,0.3770491803278688,,,0.2596153846153846,0.32627118644067793,0.010182937659108438,0.0033666255190215044,-0.063895701561895,-0.07407863922100344,,,-0.18132949727437925,-0.1146736954490859,False,False,False,True,False,False,True
expanded,GSE202623_CELLTYPE_EXPANDED,1,VLMC,297,expanded::GSE202623_CELLTYPE_EXPANDED::fold_1::VLMC,0.6026785714285714,0.6393088552915767,0.6393088552915767,0.5514018691588786,0.6311300639658849,,,0.7073170731707317,0.6553191489361703,0.036630283863005264,0.0,0.028451492537313494,-0.00817879132569177,,,0.10463850174216027,0.052640577507598874,False,False,False,True,False,True,False
expanded,GSE202623_CELLTYPE_EXPANDED,1,VSMC,317,expanded::GSE202623_CELLTYPE_EXPANDED::fold_1::VSMC,0.8037037037037036,0.8145454545454547,0.8080438756855576,0.7884615384615384,0.7604562737642585,,,0.8677966101694915,0.8551236749116607,0.010841750841751097,0.006501578859897106,-0.04324742993944508,-0.05408918078119618,,,0.06409290646578791,0.05141997120795716,False,False,False,True,False,False,True
expanded,GSE202623_CELLTYPE_EXPANDED,1,Vip,323,expanded::GSE202623_CELLTYPE_EXPANDED::fold_1::Vip,0.7352941176470589,0.7511312217194569,0.7503782148260211,0.7541984732824427,0.7349926793557834,,,0.6752910737386804,0.7002652519893899,0.015837104072398023,-0.0030672515629858177,-0.00030143829127549093,-0.01920579392665933,,,-0.06000304390837852,-0.03502886565766894,False,False,False,True,False,False,False
expanded,GSE202623_CELLTYPE_EXPANDED,2,Astrocytes,321,expanded::GSE202623_CELLTYPE_EXPANDED::fold_2::Astrocytes,0.7435158501440922,0.7543859649122806,0.7547723935389133,0.7379518072289155,0.7562043795620439,,,0.7245949926362297,0.7338129496402876,0.010870114768188444,-0.0003864286266327399,0.012688529417951733,0.0014319860231305492,,,-0.018920857507862432,-0.009702900503804512,False,False,False,True,False,True,False
expanded,GSE202623_CELLTYPE_EXPANDED,2,CA1-ProS,27,expanded::GSE202623_CELLTYPE_EXPANDED::fold_2::CA1-ProS,0.15015015015015015,0.16891891891891891,0.16611295681063123,0.1724137931034483,0.165016501650165,,,0.12631578947368421,0.18045112781954886,0.018768768768768762,-0.003494874184529373,0.014866351500014835,-0.0073972914532833,,,-0.023834360676465938,0.03030097766939871,False,False,False,True,False,True,False
expanded,GSE202623_CELLTYPE_EXPANDED,2,CA3,216,expanded::GSE202623_CELLTYPE_EXPANDED::fold_2::CA3,0.5,0.49374999999999997,0.4976377952755906,0.5089141004862237,0.49221183800623053,,,0.6428571428571428,0.5645438898450947,-0.006250000000000033,-0.015164100486223686,-0.007788161993769471,-0.016702262479993124,,,0.1428571428571428,0.06454388984509474,False,False,False,False,False,False,False
expanded,GSE202623_CELLTYPE_EXPANDED,2,CR,91,expanded::GSE202623_CELLTYPE_EXPANDED::fold_2::CR,0.17674418604651165,0.2096774193548387,0.20233463035019456,0.15384615384615385,0.17171717171717168,,,0.062015503875968984,0.25,0.03293323330832704,0.007342789004644135,-0.005027014329339968,-0.037960247637667005,,,-0.11472868217054266,0.07325581395348835,False,False,False,True,False,False,False
expanded,GSE202623_CELLTYPE_EXPANDED,2,Car3,330,expanded::GSE202623_CELLTYPE_EXPANDED::fold_2::Car3,0.6933333333333334,0.698292220113852,0.6895238095238094,0.7111913357400721,0.6946564885496184,,,0.19672131147540983,0.657314629258517,0.00495888678051859,-0.012899115626220148,0.0013231552162850102,-0.016534847190453728,,,-0.4966120218579235,-0.03601870407481633,False,False,False,False,False,False,False
expanded,GSE202623_CELLTYPE_EXPANDED,2,Chat,316,expanded::GSE202623_CELLTYPE_EXPANDED::fold_2::Chat,0.7901701323251418,0.7947269303201506,0.7924528301886792,0.7788279773156899,0.793233082706767,,,0.732258064516129,0.8007448789571694,0.004556797995008854,0.002274100131471446,0.0030629503816251846,-0.0014938476133836698,,,-0.05791206780901281,0.01057474663202762,False,False,False,False,False,False,False
expanded,GSE202623_CELLTYPE_EXPANDED,2,D1 MSN,328,expanded::GSE202623_CELLTYPE_EXPANDED::fold_2::D1 MSN,0.7886944818304172,0.8081081081081081,0.8059299191374663,0.821378340365682,0.7978580990629184,,,0.7374810318664644,0.7994505494505495,0.019413626277690832,-0.013270232257573955,0.009163617232501142,-0.023520241302763645,,,-0.05121344996395283,0.01075606762013226,False,False,False,True,False,False,False
expanded,GSE202623_CELLTYPE_EXPANDED,2,D2 MSN,360,expanded::GSE202623_CELLTYPE_EXPANDED::fold_2::D2 MSN,0.8300907911802854,0.830967741935484,0.8331177231565331,0.8273195876288661,0.8370273794002607,,,0.8230769230769232,0.8441558441558441,0.0008769507551985578,-0.0021499812210491465,0.006936588219975337,0.003909656243727633,,,-0.007013868103362242,0.014065052975558712,False,False,False,False,False,False,False
expanded,GSE202623_CELLTYPE_EXPANDED,2,DG,314,expanded::GSE202623_CELLTYPE_EXPANDED::fold_2::DG,0.3481781376518219,0.31654676258992803,0.3125,0.20956719817767655,0.3537117903930131,,,0.0,0.26244343891402716,-0.03163137506189384,-0.03163137506189384,0.0055336527411912195,0.0055336527411912195,,,-0.3481781376518219,-0.08573469873779471,False,False,False,False,True,False,False
expanded,GSE202623_CELLTYPE_EXPANDED,2,Endothelial,360,expanded::GSE202623_CELLTYPE_EXPANDED::fold_2::Endothelial,0.7266811279826464,0.7346491228070176,0.7354555433589463,0.7353266888150609,0.7433035714285714,,,0.8663967611336032,0.7928571428571429,0.00796799482437116,-0.0008064205519286993,0.016622443445925006,0.007848028069625146,,,0.1397156331509568,0.06617601487449654,False,False,False,False,False,True,False
expanded,GSE202623_CELLTYPE_EXPANDED,2,Ependymal,291,expanded::GSE202623_CELLTYPE_EXPANDED::fold_2::Ependymal,0.9163636363636364,0.9326599326599326,0.9308600337268128,0.9547038327526133,0.9321739130434782,,,0.9210084033613445,0.93006993006993,0.016296296296296253,-0.022043900092680646,0.015810276679841806,-0.022529919709135093,,,0.004644766997708105,0.013706293706293615,False,False,False,True,False,True,False
expanded,GSE202623_CELLTYPE_EXPANDED,2,Excitatory_Thalamus,377,expanded::GSE202623_CELLTYPE_EXPANDED::fold_2::Excitatory_Thalamus,0.8442211055276383,0.8475836431226765,0.8465346534653465,0.8348045397225725,0.8482587064676617,,,0.5395629238884703,0.7779005524861878,0.0033625375950382397,0.001048989657330024,0.004037600940023367,0.0006750633449851273,,,-0.304658181639168,-0.06632055304145046,False,False,False,False,False,False,False
expanded,GSE202623_CELLTYPE_EXPANDED,2,Inhibitory_BrainStem,336,expanded::GSE202623_CELLTYPE_EXPANDED::fold_2::Inhibitory_BrainStem,0.7030497592295346,0.7238689547581902,0.7230046948356808,0.7033639143730888,0.7264150943396227,,,0.5510204081632654,0.6779089376053963,0.020819195528655632,0.0008642599225094916,0.023365335110088092,0.0025461395814324606,,,-0.15202935106626925,-0.025140821624138332,False,False,False,True,False,True,False
expanded,GSE202623_CELLTYPE_EXPANDED,2,L2 IT ENTl,308,expanded::GSE202623_CELLTYPE_EXPANDED::fold_2::L2 IT ENTl,0.38909090909090915,0.40148698884758366,0.3970315398886828,0.3784786641929499,0.3939962476547842,,,0.08280254777070063,0.2597402597402597,0.012396079756674505,0.004455448958900876,0.004905338563875039,-0.007490741192799466,,,-0.30628836132020854,-0.12935064935064944,False,False,False,True,False,False,False
expanded,GSE202623_CELLTYPE_EXPANDED,2,L2/3 IT CTX,308,expanded::GSE202623_CELLTYPE_EXPANDED::fold_2::L2/3 IT CTX,0.563953488372093,0.57183908045977,0.5726618705035971,0.5635838150289018,0.5760233918128655,,,0.27692307692307694,0.5126353790613719,0.007885592087677029,-0.0008227900438270153,0.012069903440772523,0.003361521309268478,,,-0.2870304114490161,-0.051318109310721116,False,False,False,False,False,True,False
expanded,GSE202623_CELLTYPE_EXPANDED,2,L2/3 IT PPP,74,expanded::GSE202623_CELLTYPE_EXPANDED::fold_2::L2/3 IT PPP,0.5353535353535354,0.577319587628866,0.5699481865284975,0.5308056872037915,0.5608465608465609,,,0.1,0.3906976744186046,0.04196605227533068,0.007371401100368491,0.025493025493025567,-0.01647302678230511,,,-0.4353535353535354,-0.14465586093493077,False,False,False,True,False,True,False
expanded,GSE202623_CELLTYPE_EXPANDED,2,L4 RSP-ACA,35,expanded::GSE202623_CELLTYPE_EXPANDED::fold_2::L4 RSP-ACA,0.25112107623318386,0.2531645569620253,0.24576271186440682,0.25252525252525254,0.23166023166023167,,,0.11570247933884299,0.14835164835164832,0.002043480728841418,0.0006393044367727363,-0.01946084457295219,-0.02150432530179361,,,-0.13541859689434088,-0.10276942788153554,False,False,False,False,False,False,True
expanded,GSE202623_CELLTYPE_EXPANDED,2,L4/5 IT CTX,378,expanded::GSE202623_CELLTYPE_EXPANDED::fold_2::L4/5 IT CTX,0.6266666666666667,0.6330749354005168,0.6330749354005168,0.6118598382749326,0.6378653113087676,,,0.5522935779816514,0.6183673469387756,0.006408268733850142,0.0,0.011198644642100852,0.00479037590825071,,,-0.07437308868501535,-0.008299319727891108,False,False,False,False,False,True,False
expanded,GSE202623_CELLTYPE_EXPANDED,2,L5 IT CTX,312,expanded::GSE202623_CELLTYPE_EXPANDED::fold_2::L5 IT CTX,0.45871559633027525,0.46153846153846156,0.4581818181818182,0.4452690166975881,0.4493554327808471,,,0.3688212927756654,0.48638838475499085,0.0028228652081863093,0.0028228652081863093,-0.009360163549428147,-0.012183028757614456,,,-0.08989430355460987,0.0276727884247156,False,False,False,False,False,False,False
expanded,GSE202623_CELLTYPE_EXPANDED,2,L5 PT CTX,364,expanded::GSE202623_CELLTYPE_EXPANDED::fold_2::L5 PT CTX,0.4246031746031746,0.42,0.41916167664670656,0.40551181102362205,0.40650406504065045,,,0.0054794520547945215,0.23364485981308414,-0.004603174603174609,-0.004603174603174609,-0.01809910956252414,-0.01809910956252414,,,-0.4191237225483801,-0.19095831479009046,False,False,False,False,False,False,True
expanded,GSE202623_CELLTYPE_EXPANDED,2,L5/6 IT TPE-ENT,68,expanded::GSE202623_CELLTYPE_EXPANDED::fold_2::L5/6 IT TPE-ENT,0.26521739130434785,0.28037383177570085,0.27777777777777773,0.23484848484848483,0.26905829596412556,,,0.0,0.43362831858407075,0.015156440471353005,0.00259605399792312,0.003840904659777711,-0.011315535811575295,,,-0.26521739130434785,0.1684109272797229,False,False,False,True,False,False,False
expanded,GSE202623_CELLTYPE_EXPANDED,2,L5/6 NP CTX,315,expanded::GSE202623_CELLTYPE_EXPANDED::fold_2::L5/6 NP CTX,0.5390070921985816,0.5415162454873645,0.5405405405405405,0.5311942959001783,0.5359712230215827,,,0.40453686200378075,0.5096774193548387,0.0025091532887829837,0.0009757049468240853,-0.003035869176998829,-0.005545022465781813,,,-0.1344702301948008,-0.029329672843742882,False,False,False,False,False,False,False
expanded,GSE202623_CELLTYPE_EXPANDED,2,L6 CT CTX,326,expanded::GSE202623_CELLTYPE_EXPANDED::fold_2::L6 CT CTX,0.6944444444444444,0.6843575418994414,0.6899441340782123,0.6935483870967741,0.6850068775790922,,,0.6285072951739619,0.6699386503067485,-0.010086902545002996,-0.010086902545002996,-0.009437566865352243,-0.009437566865352243,,,-0.06593714927048255,-0.024505794137695935,False,False,False,False,True,False,False
expanded,GSE202623_CELLTYPE_EXPANDED,2,L6 IT CTX,310,expanded::GSE202623_CELLTYPE_EXPANDED::fold_2::L6 IT CTX,0.28791773778920304,0.26344086021505375,0.2580645161290323,0.22950819672131148,0.2827763496143959,,,0.5,0.5683060109289617,-0.02447687757414929,-0.02447687757414929,-0.005141388174807138,-0.005141388174807138,,,0.21208226221079696,0.28038827313975867,False,False,False,False,True,False,False
expanded,GSE202623_CELLTYPE_EXPANDED,2,L6b CTX,305,expanded::GSE202623_CELLTYPE_EXPANDED::fold_2::L6b CTX,0.39436619718309857,0.3897280966767372,0.3871951219512195,0.39042357274401474,0.3979416809605489,,,0.16666666666666669,0.4140969162995595,-0.004638100506361376,-0.004638100506361376,0.0035754837774503168,0.0035754837774503168,,,-0.22769953051643188,0.01973071911646096,False,False,False,False,False,False,False
expanded,GSE202623_CELLTYPE_EXPANDED,2,L6b/CT ENT,294,expanded::GSE202623_CELLTYPE_EXPANDED::fold_2::L6b/CT ENT,0.18581081081081083,0.21575342465753422,0.2129144851657941,0.23582089552238808,0.2343234323432343,,,0.006644518272425249,0.24221453287197234,0.029942613846723393,-0.02006747086485386,0.04851262153242347,-0.0014974631791537796,,,-0.1791662925383856,0.05640372206116151,False,False,False,True,False,True,False
expanded,GSE202623_CELLTYPE_EXPANDED,2,Lamp5,384,expanded::GSE202623_CELLTYPE_EXPANDED::fold_2::Lamp5,0.7218259629101285,0.7282913165266106,0.7300699300699302,0.7136690647482014,0.7358229598893501,,,0.7769953051643192,0.8060836501901141,0.00646535361648215,-0.0017786135433195405,0.013996996979221632,0.005753029819419941,,,0.05516934225419079,0.08425768727998562,False,False,False,False,False,True,False
expanded,GSE202623_CELLTYPE_EXPANDED,2,Macrophages,85,expanded::GSE202623_CELLTYPE_EXPANDED::fold_2::Macrophages,0.23841059602649003,0.25,0.2448979591836735,0.26993865030674846,0.3132530120481928,,,0.39613526570048313,0.42402826855123676,0.011589403973509965,-0.019938650306748462,0.07484241602170275,0.04331436174144432,,,0.1577246696739931,0.18561767252474673,False,True,False,True,False,True,False
expanded,GSE202623_CELLTYPE_EXPANDED,2,Microglia,342,expanded::GSE202623_CELLTYPE_EXPANDED::fold_2::Microglia,0.7472527472527473,0.7585266030013642,0.7544581618655692,0.6503267973856209,0.6949924127465857,,,0.028653295128939826,0.11859838274932613,0.011273855748616946,0.004068441135794965,-0.05226033450616152,-0.06353419025477847,,,-0.7185994521238075,-0.6286543645034212,False,False,False,True,False,False,True
expanded,GSE202623_CELLTYPE_EXPANDED,2,NP PPP,20,expanded::GSE202623_CELLTYPE_EXPANDED::fold_2::NP PPP,0.023529411764705885,0.023529411764705885,0.022727272727272724,0.03636363636363636,0.024096385542168672,,,0.0,0.05633802816901408,0.0,-0.012834224598930476,0.000566973777462787,-0.01226725082146769,,,-0.023529411764705885,0.0328086164043082,False,False,False,False,False,False,False
expanded,GSE202623_CELLTYPE_EXPANDED,2,NeuralPrecursors,134,expanded::GSE202623_CELLTYPE_EXPANDED::fold_2::NeuralPrecursors,0.906367041198502,0.9172932330827067,0.9132075471698112,0.9166666666666667,0.9144981412639405,,,0.6372549019607843,0.9003984063745021,0.010926191884204739,0.0006265664160399753,0.00813110006543849,-0.002795091818766249,,,-0.2691121392377177,-0.0059686348239998965,False,False,False,True,False,False,False
expanded,GSE202623_CELLTYPE_EXPANDED,2,OPCs,339,expanded::GSE202623_CELLTYPE_EXPANDED::fold_2::OPCs,0.869281045751634,0.8674304418985269,0.8707037643207857,0.857142857142857,0.8640776699029126,,,0.8095238095238096,0.9,-0.0018506038531070912,-0.003273322422258751,-0.0052033758487214365,-0.006626094417873096,,,-0.05975723622782436,0.030718954248366015,False,False,False,False,False,False,False
expanded,GSE202623_CELLTYPE_EXPANDED,2,Oligodendrocyte,336,expanded::GSE202623_CELLTYPE_EXPANDED::fold_2::Oligodendrocyte,0.9295774647887323,0.9274537695590327,0.9289772727272727,0.8708388814913448,0.9283667621776505,,,0.8636363636363636,0.9457142857142857,-0.0021236952296995737,-0.0021236952296995737,-0.0012107026110818042,-0.0012107026110818042,,,-0.06594110115236862,0.016136820925553463,False,False,False,False,False,False,False
expanded,GSE202623_CELLTYPE_EXPANDED,2,Pericytes,331,expanded::GSE202623_CELLTYPE_EXPANDED::fold_2::Pericytes,0.7272727272727273,0.7192660550458715,0.7192660550458715,0.6901669758812616,0.7005253940455342,,,0.8186528497409327,0.7689594356261023,-0.008006672226855804,-0.008006672226855804,-0.026747333227193137,-0.026747333227193137,,,0.09138012246820537,0.04168670835337496,False,False,False,False,False,False,True
expanded,GSE202623_CELLTYPE_EXPANDED,2,Pvalb,365,expanded::GSE202623_CELLTYPE_EXPANDED::fold_2::Pvalb,0.7901907356948229,0.7913279132791329,0.7918367346938775,0.7731543624161075,0.7834482758620689,,,0.6325581395348837,0.7616438356164383,0.0011371775843099785,-0.0005088214147446202,-0.006742459832754011,-0.00838845883180861,,,-0.1576325961599392,-0.028546900078384563,False,False,False,False,False,False,False
expanded,GSE202623_CELLTYPE_EXPANDED,2,Sncg,163,expanded::GSE202623_CELLTYPE_EXPANDED::fold_2::Sncg,0.5523255813953489,0.56047197640118,0.5621301775147929,0.5470085470085471,0.5722891566265059,,,0.271356783919598,0.5725490196078431,0.00814639500583103,-0.0016582011136129227,0.019963575231156994,0.01015897911171304,,,-0.28096879747575093,0.02022343821249417,False,True,False,False,False,True,False
expanded,GSE202623_CELLTYPE_EXPANDED,2,Sst,322,expanded::GSE202623_CELLTYPE_EXPANDED::fold_2::Sst,0.6666666666666666,0.6726618705035972,0.6666666666666666,0.650994575045208,0.6678571428571429,,,0.5577211394302848,0.6340640809443508,0.005995203836930529,0.005995203836930529,0.0011904761904762973,-0.004804727646454232,,,-0.10894552723638184,-0.03260258572231578,False,False,False,False,False,False,False
expanded,GSE202623_CELLTYPE_EXPANDED,2,Sst Chodl,247,expanded::GSE202623_CELLTYPE_EXPANDED::fold_2::Sst Chodl,0.8770491803278687,0.8629032258064516,0.8629032258064516,0.8706365503080081,0.8657314629258518,,,0.7927272727272727,0.8884381338742394,-0.014145954521417092,-0.014145954521417092,-0.011317717402016925,-0.011317717402016925,,,-0.08432190760059599,0.011388953546370706,False,False,False,False,True,False,True
expanded,GSE202623_CELLTYPE_EXPANDED,2,T-cells,83,expanded::GSE202623_CELLTYPE_EXPANDED::fold_2::T-cells,0.5833333333333333,0.5562913907284768,0.5490196078431373,0.3904382470119522,0.5081967213114753,,,0.27610619469026554,0.36803874092009686,-0.027041942604856484,-0.027041942604856484,-0.07513661202185795,-0.07513661202185795,,,-0.3072271386430677,-0.2152945924132364,False,False,False,False,True,False,True
expanded,GSE202623_CELLTYPE_EXPANDED,2,VLMC,372,expanded::GSE202623_CELLTYPE_EXPANDED::fold_2::VLMC,0.6620450606585788,0.6815834767641997,0.6872852233676976,0.6770293609671848,0.7058823529411766,,,0.6998284734133791,0.7159663865546219,0.019538416105620904,-0.00570174660349787,0.043837292282597806,0.018597129573479032,,,0.03778341275480024,0.05392132589604304,False,True,False,True,False,True,False
expanded,GSE202623_CELLTYPE_EXPANDED,2,VSMC,357,expanded::GSE202623_CELLTYPE_EXPANDED::fold_2::VSMC,0.7993421052631579,0.8058727569331159,0.802610114192496,0.8032258064516129,0.7980613893376414,,,0.8597285067873304,0.834920634920635,0.006530651669958032,0.0026469504815029854,-0.0012807159255164846,-0.0078113675954745165,,,0.06038640152417252,0.0355785296574771,False,False,False,False,False,False,False
expanded,GSE202623_CELLTYPE_EXPANDED,2,Vip,357,expanded::GSE202623_CELLTYPE_EXPANDED::fold_2::Vip,0.7085561497326203,0.7254901960784313,0.7194444444444446,0.7198879551820728,0.7287899860917941,,,0.6747868453105969,0.7026348808030113,0.016934046345811082,0.0056022408963585235,0.020233836359173862,0.00329979001336278,,,-0.033769304422023416,-0.0059212689296089804,False,False,False,True,False,True,False
expanded,GSE202623_CELLTYPE_EXPANDED,3,Astrocytes,349,expanded::GSE202623_CELLTYPE_EXPANDED::fold_3::Astrocytes,0.7799736495388669,0.7768817204301076,0.7768817204301076,0.7579529737206085,0.7723035952063915,,,0.7356321839080461,0.776500638569604,-0.003091929108759328,-0.003091929108759328,-0.007670054332475473,-0.007670054332475473,,,-0.044341465630820864,-0.0034730109692628908,False,False,False,False,False,False,False
expanded,GSE202623_CELLTYPE_EXPANDED,3,CA1-ProS,12,expanded::GSE202623_CELLTYPE_EXPANDED::fold_3::CA1-ProS,0.07643312101910829,0.07547169811320754,0.07667731629392971,0.0875912408759124,0.08053691275167786,,,0.044444444444444446,0.10619469026548672,-0.0009614229059007467,-0.012119542762704855,0.00410379173256957,-0.007054328124234538,,,-0.031988676574663845,0.029761569246378433,False,False,False,False,False,False,False
expanded,GSE202623_CELLTYPE_EXPANDED,3,CA3,150,expanded::GSE202623_CELLTYPE_EXPANDED::fold_3::CA3,0.3771428571428571,0.3418181818181818,0.354014598540146,0.3747609942638624,0.3650485436893204,,,0.44488188976377946,0.3977055449330784,-0.035324675324675314,-0.035324675324675314,-0.012094313453536731,-0.012094313453536731,,,0.06773903262092235,0.0205626877902213,False,False,False,False,True,False,True
expanded,GSE202623_CELLTYPE_EXPANDED,3,CR,106,expanded::GSE202623_CELLTYPE_EXPANDED::fold_3::CR,0.19191919191919193,0.2358078602620087,0.228310502283105,0.14141414141414144,0.21917808219178084,,,0.045454545454545456,0.19428571428571428,0.04388866834281677,0.00749735797890369,0.027258890272588904,-0.016629778070227863,,,-0.14646464646464646,0.00236652236652235,False,False,False,True,False,True,False
expanded,GSE202623_CELLTYPE_EXPANDED,3,Car3,381,expanded::GSE202623_CELLTYPE_EXPANDED::fold_3::Car3,0.701168614357262,0.6944908180300501,0.6978297161936561,0.7107438016528926,0.6921797004991681,,,0.2350230414746544,0.6456140350877193,-0.006677796327211882,-0.016252983622842554,-0.008988913858093861,-0.018564101153724533,,,-0.4661455728826076,-0.05555457926954266,False,False,False,False,False,False,False
expanded,GSE202623_CELLTYPE_EXPANDED,3,Chat,335,expanded::GSE202623_CELLTYPE_EXPANDED::fold_3::Chat,0.8166089965397924,0.8136752136752137,0.8116438356164383,0.8161888701517707,0.8102564102564103,,,0.7866868381240545,0.8344594594594593,-0.0029337828645786823,-0.0029337828645786823,-0.006352586283382089,-0.006352586283382089,,,-0.029922158415737865,0.017850462919666965,False,False,False,False,False,False,False
expanded,GSE202623_CELLTYPE_EXPANDED,3,D1 MSN,338,expanded::GSE202623_CELLTYPE_EXPANDED::fold_3::D1 MSN,0.7951807228915663,0.8103683492496588,0.8070652173913043,0.7509113001215068,0.8092643051771117,,,0.7749287749287749,0.8064516129032259,0.015187626358092565,0.0033031318583545133,0.014083582285545404,-0.0011040440725471612,,,-0.020251947962791395,0.011270890011659596,False,False,False,True,False,True,False
expanded,GSE202623_CELLTYPE_EXPANDED,3,D2 MSN,316,expanded::GSE202623_CELLTYPE_EXPANDED::fold_3::D2 MSN,0.8205128205128205,0.8229954614220877,0.8224582701062215,0.8090614886731392,0.8222891566265059,,,0.8487804878048779,0.8558282208588956,0.0024826409092671975,0.000537191315866159,0.0017763361136854394,-0.0007063047955817581,,,0.02826766729205743,0.035315400346075165,False,False,False,False,False,False,False
expanded,GSE202623_CELLTYPE_EXPANDED,3,DG,367,expanded::GSE202623_CELLTYPE_EXPANDED::fold_3::DG,0.3510466988727859,0.275049115913556,0.2796116504854369,0.31477927063339733,0.3016157989228007,,,0.0,0.23616236162361626,-0.07599758295922987,-0.07599758295922987,-0.049430899949985174,-0.049430899949985174,,,-0.3510466988727859,-0.11488433724916963,False,False,False,False,True,False,True
expanded,GSE202623_CELLTYPE_EXPANDED,3,Endothelial,316,expanded::GSE202623_CELLTYPE_EXPANDED::fold_3::Endothelial,0.6931155192532089,0.7054631828978623,0.7004716981132076,0.698224852071006,0.7106842737094838,,,0.834575260804769,0.761904761904762,0.01234766364465334,0.0049914847846546095,0.017568754456274926,0.005221090811621587,,,0.14145974155156005,0.06878924265155306,False,False,False,True,False,True,False
expanded,GSE202623_CELLTYPE_EXPANDED,3,Ependymal,366,expanded::GSE202623_CELLTYPE_EXPANDED::fold_3::Ependymal,0.9535864978902953,0.9689608636977058,0.9690444145356663,0.965893587994543,0.9633649932157395,,,0.9394736842105262,0.9644808743169399,0.015374365807410584,-8.355083796041107e-05,0.00977849532544428,-0.005679421319926714,,,-0.01411281367976902,0.010894376426644592,False,False,False,True,False,False,False
expanded,GSE202623_CELLTYPE_EXPANDED,3,Excitatory_Thalamus,263,expanded::GSE202623_CELLTYPE_EXPANDED::fold_3::Excitatory_Thalamus,0.8254545454545454,0.8374558303886926,0.838938053097345,0.8297101449275363,0.8369565217391305,,,0.4286979627989371,0.7303543913713404,0.012001284934147205,-0.001482222708652392,0.011501976284585047,-0.00198153135821455,,,-0.3967565826556083,-0.09510015408320505,False,False,False,True,False,True,False
expanded,GSE202623_CELLTYPE_EXPANDED,3,Inhibitory_BrainStem,362,expanded::GSE202623_CELLTYPE_EXPANDED::fold_3::Inhibitory_BrainStem,0.6955307262569832,0.7084468664850138,0.7094133697135062,0.696629213483146,0.7000000000000001,,,0.5223880597014926,0.6617862371888725,0.01291614022803056,-0.0009665032284924546,0.004469273743016866,-0.009413369713506148,,,-0.1731426665554906,-0.03374448906811067,False,False,False,True,False,False,False
expanded,GSE202623_CELLTYPE_EXPANDED,3,L2 IT ENTl,402,expanded::GSE202623_CELLTYPE_EXPANDED::fold_3::L2 IT ENTl,0.477326968973747,0.4791154791154791,0.47665847665847666,0.4665856622114216,0.4743276283618582,,,0.0877742946708464,0.41481481481481486,0.0017885101417320914,0.0017885101417320914,-0.002999340611888779,-0.00478785075362087,,,-0.3895526743029006,-0.06251215415893213,False,False,False,False,False,False,False
expanded,GSE202623_CELLTYPE_EXPANDED,3,L2/3 IT CTX,362,expanded::GSE202623_CELLTYPE_EXPANDED::fold_3::L2/3 IT CTX,0.5920873124147339,0.5967302452316077,0.5943012211668928,0.596537949400799,0.5834502103786817,,,0.3429752066115702,0.5518341307814992,0.004642932816873779,0.0001922958308087086,-0.008637102036052169,-0.013280034852925948,,,-0.24911210580316367,-0.04025318163323466,False,False,False,False,False,False,False
expanded,GSE202623_CELLTYPE_EXPANDED,3,L2/3 IT PPP,77,expanded::GSE202623_CELLTYPE_EXPANDED::fold_3::L2/3 IT PPP,0.463768115942029,0.49261083743842365,0.504950495049505,0.5213270142180094,0.4549763033175356,,,0.05545927209705372,0.3203883495145631,0.028842721496394663,-0.028716176779585767,-0.008791812624493411,-0.06635071090047384,,,-0.4083088438449753,-0.14337976642746592,False,False,False,True,False,False,False
expanded,GSE202623_CELLTYPE_EXPANDED,3,L4 RSP-ACA,62,expanded::GSE202623_CELLTYPE_EXPANDED::fold_3::L4 RSP-ACA,0.3424124513618677,0.3333333333333333,0.33948339483394835,0.36065573770491804,0.3202846975088968,,,0.1568627450980392,0.22171945701357468,-0.009079118028534394,-0.02732240437158473,-0.02212775385297089,-0.040371040196021224,,,-0.1855497062638285,-0.12069299434829303,False,False,False,False,False,False,True
expanded,GSE202623_CELLTYPE_EXPANDED,3,L4/5 IT CTX,279,expanded::GSE202623_CELLTYPE_EXPANDED::fold_3::L4/5 IT CTX,0.516728624535316,0.5244122965641953,0.51985559566787,0.5179584120982986,0.5026548672566372,,,0.4957678355501814,0.5464190981432361,0.007683672028879318,0.004556700896325316,-0.014073757278678767,-0.021757429307558085,,,-0.020960788985134593,0.029690473607920098,False,False,False,False,False,False,True
expanded,GSE202623_CELLTYPE_EXPANDED,3,L5 IT CTX,367,expanded::GSE202623_CELLTYPE_EXPANDED::fold_3::L5 IT CTX,0.5015974440894568,0.49275362318840576,0.49597423510466987,0.5252225519287834,0.47649918962722854,,,0.426626323751891,0.5287009063444108,-0.00884382090105107,-0.032468928740377656,-0.025098254462228298,-0.048723362301554884,,,-0.07497112033756581,0.02710346225495397,False,False,False,False,False,False,True
expanded,GSE202623_CELLTYPE_EXPANDED,3,L5 PT CTX,316,expanded::GSE202623_CELLTYPE_EXPANDED::fold_3::L5 PT CTX,0.47558386411889597,0.46551724137931033,0.47210300429184554,0.4549356223175966,0.46382978723404256,,,0.024999999999999998,0.29015544041450775,-0.01006662273958564,-0.01006662273958564,-0.011754076884853415,-0.011754076884853415,,,-0.45058386411889595,-0.18542842370438822,False,False,False,False,True,False,True
expanded,GSE202623_CELLTYPE_EXPANDED,3,L5/6 IT TPE-ENT,63,expanded::GSE202623_CELLTYPE_EXPANDED::fold_3::L5/6 IT TPE-ENT,0.21307506053268765,0.22340425531914895,0.21818181818181817,0.21515892420537894,0.21582733812949642,,,0.0,0.2639593908629442,0.010329194786461299,0.005222437137330782,0.0027522775968087665,-0.007576917189652532,,,-0.21307506053268765,0.05088433033025652,False,False,False,True,False,False,False
expanded,GSE202623_CELLTYPE_EXPANDED,3,L5/6 NP CTX,346,expanded::GSE202623_CELLTYPE_EXPANDED::fold_3::L5/6 NP CTX,0.5379310344827586,0.5370051635111875,0.5381944444444444,0.5301204819277109,0.5354058721934369,,,0.38146167557932265,0.5437201907790142,-0.0009258709715710411,-0.0011892809332568754,-0.0025251622893216474,-0.0027885722510074817,,,-0.15646935890343594,0.005789156296255649,False,False,False,False,False,False,False
expanded,GSE202623_CELLTYPE_EXPANDED,3,L6 CT CTX,311,expanded::GSE202623_CELLTYPE_EXPANDED::fold_3::L6 CT CTX,0.6775631500742942,0.6771653543307086,0.675,0.6824224519940916,0.6676514032496308,,,0.655440414507772,0.6843501326259948,-0.0003977957435856716,-0.0052570976633830035,-0.009911746824663448,-0.01477104874446078,,,-0.022122735566522223,0.0067869825517005156,False,False,False,False,False,False,False
expanded,GSE202623_CELLTYPE_EXPANDED,3,L6 IT CTX,353,expanded::GSE202623_CELLTYPE_EXPANDED::fold_3::L6 IT CTX,0.2602739726027397,0.24,0.2238095238095238,0.21479713603818615,0.2557077625570776,,,0.5264367816091954,0.5080906148867314,-0.02027397260273972,-0.02027397260273972,-0.0045662100456621,-0.0045662100456621,,,0.26616280900645567,0.24781664228399164,False,False,False,False,True,False,False
expanded,GSE202623_CELLTYPE_EXPANDED,3,L6b CTX,335,expanded::GSE202623_CELLTYPE_EXPANDED::fold_3::L6b CTX,0.4055555555555556,0.4145454545454546,0.40925700365408035,0.4133148404993065,0.40805369127516783,,,0.1774193548387097,0.44673539518900346,0.008989898989898992,0.001230614046148104,0.0024981357196122156,-0.006491763270286777,,,-0.22813620071684593,0.041179839633447846,False,False,False,False,False,False,False
expanded,GSE202623_CELLTYPE_EXPANDED,3,L6b/CT ENT,338,expanded::GSE202623_CELLTYPE_EXPANDED::fold_3::L6b/CT ENT,0.20170940170940171,0.23529411764705882,0.24333333333333332,0.265625,0.22972972972972974,,,0.06615776081424936,0.300163132137031,0.033584715937657106,-0.03033088235294118,0.028020328020328028,-0.03589527027027026,,,-0.13555164089515237,0.09845373042762928,False,False,False,True,False,True,False
expanded,GSE202623_CELLTYPE_EXPANDED,3,Lamp5,315,expanded::GSE202623_CELLTYPE_EXPANDED::fold_3::Lamp5,0.7292418772563177,0.7385740402193786,0.7372262773722628,0.6981132075471699,0.7266187050359713,,,0.7398373983739837,0.7981220657276996,0.00933216296306083,0.0013477628471157965,-0.0026231722203464702,-0.0119553351834073,,,0.01059552111766593,0.06888018847138189,False,False,False,False,False,False,False
expanded,GSE202623_CELLTYPE_EXPANDED,3,Macrophages,84,expanded::GSE202623_CELLTYPE_EXPANDED::fold_3::Macrophages,0.2518518518518518,0.24427480916030528,0.24806201550387597,0.30409356725146197,0.34554973821989526,,,0.24675324675324672,0.4343891402714932,-0.007577042691546548,-0.05981875809115669,0.09369788636804344,0.04145617096843329,,,-0.005098605098605102,0.1825372884196414,False,True,False,False,False,True,False
expanded,GSE202623_CELLTYPE_EXPANDED,3,Microglia,329,expanded::GSE202623_CELLTYPE_EXPANDED::fold_3::Microglia,0.7520891364902507,0.7479224376731303,0.7506925207756233,0.7223796033994334,0.6698262243285941,,,0.011976047904191617,0.18666666666666665,-0.004166698817120396,-0.004166698817120396,-0.0822629121616566,-0.0822629121616566,,,-0.7401130885860591,-0.565422469823584,False,False,False,False,False,False,True
expanded,GSE202623_CELLTYPE_EXPANDED,3,NP PPP,18,expanded::GSE202623_CELLTYPE_EXPANDED::fold_3::NP PPP,0.010869565217391304,0.011173184357541898,0.022099447513812157,0.011235955056179777,0.030612244897959183,,,0.0,0.016949152542372885,0.000303619140150594,-0.01092626315627026,0.01974267968056788,0.008512797384147026,,,-0.010869565217391304,0.006079587324981581,False,False,False,False,False,True,False
expanded,GSE202623_CELLTYPE_EXPANDED,3,NeuralPrecursors,204,expanded::GSE202623_CELLTYPE_EXPANDED::fold_3::NeuralPrecursors,0.9140049140049141,0.9268292682926829,0.9242053789731052,0.909952606635071,0.9207920792079208,,,0.563573883161512,0.9010416666666666,0.012824354287768736,0.002623889319577688,0.0067871652030067064,-0.006037189084762029,,,-0.3504310308434021,-0.012963247338247497,False,False,False,True,False,False,False
expanded,GSE202623_CELLTYPE_EXPANDED,3,OPCs,338,expanded::GSE202623_CELLTYPE_EXPANDED::fold_3::OPCs,0.8633333333333333,0.8576214405360133,0.8557046979865771,0.8412162162162163,0.8528428093645486,,,0.7792848335388409,0.8878787878787879,-0.005711892797319984,-0.005711892797319984,-0.010490523968784693,-0.010490523968784693,,,-0.08404849979449236,0.024545454545454648,False,False,False,False,False,False,True
expanded,GSE202623_CELLTYPE_EXPANDED,3,Oligodendrocyte,335,expanded::GSE202623_CELLTYPE_EXPANDED::fold_3::Oligodendrocyte,0.920056100981767,0.9327731092436975,0.927170868347339,0.8906882591093118,0.9267605633802817,,,0.8378812199036918,0.9413447782546496,0.012717008261930451,0.0056022408963585235,0.006704462398514632,-0.006012545863415819,,,-0.08217488107807525,0.021288677272882528,False,False,False,True,False,False,False
expanded,GSE202623_CELLTYPE_EXPANDED,3,Pericytes,324,expanded::GSE202623_CELLTYPE_EXPANDED::fold_3::Pericytes,0.7001862197392924,0.701688555347092,0.7030075187969924,0.6679687500000001,0.7168458781362006,,,0.8268551236749117,0.7913669064748201,0.0015023356077995542,-0.0013189634499004566,0.016659658396908195,0.013838359339208184,,,0.12666890393561925,0.0911806867355277,False,True,False,False,False,True,False
expanded,GSE202623_CELLTYPE_EXPANDED,3,Pvalb,292,expanded::GSE202623_CELLTYPE_EXPANDED::fold_3::Pvalb,0.7880690737833594,0.7987321711568939,0.7962085308056872,0.7817896389324961,0.7981072555205049,,,0.7375643224699828,0.7874015748031497,0.010663097373534436,0.0025236403512066685,0.010038181737145435,-0.0006249156363890007,,,-0.05050475131337662,-0.0006674989802097908,False,False,False,True,False,True,False
expanded,GSE202623_CELLTYPE_EXPANDED,3,Sncg,164,expanded::GSE202623_CELLTYPE_EXPANDED::fold_3::Sncg,0.6324324324324324,0.6321525885558583,0.6338797814207651,0.6219839142091153,0.6236559139784946,,,0.08092485549132948,0.5476190476190477,-0.00027984387657409293,-0.0017271928649067458,-0.008776518453937787,-0.01022386744227044,,,-0.551507576941103,-0.08481338481338474,False,False,False,False,False,False,False
expanded,GSE202623_CELLTYPE_EXPANDED,3,Sst,345,expanded::GSE202623_CELLTYPE_EXPANDED::fold_3::Sst,0.6354166666666667,0.6490299823633157,0.6502636203866432,0.6301369863013698,0.6596119929453264,,,0.6101190476190477,0.6578947368421053,0.01361331569664892,-0.0012336380233275435,0.024195326278659612,0.009348372558683149,,,-0.02529761904761907,0.02247807017543857,False,False,False,True,False,True,False
expanded,GSE202623_CELLTYPE_EXPANDED,3,Sst Chodl,234,expanded::GSE202623_CELLTYPE_EXPANDED::fold_3::Sst Chodl,0.8796498905908096,0.8688172043010755,0.8706896551724138,0.8888888888888888,0.8782608695652174,,,0.7840909090909091,0.8791208791208791,-0.010832686289734106,-0.020071684587813388,-0.0013890210255921298,-0.010628019323671412,,,-0.0955589814999005,-0.0005290114699304516,False,False,False,False,True,False,False
expanded,GSE202623_CELLTYPE_EXPANDED,3,T-cells,68,expanded::GSE202623_CELLTYPE_EXPANDED::fold_3::T-cells,0.5306122448979592,0.5272727272727272,0.5225225225225225,0.25806451612903225,0.5256410256410255,,,0.2323943661971831,0.32338308457711445,-0.0033395176252319914,-0.0033395176252319914,-0.004971219256933668,-0.004971219256933668,,,-0.2982178787007761,-0.20722916032084476,False,False,False,False,False,False,False
expanded,GSE202623_CELLTYPE_EXPANDED,3,VLMC,331,expanded::GSE202623_CELLTYPE_EXPANDED::fold_3::VLMC,0.6347305389221556,0.6614481409001957,0.6588235294117647,0.5579399141630902,0.6294820717131474,,,0.6481113320079522,0.6705653021442496,0.026717601978040073,0.0026246114884309613,-0.0052484672090081785,-0.03196606918704825,,,0.01338079308579665,0.035834763222094,False,False,False,True,False,False,False
expanded,GSE202623_CELLTYPE_EXPANDED,3,VSMC,326,expanded::GSE202623_CELLTYPE_EXPANDED::fold_3::VSMC,0.7593984962406015,0.7641681901279708,0.7573529411764707,0.7491961414790997,0.7462121212121212,,,0.8465430016863407,0.8021390374331551,0.004769693887369253,0.004769693887369253,-0.013186375028480302,-0.017956068915849555,,,0.08714450544573915,0.04274054119255355,False,False,False,False,False,False,True
expanded,GSE202623_CELLTYPE_EXPANDED,3,Vip,320,expanded::GSE202623_CELLTYPE_EXPANDED::fold_3::Vip,0.7341389728096677,0.7370030581039755,0.7336377473363774,0.725609756097561,0.7391304347826086,,,0.6553524804177546,0.7015130674002751,0.0028640852943078166,0.0028640852943078166,0.00499146197294098,0.002127376678633164,,,-0.07878649239191304,-0.032625905409392586,False,False,False,False,False,False,False
expanded,SQUIDPY_MERFISH_EXPANDED,1,0,3140,expanded::SQUIDPY_MERFISH_EXPANDED::fold_1::0,0.3266353142368533,0.3482555360841166,0.3197350594610869,0.33062562348582014,0.3476343903679837,,,0.29464606539705357,0.337992376111817,0.021620221847263255,0.017629912598296438,0.02099907613113039,-0.0006211457161328648,,,-0.031989248839799755,0.011357061874963659,True,False,False,True,False,True,False
expanded,SQUIDPY_MERFISH_EXPANDED,1,1,2763,expanded::SQUIDPY_MERFISH_EXPANDED::fold_1::1,0.8465551358157942,0.8207705192629816,0.8416651517905835,0.841003428983938,0.8322912835601324,,,0.7638190954773869,0.8307749213981875,-0.02578461655281261,-0.02578461655281261,-0.014263852255661846,-0.014263852255661846,,,-0.08273604033840731,-0.015780214417606686,False,False,False,False,True,False,True
expanded,SQUIDPY_MERFISH_EXPANDED,1,10,30,expanded::SQUIDPY_MERFISH_EXPANDED::fold_1::10,0.027565084226646247,0.03246753246753247,0.027522935779816515,0.02848101265822785,0.0243161094224924,,,0.0440251572327044,0.03167420814479638,0.004902448240886224,0.003986519809304621,-0.003248974804153846,-0.00815142304504007,,,0.016460073006058153,0.0041091239181501316,False,False,False,False,False,False,False
expanded,SQUIDPY_MERFISH_EXPANDED,1,11,275,expanded::SQUIDPY_MERFISH_EXPANDED::fold_1::11,0.2890625,0.20963425512934877,0.25857223159078135,0.25591267434808973,0.19001996007984032,,,0.011627906976744186,0.05420054200542006,-0.07942824487065123,-0.07942824487065123,-0.09904253992015968,-0.09904253992015968,,,-0.2774345930232558,-0.23486195799457993,False,False,False,False,True,False,True
expanded,SQUIDPY_MERFISH_EXPANDED,1,12,1949,expanded::SQUIDPY_MERFISH_EXPANDED::fold_1::12,0.0,0.0,0.0,0.0030379746835443038,0.0,,,0.03409644422795908,0.13752808988764045,0.0,-0.0030379746835443038,0.0,-0.0030379746835443038,,,0.03409644422795908,0.13752808988764045,False,False,False,False,False,False,False
expanded,SQUIDPY_MERFISH_EXPANDED,1,13,15,expanded::SQUIDPY_MERFISH_EXPANDED::fold_1::13,0.10989010989010989,0.11650485436893203,0.08928571428571429,0.10256410256410256,0.1,,,0.03870967741935484,0.0625,0.0066147444788221404,0.0066147444788221404,-0.009890109890109883,-0.016504854368932023,,,-0.07118043247075505,-0.04739010989010989,False,False,False,False,False,False,False
expanded,SQUIDPY_MERFISH_EXPANDED,1,14,124,expanded::SQUIDPY_MERFISH_EXPANDED::fold_1::14,0.49565217391304345,0.5735849056603773,0.4827586206896552,0.46875000000000006,0.5755395683453237,,,0.08695652173913043,0.13015184381778744,0.0779327317473339,0.0779327317473339,0.07988739443228027,0.0019546626849463733,,,-0.408695652173913,-0.365500330095256,True,False,False,True,False,True,False
expanded,SQUIDPY_MERFISH_EXPANDED,1,15,257,expanded::SQUIDPY_MERFISH_EXPANDED::fold_1::15,0.7355623100303951,0.544069640914037,0.7012987012987014,0.7451612903225806,0.5753739930955121,,,0.5589225589225589,0.6284987277353691,-0.1914926691163581,-0.20109164940854363,-0.160188316934883,-0.16978729722706853,,,-0.17663975110783614,-0.107063582295026,False,False,False,False,True,False,True
expanded,SQUIDPY_MERFISH_EXPANDED,1,2,1229,expanded::SQUIDPY_MERFISH_EXPANDED::fold_1::2,0.8831067961165048,0.8894117647058825,0.887412040656763,0.8876797512631168,0.8898539281484406,,,0.8738461538461537,0.8839009287925697,0.00630496858937768,0.0017320134427656342,0.006747132031935776,0.0004421634425580967,,,-0.00926064227035106,0.0007941326760648737,False,False,False,False,False,False,False
expanded,SQUIDPY_MERFISH_EXPANDED,1,3,235,expanded::SQUIDPY_MERFISH_EXPANDED::fold_1::3,0.6224489795918368,0.4671916010498688,0.6119402985074628,0.6283367556468172,0.5115089514066496,,,0.3558282208588957,0.5096952908587258,-0.15525737854196797,-0.16114515459694845,-0.11094002818518711,-0.11682780424016759,,,-0.26662075873294105,-0.11275368873311098,False,False,False,False,True,False,True
expanded,SQUIDPY_MERFISH_EXPANDED,1,4,479,expanded::SQUIDPY_MERFISH_EXPANDED::fold_1::4,0.7403598971722364,0.745792736935341,0.7478411053540587,0.7328244274809159,0.7506750675067507,,,0.707855251544572,0.7279029462738301,0.005432839763104602,-0.0020483684187176943,0.010315170334514345,0.002833962152692049,,,-0.03250464562766442,-0.01245695089840626,False,False,False,False,False,True,False
expanded,SQUIDPY_MERFISH_EXPANDED,1,5,673,expanded::SQUIDPY_MERFISH_EXPANDED::fold_1::5,0.8342930262316058,0.7345814977973567,0.7941712204007286,0.8426461143224149,0.7608695652173914,,,0.5315351051170171,0.6996317727511837,-0.09971152843424913,-0.10806461652505817,-0.07342346101421449,-0.08177654910502352,,,-0.30275792111458877,-0.13466125348042213,False,False,False,False,True,False,True
expanded,SQUIDPY_MERFISH_EXPANDED,1,6,3866,expanded::SQUIDPY_MERFISH_EXPANDED::fold_1::6,0.7685845213849287,0.7633842598536397,0.7611111111111111,0.7292513752690744,0.7580624437877425,,,0.7925053804279023,0.7872848347782384,-0.005200261531289052,-0.005200261531289052,-0.010522077597186263,-0.010522077597186263,,,0.023920859042973586,0.018700313393309687,False,False,False,False,False,False,True
expanded,SQUIDPY_MERFISH_EXPANDED,1,7,8360,expanded::SQUIDPY_MERFISH_EXPANDED::fold_1::7,0.6266930693069306,0.6285398753648339,0.6238314054824908,0.5635635635635635,0.6271881406718184,,,0.6800725733293015,0.6666155615178229,0.0018468060579033274,0.0018468060579033274,0.0004950713648878002,-0.0013517346930155272,,,0.053379504022370905,0.03992249221089228,False,False,False,False,False,False,False
expanded,SQUIDPY_MERFISH_EXPANDED,1,8,511,expanded::SQUIDPY_MERFISH_EXPANDED::fold_1::8,0.6883116883116883,0.7066666666666667,0.693313953488372,0.6925898752751284,0.7021755438859715,,,0.6024096385542168,0.6547085201793722,0.018354978354978346,0.013352713178294673,0.013863855574283157,-0.004491122780695189,,,-0.08590204975747151,-0.03360316813231612,True,False,False,True,False,True,False
expanded,SQUIDPY_MERFISH_EXPANDED,1,9,833,expanded::SQUIDPY_MERFISH_EXPANDED::fold_1::9,0.3945868945868946,0.4122479462285287,0.39703774486383175,0.404099560761347,0.3960868527797662,,,0.5487603305785124,0.477723483759701,0.017661051641634118,0.008148385467181718,0.0014999581928715755,-0.016161093448762542,,,0.15417343599161776,0.08313658917280636,False,False,False,True,False,False,False
expanded,SQUIDPY_MERFISH_EXPANDED,2,0,3177,expanded::SQUIDPY_MERFISH_EXPANDED::fold_2::0,0.3157172271791352,0.3120848056537102,0.30474324891562893,0.32349360925136944,0.31869054280917736,,,0.304307974335472,0.3034558722291064,-0.003632421525424978,-0.011408803597659223,0.0029733156300421615,-0.004803066442192083,,,-0.011409252843663176,-0.01226135495002878,False,False,False,False,False,False,False
expanded,SQUIDPY_MERFISH_EXPANDED,2,1,2929,expanded::SQUIDPY_MERFISH_EXPANDED::fold_2::1,0.8749380472492978,0.8590878148400273,0.8710324089542264,0.8673041436000671,0.8658760648070821,,,0.777086866402864,0.8537046587588105,-0.015850232409270526,-0.015850232409270526,-0.009061982442215677,-0.009061982442215677,,,-0.09785118084643385,-0.02123338849048728,False,False,False,False,True,False,False
expanded,SQUIDPY_MERFISH_EXPANDED,2,10,24,expanded::SQUIDPY_MERFISH_EXPANDED::fold_2::10,0.06606606606606606,0.06309148264984227,0.06077348066298343,0.060422960725075525,0.058201058201058205,,,0.06194690265486726,0.06756756756756757,-0.0029745834162237944,-0.0029745834162237944,-0.007865007865007857,-0.007865007865007857,,,-0.004119163411198799,0.0015015015015015093,False,False,False,False,False,False,False
expanded,SQUIDPY_MERFISH_EXPANDED,2,11,352,expanded::SQUIDPY_MERFISH_EXPANDED::fold_2::11,0.43333333333333335,0.41965973534971646,0.42358078602620086,0.33827493261455527,0.4180327868852459,,,0.027906976744186046,0.13043478260869565,-0.013673597983616892,-0.013673597983616892,-0.015300546448087426,-0.015300546448087426,,,-0.4054263565891473,-0.30289855072463767,False,False,False,False,True,False,True
expanded,SQUIDPY_MERFISH_EXPANDED,2,12,1969,expanded::SQUIDPY_MERFISH_EXPANDED::fold_2::12,0.0010121457489878543,0.0010080645161290322,0.002011060834590246,0.003004506760140211,0.001011633788568538,,,0.003980099502487562,0.013651877133105802,-4.0812328588220315e-06,-0.0019964422440111786,-5.119604193162559e-07,-0.0019928729715716726,,,0.0029679537534997077,0.012639731384117947,False,False,False,False,False,False,False
expanded,SQUIDPY_MERFISH_EXPANDED,2,13,14,expanded::SQUIDPY_MERFISH_EXPANDED::fold_2::13,0.0,0.031746031746031744,0.0,0.0,0.05063291139240506,,,0.024013722126929676,0.09009009009009009,0.031746031746031744,0.031746031746031744,0.05063291139240506,0.018886879646373318,,,0.024013722126929676,0.09009009009009009,True,True,False,True,False,True,False
expanded,SQUIDPY_MERFISH_EXPANDED,2,14,115,expanded::SQUIDPY_MERFISH_EXPANDED::fold_2::14,0.16551724137931037,0.16455696202531644,0.15094339622641506,0.12195121951219512,0.16129032258064516,,,0.11326378539493294,0.32948929159802304,-0.0009602793539939258,-0.0009602793539939258,-0.0042269187986652135,-0.0042269187986652135,,,-0.05225345598437743,0.16397205021871267,False,False,False,False,False,False,False
expanded,SQUIDPY_MERFISH_EXPANDED,2,15,192,expanded::SQUIDPY_MERFISH_EXPANDED::fold_2::15,0.6443202979515829,0.5041782729805013,0.5934819897084047,0.5963149078726968,0.5976627712854757,,,0.5244956772334294,0.5641025641025641,-0.14014202497108152,-0.14014202497108152,-0.04665752666610712,-0.04665752666610712,,,-0.11982462071815347,-0.08021773384901876,False,False,False,False,True,False,True
expanded,SQUIDPY_MERFISH_EXPANDED,2,2,1355,expanded::SQUIDPY_MERFISH_EXPANDED::fold_2::2,0.9059033989266547,0.8996716526815031,0.9056875449964004,0.9019607843137255,0.8995352163031819,,,0.8957011980267794,0.9006716154118063,-0.006231746245151659,-0.006231746245151659,-0.006368182623472829,-0.006368182623472829,,,-0.010202200899875336,-0.0052317835148484315,False,False,False,False,False,False,False
expanded,SQUIDPY_MERFISH_EXPANDED,2,3,171,expanded::SQUIDPY_MERFISH_EXPANDED::fold_2::3,0.4680851063829787,0.4416403785488959,0.43537414965986393,0.4444444444444444,0.4556213017751479,,,0.3941605839416058,0.46209386281588444,-0.026444727834082804,-0.026444727834082804,-0.012463804607830753,-0.012463804607830753,,,-0.07392452244137288,-0.00599124356709424,False,False,False,False,True,False,True
expanded,SQUIDPY_MERFISH_EXPANDED,2,4,407,expanded::SQUIDPY_MERFISH_EXPANDED::fold_2::4,0.7163323782234956,0.6691042047531993,0.700280112044818,0.6909430438842203,0.7131782945736436,,,0.7297297297297297,0.7071290944123314,-0.047228173470296286,-0.047228173470296286,-0.0031540836498520353,-0.0031540836498520353,,,0.013397351506234112,-0.009203283811164198,False,False,False,False,True,False,False
expanded,SQUIDPY_MERFISH_EXPANDED,2,5,457,expanded::SQUIDPY_MERFISH_EXPANDED::fold_2::5,0.8161024702653249,0.7023255813953488,0.7464435146443514,0.8025022341376228,0.7401315789473686,,,0.5155455059355568,0.7011583011583012,-0.11377688886997606,-0.11377688886997606,-0.07597089131795631,-0.07597089131795631,,,-0.3005569643297681,-0.11494416910702365,False,False,False,False,True,False,True
expanded,SQUIDPY_MERFISH_EXPANDED,2,6,3971,expanded::SQUIDPY_MERFISH_EXPANDED::fold_2::6,0.770479704797048,0.7641509433962264,0.7595621694748493,0.766304347826087,0.758594346829641,,,0.791676926865304,0.7881004633016337,-0.006328761400821614,-0.006328761400821614,-0.011885357967406973,-0.011885357967406973,,,0.021197222068256028,0.017620758504585776,False,False,False,False,False,False,True
expanded,SQUIDPY_MERFISH_EXPANDED,2,7,7939,expanded::SQUIDPY_MERFISH_EXPANDED::fold_2::7,0.6480797043226739,0.646407953816549,0.6397866839043309,0.6568207082737811,0.651033386327504,,,0.6799251286850725,0.6756566052528421,-0.0016717505061248916,-0.01041275445723211,0.0029536820048300383,-0.00578732194627718,,,0.03184542436239857,0.02757690093016818,False,False,False,False,False,False,False
expanded,SQUIDPY_MERFISH_EXPANDED,2,8,503,expanded::SQUIDPY_MERFISH_EXPANDED::fold_2::8,0.6379781420765027,0.6390773405698779,0.6468555632342778,0.651063829787234,0.6173165895571712,,,0.5748418833450457,0.6321757618710134,0.001099198493375142,-0.011986489217356122,-0.02066155251933155,-0.033747240230062814,,,-0.063136258731457,-0.005802380205489288,False,False,False,False,False,False,True
expanded,SQUIDPY_MERFISH_EXPANDED,2,9,824,expanded::SQUIDPY_MERFISH_EXPANDED::fold_2::9,0.37454379562043794,0.3995127892813642,0.38079777365491646,0.38044485634847075,0.39632672788786855,,,0.49893519926985086,0.4497397973158038,0.024968993660926253,0.01871501562644773,0.02178293226743061,-0.0031860613934956428,,,0.12439140364941292,0.07519600169536589,True,False,False,True,False,True,False
expanded,SQUIDPY_MERFISH_EXPANDED,3,0,2965,expanded::SQUIDPY_MERFISH_EXPANDED::fold_3::0,0.296500603344251,0.2856120257695062,0.28994938539407084,0.2891816920943135,0.29198104930689595,,,0.22591362126245848,0.2681272822117893,-0.010888577574744818,-0.010888577574744818,-0.004519554037355045,-0.004519554037355045,,,-0.07058698208179251,-0.028373321132461715,False,False,False,False,True,False,False
expanded,SQUIDPY_MERFISH_EXPANDED,3,1,2701,expanded::SQUIDPY_MERFISH_EXPANDED::fold_3::1,0.8523809523809524,0.8182861514919664,0.8421052631578948,0.832553788587465,0.8418708240534521,,,0.7405394104118753,0.8253424657534246,-0.03409480088898598,-0.03409480088898598,-0.010510128327500201,-0.010510128327500201,,,-0.11184154196907703,-0.027038486627527725,False,False,False,False,True,False,True
expanded,SQUIDPY_MERFISH_EXPANDED,3,10,37,expanded::SQUIDPY_MERFISH_EXPANDED::fold_3::10,0.06779661016949153,0.06701030927835051,0.06388206388206388,0.07142857142857144,0.07588075880758807,,,0.07547169811320753,0.06349206349206349,-0.0007863008911410119,-0.004418262150220925,0.008084148638096547,0.004452187379016634,,,0.007675087943716005,-0.004304546677428037,False,False,False,False,False,False,False
expanded,SQUIDPY_MERFISH_EXPANDED,3,11,325,expanded::SQUIDPY_MERFISH_EXPANDED::fold_3::11,0.21753607103218645,0.20716023635731665,0.20733427362482368,0.16786570743405277,0.20904945633111185,,,0.03862660944206008,0.08154506437768241,-0.0103758346748698,-0.0103758346748698,-0.00848661470107459,-0.00848661470107459,,,-0.17890946159012636,-0.13599100665450403,False,False,False,False,True,False,False
expanded,SQUIDPY_MERFISH_EXPANDED,3,12,1818,expanded::SQUIDPY_MERFISH_EXPANDED::fold_3::12,0.0010976948408342481,0.0032822757111597373,0.00326619488296135,0.08057851239669422,0.0010964912280701754,,,0.007482629609834313,0.12475822050290133,0.002184580870325489,-0.07729623668553448,-1.2036127640727406e-06,-0.07948202116862405,,,0.006384934769000064,0.12366052566206709,False,False,False,False,False,False,False
expanded,SQUIDPY_MERFISH_EXPANDED,3,13,10,expanded::SQUIDPY_MERFISH_EXPANDED::fold_3::13,0.07865168539325842,0.07526881720430108,0.07453416149068325,0.06818181818181818,0.0736842105263158,,,0.027633851468048358,0.025495750708215296,-0.003382868188957347,-0.003382868188957347,-0.004967474866942628,-0.004967474866942628,,,-0.05101783392521007,-0.05315593468504313,False,False,False,False,False,False,False
expanded,SQUIDPY_MERFISH_EXPANDED,3,14,128,expanded::SQUIDPY_MERFISH_EXPANDED::fold_3::14,0.6474358974358975,0.6079027355623101,0.5852272727272727,0.18518518518518517,0.5572519083969467,,,0.09153153153153154,0.11714690599905526,-0.03953316187358735,-0.03953316187358735,-0.09018398903895075,-0.09018398903895075,,,-0.5559043659043659,-0.5302889914368422,False,False,False,False,True,False,True
expanded,SQUIDPY_MERFISH_EXPANDED,3,15,189,expanded::SQUIDPY_MERFISH_EXPANDED::fold_3::15,0.5799011532125206,0.4363636363636364,0.5283582089552239,0.4986149584487534,0.5187319884726224,,,0.5356037151702786,0.5681818181818182,-0.14353751684888416,-0.14353751684888416,-0.061169164739898196,-0.061169164739898196,,,-0.044297438042241954,-0.011719335030702327,False,False,False,False,True,False,True
expanded,SQUIDPY_MERFISH_EXPANDED,3,2,1215,expanded::SQUIDPY_MERFISH_EXPANDED::fold_3::2,0.892080745341615,0.8875598086124401,0.8959560266980761,0.8922716627634661,0.8927308447937131,,,0.8783269961977186,0.8803353658536586,-0.0045209367291748626,-0.008396218085635954,0.0006500994520981518,-0.0032251819043629393,,,-0.013753749143896377,-0.011745379487956398,False,False,False,False,False,False,False
expanded,SQUIDPY_MERFISH_EXPANDED,3,3,175,expanded::SQUIDPY_MERFISH_EXPANDED::fold_3::3,0.45849802371541504,0.33707865168539325,0.41198501872659177,0.26086956521739124,0.46405228758169936,,,0.41605839416058393,0.4696969696969697,-0.12141937203002179,-0.12141937203002179,0.005554263866284326,0.005554263866284326,,,-0.042439629554831104,0.011198945981554687,False,False,False,False,True,False,False
expanded,SQUIDPY_MERFISH_EXPANDED,3,4,483,expanded::SQUIDPY_MERFISH_EXPANDED::fold_3::4,0.7698042870456663,0.7347310847766635,0.7627906976744188,0.781190019193858,0.7693761814744801,,,0.7608286252354048,0.7576601671309192,-0.03507320226900279,-0.04645893441719451,-0.0004281055711862214,-0.01181383771937794,,,-0.008975661810261437,-0.012144119914747065,False,False,False,False,True,False,False
expanded,SQUIDPY_MERFISH_EXPANDED,3,5,831,expanded::SQUIDPY_MERFISH_EXPANDED::fold_3::5,0.8762006403415155,0.7801886792452829,0.8605870020964361,0.7621671258034894,0.8350202429149798,,,0.5522288755821689,0.730312362516498,-0.09601196109623256,-0.09601196109623256,-0.041180397426535675,-0.041180397426535675,,,-0.3239717647593465,-0.14588827782501745,False,False,False,False,True,False,True
expanded,SQUIDPY_MERFISH_EXPANDED,3,6,3920,expanded::SQUIDPY_MERFISH_EXPANDED::fold_3::6,0.7496510595102145,0.7455242966751918,0.746386000507228,0.7429760665972944,0.7262297082875626,,,0.768319381841597,0.7717569786535303,-0.004126762835022668,-0.004126762835022668,-0.023421351222651876,-0.023421351222651876,,,0.018668322331382492,0.022105919143315833,False,False,False,False,False,False,True
expanded,SQUIDPY_MERFISH_EXPANDED,3,7,8462,expanded::SQUIDPY_MERFISH_EXPANDED::fold_3::7,0.631439894319683,0.6432856483617905,0.6419886101277512,0.638916520009182,0.6095313741064338,,,0.661378889566809,0.6588307128682644,0.011845754042107526,0.0012970382340392606,-0.021908520213249183,-0.03375427425535671,,,0.029938995247126066,0.027390818548581497,False,False,False,True,False,False,True
expanded,SQUIDPY_MERFISH_EXPANDED,3,8,458,expanded::SQUIDPY_MERFISH_EXPANDED::fold_3::8,0.7045454545454546,0.6833855799373041,0.6873508353221957,0.7030995106035889,0.6846703733121525,,,0.580188679245283,0.6511254019292604,-0.021159874608150497,-0.021159874608150497,-0.01987508123330206,-0.01987508123330206,,,-0.12435677530017164,-0.0534200526161942,False,False,False,False,True,False,True
expanded,SQUIDPY_MERFISH_EXPANDED,3,9,800,expanded::SQUIDPY_MERFISH_EXPANDED::fold_3::9,0.3936617974746225,0.42976995940460083,0.4067536454336147,0.4182489451476793,0.41514360313315923,,,0.5653257386970452,0.4910438542310068,0.036108161929978344,0.011521014256921536,0.021481805658536746,-0.014626356271441598,,,0.17166394122242268,0.09738205675638434,True,False,False,True,False,True,False
expanded,SQUIDPY_SEQFISH_EXPANDED,1,0,4,expanded::SQUIDPY_SEQFISH_EXPANDED::fold_1::0,0.03278688524590164,0.028985507246376812,0.03508771929824561,0.06896551724137932,0.025641025641025644,,,0.04,0.054054054054054064,-0.003801377999524829,-0.03998000999500251,-0.0071458596048759974,-0.043324491600353676,,,0.00721311475409836,0.021267168808152423,False,False,False,False,False,False,False
expanded,SQUIDPY_SEQFISH_EXPANDED,1,1,10,expanded::SQUIDPY_SEQFISH_EXPANDED::fold_1::1,0.10526315789473685,0.11111111111111112,0.11764705882352941,0.20000000000000004,0.10526315789473685,,,0.0,0.0,0.005847953216374269,-0.08888888888888892,0.0,-0.09473684210526319,,,-0.10526315789473685,-0.10526315789473685,False,False,False,False,False,False,False
expanded,SQUIDPY_SEQFISH_EXPANDED,1,10,193,expanded::SQUIDPY_SEQFISH_EXPANDED::fold_1::10,0.384297520661157,0.37953091684434964,0.379746835443038,0.3807615230460922,0.3763837638376384,,,0.0,0.02040816326530612,-0.00476660381680738,-0.00476660381680738,-0.007913756823518636,-0.007913756823518636,,,-0.384297520661157,-0.3638893573958509,False,False,False,False,False,False,False
expanded,SQUIDPY_SEQFISH_EXPANDED,1,11,107,expanded::SQUIDPY_SEQFISH_EXPANDED::fold_1::11,0.1704035874439462,0.1964285714285714,0.19555555555555557,0.182648401826484,0.18099547511312217,,,0.17869415807560138,0.2162162162162162,0.02602498398462519,0.0008730158730158311,0.010591887669175959,-0.01543309631544923,,,0.00829057063165517,0.04581262877226999,False,False,False,True,False,True,False
expanded,SQUIDPY_SEQFISH_EXPANDED,1,12,355,expanded::SQUIDPY_SEQFISH_EXPANDED::fold_1::12,0.7627365356623,0.7708029197080292,0.7708029197080292,0.7750362844702468,0.7701149425287356,,,0.5642857142857143,0.7317829457364341,0.008066384045729125,-0.004233364762217584,0.0073784068664355384,-0.00492134194151117,,,-0.19845082137658576,-0.030953589925865943,False,False,False,False,False,False,False
expanded,SQUIDPY_SEQFISH_EXPANDED,1,13,470,expanded::SQUIDPY_SEQFISH_EXPANDED::fold_1::13,0.4352078239608802,0.4495192307692308,0.43742098609355246,0.5305216426193119,0.29322268326417705,,,0.2830626450116009,0.3238770685579196,0.01431140680835058,-0.08100241185008111,-0.14198514069670315,-0.23729895935513484,,,-0.1521451789492793,-0.11133075540296061,False,False,False,True,False,False,True
expanded,SQUIDPY_SEQFISH_EXPANDED,1,14,167,expanded::SQUIDPY_SEQFISH_EXPANDED::fold_1::14,0.7010309278350515,0.6643109540636042,0.6993006993006994,0.7873015873015873,0.6301369863013698,,,0.5387453874538746,0.7064439140811456,-0.03671997377144731,-0.1229906332379831,-0.07089394153368167,-0.15716460100021745,,,-0.16228554038117693,0.005412986246094098,False,False,False,False,True,False,True
expanded,SQUIDPY_SEQFISH_EXPANDED,1,15,182,expanded::SQUIDPY_SEQFISH_EXPANDED::fold_1::15,0.6995073891625615,0.7570332480818415,0.7346938775510204,0.6893203883495146,0.7259259259259259,,,0.21498371335504884,0.6038781163434903,0.05752585891927997,0.022339370530821023,0.026418536763364364,-0.031107322155915607,,,-0.48452367580751265,-0.09562927281907119,True,False,False,True,False,True,False
expanded,SQUIDPY_SEQFISH_EXPANDED,1,16,7,expanded::SQUIDPY_SEQFISH_EXPANDED::fold_1::16,0.013559322033898306,0.014134275618374558,0.015625,0.016326530612244896,0.014598540145985401,,,0.005208333333333333,0.01098901098901099,0.0005749535844762517,-0.002192254993870338,0.0010392181120870946,-0.001727990466259495,,,-0.008350988700564974,-0.0025703110448873166,False,False,False,False,False,False,False
expanded,SQUIDPY_SEQFISH_EXPANDED,1,17,410,expanded::SQUIDPY_SEQFISH_EXPANDED::fold_1::17,0.3585185185185185,0.38278931750741846,0.3564356435643564,0.4814305364511692,0.3712574850299401,,,0.6492659053833605,0.7661290322580646,0.024270798988899944,-0.09864121894375072,0.01273896651142159,-0.11017305142122907,,,0.290747386864842,0.4076105137395461,False,False,False,True,False,True,False
expanded,SQUIDPY_SEQFISH_EXPANDED,1,19,444,expanded::SQUIDPY_SEQFISH_EXPANDED::fold_1::19,0.2593144560357675,0.2640949554896142,0.24464831804281348,0.31199999999999994,0.28820960698689957,,,0.15411558669001751,0.12455516014234876,0.004780499453846676,-0.04790504451038574,0.028895150951132043,-0.023790393013100375,,,-0.10519886934575001,-0.13475929589341878,False,False,False,False,False,True,False
expanded,SQUIDPY_SEQFISH_EXPANDED,1,2,285,expanded::SQUIDPY_SEQFISH_EXPANDED::fold_1::2,0.8397626112759644,0.8272859216255443,0.7845303867403315,0.844776119402985,0.8452380952380952,,,0.7397622192866578,0.7828492392807745,-0.012476689650420147,-0.017490197777440764,0.005475483962130823,0.00046197583511020657,,,-0.10000039198930666,-0.056913371995189865,False,False,False,False,True,False,False
expanded,SQUIDPY_SEQFISH_EXPANDED,1,20,828,expanded::SQUIDPY_SEQFISH_EXPANDED::fold_1::20,0.8614993646759848,0.8649681528662421,0.8466019417475729,0.8778054862842892,0.8551282051282052,,,0.22669491525423727,0.7297096053611318,0.0034687881902573103,-0.012837333418047159,-0.006371159547779559,-0.022677281156084028,,,-0.6348044494217475,-0.13178975931485293,False,False,False,False,False,False,False
expanded,SQUIDPY_SEQFISH_EXPANDED,1,21,287,expanded::SQUIDPY_SEQFISH_EXPANDED::fold_1::21,0.8330464716006885,0.8556338028169014,0.8426573426573427,0.8466898954703833,0.8396396396396395,,,0.37701149425287356,0.7762376237623763,0.022587331216212925,0.008943907346518065,0.006593168038951047,-0.015994163177261878,,,-0.4560349773478149,-0.05680884783831219,False,False,False,True,False,False,False
expanded,SQUIDPY_SEQFISH_EXPANDED,1,3,223,expanded::SQUIDPY_SEQFISH_EXPANDED::fold_1::3,0.7566607460035524,0.7773722627737226,0.7808471454880295,0.7653429602888087,0.7703435804701628,,,0.595108695652174,0.7079934747145187,0.020711516770170246,-0.0034748827143068484,0.01368283446661045,-0.010503565017866645,,,-0.16155205035137843,-0.0486672712890337,False,False,False,True,False,True,False
expanded,SQUIDPY_SEQFISH_EXPANDED,1,4,23,expanded::SQUIDPY_SEQFISH_EXPANDED::fold_1::4,0.15037593984962405,0.1646090534979424,0.16393442622950818,0.15686274509803924,0.14184397163120568,,,0.10793650793650793,0.1386861313868613,0.014233113648318335,0.0006746272684342025,-0.008531968218418368,-0.022765081866736703,,,-0.042439431913116124,-0.01168980846276274,False,False,False,True,False,False,False
expanded,SQUIDPY_SEQFISH_EXPANDED,1,5,54,expanded::SQUIDPY_SEQFISH_EXPANDED::fold_1::5,0.22113022113022113,0.22613065326633167,0.22493887530562345,0.24347826086956517,0.22439024390243906,,,0.0,0.17500000000000002,0.005000432136110539,-0.017347607603233506,0.00326002277221793,-0.019088016967126115,,,-0.22113022113022113,-0.04613022113022111,False,False,False,False,False,False,False
expanded,SQUIDPY_SEQFISH_EXPANDED,1,6,284,expanded::SQUIDPY_SEQFISH_EXPANDED::fold_1::6,0.47288503253796094,0.48801742919389973,0.48245614035087725,0.4318181818181818,0.407673860911271,,,0.6789960369881111,0.7444444444444445,0.015132396655938796,0.005561288843022483,-0.06521117162668993,-0.08034356828262873,,,0.20611100445015013,0.2715594119064835,False,False,False,True,False,False,True
expanded,SQUIDPY_SEQFISH_EXPANDED,1,7,58,expanded::SQUIDPY_SEQFISH_EXPANDED::fold_1::7,0.33582089552238803,0.35042735042735046,0.40869565217391296,0.2461538461538462,0.30434782608695654,,,0.21161825726141079,0.26635514018691586,0.01460645490496243,-0.0582683017465625,-0.03147306943543149,-0.10434782608695642,,,-0.12420263826097724,-0.06946575533547217,False,False,False,True,False,False,True
expanded,SQUIDPY_SEQFISH_EXPANDED,1,8,1783,expanded::SQUIDPY_SEQFISH_EXPANDED::fold_1::8,0.7987927565392354,0.8343042071197411,0.8492975734355045,0.7906976744186046,0.8121693121693122,,,0.28557692307692306,0.6855045871559634,0.035511450580505644,-0.014993366315763423,0.01337655563007678,-0.037128261266192286,,,-0.5132158334623124,-0.11328816938327202,False,False,False,True,False,True,False
expanded,SQUIDPY_SEQFISH_EXPANDED,1,9,742,expanded::SQUIDPY_SEQFISH_EXPANDED::fold_1::9,0.8600288600288601,0.8671931083991385,0.8638968481375359,0.8663793103448275,0.8600143575017948,,,0.7849529780564264,0.8559670781893004,0.007164248370278403,0.0008137980543110324,-1.4502527065363147e-05,-0.007178750897343766,,,-0.07507588197243376,-0.004061781839559742,False,False,False,False,False,False,False
expanded,SQUIDPY_SEQFISH_EXPANDED,2,0,44,expanded::SQUIDPY_SEQFISH_EXPANDED::fold_2::0,0.09448818897637794,0.08928571428571429,0.09999999999999999,0.09523809523809523,0.09433962264150943,,,0.050526315789473676,0.061224489795918366,-0.00520247469066365,-0.010714285714285704,-0.00014856633486851067,-0.005660377358490565,,,-0.04396187318690426,-0.03326369918045957,False,False,False,False,False,False,False
expanded,SQUIDPY_SEQFISH_EXPANDED,2,1,65,expanded::SQUIDPY_SEQFISH_EXPANDED::fold_2::1,0.21714285714285717,0.22340425531914898,0.2142857142857143,0.14193548387096774,0.23391812865497078,,,0.026315789473684213,0.08547008547008547,0.006261398176291816,0.006261398176291816,0.01677527151211361,0.010513873335821794,,,-0.19082706766917296,-0.1316727716727717,False,True,False,False,False,True,False
expanded,SQUIDPY_SEQFISH_EXPANDED,2,10,251,expanded::SQUIDPY_SEQFISH_EXPANDED::fold_2::10,0.3813747228381374,0.36155606407322655,0.3652561247216036,0.4132231404958678,0.3758099352051837,,,0.0,0.023346303501945526,-0.019818658764910846,-0.051667076422641234,-0.005564787632953705,-0.03741320529068409,,,-0.3813747228381374,-0.3580284193361919,False,False,False,False,True,False,False
expanded,SQUIDPY_SEQFISH_EXPANDED,2,11,433,expanded::SQUIDPY_SEQFISH_EXPANDED::fold_2::11,0.1863173216885007,0.16024653312788906,0.17194570135746604,0.20461095100864554,0.1448382126348228,,,0.009174311926605503,0.12431444241316271,-0.026070788560611652,-0.044364417880756485,-0.04147910905367791,-0.05977273837382274,,,-0.1771430097618952,-0.062002879275338,False,False,False,False,True,False,True
expanded,SQUIDPY_SEQFISH_EXPANDED,2,12,567,expanded::SQUIDPY_SEQFISH_EXPANDED::fold_2::12,0.584192439862543,0.6293103448275862,0.621978021978022,0.5925925925925926,0.6185792349726775,,,0.1501597444089457,0.3918918918918919,0.0451179049650432,0.007332322849564199,0.03438679511013454,-0.01073110985490866,,,-0.4340326954535973,-0.1923005479706511,False,False,False,True,False,True,False
expanded,SQUIDPY_SEQFISH_EXPANDED,2,13,491,expanded::SQUIDPY_SEQFISH_EXPANDED::fold_2::13,0.4490934449093444,0.48128342245989303,0.42651296829971186,0.46511627906976744,0.36722306525037934,,,0.33375474083438683,0.3692722371967655,0.03218997755054864,0.016167143390125593,-0.08187037965896504,-0.11406035720951369,,,-0.11533870407495755,-0.07982120771257889,True,False,False,True,False,False,True
expanded,SQUIDPY_SEQFISH_EXPANDED,2,14,205,expanded::SQUIDPY_SEQFISH_EXPANDED::fold_2::14,0.677536231884058,0.6643109540636043,0.6654804270462634,0.6951672862453532,0.6666666666666667,,,0.5542635658914727,0.6419294990723562,-0.013225277820453685,-0.03085633218174888,-0.010869565217391242,-0.028500619578686437,,,-0.12327266599258524,-0.03560673281170179,False,False,False,False,True,False,True
expanded,SQUIDPY_SEQFISH_EXPANDED,2,15,381,expanded::SQUIDPY_SEQFISH_EXPANDED::fold_2::15,0.8422330097087378,0.854014598540146,0.8581907090464547,0.8542458808618504,0.8389423076923076,,,0.689547581903276,0.8601307189542483,0.01178158883140823,-0.004176110506308617,-0.0032907020164302248,-0.01924840135414707,,,-0.1526854278054618,0.017897709245510485,False,False,False,True,False,False,False
expanded,SQUIDPY_SEQFISH_EXPANDED,2,16,38,expanded::SQUIDPY_SEQFISH_EXPANDED::fold_2::16,0.06378986866791744,0.059649122807017535,0.060714285714285714,0.060000000000000005,0.06666666666666667,,,0.05158264947245018,0.08092485549132947,-0.004140745860899908,-0.004140745860899908,0.0028767979987492226,0.0028767979987492226,,,-0.012207219195467266,0.017134986823412024,False,False,False,False,False,False,False
expanded,SQUIDPY_SEQFISH_EXPANDED,2,17,22,expanded::SQUIDPY_SEQFISH_EXPANDED::fold_2::17,0.10945273631840796,0.12785388127853883,0.12173913043478261,0.1627906976744186,0.10526315789473685,,,0.12658227848101267,0.19047619047619047,0.018401144960130872,-0.034936816395879755,-0.0041895784236711114,-0.05752753977968174,,,0.017129542162604705,0.0810234541577825,False,False,False,True,False,False,False
expanded,SQUIDPY_SEQFISH_EXPANDED,2,18,55,expanded::SQUIDPY_SEQFISH_EXPANDED::fold_2::18,0.2098360655737705,0.20512820512820512,0.2064516129032258,0.2056555269922879,0.21498371335504887,,,0.09722222222222222,0.20664206642066418,-0.0047078604455653705,-0.0047078604455653705,0.0051476477812783805,0.0051476477812783805,,,-0.11261384335154827,-0.0031939991531063083,False,False,False,False,False,False,False
expanded,SQUIDPY_SEQFISH_EXPANDED,2,19,875,expanded::SQUIDPY_SEQFISH_EXPANDED::fold_2::19,0.35733819507748404,0.3604757548032937,0.3404255319148936,0.33550792171481825,0.396797153024911,,,0.14776274713839752,0.17737003058103973,0.0031375597258096466,0.0031375597258096466,0.03945895794742693,0.036321398221617285,,,-0.20957544793908653,-0.17996816449644432,False,True,False,False,False,True,False
expanded,SQUIDPY_SEQFISH_EXPANDED,2,2,72,expanded::SQUIDPY_SEQFISH_EXPANDED::fold_2::2,0.6486486486486487,0.6635944700460829,0.6399999999999999,0.6857142857142856,0.6792452830188679,,,0.40909090909090906,0.46905537459283386,0.014945821397434167,-0.022119815668202758,0.0305966343702192,-0.006469002695417725,,,-0.23955773955773962,-0.17959327405581482,False,False,False,True,False,True,False
expanded,SQUIDPY_SEQFISH_EXPANDED,2,20,117,expanded::SQUIDPY_SEQFISH_EXPANDED::fold_2::20,0.31896551724137934,0.30697674418604654,0.3302752293577982,0.31759656652360513,0.2807017543859649,,,0.3179190751445087,0.2992700729927007,-0.011988773055332802,-0.02329848517175165,-0.03826376285541444,-0.04957347497183329,,,-0.001046442096870659,-0.01969544424867864,False,False,False,False,True,False,True
expanded,SQUIDPY_SEQFISH_EXPANDED,2,21,289,expanded::SQUIDPY_SEQFISH_EXPANDED::fold_2::21,0.7400318979266347,0.7467532467532468,0.7390599675850892,0.7415730337078652,0.7414634146341463,,,0.5021645021645021,0.7504690431519699,0.006721348826612128,0.005180213045381632,0.0014315167075116264,-0.0052898321191005016,,,-0.23786739576213256,0.010437145225335231,False,False,False,False,False,False,False
expanded,SQUIDPY_SEQFISH_EXPANDED,2,3,168,expanded::SQUIDPY_SEQFISH_EXPANDED::fold_2::3,0.6928104575163399,0.695364238410596,0.6864686468646864,0.6889632107023411,0.6710526315789472,,,0.4213564213564214,0.6258503401360543,0.0025537808942561746,0.0025537808942561746,-0.021757825937392616,-0.02431160683164879,,,-0.2714540361599185,-0.06696011738028551,False,False,False,False,False,False,True
expanded,SQUIDPY_SEQFISH_EXPANDED,2,4,86,expanded::SQUIDPY_SEQFISH_EXPANDED::fold_2::4,0.3758700696055684,0.4030226700251889,0.4050632911392405,0.3827751196172249,0.3767441860465116,,,0.32113821138211385,0.3278008298755187,0.027152600419620476,-0.0020406211140516217,0.0008741164409432067,-0.02831910509272889,,,-0.054731858223454555,-0.04806923973004973,False,False,False,True,False,False,False
expanded,SQUIDPY_SEQFISH_EXPANDED,2,5,298,expanded::SQUIDPY_SEQFISH_EXPANDED::fold_2::5,0.5644171779141104,0.562111801242236,0.558282208588957,0.5335463258785942,0.5636363636363637,,,0.19095477386934676,0.5055350553505535,-0.0023053766718743596,-0.0023053766718743596,-0.0007808142777466776,-0.0007808142777466776,,,-0.3734624040447636,-0.05888212256355685,False,False,False,False,False,False,False
expanded,SQUIDPY_SEQFISH_EXPANDED,2,6,296,expanded::SQUIDPY_SEQFISH_EXPANDED::fold_2::6,0.6113821138211382,0.6334991708126037,0.6197654941373534,0.6156583629893237,0.5919732441471571,,,0.6626650660264105,0.733502538071066,0.02211705699146549,0.013733676675250273,-0.019408869673981033,-0.04152592666544652,,,0.05128295220527235,0.12212042424992786,True,False,False,True,False,False,True
expanded,SQUIDPY_SEQFISH_EXPANDED,2,7,51,expanded::SQUIDPY_SEQFISH_EXPANDED::fold_2::7,0.4791666666666667,0.4109589041095891,0.5433526011560693,0.4919786096256685,0.4034334763948498,,,0.21841541755888652,0.2727272727272727,-0.06820776255707761,-0.13239369704648024,-0.07573319027181691,-0.13991912476121954,,,-0.26075124910778014,-0.20643939393939398,False,False,False,False,True,False,True
expanded,SQUIDPY_SEQFISH_EXPANDED,2,8,989,expanded::SQUIDPY_SEQFISH_EXPANDED::fold_2::8,0.8406113537117903,0.849624060150376,0.8422174840085288,0.851409978308026,0.8223072717331875,,,0.48286367098248284,0.8168853394181403,0.00901270643858565,-0.0017859181576500571,-0.018304081978602782,-0.02910270657483849,,,-0.35774768272930746,-0.023726014293649955,False,False,False,False,False,False,True
expanded,SQUIDPY_SEQFISH_EXPANDED,2,9,318,expanded::SQUIDPY_SEQFISH_EXPANDED::fold_2::9,0.7320490367775832,0.7465277777777777,0.75043630017452,0.7360861759425494,0.7457044673539519,,,0.6826196473551637,0.7336377473363775,0.014478741000194528,-0.003908522396742331,0.013655430576368754,-0.004731832820568105,,,-0.04942938942241948,0.0015887105587943928,False,False,False,True,False,True,False
expanded,SQUIDPY_SEQFISH_EXPANDED,3,0,29,expanded::SQUIDPY_SEQFISH_EXPANDED::fold_3::0,0.10606060606060606,0.125,0.1322314049586777,0.11965811965811965,0.11678832116788321,,,0.00975609756097561,0.025157232704402517,0.018939393939393936,-0.00723140495867769,0.010727715107277144,-0.015443083790794482,,,-0.09630450849963046,-0.08090337335620354,False,False,False,True,False,True,False
expanded,SQUIDPY_SEQFISH_EXPANDED,3,1,37,expanded::SQUIDPY_SEQFISH_EXPANDED::fold_3::1,0.16822429906542052,0.1414141414141414,0.17142857142857143,0.247787610619469,0.14736842105263157,,,0.2262443438914027,0.2573099415204678,-0.026810157651279115,-0.10637346920532759,-0.02085587801278896,-0.10041918956683743,,,0.058020044825982164,0.0890856424550473,False,False,False,False,True,False,True
expanded,SQUIDPY_SEQFISH_EXPANDED,3,10,193,expanded::SQUIDPY_SEQFISH_EXPANDED::fold_3::10,0.3434903047091412,0.33618233618233617,0.33333333333333337,0.33333333333333337,0.3313253012048193,,,0.0,0.03980099502487563,-0.007307968526805042,-0.007307968526805042,-0.012165003504321925,-0.012165003504321925,,,-0.3434903047091412,-0.3036893096842656,False,False,False,False,False,False,True
expanded,SQUIDPY_SEQFISH_EXPANDED,3,11,83,expanded::SQUIDPY_SEQFISH_EXPANDED::fold_3::11,0.01015228426395939,0.010416666666666668,0.0101010101010101,0.008928571428571428,0.010928961748633882,,,0.10071942446043164,0.032520325203252036,0.00026438240270727775,0.00026438240270727775,0.0007766774846744914,0.0005122950819672137,,,0.09056714019647225,0.022368040939292646,False,False,False,False,False,False,False
expanded,SQUIDPY_SEQFISH_EXPANDED,3,12,321,expanded::SQUIDPY_SEQFISH_EXPANDED::fold_3::12,0.7725000000000001,0.7854454203262234,0.7741935483870968,0.7809762202753442,0.7762326169405815,,,0.8190184049079753,0.8273972602739725,0.012945420326223367,0.004469200050879252,0.003732616940581468,-0.009212803385641899,,,0.04651840490797521,0.05489726027397246,False,False,False,True,False,False,False
expanded,SQUIDPY_SEQFISH_EXPANDED,3,13,684,expanded::SQUIDPY_SEQFISH_EXPANDED::fold_3::13,0.43888354186718,0.42681775259678945,0.37281153450051496,0.45496750232126276,0.40040444893832156,,,0.1357234314980794,0.3573735199138859,-0.012065789270390537,-0.028149749724473316,-0.03847909292885843,-0.05456305338294121,,,-0.3031601103691006,-0.0815100219532941,False,False,False,False,True,False,True
expanded,SQUIDPY_SEQFISH_EXPANDED,3,14,169,expanded::SQUIDPY_SEQFISH_EXPANDED::fold_3::14,0.5863192182410424,0.5906040268456376,0.5866666666666667,0.6382978723404256,0.6103896103896104,,,0.5564853556485356,0.6649484536082474,0.004284808604595236,-0.047693845494787945,0.024070392148567987,-0.027908261950815194,,,-0.029833862592506755,0.07862923536720501,False,False,False,False,False,True,False
expanded,SQUIDPY_SEQFISH_EXPANDED,3,15,349,expanded::SQUIDPY_SEQFISH_EXPANDED::fold_3::15,0.804945054945055,0.8113975576662145,0.8108843537414965,0.8071625344352616,0.7961432506887052,,,0.6484751203852326,0.7786032689450223,0.006452502721159492,0.0005132039247179865,-0.008801804256349799,-0.015254306977509291,,,-0.1564699345598224,-0.026341786000032674,False,False,False,False,False,False,False
expanded,SQUIDPY_SEQFISH_EXPANDED,3,16,64,expanded::SQUIDPY_SEQFISH_EXPANDED::fold_3::16,0.09824561403508772,0.09384164222873902,0.09580838323353294,0.1027190332326284,0.11149825783972125,,,0.10537634408602149,0.11366384522370011,-0.004403971806348703,-0.008877391003889387,0.013252643804633535,0.00877922460709285,,,0.007130730050933773,0.015418231188612394,False,False,False,False,False,True,False
expanded,SQUIDPY_SEQFISH_EXPANDED,3,17,26,expanded::SQUIDPY_SEQFISH_EXPANDED::fold_3::17,0.05454545454545455,0.051948051948051945,0.055776892430278883,0.06493506493506493,0.059322033898305086,,,0.1,0.125,-0.002597402597402605,-0.012987012987012984,0.0047765793528505365,-0.005613031036759843,,,0.045454545454545456,0.07045454545454545,False,False,False,False,False,False,False
expanded,SQUIDPY_SEQFISH_EXPANDED,3,18,23,expanded::SQUIDPY_SEQFISH_EXPANDED::fold_3::18,0.1733333333333333,0.1951219512195122,0.18791946308724827,0.19642857142857142,0.1871345029239766,,,0.022471910112359553,0.10638297872340426,0.02178861788617889,-0.0013066202090592227,0.013801169590643286,-0.009294068504594827,,,-0.15086142322097376,-0.06695035460992906,False,False,False,True,False,True,False
expanded,SQUIDPY_SEQFISH_EXPANDED,3,19,1301,expanded::SQUIDPY_SEQFISH_EXPANDED::fold_3::19,0.5473009086050241,0.5490405117270789,0.5331179321486268,0.5279739272134709,0.5702261967385587,,,0.12517780938833573,0.2304635761589404,0.0017396031220547892,0.0017396031220547892,0.02292528813353456,0.02118568501147977,,,-0.4221230992166884,-0.3168373324460837,False,True,False,False,False,True,False
expanded,SQUIDPY_SEQFISH_EXPANDED,3,2,380,expanded::SQUIDPY_SEQFISH_EXPANDED::fold_3::2,0.9285714285714286,0.932349323493235,0.9099639855942376,0.9414694894146949,0.9356435643564357,,,0.8360836083608361,0.8972845336481701,0.0037778949218063573,-0.009120165921459922,0.007072135785007094,-0.005825925058259185,,,-0.09248782021059254,-0.031286894923258535,False,False,False,False,False,False,False
expanded,SQUIDPY_SEQFISH_EXPANDED,3,20,193,expanded::SQUIDPY_SEQFISH_EXPANDED::fold_3::20,0.6182795698924731,0.6338797814207651,0.646900269541779,0.6149584487534626,0.6324324324324325,,,0.396039603960396,0.625,0.01560021152829194,-0.013020488121013973,0.014152862539959399,-0.014467837109346515,,,-0.22223996593207712,0.006720430107526876,False,False,False,True,False,True,False
expanded,SQUIDPY_SEQFISH_EXPANDED,3,21,225,expanded::SQUIDPY_SEQFISH_EXPANDED::fold_3::21,0.7947598253275109,0.8043956043956044,0.8134831460674156,0.8027522935779816,0.7999999999999999,,,0.6398104265402844,0.7772511848341233,0.009635779068093542,-0.009087541671811139,0.005240174672489051,-0.01348314606741563,,,-0.15494939878722647,-0.01750864049338763,False,False,False,False,False,False,False
expanded,SQUIDPY_SEQFISH_EXPANDED,3,3,137,expanded::SQUIDPY_SEQFISH_EXPANDED::fold_3::3,0.7094339622641509,0.6992481203007519,0.7126436781609196,0.7094339622641509,0.7011070110701108,,,0.5748502994011976,0.6666666666666667,-0.010185841963399,-0.013395557860167662,-0.008326951194040144,-0.011536667090808805,,,-0.1345836628629533,-0.042767295597484156,False,False,False,False,True,False,False
expanded,SQUIDPY_SEQFISH_EXPANDED,3,4,104,expanded::SQUIDPY_SEQFISH_EXPANDED::fold_3::4,0.4859335038363171,0.4909560723514212,0.4986737400530504,0.469437652811736,0.48120300751879697,,,0.431554524361949,0.48311688311688306,0.0050225685151040755,-0.007717667701629183,-0.00473049631752015,-0.017470732534253408,,,-0.054378979474368094,-0.0028166207194340598,False,False,False,False,False,False,False
expanded,SQUIDPY_SEQFISH_EXPANDED,3,5,171,expanded::SQUIDPY_SEQFISH_EXPANDED::fold_3::5,0.5518672199170125,0.5574468085106383,0.553014553014553,0.5547169811320755,0.5527426160337553,,,0.5404040404040404,0.6376811594202898,0.005579588593625839,0.0027298273785628657,0.0008753961167428104,-0.004704192476883029,,,-0.011463179512972044,0.08581393950327731,False,False,False,False,False,False,False
expanded,SQUIDPY_SEQFISH_EXPANDED,3,6,373,expanded::SQUIDPY_SEQFISH_EXPANDED::fold_3::6,0.7530040053404539,0.762550881953867,0.7586206896551725,0.6814159292035398,0.7690322580645161,,,0.7539149888143176,0.8242009132420091,0.009546876613413136,0.003930192298694513,0.016028252724062275,0.00648137611064914,,,0.0009109834738637579,0.0711969079015552,False,False,False,False,False,True,False
expanded,SQUIDPY_SEQFISH_EXPANDED,3,7,191,expanded::SQUIDPY_SEQFISH_EXPANDED::fold_3::7,0.5622317596566523,0.4711538461538462,0.5924453280318092,0.5560747663551403,0.535496957403651,,,0.5557206537890045,0.5805471124620061,-0.09107791350280608,-0.12129148187796296,-0.02673480225300129,-0.05694837062815816,,,-0.006511105867647804,0.01831535280535379,False,False,False,False,True,False,True
expanded,SQUIDPY_SEQFISH_EXPANDED,3,8,932,expanded::SQUIDPY_SEQFISH_EXPANDED::fold_3::8,0.8188446438586652,0.8341708542713567,0.8446655610834715,0.8347153123272526,0.8205128205128205,,,0.5114503816793893,0.7943595769682726,0.015326210412691554,-0.010494706812114729,0.0016681766541553067,-0.024152740570650977,,,-0.3073942621792759,-0.024485066890392537,False,False,False,True,False,False,False
expanded,SQUIDPY_SEQFISH_EXPANDED,3,9,404,expanded::SQUIDPY_SEQFISH_EXPANDED::fold_3::9,0.8642590286425903,0.880597014925373,0.8712121212121211,0.888888888888889,0.8763769889840882,,,0.8125000000000001,0.856465005931198,0.016337986282782713,-0.008291873963515939,0.012117960341497924,-0.012511899904800727,,,-0.05175902864259019,-0.00779402271139229,False,False,False,True,False,True,False
expanded,SQUIDPY_SLIDESEQV2_EXPANDED,1,0,446,expanded::SQUIDPY_SLIDESEQV2_EXPANDED::fold_1::0,0.431328036322361,0.4142692750287687,0.40459770114942534,0.41954707985697254,0.4198385236447521,,,0.2840409956076135,0.4206642066420664,-0.017058761293592295,-0.017058761293592295,-0.011489512677608893,-0.011489512677608893,,,-0.14728704071474752,-0.010663829680294612,False,False,False,False,True,False,True
expanded,SQUIDPY_SLIDESEQV2_EXPANDED,1,1,528,expanded::SQUIDPY_SLIDESEQV2_EXPANDED::fold_1::1,0.4451827242524917,0.46221248630887185,0.4523281596452328,0.4535147392290249,0.4780278670953912,,,0.5094991364421416,0.5288065843621399,0.017029762056380127,0.00869774707984694,0.032845142842899466,0.01581538078651934,,,0.0643164121896499,0.08362386010964817,False,True,False,True,False,True,False
expanded,SQUIDPY_SLIDESEQV2_EXPANDED,1,10,489,expanded::SQUIDPY_SLIDESEQV2_EXPANDED::fold_1::10,0.6838124054462935,0.6741071428571429,0.6661721068249258,0.6266666666666667,0.6835236541598694,,,0.5807243707796195,0.6282306163021869,-0.00970526258915061,-0.00970526258915061,-0.00028875128642413816,-0.00028875128642413816,,,-0.10308803466667404,-0.05558178914410661,False,False,False,False,False,False,False
expanded,SQUIDPY_SLIDESEQV2_EXPANDED,1,11,426,expanded::SQUIDPY_SLIDESEQV2_EXPANDED::fold_1::11,0.30015797788309634,0.29393939393939394,0.3058103975535168,0.3022071307300509,0.3106267029972752,,,0.0734341252699784,0.19850187265917604,-0.006218583943702394,-0.011871003614122855,0.010468725114178845,0.004816305443758384,,,-0.22672385261311795,-0.1016561052239203,False,False,False,False,False,True,False
expanded,SQUIDPY_SLIDESEQV2_EXPANDED,1,12,382,expanded::SQUIDPY_SLIDESEQV2_EXPANDED::fold_1::12,0.4458128078817734,0.43667068757539207,0.4487334137515078,0.451923076923077,0.4476885644768856,,,0.5154639175257731,0.4866123399301513,-0.00914212030638134,-0.015252389347684914,0.001875756595112188,-0.004234512446191385,,,0.06965110964399973,0.040799532048377884,False,False,False,False,False,False,False
expanded,SQUIDPY_SLIDESEQV2_EXPANDED,1,13,635,expanded::SQUIDPY_SLIDESEQV2_EXPANDED::fold_1::13,0.48816029143898,0.4950495049504951,0.4896860986547085,0.5,0.48888888888888893,,,0.5512699905926621,0.5532676812891674,0.006889213511515113,-0.004950495049504899,0.0007285974499089409,-0.011111111111111072,,,0.06310969915368214,0.06510738985018738,False,False,False,False,False,False,False
expanded,SQUIDPY_SLIDESEQV2_EXPANDED,1,2,409,expanded::SQUIDPY_SLIDESEQV2_EXPANDED::fold_1::2,0.264,0.24932975871313673,0.2523489932885907,0.2659846547314578,0.2527173913043478,,,0.2038369304556355,0.2747688243064729,-0.014670241286863284,-0.016654896018321097,-0.01128260869565223,-0.013267263427110043,,,-0.06016306954436451,0.010768824306472913,False,False,False,False,True,False,True
expanded,SQUIDPY_SLIDESEQV2_EXPANDED,1,3,475,expanded::SQUIDPY_SLIDESEQV2_EXPANDED::fold_1::3,0.3839541547277937,0.3735955056179776,0.3718309859154929,0.363367799113737,0.3675832127351664,,,0.11743119266055047,0.3191489361702127,-0.010358649109816098,-0.010358649109816098,-0.016370941992627286,-0.016370941992627286,,,-0.26652296206724324,-0.06480521855758098,False,False,False,False,True,False,True
expanded,SQUIDPY_SLIDESEQV2_EXPANDED,1,4,301,expanded::SQUIDPY_SLIDESEQV2_EXPANDED::fold_1::4,0.2594594594594595,0.2753623188405797,0.2624768946395564,0.2589437819420784,0.27303754266211605,,,0.12727272727272726,0.22718052738336714,0.015902859381120238,0.012885424201023288,0.013578083202656577,-0.002324776178463661,,,-0.13218673218673221,-0.03227893207609234,True,False,False,True,False,True,False
expanded,SQUIDPY_SLIDESEQV2_EXPANDED,1,5,97,expanded::SQUIDPY_SLIDESEQV2_EXPANDED::fold_1::5,0.21093749999999997,0.22448979591836735,0.20454545454545453,0.24053452115812915,0.2254098360655738,,,0.12291666666666667,0.17709923664122137,0.013552295918367374,-0.016044725239761803,0.014472336065573826,-0.015124685092555351,,,-0.0880208333333333,-0.0338382633587786,False,False,False,True,False,True,False
expanded,SQUIDPY_SLIDESEQV2_EXPANDED,1,6,491,expanded::SQUIDPY_SLIDESEQV2_EXPANDED::fold_1::6,0.4552701505757307,0.45553539019963707,0.45883441258094354,0.45031905195989064,0.4527272727272727,,,0.42080745341614906,0.44369747899159667,0.0002652396239063437,-0.003299022381306471,-0.002542877848458025,-0.00610713985367084,,,-0.03446269715958167,-0.011572671584134053,False,False,False,False,False,False,False
expanded,SQUIDPY_SLIDESEQV2_EXPANDED,1,7,366,expanded::SQUIDPY_SLIDESEQV2_EXPANDED::fold_1::7,0.4763231197771588,0.46879334257975036,0.4727272727272727,0.46749654218533887,0.4743411927877948,,,0.3964285714285714,0.4546805349182764,-0.007529777197408438,-0.007529777197408438,-0.0019819269893640024,-0.0019819269893640024,,,-0.07989454834858739,-0.021642584858882374,False,False,False,False,False,False,False
expanded,SQUIDPY_SLIDESEQV2_EXPANDED,1,8,308,expanded::SQUIDPY_SLIDESEQV2_EXPANDED::fold_1::8,0.31250000000000006,0.3127035830618893,0.3096774193548387,0.315955766192733,0.32371794871794873,,,0.04507042253521126,0.2453531598513011,0.00020358306188922315,-0.0032521831308437443,0.011217948717948678,0.007762182525215711,,,-0.2674295774647888,-0.06714684014869896,False,False,False,False,False,True,False
expanded,SQUIDPY_SLIDESEQV2_EXPANDED,1,9,257,expanded::SQUIDPY_SLIDESEQV2_EXPANDED::fold_1::9,0.20386643233743412,0.20825852782764812,0.19928825622775798,0.17898832684824903,0.21869488536155204,,,0.09214092140921408,0.163716814159292,0.004392095490213993,0.004392095490213993,0.014828453024117921,0.010436357533903928,,,-0.11172551092822004,-0.04014961817814211,False,True,False,False,False,True,False
expanded,SQUIDPY_SLIDESEQV2_EXPANDED,2,0,504,expanded::SQUIDPY_SLIDESEQV2_EXPANDED::fold_2::0,0.45129224652087474,0.4519326065411299,0.4468937875751503,0.44555444555444557,0.4300411522633745,,,0.2964763061968408,0.4319148936170213,0.0006403600202551374,0.0006403600202551374,-0.021251094257500214,-0.02189145427775535,,,-0.15481594032403395,-0.01937735290385345,False,False,False,False,False,False,True
expanded,SQUIDPY_SLIDESEQV2_EXPANDED,2,1,491,expanded::SQUIDPY_SLIDESEQV2_EXPANDED::fold_2::1,0.3427895981087471,0.34433962264150947,0.336094674556213,0.32406287787182586,0.3480278422273782,,,0.3782467532467532,0.4082474226804124,0.001550024532762373,0.001550024532762373,0.005238244118631108,0.003688219585868735,,,0.035457155138006125,0.06545782457166532,False,False,False,False,False,False,False
expanded,SQUIDPY_SLIDESEQV2_EXPANDED,2,10,485,expanded::SQUIDPY_SLIDESEQV2_EXPANDED::fold_2::10,0.6813353566009105,0.6788154897494306,0.6757369614512473,0.6891679748822607,0.6751879699248121,,,0.573529411764706,0.630118890356671,-0.0025198668514798683,-0.010352485132830047,-0.006147386676098376,-0.013980004957448555,,,-0.10780594483620454,-0.05121646624423948,False,False,False,False,False,False,False
expanded,SQUIDPY_SLIDESEQV2_EXPANDED,2,11,494,expanded::SQUIDPY_SLIDESEQV2_EXPANDED::fold_2::11,0.3185595567867036,0.32891246684350134,0.31361760660247595,0.32041343669250644,0.30958904109589036,,,0.11191335740072202,0.2023217247097844,0.010352910056797726,0.008499030150994902,-0.008970515690813252,-0.01932342574761098,,,-0.2066461993859816,-0.1162378320769192,False,False,False,True,False,False,False
expanded,SQUIDPY_SLIDESEQV2_EXPANDED,2,12,651,expanded::SQUIDPY_SLIDESEQV2_EXPANDED::fold_2::12,0.4811683320522675,0.49214659685863876,0.487658937920718,0.4981791697013838,0.4912012241775057,,,0.5064102564102564,0.5162241887905604,0.010978264806371263,-0.006032572842745054,0.010032892125238224,-0.006977945523878093,,,0.025241924357988887,0.03505585673829292,False,False,False,True,False,True,False
expanded,SQUIDPY_SLIDESEQV2_EXPANDED,2,13,430,expanded::SQUIDPY_SLIDESEQV2_EXPANDED::fold_2::13,0.36023391812865496,0.37600922722029995,0.36571428571428566,0.3788968824940048,0.3706214689265537,,,0.39383938393839385,0.4122310305775765,0.015775309091644985,-0.002887655273704881,0.010387550797898715,-0.00827541356745115,,,0.03360546580973889,0.05199711244892152,False,False,False,True,False,True,False
expanded,SQUIDPY_SLIDESEQV2_EXPANDED,2,2,448,expanded::SQUIDPY_SLIDESEQV2_EXPANDED::fold_2::2,0.2357142857142857,0.25090470446320867,0.24249699879951978,0.23529411764705882,0.24455205811138014,,,0.23157894736842105,0.2518703241895262,0.015190418748922963,0.008407705663688897,0.008837772397094434,-0.006352646351828528,,,-0.004135338345864659,0.016156038475240497,False,False,False,True,False,False,False
expanded,SQUIDPY_SLIDESEQV2_EXPANDED,2,3,465,expanded::SQUIDPY_SLIDESEQV2_EXPANDED::fold_2::3,0.30701754385964913,0.3033873343151694,0.29333333333333333,0.2936630602782071,0.31142857142857144,,,0.12915129151291513,0.2649842271293375,-0.0036302095444797344,-0.0036302095444797344,0.00441102756892231,0.00441102756892231,,,-0.177866252346734,-0.04203331673031163,False,False,False,False,False,False,False
expanded,SQUIDPY_SLIDESEQV2_EXPANDED,2,4,472,expanded::SQUIDPY_SLIDESEQV2_EXPANDED::fold_2::4,0.41200000000000003,0.4271047227926078,0.40866873065015485,0.4365671641791045,0.3939720129171152,,,0.08944543828264759,0.32051282051282054,0.015104722792607772,-0.009462441386496712,-0.018027987082884833,-0.04259515126198932,,,-0.3225545617173524,-0.09148717948717949,False,False,False,True,False,False,True
expanded,SQUIDPY_SLIDESEQV2_EXPANDED,2,5,200,expanded::SQUIDPY_SLIDESEQV2_EXPANDED::fold_2::5,0.3312883435582822,0.34303215926493114,0.33383010432190763,0.304857621440536,0.35555555555555557,,,0.2290881688018086,0.29315960912052114,0.011743815706648952,0.009202054943023508,0.024267211997273386,0.012523396290624433,,,-0.10220017475647358,-0.03812873443776105,False,True,False,True,False,True,False
expanded,SQUIDPY_SLIDESEQV2_EXPANDED,2,6,466,expanded::SQUIDPY_SLIDESEQV2_EXPANDED::fold_2::6,0.40146654445462876,0.39740018570102137,0.39629629629629626,0.39222941720629045,0.40668523676880225,,,0.33304572907679036,0.3865086599817684,-0.004066358753607391,-0.004066358753607391,0.00521869231417349,0.00521869231417349,,,-0.0684208153778384,-0.014957884472860339,False,False,False,False,False,False,False
expanded,SQUIDPY_SLIDESEQV2_EXPANDED,2,7,424,expanded::SQUIDPY_SLIDESEQV2_EXPANDED::fold_2::7,0.48275862068965514,0.4758454106280193,0.4774665042630938,0.4613583138173303,0.4825,,,0.4041916167664671,0.4473684210526316,-0.0069132100616358105,-0.0069132100616358105,-0.0002586206896551535,-0.0002586206896551535,,,-0.07856700392318805,-0.035390199637023556,False,False,False,False,False,False,False
expanded,SQUIDPY_SLIDESEQV2_EXPANDED,2,8,367,expanded::SQUIDPY_SLIDESEQV2_EXPANDED::fold_2::8,0.21390374331550802,0.21478382147838215,0.2087912087912088,0.2112676056338028,0.22053231939163495,,,0.0944558521560575,0.1921921921921922,0.0008800781628741372,0.0008800781628741372,0.006628576076126935,0.005748497913252798,,,-0.11944789115945052,-0.021711551123315825,False,False,False,False,False,False,False
expanded,SQUIDPY_SLIDESEQV2_EXPANDED,2,9,292,expanded::SQUIDPY_SLIDESEQV2_EXPANDED::fold_2::9,0.13916500994035785,0.1349693251533742,0.13709677419354838,0.13173652694610777,0.13306451612903228,,,0.04177545691906005,0.11061946902654866,-0.00419568478698365,-0.00419568478698365,-0.006100493811325575,-0.006100493811325575,,,-0.0973895530212978,-0.02854554091380919,False,False,False,False,False,False,False
expanded,SQUIDPY_SLIDESEQV2_EXPANDED,3,0,550,expanded::SQUIDPY_SLIDESEQV2_EXPANDED::fold_3::0,0.4221198156682028,0.4231127679403541,0.4266917293233083,0.42412818096135724,0.4271123491179201,,,0.3659090909090909,0.4241245136186771,0.000992952272151293,-0.0035789613829542155,0.00499253344971734,0.00042061979461183174,,,-0.056210724759111874,0.00200469795047431,False,False,False,False,False,False,False
expanded,SQUIDPY_SLIDESEQV2_EXPANDED,3,1,481,expanded::SQUIDPY_SLIDESEQV2_EXPANDED::fold_3::1,0.3623481781376518,0.3673057517658931,0.3732251521298175,0.3881856540084388,0.35000000000000003,,,0.32817337461300305,0.36903831118060987,0.004957573628241285,-0.02087990224254571,-0.012348178137651766,-0.03818565400843876,,,-0.034174803524648745,0.0066901330429580685,False,False,False,False,False,False,True
expanded,SQUIDPY_SLIDESEQV2_EXPANDED,3,10,526,expanded::SQUIDPY_SLIDESEQV2_EXPANDED::fold_3::10,0.6307106598984772,0.6165228113440198,0.6194909993792674,0.6150061500615006,0.6149106592729513,,,0.5506329113924051,0.5928041119360365,-0.014187848554457427,-0.014187848554457427,-0.01580000062552589,-0.01580000062552589,,,-0.08007774850607208,-0.03790654796244064,False,False,False,False,True,False,True
expanded,SQUIDPY_SLIDESEQV2_EXPANDED,3,11,529,expanded::SQUIDPY_SLIDESEQV2_EXPANDED::fold_3::11,0.3025,0.30318471337579617,0.31116687578419067,0.31362467866323906,0.2959309494451295,,,0.08362369337979095,0.19584569732937684,0.0006847133757961754,-0.010439965287442898,-0.006569050554870504,-0.017693729218109577,,,-0.21887630662020904,-0.10665430267062315,False,False,False,False,False,False,False
expanded,SQUIDPY_SLIDESEQV2_EXPANDED,3,12,467,expanded::SQUIDPY_SLIDESEQV2_EXPANDED::fold_3::12,0.4546240276577355,0.45689655172413796,0.45929734361610963,0.45045045045045046,0.45486111111111105,,,0.41938674579624136,0.4743362831858407,0.002272524066402437,-0.0024007918919716764,0.0002370834533755306,-0.004436232504998583,,,-0.03523728186149416,0.019712255528105183,False,False,False,False,False,False,False
expanded,SQUIDPY_SLIDESEQV2_EXPANDED,3,13,435,expanded::SQUIDPY_SLIDESEQV2_EXPANDED::fold_3::13,0.35406698564593303,0.3546441495778046,0.35872235872235875,0.3798076923076923,0.35011990407673865,,,0.4551282051282051,0.4298642533936652,0.0005771639318715716,-0.02516354272988769,-0.003947081569194377,-0.029687788230953638,,,0.10106121948227209,0.07579726774773216,False,False,False,False,False,False,False
expanded,SQUIDPY_SLIDESEQV2_EXPANDED,3,2,643,expanded::SQUIDPY_SLIDESEQV2_EXPANDED::fold_3::2,0.37662337662337664,0.3805060918462981,0.374650512581547,0.40791738382099824,0.30784508440913605,,,0.19087136929460582,0.17702845100105377,0.00388271522292144,-0.027411291974700158,-0.06877829221424059,-0.10007229941186219,,,-0.1857520073287708,-0.19959492562232287,False,False,False,False,False,False,True
expanded,SQUIDPY_SLIDESEQV2_EXPANDED,3,3,560,expanded::SQUIDPY_SLIDESEQV2_EXPANDED::fold_3::3,0.2887417218543047,0.2770448548812665,0.27741083223249674,0.2638522427440633,0.29172141918528255,,,0.17125382262996944,0.25718194254445964,-0.011696866973038178,-0.011696866973038178,0.0029796973309778596,0.0029796973309778596,,,-0.11748789922433525,-0.03155977930984505,False,False,False,False,True,False,False
expanded,SQUIDPY_SLIDESEQV2_EXPANDED,3,4,544,expanded::SQUIDPY_SLIDESEQV2_EXPANDED::fold_3::4,0.4477892756349953,0.44906033630069236,0.44176706827309237,0.47926267281105994,0.4485436893203883,,,0.1259600614439324,0.28748451053283763,0.0012710606656970436,-0.030202336510367578,0.0007544136853929739,-0.030718983490671647,,,-0.3218292141910629,-0.1603047651021577,False,False,False,False,False,False,False
expanded,SQUIDPY_SLIDESEQV2_EXPANDED,3,5,516,expanded::SQUIDPY_SLIDESEQV2_EXPANDED::fold_3::5,0.7077747989276139,0.7130730050933788,0.6758064516129032,0.7276084949215142,0.7140410958904111,,,0.5650406504065041,0.6365655070318282,0.005298206165764929,-0.014535489828135462,0.006266296962797235,-0.013567399031103156,,,-0.14273414852110977,-0.07120929189578562,False,False,False,False,False,False,False
expanded,SQUIDPY_SLIDESEQV2_EXPANDED,3,6,543,expanded::SQUIDPY_SLIDESEQV2_EXPANDED::fold_3::6,0.42814814814814817,0.4244657332350773,0.4342599549211119,0.41867469879518077,0.4261321455085375,,,0.3842432619212163,0.4265536723163842,-0.003682414913070864,-0.00979422168603461,-0.002016002639610659,-0.008127809412574405,,,-0.043904886226931894,-0.0015944758317639751,False,False,False,False,False,False,False
expanded,SQUIDPY_SLIDESEQV2_EXPANDED,3,7,508,expanded::SQUIDPY_SLIDESEQV2_EXPANDED::fold_3::7,0.4876190476190476,0.490530303030303,0.48799231508165225,0.5039370078740157,0.4907497565725414,,,0.4498714652956298,0.4757981462409887,0.0029112554112553646,-0.013406704843712758,0.003130708953493766,-0.013187251301474356,,,-0.037747582323417794,-0.011820901378058912,False,False,False,False,False,False,False
expanded,SQUIDPY_SLIDESEQV2_EXPANDED,3,8,352,expanded::SQUIDPY_SLIDESEQV2_EXPANDED::fold_3::8,0.23913043478260865,0.2390891840607211,0.2326454033771107,0.22586520947176686,0.25594149908592323,,,0.1218961625282167,0.2209302325581395,-4.125072188754242e-05,-4.125072188754242e-05,0.016811064303314582,0.016811064303314582,,,-0.11723427225439195,-0.018200202224469136,False,True,False,False,False,True,False
expanded,SQUIDPY_SLIDESEQV2_EXPANDED,3,9,389,expanded::SQUIDPY_SLIDESEQV2_EXPANDED::fold_3::9,0.2363367799113737,0.22321428571428567,0.21893491124260353,0.2222222222222222,0.2054380664652568,,,0.09230769230769231,0.17696160267111852,-0.013122494197088025,-0.013122494197088025,-0.030898713446116888,-0.030898713446116888,,,-0.14402908760368138,-0.05937517724025518,False,False,False,False,True,False,True
preview,GEO_GSE240015_VISIUM_THYMUS_DOMAIN,1,d0_02mo::leiden_1.0_0,261,preview::GEO_GSE240015_VISIUM_THYMUS_DOMAIN::fold_1::d0_02mo::leiden_1.0_0,0.4976744186046512,0.5361702127659574,0.4647887323943662,0.5158371040723981,0.5046296296296297,0.5306122448979592,0.5105386416861827,,,0.03849579416130622,0.02033310869355931,0.006955211024978425,-0.03154058313632779,0.03293782629330799,0.020073603211776536,,,True,False,True,True,False,False,False
preview,GEO_GSE240015_VISIUM_THYMUS_DOMAIN,1,d0_02mo::leiden_1.0_1,239,preview::GEO_GSE240015_VISIUM_THYMUS_DOMAIN::fold_1::d0_02mo::leiden_1.0_1,0.6848635235732009,0.17064846416382248,0.5569620253164557,0.7505518763796909,0.5822102425876011,0.6564102564102564,0.6065573770491803,,,-0.5142150594093784,-0.5799034122158684,-0.10265328098559978,-0.16834163379208977,-0.028453267162944496,-0.028453267162944496,,,False,False,False,False,True,False,True
preview,GEO_GSE240015_VISIUM_THYMUS_DOMAIN,1,d0_02mo::leiden_1.0_2,216,preview::GEO_GSE240015_VISIUM_THYMUS_DOMAIN::fold_1::d0_02mo::leiden_1.0_2,0.23021582733812948,0.20363636363636364,0.20454545454545456,0.2109090909090909,0.24199288256227758,0.23655913978494628,0.2413793103448276,,,-0.026579463701765838,-0.026579463701765838,0.011777055224148097,0.011777055224148097,0.006343312446816796,-0.0048201705598813205,,,False,True,False,False,True,True,False
preview,GEO_GSE240015_VISIUM_THYMUS_DOMAIN,1,d0_02mo::leiden_1.0_3,225,preview::GEO_GSE240015_VISIUM_THYMUS_DOMAIN::fold_1::d0_02mo::leiden_1.0_3,0.3092105263157895,0.31438127090301,0.34285714285714286,0.326797385620915,0.31023102310231027,0.3729903536977492,0.3365695792880259,,,0.005170744587220499,-0.02847587195413287,0.0010204967865207748,-0.032626119754832594,0.0637798273819597,0.0364207744097233,,,False,False,True,False,False,False,False
preview,GEO_GSE240015_VISIUM_THYMUS_DOMAIN,1,d0_02mo::leiden_1.0_4,190,preview::GEO_GSE240015_VISIUM_THYMUS_DOMAIN::fold_1::d0_02mo::leiden_1.0_4,0.2978723404255319,0.21201413427561835,0.23741007194244607,0.25278810408921937,0.3049645390070922,0.3381294964028777,0.32280701754385965,,,-0.08585820614991355,-0.08585820614991355,0.007092198581560294,0.007092198581560294,0.040257155977345804,0.015322478859018052,,,False,False,True,False,True,False,False
preview,GEO_GSE240015_VISIUM_THYMUS_DOMAIN,2,d0_02mo::leiden_1.0_0,65,preview::GEO_GSE240015_VISIUM_THYMUS_DOMAIN::fold_2::d0_02mo::leiden_1.0_0,0.3545454545454545,0.3842364532019704,0.35467980295566504,0.36000000000000004,0.3545454545454545,0.3679245283018868,0.35238095238095235,,,0.02969099865651592,0.024236453201970376,0.0,-0.02969099865651592,0.013379073756432325,0.013379073756432325,,,True,False,True,True,False,False,False
preview,GEO_GSE240015_VISIUM_THYMUS_DOMAIN,2,d0_02mo::leiden_1.0_1,234,preview::GEO_GSE240015_VISIUM_THYMUS_DOMAIN::fold_2::d0_02mo::leiden_1.0_1,0.39228295819935693,0.26666666666666666,0.6005509641873279,0.3911671924290221,0.39228295819935693,0.37333333333333335,0.3172413793103448,,,-0.12561629153269027,-0.33388429752066123,0.0,-0.20826800598797096,-0.018949624866023584,-0.018949624866023584,,,False,False,False,False,True,False,False
preview,GEO_GSE240015_VISIUM_THYMUS_DOMAIN,2,d0_02mo::leiden_1.0_2,125,preview::GEO_GSE240015_VISIUM_THYMUS_DOMAIN::fold_2::d0_02mo::leiden_1.0_2,0.189873417721519,0.17721518987341772,0.20987654320987656,0.2111801242236025,0.189873417721519,0.16666666666666666,0.2208588957055215,,,-0.012658227848101278,-0.03396493435018477,0.0,-0.021306706502083494,-0.023206751054852343,-0.054192229038854844,,,False,False,False,False,True,False,False
preview,GEO_GSE240015_VISIUM_THYMUS_DOMAIN,2,d0_02mo::leiden_1.0_3,137,preview::GEO_GSE240015_VISIUM_THYMUS_DOMAIN::fold_2::d0_02mo::leiden_1.0_3,0.30150753768844224,0.39047619047619053,0.35820895522388063,0.4210526315789474,0.30150753768844224,0.3300970873786408,0.3333333333333333,,,0.08896865278774829,-0.03057644110275687,0.0,-0.11954509389050516,0.028589549690198557,-0.003236245954692518,,,False,False,False,True,False,False,False
preview,GEO_GSE240015_VISIUM_THYMUS_DOMAIN,2,d0_02mo::leiden_1.0_4,110,preview::GEO_GSE240015_VISIUM_THYMUS_DOMAIN::fold_2::d0_02mo::leiden_1.0_4,0.4731182795698925,0.5174129353233831,0.5230769230769231,0.267515923566879,0.4731182795698925,0.48979591836734687,0.5,,,0.044294655753490564,-0.005663987753540045,0.0,-0.04995864350703061,0.016677638797454375,-0.010204081632653128,,,False,False,False,True,False,False,False
preview,GEO_GSE240015_VISIUM_THYMUS_DOMAIN,2,d0_18mo::leiden_1.0_0,113,preview::GEO_GSE240015_VISIUM_THYMUS_DOMAIN::fold_2::d0_18mo::leiden_1.0_0,0.19696969696969696,0.5202312138728324,0.39999999999999997,0.36129032258064514,0.19696969696969696,0.2272727272727273,0.24817518248175185,,,0.3232615169031355,0.12023121387283248,0.0,-0.3232615169031355,0.03030303030303033,-0.020902455209024562,,,True,False,False,True,False,False,False
preview,GEO_GSE240015_VISIUM_THYMUS_DOMAIN,2,d0_18mo::leiden_1.0_1,28,preview::GEO_GSE240015_VISIUM_THYMUS_DOMAIN::fold_2::d0_18mo::leiden_1.0_1,0.38095238095238093,0.3333333333333333,0.2857142857142857,0.45454545454545453,0.38095238095238093,0.4307692307692308,0.45161290322580644,,,-0.047619047619047616,-0.12121212121212122,0.0,-0.0735930735930736,0.04981684981684986,-0.020843672456575646,,,False,False,False,False,True,False,False
preview,GEO_GSE240015_VISIUM_THYMUS_DOMAIN,2,d0_18mo::leiden_1.0_2,47,preview::GEO_GSE240015_VISIUM_THYMUS_DOMAIN::fold_2::d0_18mo::leiden_1.0_2,0.15625,0.3181818181818182,0.29213483146067415,0.37499999999999994,0.15625,0.24615384615384614,0.23188405797101447,,,0.16193181818181818,-0.05681818181818177,0.0,-0.21874999999999994,0.08990384615384614,0.014269788182831672,,,False,False,True,True,False,False,False
preview,GEO_GSE240015_VISIUM_THYMUS_DOMAIN,2,d0_18mo::leiden_1.0_3,3,preview::GEO_GSE240015_VISIUM_THYMUS_DOMAIN::fold_2::d0_18mo::leiden_1.0_3,0.058252427184466014,0.052631578947368425,0.07407407407407407,0.05660377358490566,0.058252427184466014,0.06451612903225806,0.06185567010309278,,,-0.005620848237097589,-0.021442495126705645,0.0,-0.015821646889608056,0.006263701847792048,0.002660458929165284,,,False,False,False,False,False,False,False
preview,GEO_GSE240015_VISIUM_THYMUS_DOMAIN,2,d0_18mo::leiden_1.0_4,11,preview::GEO_GSE240015_VISIUM_THYMUS_DOMAIN::fold_2::d0_18mo::leiden_1.0_4,0.1724137931034483,0.15267175572519082,0.21978021978021975,0.16260162601626016,0.1724137931034483,0.10526315789473685,0.10084033613445377,,,-0.01974203737825747,-0.06710846405502893,0.0,-0.04736642667677146,-0.06715063520871144,-0.06715063520871144,,,False,False,False,False,True,False,False
preview,GEO_GSE240015_VISIUM_THYMUS_DOMAIN,2,d0_18mo::leiden_1.0_5,25,preview::GEO_GSE240015_VISIUM_THYMUS_DOMAIN::fold_2::d0_18mo::leiden_1.0_5,0.2972972972972973,0.3492063492063492,0.3142857142857143,0.39999999999999997,0.2972972972972973,0.2978723404255319,0.30434782608695654,,,0.05190905190905187,-0.05079365079365078,0.0,-0.10270270270270265,0.0005750431282345869,-0.00647548566142464,,,False,False,False,True,False,False,False
preview,GEO_GSE240015_VISIUM_THYMUS_DOMAIN,2,d0_18mo::leiden_1.0_6,1,preview::GEO_GSE240015_VISIUM_THYMUS_DOMAIN::fold_2::d0_18mo::leiden_1.0_6,0.0,0.0,0.0,0.0,0.0,0.0,0.0,,,0.0,0.0,0.0,0.0,0.0,0.0,,,False,False,False,False,False,False,False
preview,GEO_GSE240015_VISIUM_THYMUS_DOMAIN,2,d0_18mo::leiden_1.0_7,7,preview::GEO_GSE240015_VISIUM_THYMUS_DOMAIN::fold_2::d0_18mo::leiden_1.0_7,0.038461538461538464,0.060606060606060594,0.05,0.04938271604938272,0.038461538461538464,0.038461538461538464,0.04123711340206186,,,0.02214452214452213,0.010606060606060591,0.0,-0.02214452214452213,0.0,-0.002775574940523398,,,False,False,False,False,False,False,False
preview,GEO_GSE240015_VISIUM_THYMUS_DOMAIN,3,d0_18mo::leiden_1.0_0,66,preview::GEO_GSE240015_VISIUM_THYMUS_DOMAIN::fold_3::d0_18mo::leiden_1.0_0,0.17721518987341772,0.10256410256410256,0.136986301369863,0.17721518987341772,0.125,0.13157894736842105,0.22222222222222218,,,-0.07465108730931516,-0.07465108730931516,-0.05221518987341772,-0.05221518987341772,-0.04563624250499668,-0.09064327485380114,,,False,False,False,False,True,False,True
preview,GEO_GSE240015_VISIUM_THYMUS_DOMAIN,3,d0_18mo::leiden_1.0_1,104,preview::GEO_GSE240015_VISIUM_THYMUS_DOMAIN::fold_3::d0_18mo::leiden_1.0_1,0.24615384615384617,0.23437499999999997,0.248062015503876,0.3053435114503817,0.26356589147286824,0.3829787234042553,0.3529411764705882,,,-0.011778846153846195,-0.07096851145038172,0.017412045319022074,-0.04177761997751345,0.13682487725040915,0.030037546933667114,,,False,False,True,False,True,True,False
preview,GEO_GSE240015_VISIUM_THYMUS_DOMAIN,3,d0_18mo::leiden_1.0_2,38,preview::GEO_GSE240015_VISIUM_THYMUS_DOMAIN::fold_3::d0_18mo::leiden_1.0_2,0.2127659574468085,0.1923076923076923,0.26415094339622636,0.17391304347826086,0.16666666666666666,0.21739130434782608,0.24489795918367344,,,-0.020458265139116222,-0.07184325108853407,-0.046099290780141855,-0.0974842767295597,0.0046253469010175685,-0.027506654835847355,,,False,False,False,False,True,False,True
preview,GEO_GSE240015_VISIUM_THYMUS_DOMAIN,3,d0_18mo::leiden_1.0_3,79,preview::GEO_GSE240015_VISIUM_THYMUS_DOMAIN::fold_3::d0_18mo::leiden_1.0_3,0.7285714285714285,0.7714285714285715,0.6865671641791045,0.7605633802816901,0.7299270072992702,0.7534246575342466,0.7375886524822695,,,0.04285714285714293,0.010865191146881337,0.0013555787278416442,-0.04150156412930128,0.024853228962818052,0.01583600505197713,,,True,False,True,True,False,False,False
preview,GEO_GSE240015_VISIUM_THYMUS_DOMAIN,3,d0_18mo::leiden_1.0_4,60,preview::GEO_GSE240015_VISIUM_THYMUS_DOMAIN::fold_3::d0_18mo::leiden_1.0_4,0.7317073170731706,0.717948717948718,0.6037735849056605,0.7580645161290323,0.717948717948718,0.743801652892562,0.7377049180327869,,,-0.013758599124452653,-0.0401157981803143,-0.013758599124452653,-0.0401157981803143,0.012094335819391344,0.0060967348597750215,,,False,False,False,False,True,False,True
preview,GEO_GSE240015_VISIUM_THYMUS_DOMAIN,3,d0_18mo::leiden_1.0_5,30,preview::GEO_GSE240015_VISIUM_THYMUS_DOMAIN::fold_3::d0_18mo::leiden_1.0_5,0.4337349397590361,0.37037037037037035,0.4337349397590361,0.45,0.4444444444444445,0.4235294117647059,0.4750000000000001,,,-0.06336456938866575,-0.07962962962962966,0.010709504685408378,-0.005555555555555536,-0.010205527994330221,-0.05147058823529421,,,False,False,False,False,True,True,False
preview,GEO_GSE240015_VISIUM_THYMUS_DOMAIN,3,d0_18mo::leiden_1.0_6,12,preview::GEO_GSE240015_VISIUM_THYMUS_DOMAIN::fold_3::d0_18mo::leiden_1.0_6,0.5599999999999999,0.5384615384615384,0.48000000000000004,0.4242424242424242,0.5,0.4516129032258065,0.4516129032258065,,,-0.021538461538461506,-0.021538461538461506,-0.05999999999999994,-0.05999999999999994,-0.10838709677419345,-0.10838709677419345,,,False,False,False,False,True,False,True
preview,GEO_GSE240015_VISIUM_THYMUS_DOMAIN,3,d0_18mo::leiden_1.0_7,21,preview::GEO_GSE240015_VISIUM_THYMUS_DOMAIN::fold_3::d0_18mo::leiden_1.0_7,0.11267605633802817,0.09090909090909091,0.17647058823529413,0.11940298507462685,0.11267605633802817,0.12307692307692307,0.12121212121212122,,,-0.02176696542893726,-0.08556149732620322,0.0,-0.06379453189726596,0.010400866738894898,0.0018648018648018544,,,False,False,False,False,True,False,False
preview,GEO_GSE240015_VISIUM_THYMUS_DOMAIN,4,d0_02mo::leiden_1.0_0,345,preview::GEO_GSE240015_VISIUM_THYMUS_DOMAIN::fold_4::d0_02mo::leiden_1.0_0,0.508130081300813,0.5354330708661418,0.5220883534136547,0.5101214574898786,0.5161290322580645,0.5132382892057027,0.516260162601626,,,0.027302989565328728,0.01334471745248711,0.00799895095725145,-0.01930403860807728,0.005108207904889639,-0.0030218733959233024,,,True,False,False,True,False,False,False
preview,GEO_GSE240015_VISIUM_THYMUS_DOMAIN,4,d0_02mo::leiden_1.0_1,91,preview::GEO_GSE240015_VISIUM_THYMUS_DOMAIN::fold_4::d0_02mo::leiden_1.0_1,0.6044444444444445,0.5934065934065934,0.69,0.6019417475728156,0.6285714285714287,0.6153846153846154,0.6267281105990784,,,-0.011037851037851043,-0.09659340659340654,0.02412698412698422,-0.06142857142857128,0.010940170940170968,-0.011343495214462984,,,False,False,False,False,True,True,False
preview,GEO_GSE240015_VISIUM_THYMUS_DOMAIN,4,d0_02mo::leiden_1.0_2,132,preview::GEO_GSE240015_VISIUM_THYMUS_DOMAIN::fold_4::d0_02mo::leiden_1.0_2,0.20571428571428574,0.22950819672131148,0.19889502762430936,0.1775147928994083,0.2159090909090909,0.2247191011235955,0.24175824175824176,,,0.023793911007025742,0.023793911007025742,0.010194805194805173,-0.013599105812220569,0.01900481540930976,-0.01703914063464626,,,True,False,False,True,False,True,False
preview,GEO_GSE240015_VISIUM_THYMUS_DOMAIN,4,d0_02mo::leiden_1.0_3,34,preview::GEO_GSE240015_VISIUM_THYMUS_DOMAIN::fold_4::d0_02mo::leiden_1.0_3,0.2782608695652174,0.24778761061946908,0.29565217391304344,0.24299065420560745,0.2782608695652174,0.2982456140350877,0.288135593220339,,,-0.030473258945748316,-0.04786456329357436,0.0,-0.017391304347826042,0.019984744469870308,0.01011002081474871,,,False,False,True,False,True,False,False
preview,GEO_GSE240015_VISIUM_THYMUS_DOMAIN,4,d0_02mo::leiden_1.0_4,5,preview::GEO_GSE240015_VISIUM_THYMUS_DOMAIN::fold_4::d0_02mo::leiden_1.0_4,0.0697674418604651,0.06593406593406594,0.060000000000000005,0.06741573033707865,0.06666666666666667,0.07142857142857144,0.07142857142857144,,,-0.0038333759263991657,-0.0038333759263991657,-0.0031007751937984357,-0.0031007751937984357,0.001661129568106337,0.0,,,False,False,False,False,False,False,False
preview,GEO_GSE240015_VISIUM_THYMUS_DOMAIN,4,d0_18mo::leiden_1.0_0,45,preview::GEO_GSE240015_VISIUM_THYMUS_DOMAIN::fold_4::d0_18mo::leiden_1.0_0,0.21951219512195122,0.27397260273972607,0.24657534246575344,0.23809523809523808,0.2278481012658228,0.2823529411764706,0.2558139534883721,,,0.05446040761777485,0.02739726027397263,0.008335906143871585,-0.04612450147390326,0.06284074605451936,0.02653898768809848,,,True,False,True,True,False,False,False
preview,GEO_GSE240015_VISIUM_THYMUS_DOMAIN,4,d0_18mo::leiden_1.0_1,45,preview::GEO_GSE240015_VISIUM_THYMUS_DOMAIN::fold_4::d0_18mo::leiden_1.0_1,0.18518518518518515,0.18867924528301885,0.14545454545454545,0.15384615384615385,0.1818181818181818,0.2222222222222222,0.1818181818181818,,,0.0034940600978337066,0.0034940600978337066,-0.0033670033670033517,-0.006861063464837058,0.03703703703703706,0.03703703703703706,,,False,False,True,False,False,False,False
preview,GEO_GSE240015_VISIUM_THYMUS_DOMAIN,4,d0_18mo::leiden_1.0_2,31,preview::GEO_GSE240015_VISIUM_THYMUS_DOMAIN::fold_4::d0_18mo::leiden_1.0_2,0.2597402597402597,0.3333333333333333,0.3055555555555556,0.2439024390243902,0.273972602739726,0.27906976744186046,0.2857142857142857,,,0.0735930735930736,0.027777777777777735,0.014232342999466296,-0.0593607305936073,0.019329507701600745,-0.006644518272425237,,,True,False,False,True,False,True,False
preview,GEO_GSE240015_VISIUM_THYMUS_DOMAIN,4,d0_18mo::leiden_1.0_3,36,preview::GEO_GSE240015_VISIUM_THYMUS_DOMAIN::fold_4::d0_18mo::leiden_1.0_3,0.3283582089552239,0.5641025641025642,0.5797101449275361,0.3098591549295775,0.3888888888888889,0.2962962962962963,0.36363636363636365,,,0.23574435514734032,-0.015607580824971934,0.06053067993366501,-0.19082125603864725,-0.032061912658927605,-0.06734006734006737,,,False,False,False,True,False,True,False
preview,GEO_GSE240015_VISIUM_THYMUS_DOMAIN,4,d0_18mo::leiden_1.0_4,24,preview::GEO_GSE240015_VISIUM_THYMUS_DOMAIN::fold_4::d0_18mo::leiden_1.0_4,0.5135135135135135,0.4583333333333333,0.5,0.39603960396039606,0.4938271604938272,0.5128205128205128,0.5,,,-0.05518018018018017,-0.05518018018018017,-0.019686353019686298,-0.019686353019686298,-0.0006930006930007115,-0.0006930006930007115,,,False,False,False,False,True,False,True
preview,GEO_GSE240015_VISIUM_THYMUS_DOMAIN,4,d0_18mo::leiden_1.0_5,27,preview::GEO_GSE240015_VISIUM_THYMUS_DOMAIN::fold_4::d0_18mo::leiden_1.0_5,0.3484848484848485,0.3458646616541354,0.338235294117647,0.3358778625954198,0.35384615384615387,0.34108527131782945,0.33870967741935487,,,-0.0026201868307131337,-0.0026201868307131337,0.005361305361305357,0.005361305361305357,-0.007399577167019056,-0.007399577167019056,,,False,False,False,False,False,False,False
preview,GEO_GSE240015_VISIUM_THYMUS_DOMAIN,4,d0_18mo::leiden_1.0_6,56,preview::GEO_GSE240015_VISIUM_THYMUS_DOMAIN::fold_4::d0_18mo::leiden_1.0_6,0.46296296296296297,0.4770642201834862,0.4521739130434782,0.3838383838383838,0.46296296296296297,0.4864864864864865,0.5094339622641509,,,0.014101257220523244,0.014101257220523244,0.0,-0.014101257220523244,0.02352352352352355,-0.022947475777664428,,,True,False,False,True,False,False,False
preview,GEO_GSE240015_VISIUM_THYMUS_DOMAIN,4,d0_18mo::leiden_1.0_7,7,preview::GEO_GSE240015_VISIUM_THYMUS_DOMAIN::fold_4::d0_18mo::leiden_1.0_7,0.05797101449275363,0.06153846153846154,0.06451612903225805,0.028169014084507043,0.056338028169014086,0.028169014084507043,0.025974025974025972,,,0.003567447045707911,-0.002977667493796507,-0.001632986323739545,-0.008178100863243963,-0.029802000408246588,-0.029802000408246588,,,False,False,False,False,False,False,False
preview,GEO_GSE240015_VISIUM_THYMUS_DOMAIN,5,d0_02mo::leiden_1.0_0,75,preview::GEO_GSE240015_VISIUM_THYMUS_DOMAIN::fold_5::d0_02mo::leiden_1.0_0,0.48750000000000004,0.509090909090909,0.49079754601226994,0.511904761904762,0.48750000000000004,0.5269461077844311,0.46987951807228917,,,0.021590909090908994,-0.002813852813852935,0.0,-0.02440476190476193,0.03944610778443103,0.03944610778443103,,,False,False,True,True,False,False,False
preview,GEO_GSE240015_VISIUM_THYMUS_DOMAIN,5,d0_02mo::leiden_1.0_1,67,preview::GEO_GSE240015_VISIUM_THYMUS_DOMAIN::fold_5::d0_02mo::leiden_1.0_1,0.732919254658385,0.738255033557047,0.7924528301886793,0.7547169811320754,0.729559748427673,0.7564102564102564,0.6666666666666666,,,0.005335778898661991,-0.05419779663163227,-0.003359506230712017,-0.06289308176100628,0.023491001751871354,0.023491001751871354,,,False,False,True,False,False,False,False
preview,GEO_GSE240015_VISIUM_THYMUS_DOMAIN,5,d0_02mo::leiden_1.0_2,90,preview::GEO_GSE240015_VISIUM_THYMUS_DOMAIN::fold_5::d0_02mo::leiden_1.0_2,0.25396825396825395,0.29230769230769227,0.28571428571428575,0.31343283582089554,0.265625,0.2833333333333333,0.2184873949579832,,,0.038339438339438314,-0.02112514351320327,0.011656746031746046,-0.04780783582089554,0.029365079365079372,0.029365079365079372,,,False,False,True,True,False,True,False
preview,GEO_GSE240015_VISIUM_THYMUS_DOMAIN,5,d0_02mo::leiden_1.0_3,72,preview::GEO_GSE240015_VISIUM_THYMUS_DOMAIN::fold_5::d0_02mo::leiden_1.0_3,0.44067796610169496,0.4705882352941177,0.5166666666666667,0.36893203883495146,0.41739130434782606,0.5511811023622047,0.532258064516129,,,0.029910269192422734,-0.04607843137254902,-0.023286661753868898,-0.09927536231884065,0.11050313626050978,0.01892303784607574,,,False,False,True,True,False,False,True
preview,GEO_GSE240015_VISIUM_THYMUS_DOMAIN,5,d0_02mo::leiden_1.0_4,18,preview::GEO_GSE240015_VISIUM_THYMUS_DOMAIN::fold_5::d0_02mo::leiden_1.0_4,0.1724137931034483,0.21052631578947367,0.1923076923076923,0.18181818181818182,0.19672131147540986,0.18867924528301885,0.22222222222222218,,,0.038112522686025385,0.018218623481781382,0.024307518371961573,-0.013805004314063812,0.016265452179570566,-0.03354297693920333,,,True,False,False,True,False,True,False
preview,GEO_GSE240015_VISIUM_THYMUS_DOMAIN,5,d0_18mo::leiden_1.0_0,59,preview::GEO_GSE240015_VISIUM_THYMUS_DOMAIN::fold_5::d0_18mo::leiden_1.0_0,0.34951456310679613,0.40707964601769914,0.4102564102564103,0.3773584905660377,0.3619047619047619,0.39252336448598135,0.38888888888888884,,,0.05756508291090301,-0.0031767642387111605,0.012390198797965768,-0.0483516483516484,0.043008801379185224,0.0036344755970925124,,,False,False,False,True,False,True,False
preview,GEO_GSE240015_VISIUM_THYMUS_DOMAIN,5,d0_18mo::leiden_1.0_1,47,preview::GEO_GSE240015_VISIUM_THYMUS_DOMAIN::fold_5::d0_18mo::leiden_1.0_1,0.22580645161290325,0.26666666666666666,0.27586206896551724,0.22950819672131148,0.22950819672131148,0.25396825396825395,0.25,,,0.040860215053763416,-0.009195402298850575,0.003701745108408233,-0.04635387224420576,0.028161802355350707,0.003968253968253954,,,False,False,False,True,False,False,False
preview,GEO_GSE240015_VISIUM_THYMUS_DOMAIN,5,d0_18mo::leiden_1.0_2,100,preview::GEO_GSE240015_VISIUM_THYMUS_DOMAIN::fold_5::d0_18mo::leiden_1.0_2,0.35374149659863946,0.4210526315789474,0.4415584415584416,0.3188405797101449,0.3586206896551724,0.4081632653061224,0.4342105263157895,,,0.06731113498030794,-0.020505809979494194,0.004879193056532949,-0.08293775190326919,0.05442176870748294,-0.02604726100966709,,,False,False,False,True,False,False,False
preview,GEO_GSE240015_VISIUM_THYMUS_DOMAIN,5,d0_18mo::leiden_1.0_3,4,preview::GEO_GSE240015_VISIUM_THYMUS_DOMAIN::fold_5::d0_18mo::leiden_1.0_3,0.06451612903225806,0.06666666666666668,0.07142857142857142,0.0625,0.0625,0.08333333333333334,0.05263157894736842,,,0.002150537634408617,-0.004761904761904745,-0.0020161290322580627,-0.008928571428571425,0.01881720430107528,0.01881720430107528,,,False,False,False,False,False,False,False
preview,GEO_GSE240015_VISIUM_THYMUS_DOMAIN,5,d0_18mo::leiden_1.0_4,14,preview::GEO_GSE240015_VISIUM_THYMUS_DOMAIN::fold_5::d0_18mo::leiden_1.0_4,0.5142857142857143,0.48888888888888893,0.5789473684210527,0.5,0.4864864864864865,0.5641025641025641,0.4782608695652174,,,-0.025396825396825418,-0.09005847953216373,-0.027799227799227832,-0.09246088193456614,0.04981684981684975,0.04981684981684975,,,False,False,True,False,True,False,True
preview,GEO_GSE240015_VISIUM_THYMUS_DOMAIN,5,d0_18mo::leiden_1.0_5,21,preview::GEO_GSE240015_VISIUM_THYMUS_DOMAIN::fold_5::d0_18mo::leiden_1.0_5,0.33802816901408445,0.38235294117647056,0.38888888888888895,0.36619718309859156,0.36619718309859156,0.37142857142857144,0.3333333333333333,,,0.04432477216238612,-0.0065359477124183885,0.028169014084507116,-0.02269170579029739,0.033400402414486996,0.033400402414486996,,,False,False,True,True,False,True,False
preview,GEO_GSE240015_VISIUM_THYMUS_DOMAIN,5,d0_18mo::leiden_1.0_6,2,preview::GEO_GSE240015_VISIUM_THYMUS_DOMAIN::fold_5::d0_18mo::leiden_1.0_6,0.05263157894736842,0.0,0.06666666666666667,0.05,0.0,0.0625,0.05263157894736842,,,-0.05263157894736842,-0.06666666666666667,-0.05263157894736842,-0.06666666666666667,0.009868421052631582,0.009868421052631582,,,False,False,False,False,False,False,False
preview,GEO_GSE240015_VISIUM_THYMUS_DOMAIN,5,d0_18mo::leiden_1.0_7,16,preview::GEO_GSE240015_VISIUM_THYMUS_DOMAIN::fold_5::d0_18mo::leiden_1.0_7,0.13333333333333333,0.18867924528301885,0.18867924528301885,0.16666666666666666,0.13333333333333333,0.1846153846153846,0.1904761904761905,,,0.05534591194968552,0.0,0.0,-0.05534591194968552,0.051282051282051266,-0.0058608058608058955,,,False,False,False,True,False,False,False
preview,GEO_GSE284005_MERSCOPE_MS,1,B,17,preview::GEO_GSE284005_MERSCOPE_MS::fold_1::B,0.8571428571428571,0.8108108108108107,0.8333333333333333,0.8571428571428571,0.8333333333333333,0.8108108108108107,0.8333333333333333,,,-0.04633204633204635,-0.04633204633204635,-0.023809523809523836,-0.023809523809523836,-0.04633204633204635,-0.04633204633204635,,,False,False,False,False,True,False,True
preview,GEO_GSE284005_MERSCOPE_MS,1,BCAS1+ OL,98,preview::GEO_GSE284005_MERSCOPE_MS::fold_1::BCAS1+ OL,0.2622950819672131,0.2622950819672131,0.25000000000000006,0.2184873949579832,0.21666666666666667,0.2748091603053435,0.26016260162601623,,,0.0,0.0,-0.0456284153005464,-0.0456284153005464,0.012514078338130452,0.012514078338130452,,,False,False,True,False,False,False,True
preview,GEO_GSE284005_MERSCOPE_MS,1,CCN1.Astro,58,preview::GEO_GSE284005_MERSCOPE_MS::fold_1::CCN1.Astro,0.49246231155778897,0.5,0.48704663212435234,0.5025641025641026,0.5164835164835165,0.5,0.49746192893401014,,,0.007537688442211032,-0.002564102564102555,0.02402120492572757,0.013919413919413981,0.007537688442211032,0.0025380710659898553,,,False,True,False,False,False,True,False
preview,GEO_GSE284005_MERSCOPE_MS,1,CD4+ T,36,preview::GEO_GSE284005_MERSCOPE_MS::fold_1::CD4+ T,0.5822784810126581,0.625,0.6075949367088608,0.5641025641025642,0.5952380952380953,0.6,0.5822784810126581,,,0.04272151898734189,0.017405063291139222,0.012959614225437233,-0.029761904761904656,0.017721518987341867,0.017721518987341867,,,True,False,True,True,False,True,False
preview,GEO_GSE284005_MERSCOPE_MS,1,CD8+ T,46,preview::GEO_GSE284005_MERSCOPE_MS::fold_1::CD8+ T,0.49624060150375937,0.48854961832061067,0.4923076923076923,0.4696969696969696,0.49624060150375937,0.48854961832061067,0.48854961832061067,,,-0.007690983183148703,-0.007690983183148703,0.0,0.0,-0.007690983183148703,-0.007690983183148703,,,False,False,False,False,False,False,False
preview,GEO_GSE284005_MERSCOPE_MS,1,COP,66,preview::GEO_GSE284005_MERSCOPE_MS::fold_1::COP,0.653061224489796,0.6391752577319588,0.653061224489796,0.653061224489796,0.6391752577319588,0.7058823529411764,0.653061224489796,,,-0.013885966757837154,-0.013885966757837154,-0.013885966757837154,-0.013885966757837154,0.05282112845138043,0.05282112845138043,,,False,False,True,False,True,False,True
preview,GEO_GSE284005_MERSCOPE_MS,1,DA.Astro,55,preview::GEO_GSE284005_MERSCOPE_MS::fold_1::DA.Astro,0.576,0.5691056910569107,0.5736434108527131,0.5555555555555555,0.576,0.5714285714285715,0.576,,,-0.006894308943089289,-0.006894308943089289,0.0,0.0,-0.004571428571428449,-0.004571428571428449,,,False,False,False,False,False,False,False
preview,GEO_GSE284005_MERSCOPE_MS,1,DAOPC,127,preview::GEO_GSE284005_MERSCOPE_MS::fold_1::DAOPC,0.6536964980544748,0.6328125,0.640926640926641,0.6287878787878788,0.6240601503759398,0.6229508196721312,0.6456692913385826,,,-0.02088399805447483,-0.02088399805447483,-0.02963634767853507,-0.02963634767853507,-0.030745678382343655,-0.030745678382343655,,,False,False,False,False,True,False,True
preview,GEO_GSE284005_MERSCOPE_MS,1,Disease OL,76,preview::GEO_GSE284005_MERSCOPE_MS::fold_1::Disease OL,0.14666666666666667,0.13043478260869565,0.13245033112582782,0.14102564102564102,0.12162162162162163,0.15584415584415584,0.1456953642384106,,,-0.01623188405797102,-0.01623188405797102,-0.02504504504504504,-0.02504504504504504,0.009177489177489173,0.009177489177489173,,,False,False,False,False,True,False,True
preview,GEO_GSE284005_MERSCOPE_MS,1,Fibroblast,45,preview::GEO_GSE284005_MERSCOPE_MS::fold_1::Fibroblast,0.6776859504132231,0.6842105263157895,0.6833333333333332,0.6666666666666667,0.7068965517241379,0.6956521739130435,0.6890756302521008,,,0.006524575902566387,0.0008771929824562541,0.029210601310914797,0.02268602540834841,0.017966223499820355,0.006576543660942624,,,False,True,False,False,False,True,False
preview,GEO_GSE284005_MERSCOPE_MS,1,Homeo.Astro,44,preview::GEO_GSE284005_MERSCOPE_MS::fold_1::Homeo.Astro,0.08510638297872342,0.10526315789473682,0.0,0.08510638297872342,0.07692307692307693,0.08510638297872342,0.08510638297872342,,,0.020156774916013406,0.020156774916013406,-0.008183306055646489,-0.028340080971659895,0.0,0.0,,,True,False,False,True,False,False,False
preview,GEO_GSE284005_MERSCOPE_MS,1,Homeo.Endo,77,preview::GEO_GSE284005_MERSCOPE_MS::fold_1::Homeo.Endo,0.411214953271028,0.45454545454545453,0.45045045045045046,0.5344827586206897,0.3653846153846154,0.4220183486238532,0.411214953271028,,,0.0433305012744265,-0.0799373040752352,-0.04583033788641261,-0.1690981432360743,0.010803395352825151,0.010803395352825151,,,False,False,True,True,False,False,True
preview,GEO_GSE284005_MERSCOPE_MS,1,Imm OL,48,preview::GEO_GSE284005_MERSCOPE_MS::fold_1::Imm OL,0.1935483870967742,0.17094017094017094,0.192,0.18320610687022898,0.17699115044247787,0.1791044776119403,0.18749999999999997,,,-0.022608216156603245,-0.022608216156603245,-0.016557236654296315,-0.016557236654296315,-0.0144439094848339,-0.0144439094848339,,,False,False,False,False,True,False,True
preview,GEO_GSE284005_MERSCOPE_MS,1,Imm.Astro,38,preview::GEO_GSE284005_MERSCOPE_MS::fold_1::Imm.Astro,0.2528735632183908,0.23655913978494625,0.24096385542168675,0.23809523809523808,0.2637362637362637,0.23255813953488372,0.25,,,-0.016314423433444525,-0.016314423433444525,0.010862700517872914,0.010862700517872914,-0.020315423683507056,-0.020315423683507056,,,False,True,False,False,True,True,False
preview,GEO_GSE284005_MERSCOPE_MS,1,Mac,50,preview::GEO_GSE284005_MERSCOPE_MS::fold_1::Mac,0.4615384615384615,0.4307692307692308,0.41269841269841273,0.43750000000000006,0.4307692307692308,0.48484848484848486,0.4615384615384615,,,-0.030769230769230715,-0.030769230769230715,-0.030769230769230715,-0.030769230769230715,0.023310023310023353,0.023310023310023353,,,False,False,True,False,True,False,True
preview,GEO_GSE284005_MERSCOPE_MS,1,Mature OL,95,preview::GEO_GSE284005_MERSCOPE_MS::fold_1::Mature OL,0.3344262295081967,0.34304207119741104,0.34868421052631576,0.3288590604026846,0.3278688524590164,0.3344947735191638,0.34098360655737703,,,0.00861584168921431,-0.005642139328904727,-0.006557377049180302,-0.02081535806729934,6.85440109670643e-05,-0.0064888330382132375,,,False,False,False,False,False,False,False
preview,GEO_GSE284005_MERSCOPE_MS,1,Micro Foamy,39,preview::GEO_GSE284005_MERSCOPE_MS::fold_1::Micro Foamy,0.40579710144927544,0.44776119402985076,0.4,0.4411764705882353,0.47887323943661975,0.4,0.40579710144927544,,,0.04196409258057532,0.006584723441615481,0.0730761379873443,0.031112045406768984,-0.005797101449275421,-0.005797101449275421,,,False,True,False,True,False,True,False
preview,GEO_GSE284005_MERSCOPE_MS,1,Micro Homeo,74,preview::GEO_GSE284005_MERSCOPE_MS::fold_1::Micro Homeo,0.21276595744680854,0.20833333333333334,0.22916666666666666,0.1935483870967742,0.24528301886792453,0.2745098039215686,0.2268041237113402,,,-0.004432624113475198,-0.020833333333333315,0.03251706142111599,0.016116352201257872,0.061743846474760056,0.04770568021022839,,,False,True,True,False,False,True,False
preview,GEO_GSE284005_MERSCOPE_MS,1,Micro IL1B,150,preview::GEO_GSE284005_MERSCOPE_MS::fold_1::Micro IL1B,0.7422680412371133,0.7291666666666667,0.7430555555555556,0.7335640138408305,0.7386759581881532,0.7430555555555556,0.7379310344827587,,,-0.013101374570446578,-0.01388888888888884,-0.003592083048960082,-0.004379597367402344,0.0007875143184422617,0.0007875143184422617,,,False,False,False,False,True,False,False
preview,GEO_GSE284005_MERSCOPE_MS,1,Micro SPP1,36,preview::GEO_GSE284005_MERSCOPE_MS::fold_1::Micro SPP1,0.3147208121827411,0.31578947368421056,0.3061224489795918,0.3147208121827411,0.3135135135135135,0.3111111111111111,0.31578947368421056,,,0.0010686615014694478,0.0010686615014694478,-0.001207298669227641,-0.002275960170697089,-0.0036097010716300004,-0.004678362573099448,,,False,False,False,False,False,False,False
preview,GEO_GSE284005_MERSCOPE_MS,1,Micro Stress,75,preview::GEO_GSE284005_MERSCOPE_MS::fold_1::Micro Stress,0.3,0.31666666666666665,0.25641025641025644,0.288,0.2931034482758621,0.328125,0.3089430894308943,,,0.016666666666666663,0.016666666666666663,-0.006896551724137889,-0.023563218390804552,0.02812500000000001,0.019181910569105676,,,True,False,True,True,False,False,False
preview,GEO_GSE284005_MERSCOPE_MS,1,Micro VEGFA,87,preview::GEO_GSE284005_MERSCOPE_MS::fold_1::Micro VEGFA,0.5303867403314917,0.547486033519553,0.5464480874316939,0.5274725274725275,0.5485714285714285,0.5464480874316939,0.532608695652174,,,0.01709929318806136,0.0010379460878591207,0.018184688239936797,0.0010853950518754374,0.01606134710020224,0.013839391779519983,,,False,False,True,True,False,True,False
preview,GEO_GSE284005_MERSCOPE_MS,1,NK,35,preview::GEO_GSE284005_MERSCOPE_MS::fold_1::NK,0.7042253521126761,0.676056338028169,0.7042253521126761,0.7042253521126761,0.6666666666666666,0.7042253521126761,0.7042253521126761,,,-0.028169014084507116,-0.028169014084507116,-0.03755868544600949,-0.03755868544600949,0.0,0.0,,,False,False,False,False,True,False,True
preview,GEO_GSE284005_MERSCOPE_MS,1,Neu.GABA,96,preview::GEO_GSE284005_MERSCOPE_MS::fold_1::Neu.GABA,0.8975609756097562,0.9073170731707316,0.8975609756097562,0.8985507246376812,0.8878048780487804,0.9038461538461539,0.8932038834951457,,,0.009756097560975396,0.008766348533050472,-0.00975609756097584,-0.019512195121951237,0.006285178236397626,0.006285178236397626,,,False,False,False,False,False,False,False
preview,GEO_GSE284005_MERSCOPE_MS,1,Neu.GLUT,31,preview::GEO_GSE284005_MERSCOPE_MS::fold_1::Neu.GLUT,0.2926829268292683,0.2978723404255319,0.3255813953488372,0.2631578947368421,0.34782608695652173,0.2926829268292683,0.3333333333333333,,,0.005189413596263626,-0.027709054923305276,0.055143160127253454,0.022244691607684552,0.0,-0.04065040650406504,,,False,True,False,False,False,True,False
preview,GEO_GSE284005_MERSCOPE_MS,1,OPALIN+ OL,125,preview::GEO_GSE284005_MERSCOPE_MS::fold_1::OPALIN+ OL,0.42323651452282157,0.416,0.41666666666666663,0.4369747899159664,0.41935483870967744,0.42622950819672134,0.41666666666666663,,,-0.007236514522821591,-0.020974789915966408,-0.0038816758131441365,-0.017619951206288953,0.0029929936738997687,0.0029929936738997687,,,False,False,False,False,False,False,False
preview,GEO_GSE284005_MERSCOPE_MS,1,OPC,70,preview::GEO_GSE284005_MERSCOPE_MS::fold_1::OPC,0.42682926829268286,0.3975155279503106,0.38509316770186336,0.3821656050955414,0.389261744966443,0.43678160919540227,0.42168674698795183,,,-0.029313740342372274,-0.029313740342372274,-0.03756752332623986,-0.03756752332623986,0.009952340902719403,0.009952340902719403,,,False,False,False,False,True,False,True
preview,GEO_GSE284005_MERSCOPE_MS,1,Pericyte,69,preview::GEO_GSE284005_MERSCOPE_MS::fold_1::Pericyte,0.7913669064748201,0.76,0.7913669064748201,0.7857142857142857,0.7808219178082192,0.7943262411347518,0.7913669064748201,,,-0.0313669064748201,-0.0313669064748201,-0.010544988666600918,-0.010544988666600918,0.0029593346599317005,0.0029593346599317005,,,False,False,False,False,True,False,True
preview,GEO_GSE284005_MERSCOPE_MS,1,Repair.Endo,24,preview::GEO_GSE284005_MERSCOPE_MS::fold_1::Repair.Endo,0.392156862745098,0.40404040404040403,0.380952380952381,0.4444444444444444,0.3818181818181818,0.4081632653061225,0.39603960396039606,,,0.011883541295306055,-0.04040404040404039,-0.0103386809269162,-0.06262626262626264,0.016006402561024535,0.012123661345726455,,,False,False,True,True,False,False,True
preview,GEO_GSE284005_MERSCOPE_MS,1,SMC,83,preview::GEO_GSE284005_MERSCOPE_MS::fold_1::SMC,0.8214285714285715,0.7904191616766467,0.819277108433735,0.8165680473372782,0.8165680473372782,0.8242424242424242,0.8143712574850299,,,-0.031009409751924788,-0.031009409751924788,-0.004860524091293339,-0.004860524091293339,0.002813852813852713,0.002813852813852713,,,False,False,False,False,True,False,False
preview,GEO_GSE284005_MERSCOPE_MS,1,Stress OL,89,preview::GEO_GSE284005_MERSCOPE_MS::fold_1::Stress OL,0.21004566210045664,0.20909090909090908,0.2119815668202765,0.2110091743119266,0.22026431718061673,0.23076923076923078,0.215962441314554,,,-0.0009547530095475598,-0.0028906577293674185,0.010218655080160094,0.008282750360340235,0.020723568668774145,0.014806789454676783,,,False,False,True,False,False,True,False
preview,GEO_GSE284005_MERSCOPE_MS,1,Stress T,33,preview::GEO_GSE284005_MERSCOPE_MS::fold_1::Stress T,0.4727272727272727,0.380952380952381,0.43333333333333324,0.42857142857142855,0.39999999999999997,0.44827586206896547,0.45614035087719296,,,-0.09177489177489173,-0.09177489177489173,-0.07272727272727275,-0.07272727272727275,-0.02445141065830725,-0.02445141065830725,,,False,False,False,False,True,False,True
preview,GEO_GSE284005_MERSCOPE_MS,1,Stress.Astro,60,preview::GEO_GSE284005_MERSCOPE_MS::fold_1::Stress.Astro,0.03278688524590164,0.0,0.03125,0.06349206349206349,0.03125,0.06451612903225806,0.06451612903225806,,,-0.03278688524590164,-0.06349206349206349,-0.001536885245901641,-0.03224206349206349,0.03172924378635642,0.0,,,False,False,False,False,True,False,False
preview,GEO_GSE284005_MERSCOPE_MS,1,Stress.Endo,56,preview::GEO_GSE284005_MERSCOPE_MS::fold_1::Stress.Endo,0.4782608695652174,0.5054945054945055,0.47311827956989244,0.48936170212765956,0.49438202247191004,0.47311827956989244,0.47311827956989244,,,0.02723363592928807,0.016132803366845916,0.016121152906692637,-0.011112483022595432,-0.005142589995324964,-0.005142589995324964,,,True,False,False,True,False,True,False
preview,GEO_GSE284005_MERSCOPE_MS,1,Treg,48,preview::GEO_GSE284005_MERSCOPE_MS::fold_1::Treg,0.0,0.0,0.0,0.0,0.04081632653061225,0.04081632653061225,0.04081632653061225,,,0.0,0.0,0.04081632653061225,0.04081632653061225,0.04081632653061225,0.0,,,False,True,False,False,False,True,False
preview,GEO_GSE284005_MERSCOPE_MS,1,Vas.Astro,58,preview::GEO_GSE284005_MERSCOPE_MS::fold_1::Vas.Astro,0.7413793103448276,0.768,0.7272727272727273,0.7213114754098361,0.7741935483870968,0.7213114754098361,0.7413793103448276,,,0.02662068965517239,0.02662068965517239,0.03281423804226913,0.006193548387096737,-0.020067834934991535,-0.020067834934991535,,,True,False,False,True,False,True,False
preview,GEO_GSE284005_MERSCOPE_MS,1,cop_nfol,107,preview::GEO_GSE284005_MERSCOPE_MS::fold_1::cop_nfol,0.0,0.0,0.0,0.0,0.0,0.0,0.0,,,0.0,0.0,0.0,0.0,0.0,0.0,,,False,False,False,False,False,False,False
preview,GEO_GSE284005_MERSCOPE_MS,1,inflammatory.Endo,48,preview::GEO_GSE284005_MERSCOPE_MS::fold_1::inflammatory.Endo,0.7766990291262137,0.7647058823529411,0.7920792079207922,0.7961165048543689,0.7474747474747475,0.7999999999999999,0.7766990291262137,,,-0.011993146773272567,-0.03141062250142779,-0.029224281651466177,-0.0486417573796214,0.023300970873786242,0.023300970873786242,,,False,False,True,False,True,False,True
preview,GEO_GSE284005_MERSCOPE_MS,2,B,29,preview::GEO_GSE284005_MERSCOPE_MS::fold_2::B,0.8679245283018867,0.8461538461538461,0.8461538461538461,0.8679245283018867,0.888888888888889,0.8148148148148148,0.8148148148148148,,,-0.021770682148040565,-0.021770682148040565,0.02096436058700224,0.02096436058700224,-0.05310971348707194,-0.05310971348707194,,,False,True,False,False,True,True,False
preview,GEO_GSE284005_MERSCOPE_MS,2,BCAS1+ OL,66,preview::GEO_GSE284005_MERSCOPE_MS::fold_2::BCAS1+ OL,0.5555555555555556,0.5669291338582677,0.5625,0.5555555555555556,0.5454545454545454,0.5714285714285714,0.5954198473282443,,,0.011373578302712128,0.004429133858267709,-0.010101010101010166,-0.021474588403722294,0.015873015873015817,-0.02399127589967287,,,False,False,False,True,False,False,True
preview,GEO_GSE284005_MERSCOPE_MS,2,CCN1.Astro,24,preview::GEO_GSE284005_MERSCOPE_MS::fold_2::CCN1.Astro,0.29411764705882354,0.34285714285714286,0.29411764705882354,0.29411764705882354,0.2777777777777778,0.3783783783783784,0.3333333333333333,,,0.04873949579831932,0.04873949579831932,-0.01633986928104575,-0.06507936507936507,0.08426073131955486,0.045045045045045085,,,True,False,True,True,False,False,True
preview,GEO_GSE284005_MERSCOPE_MS,2,CD4+ T,11,preview::GEO_GSE284005_MERSCOPE_MS::fold_2::CD4+ T,0.4666666666666667,0.4666666666666667,0.4666666666666667,0.4666666666666667,0.4666666666666667,0.42857142857142855,0.45161290322580644,,,0.0,0.0,0.0,0.0,-0.038095238095238126,-0.038095238095238126,,,False,False,False,False,False,False,False
preview,GEO_GSE284005_MERSCOPE_MS,2,CD8+ T,15,preview::GEO_GSE284005_MERSCOPE_MS::fold_2::CD8+ T,0.3333333333333333,0.3333333333333333,0.3333333333333333,0.3333333333333333,0.326530612244898,0.32,0.29166666666666663,,,0.0,0.0,-0.006802721088435326,-0.006802721088435326,-0.013333333333333308,-0.013333333333333308,,,False,False,False,False,False,False,False
preview,GEO_GSE284005_MERSCOPE_MS,2,COP,59,preview::GEO_GSE284005_MERSCOPE_MS::fold_2::COP,0.9380530973451328,0.9285714285714285,0.9380530973451328,0.9380530973451328,0.9107142857142857,0.9391304347826087,0.8849557522123893,,,-0.009481668773704266,-0.009481668773704266,-0.02733881163084706,-0.02733881163084706,0.001077337437475956,0.001077337437475956,,,False,False,False,False,False,False,True
preview,GEO_GSE284005_MERSCOPE_MS,2,DA.Astro,67,preview::GEO_GSE284005_MERSCOPE_MS::fold_2::DA.Astro,0.7682119205298013,0.7843137254901962,0.7532467532467532,0.7682119205298013,0.7483870967741935,0.7162162162162161,0.7346938775510204,,,0.016101804960394928,0.016101804960394928,-0.01982482375560779,-0.03592662871600272,-0.051995704313585134,-0.051995704313585134,,,True,False,False,True,False,False,True
preview,GEO_GSE284005_MERSCOPE_MS,2,DAOPC,38,preview::GEO_GSE284005_MERSCOPE_MS::fold_2::DAOPC,0.0,0.0,0.0,0.0,0.048780487804878044,0.0,0.0,,,0.0,0.0,0.048780487804878044,0.048780487804878044,0.0,0.0,,,False,True,False,False,False,True,False
preview,GEO_GSE284005_MERSCOPE_MS,2,Disease OL,53,preview::GEO_GSE284005_MERSCOPE_MS::fold_2::Disease OL,0.16326530612244897,0.16842105263157897,0.18367346938775508,0.16326530612244897,0.1346153846153846,0.18181818181818182,0.16161616161616163,,,0.005155746509130005,-0.015252416756176113,-0.028649921507064358,-0.049058084772370475,0.018552875695732857,0.018552875695732857,,,False,False,True,False,False,False,True
preview,GEO_GSE284005_MERSCOPE_MS,2,Fibroblast,27,preview::GEO_GSE284005_MERSCOPE_MS::fold_2::Fibroblast,0.6086956521739131,0.5797101449275363,0.5797101449275363,0.6086956521739131,0.5797101449275363,0.588235294117647,0.588235294117647,,,-0.02898550724637683,-0.02898550724637683,-0.02898550724637683,-0.02898550724637683,-0.020460358056266115,-0.020460358056266115,,,False,False,False,False,True,False,True
preview,GEO_GSE284005_MERSCOPE_MS,2,Homeo.Astro,35,preview::GEO_GSE284005_MERSCOPE_MS::fold_2::Homeo.Astro,0.3098591549295775,0.2941176470588235,0.2647058823529411,0.3098591549295775,0.28125,0.29850746268656714,0.303030303030303,,,-0.015741507870754012,-0.015741507870754012,-0.028609154929577496,-0.028609154929577496,-0.011351692243010358,-0.011351692243010358,,,False,False,False,False,True,False,True
preview,GEO_GSE284005_MERSCOPE_MS,2,Homeo.Endo,31,preview::GEO_GSE284005_MERSCOPE_MS::fold_2::Homeo.Endo,0.44067796610169496,0.42105263157894735,0.41379310344827586,0.44067796610169496,0.5573770491803278,0.5151515151515151,0.45901639344262296,,,-0.019625334522747617,-0.019625334522747617,0.11669908307863286,0.11669908307863286,0.07447354904982018,0.05613512170889218,,,False,True,True,False,True,True,False
preview,GEO_GSE284005_MERSCOPE_MS,2,Imm OL,36,preview::GEO_GSE284005_MERSCOPE_MS::fold_2::Imm OL,0.2692307692307692,0.27450980392156865,0.26,0.2692307692307692,0.2641509433962264,0.28,0.27450980392156865,,,0.0052790346907994334,0.0052790346907994334,-0.005079825834542806,-0.01035886052534224,0.010769230769230809,0.005490196078431375,,,False,False,False,False,False,False,False
preview,GEO_GSE284005_MERSCOPE_MS,2,Imm.Astro,29,preview::GEO_GSE284005_MERSCOPE_MS::fold_2::Imm.Astro,0.19230769230769232,0.2692307692307692,0.19607843137254902,0.19230769230769232,0.2692307692307692,0.24000000000000002,0.24561403508771928,,,0.0769230769230769,0.0731523378582202,0.0769230769230769,0.0,0.0476923076923077,-0.005614035087719266,,,True,False,False,True,False,True,False
preview,GEO_GSE284005_MERSCOPE_MS,2,Mac,42,preview::GEO_GSE284005_MERSCOPE_MS::fold_2::Mac,0.39285714285714285,0.36363636363636365,0.39285714285714285,0.39285714285714285,0.3448275862068965,0.32142857142857145,0.37288135593220334,,,-0.029220779220779203,-0.029220779220779203,-0.04802955665024633,-0.04802955665024633,-0.0714285714285714,-0.0714285714285714,,,False,False,False,False,True,False,True
preview,GEO_GSE284005_MERSCOPE_MS,2,Mature OL,67,preview::GEO_GSE284005_MERSCOPE_MS::fold_2::Mature OL,0.304635761589404,0.304635761589404,0.3137254901960784,0.304635761589404,0.32894736842105265,0.2876712328767123,0.3037974683544304,,,0.0,-0.009089728606674452,0.02431160683164868,0.015221878224974228,-0.016964528712691662,-0.016964528712691662,,,False,True,False,False,False,True,False
preview,GEO_GSE284005_MERSCOPE_MS,2,Micro Foamy,43,preview::GEO_GSE284005_MERSCOPE_MS::fold_2::Micro Foamy,0.4883720930232558,0.5,0.47727272727272724,0.4883720930232558,0.5054945054945056,0.4367816091954023,0.47727272727272724,,,0.011627906976744207,0.011627906976744207,0.017122412471249793,0.005494505494505586,-0.05159048382785347,-0.05159048382785347,,,True,False,False,True,False,True,False
preview,GEO_GSE284005_MERSCOPE_MS,2,Micro Homeo,34,preview::GEO_GSE284005_MERSCOPE_MS::fold_2::Micro Homeo,0.253968253968254,0.28571428571428575,0.253968253968254,0.253968253968254,0.2903225806451613,0.28571428571428575,0.2580645161290323,,,0.031746031746031744,0.031746031746031744,0.0363543266769073,0.004608294930875556,0.031746031746031744,0.027649769585253448,,,True,False,True,True,False,True,False
preview,GEO_GSE284005_MERSCOPE_MS,2,Micro IL1B,15,preview::GEO_GSE284005_MERSCOPE_MS::fold_2::Micro IL1B,0.2,0.23333333333333334,0.20338983050847456,0.2,0.24137931034482765,0.2545454545454546,0.22222222222222224,,,0.033333333333333326,0.029943502824858775,0.04137931034482764,0.008045977011494315,0.054545454545454564,0.03232323232323234,,,True,False,True,True,False,True,False
preview,GEO_GSE284005_MERSCOPE_MS,2,Micro SPP1,81,preview::GEO_GSE284005_MERSCOPE_MS::fold_2::Micro SPP1,0.5145631067961166,0.5145631067961166,0.5145631067961166,0.5145631067961166,0.5273631840796019,0.5279187817258884,0.505050505050505,,,0.0,0.0,0.012800077283485312,0.012800077283485312,0.013355674929771744,0.013355674929771744,,,False,True,True,False,False,True,False
preview,GEO_GSE284005_MERSCOPE_MS,2,Micro Stress,25,preview::GEO_GSE284005_MERSCOPE_MS::fold_2::Micro Stress,0.17777777777777778,0.22727272727272727,0.17777777777777778,0.17777777777777778,0.24390243902439027,0.0909090909090909,0.1818181818181818,,,0.04949494949494948,0.04949494949494948,0.06612466124661248,0.016629711751663,-0.08686868686868689,-0.0909090909090909,,,True,True,False,True,False,True,False
preview,GEO_GSE284005_MERSCOPE_MS,2,Micro VEGFA,52,preview::GEO_GSE284005_MERSCOPE_MS::fold_2::Micro VEGFA,0.16666666666666669,0.16666666666666669,0.16666666666666669,0.16666666666666669,0.19444444444444445,0.23076923076923078,0.2564102564102564,,,0.0,0.0,0.027777777777777762,0.027777777777777762,0.0641025641025641,-0.025641025641025605,,,False,True,False,False,False,True,False
preview,GEO_GSE284005_MERSCOPE_MS,2,NK,12,preview::GEO_GSE284005_MERSCOPE_MS::fold_2::NK,0.6666666666666666,0.6666666666666666,0.6666666666666666,0.6666666666666666,0.6666666666666666,0.6666666666666666,0.6666666666666666,,,0.0,0.0,0.0,0.0,0.0,0.0,,,False,False,False,False,False,False,False
preview,GEO_GSE284005_MERSCOPE_MS,2,Neu.GABA,28,preview::GEO_GSE284005_MERSCOPE_MS::fold_2::Neu.GABA,0.5846153846153848,0.5937499999999999,0.5846153846153848,0.5846153846153848,0.5671641791044776,0.5135135135135135,0.5846153846153848,,,0.00913461538461513,0.00913461538461513,-0.017451205510907175,-0.026585820895522305,-0.07110187110187127,-0.07110187110187127,,,False,False,False,False,False,False,True
preview,GEO_GSE284005_MERSCOPE_MS,2,Neu.GLUT,55,preview::GEO_GSE284005_MERSCOPE_MS::fold_2::Neu.GLUT,0.7413793103448276,0.7521367521367521,0.7413793103448276,0.7413793103448276,0.7521367521367521,0.6666666666666666,0.7478260869565218,,,0.010757441791924505,0.010757441791924505,0.010757441791924505,0.0,-0.074712643678161,-0.08115942028985512,,,True,False,False,True,False,True,False
preview,GEO_GSE284005_MERSCOPE_MS,2,OPALIN+ OL,52,preview::GEO_GSE284005_MERSCOPE_MS::fold_2::OPALIN+ OL,0.38,0.39215686274509803,0.39603960396039606,0.38,0.4077669902912621,0.32989690721649484,0.39175257731958757,,,0.01215686274509803,-0.0038827412152980245,0.027766990291262117,0.011727386330866063,-0.050103092783505165,-0.06185567010309273,,,False,True,False,True,False,True,False
preview,GEO_GSE284005_MERSCOPE_MS,2,OPC,47,preview::GEO_GSE284005_MERSCOPE_MS::fold_2::OPC,0.6376811594202898,0.6330935251798562,0.6423357664233577,0.6376811594202898,0.6376811594202898,0.6470588235294118,0.6285714285714287,,,-0.0045876342404336246,-0.009242241243501481,0.0,-0.004654607003067857,0.009377664109121997,0.009377664109121997,,,False,False,False,False,False,False,False
preview,GEO_GSE284005_MERSCOPE_MS,2,Pericyte,34,preview::GEO_GSE284005_MERSCOPE_MS::fold_2::Pericyte,0.6753246753246753,0.6753246753246753,0.6753246753246753,0.6753246753246753,0.6933333333333332,0.6666666666666666,0.641025641025641,,,0.0,0.0,0.01800865800865792,0.01800865800865792,-0.008658008658008698,-0.008658008658008698,,,False,True,False,False,False,True,False
preview,GEO_GSE284005_MERSCOPE_MS,2,Repair.Endo,119,preview::GEO_GSE284005_MERSCOPE_MS::fold_2::Repair.Endo,0.8278688524590164,0.8032786885245901,0.8065843621399176,0.8278688524590164,0.7966804979253113,0.8090909090909092,0.8051948051948052,,,-0.024590163934426368,-0.024590163934426368,-0.031188354533705165,-0.031188354533705165,-0.01877794336810723,-0.01877794336810723,,,False,False,False,False,True,False,True
preview,GEO_GSE284005_MERSCOPE_MS,2,SMC,51,preview::GEO_GSE284005_MERSCOPE_MS::fold_2::SMC,0.826923076923077,0.826923076923077,0.8076923076923077,0.826923076923077,0.8190476190476189,0.7678571428571429,0.8118811881188118,,,0.0,0.0,-0.00787545787545807,-0.00787545787545807,-0.05906593406593408,-0.05906593406593408,,,False,False,False,False,False,False,False
preview,GEO_GSE284005_MERSCOPE_MS,2,Stress OL,57,preview::GEO_GSE284005_MERSCOPE_MS::fold_2::Stress OL,0.18181818181818182,0.21428571428571427,0.2018348623853211,0.18181818181818182,0.19607843137254902,0.15841584158415842,0.18367346938775508,,,0.03246753246753245,0.012450851900393162,0.014260249554367194,-0.018207282913165257,-0.023402340234023405,-0.025257627803596666,,,True,False,False,True,False,True,False
preview,GEO_GSE284005_MERSCOPE_MS,2,Stress T,13,preview::GEO_GSE284005_MERSCOPE_MS::fold_2::Stress T,0.3529411764705882,0.3529411764705882,0.3529411764705882,0.3529411764705882,0.33333333333333337,0.33333333333333337,0.3529411764705882,,,0.0,0.0,-0.019607843137254832,-0.019607843137254832,-0.019607843137254832,-0.019607843137254832,,,False,False,False,False,False,False,True
preview,GEO_GSE284005_MERSCOPE_MS,2,Stress.Astro,34,preview::GEO_GSE284005_MERSCOPE_MS::fold_2::Stress.Astro,0.05555555555555555,0.05555555555555555,0.05555555555555555,0.05555555555555555,0.05263157894736842,0.23255813953488372,0.10256410256410256,,,0.0,0.0,-0.0029239766081871343,-0.0029239766081871343,0.17700258397932817,0.12999403697078116,,,False,False,True,False,False,False,False
preview,GEO_GSE284005_MERSCOPE_MS,2,Stress.Endo,45,preview::GEO_GSE284005_MERSCOPE_MS::fold_2::Stress.Endo,0.5217391304347827,0.5142857142857142,0.5142857142857142,0.5217391304347827,0.5074626865671642,0.47222222222222215,0.4571428571428572,,,-0.00745341614906847,-0.00745341614906847,-0.014276443867618505,-0.014276443867618505,-0.04951690821256055,-0.04951690821256055,,,False,False,False,False,False,False,True
preview,GEO_GSE284005_MERSCOPE_MS,2,Treg,6,preview::GEO_GSE284005_MERSCOPE_MS::fold_2::Treg,0.0,0.0,0.0,0.0,0.0,0.0,0.0,,,0.0,0.0,0.0,0.0,0.0,0.0,,,False,False,False,False,False,False,False
preview,GEO_GSE284005_MERSCOPE_MS,2,Vas.Astro,35,preview::GEO_GSE284005_MERSCOPE_MS::fold_2::Vas.Astro,0.7435897435897435,0.7435897435897435,0.7341772151898734,0.7435897435897435,0.7012987012987013,0.6578947368421052,0.6835443037974683,,,0.0,0.0,-0.04229104229104219,-0.04229104229104219,-0.0856950067476383,-0.0856950067476383,,,False,False,False,False,False,False,True
preview,GEO_GSE284005_MERSCOPE_MS,2,cop_nfol,44,preview::GEO_GSE284005_MERSCOPE_MS::fold_2::cop_nfol,0.0,0.0,0.0,0.0,0.0,0.0,0.0,,,0.0,0.0,0.0,0.0,0.0,0.0,,,False,False,False,False,False,False,False
preview,GEO_GSE284005_MERSCOPE_MS,2,inflammatory.Endo,92,preview::GEO_GSE284005_MERSCOPE_MS::fold_2::inflammatory.Endo,0.8749999999999999,0.865979381443299,0.865979381443299,0.8749999999999999,0.8615384615384616,0.8383838383838385,0.8542713567839195,,,-0.009020618556700888,-0.009020618556700888,-0.013461538461538303,-0.013461538461538303,-0.036616161616161436,-0.036616161616161436,,,False,False,False,False,False,False,True
preview,GEO_GSE284005_MERSCOPE_MS,3,B,14,preview::GEO_GSE284005_MERSCOPE_MS::fold_3::B,0.8,0.8,0.8,0.8,0.8,0.8461538461538461,0.8461538461538461,,,0.0,0.0,0.0,0.0,0.0461538461538461,0.0,,,False,False,False,False,False,False,False
preview,GEO_GSE284005_MERSCOPE_MS,3,BCAS1+ OL,39,preview::GEO_GSE284005_MERSCOPE_MS::fold_3::BCAS1+ OL,0.4,0.37500000000000006,0.34920634920634913,0.4,0.37500000000000006,0.37500000000000006,0.3582089552238806,,,-0.024999999999999967,-0.024999999999999967,-0.024999999999999967,-0.024999999999999967,-0.024999999999999967,-0.024999999999999967,,,False,False,False,False,True,False,True
preview,GEO_GSE284005_MERSCOPE_MS,3,CCN1.Astro,30,preview::GEO_GSE284005_MERSCOPE_MS::fold_3::CCN1.Astro,0.6538461538461539,0.6551724137931035,0.6538461538461539,0.6538461538461539,0.6666666666666665,0.6666666666666667,0.7017543859649122,,,0.0013262599469496816,0.0013262599469496816,0.012820512820512664,0.011494252873562982,0.012820512820512886,-0.0350877192982455,,,False,True,False,False,False,True,False
preview,GEO_GSE284005_MERSCOPE_MS,3,CD4+ T,87,preview::GEO_GSE284005_MERSCOPE_MS::fold_3::CD4+ T,0.7486631016042781,0.7537688442211055,0.7578947368421052,0.7486631016042781,0.7628865979381443,0.7346938775510204,0.7340425531914894,,,0.005105742616827391,-0.004125892620999716,0.014223496333866215,0.0049918610960391074,-0.013969224053257623,-0.013969224053257623,,,False,False,False,False,False,True,False
preview,GEO_GSE284005_MERSCOPE_MS,3,CD8+ T,39,preview::GEO_GSE284005_MERSCOPE_MS::fold_3::CD8+ T,0.3855421686746988,0.3333333333333333,0.3764705882352941,0.3855421686746988,0.3703703703703704,0.35000000000000003,0.3614457831325301,,,-0.0522088353413655,-0.0522088353413655,-0.01517179830432841,-0.01517179830432841,-0.03554216867469878,-0.03554216867469878,,,False,False,False,False,True,False,True
preview,GEO_GSE284005_MERSCOPE_MS,3,COP,73,preview::GEO_GSE284005_MERSCOPE_MS::fold_3::COP,0.9285714285714287,0.9130434782608695,0.9285714285714287,0.9285714285714287,0.9285714285714287,0.9041095890410958,0.8732394366197183,,,-0.015527950310559202,-0.015527950310559202,0.0,0.0,-0.024461839530332874,-0.024461839530332874,,,False,False,False,False,True,False,False
preview,GEO_GSE284005_MERSCOPE_MS,3,DA.Astro,55,preview::GEO_GSE284005_MERSCOPE_MS::fold_3::DA.Astro,0.6115702479338843,0.6495726495726496,0.5967741935483871,0.6115702479338843,0.6271186440677966,0.6379310344827586,0.6218487394957982,,,0.03800240163876534,0.03800240163876534,0.015548396133912346,-0.022454005504852992,0.026360786548874304,0.016082294986960344,,,True,False,True,True,False,True,False
preview,GEO_GSE284005_MERSCOPE_MS,3,DAOPC,52,preview::GEO_GSE284005_MERSCOPE_MS::fold_3::DAOPC,0.0,0.0,0.0,0.0,0.0,0.0,0.03773584905660378,,,0.0,0.0,0.0,0.0,0.0,-0.03773584905660378,,,False,False,False,False,False,False,False
preview,GEO_GSE284005_MERSCOPE_MS,3,Disease OL,61,preview::GEO_GSE284005_MERSCOPE_MS::fold_3::Disease OL,0.13636363636363638,0.1590909090909091,0.16842105263157897,0.13636363636363638,0.15730337078651685,0.16,0.1276595744680851,,,0.022727272727272707,-0.009330143540669883,0.02093973442288047,-0.011117681845062122,0.023636363636363622,0.023636363636363622,,,False,False,True,True,False,True,False
preview,GEO_GSE284005_MERSCOPE_MS,3,Fibroblast,52,preview::GEO_GSE284005_MERSCOPE_MS::fold_3::Fibroblast,0.7350427350427349,0.7304347826086955,0.7288135593220337,0.7350427350427349,0.7350427350427349,0.7288135593220337,0.7377049180327869,,,-0.004607952434039331,-0.004607952434039331,0.0,0.0,-0.006229175720701141,-0.008891358710753194,,,False,False,False,False,False,False,False
preview,GEO_GSE284005_MERSCOPE_MS,3,Homeo.Astro,33,preview::GEO_GSE284005_MERSCOPE_MS::fold_3::Homeo.Astro,0.10810810810810813,0.15789473684210525,0.10810810810810813,0.10810810810810813,0.10526315789473685,0.1111111111111111,0.15789473684210525,,,0.049786628733997126,0.049786628733997126,-0.002844950213371278,-0.052631578947368404,0.003003003003002977,-0.04678362573099415,,,True,False,False,True,False,False,False
preview,GEO_GSE284005_MERSCOPE_MS,3,Homeo.Endo,61,preview::GEO_GSE284005_MERSCOPE_MS::fold_3::Homeo.Endo,0.45999999999999996,0.48148148148148145,0.4716981132075472,0.45999999999999996,0.4705882352941176,0.5283018867924528,0.5192307692307692,,,0.02148148148148149,0.009783368273934279,0.01058823529411762,-0.01089324618736387,0.06830188679245286,0.009071117561683661,,,False,False,False,True,False,True,False
preview,GEO_GSE284005_MERSCOPE_MS,3,Imm OL,66,preview::GEO_GSE284005_MERSCOPE_MS::fold_3::Imm OL,0.2105263157894737,0.23255813953488372,0.21705426356589147,0.2105263157894737,0.23437499999999997,0.22857142857142856,0.2074074074074074,,,0.022031823745410017,0.015503875968992248,0.023848684210526272,0.0018168604651162545,0.018045112781954864,0.018045112781954864,,,True,False,True,True,False,True,False
preview,GEO_GSE284005_MERSCOPE_MS,3,Imm.Astro,28,preview::GEO_GSE284005_MERSCOPE_MS::fold_3::Imm.Astro,0.32653061224489793,0.2888888888888889,0.2978723404255319,0.32653061224489793,0.3157894736842105,0.3695652173913044,0.3404255319148936,,,-0.037641723356009016,-0.037641723356009016,-0.010741138560687424,-0.010741138560687424,0.043034605146406446,0.02913968547641077,,,False,False,True,False,True,False,True
preview,GEO_GSE284005_MERSCOPE_MS,3,Mac,55,preview::GEO_GSE284005_MERSCOPE_MS::fold_3::Mac,0.4693877551020408,0.5050505050505051,0.4705882352941176,0.4693877551020408,0.5154639175257733,0.5242718446601942,0.5048543689320388,,,0.0356627499484643,0.0344622697563875,0.04607616242373247,0.010413412475268169,0.05488408955815338,0.01941747572815533,,,True,True,True,True,False,True,False
preview,GEO_GSE284005_MERSCOPE_MS,3,Mature OL,41,preview::GEO_GSE284005_MERSCOPE_MS::fold_3::Mature OL,0.26666666666666666,0.2637362637362637,0.2717391304347826,0.26666666666666666,0.2566844919786096,0.2716049382716049,0.2857142857142857,,,-0.0029304029304029755,-0.008002866698518907,-0.009982174688057066,-0.015054638456172997,0.00493827160493826,-0.014109347442680775,,,False,False,False,False,False,False,False
preview,GEO_GSE284005_MERSCOPE_MS,3,Micro Foamy,87,preview::GEO_GSE284005_MERSCOPE_MS::fold_3::Micro Foamy,0.5757575757575758,0.5888324873096445,0.5812807881773399,0.5757575757575758,0.59,0.6060606060606061,0.5816326530612245,,,0.013074911552068746,0.00755169913230469,0.014242424242424168,0.0011675126903554212,0.030303030303030276,0.024427952999381608,,,False,False,True,True,False,True,False
preview,GEO_GSE284005_MERSCOPE_MS,3,Micro Homeo,62,preview::GEO_GSE284005_MERSCOPE_MS::fold_3::Micro Homeo,0.11494252873563218,0.18947368421052632,0.0975609756097561,0.11494252873563218,0.09411764705882353,0.13186813186813187,0.1348314606741573,,,0.07453115547489414,0.07453115547489414,-0.020824881676808654,-0.0953560371517028,0.01692560313249969,-0.002963328806025428,,,True,False,False,True,False,False,True
preview,GEO_GSE284005_MERSCOPE_MS,3,Micro IL1B,52,preview::GEO_GSE284005_MERSCOPE_MS::fold_3::Micro IL1B,0.4485981308411215,0.4339622641509434,0.42592592592592593,0.4485981308411215,0.4444444444444445,0.45714285714285713,0.46296296296296297,,,-0.014635866690178079,-0.014635866690178079,-0.004153686396677014,-0.004153686396677014,0.008544726301735639,-0.0058201058201058364,,,False,False,False,False,True,False,False
preview,GEO_GSE284005_MERSCOPE_MS,3,Micro SPP1,94,preview::GEO_GSE284005_MERSCOPE_MS::fold_3::Micro SPP1,0.5436893203883495,0.5326633165829145,0.5339805825242718,0.5436893203883495,0.5392156862745098,0.5252525252525252,0.5181347150259067,,,-0.011026003805434947,-0.011026003805434947,-0.0044736341138397195,-0.0044736341138397195,-0.018436795135824302,-0.018436795135824302,,,False,False,False,False,True,False,False
preview,GEO_GSE284005_MERSCOPE_MS,3,Micro Stress,40,preview::GEO_GSE284005_MERSCOPE_MS::fold_3::Micro Stress,0.16867469879518074,0.125,0.17073170731707316,0.16867469879518074,0.16666666666666666,0.17283950617283952,0.15,,,-0.04367469879518074,-0.045731707317073156,-0.002008032128514081,-0.004065040650406498,0.004164807377658786,0.004164807377658786,,,False,False,False,False,True,False,False
preview,GEO_GSE284005_MERSCOPE_MS,3,Micro VEGFA,87,preview::GEO_GSE284005_MERSCOPE_MS::fold_3::Micro VEGFA,0.40816326530612246,0.3783783783783784,0.445945945945946,0.40816326530612246,0.4026845637583893,0.4545454545454545,0.4313725490196078,,,-0.02978488692774406,-0.0675675675675676,-0.005478701547733167,-0.04326138218755671,0.04638218923933202,0.023172905525846665,,,False,False,True,False,True,False,False
preview,GEO_GSE284005_MERSCOPE_MS,3,NK,34,preview::GEO_GSE284005_MERSCOPE_MS::fold_3::NK,0.6233766233766234,0.6031746031746031,0.6285714285714287,0.6233766233766234,0.5833333333333334,0.6111111111111113,0.5897435897435898,,,-0.02020202020202022,-0.02539682539682553,-0.04004329004328999,-0.0452380952380953,-0.01226551226551209,-0.01226551226551209,,,False,False,False,False,True,False,True
preview,GEO_GSE284005_MERSCOPE_MS,3,Neu.GABA,46,preview::GEO_GSE284005_MERSCOPE_MS::fold_3::Neu.GABA,0.719298245614035,0.7142857142857143,0.75,0.719298245614035,0.7241379310344828,0.7413793103448276,0.6991869918699187,,,-0.005012531328320691,-0.0357142857142857,0.00483968542044777,-0.025862068965517238,0.022081064730792632,0.022081064730792632,,,False,False,True,False,False,False,False
preview,GEO_GSE284005_MERSCOPE_MS,3,Neu.GLUT,61,preview::GEO_GSE284005_MERSCOPE_MS::fold_3::Neu.GLUT,0.7499999999999999,0.7457627118644067,0.7567567567567568,0.7499999999999999,0.7499999999999999,0.7102803738317758,0.7454545454545455,,,-0.004237288135593209,-0.010994044892350119,0.0,-0.00675675675675691,-0.03971962616822411,-0.03971962616822411,,,False,False,False,False,False,False,False
preview,GEO_GSE284005_MERSCOPE_MS,3,OPALIN+ OL,38,preview::GEO_GSE284005_MERSCOPE_MS::fold_3::OPALIN+ OL,0.23880597014925373,0.2571428571428571,0.24615384615384617,0.23880597014925373,0.24242424242424243,0.23529411764705882,0.1917808219178082,,,0.01833688699360339,0.01098901098901095,0.003618272274988704,-0.014718614718614687,-0.0035118525021949065,-0.0035118525021949065,,,True,False,False,True,False,False,False
preview,GEO_GSE284005_MERSCOPE_MS,3,OPC,61,preview::GEO_GSE284005_MERSCOPE_MS::fold_3::OPC,0.6344086021505376,0.6451612903225806,0.6344086021505376,0.6344086021505376,0.6413043478260869,0.644808743169399,0.6373626373626374,,,0.010752688172043001,0.010752688172043001,0.006895745675549292,-0.0038569424964937093,0.01040014101886133,0.007446105806761527,,,True,False,False,True,False,False,False
preview,GEO_GSE284005_MERSCOPE_MS,3,Pericyte,60,preview::GEO_GSE284005_MERSCOPE_MS::fold_3::Pericyte,0.762589928057554,0.7801418439716312,0.7794117647058824,0.762589928057554,0.762589928057554,0.7794117647058824,0.791044776119403,,,0.017551915914077232,0.000730079265748862,0.0,-0.017551915914077232,0.01682183664832837,-0.011633011413520689,,,False,False,False,True,False,False,False
preview,GEO_GSE284005_MERSCOPE_MS,3,Repair.Endo,62,preview::GEO_GSE284005_MERSCOPE_MS::fold_3::Repair.Endo,0.6404494382022472,0.6706586826347305,0.6436781609195402,0.6404494382022472,0.6511627906976745,0.6666666666666666,0.6956521739130433,,,0.030209244432483295,0.026980521715190275,0.010713352495427264,-0.01949589193705603,0.02621722846441943,-0.02898550724637672,,,True,False,False,True,False,True,False
preview,GEO_GSE284005_MERSCOPE_MS,3,SMC,38,preview::GEO_GSE284005_MERSCOPE_MS::fold_3::SMC,0.6933333333333334,0.6944444444444445,0.6666666666666667,0.6933333333333334,0.7272727272727273,0.7435897435897436,0.725,,,0.0011111111111111738,0.0011111111111111738,0.033939393939393936,0.03282828282828276,0.050256410256410255,0.018589743589743635,,,False,True,True,False,False,True,False
preview,GEO_GSE284005_MERSCOPE_MS,3,Stress OL,55,preview::GEO_GSE284005_MERSCOPE_MS::fold_3::Stress OL,0.17741935483870966,0.14754098360655737,0.15000000000000002,0.17741935483870966,0.16393442622950818,0.1694915254237288,0.1565217391304348,,,-0.029878371232152284,-0.029878371232152284,-0.013484928609201474,-0.013484928609201474,-0.007927829414980853,-0.007927829414980853,,,False,False,False,False,True,False,True
preview,GEO_GSE284005_MERSCOPE_MS,3,Stress T,20,preview::GEO_GSE284005_MERSCOPE_MS::fold_3::Stress T,0.058823529411764705,0.05714285714285715,0.05714285714285715,0.058823529411764705,0.05714285714285715,0.0,0.1142857142857143,,,-0.001680672268907557,-0.001680672268907557,-0.001680672268907557,-0.001680672268907557,-0.058823529411764705,-0.1142857142857143,,,False,False,False,False,False,False,False
preview,GEO_GSE284005_MERSCOPE_MS,3,Stress.Astro,24,preview::GEO_GSE284005_MERSCOPE_MS::fold_3::Stress.Astro,0.3125,0.28571428571428575,0.29411764705882354,0.3125,0.29411764705882354,0.3225806451612903,0.26666666666666666,,,-0.026785714285714246,-0.026785714285714246,-0.01838235294117646,-0.01838235294117646,0.010080645161290314,0.010080645161290314,,,False,False,True,False,True,False,True
preview,GEO_GSE284005_MERSCOPE_MS,3,Stress.Endo,66,preview::GEO_GSE284005_MERSCOPE_MS::fold_3::Stress.Endo,0.40860215053763443,0.4468085106382979,0.4375,0.40860215053763443,0.3956043956043956,0.4210526315789474,0.40425531914893625,,,0.03820636010066347,0.009308510638297907,-0.012997754933238848,-0.05120411503390232,0.012450481041312966,0.012450481041312966,,,False,False,True,True,False,False,True
preview,GEO_GSE284005_MERSCOPE_MS,3,Treg,22,preview::GEO_GSE284005_MERSCOPE_MS::fold_3::Treg,0.08695652173913045,0.08695652173913045,0.08695652173913045,0.08695652173913045,0.08695652173913045,0.08695652173913045,0.08695652173913045,,,0.0,0.0,0.0,0.0,0.0,0.0,,,False,False,False,False,False,False,False
preview,GEO_GSE284005_MERSCOPE_MS,3,Vas.Astro,87,preview::GEO_GSE284005_MERSCOPE_MS::fold_3::Vas.Astro,0.8705882352941176,0.8850574712643678,0.8994082840236686,0.8705882352941176,0.8837209302325582,0.8555555555555556,0.8850574712643678,,,0.014469235970250294,-0.014350812759300724,0.013132694938440603,-0.015687353791110414,-0.015032679738561927,-0.02950191570881222,,,False,False,False,True,False,True,False
preview,GEO_GSE284005_MERSCOPE_MS,3,cop_nfol,61,preview::GEO_GSE284005_MERSCOPE_MS::fold_3::cop_nfol,0.0,0.0,0.0,0.0,0.0,0.0,0.0,,,0.0,0.0,0.0,0.0,0.0,0.0,,,False,False,False,False,False,False,False
preview,GEO_GSE284005_MERSCOPE_MS,3,inflammatory.Endo,41,preview::GEO_GSE284005_MERSCOPE_MS::fold_3::inflammatory.Endo,0.7848101265822786,0.761904761904762,0.7848101265822786,0.7848101265822786,0.7901234567901235,0.8292682926829268,0.8192771084337348,,,-0.022905364677516582,-0.022905364677516582,0.0053133302078449685,0.0053133302078449685,0.04445816610064823,0.009991184249191987,,,False,False,False,False,True,False,False
preview,GEO_GSE284005_MERSCOPE_MS,4,B,133,preview::GEO_GSE284005_MERSCOPE_MS::fold_4::B,0.8308823529411764,0.8218181818181818,0.8118081180811808,0.8161764705882353,0.8290909090909091,0.8129496402877697,0.8239700374531835,,,-0.009064171122994624,-0.009064171122994624,-0.0017914438502673047,-0.0017914438502673047,-0.01793271265340668,-0.01793271265340668,,,False,False,False,False,False,False,False
preview,GEO_GSE284005_MERSCOPE_MS,4,BCAS1+ OL,30,preview::GEO_GSE284005_MERSCOPE_MS::fold_4::BCAS1+ OL,0.6206896551724138,0.6,0.6101694915254238,0.5925925925925926,0.6349206349206349,0.5797101449275363,0.547945205479452,,,-0.020689655172413834,-0.020689655172413834,0.014230979748221073,0.014230979748221073,-0.04097951024487756,-0.04097951024487756,,,False,True,False,False,True,True,False
preview,GEO_GSE284005_MERSCOPE_MS,4,CCN1.Astro,34,preview::GEO_GSE284005_MERSCOPE_MS::fold_4::CCN1.Astro,0.3921568627450981,0.4067796610169491,0.3928571428571429,0.4150943396226416,0.4150943396226416,0.45283018867924524,0.39999999999999997,,,0.014622798271851034,-0.00831467860569246,0.022937476877543495,0.0,0.06067332593414715,0.05283018867924527,,,False,False,True,True,False,True,False
preview,GEO_GSE284005_MERSCOPE_MS,4,CD4+ T,69,preview::GEO_GSE284005_MERSCOPE_MS::fold_4::CD4+ T,0.6107784431137724,0.6035502958579881,0.5975609756097561,0.5882352941176471,0.6035502958579881,0.5853658536585366,0.6235294117647059,,,-0.007228147255784245,-0.007228147255784245,-0.007228147255784245,-0.007228147255784245,-0.025412589455235834,-0.03816355810616934,,,False,False,False,False,False,False,False
preview,GEO_GSE284005_MERSCOPE_MS,4,CD8+ T,93,preview::GEO_GSE284005_MERSCOPE_MS::fold_4::CD8+ T,0.5575757575757576,0.5575757575757576,0.5276073619631901,0.5508982035928145,0.5508982035928145,0.5276073619631901,0.5357142857142857,,,0.0,0.0,-0.0066775539829431185,-0.0066775539829431185,-0.029968395612567478,-0.029968395612567478,,,False,False,False,False,False,False,False
preview,GEO_GSE284005_MERSCOPE_MS,4,COP,29,preview::GEO_GSE284005_MERSCOPE_MS::fold_4::COP,0.8571428571428572,0.8421052631578947,0.8571428571428572,0.8421052631578947,0.847457627118644,0.8275862068965517,0.8571428571428572,,,-0.015037593984962516,-0.015037593984962516,-0.009685230024213176,-0.009685230024213176,-0.029556650246305494,-0.029556650246305494,,,False,False,False,False,True,False,False
preview,GEO_GSE284005_MERSCOPE_MS,4,DA.Astro,16,preview::GEO_GSE284005_MERSCOPE_MS::fold_4::DA.Astro,0.4680851063829787,0.48,0.4166666666666667,0.425531914893617,0.5,0.4528301886792453,0.46153846153846156,,,0.011914893617021305,0.011914893617021305,0.03191489361702132,0.020000000000000018,-0.015254917703733384,-0.015254917703733384,,,True,True,False,True,False,True,False
preview,GEO_GSE284005_MERSCOPE_MS,4,DAOPC,18,preview::GEO_GSE284005_MERSCOPE_MS::fold_4::DAOPC,0.37288135593220345,0.3492063492063492,0.3548387096774194,0.3793103448275862,0.36065573770491804,0.34375,0.37288135593220345,,,-0.023675006725854264,-0.030103995621237,-0.012225618227285406,-0.018654607122668143,-0.02913135593220345,-0.02913135593220345,,,False,False,False,False,True,False,True
preview,GEO_GSE284005_MERSCOPE_MS,4,Disease OL,17,preview::GEO_GSE284005_MERSCOPE_MS::fold_4::Disease OL,0.0909090909090909,0.0,0.0909090909090909,0.0,0.08333333333333333,0.0,0.1818181818181818,,,-0.0909090909090909,-0.0909090909090909,-0.007575757575757569,-0.007575757575757569,-0.0909090909090909,-0.1818181818181818,,,False,False,False,False,True,False,False
preview,GEO_GSE284005_MERSCOPE_MS,4,Fibroblast,37,preview::GEO_GSE284005_MERSCOPE_MS::fold_4::Fibroblast,0.4583333333333333,0.4647887323943662,0.452054794520548,0.4647887323943662,0.4551724137931035,0.452054794520548,0.4782608695652174,,,0.006455399061032874,0.0,-0.0031609195402297896,-0.009616318601262663,-0.006278538812785339,-0.02620607504466943,,,False,False,False,False,False,False,False
preview,GEO_GSE284005_MERSCOPE_MS,4,Homeo.Astro,34,preview::GEO_GSE284005_MERSCOPE_MS::fold_4::Homeo.Astro,0.17857142857142858,0.07843137254901962,0.17857142857142858,0.1509433962264151,0.20689655172413793,0.23728813559322035,0.21428571428571427,,,-0.10014005602240895,-0.10014005602240895,0.028325123152709353,0.028325123152709353,0.05871670702179177,0.02300242130750607,,,False,True,True,False,True,True,False
preview,GEO_GSE284005_MERSCOPE_MS,4,Homeo.Endo,27,preview::GEO_GSE284005_MERSCOPE_MS::fold_4::Homeo.Endo,0.18750000000000003,0.2857142857142857,0.24242424242424243,0.18750000000000003,0.24242424242424243,0.2777777777777778,0.23529411764705882,,,0.09821428571428567,0.04329004329004327,0.0549242424242424,-0.04329004329004327,0.09027777777777776,0.04248366013071897,,,True,False,True,True,False,True,False
preview,GEO_GSE284005_MERSCOPE_MS,4,Imm OL,71,preview::GEO_GSE284005_MERSCOPE_MS::fold_4::Imm OL,0.7034482758620689,0.7114093959731543,0.7074829931972789,0.7083333333333335,0.7132867132867133,0.7114093959731543,0.7034482758620689,,,0.007961120111085407,0.0030760626398208535,0.009838437424644408,0.0018773173135590016,0.007961120111085407,0.007961120111085407,,,False,False,False,False,False,False,False
preview,GEO_GSE284005_MERSCOPE_MS,4,Imm.Astro,42,preview::GEO_GSE284005_MERSCOPE_MS::fold_4::Imm.Astro,0.3194444444444445,0.3333333333333333,0.2857142857142857,0.32394366197183105,0.32857142857142857,0.31506849315068497,0.2900763358778626,,,0.01388888888888884,0.009389671361502261,0.009126984126984095,-0.004761904761904745,-0.004375951293759506,-0.004375951293759506,,,False,False,False,True,False,False,False
preview,GEO_GSE284005_MERSCOPE_MS,4,Mac,45,preview::GEO_GSE284005_MERSCOPE_MS::fold_4::Mac,0.4923076923076923,0.4776119402985074,0.4776119402985074,0.48484848484848486,0.4375,0.48484848484848486,0.48484848484848486,,,-0.014695752009184881,-0.014695752009184881,-0.05480769230769228,-0.05480769230769228,-0.007459207459207418,-0.007459207459207418,,,False,False,False,False,True,False,True
preview,GEO_GSE284005_MERSCOPE_MS,4,Mature OL,29,preview::GEO_GSE284005_MERSCOPE_MS::fold_4::Mature OL,0.4395604395604396,0.43010752688172044,0.43181818181818177,0.40816326530612246,0.4597701149425288,0.449438202247191,0.4395604395604396,,,-0.009452912678719172,-0.009452912678719172,0.020209675382089176,0.020209675382089176,0.00987776268675139,0.00987776268675139,,,False,True,False,False,False,True,False
preview,GEO_GSE284005_MERSCOPE_MS,4,Micro Foamy,41,preview::GEO_GSE284005_MERSCOPE_MS::fold_4::Micro Foamy,0.5957446808510638,0.6304347826086957,0.5684210526315789,0.6170212765957447,0.6236559139784946,0.64,0.5576923076923077,,,0.034690101757631875,0.013413506012950993,0.027911233127430823,-0.0067788686302010515,0.04425531914893621,0.04425531914893621,,,True,False,True,True,False,True,False
preview,GEO_GSE284005_MERSCOPE_MS,4,Micro Homeo,20,preview::GEO_GSE284005_MERSCOPE_MS::fold_4::Micro Homeo,0.15384615384615383,0.16666666666666669,0.15384615384615383,0.15384615384615383,0.16000000000000003,0.15384615384615383,0.16000000000000003,,,0.012820512820512858,0.012820512820512858,0.006153846153846204,-0.006666666666666654,0.0,-0.006153846153846204,,,True,False,False,True,False,False,False
preview,GEO_GSE284005_MERSCOPE_MS,4,Micro IL1B,14,preview::GEO_GSE284005_MERSCOPE_MS::fold_4::Micro IL1B,0.09523809523809523,0.08695652173913043,0.08333333333333333,0.11111111111111112,0.1,0.1,0.09523809523809523,,,-0.0082815734989648,-0.024154589371980686,0.004761904761904773,-0.011111111111111113,0.004761904761904773,0.004761904761904773,,,False,False,False,False,False,False,False
preview,GEO_GSE284005_MERSCOPE_MS,4,Micro SPP1,11,preview::GEO_GSE284005_MERSCOPE_MS::fold_4::Micro SPP1,0.22727272727272727,0.22222222222222224,0.26666666666666666,0.2325581395348837,0.20833333333333334,0.23809523809523805,0.22727272727272727,,,-0.0050505050505050275,-0.044444444444444425,-0.018939393939393923,-0.05833333333333332,0.010822510822510789,0.010822510822510789,,,False,False,True,False,False,False,True
preview,GEO_GSE284005_MERSCOPE_MS,4,Micro Stress,52,preview::GEO_GSE284005_MERSCOPE_MS::fold_4::Micro Stress,0.29906542056074764,0.32380952380952377,0.2828282828282829,0.32380952380952377,0.31775700934579443,0.24000000000000002,0.2549019607843137,,,0.024744103248776128,0.0,0.018691588785046787,-0.0060525144637293415,-0.05906542056074762,-0.05906542056074762,,,False,False,False,True,False,True,False
preview,GEO_GSE284005_MERSCOPE_MS,4,Micro VEGFA,9,preview::GEO_GSE284005_MERSCOPE_MS::fold_4::Micro VEGFA,0.0,0.10526315789473685,0.0,0.0,0.1111111111111111,0.0,0.09999999999999999,,,0.10526315789473685,0.10526315789473685,0.1111111111111111,0.005847953216374255,0.0,-0.09999999999999999,,,False,False,False,False,False,False,False
preview,GEO_GSE284005_MERSCOPE_MS,4,NK,38,preview::GEO_GSE284005_MERSCOPE_MS::fold_4::NK,0.5454545454545454,0.5647058823529411,0.5393258426966293,0.5348837209302326,0.5476190476190477,0.5111111111111111,0.5393258426966293,,,0.019251336898395643,0.019251336898395643,0.0021645021645022577,-0.017086834733893386,-0.03434343434343434,-0.03434343434343434,,,True,False,False,True,False,False,False
preview,GEO_GSE284005_MERSCOPE_MS,4,Neu.GABA,42,preview::GEO_GSE284005_MERSCOPE_MS::fold_4::Neu.GABA,0.7476635514018692,0.7920792079207921,0.7619047619047619,0.7766990291262135,0.7920792079207921,0.7619047619047619,0.7272727272727274,,,0.044415656518922875,0.015380178794578647,0.044415656518922875,0.0,0.01424121050289262,0.01424121050289262,,,True,False,True,True,False,True,False
preview,GEO_GSE284005_MERSCOPE_MS,4,Neu.GLUT,57,preview::GEO_GSE284005_MERSCOPE_MS::fold_4::Neu.GLUT,0.8349514563106796,0.8431372549019609,0.8431372549019609,0.8349514563106796,0.8349514563106796,0.7916666666666666,0.7835051546391752,,,0.008185798591281324,0.0,0.0,-0.008185798591281324,-0.043284789644012944,-0.043284789644012944,,,False,False,False,False,False,False,False
preview,GEO_GSE284005_MERSCOPE_MS,4,OPALIN+ OL,18,preview::GEO_GSE284005_MERSCOPE_MS::fold_4::OPALIN+ OL,0.3888888888888889,0.3888888888888889,0.39999999999999997,0.3888888888888889,0.43243243243243246,0.5,0.5,,,0.0,-0.011111111111111072,0.04354354354354356,0.03243243243243249,0.1111111111111111,0.0,,,False,True,False,False,False,True,False
preview,GEO_GSE284005_MERSCOPE_MS,4,OPC,31,preview::GEO_GSE284005_MERSCOPE_MS::fold_4::OPC,0.20408163265306123,0.13953488372093023,0.13333333333333333,0.19607843137254902,0.14285714285714285,0.18604651162790697,0.25531914893617014,,,-0.064546748932131,-0.064546748932131,-0.06122448979591838,-0.06122448979591838,-0.018035121025154255,-0.06927263730826316,,,False,False,False,False,True,False,True
preview,GEO_GSE284005_MERSCOPE_MS,4,Pericyte,35,preview::GEO_GSE284005_MERSCOPE_MS::fold_4::Pericyte,0.62,0.6464646464646465,0.6262626262626262,0.6262626262626262,0.6391752577319587,0.653061224489796,0.6262626262626262,,,0.026464646464646524,0.020202020202020332,0.019175257731958717,-0.007289388732687807,0.03306122448979598,0.02679859822716979,,,True,False,True,True,False,True,False
preview,GEO_GSE284005_MERSCOPE_MS,4,Repair.Endo,14,preview::GEO_GSE284005_MERSCOPE_MS::fold_4::Repair.Endo,0.3170731707317073,0.33766233766233766,0.32911392405063294,0.32098765432098764,0.3333333333333333,0.3714285714285714,0.3561643835616438,,,0.020589166930630343,0.00854841361170472,0.016260162601625994,-0.004329004329004349,0.054355400696864065,0.01526418786692757,,,False,False,True,True,False,True,False
preview,GEO_GSE284005_MERSCOPE_MS,4,SMC,18,preview::GEO_GSE284005_MERSCOPE_MS::fold_4::SMC,0.42857142857142855,0.4390243902439025,0.45,0.5116279069767442,0.41860465116279066,0.5217391304347826,0.5,,,0.010452961672473948,-0.07260351673284171,-0.009966777408637884,-0.09302325581395354,0.09316770186335405,0.021739130434782594,,,False,False,True,True,False,False,False
preview,GEO_GSE284005_MERSCOPE_MS,4,Stress OL,26,preview::GEO_GSE284005_MERSCOPE_MS::fold_4::Stress OL,0.1509433962264151,0.14814814814814817,0.17543859649122806,0.13559322033898305,0.1851851851851852,0.17777777777777778,0.186046511627907,,,-0.002795248078266921,-0.027290448343079893,0.034241788958770114,0.009746588693957142,0.026834381551362696,-0.008268733850129217,,,False,False,False,False,False,True,False
preview,GEO_GSE284005_MERSCOPE_MS,4,Stress T,144,preview::GEO_GSE284005_MERSCOPE_MS::fold_4::Stress T,0.6639999999999999,0.6561264822134387,0.6561264822134387,0.6428571428571429,0.6561264822134387,0.6396761133603238,0.6477732793522268,,,-0.007873517786561202,-0.007873517786561202,-0.007873517786561202,-0.007873517786561202,-0.024323886639676107,-0.024323886639676107,,,False,False,False,False,False,False,False
preview,GEO_GSE284005_MERSCOPE_MS,4,Stress.Astro,65,preview::GEO_GSE284005_MERSCOPE_MS::fold_4::Stress.Astro,0.15053763440860216,0.18,0.17391304347826086,0.14893617021276598,0.15555555555555556,0.14285714285714285,0.15909090909090912,,,0.029462365591397838,0.006086956521739129,0.005017921146953402,-0.024444444444444435,-0.007680491551459306,-0.016233766233766267,,,False,False,False,True,False,False,False
preview,GEO_GSE284005_MERSCOPE_MS,4,Stress.Endo,60,preview::GEO_GSE284005_MERSCOPE_MS::fold_4::Stress.Endo,0.36585365853658536,0.35714285714285715,0.3809523809523809,0.36585365853658536,0.3614457831325301,0.3809523809523809,0.3809523809523809,,,-0.008710801393728207,-0.023809523809523725,-0.004407875404055239,-0.019506597819850757,0.015098722415795518,0.0,,,False,False,False,False,False,False,False
preview,GEO_GSE284005_MERSCOPE_MS,4,Treg,115,preview::GEO_GSE284005_MERSCOPE_MS::fold_4::Treg,0.06666666666666667,0.08264462809917356,0.06611570247933884,0.08264462809917356,0.08196721311475409,0.06666666666666667,0.06611570247933884,,,0.01597796143250689,0.0,0.015300546448087426,-0.0006774149844194638,0.0,0.0,,,False,False,False,True,False,True,False
preview,GEO_GSE284005_MERSCOPE_MS,4,Vas.Astro,35,preview::GEO_GSE284005_MERSCOPE_MS::fold_4::Vas.Astro,0.8611111111111112,0.8732394366197184,0.8611111111111112,0.8732394366197184,0.8611111111111112,0.888888888888889,0.8732394366197184,,,0.012128325508607207,0.0,0.0,-0.012128325508607207,0.02777777777777779,0.015649452269170583,,,False,False,True,True,False,False,False
preview,GEO_GSE284005_MERSCOPE_MS,4,cop_nfol,14,preview::GEO_GSE284005_MERSCOPE_MS::fold_4::cop_nfol,0.0,0.0,0.0,0.0,0.0,0.0,0.0,,,0.0,0.0,0.0,0.0,0.0,0.0,,,False,False,False,False,False,False,False
preview,GEO_GSE284005_MERSCOPE_MS,4,inflammatory.Endo,22,preview::GEO_GSE284005_MERSCOPE_MS::fold_4::inflammatory.Endo,0.5142857142857142,0.5000000000000001,0.5405405405405405,0.4864864864864865,0.5000000000000001,0.5405405405405405,0.6,,,-0.014285714285714124,-0.04054054054054035,-0.014285714285714124,-0.04054054054054035,0.026254826254826225,-0.05945945945945952,,,False,False,False,False,True,False,True
preview,GEO_GSE284005_MERSCOPE_MS,5,B,57,preview::GEO_GSE284005_MERSCOPE_MS::fold_5::B,0.8727272727272727,0.8727272727272727,0.8727272727272727,0.8807339449541285,0.8727272727272727,0.8727272727272727,0.8648648648648649,,,0.0,-0.008006672226855804,0.0,-0.008006672226855804,0.0,0.0,,,False,False,False,False,False,False,False
preview,GEO_GSE284005_MERSCOPE_MS,5,BCAS1+ OL,17,preview::GEO_GSE284005_MERSCOPE_MS::fold_5::BCAS1+ OL,0.24000000000000002,0.2608695652173913,0.24489795918367344,0.38095238095238104,0.25,0.27272727272727276,0.2641509433962264,,,0.020869565217391278,-0.12008281573498975,0.009999999999999981,-0.13095238095238104,0.032727272727272744,0.00857632933104635,,,False,False,False,True,False,False,False
preview,GEO_GSE284005_MERSCOPE_MS,5,CCN1.Astro,104,preview::GEO_GSE284005_MERSCOPE_MS::fold_5::CCN1.Astro,0.37593984962406013,0.40298507462686567,0.3939393939393939,0.39416058394160586,0.39999999999999997,0.4233576642335767,0.42857142857142855,,,0.02704522500280554,0.008824490685259812,0.024060150375939837,-0.0029850746268657025,0.04741781460951655,-0.005213764337851867,,,False,False,False,True,False,True,False
preview,GEO_GSE284005_MERSCOPE_MS,5,CD4+ T,47,preview::GEO_GSE284005_MERSCOPE_MS::fold_5::CD4+ T,0.5274725274725275,0.5208333333333334,0.5376344086021505,0.5333333333333333,0.5494505494505494,0.5473684210526316,0.5858585858585859,,,-0.006639194139194116,-0.016801075268817134,0.0219780219780219,0.011816140848398882,0.01989589358010413,-0.03849016480595424,,,False,True,False,False,False,True,False
preview,GEO_GSE284005_MERSCOPE_MS,5,CD8+ T,57,preview::GEO_GSE284005_MERSCOPE_MS::fold_5::CD8+ T,0.4657534246575343,0.4459459459459459,0.46979865771812085,0.4817518248175182,0.4563758389261745,0.45833333333333337,0.47222222222222215,,,-0.01980747871158839,-0.03580587887157233,-0.009377585731359772,-0.02537598589134371,-0.007420091324200906,-0.013888888888888784,,,False,False,False,False,True,False,False
preview,GEO_GSE284005_MERSCOPE_MS,5,COP,23,preview::GEO_GSE284005_MERSCOPE_MS::fold_5::COP,0.9302325581395349,0.9302325581395349,0.9047619047619047,0.878048780487805,0.9302325581395349,0.9302325581395349,0.8163265306122449,,,0.0,0.0,0.0,0.0,0.0,0.0,,,False,False,False,False,False,False,False
preview,GEO_GSE284005_MERSCOPE_MS,5,DA.Astro,57,preview::GEO_GSE284005_MERSCOPE_MS::fold_5::DA.Astro,0.4857142857142857,0.4963503649635036,0.45588235294117646,0.48920863309352514,0.4888888888888889,0.48920863309352514,0.49253731343283574,,,0.010636079249217889,0.007141731869978463,0.0031746031746031633,-0.007461476074614726,0.0034943473792394264,-0.003328680339310608,,,False,False,False,True,False,False,False
preview,GEO_GSE284005_MERSCOPE_MS,5,DAOPC,15,preview::GEO_GSE284005_MERSCOPE_MS::fold_5::DAOPC,0.19047619047619044,0.27272727272727276,0.2,0.2105263157894737,0.27272727272727276,0.33333333333333337,0.32,,,0.08225108225108232,0.06220095693779906,0.08225108225108232,0.0,0.14285714285714293,0.013333333333333364,,,True,False,True,True,False,True,False
preview,GEO_GSE284005_MERSCOPE_MS,5,Disease OL,43,preview::GEO_GSE284005_MERSCOPE_MS::fold_5::Disease OL,0.33846153846153854,0.30158730158730157,0.3333333333333333,0.35593220338983056,0.33587786259541985,0.3609022556390977,0.3387096774193548,,,-0.036874236874236965,-0.05434490180252899,-0.0025836758661186843,-0.020054340794410708,0.02244071717755919,0.02219257821974291,,,False,False,True,False,True,False,False
preview,GEO_GSE284005_MERSCOPE_MS,5,Fibroblast,89,preview::GEO_GSE284005_MERSCOPE_MS::fold_5::Fibroblast,0.8497409326424871,0.8497409326424871,0.84375,0.837696335078534,0.8497409326424871,0.84375,0.8541666666666666,,,0.0,0.0,0.0,0.0,-0.005990932642487068,-0.01041666666666663,,,False,False,False,False,False,False,False
preview,GEO_GSE284005_MERSCOPE_MS,5,Homeo.Astro,104,preview::GEO_GSE284005_MERSCOPE_MS::fold_5::Homeo.Astro,0.09523809523809523,0.0967741935483871,0.096,0.1679389312977099,0.08064516129032259,0.11111111111111112,0.09375,,,0.0015360983102918613,-0.0711647377493228,-0.01459293394777264,-0.0872937700073873,0.015873015873015886,0.015873015873015886,,,False,False,True,False,False,False,True
preview,GEO_GSE284005_MERSCOPE_MS,5,Homeo.Endo,54,preview::GEO_GSE284005_MERSCOPE_MS::fold_5::Homeo.Endo,0.7272727272727273,0.7438016528925621,0.7394957983193278,0.6825396825396824,0.7272727272727273,0.7521367521367521,0.7610619469026549,,,0.016528925619834767,0.004305854573234291,0.0,-0.016528925619834767,0.024864024864024836,-0.00892519476590281,,,False,False,False,True,False,False,False
preview,GEO_GSE284005_MERSCOPE_MS,5,Imm OL,29,preview::GEO_GSE284005_MERSCOPE_MS::fold_5::Imm OL,0.0975609756097561,0.09090909090909091,0.044444444444444446,0.05128205128205129,0.0975609756097561,0.09523809523809525,0.09302325581395349,,,-0.006651884700665189,-0.006651884700665189,0.0,0.0,-0.0023228803716608543,-0.0023228803716608543,,,False,False,False,False,False,False,False
preview,GEO_GSE284005_MERSCOPE_MS,5,Imm.Astro,113,preview::GEO_GSE284005_MERSCOPE_MS::fold_5::Imm.Astro,0.27702702702702703,0.2809364548494983,0.26666666666666666,0.29900332225913623,0.2818791946308725,0.29553264604811,0.2773722627737226,,,0.003909427822471279,-0.01806686740963792,0.004852167603845492,-0.017124127628263708,0.018505619021082997,0.018160383274387404,,,False,False,True,False,False,False,False
preview,GEO_GSE284005_MERSCOPE_MS,5,Mac,58,preview::GEO_GSE284005_MERSCOPE_MS::fold_5::Mac,0.6122448979591838,0.6041666666666667,0.6000000000000001,0.6185567010309279,0.5918367346938775,0.6122448979591838,0.6000000000000001,,,-0.008078231292517057,-0.014390034364261117,-0.020408163265306256,-0.026719966337050316,0.0,0.0,,,False,False,False,False,False,False,True
preview,GEO_GSE284005_MERSCOPE_MS,5,Mature OL,18,preview::GEO_GSE284005_MERSCOPE_MS::fold_5::Mature OL,0.2181818181818182,0.1851851851851852,0.21052631578947367,0.21621621621621623,0.1851851851851852,0.19607843137254904,0.1923076923076923,,,-0.032996632996632996,-0.032996632996632996,-0.032996632996632996,-0.032996632996632996,-0.022103386809269154,-0.022103386809269154,,,False,False,False,False,True,False,True
preview,GEO_GSE284005_MERSCOPE_MS,5,Micro Foamy,40,preview::GEO_GSE284005_MERSCOPE_MS::fold_5::Micro Foamy,0.6117647058823529,0.6206896551724138,0.5681818181818181,0.5813953488372093,0.6511627906976744,0.6190476190476191,0.6000000000000001,,,0.008924949290060935,0.008924949290060935,0.03939808481532148,0.030473135525260542,0.007282913165266192,0.007282913165266192,,,False,True,False,False,False,True,False
preview,GEO_GSE284005_MERSCOPE_MS,5,Micro Homeo,60,preview::GEO_GSE284005_MERSCOPE_MS::fold_5::Micro Homeo,0.2857142857142857,0.2905982905982906,0.31666666666666665,0.2764227642276422,0.3225806451612903,0.3,0.2975206611570248,,,0.004884004884004922,-0.02606837606837603,0.036866359447004615,0.005913978494623662,0.01428571428571429,0.0024793388429751873,,,False,False,False,False,False,True,False
preview,GEO_GSE284005_MERSCOPE_MS,5,Micro IL1B,19,preview::GEO_GSE284005_MERSCOPE_MS::fold_5::Micro IL1B,0.16,0.14814814814814814,0.23076923076923078,0.08,0.15384615384615385,0.15384615384615385,0.23076923076923078,,,-0.011851851851851863,-0.08262108262108264,-0.006153846153846149,-0.07692307692307693,-0.006153846153846149,-0.07692307692307693,,,False,False,False,False,True,False,False
preview,GEO_GSE284005_MERSCOPE_MS,5,Micro SPP1,28,preview::GEO_GSE284005_MERSCOPE_MS::fold_5::Micro SPP1,0.40476190476190477,0.40476190476190477,0.4,0.4090909090909091,0.3950617283950617,0.41975308641975306,0.4383561643835616,,,0.0,-0.004329004329004349,-0.00970017636684306,-0.01402918069584741,0.014991181657848296,-0.018603077963808556,,,False,False,False,False,False,False,False
preview,GEO_GSE284005_MERSCOPE_MS,5,Micro Stress,58,preview::GEO_GSE284005_MERSCOPE_MS::fold_5::Micro Stress,0.30357142857142855,0.28828828828828823,0.3119266055045872,0.24761904761904763,0.29090909090909095,0.2982456140350877,0.28828828828828823,,,-0.015283140283140317,-0.023638317216298943,-0.012662337662337597,-0.021017514595496223,-0.005325814536340845,-0.005325814536340845,,,False,False,False,False,True,False,True
preview,GEO_GSE284005_MERSCOPE_MS,5,Micro VEGFA,15,preview::GEO_GSE284005_MERSCOPE_MS::fold_5::Micro VEGFA,0.09090909090909091,0.0,0.0,0.0,0.0,0.09523809523809522,0.08695652173913045,,,-0.09090909090909091,-0.09090909090909091,-0.09090909090909091,-0.09090909090909091,0.004329004329004307,0.004329004329004307,,,False,False,False,False,True,False,True
preview,GEO_GSE284005_MERSCOPE_MS,5,NK,24,preview::GEO_GSE284005_MERSCOPE_MS::fold_5::NK,0.4848484848484849,0.4923076923076923,0.4923076923076923,0.44155844155844154,0.4923076923076923,0.5074626865671642,0.5,,,0.007459207459207362,0.0,0.007459207459207362,0.0,0.022614201718679283,0.007462686567164201,,,False,False,False,False,False,False,False
preview,GEO_GSE284005_MERSCOPE_MS,5,Neu.GABA,38,preview::GEO_GSE284005_MERSCOPE_MS::fold_5::Neu.GABA,0.5,0.5079365079365079,0.5289256198347108,0.47692307692307695,0.5038167938931298,0.5,0.5641025641025641,,,0.007936507936507908,-0.02098911189820285,0.003816793893129833,-0.025108825941580926,0.0,-0.0641025641025641,,,False,False,False,False,False,False,False
preview,GEO_GSE284005_MERSCOPE_MS,5,Neu.GLUT,46,preview::GEO_GSE284005_MERSCOPE_MS::fold_5::Neu.GLUT,0.76,0.7289719626168225,0.7307692307692308,0.7619047619047619,0.7647058823529412,0.7722772277227722,0.7450980392156864,,,-0.031028037383177498,-0.03293279928793935,0.004705882352941226,0.0028011204481793728,0.012277227722772177,0.012277227722772177,,,False,False,True,False,True,False,False
preview,GEO_GSE284005_MERSCOPE_MS,5,OPALIN+ OL,17,preview::GEO_GSE284005_MERSCOPE_MS::fold_5::OPALIN+ OL,0.17647058823529413,0.16666666666666669,0.17647058823529413,0.1111111111111111,0.17142857142857143,0.16666666666666669,0.21276595744680848,,,-0.009803921568627444,-0.009803921568627444,-0.005042016806722699,-0.005042016806722699,-0.009803921568627444,-0.0460992907801418,,,False,False,False,False,False,False,False
preview,GEO_GSE284005_MERSCOPE_MS,5,OPC,41,preview::GEO_GSE284005_MERSCOPE_MS::fold_5::OPC,0.6981132075471698,0.7254901960784315,0.6972477064220183,0.7722772277227723,0.7115384615384616,0.712871287128713,0.6542056074766355,,,0.027376988531261692,-0.04678703164434084,0.013425253991291797,-0.06073876618431073,0.014758079581543182,0.014758079581543182,,,False,False,True,True,False,True,False
preview,GEO_GSE284005_MERSCOPE_MS,5,Pericyte,52,preview::GEO_GSE284005_MERSCOPE_MS::fold_5::Pericyte,0.8235294117647058,0.8155339805825242,0.8076923076923077,0.8155339805825242,0.8155339805825242,0.8076923076923077,0.8076923076923077,,,-0.0079954311821816,-0.0079954311821816,-0.0079954311821816,-0.0079954311821816,-0.015837104072398134,-0.015837104072398134,,,False,False,False,False,False,False,False
preview,GEO_GSE284005_MERSCOPE_MS,5,Repair.Endo,31,preview::GEO_GSE284005_MERSCOPE_MS::fold_5::Repair.Endo,0.7301587301587302,0.7500000000000001,0.71875,0.6885245901639343,0.71875,0.7272727272727272,0.7352941176470588,,,0.019841269841269882,0.019841269841269882,-0.01140873015873023,-0.03125000000000011,-0.0028860028860030473,-0.008021390374331583,,,True,False,False,True,False,False,True
preview,GEO_GSE284005_MERSCOPE_MS,5,SMC,60,preview::GEO_GSE284005_MERSCOPE_MS::fold_5::SMC,0.8412698412698413,0.8372093023255814,0.8346456692913385,0.870967741935484,0.8372093023255814,0.8527131782945736,0.8307692307692307,,,-0.004060538944259839,-0.033758439609902546,-0.004060538944259839,-0.033758439609902546,0.011443337024732325,0.011443337024732325,,,False,False,True,False,False,False,False
preview,GEO_GSE284005_MERSCOPE_MS,5,Stress OL,23,preview::GEO_GSE284005_MERSCOPE_MS::fold_5::Stress OL,0.0,0.0,0.0,0.0,0.0,0.0,0.0,,,0.0,0.0,0.0,0.0,0.0,0.0,,,False,False,False,False,False,False,False
preview,GEO_GSE284005_MERSCOPE_MS,5,Stress T,40,preview::GEO_GSE284005_MERSCOPE_MS::fold_5::Stress T,0.39999999999999997,0.4166666666666667,0.4166666666666667,0.41025641025641024,0.410958904109589,0.4054054054054054,0.44117647058823534,,,0.01666666666666672,0.0,0.010958904109589052,-0.005707762557077667,0.005405405405405406,-0.035771065182829964,,,False,False,False,True,False,True,False
preview,GEO_GSE284005_MERSCOPE_MS,5,Stress.Astro,67,preview::GEO_GSE284005_MERSCOPE_MS::fold_5::Stress.Astro,0.31007751937984496,0.31007751937984496,0.32558139534883723,0.2479338842975207,0.3206106870229008,0.3410852713178295,0.3565891472868217,,,0.0,-0.015503875968992276,0.01053316764305584,-0.004970708325936435,0.03100775193798455,-0.015503875968992165,,,False,False,False,False,False,True,False
preview,GEO_GSE284005_MERSCOPE_MS,5,Stress.Endo,23,preview::GEO_GSE284005_MERSCOPE_MS::fold_5::Stress.Endo,0.36363636363636365,0.43750000000000006,0.43750000000000006,0.30303030303030304,0.37500000000000006,0.4,0.411764705882353,,,0.07386363636363641,0.0,0.011363636363636409,-0.0625,0.036363636363636376,-0.011764705882352955,,,False,False,False,True,False,True,False
preview,GEO_GSE284005_MERSCOPE_MS,5,Treg,59,preview::GEO_GSE284005_MERSCOPE_MS::fold_5::Treg,0.0,0.0,0.0,0.0,0.0,0.0,0.0,,,0.0,0.0,0.0,0.0,0.0,0.0,,,False,False,False,False,False,False,False
preview,GEO_GSE284005_MERSCOPE_MS,5,Vas.Astro,35,preview::GEO_GSE284005_MERSCOPE_MS::fold_5::Vas.Astro,0.7037037037037037,0.7586206896551724,0.7142857142857142,0.6153846153846154,0.7499999999999999,0.7719298245614035,0.8135593220338984,,,0.054916985951468655,0.044334975369458185,0.04629629629629617,-0.008620689655172487,0.06822612085769975,-0.04162949747249489,,,True,False,False,True,False,True,False
preview,GEO_GSE284005_MERSCOPE_MS,5,cop_nfol,24,preview::GEO_GSE284005_MERSCOPE_MS::fold_5::cop_nfol,0.07999999999999999,0.07999999999999999,0.07999999999999999,0.07999999999999999,0.07999999999999999,0.07999999999999999,0.07999999999999999,,,0.0,0.0,0.0,0.0,0.0,0.0,,,False,False,False,False,False,False,False
preview,GEO_GSE284005_MERSCOPE_MS,5,inflammatory.Endo,47,preview::GEO_GSE284005_MERSCOPE_MS::fold_5::inflammatory.Endo,0.8510638297872339,0.8351648351648351,0.8510638297872339,0.7912087912087913,0.8478260869565217,0.8602150537634409,0.8541666666666667,,,-0.015898994622398854,-0.015898994622398854,-0.003237742830712209,-0.003237742830712209,0.009151223976206935,0.006048387096774133,,,False,False,False,False,True,False,False
preview,GEO_GSE327581_COSMX_AD_BRAIN,1,Astrocytes.cortex.hippocampus,31,preview::GEO_GSE327581_COSMX_AD_BRAIN::fold_1::Astrocytes.cortex.hippocampus,0.4242424242424243,0.39344262295081966,0.4242424242424243,0.4242424242424243,0.4375,0.4242424242424243,0.4307692307692308,,,-0.030799801291604645,-0.030799801291604645,0.01325757575757569,0.01325757575757569,0.0,-0.006526806526806483,,,False,True,False,False,True,True,False
preview,GEO_GSE327581_COSMX_AD_BRAIN,1,Astrocytes.thalamus.hypothalamus,13,preview::GEO_GSE327581_COSMX_AD_BRAIN::fold_1::Astrocytes.thalamus.hypothalamus,0.33333333333333337,0.5,0.33333333333333337,0.33333333333333337,0.3157894736842105,0.33333333333333337,0.33333333333333337,,,0.16666666666666663,0.16666666666666663,-0.01754385964912286,-0.1842105263157895,0.0,0.0,,,True,False,False,True,False,False,True
preview,GEO_GSE327581_COSMX_AD_BRAIN,1,CCK.interneurons,22,preview::GEO_GSE327581_COSMX_AD_BRAIN::fold_1::CCK.interneurons,0.7906976744186046,0.7169811320754716,0.7906976744186046,0.7906976744186046,0.7906976744186046,0.7906976744186046,0.7906976744186046,,,-0.07371654234313296,-0.07371654234313296,0.0,0.0,0.0,0.0,,,False,False,False,False,True,False,False
preview,GEO_GSE327581_COSMX_AD_BRAIN,1,Cajal.Retzius.cells,36,preview::GEO_GSE327581_COSMX_AD_BRAIN::fold_1::Cajal.Retzius.cells,0.06666666666666667,0.12,0.06666666666666667,0.06666666666666667,0.06557377049180328,0.0967741935483871,0.09523809523809525,,,0.05333333333333333,0.05333333333333333,-0.0010928961748633836,-0.05442622950819671,0.03010752688172043,0.0015360983102918474,,,True,False,False,True,False,False,False
preview,GEO_GSE327581_COSMX_AD_BRAIN,1,Cholinergic.neurons.habenula,11,preview::GEO_GSE327581_COSMX_AD_BRAIN::fold_1::Cholinergic.neurons.habenula,0.0,0.0,0.0,0.0,0.0,0.0,0.0,,,0.0,0.0,0.0,0.0,0.0,0.0,,,False,False,False,False,False,False,False
preview,GEO_GSE327581_COSMX_AD_BRAIN,1,Choroid.plexus.epithelial.cells,9,preview::GEO_GSE327581_COSMX_AD_BRAIN::fold_1::Choroid.plexus.epithelial.cells,0.9,1.0,0.9,0.9,0.9473684210526316,0.9,0.9,,,0.09999999999999998,0.09999999999999998,0.047368421052631615,-0.05263157894736836,0.0,0.0,,,False,False,False,False,False,False,False
preview,GEO_GSE327581_COSMX_AD_BRAIN,1,Committed.oligodendrocytes,14,preview::GEO_GSE327581_COSMX_AD_BRAIN::fold_1::Committed.oligodendrocytes,0.3333333333333333,0.32653061224489793,0.3333333333333333,0.3333333333333333,0.3333333333333333,0.3333333333333333,0.3333333333333333,,,-0.006802721088435382,-0.006802721088435382,0.0,0.0,0.0,0.0,,,False,False,False,False,False,False,False
preview,GEO_GSE327581_COSMX_AD_BRAIN,1,D1.medium.spiny.neurons,10,preview::GEO_GSE327581_COSMX_AD_BRAIN::fold_1::D1.medium.spiny.neurons,0.4390243902439024,0.4736842105263158,0.4390243902439024,0.4390243902439024,0.4615384615384615,0.45000000000000007,0.45000000000000007,,,0.034659820282413434,0.034659820282413434,0.022514071294559124,-0.01214574898785431,0.010975609756097682,0.0,,,True,False,False,True,False,True,False
preview,GEO_GSE327581_COSMX_AD_BRAIN,1,D2.medium.spiny.neurons,15,preview::GEO_GSE327581_COSMX_AD_BRAIN::fold_1::D2.medium.spiny.neurons,0.7333333333333333,0.7096774193548386,0.7333333333333333,0.7333333333333333,0.7333333333333333,0.6666666666666666,0.7096774193548386,,,-0.023655913978494647,-0.023655913978494647,0.0,0.0,-0.06666666666666665,-0.06666666666666665,,,False,False,False,False,True,False,False
preview,GEO_GSE327581_COSMX_AD_BRAIN,1,Dopaminergic.neurons,5,preview::GEO_GSE327581_COSMX_AD_BRAIN::fold_1::Dopaminergic.neurons,0.2727272727272727,0.33333333333333337,0.2727272727272727,0.2727272727272727,0.2727272727272727,0.2857142857142857,0.2727272727272727,,,0.06060606060606066,0.06060606060606066,0.0,-0.06060606060606066,0.012987012987012991,0.012987012987012991,,,False,False,False,False,False,False,False
preview,GEO_GSE327581_COSMX_AD_BRAIN,1,Ependymal.cells,4,preview::GEO_GSE327581_COSMX_AD_BRAIN::fold_1::Ependymal.cells,0.5,0.5,0.5,0.5,0.5,0.5,0.5,,,0.0,0.0,0.0,0.0,0.0,0.0,,,False,False,False,False,False,False,False
preview,GEO_GSE327581_COSMX_AD_BRAIN,1,Excitatory.neurons.amygdala,32,preview::GEO_GSE327581_COSMX_AD_BRAIN::fold_1::Excitatory.neurons.amygdala,0.15384615384615383,0.14634146341463417,0.15384615384615383,0.15384615384615383,0.15384615384615383,0.10526315789473684,0.15384615384615383,,,-0.007504690431519662,-0.007504690431519662,0.0,0.0,-0.04858299595141699,-0.04858299595141699,,,False,False,False,False,False,False,False
preview,GEO_GSE327581_COSMX_AD_BRAIN,1,Excitatory.neurons.hippocampal.CA1,19,preview::GEO_GSE327581_COSMX_AD_BRAIN::fold_1::Excitatory.neurons.hippocampal.CA1,0.6451612903225806,0.6896551724137931,0.6451612903225806,0.6451612903225806,0.6451612903225806,0.6451612903225806,0.6451612903225806,,,0.04449388209121252,0.04449388209121252,0.0,-0.04449388209121252,0.0,0.0,,,True,False,False,True,False,False,False
preview,GEO_GSE327581_COSMX_AD_BRAIN,1,Excitatory.neurons.hippocampal.CA2,33,preview::GEO_GSE327581_COSMX_AD_BRAIN::fold_1::Excitatory.neurons.hippocampal.CA2,0.4705882352941177,0.49484536082474223,0.4705882352941177,0.4705882352941177,0.5,0.4705882352941177,0.4705882352941177,,,0.024257125530624535,0.024257125530624535,0.029411764705882304,0.005154639175257769,0.0,0.0,,,True,False,False,True,False,True,False
preview,GEO_GSE327581_COSMX_AD_BRAIN,1,Excitatory.neurons.hippocampal.CA3,48,preview::GEO_GSE327581_COSMX_AD_BRAIN::fold_1::Excitatory.neurons.hippocampal.CA3,0.6356589147286822,0.6608695652173913,0.6356589147286822,0.6356589147286822,0.6511627906976744,0.6307692307692309,0.6356589147286822,,,0.025210650488709074,0.025210650488709074,0.015503875968992165,-0.00970677451971691,-0.00488968395945133,-0.00488968395945133,,,True,False,False,True,False,True,False
preview,GEO_GSE327581_COSMX_AD_BRAIN,1,Excitatory.neurons.layer.1.piriform,2,preview::GEO_GSE327581_COSMX_AD_BRAIN::fold_1::Excitatory.neurons.layer.1.piriform,0.0,0.0,0.0,0.0,0.0,0.0,0.0,,,0.0,0.0,0.0,0.0,0.0,0.0,,,False,False,False,False,False,False,False
preview,GEO_GSE327581_COSMX_AD_BRAIN,1,Excitatory.neurons.layer.2.3,4,preview::GEO_GSE327581_COSMX_AD_BRAIN::fold_1::Excitatory.neurons.layer.2.3,0.0,0.0,0.0,0.0,0.0,0.0,0.0,,,0.0,0.0,0.0,0.0,0.0,0.0,,,False,False,False,False,False,False,False
preview,GEO_GSE327581_COSMX_AD_BRAIN,1,Excitatory.neurons.layer.4,1,preview::GEO_GSE327581_COSMX_AD_BRAIN::fold_1::Excitatory.neurons.layer.4,0.0,0.0,0.0,0.0,0.0,0.0,0.0,,,0.0,0.0,0.0,0.0,0.0,0.0,,,False,False,False,False,False,False,False
preview,GEO_GSE327581_COSMX_AD_BRAIN,1,Excitatory.neurons.layer.5,6,preview::GEO_GSE327581_COSMX_AD_BRAIN::fold_1::Excitatory.neurons.layer.5,0.1818181818181818,0.16666666666666666,0.1818181818181818,0.1818181818181818,0.1818181818181818,0.1818181818181818,0.1818181818181818,,,-0.015151515151515138,-0.015151515151515138,0.0,0.0,0.0,0.0,,,False,False,False,False,False,False,False
preview,GEO_GSE327581_COSMX_AD_BRAIN,1,Excitatory.neurons.telencephalon,38,preview::GEO_GSE327581_COSMX_AD_BRAIN::fold_1::Excitatory.neurons.telencephalon,0.13559322033898305,0.16,0.13559322033898305,0.13559322033898305,0.13114754098360656,0.13333333333333333,0.13333333333333333,,,0.024406779661016953,0.024406779661016953,-0.004445679355376486,-0.02885245901639344,-0.002259887005649719,-0.002259887005649719,,,True,False,False,True,False,False,False
preview,GEO_GSE327581_COSMX_AD_BRAIN,1,Granule.neurons,5,preview::GEO_GSE327581_COSMX_AD_BRAIN::fold_1::Granule.neurons,0.4,0.0,0.4,0.4,0.4,0.42857142857142855,0.4,,,-0.4,-0.4,0.0,0.0,0.028571428571428525,0.028571428571428525,,,False,False,False,False,False,False,False
preview,GEO_GSE327581_COSMX_AD_BRAIN,1,Hindbrain.excitatory.neurons,1,preview::GEO_GSE327581_COSMX_AD_BRAIN::fold_1::Hindbrain.excitatory.neurons,0.0,0.0,0.0,0.0,0.0,0.0,0.0,,,0.0,0.0,0.0,0.0,0.0,0.0,,,False,False,False,False,False,False,False
preview,GEO_GSE327581_COSMX_AD_BRAIN,1,Hindbrain.inhibitory.neurons,2,preview::GEO_GSE327581_COSMX_AD_BRAIN::fold_1::Hindbrain.inhibitory.neurons,0.0,0.0,0.0,0.0,0.0,0.0,0.0,,,0.0,0.0,0.0,0.0,0.0,0.0,,,False,False,False,False,False,False,False
preview,GEO_GSE327581_COSMX_AD_BRAIN,1,Hypendymal,60,preview::GEO_GSE327581_COSMX_AD_BRAIN::fold_1::Hypendymal,0.7401574803149608,0.7166666666666667,0.7401574803149608,0.7401574803149608,0.7401574803149608,0.71875,0.7401574803149608,,,-0.023490813648294084,-0.023490813648294084,0.0,0.0,-0.02140748031496076,-0.02140748031496076,,,False,False,False,False,True,False,False
preview,GEO_GSE327581_COSMX_AD_BRAIN,1,Inhibitory.interneurons,17,preview::GEO_GSE327581_COSMX_AD_BRAIN::fold_1::Inhibitory.interneurons,0.6206896551724139,0.5454545454545455,0.6206896551724139,0.6206896551724139,0.6206896551724139,0.6428571428571428,0.6428571428571428,,,-0.0752351097178684,-0.0752351097178684,0.0,0.0,0.02216748768472887,0.0,,,False,False,False,False,True,False,False
preview,GEO_GSE327581_COSMX_AD_BRAIN,1,Inhibitory.neurons.amygdala,5,preview::GEO_GSE327581_COSMX_AD_BRAIN::fold_1::Inhibitory.neurons.amygdala,0.25,0.0,0.25,0.25,0.25,0.25,0.25,,,-0.25,-0.25,0.0,0.0,0.0,0.0,,,False,False,False,False,False,False,False
preview,GEO_GSE327581_COSMX_AD_BRAIN,1,Inhibitory.neurons.habenula.hypothalamus,10,preview::GEO_GSE327581_COSMX_AD_BRAIN::fold_1::Inhibitory.neurons.habenula.hypothalamus,0.4210526315789474,0.4444444444444445,0.4210526315789474,0.4210526315789474,0.4210526315789474,0.4210526315789474,0.4210526315789474,,,0.023391812865497075,0.023391812865497075,0.0,-0.023391812865497075,0.0,0.0,,,True,False,False,True,False,False,False
preview,GEO_GSE327581_COSMX_AD_BRAIN,1,Inhibitory.neurons.habenula.thalamus,2,preview::GEO_GSE327581_COSMX_AD_BRAIN::fold_1::Inhibitory.neurons.habenula.thalamus,0.0,0.0,0.0,0.0,0.0,0.0,0.0,,,0.0,0.0,0.0,0.0,0.0,0.0,,,False,False,False,False,False,False,False
preview,GEO_GSE327581_COSMX_AD_BRAIN,1,Inhibitory.neurons.reticular.nucleus,8,preview::GEO_GSE327581_COSMX_AD_BRAIN::fold_1::Inhibitory.neurons.reticular.nucleus,0.3333333333333333,0.45454545454545453,0.3333333333333333,0.3333333333333333,0.3846153846153846,0.4,0.4,,,0.12121212121212122,0.12121212121212122,0.051282051282051266,-0.06993006993006995,0.06666666666666671,0.0,,,False,False,False,False,False,False,False
preview,GEO_GSE327581_COSMX_AD_BRAIN,1,Interneuron.selective.interneurons,5,preview::GEO_GSE327581_COSMX_AD_BRAIN::fold_1::Interneuron.selective.interneurons,0.5714285714285714,0.3076923076923077,0.5714285714285714,0.5714285714285714,0.5333333333333333,0.5714285714285714,0.5714285714285714,,,-0.2637362637362637,-0.2637362637362637,-0.03809523809523807,-0.03809523809523807,0.0,0.0,,,False,False,False,False,False,False,False
preview,GEO_GSE327581_COSMX_AD_BRAIN,1,Interneurons,3,preview::GEO_GSE327581_COSMX_AD_BRAIN::fold_1::Interneurons,0.3333333333333333,0.2222222222222222,0.3333333333333333,0.3333333333333333,0.3333333333333333,0.3333333333333333,0.3333333333333333,,,-0.1111111111111111,-0.1111111111111111,0.0,0.0,0.0,0.0,,,False,False,False,False,False,False,False
preview,GEO_GSE327581_COSMX_AD_BRAIN,1,Mature.oligodendrocytes,22,preview::GEO_GSE327581_COSMX_AD_BRAIN::fold_1::Mature.oligodendrocytes,0.0,0.0,0.0,0.0,0.0,0.0,0.0,,,0.0,0.0,0.0,0.0,0.0,0.0,,,False,False,False,False,False,False,False
preview,GEO_GSE327581_COSMX_AD_BRAIN,1,Microglia,14,preview::GEO_GSE327581_COSMX_AD_BRAIN::fold_1::Microglia,0.16,0.3,0.16,0.16,0.16,0.16,0.16,,,0.13999999999999999,0.13999999999999999,0.0,-0.13999999999999999,0.0,0.0,,,True,False,False,True,False,False,False
preview,GEO_GSE327581_COSMX_AD_BRAIN,1,Myelin.forming.oligodendrocytes,11,preview::GEO_GSE327581_COSMX_AD_BRAIN::fold_1::Myelin.forming.oligodendrocytes,0.0,0.0,0.0,0.0,0.0,0.0,0.0,,,0.0,0.0,0.0,0.0,0.0,0.0,,,False,False,False,False,False,False,False
preview,GEO_GSE327581_COSMX_AD_BRAIN,1,Neuroblasts,18,preview::GEO_GSE327581_COSMX_AD_BRAIN::fold_1::Neuroblasts,0.13333333333333333,0.14285714285714285,0.13333333333333333,0.13333333333333333,0.13333333333333333,0.12903225806451615,0.13333333333333333,,,0.009523809523809518,0.009523809523809518,0.0,-0.009523809523809518,-0.004301075268817178,-0.004301075268817178,,,False,False,False,False,False,False,False
preview,GEO_GSE327581_COSMX_AD_BRAIN,1,Neurogliaform.cells,19,preview::GEO_GSE327581_COSMX_AD_BRAIN::fold_1::Neurogliaform.cells,0.34782608695652173,0.46153846153846156,0.34782608695652173,0.34782608695652173,0.4166666666666667,0.4166666666666667,0.4166666666666667,,,0.11371237458193983,0.11371237458193983,0.06884057971014496,-0.04487179487179488,0.06884057971014496,0.0,,,True,False,False,True,False,True,False
preview,GEO_GSE327581_COSMX_AD_BRAIN,1,Newly.formed.oligodendrocytes,15,preview::GEO_GSE327581_COSMX_AD_BRAIN::fold_1::Newly.formed.oligodendrocytes,0.4,0.47619047619047616,0.4,0.4,0.4,0.4,0.4,,,0.07619047619047614,0.07619047619047614,0.0,-0.07619047619047614,0.0,0.0,,,True,False,False,True,False,False,False
preview,GEO_GSE327581_COSMX_AD_BRAIN,1,Olfactory.bulb.inhibitory.neurons,1,preview::GEO_GSE327581_COSMX_AD_BRAIN::fold_1::Olfactory.bulb.inhibitory.neurons,0.0,0.0,0.0,0.0,0.0,0.0,0.0,,,0.0,0.0,0.0,0.0,0.0,0.0,,,False,False,False,False,False,False,False
preview,GEO_GSE327581_COSMX_AD_BRAIN,1,Olfactory.ensheathing.cells,12,preview::GEO_GSE327581_COSMX_AD_BRAIN::fold_1::Olfactory.ensheathing.cells,0.0,0.15384615384615385,0.0,0.0,0.13333333333333333,0.0,0.13333333333333333,,,0.15384615384615385,0.15384615384615385,0.13333333333333333,-0.020512820512820523,0.0,-0.13333333333333333,,,True,False,False,True,False,True,False
preview,GEO_GSE327581_COSMX_AD_BRAIN,1,Oligodendrocyte.precursor.cells,12,preview::GEO_GSE327581_COSMX_AD_BRAIN::fold_1::Oligodendrocyte.precursor.cells,0.6285714285714286,0.7407407407407408,0.6285714285714286,0.6285714285714286,0.6285714285714286,0.611111111111111,0.6285714285714286,,,0.11216931216931225,0.11216931216931225,0.0,-0.11216931216931225,-0.01746031746031751,-0.01746031746031751,,,True,False,False,True,False,False,False
preview,GEO_GSE327581_COSMX_AD_BRAIN,1,Peptidergic.neurons,9,preview::GEO_GSE327581_COSMX_AD_BRAIN::fold_1::Peptidergic.neurons,0.2105263157894737,0.2222222222222222,0.2105263157894737,0.2105263157894737,0.2222222222222222,0.23529411764705882,0.2222222222222222,,,0.01169590643274851,0.01169590643274851,0.01169590643274851,0.0,0.02476780185758512,0.01307189542483661,,,False,False,False,False,False,False,False
preview,GEO_GSE327581_COSMX_AD_BRAIN,1,Pericytes,17,preview::GEO_GSE327581_COSMX_AD_BRAIN::fold_1::Pericytes,0.4444444444444444,0.5,0.4444444444444444,0.4444444444444444,0.47058823529411764,0.4444444444444444,0.45714285714285713,,,0.05555555555555558,0.05555555555555558,0.02614379084967322,-0.02941176470588236,0.0,-0.012698412698412709,,,True,False,False,True,False,True,False
preview,GEO_GSE327581_COSMX_AD_BRAIN,1,Perivascular.macrophages,25,preview::GEO_GSE327581_COSMX_AD_BRAIN::fold_1::Perivascular.macrophages,0.3404255319148936,0.25,0.3404255319148936,0.3404255319148936,0.29787234042553196,0.3404255319148936,0.3404255319148936,,,-0.09042553191489361,-0.09042553191489361,-0.04255319148936165,-0.04255319148936165,0.0,0.0,,,False,False,False,False,True,False,True
preview,GEO_GSE327581_COSMX_AD_BRAIN,1,Purkinje.cells,1,preview::GEO_GSE327581_COSMX_AD_BRAIN::fold_1::Purkinje.cells,0.2222222222222222,0.33333333333333337,0.2222222222222222,0.2222222222222222,0.2857142857142857,0.2222222222222222,0.2222222222222222,,,0.11111111111111116,0.11111111111111116,0.06349206349206349,-0.04761904761904767,0.0,0.0,,,False,False,False,False,False,False,False
preview,GEO_GSE327581_COSMX_AD_BRAIN,1,Radial.glia,24,preview::GEO_GSE327581_COSMX_AD_BRAIN::fold_1::Radial.glia,0.0,0.0,0.0,0.0,0.0,0.0,0.0,,,0.0,0.0,0.0,0.0,0.0,0.0,,,False,False,False,False,False,False,False
preview,GEO_GSE327581_COSMX_AD_BRAIN,1,Serotonergic.neurons,20,preview::GEO_GSE327581_COSMX_AD_BRAIN::fold_1::Serotonergic.neurons,0.5714285714285715,0.6976744186046512,0.5714285714285715,0.5714285714285715,0.588235294117647,0.5714285714285715,0.5714285714285715,,,0.12624584717607967,0.12624584717607967,0.01680672268907546,-0.10943912448700421,0.0,0.0,,,True,False,False,True,False,True,False
preview,GEO_GSE327581_COSMX_AD_BRAIN,1,T.cell,45,preview::GEO_GSE327581_COSMX_AD_BRAIN::fold_1::T.cell,0.2285714285714286,0.2686567164179105,0.2285714285714286,0.2285714285714286,0.2285714285714286,0.2285714285714286,0.2285714285714286,,,0.04008528784648191,0.04008528784648191,0.0,-0.04008528784648191,0.0,0.0,,,True,False,False,True,False,False,False
preview,GEO_GSE327581_COSMX_AD_BRAIN,1,Tanycytes,28,preview::GEO_GSE327581_COSMX_AD_BRAIN::fold_1::Tanycytes,0.0625,0.06451612903225806,0.0625,0.0625,0.06060606060606061,0.06060606060606061,0.0625,,,0.0020161290322580627,0.0020161290322580627,-0.0018939393939393923,-0.003910068426197455,-0.0018939393939393923,-0.0018939393939393923,,,False,False,False,False,False,False,False
preview,GEO_GSE327581_COSMX_AD_BRAIN,1,Telencephalon.inhibitory.neurons,12,preview::GEO_GSE327581_COSMX_AD_BRAIN::fold_1::Telencephalon.inhibitory.neurons,0.42857142857142855,0.5599999999999999,0.42857142857142855,0.42857142857142855,0.42857142857142855,0.4615384615384615,0.4615384615384615,,,0.1314285714285714,0.1314285714285714,0.0,-0.1314285714285714,0.03296703296703296,0.0,,,True,False,False,True,False,False,False
preview,GEO_GSE327581_COSMX_AD_BRAIN,1,Vascular.endothelial.cells,20,preview::GEO_GSE327581_COSMX_AD_BRAIN::fold_1::Vascular.endothelial.cells,0.5396825396825397,0.5573770491803278,0.5396825396825397,0.5396825396825397,0.53125,0.5396825396825397,0.5396825396825397,,,0.01769450949778817,0.01769450949778817,-0.008432539682539653,-0.02612704918032782,0.0,0.0,,,True,False,False,True,False,False,False
preview,GEO_GSE327581_COSMX_AD_BRAIN,1,Vascular.leptomeningeal.cells,17,preview::GEO_GSE327581_COSMX_AD_BRAIN::fold_1::Vascular.leptomeningeal.cells,0.7894736842105262,0.6222222222222222,0.7894736842105262,0.7894736842105262,0.7894736842105262,0.7692307692307693,0.7894736842105262,,,-0.16725146198830398,-0.16725146198830398,0.0,0.0,-0.020242914979756943,-0.020242914979756943,,,False,False,False,False,True,False,False
preview,GEO_GSE327581_COSMX_AD_BRAIN,1,Vascular.smooth.muscle.cells,26,preview::GEO_GSE327581_COSMX_AD_BRAIN::fold_1::Vascular.smooth.muscle.cells,0.6190476190476191,0.5416666666666667,0.6190476190476191,0.6190476190476191,0.6190476190476191,0.6046511627906976,0.6190476190476191,,,-0.07738095238095233,-0.07738095238095233,0.0,0.0,-0.01439645625692143,-0.01439645625692143,,,False,False,False,False,True,False,False
preview,GEO_GSE327581_COSMX_AD_BRAIN,2,Astrocytes.Bergmann.glia,1,preview::GEO_GSE327581_COSMX_AD_BRAIN::fold_2::Astrocytes.Bergmann.glia,0.0,0.0,0.0,0.0,0.0,0.0,0.0,,,0.0,0.0,0.0,0.0,0.0,0.0,,,False,False,False,False,False,False,False
preview,GEO_GSE327581_COSMX_AD_BRAIN,2,Astrocytes.cortex.hippocampus,20,preview::GEO_GSE327581_COSMX_AD_BRAIN::fold_2::Astrocytes.cortex.hippocampus,0.5306122448979592,0.48888888888888893,0.5,0.56,0.48888888888888893,0.5217391304347826,0.5116279069767442,,,-0.04172335600907029,-0.07111111111111112,-0.04172335600907029,-0.07111111111111112,-0.008873114463176623,-0.008873114463176623,,,False,False,False,False,True,False,True
preview,GEO_GSE327581_COSMX_AD_BRAIN,2,Astrocytes.thalamus.hypothalamus,19,preview::GEO_GSE327581_COSMX_AD_BRAIN::fold_2::Astrocytes.thalamus.hypothalamus,0.6666666666666667,0.6666666666666667,0.5882352941176471,0.6666666666666667,0.5945945945945946,0.6875,0.625,,,0.0,0.0,-0.07207207207207211,-0.07207207207207211,0.02083333333333326,0.02083333333333326,,,False,False,True,False,False,False,True
preview,GEO_GSE327581_COSMX_AD_BRAIN,2,CCK.interneurons,27,preview::GEO_GSE327581_COSMX_AD_BRAIN::fold_2::CCK.interneurons,0.7407407407407407,0.7169811320754716,0.7142857142857143,0.7272727272727273,0.7037037037037037,0.7037037037037037,0.7058823529411765,,,-0.02375960866526905,-0.02375960866526905,-0.03703703703703698,-0.03703703703703698,-0.03703703703703698,-0.03703703703703698,,,False,False,False,False,True,False,True
preview,GEO_GSE327581_COSMX_AD_BRAIN,2,Cajal.Retzius.cells,52,preview::GEO_GSE327581_COSMX_AD_BRAIN::fold_2::Cajal.Retzius.cells,0.1904761904761905,0.14457831325301204,0.05194805194805195,0.1219512195121951,0.1686746987951807,0.14457831325301204,0.1927710843373494,,,-0.04589787722317845,-0.04589787722317845,-0.021801491681009783,-0.021801491681009783,-0.04589787722317845,-0.048192771084337366,,,False,False,False,False,True,False,True
preview,GEO_GSE327581_COSMX_AD_BRAIN,2,Cholinergic.neurons.habenula,9,preview::GEO_GSE327581_COSMX_AD_BRAIN::fold_2::Cholinergic.neurons.habenula,0.0,0.09999999999999999,0.0,0.0,0.09999999999999999,0.09999999999999999,0.0,,,0.09999999999999999,0.09999999999999999,0.09999999999999999,0.0,0.09999999999999999,0.09999999999999999,,,False,False,False,False,False,False,False
preview,GEO_GSE327581_COSMX_AD_BRAIN,2,Choroid.plexus.epithelial.cells,21,preview::GEO_GSE327581_COSMX_AD_BRAIN::fold_2::Choroid.plexus.epithelial.cells,0.9302325581395349,0.9333333333333333,0.9523809523809523,0.9302325581395349,0.9545454545454545,0.7000000000000001,0.6557377049180327,,,0.0031007751937984773,-0.01904761904761898,0.024312896405919604,0.0021645021645021467,-0.2302325581395348,-0.2302325581395348,,,False,False,False,False,False,True,False
preview,GEO_GSE327581_COSMX_AD_BRAIN,2,Committed.oligodendrocytes,14,preview::GEO_GSE327581_COSMX_AD_BRAIN::fold_2::Committed.oligodendrocytes,0.3333333333333333,0.28571428571428575,0.3333333333333333,0.32653061224489793,0.28571428571428575,0.32,0.32,,,-0.04761904761904756,-0.04761904761904756,-0.04761904761904756,-0.04761904761904756,-0.013333333333333308,-0.013333333333333308,,,False,False,False,False,True,False,True
preview,GEO_GSE327581_COSMX_AD_BRAIN,2,D1.medium.spiny.neurons,21,preview::GEO_GSE327581_COSMX_AD_BRAIN::fold_2::D1.medium.spiny.neurons,0.6521739130434783,0.6222222222222222,0.6808510638297872,0.6666666666666666,0.6341463414634146,0.6666666666666666,0.5714285714285714,,,-0.02995169082125604,-0.058628841607564985,-0.018027571580063628,-0.046704722366372575,0.01449275362318836,0.01449275362318836,,,False,False,True,False,True,False,True
preview,GEO_GSE327581_COSMX_AD_BRAIN,2,D2.medium.spiny.neurons,23,preview::GEO_GSE327581_COSMX_AD_BRAIN::fold_2::D2.medium.spiny.neurons,0.689655172413793,0.6774193548387096,0.6557377049180327,0.6999999999999998,0.6779661016949152,0.6461538461538461,0.6451612903225806,,,-0.012235817575083408,-0.022580645161290214,-0.011689070718877814,-0.02203389830508462,-0.04350132625994696,-0.04350132625994696,,,False,False,False,False,True,False,True
preview,GEO_GSE327581_COSMX_AD_BRAIN,2,Dopaminergic.neurons,10,preview::GEO_GSE327581_COSMX_AD_BRAIN::fold_2::Dopaminergic.neurons,0.37499999999999994,0.3529411764705882,0.3529411764705882,0.37499999999999994,0.4285714285714285,0.33333333333333326,0.3,,,-0.022058823529411742,-0.022058823529411742,0.05357142857142855,0.05357142857142855,-0.041666666666666685,-0.041666666666666685,,,False,True,False,False,True,True,False
preview,GEO_GSE327581_COSMX_AD_BRAIN,2,Ependymal.cells,15,preview::GEO_GSE327581_COSMX_AD_BRAIN::fold_2::Ependymal.cells,0.6923076923076923,0.6451612903225806,0.6,0.6666666666666667,0.7333333333333333,0.5,0.6666666666666665,,,-0.04714640198511166,-0.04714640198511166,0.04102564102564099,0.04102564102564099,-0.1923076923076923,-0.1923076923076923,,,False,True,False,False,True,True,False
preview,GEO_GSE327581_COSMX_AD_BRAIN,2,Excitatory.neurons.amygdala,31,preview::GEO_GSE327581_COSMX_AD_BRAIN::fold_2::Excitatory.neurons.amygdala,0.2564102564102564,0.2631578947368421,0.20512820512820512,0.2564102564102564,0.27027027027027023,0.2564102564102564,0.2631578947368421,,,0.006747638326585703,0.006747638326585703,0.013860013860013842,0.007112375533428139,0.0,-0.006747638326585703,,,False,False,False,False,False,True,False
preview,GEO_GSE327581_COSMX_AD_BRAIN,2,Excitatory.neurons.di.mesencephalon,18,preview::GEO_GSE327581_COSMX_AD_BRAIN::fold_2::Excitatory.neurons.di.mesencephalon,0.7142857142857143,0.7692307692307692,0.7142857142857143,0.7142857142857143,0.7499999999999999,0.6976744186046512,0.717948717948718,,,0.05494505494505486,0.05494505494505486,0.03571428571428559,-0.019230769230769273,-0.01661129568106312,-0.02027429934406677,,,True,False,False,True,False,True,False
preview,GEO_GSE327581_COSMX_AD_BRAIN,2,Excitatory.neurons.hippocampal.CA1,15,preview::GEO_GSE327581_COSMX_AD_BRAIN::fold_2::Excitatory.neurons.hippocampal.CA1,0.7333333333333333,0.7500000000000001,0.7142857142857142,0.7500000000000001,0.6428571428571429,0.7586206896551724,0.689655172413793,,,0.01666666666666683,0.0,-0.09047619047619038,-0.1071428571428572,0.025287356321839094,0.025287356321839094,,,False,False,True,True,False,False,True
preview,GEO_GSE327581_COSMX_AD_BRAIN,2,Excitatory.neurons.hippocampal.CA2,34,preview::GEO_GSE327581_COSMX_AD_BRAIN::fold_2::Excitatory.neurons.hippocampal.CA2,0.48,0.4333333333333333,0.44000000000000006,0.48,0.4444444444444445,0.3478260869565218,0.45833333333333326,,,-0.04666666666666669,-0.04666666666666669,-0.03555555555555551,-0.03555555555555551,-0.1321739130434782,-0.1321739130434782,,,False,False,False,False,True,False,True
preview,GEO_GSE327581_COSMX_AD_BRAIN,2,Excitatory.neurons.hippocampal.CA3,14,preview::GEO_GSE327581_COSMX_AD_BRAIN::fold_2::Excitatory.neurons.hippocampal.CA3,0.44067796610169485,0.46428571428571436,0.45901639344262296,0.456140350877193,0.44067796610169485,0.39999999999999997,0.45901639344262296,,,0.023607748184019506,0.005269320843091396,0.0,-0.023607748184019506,-0.040677966101694885,-0.059016393442622994,,,False,False,False,True,False,False,False
preview,GEO_GSE327581_COSMX_AD_BRAIN,2,Excitatory.neurons.layer.1.piriform,2,preview::GEO_GSE327581_COSMX_AD_BRAIN::fold_2::Excitatory.neurons.layer.1.piriform,0.0,0.0,0.0,0.0,0.0,0.0,0.0,,,0.0,0.0,0.0,0.0,0.0,0.0,,,False,False,False,False,False,False,False
preview,GEO_GSE327581_COSMX_AD_BRAIN,2,Excitatory.neurons.layer.2.3,16,preview::GEO_GSE327581_COSMX_AD_BRAIN::fold_2::Excitatory.neurons.layer.2.3,0.0,0.0,0.0,0.0,0.08695652173913043,0.0,0.0,,,0.0,0.0,0.08695652173913043,0.08695652173913043,0.0,0.0,,,False,True,False,False,False,True,False
preview,GEO_GSE327581_COSMX_AD_BRAIN,2,Excitatory.neurons.layer.5,21,preview::GEO_GSE327581_COSMX_AD_BRAIN::fold_2::Excitatory.neurons.layer.5,0.4,0.5,0.41176470588235287,0.4444444444444444,0.5263157894736842,0.41176470588235287,0.4242424242424242,,,0.09999999999999998,0.05555555555555558,0.12631578947368416,0.02631578947368418,0.011764705882352844,-0.012477718360071333,,,True,True,False,True,False,True,False
preview,GEO_GSE327581_COSMX_AD_BRAIN,2,Excitatory.neurons.telencephalon,32,preview::GEO_GSE327581_COSMX_AD_BRAIN::fold_2::Excitatory.neurons.telencephalon,0.23809523809523808,0.19047619047619047,0.23809523809523808,0.2325581395348837,0.14285714285714285,0.20512820512820512,0.2,,,-0.047619047619047616,-0.047619047619047616,-0.09523809523809523,-0.09523809523809523,-0.03296703296703296,-0.03296703296703296,,,False,False,False,False,True,False,True
preview,GEO_GSE327581_COSMX_AD_BRAIN,2,Granule.neurons,21,preview::GEO_GSE327581_COSMX_AD_BRAIN::fold_2::Granule.neurons,0.6190476190476191,0.6666666666666666,0.7,0.6511627906976744,0.6842105263157895,0.6666666666666666,0.7,,,0.04761904761904756,-0.033333333333333326,0.06516290726817042,-0.015789473684210464,0.04761904761904756,-0.033333333333333326,,,False,False,False,True,False,True,False
preview,GEO_GSE327581_COSMX_AD_BRAIN,2,Hindbrain.inhibitory.neurons,2,preview::GEO_GSE327581_COSMX_AD_BRAIN::fold_2::Hindbrain.inhibitory.neurons,0.13333333333333336,0.0,0.14285714285714285,0.14285714285714285,0.0,0.2,0.0,,,-0.13333333333333336,-0.14285714285714285,-0.13333333333333336,-0.14285714285714285,0.06666666666666665,0.06666666666666665,,,False,False,False,False,False,False,False
preview,GEO_GSE327581_COSMX_AD_BRAIN,2,Hypendymal,22,preview::GEO_GSE327581_COSMX_AD_BRAIN::fold_2::Hypendymal,0.47500000000000003,0.4556962025316456,0.4444444444444445,0.46153846153846156,0.430379746835443,0.46913580246913583,0.4556962025316456,,,-0.019303797468354422,-0.019303797468354422,-0.04462025316455703,-0.04462025316455703,-0.005864197530864201,-0.005864197530864201,,,False,False,False,False,True,False,True
preview,GEO_GSE327581_COSMX_AD_BRAIN,2,Inhibitory.interneurons,14,preview::GEO_GSE327581_COSMX_AD_BRAIN::fold_2::Inhibitory.interneurons,0.7741935483870968,0.9285714285714286,0.7857142857142857,0.9285714285714286,1.0,0.8571428571428571,0.8571428571428571,,,0.15437788018433185,0.0,0.22580645161290325,0.0714285714285714,0.08294930875576034,0.0,,,False,True,False,True,False,True,False
preview,GEO_GSE327581_COSMX_AD_BRAIN,2,Inhibitory.neurons.amygdala,3,preview::GEO_GSE327581_COSMX_AD_BRAIN::fold_2::Inhibitory.neurons.amygdala,0.25,0.0,0.25,0.28571428571428575,0.0,0.28571428571428575,0.3333333333333333,,,-0.25,-0.28571428571428575,-0.25,-0.28571428571428575,0.035714285714285754,-0.04761904761904756,,,False,False,False,False,False,False,False
preview,GEO_GSE327581_COSMX_AD_BRAIN,2,Inhibitory.neurons.habenula.hypothalamus,17,preview::GEO_GSE327581_COSMX_AD_BRAIN::fold_2::Inhibitory.neurons.habenula.hypothalamus,0.3846153846153846,0.4827586206896552,0.31999999999999995,0.3846153846153846,0.5,0.4827586206896552,0.4,,,0.09814323607427061,0.09814323607427061,0.11538461538461542,0.017241379310344807,0.09814323607427061,0.08275862068965517,,,True,True,True,True,False,True,False
preview,GEO_GSE327581_COSMX_AD_BRAIN,2,Inhibitory.neurons.habenula.thalamus,4,preview::GEO_GSE327581_COSMX_AD_BRAIN::fold_2::Inhibitory.neurons.habenula.thalamus,0.0,0.0,0.0,0.0,0.0,0.0,0.0,,,0.0,0.0,0.0,0.0,0.0,0.0,,,False,False,False,False,False,False,False
preview,GEO_GSE327581_COSMX_AD_BRAIN,2,Inhibitory.neurons.reticular.nucleus,14,preview::GEO_GSE327581_COSMX_AD_BRAIN::fold_2::Inhibitory.neurons.reticular.nucleus,0.4878048780487805,0.5789473684210527,0.48888888888888893,0.4878048780487805,0.5789473684210527,0.3902439024390244,0.4615384615384615,,,0.09114249037227218,0.09005847953216373,0.09114249037227218,0.0,-0.09756097560975607,-0.09756097560975607,,,True,False,False,True,False,True,False
preview,GEO_GSE327581_COSMX_AD_BRAIN,2,Interneuron.selective.interneurons,9,preview::GEO_GSE327581_COSMX_AD_BRAIN::fold_2::Interneuron.selective.interneurons,0.32,0.21428571428571427,0.25,0.30769230769230765,0.20689655172413793,0.39999999999999997,0.39999999999999997,,,-0.10571428571428573,-0.10571428571428573,-0.11310344827586208,-0.11310344827586208,0.07999999999999996,0.0,,,False,False,False,False,False,False,False
preview,GEO_GSE327581_COSMX_AD_BRAIN,2,Interneurons,1,preview::GEO_GSE327581_COSMX_AD_BRAIN::fold_2::Interneurons,0.0,0.0,0.0,0.0,0.0,0.0,0.0,,,0.0,0.0,0.0,0.0,0.0,0.0,,,False,False,False,False,False,False,False
preview,GEO_GSE327581_COSMX_AD_BRAIN,2,Mature.oligodendrocytes,29,preview::GEO_GSE327581_COSMX_AD_BRAIN::fold_2::Mature.oligodendrocytes,0.0,0.0,0.0,0.0,0.0,0.0,0.0,,,0.0,0.0,0.0,0.0,0.0,0.0,,,False,False,False,False,False,False,False
preview,GEO_GSE327581_COSMX_AD_BRAIN,2,Microglia,7,preview::GEO_GSE327581_COSMX_AD_BRAIN::fold_2::Microglia,0.34782608695652173,0.3333333333333333,0.36363636363636365,0.3333333333333333,0.27586206896551724,0.3076923076923077,0.27586206896551724,,,-0.014492753623188415,-0.03030303030303033,-0.07196401799100449,-0.08777429467084641,-0.04013377926421402,-0.04013377926421402,,,False,False,False,False,False,False,False
preview,GEO_GSE327581_COSMX_AD_BRAIN,2,Myelin.forming.oligodendrocytes,5,preview::GEO_GSE327581_COSMX_AD_BRAIN::fold_2::Myelin.forming.oligodendrocytes,0.0,0.0,0.0,0.0,0.0,0.0,0.0,,,0.0,0.0,0.0,0.0,0.0,0.0,,,False,False,False,False,False,False,False
preview,GEO_GSE327581_COSMX_AD_BRAIN,2,Neuroblasts,24,preview::GEO_GSE327581_COSMX_AD_BRAIN::fold_2::Neuroblasts,0.16666666666666666,0.12121212121212122,0.16216216216216217,0.17142857142857143,0.16216216216216217,0.15789473684210525,0.16216216216216217,,,-0.04545454545454544,-0.050216450216450215,-0.004504504504504486,-0.009266409266409259,-0.008771929824561403,-0.008771929824561403,,,False,False,False,False,True,False,False
preview,GEO_GSE327581_COSMX_AD_BRAIN,2,Neurogliaform.cells,14,preview::GEO_GSE327581_COSMX_AD_BRAIN::fold_2::Neurogliaform.cells,0.5,0.7272727272727273,0.5,0.5,0.6666666666666666,0.6,0.5,,,0.2272727272727273,0.2272727272727273,0.16666666666666663,-0.06060606060606066,0.09999999999999998,0.09999999999999998,,,True,False,True,True,False,True,False
preview,GEO_GSE327581_COSMX_AD_BRAIN,2,Newly.formed.oligodendrocytes,24,preview::GEO_GSE327581_COSMX_AD_BRAIN::fold_2::Newly.formed.oligodendrocytes,0.36363636363636365,0.33333333333333337,0.375,0.35294117647058826,0.3870967741935483,0.35294117647058826,0.32432432432432434,,,-0.030303030303030276,-0.04166666666666663,0.023460410557184674,0.01209677419354832,-0.010695187165775388,-0.010695187165775388,,,False,True,False,False,True,True,False
preview,GEO_GSE327581_COSMX_AD_BRAIN,2,Olfactory.bulb.inhibitory.neurons,1,preview::GEO_GSE327581_COSMX_AD_BRAIN::fold_2::Olfactory.bulb.inhibitory.neurons,0.0,0.2222222222222222,0.0,0.0,0.0,0.0,0.0,,,0.2222222222222222,0.2222222222222222,0.0,-0.2222222222222222,0.0,0.0,,,False,False,False,False,False,False,False
preview,GEO_GSE327581_COSMX_AD_BRAIN,2,Olfactory.ensheathing.cells,9,preview::GEO_GSE327581_COSMX_AD_BRAIN::fold_2::Olfactory.ensheathing.cells,0.23529411764705882,0.23529411764705882,0.2222222222222222,0.3333333333333333,0.23529411764705882,0.35294117647058826,0.125,,,0.0,-0.0980392156862745,0.0,-0.0980392156862745,0.11764705882352944,0.11764705882352944,,,False,False,False,False,False,False,False
preview,GEO_GSE327581_COSMX_AD_BRAIN,2,Oligodendrocyte.precursor.cells,7,preview::GEO_GSE327581_COSMX_AD_BRAIN::fold_2::Oligodendrocyte.precursor.cells,0.5555555555555556,0.588235294117647,0.5555555555555556,0.5555555555555556,0.5263157894736842,0.5263157894736842,0.4444444444444444,,,0.03267973856209139,0.03267973856209139,-0.0292397660818714,-0.061919504643962786,-0.0292397660818714,-0.0292397660818714,,,False,False,False,False,False,False,False
preview,GEO_GSE327581_COSMX_AD_BRAIN,2,Peptidergic.neurons,24,preview::GEO_GSE327581_COSMX_AD_BRAIN::fold_2::Peptidergic.neurons,0.7272727272727272,0.7272727272727272,0.7111111111111111,0.7272727272727272,0.7272727272727272,0.8095238095238096,0.7272727272727272,,,0.0,0.0,0.0,0.0,0.08225108225108246,0.08225108225108246,,,False,False,True,False,False,False,False
preview,GEO_GSE327581_COSMX_AD_BRAIN,2,Pericytes,12,preview::GEO_GSE327581_COSMX_AD_BRAIN::fold_2::Pericytes,0.5,0.5333333333333333,0.5161290322580646,0.4848484848484849,0.5161290322580646,0.5333333333333333,0.5161290322580646,,,0.033333333333333326,0.017204301075268713,0.016129032258064613,-0.017204301075268713,0.033333333333333326,0.017204301075268713,,,True,False,True,True,False,True,False
preview,GEO_GSE327581_COSMX_AD_BRAIN,2,Perivascular.macrophages,15,preview::GEO_GSE327581_COSMX_AD_BRAIN::fold_2::Perivascular.macrophages,0.2,0.28571428571428575,0.3,0.2105263157894737,0.10526315789473685,0.2,0.08695652173913045,,,0.08571428571428574,-0.014285714285714235,-0.09473684210526316,-0.19473684210526315,0.0,0.0,,,False,False,False,True,False,False,True
preview,GEO_GSE327581_COSMX_AD_BRAIN,2,Radial.glia,18,preview::GEO_GSE327581_COSMX_AD_BRAIN::fold_2::Radial.glia,0.1818181818181818,0.16666666666666666,0.1904761904761905,0.1818181818181818,0.1739130434782609,0.25,0.25,,,-0.015151515151515138,-0.023809523809523836,-0.007905138339920903,-0.0165631469979296,0.0681818181818182,0.0,,,False,False,False,False,True,False,False
preview,GEO_GSE327581_COSMX_AD_BRAIN,2,Serotonergic.neurons,33,preview::GEO_GSE327581_COSMX_AD_BRAIN::fold_2::Serotonergic.neurons,0.48148148148148145,0.48148148148148145,0.4912280701754386,0.46153846153846156,0.46153846153846156,0.48000000000000004,0.4230769230769231,,,0.0,-0.00974658869395717,-0.01994301994301989,-0.02968960863697706,-0.001481481481481417,-0.001481481481481417,,,False,False,False,False,False,False,True
preview,GEO_GSE327581_COSMX_AD_BRAIN,2,T.cell,33,preview::GEO_GSE327581_COSMX_AD_BRAIN::fold_2::T.cell,0.2777777777777778,0.3098591549295775,0.27397260273972607,0.3055555555555555,0.3098591549295775,0.3098591549295775,0.3055555555555555,,,0.032081377151799706,0.004303599374021971,0.032081377151799706,0.0,0.032081377151799706,0.004303599374021971,,,False,False,False,True,False,True,False
preview,GEO_GSE327581_COSMX_AD_BRAIN,2,Tanycytes,29,preview::GEO_GSE327581_COSMX_AD_BRAIN::fold_2::Tanycytes,0.2926829268292683,0.35,0.3,0.2926829268292683,0.3076923076923077,0.28571428571428575,0.32558139534883723,,,0.0573170731707317,0.04999999999999999,0.015009380863039434,-0.04230769230769227,-0.006968641114982521,-0.03986710963455148,,,True,False,False,True,False,True,False
preview,GEO_GSE327581_COSMX_AD_BRAIN,2,Telencephalon.inhibitory.neurons,18,preview::GEO_GSE327581_COSMX_AD_BRAIN::fold_2::Telencephalon.inhibitory.neurons,0.5,0.5555555555555556,0.4848484848484848,0.5,0.5555555555555556,0.4444444444444444,0.5294117647058824,,,0.05555555555555558,0.05555555555555558,0.05555555555555558,0.0,-0.05555555555555558,-0.08496732026143794,,,True,False,False,True,False,True,False
preview,GEO_GSE327581_COSMX_AD_BRAIN,2,Vascular.endothelial.cells,20,preview::GEO_GSE327581_COSMX_AD_BRAIN::fold_2::Vascular.endothelial.cells,0.5357142857142857,0.5964912280701754,0.5555555555555556,0.5555555555555556,0.5862068965517242,0.5172413793103448,0.5333333333333333,,,0.06077694235588971,0.040935672514619825,0.0504926108374385,-0.010284331518451206,-0.018472906403940947,-0.018472906403940947,,,True,False,False,True,False,True,False
preview,GEO_GSE327581_COSMX_AD_BRAIN,2,Vascular.leptomeningeal.cells,21,preview::GEO_GSE327581_COSMX_AD_BRAIN::fold_2::Vascular.leptomeningeal.cells,0.42857142857142855,0.4666666666666666,0.48275862068965514,0.4,0.4666666666666666,0.3870967741935483,0.4242424242424242,,,0.03809523809523807,-0.01609195402298852,0.03809523809523807,-0.01609195402298852,-0.04147465437788023,-0.04147465437788023,,,False,False,False,True,False,True,False
preview,GEO_GSE327581_COSMX_AD_BRAIN,2,Vascular.smooth.muscle.cells,10,preview::GEO_GSE327581_COSMX_AD_BRAIN::fold_2::Vascular.smooth.muscle.cells,0.5714285714285713,0.761904761904762,0.6,0.6,0.7,0.7,0.608695652173913,,,0.1904761904761907,0.161904761904762,0.12857142857142867,-0.06190476190476202,0.12857142857142867,0.09130434782608698,,,True,False,True,True,False,True,False
preview,GEO_GSE327581_COSMX_AD_BRAIN,3,Astrocytes.Bergmann.glia,26,preview::GEO_GSE327581_COSMX_AD_BRAIN::fold_3::Astrocytes.Bergmann.glia,0.6,0.558139534883721,0.5853658536585367,0.6,0.5714285714285714,0.6153846153846155,0.6153846153846155,,,-0.041860465116278944,-0.041860465116278944,-0.02857142857142858,-0.02857142857142858,0.015384615384615552,0.0,,,False,False,False,False,True,False,True
preview,GEO_GSE327581_COSMX_AD_BRAIN,3,Astrocytes.cortex.hippocampus,11,preview::GEO_GSE327581_COSMX_AD_BRAIN::fold_3::Astrocytes.cortex.hippocampus,0.5714285714285714,0.4799999999999999,0.5925925925925926,0.5185185185185185,0.5185185185185185,0.5185185185185185,0.5185185185185185,,,-0.09142857142857147,-0.11259259259259263,-0.05291005291005291,-0.07407407407407407,-0.05291005291005291,-0.05291005291005291,,,False,False,False,False,True,False,True
preview,GEO_GSE327581_COSMX_AD_BRAIN,3,Astrocytes.thalamus.hypothalamus,17,preview::GEO_GSE327581_COSMX_AD_BRAIN::fold_3::Astrocytes.thalamus.hypothalamus,0.5999999999999999,0.6896551724137931,0.5999999999999999,0.5999999999999999,0.6206896551724139,0.6206896551724139,0.6428571428571428,,,0.08965517241379328,0.08965517241379328,0.020689655172414056,-0.06896551724137923,0.020689655172414056,-0.02216748768472887,,,True,False,False,True,False,True,False
preview,GEO_GSE327581_COSMX_AD_BRAIN,3,CCK.interneurons,11,preview::GEO_GSE327581_COSMX_AD_BRAIN::fold_3::CCK.interneurons,0.9166666666666666,0.846153846153846,0.9166666666666666,0.9166666666666666,0.9166666666666666,0.88,0.9166666666666666,,,-0.0705128205128206,-0.0705128205128206,0.0,0.0,-0.036666666666666625,-0.036666666666666625,,,False,False,False,False,True,False,False
preview,GEO_GSE327581_COSMX_AD_BRAIN,3,Cajal.Retzius.cells,1,preview::GEO_GSE327581_COSMX_AD_BRAIN::fold_3::Cajal.Retzius.cells,0.0909090909090909,0.13333333333333333,0.09523809523809523,0.08695652173913045,0.11764705882352941,0.10526315789473684,0.0909090909090909,,,0.042424242424242434,0.0380952380952381,0.026737967914438512,-0.01568627450980392,0.014354066985645939,0.014354066985645939,,,False,False,False,False,False,False,False
preview,GEO_GSE327581_COSMX_AD_BRAIN,3,Cholinergic.neurons.habenula,16,preview::GEO_GSE327581_COSMX_AD_BRAIN::fold_3::Cholinergic.neurons.habenula,0.3333333333333333,0.32,0.32,0.3333333333333333,0.32,0.3333333333333333,0.3333333333333333,,,-0.013333333333333308,-0.013333333333333308,-0.013333333333333308,-0.013333333333333308,0.0,0.0,,,False,False,False,False,True,False,True
preview,GEO_GSE327581_COSMX_AD_BRAIN,3,Choroid.plexus.epithelial.cells,8,preview::GEO_GSE327581_COSMX_AD_BRAIN::fold_3::Choroid.plexus.epithelial.cells,0.888888888888889,0.8421052631578948,0.888888888888889,0.888888888888889,0.888888888888889,0.8421052631578948,0.888888888888889,,,-0.04678362573099415,-0.04678362573099415,0.0,0.0,-0.04678362573099415,-0.04678362573099415,,,False,False,False,False,False,False,False
preview,GEO_GSE327581_COSMX_AD_BRAIN,3,Committed.oligodendrocytes,23,preview::GEO_GSE327581_COSMX_AD_BRAIN::fold_3::Committed.oligodendrocytes,0.5714285714285714,0.5789473684210527,0.5714285714285714,0.5714285714285714,0.5714285714285714,0.5866666666666667,0.5945945945945946,,,0.007518796992481258,0.007518796992481258,0.0,-0.007518796992481258,0.015238095238095273,-0.007927927927927958,,,False,False,False,False,False,False,False
preview,GEO_GSE327581_COSMX_AD_BRAIN,3,D1.medium.spiny.neurons,12,preview::GEO_GSE327581_COSMX_AD_BRAIN::fold_3::D1.medium.spiny.neurons,0.75,0.7826086956521738,0.75,0.75,0.75,0.75,0.75,,,0.032608695652173836,0.032608695652173836,0.0,-0.032608695652173836,0.0,0.0,,,True,False,False,True,False,False,False
preview,GEO_GSE327581_COSMX_AD_BRAIN,3,D2.medium.spiny.neurons,12,preview::GEO_GSE327581_COSMX_AD_BRAIN::fold_3::D2.medium.spiny.neurons,0.7272727272727273,0.6486486486486487,0.7272727272727273,0.7272727272727273,0.6857142857142856,0.6666666666666666,0.7499999999999999,,,-0.07862407862407861,-0.07862407862407861,-0.04155844155844168,-0.04155844155844168,-0.06060606060606066,-0.08333333333333326,,,False,False,False,False,True,False,True
preview,GEO_GSE327581_COSMX_AD_BRAIN,3,Dopaminergic.neurons,30,preview::GEO_GSE327581_COSMX_AD_BRAIN::fold_3::Dopaminergic.neurons,0.7692307692307692,0.8059701492537312,0.7692307692307692,0.7692307692307692,0.7692307692307692,0.7692307692307692,0.7692307692307692,,,0.036739380022962065,0.036739380022962065,0.0,-0.036739380022962065,0.0,0.0,,,True,False,False,True,False,False,False
preview,GEO_GSE327581_COSMX_AD_BRAIN,3,Ependymal.cells,13,preview::GEO_GSE327581_COSMX_AD_BRAIN::fold_3::Ependymal.cells,0.8181818181818181,0.8181818181818181,0.8181818181818181,0.8181818181818181,0.8181818181818181,0.7826086956521738,0.7826086956521738,,,0.0,0.0,0.0,0.0,-0.035573122529644285,-0.035573122529644285,,,False,False,False,False,False,False,False
preview,GEO_GSE327581_COSMX_AD_BRAIN,3,Excitatory.neurons.amygdala,12,preview::GEO_GSE327581_COSMX_AD_BRAIN::fold_3::Excitatory.neurons.amygdala,0.15384615384615385,0.14285714285714285,0.15384615384615385,0.15384615384615385,0.14285714285714285,0.26666666666666666,0.2857142857142857,,,-0.010989010989011005,-0.010989010989011005,-0.010989010989011005,-0.010989010989011005,0.11282051282051281,-0.019047619047619035,,,False,False,False,False,True,False,True
preview,GEO_GSE327581_COSMX_AD_BRAIN,3,Excitatory.neurons.di.mesencephalon,16,preview::GEO_GSE327581_COSMX_AD_BRAIN::fold_3::Excitatory.neurons.di.mesencephalon,0.7777777777777777,0.717948717948718,0.7777777777777777,0.7777777777777777,0.7777777777777777,0.7567567567567567,0.7777777777777777,,,-0.05982905982905973,-0.05982905982905973,0.0,0.0,-0.02102102102102099,-0.02102102102102099,,,False,False,False,False,True,False,False
preview,GEO_GSE327581_COSMX_AD_BRAIN,3,Excitatory.neurons.hippocampal.CA1,12,preview::GEO_GSE327581_COSMX_AD_BRAIN::fold_3::Excitatory.neurons.hippocampal.CA1,0.15384615384615385,0.15384615384615385,0.15384615384615385,0.15384615384615385,0.15384615384615385,0.15384615384615385,0.14285714285714285,,,0.0,0.0,0.0,0.0,0.0,0.0,,,False,False,False,False,False,False,False
preview,GEO_GSE327581_COSMX_AD_BRAIN,3,Excitatory.neurons.hippocampal.CA2,6,preview::GEO_GSE327581_COSMX_AD_BRAIN::fold_3::Excitatory.neurons.hippocampal.CA2,0.2857142857142857,0.37499999999999994,0.2857142857142857,0.2857142857142857,0.25,0.2857142857142857,0.2857142857142857,,,0.08928571428571425,0.08928571428571425,-0.0357142857142857,-0.12499999999999994,0.0,0.0,,,False,False,False,False,False,False,False
preview,GEO_GSE327581_COSMX_AD_BRAIN,3,Excitatory.neurons.hippocampal.CA3,7,preview::GEO_GSE327581_COSMX_AD_BRAIN::fold_3::Excitatory.neurons.hippocampal.CA3,0.35,0.34285714285714286,0.34146341463414637,0.35,0.34146341463414637,0.34146341463414637,0.35,,,-0.0071428571428571175,-0.0071428571428571175,-0.00853658536585361,-0.00853658536585361,-0.00853658536585361,-0.00853658536585361,,,False,False,False,False,False,False,False
preview,GEO_GSE327581_COSMX_AD_BRAIN,3,Excitatory.neurons.layer.1.piriform,1,preview::GEO_GSE327581_COSMX_AD_BRAIN::fold_3::Excitatory.neurons.layer.1.piriform,0.0,0.0,0.0,0.0,0.0,0.0,0.0,,,0.0,0.0,0.0,0.0,0.0,0.0,,,False,False,False,False,False,False,False
preview,GEO_GSE327581_COSMX_AD_BRAIN,3,Excitatory.neurons.layer.2.3,3,preview::GEO_GSE327581_COSMX_AD_BRAIN::fold_3::Excitatory.neurons.layer.2.3,0.3333333333333333,0.4,0.3333333333333333,0.3333333333333333,0.3333333333333333,0.3333333333333333,0.3333333333333333,,,0.06666666666666671,0.06666666666666671,0.0,-0.06666666666666671,0.0,0.0,,,False,False,False,False,False,False,False
preview,GEO_GSE327581_COSMX_AD_BRAIN,3,Excitatory.neurons.layer.4,9,preview::GEO_GSE327581_COSMX_AD_BRAIN::fold_3::Excitatory.neurons.layer.4,0.0,0.0,0.0,0.0,0.0,0.0,0.0,,,0.0,0.0,0.0,0.0,0.0,0.0,,,False,False,False,False,False,False,False
preview,GEO_GSE327581_COSMX_AD_BRAIN,3,Excitatory.neurons.layer.5,8,preview::GEO_GSE327581_COSMX_AD_BRAIN::fold_3::Excitatory.neurons.layer.5,0.0,0.0,0.0,0.0,0.0,0.0,0.0,,,0.0,0.0,0.0,0.0,0.0,0.0,,,False,False,False,False,False,False,False
preview,GEO_GSE327581_COSMX_AD_BRAIN,3,Excitatory.neurons.layer.6,3,preview::GEO_GSE327581_COSMX_AD_BRAIN::fold_3::Excitatory.neurons.layer.6,0.2608695652173913,0.2727272727272727,0.2727272727272727,0.2727272727272727,0.2727272727272727,0.18181818181818182,0.2727272727272727,,,0.01185770750988141,0.0,0.01185770750988141,0.0,-0.07905138339920947,-0.09090909090909088,,,False,False,False,False,False,False,False
preview,GEO_GSE327581_COSMX_AD_BRAIN,3,Excitatory.neurons.telencephalon,14,preview::GEO_GSE327581_COSMX_AD_BRAIN::fold_3::Excitatory.neurons.telencephalon,0.09523809523809523,0.09523809523809523,0.09523809523809523,0.09090909090909091,0.09090909090909091,0.09523809523809523,0.09523809523809523,,,0.0,0.0,-0.004329004329004321,-0.004329004329004321,0.0,0.0,,,False,False,False,False,False,False,False
preview,GEO_GSE327581_COSMX_AD_BRAIN,3,Granule.neurons,5,preview::GEO_GSE327581_COSMX_AD_BRAIN::fold_3::Granule.neurons,0.5714285714285715,0.5714285714285715,0.5714285714285715,0.5714285714285715,0.5714285714285715,0.5714285714285715,0.5714285714285715,,,0.0,0.0,0.0,0.0,0.0,0.0,,,False,False,False,False,False,False,False
preview,GEO_GSE327581_COSMX_AD_BRAIN,3,Hindbrain.excitatory.neurons,19,preview::GEO_GSE327581_COSMX_AD_BRAIN::fold_3::Hindbrain.excitatory.neurons,0.56,0.5714285714285714,0.56,0.56,0.5714285714285714,0.56,0.56,,,0.011428571428571344,0.011428571428571344,0.011428571428571344,0.0,0.0,0.0,,,True,False,False,True,False,True,False
preview,GEO_GSE327581_COSMX_AD_BRAIN,3,Hypendymal,5,preview::GEO_GSE327581_COSMX_AD_BRAIN::fold_3::Hypendymal,0.26666666666666666,0.3448275862068966,0.26666666666666666,0.26666666666666666,0.27586206896551724,0.27586206896551724,0.30303030303030304,,,0.07816091954022991,0.07816091954022991,0.009195402298850575,-0.06896551724137934,0.009195402298850575,-0.0271682340647858,,,False,False,False,False,False,False,False
preview,GEO_GSE327581_COSMX_AD_BRAIN,3,Inhibitory.interneurons,10,preview::GEO_GSE327581_COSMX_AD_BRAIN::fold_3::Inhibitory.interneurons,0.7058823529411764,0.7499999999999999,0.7777777777777777,0.7058823529411764,0.7499999999999999,0.7058823529411764,0.7058823529411764,,,0.044117647058823484,-0.02777777777777779,0.044117647058823484,-0.02777777777777779,0.0,0.0,,,False,False,False,True,False,True,False
preview,GEO_GSE327581_COSMX_AD_BRAIN,3,Inhibitory.neurons.amygdala,10,preview::GEO_GSE327581_COSMX_AD_BRAIN::fold_3::Inhibitory.neurons.amygdala,0.5714285714285715,0.5714285714285715,0.5714285714285715,0.5714285714285715,0.5714285714285715,0.5714285714285715,0.5714285714285715,,,0.0,0.0,0.0,0.0,0.0,0.0,,,False,False,False,False,False,False,False
preview,GEO_GSE327581_COSMX_AD_BRAIN,3,Inhibitory.neurons.habenula.hypothalamus,37,preview::GEO_GSE327581_COSMX_AD_BRAIN::fold_3::Inhibitory.neurons.habenula.hypothalamus,0.2857142857142857,0.3384615384615385,0.2857142857142857,0.2857142857142857,0.3125,0.2903225806451613,0.2950819672131148,,,0.05274725274725278,0.05274725274725278,0.0267857142857143,-0.02596153846153848,0.004608294930875612,-0.004759386567953494,,,True,False,False,True,False,True,False
preview,GEO_GSE327581_COSMX_AD_BRAIN,3,Inhibitory.neurons.habenula.thalamus,18,preview::GEO_GSE327581_COSMX_AD_BRAIN::fold_3::Inhibitory.neurons.habenula.thalamus,0.35714285714285715,0.23076923076923078,0.35714285714285715,0.35714285714285715,0.35714285714285715,0.35714285714285715,0.35714285714285715,,,-0.12637362637362637,-0.12637362637362637,0.0,0.0,0.0,0.0,,,False,False,False,False,True,False,False
preview,GEO_GSE327581_COSMX_AD_BRAIN,3,Inhibitory.neurons.reticular.nucleus,22,preview::GEO_GSE327581_COSMX_AD_BRAIN::fold_3::Inhibitory.neurons.reticular.nucleus,0.7692307692307692,0.7692307692307692,0.7692307692307692,0.7692307692307692,0.7547169811320754,0.7692307692307692,0.7843137254901961,,,0.0,0.0,-0.014513788098693747,-0.014513788098693747,0.0,-0.015082956259426905,,,False,False,False,False,False,False,True
preview,GEO_GSE327581_COSMX_AD_BRAIN,3,Interneuron.selective.interneurons,6,preview::GEO_GSE327581_COSMX_AD_BRAIN::fold_3::Interneuron.selective.interneurons,0.5,0.1818181818181818,0.5454545454545454,0.5,0.4615384615384615,0.5,0.5,,,-0.31818181818181823,-0.36363636363636365,-0.03846153846153849,-0.0839160839160839,0.0,0.0,,,False,False,False,False,False,False,False
preview,GEO_GSE327581_COSMX_AD_BRAIN,3,Interneurons,13,preview::GEO_GSE327581_COSMX_AD_BRAIN::fold_3::Interneurons,0.8333333333333333,0.7096774193548387,0.8,0.8,0.7857142857142856,0.8,0.8,,,-0.12365591397849451,-0.12365591397849451,-0.04761904761904767,-0.04761904761904767,-0.033333333333333215,-0.033333333333333215,,,False,False,False,False,True,False,True
preview,GEO_GSE327581_COSMX_AD_BRAIN,3,Mature.oligodendrocytes,9,preview::GEO_GSE327581_COSMX_AD_BRAIN::fold_3::Mature.oligodendrocytes,0.0,0.0,0.0,0.0,0.0,0.0,0.0,,,0.0,0.0,0.0,0.0,0.0,0.0,,,False,False,False,False,False,False,False
preview,GEO_GSE327581_COSMX_AD_BRAIN,3,Microglia,8,preview::GEO_GSE327581_COSMX_AD_BRAIN::fold_3::Microglia,0.4444444444444445,0.48484848484848486,0.4444444444444445,0.4444444444444445,0.45714285714285713,0.4444444444444445,0.4444444444444445,,,0.04040404040404039,0.04040404040404039,0.012698412698412653,-0.027705627705627733,0.0,0.0,,,False,False,False,False,False,False,False
preview,GEO_GSE327581_COSMX_AD_BRAIN,3,Myelin.forming.oligodendrocytes,12,preview::GEO_GSE327581_COSMX_AD_BRAIN::fold_3::Myelin.forming.oligodendrocytes,0.0,0.0,0.0,0.0,0.0,0.0,0.0,,,0.0,0.0,0.0,0.0,0.0,0.0,,,False,False,False,False,False,False,False
preview,GEO_GSE327581_COSMX_AD_BRAIN,3,Neuroblasts,3,preview::GEO_GSE327581_COSMX_AD_BRAIN::fold_3::Neuroblasts,0.8,0.8,0.8,0.8,0.8,0.8,0.8,,,0.0,0.0,0.0,0.0,0.0,0.0,,,False,False,False,False,False,False,False
preview,GEO_GSE327581_COSMX_AD_BRAIN,3,Neurogliaform.cells,8,preview::GEO_GSE327581_COSMX_AD_BRAIN::fold_3::Neurogliaform.cells,0.9333333333333333,0.8571428571428571,0.9333333333333333,0.8571428571428571,0.9333333333333333,0.8571428571428571,0.9333333333333333,,,-0.07619047619047625,-0.07619047619047625,0.0,0.0,-0.07619047619047625,-0.07619047619047625,,,False,False,False,False,False,False,False
preview,GEO_GSE327581_COSMX_AD_BRAIN,3,Newly.formed.oligodendrocytes,12,preview::GEO_GSE327581_COSMX_AD_BRAIN::fold_3::Newly.formed.oligodendrocytes,0.5,0.5,0.5,0.5,0.5,0.5882352941176471,0.5882352941176471,,,0.0,0.0,0.0,0.0,0.08823529411764708,0.0,,,False,False,False,False,False,False,False
preview,GEO_GSE327581_COSMX_AD_BRAIN,3,Olfactory.bulb.inhibitory.neurons,10,preview::GEO_GSE327581_COSMX_AD_BRAIN::fold_3::Olfactory.bulb.inhibitory.neurons,0.4615384615384615,0.45000000000000007,0.4615384615384615,0.4736842105263158,0.4615384615384615,0.47619047619047616,0.4736842105263158,,,-0.011538461538461442,-0.023684210526315752,0.0,-0.01214574898785431,0.014652014652014655,0.0025062656641603454,,,False,False,False,False,True,False,False
preview,GEO_GSE327581_COSMX_AD_BRAIN,3,Olfactory.ensheathing.cells,20,preview::GEO_GSE327581_COSMX_AD_BRAIN::fold_3::Olfactory.ensheathing.cells,0.4999999999999999,0.4999999999999999,0.4999999999999999,0.4999999999999999,0.4999999999999999,0.4999999999999999,0.4999999999999999,,,0.0,0.0,0.0,0.0,0.0,0.0,,,False,False,False,False,False,False,False
preview,GEO_GSE327581_COSMX_AD_BRAIN,3,Oligodendrocyte.precursor.cells,15,preview::GEO_GSE327581_COSMX_AD_BRAIN::fold_3::Oligodendrocyte.precursor.cells,0.7857142857142856,0.8148148148148148,0.7857142857142856,0.7857142857142856,0.7857142857142856,0.7407407407407408,0.8275862068965518,,,0.029100529100529182,0.029100529100529182,0.0,-0.029100529100529182,-0.04497354497354478,-0.08684546615581101,,,True,False,False,True,False,False,False
preview,GEO_GSE327581_COSMX_AD_BRAIN,3,Peptidergic.neurons,49,preview::GEO_GSE327581_COSMX_AD_BRAIN::fold_3::Peptidergic.neurons,0.48484848484848486,0.5714285714285714,0.48484848484848486,0.48484848484848486,0.5294117647058824,0.5294117647058824,0.5294117647058824,,,0.08658008658008653,0.08658008658008653,0.0445632798573975,-0.04201680672268904,0.0445632798573975,0.0,,,True,False,False,True,False,True,False
preview,GEO_GSE327581_COSMX_AD_BRAIN,3,Pericytes,9,preview::GEO_GSE327581_COSMX_AD_BRAIN::fold_3::Pericytes,0.6153846153846153,0.5714285714285714,0.6153846153846153,0.6153846153846153,0.6153846153846153,0.5714285714285714,0.6153846153846153,,,-0.04395604395604391,-0.04395604395604391,0.0,0.0,-0.04395604395604391,-0.04395604395604391,,,False,False,False,False,False,False,False
preview,GEO_GSE327581_COSMX_AD_BRAIN,3,Perivascular.macrophages,19,preview::GEO_GSE327581_COSMX_AD_BRAIN::fold_3::Perivascular.macrophages,0.1,0.1,0.1,0.1904761904761905,0.1,0.1,0.1,,,0.0,-0.09047619047619049,0.0,-0.09047619047619049,0.0,0.0,,,False,False,False,False,False,False,False
preview,GEO_GSE327581_COSMX_AD_BRAIN,3,Purkinje.cells,18,preview::GEO_GSE327581_COSMX_AD_BRAIN::fold_3::Purkinje.cells,0.9,0.9,0.9,0.9,0.9,0.878048780487805,0.9,,,0.0,0.0,0.0,0.0,-0.02195121951219503,-0.02195121951219503,,,False,False,False,False,False,False,False
preview,GEO_GSE327581_COSMX_AD_BRAIN,3,Radial.glia,34,preview::GEO_GSE327581_COSMX_AD_BRAIN::fold_3::Radial.glia,0.10526315789473684,0.05555555555555555,0.10810810810810811,0.10526315789473684,0.05714285714285715,0.10256410256410256,0.10256410256410256,,,-0.049707602339181284,-0.05255255255255256,-0.04812030075187969,-0.050965250965250966,-0.0026990553306342757,-0.0026990553306342757,,,False,False,False,False,True,False,True
preview,GEO_GSE327581_COSMX_AD_BRAIN,3,Serotonergic.neurons,21,preview::GEO_GSE327581_COSMX_AD_BRAIN::fold_3::Serotonergic.neurons,0.5555555555555556,0.611111111111111,0.5555555555555556,0.5555555555555556,0.5714285714285714,0.5555555555555556,0.5555555555555556,,,0.05555555555555547,0.05555555555555547,0.015873015873015817,-0.03968253968253965,0.0,0.0,,,True,False,False,True,False,True,False
preview,GEO_GSE327581_COSMX_AD_BRAIN,3,T.cell,4,preview::GEO_GSE327581_COSMX_AD_BRAIN::fold_3::T.cell,0.0,0.0,0.0,0.0,0.0,0.0,0.0,,,0.0,0.0,0.0,0.0,0.0,0.0,,,False,False,False,False,False,False,False
preview,GEO_GSE327581_COSMX_AD_BRAIN,3,Tanycytes,10,preview::GEO_GSE327581_COSMX_AD_BRAIN::fold_3::Tanycytes,0.41666666666666663,0.41666666666666663,0.41666666666666663,0.41666666666666663,0.48,0.34782608695652173,0.48,,,0.0,0.0,0.06333333333333335,0.06333333333333335,-0.0688405797101449,-0.13217391304347825,,,False,True,False,False,False,True,False
preview,GEO_GSE327581_COSMX_AD_BRAIN,3,Telencephalon.inhibitory.neurons,6,preview::GEO_GSE327581_COSMX_AD_BRAIN::fold_3::Telencephalon.inhibitory.neurons,0.7499999999999999,0.7499999999999999,0.7499999999999999,0.7499999999999999,0.8,0.8571428571428571,0.8,,,0.0,0.0,0.050000000000000155,0.050000000000000155,0.1071428571428572,0.05714285714285705,,,False,False,False,False,False,False,False
preview,GEO_GSE327581_COSMX_AD_BRAIN,3,Vascular.endothelial.cells,12,preview::GEO_GSE327581_COSMX_AD_BRAIN::fold_3::Vascular.endothelial.cells,0.4888888888888888,0.5641025641025641,0.4888888888888888,0.4888888888888888,0.4888888888888888,0.5116279069767442,0.5,,,0.07521367521367528,0.07521367521367528,0.0,-0.07521367521367528,0.02273901808785539,0.011627906976744207,,,True,False,True,True,False,False,False
preview,GEO_GSE327581_COSMX_AD_BRAIN,3,Vascular.leptomeningeal.cells,9,preview::GEO_GSE327581_COSMX_AD_BRAIN::fold_3::Vascular.leptomeningeal.cells,0.8571428571428571,0.8571428571428571,0.8571428571428571,0.8571428571428571,0.9,0.8571428571428571,0.8571428571428571,,,0.0,0.0,0.04285714285714293,0.04285714285714293,0.0,0.0,,,False,False,False,False,False,False,False
preview,GEO_GSE327581_COSMX_AD_BRAIN,3,Vascular.smooth.muscle.cells,14,preview::GEO_GSE327581_COSMX_AD_BRAIN::fold_3::Vascular.smooth.muscle.cells,0.7586206896551724,0.7586206896551724,0.7586206896551724,0.7857142857142857,0.7586206896551724,0.7586206896551724,0.7999999999999999,,,0.0,-0.027093596059113323,0.0,-0.027093596059113323,0.0,-0.04137931034482756,,,False,False,False,False,False,False,False
preview,GEO_GSE327581_COSMX_AD_BRAIN,4,Astrocytes.Bergmann.glia,43,preview::GEO_GSE327581_COSMX_AD_BRAIN::fold_4::Astrocytes.Bergmann.glia,0.7058823529411763,0.7297297297297297,0.7058823529411763,0.7058823529411763,0.7012987012987012,0.7058823529411763,0.7605633802816901,,,0.02384737678855342,0.02384737678855342,-0.004583651642475095,-0.028431028431028516,0.0,-0.05468102734051383,,,True,False,False,True,False,False,False
preview,GEO_GSE327581_COSMX_AD_BRAIN,4,Astrocytes.cortex.hippocampus,20,preview::GEO_GSE327581_COSMX_AD_BRAIN::fold_4::Astrocytes.cortex.hippocampus,0.4324324324324324,0.4444444444444444,0.38888888888888884,0.4324324324324324,0.4285714285714285,0.48648648648648646,0.4736842105263158,,,0.012012012012012019,0.012012012012012019,-0.003861003861003909,-0.015873015873015928,0.05405405405405406,0.01280227596017064,,,True,False,True,True,False,False,False
preview,GEO_GSE327581_COSMX_AD_BRAIN,4,Astrocytes.thalamus.hypothalamus,24,preview::GEO_GSE327581_COSMX_AD_BRAIN::fold_4::Astrocytes.thalamus.hypothalamus,0.631578947368421,0.7727272727272727,0.631578947368421,0.631578947368421,0.7555555555555556,0.65,0.6,,,0.1411483253588517,0.1411483253588517,0.12397660818713463,-0.01717171717171706,0.018421052631579005,0.018421052631579005,,,True,False,True,True,False,True,False
preview,GEO_GSE327581_COSMX_AD_BRAIN,4,CCK.interneurons,20,preview::GEO_GSE327581_COSMX_AD_BRAIN::fold_4::CCK.interneurons,0.6666666666666667,0.6428571428571429,0.679245283018868,0.6666666666666667,0.6206896551724138,0.6037735849056605,0.6181818181818183,,,-0.023809523809523836,-0.03638814016172509,-0.04597701149425293,-0.058555627846454184,-0.06289308176100628,-0.06289308176100628,,,False,False,False,False,True,False,True
preview,GEO_GSE327581_COSMX_AD_BRAIN,4,Cajal.Retzius.cells,7,preview::GEO_GSE327581_COSMX_AD_BRAIN::fold_4::Cajal.Retzius.cells,0.101010101010101,0.05333333333333333,0.0631578947368421,0.101010101010101,0.024390243902439025,0.025641025641025637,0.026666666666666665,,,-0.047676767676767665,-0.047676767676767665,-0.07661985710766198,-0.07661985710766198,-0.07536907536907536,-0.07536907536907536,,,False,False,False,False,False,False,False
preview,GEO_GSE327581_COSMX_AD_BRAIN,4,Cholinergic.neurons.habenula,18,preview::GEO_GSE327581_COSMX_AD_BRAIN::fold_4::Cholinergic.neurons.habenula,0.1818181818181818,0.10526315789473684,0.1818181818181818,0.1818181818181818,0.1818181818181818,0.1818181818181818,0.1818181818181818,,,-0.07655502392344496,-0.07655502392344496,0.0,0.0,0.0,0.0,,,False,False,False,False,True,False,False
preview,GEO_GSE327581_COSMX_AD_BRAIN,4,Choroid.plexus.epithelial.cells,21,preview::GEO_GSE327581_COSMX_AD_BRAIN::fold_4::Choroid.plexus.epithelial.cells,0.975609756097561,0.9130434782608696,0.975609756097561,0.975609756097561,0.9130434782608696,0.8936170212765957,0.8163265306122449,,,-0.06256627783669133,-0.06256627783669133,-0.06256627783669133,-0.06256627783669133,-0.08199273482096525,-0.08199273482096525,,,False,False,False,False,True,False,True
preview,GEO_GSE327581_COSMX_AD_BRAIN,4,Committed.oligodendrocytes,27,preview::GEO_GSE327581_COSMX_AD_BRAIN::fold_4::Committed.oligodendrocytes,0.35514018691588783,0.3392857142857143,0.34234234234234234,0.35514018691588783,0.3428571428571429,0.3529411764705882,0.3269230769230769,,,-0.015854472630173533,-0.015854472630173533,-0.012283044058744919,-0.012283044058744919,-0.0021990104452996317,-0.0021990104452996317,,,False,False,False,False,True,False,True
preview,GEO_GSE327581_COSMX_AD_BRAIN,4,D1.medium.spiny.neurons,40,preview::GEO_GSE327581_COSMX_AD_BRAIN::fold_4::D1.medium.spiny.neurons,0.6060606060606061,0.6299212598425197,0.6060606060606061,0.6060606060606061,0.6201550387596899,0.5970149253731344,0.6779661016949152,,,0.0238606537819136,0.0238606537819136,0.014094432699083836,-0.009766221082829762,-0.009045680687471691,-0.08095117632178084,,,True,False,False,True,False,True,False
preview,GEO_GSE327581_COSMX_AD_BRAIN,4,D2.medium.spiny.neurons,39,preview::GEO_GSE327581_COSMX_AD_BRAIN::fold_4::D2.medium.spiny.neurons,0.4545454545454546,0.5,0.4545454545454546,0.4545454545454546,0.47761194029850745,0.5294117647058824,0.6575342465753424,,,0.045454545454545414,0.045454545454545414,0.023066485753052868,-0.022388059701492546,0.07486631016042777,-0.12812248186946007,,,True,False,False,True,False,True,False
preview,GEO_GSE327581_COSMX_AD_BRAIN,4,Dopaminergic.neurons,11,preview::GEO_GSE327581_COSMX_AD_BRAIN::fold_4::Dopaminergic.neurons,0.6666666666666666,0.6451612903225806,0.6666666666666666,0.6666666666666666,0.6249999999999999,0.7407407407407406,0.6896551724137931,,,-0.021505376344086002,-0.021505376344086002,-0.04166666666666674,-0.04166666666666674,0.07407407407407396,0.05108556832694744,,,False,False,True,False,True,False,True
preview,GEO_GSE327581_COSMX_AD_BRAIN,4,Ependymal.cells,18,preview::GEO_GSE327581_COSMX_AD_BRAIN::fold_4::Ependymal.cells,0.9090909090909091,0.9142857142857143,0.8823529411764706,0.9090909090909091,0.8823529411764706,0.8823529411764706,0.9142857142857143,,,0.0051948051948051965,0.0051948051948051965,-0.0267379679144385,-0.031932773109243695,-0.0267379679144385,-0.031932773109243695,,,False,False,False,False,False,False,True
preview,GEO_GSE327581_COSMX_AD_BRAIN,4,Excitatory.neurons.amygdala,7,preview::GEO_GSE327581_COSMX_AD_BRAIN::fold_4::Excitatory.neurons.amygdala,0.07142857142857142,0.08,0.06896551724137931,0.07142857142857142,0.13333333333333333,0.06451612903225806,0.10256410256410256,,,0.008571428571428577,0.008571428571428577,0.06190476190476191,0.05333333333333333,-0.006912442396313362,-0.0380479735318445,,,False,False,False,False,False,False,False
preview,GEO_GSE327581_COSMX_AD_BRAIN,4,Excitatory.neurons.di.mesencephalon,35,preview::GEO_GSE327581_COSMX_AD_BRAIN::fold_4::Excitatory.neurons.di.mesencephalon,0.8095238095238094,0.8333333333333333,0.8095238095238094,0.8095238095238094,0.8333333333333333,0.813953488372093,0.8192771084337349,,,0.023809523809523836,0.023809523809523836,0.023809523809523836,0.0,0.0044296788482836025,-0.005323620061641887,,,True,False,False,True,False,True,False
preview,GEO_GSE327581_COSMX_AD_BRAIN,4,Excitatory.neurons.hippocampal.CA1,31,preview::GEO_GSE327581_COSMX_AD_BRAIN::fold_4::Excitatory.neurons.hippocampal.CA1,0.6206896551724138,0.689655172413793,0.6440677966101694,0.6206896551724138,0.6551724137931035,0.7142857142857142,0.7,,,0.06896551724137923,0.0455873758036236,0.034482758620689724,-0.0344827586206895,0.09359605911330038,0.014285714285714235,,,True,False,True,True,False,True,False
preview,GEO_GSE327581_COSMX_AD_BRAIN,4,Excitatory.neurons.hippocampal.CA2,12,preview::GEO_GSE327581_COSMX_AD_BRAIN::fold_4::Excitatory.neurons.hippocampal.CA2,0.0,0.0,0.0,0.0,0.14285714285714285,0.14285714285714285,0.15384615384615385,,,0.0,0.0,0.14285714285714285,0.14285714285714285,0.14285714285714285,-0.010989010989011005,,,False,True,False,False,False,True,False
preview,GEO_GSE327581_COSMX_AD_BRAIN,4,Excitatory.neurons.hippocampal.CA3,19,preview::GEO_GSE327581_COSMX_AD_BRAIN::fold_4::Excitatory.neurons.hippocampal.CA3,0.2676056338028169,0.3486238532110092,0.2814814814814815,0.2676056338028169,0.3275862068965517,0.2878787878787879,0.3486238532110092,,,0.08101821940819232,0.0671423717295277,0.059980573093734835,-0.02103764631445748,0.020273154075971023,-0.06074506533222129,,,True,False,False,True,False,True,False
preview,GEO_GSE327581_COSMX_AD_BRAIN,4,Excitatory.neurons.layer.1.piriform,57,preview::GEO_GSE327581_COSMX_AD_BRAIN::fold_4::Excitatory.neurons.layer.1.piriform,0.1764705882352941,0.2941176470588235,0.22857142857142856,0.1764705882352941,0.2857142857142857,0.22857142857142856,0.22535211267605634,,,0.11764705882352938,0.06554621848739492,0.1092436974789916,-0.008403361344537785,0.05210084033613446,0.003219315895372221,,,True,False,False,True,False,True,False
preview,GEO_GSE327581_COSMX_AD_BRAIN,4,Excitatory.neurons.layer.2.3,43,preview::GEO_GSE327581_COSMX_AD_BRAIN::fold_4::Excitatory.neurons.layer.2.3,0.2745098039215686,0.40625,0.24,0.2745098039215686,0.4307692307692308,0.3076923076923077,0.46666666666666673,,,0.1317401960784314,0.1317401960784314,0.1562594268476622,0.024519230769230793,0.033182503770739114,-0.15897435897435902,,,True,True,False,True,False,True,False
preview,GEO_GSE327581_COSMX_AD_BRAIN,4,Excitatory.neurons.layer.4,56,preview::GEO_GSE327581_COSMX_AD_BRAIN::fold_4::Excitatory.neurons.layer.4,0.06779661016949153,0.125,0.06779661016949153,0.06779661016949153,0.15384615384615385,0.06779661016949153,0.13114754098360656,,,0.057203389830508475,0.057203389830508475,0.08604954367666233,0.028846153846153855,0.0,-0.06335093081411504,,,True,True,False,True,False,True,False
preview,GEO_GSE327581_COSMX_AD_BRAIN,4,Excitatory.neurons.layer.5,41,preview::GEO_GSE327581_COSMX_AD_BRAIN::fold_4::Excitatory.neurons.layer.5,0.13636363636363635,0.09302325581395349,0.17777777777777776,0.13636363636363635,0.17777777777777776,0.25,0.21276595744680848,,,-0.043340380549682866,-0.08475452196382427,0.0414141414141414,0.0,0.11363636363636365,0.037234042553191515,,,False,False,True,False,True,True,False
preview,GEO_GSE327581_COSMX_AD_BRAIN,4,Excitatory.neurons.layer.6,45,preview::GEO_GSE327581_COSMX_AD_BRAIN::fold_4::Excitatory.neurons.layer.6,0.4347826086956522,0.35114503816793885,0.43749999999999994,0.4347826086956522,0.4000000000000001,0.4318181818181818,0.4347826086956522,,,-0.08363757052771337,-0.0863549618320611,-0.03478260869565214,-0.03749999999999987,-0.002964426877470394,-0.002964426877470394,,,False,False,False,False,True,False,True
preview,GEO_GSE327581_COSMX_AD_BRAIN,4,Excitatory.neurons.telencephalon,11,preview::GEO_GSE327581_COSMX_AD_BRAIN::fold_4::Excitatory.neurons.telencephalon,0.1818181818181818,0.20689655172413793,0.18749999999999997,0.1818181818181818,0.23076923076923075,0.16216216216216214,0.17142857142857143,,,0.025078369905956133,0.019396551724137956,0.04895104895104896,0.023872679045092826,-0.019656019656019652,-0.019656019656019652,,,True,True,False,True,False,True,False
preview,GEO_GSE327581_COSMX_AD_BRAIN,4,Granule.neurons,36,preview::GEO_GSE327581_COSMX_AD_BRAIN::fold_4::Granule.neurons,0.7142857142857143,0.8125000000000001,0.7142857142857143,0.7142857142857143,0.7868852459016393,0.8,0.8571428571428571,,,0.09821428571428581,0.09821428571428581,0.07259953161592503,-0.02561475409836078,0.08571428571428574,-0.05714285714285705,,,True,False,False,True,False,True,False
preview,GEO_GSE327581_COSMX_AD_BRAIN,4,Hindbrain.excitatory.neurons,46,preview::GEO_GSE327581_COSMX_AD_BRAIN::fold_4::Hindbrain.excitatory.neurons,0.5512820512820513,0.563758389261745,0.5477707006369428,0.5512820512820513,0.563758389261745,0.546583850931677,0.5526315789473684,,,0.012476337979693719,0.012476337979693719,0.012476337979693719,0.0,-0.004698200350374271,-0.006047728015691312,,,True,False,False,True,False,True,False
preview,GEO_GSE327581_COSMX_AD_BRAIN,4,Hindbrain.inhibitory.neurons,53,preview::GEO_GSE327581_COSMX_AD_BRAIN::fold_4::Hindbrain.inhibitory.neurons,0.6075949367088607,0.5897435897435898,0.5897435897435898,0.6075949367088607,0.6075949367088607,0.6075949367088607,0.6075949367088607,,,-0.01785134696527091,-0.01785134696527091,0.0,0.0,0.0,0.0,,,False,False,False,False,True,False,False
preview,GEO_GSE327581_COSMX_AD_BRAIN,4,Hypendymal,5,preview::GEO_GSE327581_COSMX_AD_BRAIN::fold_4::Hypendymal,0.2105263157894737,0.32258064516129037,0.2222222222222222,0.2105263157894737,0.25806451612903225,0.24242424242424243,0.2105263157894737,,,0.11205432937181667,0.10035842293906816,0.04753820033955855,-0.06451612903225812,0.03189792663476873,0.03189792663476873,,,False,False,False,False,False,False,False
preview,GEO_GSE327581_COSMX_AD_BRAIN,4,Inhibitory.interneurons,28,preview::GEO_GSE327581_COSMX_AD_BRAIN::fold_4::Inhibitory.interneurons,0.806451612903226,0.8474576271186439,0.806451612903226,0.806451612903226,0.8333333333333334,0.8333333333333334,0.8333333333333334,,,0.04100601421541794,0.04100601421541794,0.026881720430107392,-0.014124293785310549,0.026881720430107392,0.0,,,True,False,False,True,False,True,False
preview,GEO_GSE327581_COSMX_AD_BRAIN,4,Inhibitory.neurons.amygdala,34,preview::GEO_GSE327581_COSMX_AD_BRAIN::fold_4::Inhibitory.neurons.amygdala,0.0,0.0,0.0,0.0,0.0,0.0,0.0,,,0.0,0.0,0.0,0.0,0.0,0.0,,,False,False,False,False,False,False,False
preview,GEO_GSE327581_COSMX_AD_BRAIN,4,Inhibitory.neurons.habenula.hypothalamus,11,preview::GEO_GSE327581_COSMX_AD_BRAIN::fold_4::Inhibitory.neurons.habenula.hypothalamus,0.368421052631579,0.3333333333333333,0.368421052631579,0.368421052631579,0.37837837837837834,0.358974358974359,0.368421052631579,,,-0.03508771929824567,-0.03508771929824567,0.009957325746799361,0.009957325746799361,-0.009446693657220007,-0.009446693657220007,,,False,False,False,False,True,False,False
preview,GEO_GSE327581_COSMX_AD_BRAIN,4,Inhibitory.neurons.habenula.thalamus,19,preview::GEO_GSE327581_COSMX_AD_BRAIN::fold_4::Inhibitory.neurons.habenula.thalamus,0.08333333333333333,0.1,0.08695652173913043,0.08333333333333333,0.09523809523809525,0.16,0.16,,,0.016666666666666677,0.013043478260869573,0.011904761904761918,-0.004761904761904759,0.07666666666666667,0.0,,,True,False,False,True,False,True,False
preview,GEO_GSE327581_COSMX_AD_BRAIN,4,Inhibitory.neurons.reticular.nucleus,32,preview::GEO_GSE327581_COSMX_AD_BRAIN::fold_4::Inhibitory.neurons.reticular.nucleus,0.5631067961165049,0.6185567010309277,0.5686274509803921,0.5631067961165049,0.625,0.631578947368421,0.6170212765957447,,,0.05544990491442281,0.04992925005053561,0.06189320388349506,0.006443298969072253,0.06847215125191608,0.014557670772676334,,,True,False,True,True,False,True,False
preview,GEO_GSE327581_COSMX_AD_BRAIN,4,Interneuron.selective.interneurons,26,preview::GEO_GSE327581_COSMX_AD_BRAIN::fold_4::Interneuron.selective.interneurons,0.28571428571428575,0.23529411764705882,0.29411764705882354,0.28571428571428575,0.23529411764705882,0.2777777777777778,0.2777777777777778,,,-0.050420168067226934,-0.05882352941176472,-0.050420168067226934,-0.05882352941176472,-0.007936507936507964,-0.007936507936507964,,,False,False,False,False,True,False,True
preview,GEO_GSE327581_COSMX_AD_BRAIN,4,Interneurons,57,preview::GEO_GSE327581_COSMX_AD_BRAIN::fold_4::Interneurons,0.8490566037735849,0.8135593220338982,0.8598130841121495,0.8490566037735849,0.8727272727272727,0.8598130841121495,0.8679245283018868,,,-0.03549728173968669,-0.04625376207825127,0.023670668953687746,0.012914188615123168,0.010756480338564578,-0.008111444189737305,,,False,True,False,False,True,True,False
preview,GEO_GSE327581_COSMX_AD_BRAIN,4,Mature.oligodendrocytes,29,preview::GEO_GSE327581_COSMX_AD_BRAIN::fold_4::Mature.oligodendrocytes,0.0,0.0,0.0,0.0,0.06451612903225806,0.0,0.0,,,0.0,0.0,0.06451612903225806,0.06451612903225806,0.0,0.0,,,False,True,False,False,False,True,False
preview,GEO_GSE327581_COSMX_AD_BRAIN,4,Microglia,46,preview::GEO_GSE327581_COSMX_AD_BRAIN::fold_4::Microglia,0.7572815533980581,0.7391304347826085,0.7572815533980581,0.7572815533980581,0.7368421052631581,0.7102803738317758,0.7572815533980581,,,-0.018151118615449602,-0.018151118615449602,-0.020439448134900062,-0.020439448134900062,-0.04700117956628236,-0.04700117956628236,,,False,False,False,False,True,False,True
preview,GEO_GSE327581_COSMX_AD_BRAIN,4,Myelin.forming.oligodendrocytes,42,preview::GEO_GSE327581_COSMX_AD_BRAIN::fold_4::Myelin.forming.oligodendrocytes,0.0425531914893617,0.12244897959183672,0.044444444444444446,0.0425531914893617,0.20833333333333331,0.08163265306122448,0.08333333333333333,,,0.07989578810247502,0.07800453514739228,0.1657801418439716,0.0858843537414966,0.03907946157186278,-0.0017006802721088454,,,True,True,False,True,False,True,False
preview,GEO_GSE327581_COSMX_AD_BRAIN,4,Neuroblasts,17,preview::GEO_GSE327581_COSMX_AD_BRAIN::fold_4::Neuroblasts,0.56,0.48,0.5384615384615384,0.56,0.56,0.5384615384615384,0.46153846153846156,,,-0.08000000000000007,-0.08000000000000007,0.0,0.0,-0.021538461538461617,-0.021538461538461617,,,False,False,False,False,True,False,False
preview,GEO_GSE327581_COSMX_AD_BRAIN,4,Neurogliaform.cells,27,preview::GEO_GSE327581_COSMX_AD_BRAIN::fold_4::Neurogliaform.cells,0.6153846153846153,0.5789473684210525,0.6153846153846153,0.6153846153846153,0.6153846153846153,0.6153846153846153,0.6153846153846153,,,-0.036437246963562764,-0.036437246963562764,0.0,0.0,0.0,0.0,,,False,False,False,False,True,False,False
preview,GEO_GSE327581_COSMX_AD_BRAIN,4,Newly.formed.oligodendrocytes,26,preview::GEO_GSE327581_COSMX_AD_BRAIN::fold_4::Newly.formed.oligodendrocytes,0.5142857142857142,0.39999999999999997,0.5142857142857142,0.5142857142857142,0.5,0.5142857142857142,0.5142857142857142,,,-0.11428571428571427,-0.11428571428571427,-0.014285714285714235,-0.014285714285714235,0.0,0.0,,,False,False,False,False,True,False,True
preview,GEO_GSE327581_COSMX_AD_BRAIN,4,Olfactory.bulb.inhibitory.neurons,52,preview::GEO_GSE327581_COSMX_AD_BRAIN::fold_4::Olfactory.bulb.inhibitory.neurons,0.8524590163934427,0.7536231884057971,0.8455284552845529,0.8524590163934427,0.832,0.8253968253968255,0.8666666666666666,,,-0.09883582798764556,-0.09883582798764556,-0.02045901639344272,-0.02045901639344272,-0.02706219099661722,-0.04126984126984112,,,False,False,False,False,True,False,True
preview,GEO_GSE327581_COSMX_AD_BRAIN,4,Olfactory.ensheathing.cells,20,preview::GEO_GSE327581_COSMX_AD_BRAIN::fold_4::Olfactory.ensheathing.cells,0.2608695652173913,0.37037037037037035,0.2608695652173913,0.2608695652173913,0.24999999999999997,0.2608695652173913,0.2608695652173913,,,0.10950080515297905,0.10950080515297905,-0.010869565217391325,-0.12037037037037038,0.0,0.0,,,True,False,False,True,False,False,True
preview,GEO_GSE327581_COSMX_AD_BRAIN,4,Oligodendrocyte.precursor.cells,35,preview::GEO_GSE327581_COSMX_AD_BRAIN::fold_4::Oligodendrocyte.precursor.cells,0.8493150684931505,0.8571428571428571,0.8611111111111112,0.8493150684931505,0.8493150684931505,0.8493150684931505,0.8611111111111112,,,0.007827788649706569,-0.003968253968254065,0.0,-0.011796042617960634,0.0,-0.011796042617960634,,,False,False,False,False,False,False,False
preview,GEO_GSE327581_COSMX_AD_BRAIN,4,Peptidergic.neurons,7,preview::GEO_GSE327581_COSMX_AD_BRAIN::fold_4::Peptidergic.neurons,0.0,0.0,0.0,0.0,0.0,0.0,0.0,,,0.0,0.0,0.0,0.0,0.0,0.0,,,False,False,False,False,False,False,False
preview,GEO_GSE327581_COSMX_AD_BRAIN,4,Pericytes,42,preview::GEO_GSE327581_COSMX_AD_BRAIN::fold_4::Pericytes,0.5,0.463768115942029,0.5128205128205129,0.5,0.5277777777777778,0.5217391304347826,0.5405405405405405,,,-0.03623188405797101,-0.049052396878483895,0.02777777777777779,0.014957264957264904,0.021739130434782594,-0.018801410105757865,,,False,True,False,False,True,True,False
preview,GEO_GSE327581_COSMX_AD_BRAIN,4,Perivascular.macrophages,23,preview::GEO_GSE327581_COSMX_AD_BRAIN::fold_4::Perivascular.macrophages,0.07692307692307691,0.29411764705882354,0.07692307692307691,0.07692307692307691,0.25806451612903225,0.07407407407407408,0.07407407407407408,,,0.2171945701357466,0.2171945701357466,0.18114143920595532,-0.03605313092979129,-0.0028490028490028296,-0.0028490028490028296,,,True,False,False,True,False,True,False
preview,GEO_GSE327581_COSMX_AD_BRAIN,4,Purkinje.cells,47,preview::GEO_GSE327581_COSMX_AD_BRAIN::fold_4::Purkinje.cells,0.8367346938775511,0.780952380952381,0.8367346938775511,0.8367346938775511,0.7884615384615385,0.7961165048543688,0.8367346938775511,,,-0.05578231292517011,-0.05578231292517011,-0.048273155416012514,-0.048273155416012514,-0.04061818902318226,-0.04061818902318226,,,False,False,False,False,True,False,True
preview,GEO_GSE327581_COSMX_AD_BRAIN,4,Radial.glia,12,preview::GEO_GSE327581_COSMX_AD_BRAIN::fold_4::Radial.glia,0.08695652173913043,0.22222222222222224,0.16,0.08695652173913043,0.0,0.0909090909090909,0.0909090909090909,,,0.1352657004830918,0.062222222222222234,-0.08695652173913043,-0.22222222222222224,0.003952569169960465,0.0,,,True,False,False,True,False,False,True
preview,GEO_GSE327581_COSMX_AD_BRAIN,4,Serotonergic.neurons,9,preview::GEO_GSE327581_COSMX_AD_BRAIN::fold_4::Serotonergic.neurons,0.21428571428571427,0.26666666666666666,0.18750000000000003,0.21428571428571427,0.1764705882352941,0.3225806451612903,0.26666666666666666,,,0.05238095238095239,0.05238095238095239,-0.03781512605042017,-0.09019607843137256,0.10829493087557604,0.05591397849462365,,,False,False,False,False,False,False,False
preview,GEO_GSE327581_COSMX_AD_BRAIN,4,T.cell,9,preview::GEO_GSE327581_COSMX_AD_BRAIN::fold_4::T.cell,0.23076923076923078,0.3333333333333333,0.2222222222222222,0.23076923076923078,0.3,0.2962962962962963,0.20512820512820512,,,0.10256410256410253,0.10256410256410253,0.0692307692307692,-0.033333333333333326,0.0655270655270655,0.0655270655270655,,,False,False,False,False,False,False,False
preview,GEO_GSE327581_COSMX_AD_BRAIN,4,Tanycytes,17,preview::GEO_GSE327581_COSMX_AD_BRAIN::fold_4::Tanycytes,0.6875,0.7058823529411765,0.6451612903225806,0.6875,0.5945945945945946,0.6875,0.625,,,0.018382352941176516,0.018382352941176516,-0.09290540540540537,-0.11128775834658189,0.0,0.0,,,True,False,False,True,False,False,True
preview,GEO_GSE327581_COSMX_AD_BRAIN,4,Telencephalon.inhibitory.neurons,41,preview::GEO_GSE327581_COSMX_AD_BRAIN::fold_4::Telencephalon.inhibitory.neurons,0.1739130434782609,0.45283018867924524,0.1739130434782609,0.1739130434782609,0.45283018867924524,0.34615384615384615,0.3076923076923077,,,0.2789171452009843,0.2789171452009843,0.2789171452009843,0.0,0.17224080267558525,0.038461538461538436,,,True,False,True,True,False,True,False
preview,GEO_GSE327581_COSMX_AD_BRAIN,4,Vascular.endothelial.cells,28,preview::GEO_GSE327581_COSMX_AD_BRAIN::fold_4::Vascular.endothelial.cells,0.5405405405405405,0.5161290322580646,0.5277777777777777,0.5405405405405405,0.5230769230769231,0.5428571428571429,0.5194805194805194,,,-0.024411508282475847,-0.024411508282475847,-0.017463617463617354,-0.017463617463617354,0.0023166023166024674,0.0023166023166024674,,,False,False,False,False,True,False,True
preview,GEO_GSE327581_COSMX_AD_BRAIN,4,Vascular.leptomeningeal.cells,32,preview::GEO_GSE327581_COSMX_AD_BRAIN::fold_4::Vascular.leptomeningeal.cells,0.7761194029850748,0.7936507936507936,0.7462686567164178,0.7761194029850748,0.78125,0.8,0.7761194029850748,,,0.01753139066571885,0.01753139066571885,0.005130597014925242,-0.012400793650793607,0.023880597014925287,0.023880597014925287,,,True,False,True,True,False,False,False
preview,GEO_GSE327581_COSMX_AD_BRAIN,4,Vascular.smooth.muscle.cells,30,preview::GEO_GSE327581_COSMX_AD_BRAIN::fold_4::Vascular.smooth.muscle.cells,0.4878048780487804,0.31578947368421056,0.4878048780487804,0.4878048780487804,0.47619047619047616,0.5238095238095238,0.5238095238095238,,,-0.17201540436456986,-0.17201540436456986,-0.011614401858304257,-0.011614401858304257,0.036004645760743414,0.0,,,False,False,False,False,True,False,True
preview,GEO_GSE327581_COSMX_AD_BRAIN,5,Astrocytes.Bergmann.glia,30,preview::GEO_GSE327581_COSMX_AD_BRAIN::fold_5::Astrocytes.Bergmann.glia,0.846153846153846,0.846153846153846,0.846153846153846,0.846153846153846,0.846153846153846,0.846153846153846,0.846153846153846,,,0.0,0.0,0.0,0.0,0.0,0.0,,,False,False,False,False,False,False,False
preview,GEO_GSE327581_COSMX_AD_BRAIN,5,Astrocytes.cortex.hippocampus,18,preview::GEO_GSE327581_COSMX_AD_BRAIN::fold_5::Astrocytes.cortex.hippocampus,0.5238095238095238,0.6,0.5238095238095238,0.5238095238095238,0.5641025641025642,0.5238095238095238,0.5238095238095238,,,0.07619047619047614,0.07619047619047614,0.04029304029304037,-0.03589743589743577,0.0,0.0,,,True,False,False,True,False,True,False
preview,GEO_GSE327581_COSMX_AD_BRAIN,5,Astrocytes.thalamus.hypothalamus,27,preview::GEO_GSE327581_COSMX_AD_BRAIN::fold_5::Astrocytes.thalamus.hypothalamus,0.68,0.7058823529411765,0.68,0.68,0.7058823529411765,0.68,0.68,,,0.025882352941176467,0.025882352941176467,0.025882352941176467,0.0,0.0,0.0,,,True,False,False,True,False,True,False
preview,GEO_GSE327581_COSMX_AD_BRAIN,5,CCK.interneurons,20,preview::GEO_GSE327581_COSMX_AD_BRAIN::fold_5::CCK.interneurons,0.631578947368421,0.6666666666666667,0.631578947368421,0.631578947368421,0.6428571428571429,0.6428571428571429,0.6428571428571429,,,0.03508771929824572,0.03508771929824572,0.011278195488721887,-0.023809523809523836,0.011278195488721887,0.0,,,True,False,False,True,False,True,False
preview,GEO_GSE327581_COSMX_AD_BRAIN,5,Cajal.Retzius.cells,4,preview::GEO_GSE327581_COSMX_AD_BRAIN::fold_5::Cajal.Retzius.cells,0.16666666666666669,0.15384615384615383,0.16666666666666669,0.18181818181818182,0.21052631578947367,0.17391304347826084,0.163265306122449,,,-0.012820512820512858,-0.027972027972027996,0.04385964912280699,0.02870813397129185,0.007246376811594152,0.007246376811594152,,,False,False,False,False,False,False,False
preview,GEO_GSE327581_COSMX_AD_BRAIN,5,Cholinergic.neurons.habenula,46,preview::GEO_GSE327581_COSMX_AD_BRAIN::fold_5::Cholinergic.neurons.habenula,0.22950819672131148,0.29508196721311475,0.22950819672131148,0.19672131147540983,0.26229508196721313,0.25806451612903225,0.25806451612903225,,,0.06557377049180327,0.06557377049180327,0.03278688524590165,-0.03278688524590162,0.02855631940772077,0.0,,,True,False,False,True,False,True,False
preview,GEO_GSE327581_COSMX_AD_BRAIN,5,Choroid.plexus.epithelial.cells,41,preview::GEO_GSE327581_COSMX_AD_BRAIN::fold_5::Choroid.plexus.epithelial.cells,0.9761904761904763,0.9647058823529412,0.9761904761904763,0.9761904761904763,0.9761904761904763,0.9761904761904763,0.9761904761904763,,,-0.011484593837535084,-0.011484593837535084,0.0,0.0,0.0,0.0,,,False,False,False,False,True,False,False
preview,GEO_GSE327581_COSMX_AD_BRAIN,5,Committed.oligodendrocytes,22,preview::GEO_GSE327581_COSMX_AD_BRAIN::fold_5::Committed.oligodendrocytes,0.41269841269841273,0.4242424242424242,0.41269841269841273,0.4307692307692308,0.41935483870967744,0.41269841269841273,0.41269841269841273,,,0.011544011544011468,-0.0065268065268065945,0.0066564260112647045,-0.011414392059553358,0.0,0.0,,,False,False,False,True,False,False,False
preview,GEO_GSE327581_COSMX_AD_BRAIN,5,D1.medium.spiny.neurons,17,preview::GEO_GSE327581_COSMX_AD_BRAIN::fold_5::D1.medium.spiny.neurons,0.576271186440678,0.5573770491803279,0.576271186440678,0.576271186440678,0.5396825396825397,0.576271186440678,0.576271186440678,,,-0.018894137260350052,-0.018894137260350052,-0.03658864675813833,-0.03658864675813833,0.0,0.0,,,False,False,False,False,True,False,True
preview,GEO_GSE327581_COSMX_AD_BRAIN,5,D2.medium.spiny.neurons,11,preview::GEO_GSE327581_COSMX_AD_BRAIN::fold_5::D2.medium.spiny.neurons,0.4999999999999999,0.5217391304347826,0.4999999999999999,0.4999999999999999,0.5454545454545454,0.4999999999999999,0.4999999999999999,,,0.021739130434782705,0.021739130434782705,0.045454545454545525,0.02371541501976282,0.0,0.0,,,True,True,False,True,False,True,False
preview,GEO_GSE327581_COSMX_AD_BRAIN,5,Dopaminergic.neurons,44,preview::GEO_GSE327581_COSMX_AD_BRAIN::fold_5::Dopaminergic.neurons,0.9032258064516128,0.875,0.9032258064516128,0.8936170212765958,0.875,0.9032258064516128,0.9032258064516128,,,-0.028225806451612767,-0.028225806451612767,-0.028225806451612767,-0.028225806451612767,0.0,0.0,,,False,False,False,False,True,False,True
preview,GEO_GSE327581_COSMX_AD_BRAIN,5,Ependymal.cells,50,preview::GEO_GSE327581_COSMX_AD_BRAIN::fold_5::Ependymal.cells,0.9387755102040817,0.9019607843137256,0.9387755102040817,0.9387755102040817,0.912621359223301,0.9387755102040817,0.9387755102040817,,,-0.03681472589035606,-0.03681472589035606,-0.026154150980780666,-0.026154150980780666,0.0,0.0,,,False,False,False,False,True,False,True
preview,GEO_GSE327581_COSMX_AD_BRAIN,5,Excitatory.neurons.amygdala,18,preview::GEO_GSE327581_COSMX_AD_BRAIN::fold_5::Excitatory.neurons.amygdala,0.303030303030303,0.37837837837837834,0.303030303030303,0.303030303030303,0.3243243243243243,0.29411764705882354,0.29411764705882354,,,0.07534807534807536,0.07534807534807536,0.021294021294021304,-0.05405405405405406,-0.008912655971479444,-0.008912655971479444,,,True,False,False,True,False,True,False
preview,GEO_GSE327581_COSMX_AD_BRAIN,5,Excitatory.neurons.di.mesencephalon,31,preview::GEO_GSE327581_COSMX_AD_BRAIN::fold_5::Excitatory.neurons.di.mesencephalon,0.7848101265822784,0.775,0.7848101265822784,0.7848101265822784,0.775,0.7848101265822784,0.7848101265822784,,,-0.009810126582278422,-0.009810126582278422,-0.009810126582278422,-0.009810126582278422,0.0,0.0,,,False,False,False,False,False,False,False
preview,GEO_GSE327581_COSMX_AD_BRAIN,5,Excitatory.neurons.hippocampal.CA1,23,preview::GEO_GSE327581_COSMX_AD_BRAIN::fold_5::Excitatory.neurons.hippocampal.CA1,0.5526315789473684,0.608695652173913,0.5526315789473684,0.5753424657534246,0.5675675675675675,0.5526315789473684,0.5526315789473684,,,0.05606407322654461,0.033353186420488345,0.014935988620199181,-0.04112808460634543,0.0,0.0,,,True,False,False,True,False,True,False
preview,GEO_GSE327581_COSMX_AD_BRAIN,5,Excitatory.neurons.hippocampal.CA2,15,preview::GEO_GSE327581_COSMX_AD_BRAIN::fold_5::Excitatory.neurons.hippocampal.CA2,0.5384615384615385,0.5384615384615385,0.5384615384615385,0.5384615384615385,0.5,0.5384615384615385,0.5384615384615385,,,0.0,0.0,-0.03846153846153855,-0.03846153846153855,0.0,0.0,,,False,False,False,False,False,False,True
preview,GEO_GSE327581_COSMX_AD_BRAIN,5,Excitatory.neurons.hippocampal.CA3,12,preview::GEO_GSE327581_COSMX_AD_BRAIN::fold_5::Excitatory.neurons.hippocampal.CA3,0.3333333333333333,0.34374999999999994,0.3333333333333333,0.3283582089552239,0.36666666666666664,0.3333333333333333,0.34374999999999994,,,0.01041666666666663,0.01041666666666663,0.033333333333333326,0.022916666666666696,0.0,-0.01041666666666663,,,True,True,False,True,False,True,False
preview,GEO_GSE327581_COSMX_AD_BRAIN,5,Excitatory.neurons.layer.1.piriform,38,preview::GEO_GSE327581_COSMX_AD_BRAIN::fold_5::Excitatory.neurons.layer.1.piriform,0.14285714285714285,0.14285714285714285,0.14285714285714285,0.14634146341463414,0.14285714285714285,0.14285714285714285,0.14285714285714285,,,0.0,-0.0034843205574912883,0.0,-0.0034843205574912883,0.0,0.0,,,False,False,False,False,False,False,False
preview,GEO_GSE327581_COSMX_AD_BRAIN,5,Excitatory.neurons.layer.2.3,34,preview::GEO_GSE327581_COSMX_AD_BRAIN::fold_5::Excitatory.neurons.layer.2.3,0.576923076923077,0.6545454545454545,0.576923076923077,0.576923076923077,0.6296296296296295,0.576923076923077,0.576923076923077,,,0.07762237762237756,0.07762237762237756,0.052706552706552556,-0.024915824915825002,0.0,0.0,,,True,False,False,True,False,True,False
preview,GEO_GSE327581_COSMX_AD_BRAIN,5,Excitatory.neurons.layer.4,34,preview::GEO_GSE327581_COSMX_AD_BRAIN::fold_5::Excitatory.neurons.layer.4,0.1923076923076923,0.22641509433962262,0.1923076923076923,0.1923076923076923,0.23076923076923078,0.18867924528301885,0.1923076923076923,,,0.03410740203193033,0.03410740203193033,0.03846153846153849,0.004354136429608163,-0.003628447024673437,-0.003628447024673437,,,True,False,False,True,False,True,False
preview,GEO_GSE327581_COSMX_AD_BRAIN,5,Excitatory.neurons.layer.5,24,preview::GEO_GSE327581_COSMX_AD_BRAIN::fold_5::Excitatory.neurons.layer.5,0.07692307692307693,0.15384615384615385,0.07692307692307693,0.14814814814814814,0.15384615384615385,0.07692307692307693,0.07692307692307693,,,0.07692307692307693,0.005698005698005715,0.07692307692307693,0.0,0.0,0.0,,,False,False,False,True,False,True,False
preview,GEO_GSE327581_COSMX_AD_BRAIN,5,Excitatory.neurons.layer.6,52,preview::GEO_GSE327581_COSMX_AD_BRAIN::fold_5::Excitatory.neurons.layer.6,0.6138613861386137,0.6415094339622641,0.6138613861386137,0.6407766990291263,0.6274509803921569,0.6138613861386137,0.6138613861386137,,,0.02764804782365038,0.0007327349331378574,0.013589594253543114,-0.014058453570107265,0.0,0.0,,,False,False,False,True,False,True,False
preview,GEO_GSE327581_COSMX_AD_BRAIN,5,Excitatory.neurons.telencephalon,5,preview::GEO_GSE327581_COSMX_AD_BRAIN::fold_5::Excitatory.neurons.telencephalon,0.0,0.0,0.0,0.0,0.0,0.0,0.0,,,0.0,0.0,0.0,0.0,0.0,0.0,,,False,False,False,False,False,False,False
preview,GEO_GSE327581_COSMX_AD_BRAIN,5,Granule.neurons,33,preview::GEO_GSE327581_COSMX_AD_BRAIN::fold_5::Granule.neurons,0.9032258064516129,0.955223880597015,0.9032258064516129,0.9374999999999999,0.9846153846153847,0.9206349206349207,0.9206349206349207,,,0.05199807414540214,0.01772388059701513,0.08138957816377179,0.029391504018369652,0.017409114183307817,0.0,,,True,True,False,True,False,True,False
preview,GEO_GSE327581_COSMX_AD_BRAIN,5,Hindbrain.excitatory.neurons,34,preview::GEO_GSE327581_COSMX_AD_BRAIN::fold_5::Hindbrain.excitatory.neurons,0.5254237288135594,0.49557522123893816,0.5254237288135594,0.5254237288135594,0.5217391304347826,0.5299145299145298,0.5254237288135594,,,-0.029848507574621208,-0.029848507574621208,-0.003684598378776771,-0.003684598378776771,0.004490801100970443,0.004490801100970443,,,False,False,False,False,True,False,False
preview,GEO_GSE327581_COSMX_AD_BRAIN,5,Hindbrain.inhibitory.neurons,43,preview::GEO_GSE327581_COSMX_AD_BRAIN::fold_5::Hindbrain.inhibitory.neurons,0.4444444444444444,0.48,0.4444444444444444,0.4444444444444444,0.46575342465753417,0.45070422535211263,0.45070422535211263,,,0.03555555555555556,0.03555555555555556,0.021308980213089745,-0.014246575342465817,0.006259780907668211,0.0,,,True,False,False,True,False,True,False
preview,GEO_GSE327581_COSMX_AD_BRAIN,5,Hypendymal,8,preview::GEO_GSE327581_COSMX_AD_BRAIN::fold_5::Hypendymal,0.3333333333333333,0.29411764705882354,0.3333333333333333,0.3333333333333333,0.30769230769230765,0.3333333333333333,0.3448275862068965,,,-0.039215686274509776,-0.039215686274509776,-0.02564102564102566,-0.02564102564102566,0.0,-0.011494252873563204,,,False,False,False,False,False,False,False
preview,GEO_GSE327581_COSMX_AD_BRAIN,5,Inhibitory.interneurons,31,preview::GEO_GSE327581_COSMX_AD_BRAIN::fold_5::Inhibitory.interneurons,0.8666666666666666,0.8474576271186439,0.8666666666666666,0.8524590163934426,0.8474576271186439,0.8474576271186439,0.8709677419354839,,,-0.019209039548022666,-0.019209039548022666,-0.019209039548022666,-0.019209039548022666,-0.019209039548022666,-0.023510114816839955,,,False,False,False,False,True,False,True
preview,GEO_GSE327581_COSMX_AD_BRAIN,5,Inhibitory.neurons.amygdala,48,preview::GEO_GSE327581_COSMX_AD_BRAIN::fold_5::Inhibitory.neurons.amygdala,0.3448275862068966,0.3157894736842105,0.3448275862068966,0.3448275862068966,0.3157894736842105,0.3448275862068966,0.3448275862068966,,,-0.029038112522686066,-0.029038112522686066,-0.029038112522686066,-0.029038112522686066,0.0,0.0,,,False,False,False,False,True,False,True
preview,GEO_GSE327581_COSMX_AD_BRAIN,5,Inhibitory.neurons.habenula.hypothalamus,25,preview::GEO_GSE327581_COSMX_AD_BRAIN::fold_5::Inhibitory.neurons.habenula.hypothalamus,0.33898305084745767,0.3278688524590164,0.33898305084745767,0.30508474576271183,0.3278688524590164,0.3,0.30508474576271183,,,-0.011114198388441243,-0.011114198388441243,-0.011114198388441243,-0.011114198388441243,-0.03898305084745768,-0.03898305084745768,,,False,False,False,False,True,False,True
preview,GEO_GSE327581_COSMX_AD_BRAIN,5,Inhibitory.neurons.habenula.thalamus,57,preview::GEO_GSE327581_COSMX_AD_BRAIN::fold_5::Inhibitory.neurons.habenula.thalamus,0.30985915492957744,0.30985915492957744,0.30985915492957744,0.3333333333333333,0.30985915492957744,0.3333333333333333,0.30985915492957744,,,0.0,-0.023474178403755874,0.0,-0.023474178403755874,0.023474178403755874,0.023474178403755874,,,False,False,True,False,False,False,False
preview,GEO_GSE327581_COSMX_AD_BRAIN,5,Inhibitory.neurons.reticular.nucleus,24,preview::GEO_GSE327581_COSMX_AD_BRAIN::fold_5::Inhibitory.neurons.reticular.nucleus,0.46875,0.4761904761904762,0.46875,0.4761904761904762,0.4761904761904762,0.4761904761904762,0.46875,,,0.0074404761904762196,0.0,0.0074404761904762196,0.0,0.0074404761904762196,0.0074404761904762196,,,False,False,False,False,False,False,False
preview,GEO_GSE327581_COSMX_AD_BRAIN,5,Interneuron.selective.interneurons,54,preview::GEO_GSE327581_COSMX_AD_BRAIN::fold_5::Interneuron.selective.interneurons,0.27272727272727276,0.28125,0.27272727272727276,0.27272727272727276,0.30769230769230765,0.2769230769230769,0.2769230769230769,,,0.008522727272727237,0.008522727272727237,0.03496503496503489,0.026442307692307654,0.00419580419580412,0.0,,,False,True,False,False,False,True,False
preview,GEO_GSE327581_COSMX_AD_BRAIN,5,Interneurons,26,preview::GEO_GSE327581_COSMX_AD_BRAIN::fold_5::Interneurons,0.8518518518518519,0.8518518518518519,0.8518518518518519,0.8846153846153846,0.8421052631578947,0.8679245283018868,0.8679245283018868,,,0.0,-0.03276353276353272,-0.00974658869395717,-0.04251012145748989,0.01607267645003496,0.0,,,False,False,False,False,False,False,False
preview,GEO_GSE327581_COSMX_AD_BRAIN,5,Mature.oligodendrocytes,11,preview::GEO_GSE327581_COSMX_AD_BRAIN::fold_5::Mature.oligodendrocytes,0.0,0.0,0.0,0.0,0.0,0.0,0.0,,,0.0,0.0,0.0,0.0,0.0,0.0,,,False,False,False,False,False,False,False
preview,GEO_GSE327581_COSMX_AD_BRAIN,5,Microglia,25,preview::GEO_GSE327581_COSMX_AD_BRAIN::fold_5::Microglia,0.7575757575757575,0.7142857142857143,0.7575757575757575,0.7462686567164178,0.704225352112676,0.7462686567164178,0.7575757575757575,,,-0.043290043290043156,-0.043290043290043156,-0.05335040546308145,-0.05335040546308145,-0.011307100859339614,-0.011307100859339614,,,False,False,False,False,True,False,True
preview,GEO_GSE327581_COSMX_AD_BRAIN,5,Myelin.forming.oligodendrocytes,30,preview::GEO_GSE327581_COSMX_AD_BRAIN::fold_5::Myelin.forming.oligodendrocytes,0.4,0.35,0.4,0.35,0.41860465116279066,0.4,0.41025641025641024,,,-0.050000000000000044,-0.050000000000000044,0.018604651162790642,0.018604651162790642,0.0,-0.01025641025641022,,,False,True,False,False,True,True,False
preview,GEO_GSE327581_COSMX_AD_BRAIN,5,Neuroblasts,38,preview::GEO_GSE327581_COSMX_AD_BRAIN::fold_5::Neuroblasts,0.34615384615384615,0.30434782608695654,0.34615384615384615,0.29166666666666663,0.2608695652173913,0.35294117647058826,0.34615384615384615,,,-0.041806020066889604,-0.041806020066889604,-0.08528428093645485,-0.08528428093645485,0.006787330316742113,0.006787330316742113,,,False,False,False,False,True,False,True
preview,GEO_GSE327581_COSMX_AD_BRAIN,5,Neurogliaform.cells,32,preview::GEO_GSE327581_COSMX_AD_BRAIN::fold_5::Neurogliaform.cells,0.6938775510204082,0.6666666666666666,0.6938775510204082,0.6938775510204082,0.6666666666666666,0.6938775510204082,0.6938775510204082,,,-0.027210884353741527,-0.027210884353741527,-0.027210884353741527,-0.027210884353741527,0.0,0.0,,,False,False,False,False,True,False,True
preview,GEO_GSE327581_COSMX_AD_BRAIN,5,Newly.formed.oligodendrocytes,23,preview::GEO_GSE327581_COSMX_AD_BRAIN::fold_5::Newly.formed.oligodendrocytes,0.4666666666666667,0.41379310344827586,0.4666666666666667,0.4666666666666667,0.4666666666666667,0.4666666666666667,0.5161290322580645,,,-0.05287356321839082,-0.05287356321839082,0.0,0.0,0.0,-0.04946236559139783,,,False,False,False,False,True,False,False
preview,GEO_GSE327581_COSMX_AD_BRAIN,5,Olfactory.bulb.inhibitory.neurons,36,preview::GEO_GSE327581_COSMX_AD_BRAIN::fold_5::Olfactory.bulb.inhibitory.neurons,0.576,0.549618320610687,0.576,0.5625,0.5625,0.5625,0.5714285714285715,,,-0.026381679389312906,-0.026381679389312906,-0.013499999999999956,-0.013499999999999956,-0.013499999999999956,-0.013499999999999956,,,False,False,False,False,True,False,True
preview,GEO_GSE327581_COSMX_AD_BRAIN,5,Olfactory.ensheathing.cells,39,preview::GEO_GSE327581_COSMX_AD_BRAIN::fold_5::Olfactory.ensheathing.cells,0.5,0.44000000000000006,0.5,0.44000000000000006,0.5283018867924528,0.5283018867924528,0.5,,,-0.05999999999999994,-0.05999999999999994,0.028301886792452824,0.028301886792452824,0.028301886792452824,0.028301886792452824,,,False,True,True,False,True,True,False
preview,GEO_GSE327581_COSMX_AD_BRAIN,5,Oligodendrocyte.precursor.cells,31,preview::GEO_GSE327581_COSMX_AD_BRAIN::fold_5::Oligodendrocyte.precursor.cells,0.787878787878788,0.7936507936507936,0.787878787878788,0.787878787878788,0.8064516129032258,0.787878787878788,0.7761194029850746,,,0.005772005772005651,0.005772005772005651,0.0185728250244378,0.01280081925243215,0.0,0.0,,,False,True,False,False,False,True,False
preview,GEO_GSE327581_COSMX_AD_BRAIN,5,Peptidergic.neurons,11,preview::GEO_GSE327581_COSMX_AD_BRAIN::fold_5::Peptidergic.neurons,0.4210526315789474,0.39999999999999997,0.4210526315789474,0.39999999999999997,0.4210526315789474,0.39999999999999997,0.39999999999999997,,,-0.021052631578947434,-0.021052631578947434,0.0,0.0,-0.021052631578947434,-0.021052631578947434,,,False,False,False,False,True,False,False
preview,GEO_GSE327581_COSMX_AD_BRAIN,5,Pericytes,20,preview::GEO_GSE327581_COSMX_AD_BRAIN::fold_5::Pericytes,0.5625000000000001,0.5,0.5625000000000001,0.5625000000000001,0.5,0.5625000000000001,0.5625000000000001,,,-0.06250000000000011,-0.06250000000000011,-0.06250000000000011,-0.06250000000000011,0.0,0.0,,,False,False,False,False,True,False,True
preview,GEO_GSE327581_COSMX_AD_BRAIN,5,Perivascular.macrophages,18,preview::GEO_GSE327581_COSMX_AD_BRAIN::fold_5::Perivascular.macrophages,0.0,0.09999999999999999,0.0,0.0,0.09999999999999999,0.0,0.0,,,0.09999999999999999,0.09999999999999999,0.09999999999999999,0.0,0.0,0.0,,,True,False,False,True,False,True,False
preview,GEO_GSE327581_COSMX_AD_BRAIN,5,Purkinje.cells,34,preview::GEO_GSE327581_COSMX_AD_BRAIN::fold_5::Purkinje.cells,0.9315068493150686,0.9066666666666667,0.9315068493150686,0.9189189189189189,0.9189189189189189,0.9315068493150686,0.9315068493150686,,,-0.02484018264840182,-0.02484018264840182,-0.012587930396149694,-0.012587930396149694,0.0,0.0,,,False,False,False,False,True,False,True
preview,GEO_GSE327581_COSMX_AD_BRAIN,5,Radial.glia,12,preview::GEO_GSE327581_COSMX_AD_BRAIN::fold_5::Radial.glia,0.0,0.0,0.0,0.0,0.0,0.0,0.0,,,0.0,0.0,0.0,0.0,0.0,0.0,,,False,False,False,False,False,False,False
preview,GEO_GSE327581_COSMX_AD_BRAIN,5,Serotonergic.neurons,17,preview::GEO_GSE327581_COSMX_AD_BRAIN::fold_5::Serotonergic.neurons,0.5263157894736842,0.5,0.5263157894736842,0.5185185185185186,0.5172413793103449,0.5,0.509090909090909,,,-0.02631578947368418,-0.02631578947368418,-0.00907441016333932,-0.00907441016333932,-0.02631578947368418,-0.02631578947368418,,,False,False,False,False,True,False,False
preview,GEO_GSE327581_COSMX_AD_BRAIN,5,T.cell,9,preview::GEO_GSE327581_COSMX_AD_BRAIN::fold_5::T.cell,0.10810810810810811,0.0,0.10810810810810811,0.10810810810810811,0.0,0.10810810810810811,0.10810810810810811,,,-0.10810810810810811,-0.10810810810810811,-0.10810810810810811,-0.10810810810810811,0.0,0.0,,,False,False,False,False,False,False,False
preview,GEO_GSE327581_COSMX_AD_BRAIN,5,Tanycytes,16,preview::GEO_GSE327581_COSMX_AD_BRAIN::fold_5::Tanycytes,0.6000000000000001,0.5517241379310345,0.6000000000000001,0.6000000000000001,0.5517241379310345,0.6000000000000001,0.6000000000000001,,,-0.048275862068965614,-0.048275862068965614,-0.048275862068965614,-0.048275862068965614,0.0,0.0,,,False,False,False,False,True,False,True
preview,GEO_GSE327581_COSMX_AD_BRAIN,5,Telencephalon.inhibitory.neurons,23,preview::GEO_GSE327581_COSMX_AD_BRAIN::fold_5::Telencephalon.inhibitory.neurons,0.7169811320754716,0.7450980392156864,0.7169811320754716,0.7169811320754716,0.7450980392156864,0.7169811320754716,0.7169811320754716,,,0.028116907140214753,0.028116907140214753,0.028116907140214753,0.0,0.0,0.0,,,True,False,False,True,False,True,False
preview,GEO_GSE327581_COSMX_AD_BRAIN,5,Vascular.endothelial.cells,20,preview::GEO_GSE327581_COSMX_AD_BRAIN::fold_5::Vascular.endothelial.cells,0.5079365079365079,0.4727272727272728,0.5079365079365079,0.4923076923076923,0.4642857142857143,0.5079365079365079,0.5079365079365079,,,-0.035209235209235135,-0.035209235209235135,-0.04365079365079361,-0.04365079365079361,0.0,0.0,,,False,False,False,False,True,False,True
preview,GEO_GSE327581_COSMX_AD_BRAIN,5,Vascular.leptomeningeal.cells,21,preview::GEO_GSE327581_COSMX_AD_BRAIN::fold_5::Vascular.leptomeningeal.cells,0.7111111111111111,0.7916666666666667,0.7111111111111111,0.6808510638297872,0.7619047619047619,0.7272727272727272,0.7111111111111111,,,0.0805555555555556,0.0805555555555556,0.050793650793650724,-0.029761904761904878,0.016161616161616044,0.016161616161616044,,,True,False,True,True,False,True,False
preview,GEO_GSE327581_COSMX_AD_BRAIN,5,Vascular.smooth.muscle.cells,20,preview::GEO_GSE327581_COSMX_AD_BRAIN::fold_5::Vascular.smooth.muscle.cells,0.5185185185185185,0.6,0.5185185185185185,0.5185185185185185,0.6,0.5185185185185185,0.5185185185185185,,,0.08148148148148149,0.08148148148148149,0.08148148148148149,0.0,0.0,0.0,,,True,False,False,True,False,True,False
preview,GEO_GSE333737_MERSCOPE_PANCREAS_VASCULAR,1,Endothelial Cells,107,preview::GEO_GSE333737_MERSCOPE_PANCREAS_VASCULAR::fold_1::Endothelial Cells,0.8940092165898617,0.8990825688073394,0.8940092165898617,0.8940092165898617,0.8940092165898617,0.9032258064516129,0.9032258064516129,,,0.0050733522174777335,0.0050733522174777335,0.0,-0.0050733522174777335,0.009216589861751223,0.0,,,False,False,False,False,False,False,False
preview,GEO_GSE333737_MERSCOPE_PANCREAS_VASCULAR,1,Fibroblasts,72,preview::GEO_GSE333737_MERSCOPE_PANCREAS_VASCULAR::fold_1::Fibroblasts,0.7466666666666666,0.7724137931034483,0.7466666666666666,0.7466666666666666,0.7466666666666666,0.7891156462585034,0.7651006711409396,,,0.025747126436781675,0.025747126436781675,0.0,-0.025747126436781675,0.0424489795918368,0.024014975117563786,,,True,False,True,True,False,False,False
preview,GEO_GSE333737_MERSCOPE_PANCREAS_VASCULAR,1,Islet-associated Fibroblasts,55,preview::GEO_GSE333737_MERSCOPE_PANCREAS_VASCULAR::fold_1::Islet-associated Fibroblasts,0.8135593220338982,0.8032786885245902,0.8135593220338982,0.8135593220338982,0.8135593220338982,0.8,0.8034188034188033,,,-0.01028063350930808,-0.01028063350930808,0.0,0.0,-0.013559322033898202,-0.013559322033898202,,,False,False,False,False,True,False,False
preview,GEO_GSE333737_MERSCOPE_PANCREAS_VASCULAR,1,Pericytes,101,preview::GEO_GSE333737_MERSCOPE_PANCREAS_VASCULAR::fold_1::Pericytes,0.7675675675675676,0.7675675675675676,0.7675675675675676,0.7675675675675676,0.7675675675675676,0.7741935483870968,0.7807486631016043,,,0.0,0.0,0.0,0.0,0.0066259808195291425,-0.006555114714507537,,,False,False,False,False,False,False,False
preview,GEO_GSE333737_MERSCOPE_PANCREAS_VASCULAR,2,Endothelial Cells,120,preview::GEO_GSE333737_MERSCOPE_PANCREAS_VASCULAR::fold_2::Endothelial Cells,0.8075471698113208,0.8075471698113208,0.8045112781954888,0.8075471698113208,0.816793893129771,0.8136882129277566,0.816793893129771,,,0.0,0.0,0.009246723318450223,0.009246723318450223,0.006141043116435818,-0.0031056802020144048,,,False,False,False,False,False,False,False
preview,GEO_GSE333737_MERSCOPE_PANCREAS_VASCULAR,2,Fibroblasts,126,preview::GEO_GSE333737_MERSCOPE_PANCREAS_VASCULAR::fold_2::Fibroblasts,0.6923076923076924,0.6919831223628692,0.686695278969957,0.6919831223628692,0.6919831223628692,0.6949152542372882,0.7008547008547008,,,-0.00032456994482321644,-0.00032456994482321644,-0.00032456994482321644,-0.00032456994482321644,0.0026075619295957697,-0.005939446617412636,,,False,False,False,False,False,False,False
preview,GEO_GSE333737_MERSCOPE_PANCREAS_VASCULAR,2,Islet-associated Fibroblasts,120,preview::GEO_GSE333737_MERSCOPE_PANCREAS_VASCULAR::fold_2::Islet-associated Fibroblasts,0.7488584474885845,0.7488584474885845,0.751131221719457,0.7488584474885845,0.7477477477477478,0.7477477477477478,0.7678571428571429,,,0.0,-0.0022727742308724652,-0.0011106997408367736,-0.003383473971709239,-0.0011106997408367736,-0.020109395109395134,,,False,False,False,False,False,False,False
preview,GEO_GSE333737_MERSCOPE_PANCREAS_VASCULAR,2,Pericytes,87,preview::GEO_GSE333737_MERSCOPE_PANCREAS_VASCULAR::fold_2::Pericytes,0.5851063829787234,0.572972972972973,0.5698924731182796,0.572972972972973,0.5837837837837838,0.572972972972973,0.5913978494623656,,,-0.012133410005750411,-0.012133410005750411,-0.0013225991949395999,-0.0013225991949395999,-0.012133410005750411,-0.018424876489392616,,,False,False,False,False,True,False,False
preview,GEO_GSE333737_MERSCOPE_PANCREAS_VASCULAR,3,Endothelial Cells,86,preview::GEO_GSE333737_MERSCOPE_PANCREAS_VASCULAR::fold_3::Endothelial Cells,0.8743169398907104,0.858695652173913,0.8602150537634408,0.858695652173913,0.8743169398907104,0.8695652173913043,0.8681318681318682,,,-0.015621287716797383,-0.015621287716797383,0.0,0.0,-0.00475172249940603,-0.00475172249940603,,,False,False,False,False,True,False,False
preview,GEO_GSE333737_MERSCOPE_PANCREAS_VASCULAR,3,Fibroblasts,86,preview::GEO_GSE333737_MERSCOPE_PANCREAS_VASCULAR::fold_3::Fibroblasts,0.7948717948717948,0.8101265822784809,0.8101265822784809,0.8101265822784809,0.7948717948717948,0.8025477707006369,0.7898089171974522,,,0.015254787406686066,0.0,0.0,-0.015254787406686066,0.007675975828842052,0.007675975828842052,,,False,False,False,True,False,False,False
preview,GEO_GSE333737_MERSCOPE_PANCREAS_VASCULAR,3,Islet-associated Fibroblasts,66,preview::GEO_GSE333737_MERSCOPE_PANCREAS_VASCULAR::fold_3::Islet-associated Fibroblasts,0.7857142857142858,0.8029197080291971,0.8088235294117647,0.8029197080291971,0.7857142857142858,0.7971014492753623,0.7971014492753623,,,0.01720542231491129,-0.00590382138256762,0.0,-0.02310924369747891,0.011387163561076497,0.0,,,False,False,False,True,False,False,False
preview,GEO_GSE333737_MERSCOPE_PANCREAS_VASCULAR,3,Pericytes,63,preview::GEO_GSE333737_MERSCOPE_PANCREAS_VASCULAR::fold_3::Pericytes,0.7317073170731706,0.7154471544715446,0.7213114754098361,0.7154471544715446,0.7317073170731706,0.7317073170731706,0.7200000000000001,,,-0.016260162601625994,-0.016260162601625994,0.0,0.0,0.0,0.0,,,False,False,False,False,True,False,False
preview,GEO_GSE333737_MERSCOPE_PANCREAS_VASCULAR,4,Endothelial Cells,68,preview::GEO_GSE333737_MERSCOPE_PANCREAS_VASCULAR::fold_4::Endothelial Cells,0.7103825136612021,0.7103825136612021,0.7103825136612021,0.7142857142857144,0.7182320441988951,0.7428571428571429,0.7142857142857144,,,0.0,-0.0039032006245123263,0.007849530537692995,0.003946329913180668,0.032474629195940796,0.02857142857142847,,,False,False,True,False,False,False,False
preview,GEO_GSE333737_MERSCOPE_PANCREAS_VASCULAR,4,Fibroblasts,133,preview::GEO_GSE333737_MERSCOPE_PANCREAS_VASCULAR::fold_4::Fibroblasts,0.8244897959183674,0.8244897959183674,0.8244897959183674,0.8163265306122449,0.8132780082987552,0.8049792531120332,0.8148148148148149,,,0.0,0.0,-0.011211787619612168,-0.011211787619612168,-0.01951054280633413,-0.01951054280633413,,,False,False,False,False,False,False,True
preview,GEO_GSE333737_MERSCOPE_PANCREAS_VASCULAR,4,Islet-associated Fibroblasts,69,preview::GEO_GSE333737_MERSCOPE_PANCREAS_VASCULAR::fold_4::Islet-associated Fibroblasts,0.7737226277372262,0.7737226277372262,0.7737226277372262,0.762589928057554,0.7659574468085107,0.7619047619047619,0.7659574468085107,,,0.0,0.0,-0.007765180928715476,-0.007765180928715476,-0.011817865832464358,-0.011817865832464358,,,False,False,False,False,False,False,False
preview,GEO_GSE333737_MERSCOPE_PANCREAS_VASCULAR,4,Pericytes,91,preview::GEO_GSE333737_MERSCOPE_PANCREAS_VASCULAR::fold_4::Pericytes,0.6369426751592356,0.6369426751592356,0.6369426751592356,0.641025641025641,0.6415094339622641,0.6540880503144654,0.641025641025641,,,0.0,-0.00408296586640533,0.004566758803028481,0.0004837929366231508,0.017145375155229736,0.013062409288824406,,,False,False,True,False,False,False,False
preview,GEO_GSE333737_MERSCOPE_PANCREAS_VASCULAR,5,Endothelial Cells,219,preview::GEO_GSE333737_MERSCOPE_PANCREAS_VASCULAR::fold_5::Endothelial Cells,0.8172888015717092,0.8212180746561886,0.8156862745098038,0.8149606299212598,0.8196078431372549,0.8190854870775348,0.8143712574850299,,,0.003929273084479323,0.003929273084479323,0.002319041565545632,-0.0016102315189336913,0.0017966855058255682,0.0017966855058255682,,,False,False,False,False,False,False,False
preview,GEO_GSE333737_MERSCOPE_PANCREAS_VASCULAR,5,Fibroblasts,183,preview::GEO_GSE333737_MERSCOPE_PANCREAS_VASCULAR::fold_5::Fibroblasts,0.7233009708737865,0.7201946472019466,0.708433734939759,0.7201946472019466,0.714975845410628,0.7180722891566266,0.6919431279620852,,,-0.003106323671839939,-0.003106323671839939,-0.008325125463158556,-0.008325125463158556,-0.005228681717159955,-0.005228681717159955,,,False,False,False,False,False,False,False
preview,GEO_GSE333737_MERSCOPE_PANCREAS_VASCULAR,5,Islet-associated Fibroblasts,290,preview::GEO_GSE333737_MERSCOPE_PANCREAS_VASCULAR::fold_5::Islet-associated Fibroblasts,0.7165991902834009,0.7085020242914979,0.6993865030674847,0.7032520325203252,0.7099391480730223,0.7125506072874495,0.7018255578093305,,,-0.008097165991903021,-0.008097165991903021,-0.006660042210378636,-0.006660042210378636,-0.004048582995951455,-0.004048582995951455,,,False,False,False,False,False,False,False
preview,GEO_GSE333737_MERSCOPE_PANCREAS_VASCULAR,5,Pericytes,258,preview::GEO_GSE333737_MERSCOPE_PANCREAS_VASCULAR::fold_5::Pericytes,0.7463917525773195,0.7366255144032922,0.7448559670781892,0.7321063394683027,0.7412008281573499,0.7377049180327868,0.7272727272727273,,,-0.00976623817402733,-0.00976623817402733,-0.0051909244199696,-0.0051909244199696,-0.008686834544532673,-0.008686834544532673,,,False,False,False,False,False,False,False
preview,GSE202623_LESION,1,Astrocytes,73,preview::GSE202623_LESION::fold_1::Astrocytes,0.9166666666666666,0.9090909090909091,0.9166666666666666,0.9115646258503401,0.8689655172413793,0.9090909090909091,0.9166666666666666,,,-0.007575757575757569,-0.007575757575757569,-0.04770114942528736,-0.04770114942528736,-0.007575757575757569,-0.007575757575757569,,,False,False,False,False,False,False,True
preview,GSE202623_LESION,1,Endothelial,8,preview::GSE202623_LESION::fold_1::Endothelial,0.48484848484848486,0.5714285714285715,0.5333333333333333,0.5,0.5517241379310345,0.47058823529411764,0.48484848484848486,,,0.08658008658008665,0.03809523809523818,0.06687565308254961,-0.019704433497537033,-0.014260249554367221,-0.014260249554367221,,,False,False,False,False,False,False,False
preview,GSE202623_LESION,1,Microglia,168,preview::GSE202623_LESION::fold_1::Microglia,0.7352941176470588,0.7445255474452553,0.7259259259259259,0.7445255474452553,0.7306273062730627,0.7259259259259259,0.7352941176470588,,,0.009231429798196578,0.0,-0.004666811373996049,-0.013898241172192627,-0.009368191721132901,-0.009368191721132901,,,False,False,False,False,False,False,False
preview,GSE202623_LESION,1,OPCs,13,preview::GSE202623_LESION::fold_1::OPCs,0.6153846153846155,0.6,0.5714285714285715,0.6153846153846155,0.6,0.6153846153846155,0.6153846153846155,,,-0.015384615384615552,-0.015384615384615552,-0.015384615384615552,-0.015384615384615552,0.0,0.0,,,False,False,False,False,True,False,True
preview,GSE202623_LESION,1,Oligodendrocyte,87,preview::GSE202623_LESION::fold_1::Oligodendrocyte,0.8930817610062893,0.9,0.9,0.8930817610062893,0.9192546583850931,0.9135802469135803,0.8930817610062893,,,0.00691823899371069,0.0,0.026172897378803794,0.019254658385093104,0.020498485907290975,0.020498485907290975,,,False,True,True,False,False,True,False
preview,GSE202623_LESION,1,Pericytes,6,preview::GSE202623_LESION::fold_1::Pericytes,0.5,0.5,0.5,0.5,0.5454545454545454,0.5,0.5,,,0.0,0.0,0.045454545454545414,0.045454545454545414,0.0,0.0,,,False,False,False,False,False,False,False
preview,GSE202623_LESION,1,T-cells,12,preview::GSE202623_LESION::fold_1::T-cells,0.4186046511627908,0.4186046511627908,0.39130434782608703,0.4390243902439025,0.39999999999999997,0.4090909090909091,0.4186046511627908,,,0.0,-0.02041973908111172,-0.01860465116279081,-0.03902439024390253,-0.009513742071881659,-0.009513742071881659,,,False,False,False,False,False,False,True
preview,GSE202623_LESION,2,Astrocytes,66,preview::GSE202623_LESION::fold_2::Astrocytes,0.8613138686131386,0.8489208633093526,0.8695652173913043,0.8613138686131386,0.855072463768116,0.8613138686131386,0.8613138686131386,,,-0.012393005303786064,-0.020644354081951755,-0.006241404845022669,-0.01449275362318836,0.0,0.0,,,False,False,False,False,True,False,False
preview,GSE202623_LESION,2,Endothelial,9,preview::GSE202623_LESION::fold_2::Endothelial,0.32142857142857145,0.4736842105263158,0.33333333333333337,0.32142857142857145,0.375,0.32142857142857145,0.32142857142857145,,,0.15225563909774437,0.14035087719298245,0.05357142857142855,-0.09868421052631582,0.0,0.0,,,False,False,False,False,False,False,False
preview,GSE202623_LESION,2,Microglia,341,preview::GSE202623_LESION::fold_2::Microglia,0.625250501002004,0.6895238095238094,0.6549019607843137,0.625250501002004,0.6442687747035574,0.625250501002004,0.625250501002004,,,0.06427330852180546,0.0346218487394957,0.0190182737015534,-0.04525503482025206,0.0,0.0,,,True,False,False,True,False,True,False
preview,GSE202623_LESION,2,OPCs,26,preview::GSE202623_LESION::fold_2::OPCs,0.631578947368421,0.5054945054945055,0.631578947368421,0.631578947368421,0.64,0.631578947368421,0.631578947368421,,,-0.12608444187391554,-0.12608444187391554,0.008421052631578996,0.008421052631578996,0.0,0.0,,,False,False,False,False,True,False,False
preview,GSE202623_LESION,2,Oligodendrocyte,52,preview::GSE202623_LESION::fold_2::Oligodendrocyte,0.8318584070796459,0.8849557522123893,0.897196261682243,0.8318584070796459,0.8828828828828829,0.8318584070796459,0.8318584070796459,,,0.053097345132743445,-0.012240509469853667,0.05102447580323699,-0.014313378799360121,0.0,0.0,,,False,False,False,True,False,True,False
preview,GSE202623_LESION,2,Pericytes,6,preview::GSE202623_LESION::fold_2::Pericytes,0.42105263157894735,0.4444444444444444,0.3157894736842105,0.42105263157894735,0.42105263157894735,0.42105263157894735,0.42105263157894735,,,0.023391812865497075,0.023391812865497075,0.0,-0.023391812865497075,0.0,0.0,,,False,False,False,False,False,False,False
preview,GSE202623_LESION,2,T-cells,28,preview::GSE202623_LESION::fold_2::T-cells,0.4444444444444444,0.4444444444444444,0.4285714285714286,0.4444444444444444,0.4318181818181818,0.4444444444444444,0.4444444444444444,,,0.0,0.0,-0.012626262626262597,-0.012626262626262597,0.0,0.0,,,False,False,False,False,False,False,True
preview,GSE202623_LESION,2,VLMC,1,preview::GSE202623_LESION::fold_2::VLMC,0.0,0.0,0.0,0.0,0.0,0.0,0.0,,,0.0,0.0,0.0,0.0,0.0,0.0,,,False,False,False,False,False,False,False
preview,GSE202623_LESION,3,Astrocytes,87,preview::GSE202623_LESION::fold_3::Astrocytes,0.9349112426035503,0.9294117647058823,0.9294117647058823,0.935672514619883,0.9294117647058823,0.935672514619883,0.9302325581395349,,,-0.005499477897668026,-0.006260749914000718,-0.005499477897668026,-0.006260749914000718,0.0007612720163326925,0.0007612720163326925,,,False,False,False,False,False,False,False
preview,GSE202623_LESION,3,Endothelial,18,preview::GSE202623_LESION::fold_3::Endothelial,0.7234042553191489,0.6818181818181818,0.711111111111111,0.6956521739130435,0.711111111111111,0.6808510638297872,0.7234042553191489,,,-0.0415860735009671,-0.0415860735009671,-0.012293144208037843,-0.012293144208037843,-0.04255319148936165,-0.04255319148936165,,,False,False,False,False,True,False,True
preview,GSE202623_LESION,3,Microglia,281,preview::GSE202623_LESION::fold_3::Microglia,0.7412280701754386,0.7483588621444202,0.7467248908296944,0.7575757575757576,0.7510917030567685,0.7317073170731707,0.7384615384615384,,,0.007130791968981587,-0.009216895431337413,0.009863632881329965,-0.006484054518989035,-0.009520753102267854,-0.009520753102267854,,,False,False,False,False,False,False,False
preview,GSE202623_LESION,3,OPCs,24,preview::GSE202623_LESION::fold_3::OPCs,0.5274725274725275,0.5647058823529412,0.5581395348837209,0.5517241379310345,0.5647058823529412,0.5581395348837209,0.5581395348837209,,,0.03723335488041368,0.006566347469220246,0.03723335488041368,0.0,0.030667007411193437,0.0,,,False,False,False,True,False,True,False
preview,GSE202623_LESION,3,Oligodendrocyte,121,preview::GSE202623_LESION::fold_3::Oligodendrocyte,0.8558558558558559,0.8660714285714285,0.8622222222222222,0.8558558558558559,0.8558558558558559,0.8622222222222222,0.8711111111111111,,,0.010215572715572607,0.003849206349206269,0.0,-0.010215572715572607,0.006366366366366338,-0.008888888888888835,,,False,False,False,True,False,False,False
preview,GSE202623_LESION,3,Pericytes,7,preview::GSE202623_LESION::fold_3::Pericytes,0.4615384615384615,0.4615384615384615,0.42857142857142855,0.39999999999999997,0.4615384615384615,0.4615384615384615,0.42857142857142855,,,0.0,0.0,0.0,0.0,0.0,0.0,,,False,False,False,False,False,False,False
preview,GSE202623_LESION,3,T-cells,15,preview::GSE202623_LESION::fold_3::T-cells,0.2727272727272727,0.26086956521739135,0.22727272727272724,0.2857142857142857,0.26086956521739135,0.25531914893617025,0.2727272727272727,,,-0.011857707509881354,-0.024844720496894346,-0.011857707509881354,-0.024844720496894346,-0.01740812379110246,-0.01740812379110246,,,False,False,False,False,True,False,True
preview,GSE202623_LESION,3,VLMC,21,preview::GSE202623_LESION::fold_3::VLMC,0.3207547169811321,0.3302752293577982,0.3207547169811321,0.33009708737864074,0.3302752293577982,0.33333333333333326,0.3238095238095238,,,0.009520512376666068,0.00017814197915744234,0.009520512376666068,0.0,0.012578616352201144,0.009523809523809434,,,False,False,False,False,False,False,False
preview,GSE202623_LESION,4,Astrocytes,71,preview::GSE202623_LESION::fold_4::Astrocytes,0.9154929577464789,0.9154929577464789,0.9154929577464789,0.9154929577464789,0.9154929577464789,0.9154929577464789,0.9154929577464789,,,0.0,0.0,0.0,0.0,0.0,0.0,,,False,False,False,False,False,False,False
preview,GSE202623_LESION,4,Endothelial,22,preview::GSE202623_LESION::fold_4::Endothelial,0.7755102040816326,0.7755102040816326,0.7755102040816326,0.7755102040816326,0.7755102040816326,0.7755102040816326,0.7755102040816326,,,0.0,0.0,0.0,0.0,0.0,0.0,,,False,False,False,False,False,False,False
preview,GSE202623_LESION,4,Microglia,205,preview::GSE202623_LESION::fold_4::Microglia,0.8091168091168089,0.8091168091168089,0.8091168091168089,0.8091168091168089,0.8091168091168089,0.8091168091168089,0.8091168091168089,,,0.0,0.0,0.0,0.0,0.0,0.0,,,False,False,False,False,False,False,False
preview,GSE202623_LESION,4,OPCs,19,preview::GSE202623_LESION::fold_4::OPCs,0.576271186440678,0.576271186440678,0.576271186440678,0.576271186440678,0.576271186440678,0.576271186440678,0.576271186440678,,,0.0,0.0,0.0,0.0,0.0,0.0,,,False,False,False,False,False,False,False
preview,GSE202623_LESION,4,Oligodendrocyte,127,preview::GSE202623_LESION::fold_4::Oligodendrocyte,0.8296943231441049,0.8296943231441049,0.8296943231441049,0.8296943231441049,0.8296943231441049,0.8296943231441049,0.8296943231441049,,,0.0,0.0,0.0,0.0,0.0,0.0,,,False,False,False,False,False,False,False
preview,GSE202623_LESION,4,Pericytes,8,preview::GSE202623_LESION::fold_4::Pericytes,0.41025641025641024,0.41025641025641024,0.41025641025641024,0.41025641025641024,0.41025641025641024,0.41025641025641024,0.41025641025641024,,,0.0,0.0,0.0,0.0,0.0,0.0,,,False,False,False,False,False,False,False
preview,GSE202623_LESION,4,T-cells,16,preview::GSE202623_LESION::fold_4::T-cells,0.47058823529411753,0.47058823529411753,0.47058823529411753,0.47058823529411753,0.47058823529411753,0.47058823529411753,0.47058823529411753,,,0.0,0.0,0.0,0.0,0.0,0.0,,,False,False,False,False,False,False,False
preview,GSE202623_LESION,4,VLMC,10,preview::GSE202623_LESION::fold_4::VLMC,0.33333333333333337,0.33333333333333337,0.33333333333333337,0.33333333333333337,0.33333333333333337,0.33333333333333337,0.33333333333333337,,,0.0,0.0,0.0,0.0,0.0,0.0,,,False,False,False,False,False,False,False
preview,GSE202623_LESION,5,Astrocytes,90,preview::GSE202623_LESION::fold_5::Astrocytes,0.8743169398907102,0.9101123595505618,0.8852459016393444,0.8602150537634408,0.8743169398907102,0.8743169398907102,0.8743169398907102,,,0.03579541965985156,0.024866457911217443,0.0,-0.03579541965985156,0.0,0.0,,,True,False,False,True,False,False,False
preview,GSE202623_LESION,5,Endothelial,8,preview::GSE202623_LESION::fold_5::Endothelial,0.5517241379310345,0.7272727272727273,0.5714285714285715,0.5714285714285715,0.5517241379310345,0.5517241379310345,0.5517241379310345,,,0.17554858934169282,0.15584415584415579,0.0,-0.17554858934169282,0.0,0.0,,,False,False,False,False,False,False,False
preview,GSE202623_LESION,5,Microglia,272,preview::GSE202623_LESION::fold_5::Microglia,0.728538283062645,0.7242990654205608,0.7373271889400922,0.7344110854503464,0.728538283062645,0.728538283062645,0.728538283062645,,,-0.0042392176420842365,-0.01302812351953142,0.0,-0.008788905877447184,0.0,0.0,,,False,False,False,False,False,False,False
preview,GSE202623_LESION,5,OPCs,23,preview::GSE202623_LESION::fold_5::OPCs,0.6388888888888888,0.5897435897435896,0.6388888888888888,0.6571428571428571,0.6388888888888888,0.6388888888888888,0.6388888888888888,,,-0.04914529914529919,-0.06739926739926749,0.0,-0.0182539682539683,0.0,0.0,,,False,False,False,False,True,False,False
preview,GSE202623_LESION,5,Oligodendrocyte,119,preview::GSE202623_LESION::fold_5::Oligodendrocyte,0.88,0.8965517241379309,0.8849557522123893,0.881057268722467,0.88,0.88,0.88,,,0.016551724137930934,0.011595971925541626,0.0,-0.016551724137930934,0.0,0.0,,,True,False,False,True,False,False,False
preview,GSE202623_LESION,5,Pericytes,4,preview::GSE202623_LESION::fold_5::Pericytes,0.5,0.5333333333333333,0.5,0.47058823529411764,0.5,0.5,0.5,,,0.033333333333333326,0.033333333333333326,0.0,-0.033333333333333326,0.0,0.0,,,False,False,False,False,False,False,False
preview,GSE202623_LESION,5,T-cells,16,preview::GSE202623_LESION::fold_5::T-cells,0.47457627118644063,0.4307692307692308,0.459016393442623,0.4666666666666667,0.47457627118644063,0.47457627118644063,0.47457627118644063,,,-0.04380704041720984,-0.04380704041720984,0.0,0.0,0.0,0.0,,,False,False,False,False,True,False,False
preview,GSE202623_LESION,5,VLMC,5,preview::GSE202623_LESION::fold_5::VLMC,0.10169491525423728,0.10714285714285714,0.1111111111111111,0.11320754716981132,0.10169491525423728,0.10169491525423728,0.10169491525423728,,,0.005447941888619856,-0.0060646900269541865,0.0,-0.011512631915574043,0.0,0.0,,,False,False,False,False,False,False,False
preview,SQUIDPY_IMC,1,CK low HR low tumor cell,5,preview::SQUIDPY_IMC::fold_1::CK low HR low tumor cell,0.03636363636363636,0.039999999999999994,0.03636363636363636,0.07017543859649124,0.0,0.0392156862745098,0.0392156862745098,,,0.003636363636363632,-0.030175438596491244,-0.03636363636363636,-0.07017543859649124,0.0028520499108734415,0.0,,,False,False,False,False,False,False,False
preview,SQUIDPY_IMC,1,CK+ HR+ tumor cell,17,preview::SQUIDPY_IMC::fold_1::CK+ HR+ tumor cell,0.48780487804878053,0.5128205128205129,0.48780487804878053,0.5,0.4390243902439025,0.4761904761904762,0.48780487804878053,,,0.025015634771732354,0.012820512820512886,-0.04878048780487804,-0.07379612257661039,-0.011614401858304313,-0.011614401858304313,,,True,False,False,True,False,False,True
preview,SQUIDPY_IMC,1,T cells,71,preview::SQUIDPY_IMC::fold_1::T cells,0.27586206896551724,0.2588235294117647,0.27586206896551724,0.31111111111111106,0.26666666666666666,0.1728395061728395,0.24096385542168677,,,-0.017038539553752563,-0.052287581699346386,-0.009195402298850575,-0.0444444444444444,-0.10302256279267774,-0.10302256279267774,,,False,False,False,False,True,False,False
preview,SQUIDPY_IMC,1,apoptotic tumor cell,78,preview::SQUIDPY_IMC::fold_1::apoptotic tumor cell,0.2666666666666667,0.2222222222222222,0.2666666666666667,0.2666666666666667,0.38383838383838387,0.2978723404255319,0.2795698924731182,,,-0.04444444444444451,-0.04444444444444451,0.11717171717171715,0.11717171717171715,0.031205673758865182,0.018302447952413703,,,False,True,True,False,True,True,False
preview,SQUIDPY_IMC,1,basal CK tumor cell,66,preview::SQUIDPY_IMC::fold_1::basal CK tumor cell,0.6666666666666666,0.6274509803921569,0.6666666666666666,0.6796116504854369,0.6336633663366337,0.7090909090909092,0.660377358490566,,,-0.039215686274509776,-0.05216067009328007,-0.03300330033003296,-0.04594828414880325,0.042424242424242586,0.042424242424242586,,,False,False,True,False,True,False,True
preview,SQUIDPY_IMC,1,endothelial,24,preview::SQUIDPY_IMC::fold_1::endothelial,0.5416666666666666,0.5098039215686274,0.5416666666666666,0.5306122448979592,0.5098039215686274,0.6181818181818182,0.5882352941176471,,,-0.031862745098039214,-0.031862745098039214,-0.031862745098039214,-0.031862745098039214,0.07651515151515154,0.029946524064171087,,,False,False,True,False,True,False,True
preview,SQUIDPY_IMC,1,macrophages,26,preview::SQUIDPY_IMC::fold_1::macrophages,0.6031746031746031,0.5373134328358209,0.6031746031746031,0.5862068965517242,0.523076923076923,0.5277777777777778,0.5797101449275363,,,-0.06586117033878225,-0.06586117033878225,-0.08009768009768015,-0.08009768009768015,-0.07539682539682535,-0.07539682539682535,,,False,False,False,False,True,False,True
preview,SQUIDPY_IMC,1,p53+ EGFR+ tumor cell,40,preview::SQUIDPY_IMC::fold_1::p53+ EGFR+ tumor cell,0.0,0.0,0.0,0.0,0.0,0.0,0.0,,,0.0,0.0,0.0,0.0,0.0,0.0,,,False,False,False,False,False,False,False
preview,SQUIDPY_IMC,1,proliferative tumor cell,18,preview::SQUIDPY_IMC::fold_1::proliferative tumor cell,0.18556701030927836,0.1782178217821782,0.18556701030927836,0.1894736842105263,0.1956521739130435,0.20224719101123592,0.18556701030927836,,,-0.007349188527100148,-0.011255862428348085,0.01008516360376513,0.0061784897025171925,0.016680180701957564,0.016680180701957564,,,False,False,True,False,False,True,False
preview,SQUIDPY_IMC,1,small elongated stromal cell,22,preview::SQUIDPY_IMC::fold_1::small elongated stromal cell,0.32941176470588235,0.29268292682926833,0.32941176470588235,0.30588235294117644,0.2857142857142857,0.3243243243243243,0.32911392405063294,,,-0.03672883787661402,-0.03672883787661402,-0.04369747899159665,-0.04369747899159665,-0.0050874403815580616,-0.0050874403815580616,,,False,False,False,False,True,False,True
preview,SQUIDPY_IMC,1,vimentin hi stromal cell,11,preview::SQUIDPY_IMC::fold_1::vimentin hi stromal cell,0.26086956521739124,0.24489795918367344,0.26086956521739124,0.2553191489361702,0.2553191489361702,0.22727272727272727,0.2727272727272727,,,-0.015971606033717806,-0.015971606033717806,-0.005550416281221049,-0.005550416281221049,-0.033596837944663976,-0.04545454545454544,,,False,False,False,False,True,False,False
preview,SQUIDPY_IMC,2,CK low HR low tumor cell,11,preview::SQUIDPY_IMC::fold_2::CK low HR low tumor cell,0.23809523809523805,0.22222222222222224,0.20833333333333334,0.1142857142857143,0.2325581395348837,0.2325581395348837,0.2325581395348837,,,-0.015873015873015817,-0.015873015873015817,-0.005537098560354364,-0.005537098560354364,-0.005537098560354364,-0.005537098560354364,,,False,False,False,False,True,False,False
preview,SQUIDPY_IMC,2,CK+ HR+ tumor cell,17,preview::SQUIDPY_IMC::fold_2::CK+ HR+ tumor cell,0.4266666666666667,0.4324324324324324,0.4383561643835616,0.46376811594202905,0.44444444444444453,0.4383561643835616,0.4383561643835616,,,0.005765765765765707,-0.031335683509596646,0.017777777777777837,-0.019323671497584516,0.011689497716894925,0.0,,,False,False,False,False,False,True,False
preview,SQUIDPY_IMC,2,T cells,77,preview::SQUIDPY_IMC::fold_2::T cells,0.025641025641025647,0.025641025641025647,0.025316455696202535,0.05063291139240507,0.025641025641025647,0.025641025641025647,0.025641025641025647,,,0.0,-0.024991885751379422,0.0,-0.024991885751379422,0.0,0.0,,,False,False,False,False,False,False,False
preview,SQUIDPY_IMC,2,apoptotic tumor cell,62,preview::SQUIDPY_IMC::fold_2::apoptotic tumor cell,0.2972972972972973,0.273972602739726,0.22535211267605634,0.2784810126582279,0.31999999999999995,0.27027027027027023,0.3157894736842105,,,-0.0233246945575713,-0.0233246945575713,0.022702702702702637,0.022702702702702637,-0.027027027027027084,-0.04551920341394028,,,False,True,False,False,True,True,False
preview,SQUIDPY_IMC,2,basal CK tumor cell,60,preview::SQUIDPY_IMC::fold_2::basal CK tumor cell,0.6534653465346535,0.66,0.6213592233009709,0.6285714285714286,0.6732673267326732,0.6666666666666666,0.6534653465346535,,,0.0065346534653465405,0.0065346534653465405,0.01980198019801971,0.013267326732673168,0.013201320132013139,0.013201320132013139,,,False,True,True,False,False,True,False
preview,SQUIDPY_IMC,2,endothelial,29,preview::SQUIDPY_IMC::fold_2::endothelial,0.5531914893617023,0.5652173913043478,0.5652173913043478,0.6067415730337079,0.5531914893617023,0.5714285714285714,0.5684210526315789,,,0.012025901942645523,-0.04152418172936012,0.0,-0.053550083672005644,0.018237082066869137,0.003007518796992459,,,False,False,False,True,False,False,False
preview,SQUIDPY_IMC,2,macrophages,41,preview::SQUIDPY_IMC::fold_2::macrophages,0.5128205128205128,0.5128205128205128,0.5384615384615384,0.5454545454545454,0.5128205128205128,0.5365853658536586,0.54320987654321,,,0.0,-0.03263403263403264,0.0,-0.03263403263403264,0.023764853033145794,-0.006624510689551388,,,False,False,False,False,False,False,False
preview,SQUIDPY_IMC,2,p53+ EGFR+ tumor cell,35,preview::SQUIDPY_IMC::fold_2::p53+ EGFR+ tumor cell,0.04761904761904761,0.04761904761904761,0.04761904761904761,0.0,0.04761904761904761,0.04545454545454545,0.04651162790697674,,,0.0,0.0,0.0,0.0,-0.0021645021645021606,-0.0021645021645021606,,,False,False,False,False,False,False,False
preview,SQUIDPY_IMC,2,proliferative tumor cell,26,preview::SQUIDPY_IMC::fold_2::proliferative tumor cell,0.3058823529411765,0.3058823529411765,0.3132530120481927,0.3111111111111111,0.28235294117647064,0.3132530120481927,0.3132530120481927,,,0.0,-0.007370659107016231,-0.023529411764705854,-0.030900070871722085,0.007370659107016231,0.0,,,False,False,False,False,False,False,True
preview,SQUIDPY_IMC,2,small elongated stromal cell,26,preview::SQUIDPY_IMC::fold_2::small elongated stromal cell,0.3762376237623763,0.38834951456310673,0.4,0.40816326530612246,0.38834951456310673,0.3838383838383838,0.3917525773195876,,,0.01211189080073044,-0.019813750743015723,0.01211189080073044,-0.019813750743015723,0.007600760076007518,-0.007914193481203813,,,False,False,False,True,False,True,False
preview,SQUIDPY_IMC,2,vimentin hi stromal cell,23,preview::SQUIDPY_IMC::fold_2::vimentin hi stromal cell,0.4545454545454545,0.4545454545454545,0.4444444444444445,0.5490196078431373,0.4186046511627907,0.4888888888888889,0.4545454545454545,,,0.0,-0.09447415329768283,-0.035940803382663755,-0.13041495668034658,0.0343434343434344,0.0343434343434344,,,False,False,True,False,False,False,True
preview,SQUIDPY_IMC,3,CK low HR low tumor cell,15,preview::SQUIDPY_IMC::fold_3::CK low HR low tumor cell,0.3076923076923077,0.2222222222222222,0.2105263157894737,0.3076923076923077,0.3076923076923077,0.2051282051282051,0.26315789473684204,,,-0.0854700854700855,-0.0854700854700855,0.0,0.0,-0.10256410256410262,-0.10256410256410262,,,False,False,False,False,True,False,False
preview,SQUIDPY_IMC,3,CK+ HR+ tumor cell,18,preview::SQUIDPY_IMC::fold_3::CK+ HR+ tumor cell,0.4444444444444445,0.5,0.46808510638297873,0.4444444444444445,0.4444444444444445,0.4800000000000001,0.4363636363636364,,,0.055555555555555525,0.03191489361702127,0.0,-0.055555555555555525,0.03555555555555562,0.03555555555555562,,,True,False,True,True,False,False,False
preview,SQUIDPY_IMC,3,T cells,36,preview::SQUIDPY_IMC::fold_3::T cells,0.14285714285714285,0.14634146341463414,0.09999999999999999,0.14285714285714285,0.14285714285714285,0.09756097560975609,0.2272727272727273,,,0.0034843205574912883,0.0034843205574912883,0.0,-0.0034843205574912883,-0.04529616724738676,-0.12971175166297122,,,False,False,False,False,False,False,False
preview,SQUIDPY_IMC,3,apoptotic tumor cell,45,preview::SQUIDPY_IMC::fold_3::apoptotic tumor cell,0.5625,0.5846153846153845,0.5161290322580645,0.5625,0.5625,0.6060606060606061,0.5846153846153845,,,0.022115384615384537,0.022115384615384537,0.0,-0.022115384615384537,0.04356060606060608,0.02144522144522154,,,True,False,True,True,False,False,False
preview,SQUIDPY_IMC,3,basal CK tumor cell,49,preview::SQUIDPY_IMC::fold_3::basal CK tumor cell,0.7654320987654322,0.7529411764705882,0.7380952380952381,0.7654320987654322,0.7654320987654322,0.7529411764705882,0.7727272727272728,,,-0.012490922294843942,-0.012490922294843942,0.0,0.0,-0.012490922294843942,-0.019786096256684593,,,False,False,False,False,True,False,False
preview,SQUIDPY_IMC,3,endothelial,5,preview::SQUIDPY_IMC::fold_3::endothelial,0.33333333333333337,0.29411764705882354,0.3448275862068966,0.33333333333333337,0.33333333333333337,0.20833333333333334,0.29411764705882354,,,-0.03921568627450983,-0.050709939148073035,0.0,-0.011494252873563204,-0.12500000000000003,-0.12500000000000003,,,False,False,False,False,False,False,False
preview,SQUIDPY_IMC,3,macrophages,62,preview::SQUIDPY_IMC::fold_3::macrophages,0.7368421052631579,0.7256637168141592,0.7256637168141592,0.7368421052631579,0.7368421052631579,0.7289719626168225,0.7592592592592593,,,-0.011178388448998655,-0.011178388448998655,0.0,0.0,-0.007870142646335343,-0.03028729664243679,,,False,False,False,False,True,False,False
preview,SQUIDPY_IMC,3,p53+ EGFR+ tumor cell,34,preview::SQUIDPY_IMC::fold_3::p53+ EGFR+ tumor cell,0.0,0.0,0.0,0.0,0.0,0.05405405405405406,0.0,,,0.0,0.0,0.0,0.0,0.05405405405405406,0.05405405405405406,,,False,False,True,False,False,False,False
preview,SQUIDPY_IMC,3,proliferative tumor cell,26,preview::SQUIDPY_IMC::fold_3::proliferative tumor cell,0.37362637362637363,0.37362637362637363,0.4175824175824176,0.37362637362637363,0.37362637362637363,0.41860465116279066,0.4634146341463415,,,0.0,-0.043956043956043966,0.0,-0.043956043956043966,0.04497827753641703,-0.04480998298355082,,,False,False,False,False,False,False,False
preview,SQUIDPY_IMC,3,small elongated stromal cell,13,preview::SQUIDPY_IMC::fold_3::small elongated stromal cell,0.25,0.2711864406779661,0.32142857142857145,0.25,0.25,0.26086956521739135,0.2692307692307692,,,0.0211864406779661,-0.05024213075060535,0.0,-0.07142857142857145,0.010869565217391353,-0.008361204013377865,,,False,False,False,True,False,False,False
preview,SQUIDPY_IMC,3,vimentin hi stromal cell,10,preview::SQUIDPY_IMC::fold_3::vimentin hi stromal cell,0.2727272727272727,0.3,0.19354838709677416,0.2727272727272727,0.2727272727272727,0.1904761904761905,0.2608695652173913,,,0.027272727272727282,0.027272727272727282,0.0,-0.027272727272727282,-0.08225108225108221,-0.08225108225108221,,,True,False,False,True,False,False,False
preview,SQUIDPY_IMC,4,CK low HR low tumor cell,7,preview::SQUIDPY_IMC::fold_4::CK low HR low tumor cell,0.08888888888888889,0.0975609756097561,0.1,0.08695652173913043,0.08888888888888889,0.09090909090909091,0.09302325581395349,,,0.008672086720867209,-0.0024390243902439046,0.0,-0.011111111111111113,0.0020202020202020193,-0.0021141649048625755,,,False,False,False,False,False,False,False
preview,SQUIDPY_IMC,4,CK+ HR+ tumor cell,7,preview::SQUIDPY_IMC::fold_4::CK+ HR+ tumor cell,0.5263157894736842,0.5555555555555556,0.43478260869565216,0.5263157894736842,0.5263157894736842,0.5263157894736842,0.5263157894736842,,,0.0292397660818714,0.0292397660818714,0.0,-0.0292397660818714,0.0,0.0,,,False,False,False,False,False,False,False
preview,SQUIDPY_IMC,4,T cells,55,preview::SQUIDPY_IMC::fold_4::T cells,0.5,0.4935064935064935,0.48,0.4383561643835616,0.5,0.44444444444444453,0.44444444444444453,,,-0.006493506493506496,-0.006493506493506496,0.0,0.0,-0.05555555555555547,-0.05555555555555547,,,False,False,False,False,False,False,False
preview,SQUIDPY_IMC,4,apoptotic tumor cell,55,preview::SQUIDPY_IMC::fold_4::apoptotic tumor cell,0.19047619047619047,0.2121212121212121,0.19354838709677416,0.19047619047619047,0.19047619047619047,0.2153846153846154,0.1875,,,0.021645021645021634,0.01857282502443794,0.0,-0.021645021645021634,0.02490842490842493,0.02490842490842493,,,True,False,True,True,False,False,False
preview,SQUIDPY_IMC,4,basal CK tumor cell,41,preview::SQUIDPY_IMC::fold_4::basal CK tumor cell,0.6875000000000001,0.7462686567164178,0.7777777777777778,0.6875000000000001,0.6875000000000001,0.6969696969696971,0.7076923076923077,,,0.05876865671641773,-0.031509121061359946,0.0,-0.09027777777777768,0.009469696969697017,-0.010722610722610604,,,False,False,False,True,False,False,False
preview,SQUIDPY_IMC,4,endothelial,10,preview::SQUIDPY_IMC::fold_4::endothelial,0.6923076923076923,0.7200000000000001,0.6923076923076923,0.7142857142857143,0.6923076923076923,0.7142857142857143,0.7142857142857143,,,0.027692307692307794,0.005714285714285783,0.0,-0.027692307692307794,0.02197802197802201,0.0,,,False,False,False,True,False,False,False
preview,SQUIDPY_IMC,4,macrophages,28,preview::SQUIDPY_IMC::fold_4::macrophages,0.41860465116279066,0.45000000000000007,0.43478260869565216,0.37209302325581395,0.41860465116279066,0.46808510638297873,0.4489795918367347,,,0.0313953488372094,0.015217391304347905,0.0,-0.0313953488372094,0.04948045522018807,0.01910551454624404,,,True,False,True,True,False,False,False
preview,SQUIDPY_IMC,4,p53+ EGFR+ tumor cell,19,preview::SQUIDPY_IMC::fold_4::p53+ EGFR+ tumor cell,0.0,0.0,0.0,0.0,0.0,0.1,0.1,,,0.0,0.0,0.0,0.0,0.1,0.0,,,False,False,False,False,False,False,False
preview,SQUIDPY_IMC,4,proliferative tumor cell,17,preview::SQUIDPY_IMC::fold_4::proliferative tumor cell,0.1686746987951807,0.1686746987951807,0.1818181818181818,0.1707317073170732,0.1686746987951807,0.17283950617283952,0.16666666666666669,,,0.0,-0.013143483023001085,0.0,-0.013143483023001085,0.0041648073776588135,0.0041648073776588135,,,False,False,False,False,False,False,False
preview,SQUIDPY_IMC,4,small elongated stromal cell,4,preview::SQUIDPY_IMC::fold_4::small elongated stromal cell,0.125,0.1142857142857143,0.06451612903225806,0.11764705882352941,0.125,0.1212121212121212,0.0625,,,-0.010714285714285704,-0.010714285714285704,0.0,0.0,-0.0037878787878787984,-0.0037878787878787984,,,False,False,False,False,False,False,False
preview,SQUIDPY_IMC,4,vimentin hi stromal cell,15,preview::SQUIDPY_IMC::fold_4::vimentin hi stromal cell,0.5652173913043478,0.5777777777777778,0.5777777777777778,0.5333333333333333,0.5652173913043478,0.5365853658536585,0.5499999999999999,,,0.012560386473430052,0.0,0.0,-0.012560386473430052,-0.028632025450689325,-0.028632025450689325,,,False,False,False,True,False,False,False
preview,SQUIDPY_IMC,5,CK low HR low tumor cell,10,preview::SQUIDPY_IMC::fold_5::CK low HR low tumor cell,0.29411764705882354,0.30303030303030304,0.30303030303030304,0.29411764705882354,0.25806451612903225,0.28571428571428575,0.2777777777777778,,,0.0089126559714795,0.0,-0.03605313092979129,-0.04496578690127079,-0.008403361344537785,-0.008403361344537785,,,False,False,False,False,False,False,True
preview,SQUIDPY_IMC,5,CK+ HR+ tumor cell,10,preview::SQUIDPY_IMC::fold_5::CK+ HR+ tumor cell,0.36363636363636365,0.35714285714285715,0.3448275862068966,0.36363636363636365,0.30303030303030304,0.3870967741935483,0.35714285714285715,,,-0.006493506493506496,-0.006493506493506496,-0.06060606060606061,-0.06060606060606061,0.023460410557184674,0.023460410557184674,,,False,False,True,False,False,False,True
preview,SQUIDPY_IMC,5,T cells,51,preview::SQUIDPY_IMC::fold_5::T cells,0.2903225806451613,0.2903225806451613,0.2903225806451613,0.2903225806451613,0.2903225806451613,0.20338983050847456,0.31746031746031744,,,0.0,0.0,0.0,0.0,-0.08693275013668675,-0.11407048695184288,,,False,False,False,False,False,False,False
preview,SQUIDPY_IMC,5,apoptotic tumor cell,60,preview::SQUIDPY_IMC::fold_5::apoptotic tumor cell,0.24324324324324323,0.32911392405063294,0.2894736842105263,0.24324324324324323,0.5333333333333333,0.33766233766233766,0.37037037037037035,,,0.08587068080738972,0.03964023984010662,0.2900900900900901,0.20421940928270038,0.09441909441909443,-0.032708032708032686,,,True,True,False,True,False,True,False
preview,SQUIDPY_IMC,5,basal CK tumor cell,84,preview::SQUIDPY_IMC::fold_5::basal CK tumor cell,0.6290322580645161,0.6129032258064516,0.6129032258064516,0.6290322580645161,0.6666666666666665,0.6769230769230768,0.7259259259259259,,,-0.016129032258064502,-0.016129032258064502,0.03763440860215039,0.03763440860215039,0.047890818858560724,-0.049002849002849014,,,False,True,False,False,True,True,False
preview,SQUIDPY_IMC,5,endothelial,15,preview::SQUIDPY_IMC::fold_5::endothelial,0.6222222222222223,0.6222222222222223,0.608695652173913,0.6222222222222223,0.6818181818181819,0.625,0.625,,,0.0,0.0,0.059595959595959536,0.059595959595959536,0.002777777777777657,0.0,,,False,True,False,False,False,True,False
preview,SQUIDPY_IMC,5,macrophages,70,preview::SQUIDPY_IMC::fold_5::macrophages,0.7419354838709677,0.7317073170731708,0.7419354838709677,0.7419354838709677,0.721311475409836,0.7536231884057971,0.7258064516129034,,,-0.010228166797796923,-0.010228166797796923,-0.02062400846113177,-0.02062400846113177,0.011687704534829368,0.011687704534829368,,,False,False,True,False,True,False,True
preview,SQUIDPY_IMC,5,p53+ EGFR+ tumor cell,30,preview::SQUIDPY_IMC::fold_5::p53+ EGFR+ tumor cell,0.0,0.0,0.0,0.0,0.0,0.0,0.0,,,0.0,0.0,0.0,0.0,0.0,0.0,,,False,False,False,False,False,False,False
preview,SQUIDPY_IMC,5,proliferative tumor cell,23,preview::SQUIDPY_IMC::fold_5::proliferative tumor cell,0.25373134328358204,0.25,0.25,0.25373134328358204,0.3130434782608696,0.2741935483870968,0.2807017543859649,,,-0.003731343283582045,-0.003731343283582045,0.059312134977287545,0.059312134977287545,0.020462205103514763,-0.0065082059988680885,,,False,True,False,False,False,True,False
preview,SQUIDPY_IMC,5,small elongated stromal cell,18,preview::SQUIDPY_IMC::fold_5::small elongated stromal cell,0.2962962962962963,0.2962962962962963,0.2962962962962963,0.2962962962962963,0.29268292682926833,0.30303030303030304,0.3291139240506329,,,0.0,0.0,-0.0036133694670279493,-0.0036133694670279493,0.006734006734006759,-0.02608362102032985,,,False,False,False,False,False,False,False
preview,SQUIDPY_IMC,5,vimentin hi stromal cell,17,preview::SQUIDPY_IMC::fold_5::vimentin hi stromal cell,0.34285714285714286,0.34285714285714286,0.34285714285714286,0.34285714285714286,0.3888888888888889,0.27027027027027023,0.29411764705882354,,,0.0,0.0,0.046031746031746035,0.046031746031746035,-0.07258687258687263,-0.07258687258687263,,,False,True,False,False,False,True,False
preview,SQUIDPY_MERFISH,1,Astrocyte,44,preview::SQUIDPY_MERFISH::fold_1::Astrocyte,0.7547169811320754,0.7547169811320754,0.7547169811320754,0.7547169811320754,0.7476635514018691,0.7547169811320754,0.7766990291262135,,,0.0,0.0,-0.007053429730206284,-0.007053429730206284,0.0,-0.021982047994138054,,,False,False,False,False,False,False,False
preview,SQUIDPY_MERFISH,1,Endothelial 1,53,preview::SQUIDPY_MERFISH::fold_1::Endothelial 1,0.8099173553719008,0.8099173553719008,0.8099173553719008,0.7967479674796748,0.823529411764706,0.8099173553719008,0.823529411764706,,,0.0,0.0,0.01361205639280516,0.01361205639280516,0.0,-0.01361205639280516,,,False,True,False,False,False,True,False
preview,SQUIDPY_MERFISH,1,Endothelial 2,60,preview::SQUIDPY_MERFISH::fold_1::Endothelial 2,0.7850467289719626,0.7850467289719626,0.7850467289719626,0.7850467289719626,0.7962962962962963,0.7850467289719626,0.8,,,0.0,0.0,0.011249567324333687,0.011249567324333687,0.0,-0.014953271028037451,,,False,True,False,False,False,True,False
preview,SQUIDPY_MERFISH,1,Endothelial 3,49,preview::SQUIDPY_MERFISH::fold_1::Endothelial 3,0.819277108433735,0.819277108433735,0.819277108433735,0.8048780487804877,0.8333333333333333,0.819277108433735,0.8604651162790697,,,0.0,0.0,0.014056224899598235,0.014056224899598235,0.0,-0.04118800784533472,,,False,True,False,False,False,True,False
preview,SQUIDPY_MERFISH,1,Ependymal,1,preview::SQUIDPY_MERFISH::fold_1::Ependymal,0.0,0.0,0.0,0.0,0.0,0.0,0.0,,,0.0,0.0,0.0,0.0,0.0,0.0,,,False,False,False,False,False,False,False
preview,SQUIDPY_MERFISH,1,Excitatory,16,preview::SQUIDPY_MERFISH::fold_1::Excitatory,0.7222222222222223,0.742857142857143,0.7222222222222223,0.787878787878788,0.7647058823529411,0.7222222222222223,0.7222222222222223,,,0.020634920634920673,-0.04502164502164496,0.0424836601307188,-0.023172905525846832,0.0,0.0,,,False,False,False,True,False,True,False
preview,SQUIDPY_MERFISH,1,Inhibitory,46,preview::SQUIDPY_MERFISH::fold_1::Inhibitory,0.7889908256880734,0.7927927927927929,0.7962962962962964,0.7678571428571428,0.7747747747747747,0.7889908256880734,0.8,,,0.0038019671047194725,-0.00350350350350348,-0.014216050913298695,-0.021521521521521647,0.0,-0.011009174311926606,,,False,False,False,False,False,False,True
preview,SQUIDPY_MERFISH,1,Microglia,51,preview::SQUIDPY_MERFISH::fold_1::Microglia,0.8108108108108107,0.8256880733944953,0.8035714285714285,0.8108108108108107,0.8256880733944953,0.8108108108108107,0.7787610619469026,,,0.014877262583684603,0.014877262583684603,0.014877262583684603,0.0,0.0,0.0,,,True,False,False,True,False,True,False
preview,SQUIDPY_MERFISH,1,OD Immature 1,50,preview::SQUIDPY_MERFISH::fold_1::OD Immature 1,0.8979591836734694,0.8979591836734694,0.8979591836734694,0.8979591836734694,0.8979591836734694,0.8979591836734694,0.8958333333333334,,,0.0,0.0,0.0,0.0,0.0,0.0,,,False,False,False,False,False,False,False
preview,SQUIDPY_MERFISH,1,OD Immature 2,17,preview::SQUIDPY_MERFISH::fold_1::OD Immature 2,0.5185185185185185,0.5185185185185185,0.5185185185185185,0.5185185185185185,0.5185185185185185,0.5185185185185185,0.5333333333333333,,,0.0,0.0,0.0,0.0,0.0,-0.014814814814814836,,,False,False,False,False,False,False,False
preview,SQUIDPY_MERFISH,1,OD Mature 1,90,preview::SQUIDPY_MERFISH::fold_1::OD Mature 1,0.12244897959183675,0.12371134020618557,0.12371134020618557,0.16161616161616163,0.1443298969072165,0.17821782178217824,0.2777777777777778,,,0.0012623606143488258,-0.03790482140997606,0.021880917315379764,-0.01728626470894512,0.05576884219034149,-0.09955995599559955,,,False,False,False,False,False,True,False
preview,SQUIDPY_MERFISH,1,OD Mature 2,104,preview::SQUIDPY_MERFISH::fold_1::OD Mature 2,0.6192170818505338,0.6285714285714286,0.6417910447761194,0.6312056737588652,0.6334519572953736,0.628158844765343,0.6970954356846474,,,0.009354346720894746,-0.01321961620469081,0.014234875444839812,-0.008339087480745744,0.008941762914809193,-0.06893659091930437,,,False,False,False,False,False,True,False
preview,SQUIDPY_MERFISH,1,OD Mature 3,10,preview::SQUIDPY_MERFISH::fold_1::OD Mature 3,0.36000000000000004,0.3529411764705882,0.28125,0.3829787234042553,0.3461538461538461,0.3529411764705882,0.339622641509434,,,-0.0070588235294118395,-0.030037546933667114,-0.013846153846153952,-0.03682487725040923,-0.0070588235294118395,-0.0070588235294118395,,,False,False,False,False,False,False,True
preview,SQUIDPY_MERFISH,1,OD Mature 4,83,preview::SQUIDPY_MERFISH::fold_1::OD Mature 4,0.6969696969696971,0.7067669172932332,0.6969696969696971,0.6917293233082706,0.6969696969696971,0.6969696969696971,0.7763157894736842,,,0.009797220323536027,0.009797220323536027,0.0,-0.009797220323536027,0.0,-0.07934609250398705,,,False,False,False,False,False,False,False
preview,SQUIDPY_MERFISH,1,Pericytes,56,preview::SQUIDPY_MERFISH::fold_1::Pericytes,0.8247422680412371,0.8247422680412371,0.8247422680412371,0.8247422680412371,0.8247422680412371,0.8247422680412371,0.8247422680412371,,,0.0,0.0,0.0,0.0,0.0,0.0,,,False,False,False,False,False,False,False
preview,SQUIDPY_MERFISH,2,Astrocyte,59,preview::SQUIDPY_MERFISH::fold_2::Astrocyte,0.9062499999999999,0.9133858267716536,0.9062499999999999,0.9062499999999999,0.9133858267716536,0.912,0.8976377952755905,,,0.007135826771653697,0.007135826771653697,0.007135826771653697,0.0,0.005750000000000144,0.005750000000000144,,,False,False,False,False,False,False,False
preview,SQUIDPY_MERFISH,2,Endothelial 1,48,preview::SQUIDPY_MERFISH::fold_2::Endothelial 1,0.8275862068965517,0.8347826086956522,0.8205128205128205,0.8275862068965517,0.8275862068965517,0.8807339449541284,0.897196261682243,,,0.007196401799100527,0.007196401799100527,0.0,-0.007196401799100527,0.053147738057576666,-0.0164623167281146,,,False,False,False,False,False,False,False
preview,SQUIDPY_MERFISH,2,Endothelial 2,42,preview::SQUIDPY_MERFISH::fold_2::Endothelial 2,0.7058823529411765,0.742857142857143,0.7058823529411765,0.7605633802816901,0.7058823529411765,0.7945205479452055,0.75,,,0.03697478991596648,-0.017706237424547133,0.0,-0.05468102734051361,0.08863819500402903,0.044520547945205546,,,False,False,True,True,False,False,False
preview,SQUIDPY_MERFISH,2,Endothelial 3,59,preview::SQUIDPY_MERFISH::fold_2::Endothelial 3,0.8596491228070176,0.8771929824561402,0.8672566371681415,0.875,0.8596491228070176,0.8947368421052632,0.9107142857142857,,,0.01754385964912264,0.002192982456140191,0.0,-0.01754385964912264,0.03508771929824561,-0.015977443609022535,,,False,False,False,True,False,False,False
preview,SQUIDPY_MERFISH,2,Ependymal,42,preview::SQUIDPY_MERFISH::fold_2::Ependymal,0.9318181818181818,0.9318181818181818,0.9318181818181818,0.9318181818181818,0.9318181818181818,0.9213483146067415,0.9318181818181818,,,0.0,0.0,0.0,0.0,-0.010469867211440276,-0.010469867211440276,,,False,False,False,False,False,False,False
preview,SQUIDPY_MERFISH,2,Excitatory,67,preview::SQUIDPY_MERFISH::fold_2::Excitatory,0.8985507246376812,0.8985507246376812,0.8985507246376812,0.8920863309352519,0.9051094890510949,0.9051094890510949,0.8970588235294118,,,0.0,0.0,0.006558764413413742,0.006558764413413742,0.006558764413413742,0.006558764413413742,,,False,False,False,False,False,False,False
preview,SQUIDPY_MERFISH,2,Inhibitory,42,preview::SQUIDPY_MERFISH::fold_2::Inhibitory,0.8444444444444444,0.853932584269663,0.8444444444444444,0.8314606741573034,0.8666666666666666,0.8636363636363636,0.8636363636363636,,,0.009488139825218567,0.009488139825218567,0.022222222222222143,0.012734082397003577,0.019191919191919204,0.0,,,False,True,False,False,False,True,False
preview,SQUIDPY_MERFISH,2,Microglia,44,preview::SQUIDPY_MERFISH::fold_2::Microglia,0.896551724137931,0.8863636363636365,0.896551724137931,0.896551724137931,0.8863636363636365,0.896551724137931,0.8988764044943819,,,-0.010188087774294585,-0.010188087774294585,-0.010188087774294585,-0.010188087774294585,0.0,-0.0023246803564508367,,,False,False,False,False,True,False,True
preview,SQUIDPY_MERFISH,2,OD Immature 1,45,preview::SQUIDPY_MERFISH::fold_2::OD Immature 1,0.8395061728395062,0.8250000000000001,0.8395061728395062,0.8250000000000001,0.8395061728395062,0.8641975308641976,0.8780487804878049,,,-0.01450617283950617,-0.01450617283950617,0.0,0.0,0.024691358024691357,-0.013851249623607287,,,False,False,False,False,True,False,False
preview,SQUIDPY_MERFISH,2,OD Immature 2,16,preview::SQUIDPY_MERFISH::fold_2::OD Immature 2,0.45454545454545453,0.5217391304347825,0.45454545454545453,0.45454545454545453,0.5217391304347825,0.6153846153846154,0.7407407407407406,,,0.06719367588932795,0.06719367588932795,0.06719367588932795,0.0,0.1608391608391609,-0.12535612535612517,,,True,False,False,True,False,True,False
preview,SQUIDPY_MERFISH,2,OD Mature 1,57,preview::SQUIDPY_MERFISH::fold_2::OD Mature 1,0.16129032258064516,0.1904761904761905,0.16129032258064516,0.3235294117647059,0.13114754098360656,0.15873015873015872,0.26865671641791045,,,0.029185867895545337,-0.1330532212885154,-0.030142781597038593,-0.19238187078109933,-0.0025601638504864355,-0.10992655768775172,,,False,False,False,True,False,False,True
preview,SQUIDPY_MERFISH,2,OD Mature 2,39,preview::SQUIDPY_MERFISH::fold_2::OD Mature 2,0.4337349397590362,0.4948453608247423,0.42857142857142855,0.4923076923076924,0.4666666666666667,0.3692307692307692,0.42424242424242425,,,0.06111042106570608,0.002537668517049896,0.032931726907630465,-0.028178694158075612,-0.06450417052826701,-0.06450417052826701,,,False,False,False,True,False,True,False
preview,SQUIDPY_MERFISH,2,OD Mature 3,2,preview::SQUIDPY_MERFISH::fold_2::OD Mature 3,0.07272727272727272,0.10256410256410257,0.07547169811320754,0.06557377049180328,0.08163265306122448,0.05882352941176471,0.06060606060606061,,,0.02983682983682985,0.02709240445089503,0.00890538033395176,-0.02093144950287809,-0.013903743315508012,-0.013903743315508012,,,False,False,False,False,False,False,False
preview,SQUIDPY_MERFISH,2,OD Mature 4,37,preview::SQUIDPY_MERFISH::fold_2::OD Mature 4,0.9014084507042254,0.888888888888889,0.888888888888889,0.8717948717948718,0.8732394366197184,0.9066666666666667,0.9014084507042254,,,-0.012519561815336422,-0.012519561815336422,-0.028169014084507005,-0.028169014084507005,0.005258215962441359,0.005258215962441359,,,False,False,False,False,True,False,True
preview,SQUIDPY_MERFISH,2,Pericytes,27,preview::SQUIDPY_MERFISH::fold_2::Pericytes,0.7346938775510203,0.7346938775510203,0.7346938775510203,0.75,0.7346938775510203,0.8076923076923077,0.7777777777777778,,,0.0,-0.015306122448979664,0.0,-0.015306122448979664,0.07299843014128737,0.02991452991452992,,,False,False,True,False,False,False,False
preview,SQUIDPY_MERFISH,3,Astrocyte,49,preview::SQUIDPY_MERFISH::fold_3::Astrocyte,0.8545454545454545,0.8545454545454545,0.8468468468468467,0.8545454545454545,0.8545454545454545,0.8623853211009175,0.8468468468468467,,,0.0,0.0,0.0,0.0,0.007839866555462982,0.007839866555462982,,,False,False,False,False,False,False,False
preview,SQUIDPY_MERFISH,3,Endothelial 1,50,preview::SQUIDPY_MERFISH::fold_3::Endothelial 1,0.9245283018867924,0.9245283018867924,0.9245283018867924,0.9245283018867924,0.9245283018867924,0.9245283018867924,0.9245283018867924,,,0.0,0.0,0.0,0.0,0.0,0.0,,,False,False,False,False,False,False,False
preview,SQUIDPY_MERFISH,3,Endothelial 2,43,preview::SQUIDPY_MERFISH::fold_3::Endothelial 2,0.7887323943661972,0.8055555555555556,0.7714285714285715,0.7887323943661972,0.8055555555555556,0.8219178082191781,0.8055555555555556,,,0.016823161189358338,0.016823161189358338,0.016823161189358338,0.0,0.033185413852980905,0.016362252663622567,,,True,False,True,True,False,True,False
preview,SQUIDPY_MERFISH,3,Endothelial 3,42,preview::SQUIDPY_MERFISH::fold_3::Endothelial 3,0.8433734939759037,0.8433734939759037,0.8433734939759037,0.8433734939759037,0.8433734939759037,0.8433734939759037,0.8433734939759037,,,0.0,0.0,0.0,0.0,0.0,0.0,,,False,False,False,False,False,False,False
preview,SQUIDPY_MERFISH,3,Ependymal,80,preview::SQUIDPY_MERFISH::fold_3::Ependymal,0.9937106918238994,0.9937106918238994,0.9937106918238994,0.9937106918238994,0.9937106918238994,0.9937106918238994,0.9937106918238994,,,0.0,0.0,0.0,0.0,0.0,0.0,,,False,False,False,False,False,False,False
preview,SQUIDPY_MERFISH,3,Excitatory,60,preview::SQUIDPY_MERFISH::fold_3::Excitatory,0.8595041322314049,0.8595041322314049,0.8595041322314049,0.8595041322314049,0.8595041322314049,0.8524590163934426,0.8666666666666667,,,0.0,0.0,0.0,0.0,-0.007045115837962301,-0.014207650273224126,,,False,False,False,False,False,False,False
preview,SQUIDPY_MERFISH,3,Inhibitory,45,preview::SQUIDPY_MERFISH::fold_3::Inhibitory,0.7706422018348624,0.7706422018348624,0.7592592592592592,0.7706422018348624,0.7706422018348624,0.7663551401869159,0.7706422018348624,,,0.0,0.0,0.0,0.0,-0.004287061647946566,-0.004287061647946566,,,False,False,False,False,False,False,False
preview,SQUIDPY_MERFISH,3,Microglia,44,preview::SQUIDPY_MERFISH::fold_3::Microglia,0.8809523809523809,0.891566265060241,0.891566265060241,0.8809523809523809,0.891566265060241,0.891566265060241,0.891566265060241,,,0.010613884107860017,0.0,0.010613884107860017,0.0,0.010613884107860017,0.0,,,False,False,False,True,False,True,False
preview,SQUIDPY_MERFISH,3,OD Immature 1,49,preview::SQUIDPY_MERFISH::fold_3::OD Immature 1,0.9130434782608695,0.9130434782608695,0.9130434782608695,0.9130434782608695,0.9130434782608695,0.9247311827956989,0.9130434782608695,,,0.0,0.0,0.0,0.0,0.011687704534829368,0.011687704534829368,,,False,False,True,False,False,False,False
preview,SQUIDPY_MERFISH,3,OD Immature 2,22,preview::SQUIDPY_MERFISH::fold_3::OD Immature 2,0.6666666666666666,0.625,0.6666666666666666,0.6666666666666666,0.625,0.6666666666666666,0.6666666666666666,,,-0.04166666666666663,-0.04166666666666663,-0.04166666666666663,-0.04166666666666663,0.0,0.0,,,False,False,False,False,True,False,True
preview,SQUIDPY_MERFISH,3,OD Mature 1,21,preview::SQUIDPY_MERFISH::fold_3::OD Mature 1,0.5909090909090909,0.5777777777777778,0.6046511627906977,0.5909090909090909,0.5777777777777778,0.5714285714285714,0.5909090909090909,,,-0.013131313131313105,-0.026873385012919915,-0.013131313131313105,-0.026873385012919915,-0.019480519480519543,-0.019480519480519543,,,False,False,False,False,True,False,True
preview,SQUIDPY_MERFISH,3,OD Mature 2,31,preview::SQUIDPY_MERFISH::fold_3::OD Mature 2,0.5357142857142857,0.509090909090909,0.5263157894736842,0.5357142857142857,0.509090909090909,0.45283018867924524,0.4905660377358491,,,-0.02662337662337666,-0.02662337662337666,-0.02662337662337666,-0.02662337662337666,-0.08288409703504046,-0.08288409703504046,,,False,False,False,False,True,False,True
preview,SQUIDPY_MERFISH,3,OD Mature 3,9,preview::SQUIDPY_MERFISH::fold_3::OD Mature 3,0.6923076923076924,0.6666666666666666,0.6923076923076924,0.6923076923076924,0.6666666666666666,0.6,0.6206896551724138,,,-0.025641025641025772,-0.025641025641025772,-0.025641025641025772,-0.025641025641025772,-0.09230769230769242,-0.09230769230769242,,,False,False,False,False,False,False,False
preview,SQUIDPY_MERFISH,3,OD Mature 4,29,preview::SQUIDPY_MERFISH::fold_3::OD Mature 4,0.8307692307692308,0.8307692307692308,0.8059701492537312,0.8307692307692308,0.8307692307692308,0.8437500000000001,0.8307692307692308,,,0.0,0.0,0.0,0.0,0.012980769230769296,0.012980769230769296,,,False,False,True,False,False,False,False
preview,SQUIDPY_MERFISH,3,Pericytes,49,preview::SQUIDPY_MERFISH::fold_3::Pericytes,0.8505747126436782,0.8505747126436782,0.8505747126436782,0.8505747126436782,0.8505747126436782,0.8764044943820225,0.8505747126436782,,,0.0,0.0,0.0,0.0,0.02582978173834427,0.02582978173834427,,,False,False,True,False,False,False,False
preview,SQUIDPY_MERFISH,4,Astrocyte,68,preview::SQUIDPY_MERFISH::fold_4::Astrocyte,0.8322981366459629,0.8427672955974843,0.8322981366459629,0.8322981366459629,0.8375000000000001,0.8427672955974843,0.8322981366459629,,,0.010469158951521451,0.010469158951521451,0.005201863354037273,-0.005267295597484178,0.010469158951521451,0.010469158951521451,,,True,False,True,True,False,False,False
preview,SQUIDPY_MERFISH,4,Endothelial 1,77,preview::SQUIDPY_MERFISH::fold_4::Endothelial 1,0.8095238095238096,0.8192771084337349,0.8095238095238096,0.7999999999999999,0.8343558282208589,0.8343558282208589,0.8292682926829268,,,0.009753298909925268,0.009753298909925268,0.024832018697049207,0.01507871978712394,0.024832018697049207,0.005087535537932064,,,False,True,False,False,False,True,False
preview,SQUIDPY_MERFISH,4,Endothelial 2,101,preview::SQUIDPY_MERFISH::fold_4::Endothelial 2,0.7125,0.746987951807229,0.7204968944099379,0.7125,0.7719298245614036,0.7515151515151515,0.746987951807229,,,0.03448795180722897,0.026491057397291073,0.059429824561403555,0.024941872754174588,0.03901515151515145,0.00452719970792248,,,True,True,False,True,False,True,False
preview,SQUIDPY_MERFISH,4,Endothelial 3,77,preview::SQUIDPY_MERFISH::fold_4::Endothelial 3,0.8108108108108109,0.8027210884353742,0.8108108108108109,0.7972972972972973,0.8266666666666668,0.8211920529801325,0.8187919463087249,,,-0.008089722375436703,-0.008089722375436703,0.015855855855855916,0.015855855855855916,0.01038124216932168,0.0024001066714076646,,,False,True,False,False,False,True,False
preview,SQUIDPY_MERFISH,4,Ependymal,103,preview::SQUIDPY_MERFISH::fold_4::Ependymal,0.9853658536585367,0.9853658536585367,0.9803921568627452,0.9803921568627452,0.9805825242718447,0.9902912621359223,0.9803921568627452,,,0.0,0.0,-0.004783329386692015,-0.004783329386692015,0.004925408477385651,0.004925408477385651,,,False,False,False,False,False,False,False
preview,SQUIDPY_MERFISH,4,Excitatory,88,preview::SQUIDPY_MERFISH::fold_4::Excitatory,0.826530612244898,0.8247422680412373,0.826530612244898,0.826530612244898,0.8290155440414507,0.8290155440414507,0.839378238341969,,,-0.0017883442036606967,-0.0017883442036606967,0.002484931796552736,0.002484931796552736,0.002484931796552736,-0.010362694300518283,,,False,False,False,False,False,False,False
preview,SQUIDPY_MERFISH,4,Inhibitory,81,preview::SQUIDPY_MERFISH::fold_4::Inhibitory,0.7741935483870968,0.7741935483870968,0.7741935483870968,0.7741935483870968,0.7807486631016043,0.7741935483870968,0.7741935483870968,,,0.0,0.0,0.006555114714507537,0.006555114714507537,0.0,0.0,,,False,False,False,False,False,False,False
preview,SQUIDPY_MERFISH,4,Microglia,79,preview::SQUIDPY_MERFISH::fold_4::Microglia,0.8516129032258065,0.8571428571428572,0.846153846153846,0.8516129032258065,0.8627450980392156,0.8516129032258065,0.846153846153846,,,0.0055299539170506895,0.0055299539170506895,0.011132194813409102,0.0056022408963584125,0.0,0.0,,,False,False,False,False,False,True,False
preview,SQUIDPY_MERFISH,4,OD Immature 1,80,preview::SQUIDPY_MERFISH::fold_4::OD Immature 1,0.842857142857143,0.842857142857143,0.842857142857143,0.842857142857143,0.8345323741007193,0.842857142857143,0.8591549295774648,,,0.0,0.0,-0.008324768756423628,-0.008324768756423628,0.0,-0.016297786720321783,,,False,False,False,False,False,False,False
preview,SQUIDPY_MERFISH,4,OD Immature 2,21,preview::SQUIDPY_MERFISH::fold_4::OD Immature 2,0.3076923076923077,0.35714285714285715,0.3076923076923077,0.3076923076923077,0.3448275862068965,0.35714285714285715,0.35714285714285715,,,0.04945054945054944,0.04945054945054944,0.03713527851458881,-0.012315270935960632,0.04945054945054944,0.0,,,True,False,False,True,False,True,False
preview,SQUIDPY_MERFISH,4,OD Mature 1,55,preview::SQUIDPY_MERFISH::fold_4::OD Mature 1,0.5813953488372092,0.5542168674698795,0.5647058823529413,0.5714285714285714,0.5365853658536586,0.5747126436781609,0.5555555555555556,,,-0.0271784813673297,-0.0271784813673297,-0.044809982983550656,-0.044809982983550656,-0.006682705159048341,-0.006682705159048341,,,False,False,False,False,True,False,True
preview,SQUIDPY_MERFISH,4,OD Mature 2,52,preview::SQUIDPY_MERFISH::fold_4::OD Mature 2,0.671875,0.6666666666666667,0.6666666666666666,0.6666666666666667,0.6474820143884893,0.6666666666666666,0.6341463414634145,,,-0.005208333333333259,-0.005208333333333259,-0.02439298561151071,-0.02439298561151071,-0.00520833333333337,-0.00520833333333337,,,False,False,False,False,False,False,True
preview,SQUIDPY_MERFISH,4,OD Mature 3,11,preview::SQUIDPY_MERFISH::fold_4::OD Mature 3,0.7142857142857143,0.7407407407407406,0.7142857142857143,0.7407407407407406,0.8,0.7142857142857143,0.6666666666666666,,,0.026455026455026287,0.0,0.08571428571428574,0.059259259259259456,0.0,0.0,,,False,True,False,True,False,True,False
preview,SQUIDPY_MERFISH,4,OD Mature 4,55,preview::SQUIDPY_MERFISH::fold_4::OD Mature 4,0.736842105263158,0.736842105263158,0.736842105263158,0.7457627118644068,0.7407407407407407,0.7304347826086957,0.7387387387387387,,,0.0,-0.008920606601248826,0.0038986354775827348,-0.005021971123666091,-0.006407322654462311,-0.008303956130043089,,,False,False,False,False,False,False,False
preview,SQUIDPY_MERFISH,4,Pericytes,96,preview::SQUIDPY_MERFISH::fold_4::Pericytes,0.9197860962566845,0.909090909090909,0.9139784946236558,0.9139784946236558,0.907103825136612,0.9139784946236558,0.918918918918919,,,-0.010695187165775555,-0.010695187165775555,-0.012682271120072475,-0.012682271120072475,-0.005807601633028736,-0.005807601633028736,,,False,False,False,False,True,False,True
preview,SQUIDPY_MERFISH,5,Astrocyte,80,preview::SQUIDPY_MERFISH::fold_5::Astrocyte,0.8941176470588236,0.8941176470588236,0.8941176470588236,0.8941176470588236,0.8941176470588236,0.8941176470588236,0.9005847953216374,,,0.0,0.0,0.0,0.0,0.0,-0.006467148262813804,,,False,False,False,False,False,False,False
preview,SQUIDPY_MERFISH,5,Endothelial 1,72,preview::SQUIDPY_MERFISH::fold_5::Endothelial 1,0.8242424242424243,0.8292682926829269,0.8242424242424243,0.8242424242424243,0.8242424242424243,0.84472049689441,0.8292682926829269,,,0.005025868440502568,0.005025868440502568,0.0,-0.005025868440502568,0.020478072651985646,0.015452204211483078,,,False,False,True,False,False,False,False
preview,SQUIDPY_MERFISH,5,Endothelial 2,54,preview::SQUIDPY_MERFISH::fold_5::Endothelial 2,0.5128205128205128,0.6024096385542169,0.5128205128205128,0.5128205128205128,0.5128205128205128,0.6190476190476191,0.5499999999999999,,,0.08958912573370414,0.08958912573370414,0.0,-0.08958912573370414,0.1062271062271063,0.06904761904761914,,,True,False,True,True,False,False,False
preview,SQUIDPY_MERFISH,5,Endothelial 3,73,preview::SQUIDPY_MERFISH::fold_5::Endothelial 3,0.8088235294117647,0.8,0.8088235294117647,0.8088235294117647,0.8088235294117647,0.8260869565217391,0.8088235294117647,,,-0.008823529411764675,-0.008823529411764675,0.0,0.0,0.017263427109974416,0.017263427109974416,,,False,False,True,False,False,False,False
preview,SQUIDPY_MERFISH,5,Ependymal,74,preview::SQUIDPY_MERFISH::fold_5::Ependymal,0.9673202614379084,0.9673202614379084,0.9673202614379084,0.9673202614379084,0.9673202614379084,0.961038961038961,0.9673202614379084,,,0.0,0.0,0.0,0.0,-0.006281300398947365,-0.006281300398947365,,,False,False,False,False,False,False,False
preview,SQUIDPY_MERFISH,5,Excitatory,69,preview::SQUIDPY_MERFISH::fold_5::Excitatory,0.8421052631578948,0.8421052631578948,0.8421052631578948,0.8421052631578948,0.8421052631578948,0.8421052631578948,0.8421052631578948,,,0.0,0.0,0.0,0.0,0.0,0.0,,,False,False,False,False,False,False,False
preview,SQUIDPY_MERFISH,5,Inhibitory,86,preview::SQUIDPY_MERFISH::fold_5::Inhibitory,0.8715083798882681,0.8603351955307263,0.8715083798882681,0.8715083798882681,0.8715083798882681,0.8651685393258426,0.8764044943820224,,,-0.011173184357541777,-0.011173184357541777,0.0,0.0,-0.006339840562425536,-0.011235955056179803,,,False,False,False,False,True,False,False
preview,SQUIDPY_MERFISH,5,Microglia,82,preview::SQUIDPY_MERFISH::fold_5::Microglia,0.9017341040462428,0.9058823529411764,0.9017341040462428,0.9017341040462428,0.9017341040462428,0.9058823529411764,0.9017341040462428,,,0.004148248894933593,0.004148248894933593,0.0,-0.004148248894933593,0.004148248894933593,0.004148248894933593,,,False,False,False,False,False,False,False
preview,SQUIDPY_MERFISH,5,OD Immature 1,76,preview::SQUIDPY_MERFISH::fold_5::OD Immature 1,0.9659863945578232,0.9659863945578232,0.9659863945578232,0.9659863945578232,0.9659863945578232,0.9517241379310345,0.9659863945578232,,,0.0,0.0,0.0,0.0,-0.014262256626788705,-0.014262256626788705,,,False,False,False,False,False,False,False
preview,SQUIDPY_MERFISH,5,OD Immature 2,15,preview::SQUIDPY_MERFISH::fold_5::OD Immature 2,0.4,0.4,0.4,0.4,0.4,0.4545454545454545,0.4,,,0.0,0.0,0.0,0.0,0.05454545454545445,0.05454545454545445,,,False,False,True,False,False,False,False
preview,SQUIDPY_MERFISH,5,OD Mature 1,77,preview::SQUIDPY_MERFISH::fold_5::OD Mature 1,0.5210084033613446,0.5128205128205129,0.5210084033613446,0.5210084033613446,0.5210084033613446,0.5,0.5254237288135593,,,-0.008187890540831688,-0.008187890540831688,0.0,0.0,-0.021008403361344574,-0.025423728813559254,,,False,False,False,False,False,False,False
preview,SQUIDPY_MERFISH,5,OD Mature 2,74,preview::SQUIDPY_MERFISH::fold_5::OD Mature 2,0.6153846153846154,0.6195652173913043,0.6153846153846154,0.6153846153846154,0.6153846153846154,0.576923076923077,0.6077348066298343,,,0.004180602006688905,0.004180602006688905,0.0,-0.004180602006688905,-0.038461538461538436,-0.038461538461538436,,,False,False,False,False,False,False,False
preview,SQUIDPY_MERFISH,5,OD Mature 3,7,preview::SQUIDPY_MERFISH::fold_5::OD Mature 3,0.4444444444444444,0.42857142857142855,0.4444444444444444,0.4444444444444444,0.4444444444444444,0.29268292682926833,0.42857142857142855,,,-0.015873015873015872,-0.015873015873015872,0.0,0.0,-0.1517615176151761,-0.1517615176151761,,,False,False,False,False,False,False,False
preview,SQUIDPY_MERFISH,5,OD Mature 4,96,preview::SQUIDPY_MERFISH::fold_5::OD Mature 4,0.87292817679558,0.8666666666666666,0.87292817679558,0.87292817679558,0.87292817679558,0.8783068783068784,0.87292817679558,,,-0.006261510128913406,-0.006261510128913406,0.0,0.0,0.005378701511298378,0.005378701511298378,,,False,False,False,False,False,False,False
preview,SQUIDPY_MERFISH,5,Pericytes,72,preview::SQUIDPY_MERFISH::fold_5::Pericytes,0.8333333333333334,0.8333333333333334,0.8333333333333334,0.8333333333333334,0.8333333333333334,0.846153846153846,0.8484848484848485,,,0.0,0.0,0.0,0.0,0.012820512820512664,-0.002331002331002474,,,False,False,False,False,False,False,False
preview,SQUIDPY_MIBITOF,1,Endothelial,32,preview::SQUIDPY_MIBITOF::fold_1::Endothelial,0.5272727272727273,0.5471698113207547,0.48333333333333334,0.5523809523809523,0.5370370370370371,0.5471698113207547,0.5272727272727273,,,0.01989708404802737,-0.005211141060197599,0.009764309764309753,-0.015343915343915215,0.01989708404802737,0.01989708404802737,,,False,False,True,True,False,False,False
preview,SQUIDPY_MIBITOF,1,Epithelial,87,preview::SQUIDPY_MIBITOF::fold_1::Epithelial,0.8075117370892018,0.7945205479452054,0.7478260869565218,0.780269058295964,0.8037383177570094,0.780269058295964,0.8333333333333334,,,-0.012991189143996329,-0.012991189143996329,-0.0037734193321923293,-0.0037734193321923293,-0.027242678793237718,-0.053064275037369324,,,False,False,False,False,True,False,False
preview,SQUIDPY_MIBITOF,1,Fibroblast,136,preview::SQUIDPY_MIBITOF::fold_1::Fibroblast,0.7242798353909465,0.75,0.6779661016949153,0.779527559055118,0.7265306122448979,0.7619047619047619,0.7449392712550607,,,0.025720164609053464,-0.029527559055117947,0.002250776853951364,-0.05299694681022005,0.03762492651381533,0.01696549064970121,,,False,False,True,True,False,False,False
preview,SQUIDPY_MIBITOF,1,Imm_other,74,preview::SQUIDPY_MIBITOF::fold_1::Imm_other,0.3684210526315789,0.28846153846153844,0.2448979591836735,0.3684210526315789,0.3018867924528302,0.33898305084745767,0.3728813559322034,,,-0.07995951417004049,-0.07995951417004049,-0.06653426017874875,-0.06653426017874875,-0.02943800178412126,-0.03389830508474573,,,False,False,False,False,True,False,True
preview,SQUIDPY_MIBITOF,1,Myeloid_CD11c,40,preview::SQUIDPY_MIBITOF::fold_1::Myeloid_CD11c,0.33333333333333337,0.3076923076923077,0.3013698630136986,0.31578947368421056,0.3188405797101449,0.25,0.37837837837837834,,,-0.02564102564102566,-0.02564102564102566,-0.01449275362318847,-0.01449275362318847,-0.08333333333333337,-0.12837837837837834,,,False,False,False,False,True,False,True
preview,SQUIDPY_MIBITOF,1,Myeloid_CD68,29,preview::SQUIDPY_MIBITOF::fold_1::Myeloid_CD68,0.4745762711864407,0.46956521739130436,0.4173913043478261,0.4821428571428571,0.4736842105263157,0.45045045045045046,0.46017699115044247,,,-0.005011053795136333,-0.012577639751552738,-0.0008920606601249825,-0.008458646616541388,-0.024125820735990233,-0.024125820735990233,,,False,False,False,False,False,False,False
preview,SQUIDPY_MIBITOF,1,Tcell_CD4,91,preview::SQUIDPY_MIBITOF::fold_1::Tcell_CD4,0.15841584158415845,0.17307692307692307,0.12,0.14953271028037385,0.17142857142857143,0.22018348623853212,0.3361344537815126,,,0.014661081492764627,0.014661081492764627,0.013012729844412985,-0.0016483516483516425,0.06176764465437368,-0.11595096754298045,,,True,False,False,True,False,True,False
preview,SQUIDPY_MIBITOF,1,Tcell_CD8,141,preview::SQUIDPY_MIBITOF::fold_1::Tcell_CD8,0.7864406779661017,0.7826086956521738,0.7708333333333333,0.7569444444444445,0.7892976588628762,0.779783393501805,0.7927272727272728,,,-0.0038319823139278952,-0.0038319823139278952,0.0028569808967744414,0.0028569808967744414,-0.006657284464296698,-0.012943879225467803,,,False,False,False,False,False,False,False
preview,SQUIDPY_MIBITOF,2,Endothelial,39,preview::SQUIDPY_MIBITOF::fold_2::Endothelial,0.5892857142857143,0.5614035087719298,0.5892857142857143,0.5892857142857143,0.5614035087719298,0.584070796460177,0.584070796460177,,,-0.027882205513784508,-0.027882205513784508,-0.027882205513784508,-0.027882205513784508,-0.005214917825537291,-0.005214917825537291,,,False,False,False,False,True,False,True
preview,SQUIDPY_MIBITOF,2,Epithelial,44,preview::SQUIDPY_MIBITOF::fold_2::Epithelial,0.45989304812834225,0.455026455026455,0.45989304812834225,0.45989304812834225,0.455026455026455,0.4673913043478261,0.5088757396449703,,,-0.004866593101887251,-0.004866593101887251,-0.004866593101887251,-0.004866593101887251,0.0074982562194838565,-0.04148443529714424,,,False,False,False,False,False,False,False
preview,SQUIDPY_MIBITOF,2,Fibroblast,16,preview::SQUIDPY_MIBITOF::fold_2::Fibroblast,0.2380952380952381,0.256,0.2380952380952381,0.2380952380952381,0.25210084033613445,0.24793388429752067,0.26446280991735543,,,0.017904761904761896,0.017904761904761896,0.014005602240896337,-0.003899159663865559,0.009838646202282558,-0.016528925619834767,,,True,False,False,True,False,True,False
preview,SQUIDPY_MIBITOF,2,Imm_other,162,preview::SQUIDPY_MIBITOF::fold_2::Imm_other,0.2588235294117647,0.25984251968503935,0.2588235294117647,0.2588235294117647,0.2755905511811024,0.2713178294573643,0.2692307692307692,,,0.001018990273274678,0.001018990273274678,0.016767021769337698,0.01574803149606302,0.012494300045599649,0.0020870602265951055,,,False,True,False,False,False,True,False
preview,SQUIDPY_MIBITOF,2,Myeloid_CD11c,112,preview::SQUIDPY_MIBITOF::fold_2::Myeloid_CD11c,0.29473684210526313,0.29896907216494845,0.29473684210526313,0.29473684210526313,0.28712871287128716,0.2916666666666667,0.2631578947368421,,,0.004232230059685316,0.004232230059685316,-0.007608129233975969,-0.011840359293661284,-0.0030701754385964453,-0.0030701754385964453,,,False,False,False,False,False,False,False
preview,SQUIDPY_MIBITOF,2,Myeloid_CD68,45,preview::SQUIDPY_MIBITOF::fold_2::Myeloid_CD68,0.484375,0.4918032786885245,0.484375,0.484375,0.46280991735537186,0.47244094488188976,0.4592592592592593,,,0.0074282786885245256,0.0074282786885245256,-0.021565082644628142,-0.028993361333152667,-0.011934055118110243,-0.011934055118110243,,,False,False,False,False,False,False,True
preview,SQUIDPY_MIBITOF,2,Tcell_CD4,180,preview::SQUIDPY_MIBITOF::fold_2::Tcell_CD4,0.3755102040816326,0.37037037037037035,0.3755102040816326,0.3755102040816326,0.3651452282157676,0.3821138211382114,0.3888888888888889,,,-0.005139833711262254,-0.005139833711262254,-0.01036497586586499,-0.01036497586586499,0.006603617056578803,-0.006775067750677488,,,False,False,False,False,False,False,True
preview,SQUIDPY_MIBITOF,2,Tcell_CD8,105,preview::SQUIDPY_MIBITOF::fold_2::Tcell_CD8,0.47852760736196315,0.49696969696969706,0.47852760736196315,0.47852760736196315,0.49397590361445776,0.4848484848484849,0.4578313253012048,,,0.018442089607733914,0.018442089607733914,0.015448296252494609,-0.002993793355239305,0.00632087748652177,0.00632087748652177,,,True,False,False,True,False,True,False
preview,SQUIDPY_MIBITOF,3,Endothelial,44,preview::SQUIDPY_MIBITOF::fold_3::Endothelial,0.6782608695652174,0.7037037037037037,0.6782608695652174,0.6782608695652174,0.7090909090909092,0.6724137931034482,0.6610169491525423,,,0.02544283413848636,0.02544283413848636,0.030830039525691855,0.005387205387205496,-0.005847076461769185,-0.005847076461769185,,,True,False,False,True,False,True,False
preview,SQUIDPY_MIBITOF,3,Epithelial,169,preview::SQUIDPY_MIBITOF::fold_3::Epithelial,0.9203539823008848,0.9064327485380118,0.9203539823008848,0.9203539823008848,0.9117647058823529,0.9112426035502958,0.9068322981366459,,,-0.01392123376287302,-0.01392123376287302,-0.00858927641853191,-0.00858927641853191,-0.009111378750588983,-0.009111378750588983,,,False,False,False,False,True,False,False
preview,SQUIDPY_MIBITOF,3,Fibroblast,118,preview::SQUIDPY_MIBITOF::fold_3::Fibroblast,0.788135593220339,0.7786885245901638,0.788135593220339,0.788135593220339,0.7966804979253113,0.7863247863247863,0.7982832618025751,,,-0.009447068630175193,-0.009447068630175193,0.008544904704972267,0.008544904704972267,-0.0018108068955526857,-0.011958475477788832,,,False,False,False,False,False,False,False
preview,SQUIDPY_MIBITOF,3,Imm_other,64,preview::SQUIDPY_MIBITOF::fold_3::Imm_other,0.26490066225165565,0.24203821656050953,0.26490066225165565,0.26490066225165565,0.24675324675324672,0.2580645161290323,0.24852071005917162,,,-0.02286244569114612,-0.02286244569114612,-0.018147415498408925,-0.018147415498408925,-0.006836146122623343,-0.006836146122623343,,,False,False,False,False,True,False,True
preview,SQUIDPY_MIBITOF,3,Myeloid_CD11c,16,preview::SQUIDPY_MIBITOF::fold_3::Myeloid_CD11c,0.27027027027027023,0.1904761904761905,0.27027027027027023,0.27027027027027023,0.2727272727272727,0.2857142857142857,0.25531914893617014,,,-0.07979407979407974,-0.07979407979407974,0.0024570024570024773,0.0024570024570024773,0.015444015444015469,0.015444015444015469,,,False,False,True,False,True,False,False
preview,SQUIDPY_MIBITOF,3,Myeloid_CD68,185,preview::SQUIDPY_MIBITOF::fold_3::Myeloid_CD68,0.5977859778597786,0.5606060606060606,0.5977859778597786,0.5977859778597786,0.5572519083969466,0.5606060606060606,0.5606060606060606,,,-0.03717991725371805,-0.03717991725371805,-0.040534069462832,-0.040534069462832,-0.03717991725371805,-0.03717991725371805,,,False,False,False,False,True,False,True
preview,SQUIDPY_MIBITOF,3,Tcell_CD4,29,preview::SQUIDPY_MIBITOF::fold_3::Tcell_CD4,0.4057971014492754,0.417910447761194,0.4057971014492754,0.4057971014492754,0.4117647058823529,0.42857142857142855,0.463768115942029,,,0.012113346311918627,0.012113346311918627,0.0059676044330775335,-0.006145741878841093,0.02277432712215316,-0.035196687370600444,,,True,False,False,True,False,False,False
preview,SQUIDPY_MIBITOF,3,Tcell_CD8,54,preview::SQUIDPY_MIBITOF::fold_3::Tcell_CD8,0.6142857142857143,0.6119402985074627,0.6142857142857143,0.6142857142857143,0.5899280575539568,0.6212121212121211,0.6176470588235294,,,-0.002345415778251647,-0.002345415778251647,-0.024357656731757493,-0.024357656731757493,0.006926406926406781,0.0035650623885916666,,,False,False,False,False,False,False,True
preview,SQUIDPY_SEQFISH,1,Allantois,9,preview::SQUIDPY_SEQFISH::fold_1::Allantois,0.36363636363636365,0.36363636363636365,0.36363636363636365,0.36363636363636365,0.36363636363636365,0.33333333333333326,0.3870967741935484,,,0.0,0.0,0.0,0.0,-0.030303030303030387,-0.05376344086021512,,,False,False,False,False,False,False,False
preview,SQUIDPY_SEQFISH,1,Anterior somitic tissues,19,preview::SQUIDPY_SEQFISH::fold_1::Anterior somitic tissues,0.125,0.18749999999999997,0.125,0.125,0.125,0.18749999999999997,0.17142857142857143,,,0.06249999999999997,0.06249999999999997,0.0,-0.06249999999999997,0.06249999999999997,0.016071428571428542,,,True,False,True,True,False,False,False
preview,SQUIDPY_SEQFISH,1,Cardiomyocytes,21,preview::SQUIDPY_SEQFISH::fold_1::Cardiomyocytes,0.6666666666666666,0.6666666666666666,0.6666666666666666,0.6666666666666666,0.6785714285714285,0.6909090909090908,0.6909090909090908,,,0.0,0.0,0.011904761904761862,0.011904761904761862,0.024242424242424176,0.0,,,False,True,False,False,False,True,False
preview,SQUIDPY_SEQFISH,1,Cranial mesoderm,37,preview::SQUIDPY_SEQFISH::fold_1::Cranial mesoderm,0.6129032258064517,0.5423728813559323,0.6129032258064517,0.6129032258064517,0.6129032258064517,0.5901639344262296,0.5901639344262296,,,-0.07053034445051942,-0.07053034445051942,0.0,0.0,-0.022739291380222126,-0.022739291380222126,,,False,False,False,False,True,False,False
preview,SQUIDPY_SEQFISH,1,Definitive endoderm,50,preview::SQUIDPY_SEQFISH::fold_1::Definitive endoderm,0.8282828282828283,0.8627450980392156,0.8282828282828283,0.8282828282828283,0.8399999999999999,0.822429906542056,0.8514851485148515,,,0.03446226975638733,0.03446226975638733,0.01171717171717157,-0.02274509803921576,-0.005852921740772232,-0.02905524197279541,,,True,False,False,True,False,True,False
preview,SQUIDPY_SEQFISH,1,Dermomyotome,56,preview::SQUIDPY_SEQFISH::fold_1::Dermomyotome,0.4324324324324324,0.4615384615384615,0.4324324324324324,0.4324324324324324,0.4324324324324324,0.4827586206896552,0.42857142857142855,,,0.029106029106029108,0.029106029106029108,0.0,-0.029106029106029108,0.05032618825722279,0.05032618825722279,,,True,False,True,True,False,False,False
preview,SQUIDPY_SEQFISH,1,Endothelium,65,preview::SQUIDPY_SEQFISH::fold_1::Endothelium,0.4761904761904762,0.4158415841584158,0.4761904761904762,0.4761904761904762,0.46153846153846156,0.4528301886792453,0.48148148148148145,,,-0.0603488920320604,-0.0603488920320604,-0.014652014652014655,-0.014652014652014655,-0.023360287511230926,-0.02865129280223616,,,False,False,False,False,True,False,True
preview,SQUIDPY_SEQFISH,1,Erythroid,86,preview::SQUIDPY_SEQFISH::fold_1::Erythroid,0.9189189189189189,0.9289617486338797,0.9189189189189189,0.9189189189189189,0.9289617486338797,0.9239130434782609,0.8947368421052632,,,0.010042829714960844,0.010042829714960844,0.010042829714960844,0.0,0.004994124559342006,0.004994124559342006,,,True,False,False,True,False,True,False
preview,SQUIDPY_SEQFISH,1,Forebrain/Midbrain/Hindbrain,25,preview::SQUIDPY_SEQFISH::fold_1::Forebrain/Midbrain/Hindbrain,0.6296296296296295,0.6296296296296295,0.6296296296296295,0.6296296296296295,0.6538461538461539,0.6538461538461539,0.5666666666666667,,,0.0,0.0,0.024216524216524316,0.024216524216524316,0.024216524216524316,0.024216524216524316,,,False,True,True,False,False,True,False
preview,SQUIDPY_SEQFISH,1,Gut tube,21,preview::SQUIDPY_SEQFISH::fold_1::Gut tube,0.6382978723404256,0.7142857142857143,0.6382978723404256,0.6382978723404256,0.6521739130434783,0.6222222222222222,0.6521739130434783,,,0.07598784194528874,0.07598784194528874,0.013876040703052706,-0.06211180124223603,-0.016075650118203333,-0.02995169082125604,,,True,False,False,True,False,True,False
preview,SQUIDPY_SEQFISH,1,Haematoendothelial progenitors,62,preview::SQUIDPY_SEQFISH::fold_1::Haematoendothelial progenitors,0.39999999999999997,0.36220472440944884,0.39999999999999997,0.39999999999999997,0.40944881889763785,0.3577235772357723,0.34710743801652894,,,-0.037795275590551125,-0.037795275590551125,0.009448818897637878,0.009448818897637878,-0.04227642276422766,-0.04227642276422766,,,False,False,False,False,True,False,False
preview,SQUIDPY_SEQFISH,1,Intermediate mesoderm,139,preview::SQUIDPY_SEQFISH::fold_1::Intermediate mesoderm,0.38095238095238093,0.3827751196172249,0.38095238095238093,0.38095238095238093,0.3827751196172249,0.41314553990610325,0.41860465116279066,,,0.001822738664843948,0.001822738664843948,0.001822738664843948,0.0,0.03219315895372232,-0.00545911125668741,,,False,False,False,False,False,False,False
preview,SQUIDPY_SEQFISH,1,Lateral plate mesoderm,75,preview::SQUIDPY_SEQFISH::fold_1::Lateral plate mesoderm,0.5786163522012578,0.5786163522012578,0.5786163522012578,0.5786163522012578,0.5838509316770187,0.5766871165644173,0.5921052631578947,,,0.0,0.0,0.005234579475760892,0.005234579475760892,-0.0019292356368405539,-0.0154181465934774,,,False,False,False,False,False,False,False
preview,SQUIDPY_SEQFISH,1,Mixed mesenchymal mesoderm,32,preview::SQUIDPY_SEQFISH::fold_1::Mixed mesenchymal mesoderm,0.71875,0.7301587301587302,0.71875,0.71875,0.71875,0.7301587301587302,0.5614035087719298,,,0.01140873015873023,0.01140873015873023,0.0,-0.01140873015873023,0.01140873015873023,0.01140873015873023,,,True,False,True,True,False,False,False
preview,SQUIDPY_SEQFISH,1,NMP,15,preview::SQUIDPY_SEQFISH::fold_1::NMP,0.13333333333333333,0.13793103448275862,0.13333333333333333,0.13333333333333333,0.12903225806451613,0.14814814814814814,0.13559322033898305,,,0.004597701149425287,0.004597701149425287,-0.004301075268817206,-0.008898776418242493,0.014814814814814808,0.01255492780916509,,,False,False,True,False,False,False,False
preview,SQUIDPY_SEQFISH,1,Neural crest,97,preview::SQUIDPY_SEQFISH::fold_1::Neural crest,0.8571428571428571,0.8484848484848486,0.8571428571428571,0.8571428571428571,0.8571428571428571,0.8780487804878049,0.8542713567839196,,,-0.008658008658008476,-0.008658008658008476,0.0,0.0,0.020905923344947785,0.020905923344947785,,,False,False,True,False,False,False,False
preview,SQUIDPY_SEQFISH,1,Presomitic mesoderm,4,preview::SQUIDPY_SEQFISH::fold_1::Presomitic mesoderm,0.04651162790697674,0.0425531914893617,0.04651162790697674,0.04651162790697674,0.045454545454545456,0.04761904761904762,0.04878048780487805,,,-0.0039584364176150355,-0.0039584364176150355,-0.0010570824524312808,-0.0010570824524312808,0.0011074197120708867,-0.0011614401858304271,,,False,False,False,False,False,False,False
preview,SQUIDPY_SEQFISH,1,Sclerotome,16,preview::SQUIDPY_SEQFISH::fold_1::Sclerotome,0.392156862745098,0.37037037037037035,0.392156862745098,0.392156862745098,0.392156862745098,0.4,0.36000000000000004,,,-0.02178649237472763,-0.02178649237472763,0.0,0.0,0.007843137254902044,0.007843137254902044,,,False,False,False,False,True,False,False
preview,SQUIDPY_SEQFISH,1,Spinal cord,64,preview::SQUIDPY_SEQFISH::fold_1::Spinal cord,0.42990654205607476,0.46296296296296297,0.42990654205607476,0.42990654205607476,0.4528301886792453,0.4800000000000001,0.4077669902912621,,,0.033056420906888206,0.033056420906888206,0.022923646623170535,-0.010132774283717672,0.050093457943925335,0.050093457943925335,,,True,False,True,True,False,True,False
preview,SQUIDPY_SEQFISH,1,Splanchnic mesoderm,162,preview::SQUIDPY_SEQFISH::fold_1::Splanchnic mesoderm,0.8385093167701863,0.8463949843260188,0.8385093167701863,0.8385093167701863,0.8421052631578948,0.8482972136222912,0.8206686930091186,,,0.007885667555832532,0.007885667555832532,0.0035959463877085485,-0.004289721168123983,0.009787896852104905,0.009787896852104905,,,False,False,False,False,False,False,False
preview,SQUIDPY_SEQFISH,1,Surface ectoderm,82,preview::SQUIDPY_SEQFISH::fold_1::Surface ectoderm,0.868421052631579,0.868421052631579,0.868421052631579,0.868421052631579,0.868421052631579,0.8800000000000001,0.8590604026845637,,,0.0,0.0,0.0,0.0,0.011578947368421133,0.011578947368421133,,,False,False,True,False,False,False,False
preview,SQUIDPY_SEQFISH,2,Allantois,16,preview::SQUIDPY_SEQFISH::fold_2::Allantois,0.1111111111111111,0.10526315789473684,0.1111111111111111,0.1111111111111111,0.10526315789473684,0.1111111111111111,0.1111111111111111,,,-0.005847953216374269,-0.005847953216374269,-0.005847953216374269,-0.005847953216374269,0.0,0.0,,,False,False,False,False,False,False,False
preview,SQUIDPY_SEQFISH,2,Anterior somitic tissues,24,preview::SQUIDPY_SEQFISH::fold_2::Anterior somitic tissues,0.3170731707317073,0.3170731707317073,0.32098765432098764,0.3170731707317073,0.33333333333333337,0.3132530120481928,0.3170731707317073,,,0.0,-0.003914483589280315,0.01626016260162605,0.012345679012345734,-0.0038201586835145407,-0.0038201586835145407,,,False,True,False,False,False,True,False
preview,SQUIDPY_SEQFISH,2,Cardiomyocytes,1,preview::SQUIDPY_SEQFISH::fold_2::Cardiomyocytes,0.2857142857142857,0.2222222222222222,0.25,0.2857142857142857,0.18181818181818182,0.2857142857142857,0.4,,,-0.06349206349206349,-0.06349206349206349,-0.10389610389610388,-0.10389610389610388,0.0,-0.11428571428571432,,,False,False,False,False,False,False,False
preview,SQUIDPY_SEQFISH,2,Cranial mesoderm,56,preview::SQUIDPY_SEQFISH::fold_2::Cranial mesoderm,0.7809523809523811,0.7809523809523811,0.7809523809523811,0.7809523809523811,0.7809523809523811,0.7809523809523811,0.7809523809523811,,,0.0,0.0,0.0,0.0,0.0,0.0,,,False,False,False,False,False,False,False
preview,SQUIDPY_SEQFISH,2,Definitive endoderm,56,preview::SQUIDPY_SEQFISH::fold_2::Definitive endoderm,0.9016393442622951,0.9166666666666665,0.9090909090909091,0.9016393442622951,0.9016393442622951,0.9090909090909091,0.9243697478991596,,,0.015027322404371435,0.007575757575757458,0.0,-0.015027322404371435,0.007451564828613977,-0.015278838808250539,,,False,False,False,True,False,False,False
preview,SQUIDPY_SEQFISH,2,Dermomyotome,69,preview::SQUIDPY_SEQFISH::fold_2::Dermomyotome,0.6,0.5470085470085471,0.5950413223140496,0.6,0.5853658536585366,0.5833333333333334,0.6101694915254238,,,-0.052991452991452914,-0.052991452991452914,-0.014634146341463428,-0.014634146341463428,-0.016666666666666607,-0.026836158192090398,,,False,False,False,False,True,False,True
preview,SQUIDPY_SEQFISH,2,Endothelium,50,preview::SQUIDPY_SEQFISH::fold_2::Endothelium,0.10344827586206896,0.10344827586206896,0.10344827586206896,0.10344827586206896,0.09999999999999999,0.10344827586206896,0.16393442622950818,,,0.0,0.0,-0.0034482758620689724,-0.0034482758620689724,0.0,-0.06048615036743922,,,False,False,False,False,False,False,False
preview,SQUIDPY_SEQFISH,2,Erythroid,40,preview::SQUIDPY_SEQFISH::fold_2::Erythroid,0.9195402298850576,0.9523809523809523,0.9195402298850576,0.9195402298850576,0.9302325581395349,0.9195402298850576,0.9195402298850576,,,0.03284072249589476,0.03284072249589476,0.010692328254477301,-0.022148394241417457,0.0,0.0,,,True,False,False,True,False,True,False
preview,SQUIDPY_SEQFISH,2,Forebrain/Midbrain/Hindbrain,43,preview::SQUIDPY_SEQFISH::fold_2::Forebrain/Midbrain/Hindbrain,0.9333333333333332,0.9333333333333332,0.9438202247191011,0.9333333333333332,0.9333333333333332,0.9438202247191011,0.9032258064516129,,,0.0,-0.01048689138576786,0.0,-0.01048689138576786,0.01048689138576786,0.01048689138576786,,,False,False,True,False,False,False,False
preview,SQUIDPY_SEQFISH,2,Gut tube,68,preview::SQUIDPY_SEQFISH::fold_2::Gut tube,0.8292682926829268,0.8455284552845528,0.8292682926829268,0.8292682926829268,0.8130081300813008,0.8292682926829268,0.8387096774193549,,,0.016260162601625994,0.016260162601625994,-0.016260162601625994,-0.03252032520325199,0.0,-0.009441384736428082,,,True,False,False,True,False,False,True
preview,SQUIDPY_SEQFISH,2,Haematoendothelial progenitors,70,preview::SQUIDPY_SEQFISH::fold_2::Haematoendothelial progenitors,0.6101694915254237,0.5780346820809249,0.6101694915254237,0.6101694915254237,0.569767441860465,0.6101694915254237,0.6046511627906976,,,-0.03213480944449876,-0.03213480944449876,-0.04040204966495864,-0.04040204966495864,0.0,0.0,,,False,False,False,False,True,False,True
preview,SQUIDPY_SEQFISH,2,Intermediate mesoderm,69,preview::SQUIDPY_SEQFISH::fold_2::Intermediate mesoderm,0.2727272727272727,0.2727272727272727,0.2727272727272727,0.2727272727272727,0.27906976744186046,0.2727272727272727,0.2666666666666666,,,0.0,0.0,0.006342494714587754,0.006342494714587754,0.0,0.0,,,False,False,False,False,False,False,False
preview,SQUIDPY_SEQFISH,2,Lateral plate mesoderm,157,preview::SQUIDPY_SEQFISH::fold_2::Lateral plate mesoderm,0.7404844290657439,0.7465753424657534,0.7379310344827587,0.7404844290657439,0.7397260273972602,0.7379310344827587,0.7310344827586206,,,0.006090913400009557,0.006090913400009557,-0.0007584016684836214,-0.006849315068493178,-0.0025533945829852023,-0.0025533945829852023,,,False,False,False,False,False,False,False
preview,SQUIDPY_SEQFISH,2,Mixed mesenchymal mesoderm,65,preview::SQUIDPY_SEQFISH::fold_2::Mixed mesenchymal mesoderm,0.7862068965517242,0.7857142857142856,0.7777777777777778,0.7862068965517242,0.7801418439716312,0.7916666666666667,0.7862068965517242,,,-0.0004926108374385674,-0.0004926108374385674,-0.006065052580092933,-0.006065052580092933,0.005459770114942586,0.005459770114942586,,,False,False,False,False,False,False,False
preview,SQUIDPY_SEQFISH,2,NMP,13,preview::SQUIDPY_SEQFISH::fold_2::NMP,0.1935483870967742,0.23529411764705882,0.20689655172413793,0.1935483870967742,0.15384615384615385,0.20689655172413793,0.20689655172413793,,,0.04174573055028463,0.028397565922920892,-0.039702233250620333,-0.08144796380090497,0.01334816462736374,0.0,,,True,False,False,True,False,False,True
preview,SQUIDPY_SEQFISH,2,Neural crest,11,preview::SQUIDPY_SEQFISH::fold_2::Neural crest,0.5925925925925926,0.64,0.5925925925925926,0.5925925925925926,0.64,0.5925925925925926,0.5714285714285714,,,0.047407407407407454,0.047407407407407454,0.047407407407407454,0.0,0.0,0.0,,,True,False,False,True,False,True,False
preview,SQUIDPY_SEQFISH,2,Presomitic mesoderm,3,preview::SQUIDPY_SEQFISH::fold_2::Presomitic mesoderm,0.25,0.4444444444444444,0.4444444444444444,0.25,0.2222222222222222,0.25,0.28571428571428575,,,0.19444444444444442,0.0,-0.02777777777777779,-0.2222222222222222,0.0,-0.035714285714285754,,,False,False,False,False,False,False,False
preview,SQUIDPY_SEQFISH,2,Sclerotome,21,preview::SQUIDPY_SEQFISH::fold_2::Sclerotome,0.22727272727272724,0.2641509433962264,0.21739130434782608,0.22727272727272724,0.23529411764705882,0.22727272727272724,0.23255813953488372,,,0.036878216123499175,0.036878216123499175,0.008021390374331583,-0.02885682574916759,0.0,-0.00528541226215648,,,True,False,False,True,False,False,False
preview,SQUIDPY_SEQFISH,2,Spinal cord,27,preview::SQUIDPY_SEQFISH::fold_2::Spinal cord,0.4615384615384615,0.4897959183673469,0.5185185185185185,0.4615384615384615,0.5964912280701755,0.5185185185185185,0.5185185185185185,,,0.02825745682888542,-0.028722600151171562,0.134952766531714,0.07797270955165703,0.05698005698005698,0.0,,,False,True,False,True,False,True,False
preview,SQUIDPY_SEQFISH,2,Splanchnic mesoderm,29,preview::SQUIDPY_SEQFISH::fold_2::Splanchnic mesoderm,0.576271186440678,0.6000000000000001,0.5862068965517241,0.576271186440678,0.6101694915254238,0.6000000000000001,0.5806451612903226,,,0.023728813559322104,0.013793103448276,0.03389830508474578,0.01016949152542368,0.023728813559322104,0.01935483870967747,,,True,True,True,True,False,True,False
preview,SQUIDPY_SEQFISH,2,Surface ectoderm,39,preview::SQUIDPY_SEQFISH::fold_2::Surface ectoderm,0.7435897435897437,0.7499999999999999,0.7532467532467534,0.7435897435897437,0.7631578947368421,0.7435897435897437,0.7792207792207793,,,0.0064102564102561654,-0.0032467532467534976,0.019568151147098423,0.00991114149008876,0.0,-0.035631035631035535,,,False,False,False,False,False,True,False
preview,SQUIDPY_SEQFISH,3,Allantois,1,preview::SQUIDPY_SEQFISH::fold_3::Allantois,0.0,0.0,0.0,0.0,0.0,0.0,0.0,,,0.0,0.0,0.0,0.0,0.0,0.0,,,False,False,False,False,False,False,False
preview,SQUIDPY_SEQFISH,3,Anterior somitic tissues,12,preview::SQUIDPY_SEQFISH::fold_3::Anterior somitic tissues,0.3,0.23529411764705882,0.3,0.380952380952381,0.3,0.380952380952381,0.380952380952381,,,-0.06470588235294117,-0.14565826330532217,0.0,-0.080952380952381,0.080952380952381,0.0,,,False,False,False,False,True,False,False
preview,SQUIDPY_SEQFISH,3,Cardiomyocytes,68,preview::SQUIDPY_SEQFISH::fold_3::Cardiomyocytes,0.9315068493150686,0.912751677852349,0.9379310344827586,0.9006622516556291,0.9315068493150686,0.9315068493150686,0.9315068493150686,,,-0.018755171462719544,-0.0251793566304096,0.0,-0.006424185167690055,0.0,0.0,,,False,False,False,False,True,False,False
preview,SQUIDPY_SEQFISH,3,Cranial mesoderm,102,preview::SQUIDPY_SEQFISH::fold_3::Cranial mesoderm,0.8362068965517242,0.8398268398268398,0.8362068965517242,0.8398268398268398,0.8340425531914895,0.8412017167381974,0.8412017167381974,,,0.0036199432751156113,0.0,-0.002164343360234744,-0.005784286635350355,0.004994820186473237,0.0,,,False,False,False,False,False,False,False
preview,SQUIDPY_SEQFISH,3,Definitive endoderm,16,preview::SQUIDPY_SEQFISH::fold_3::Definitive endoderm,0.41509433962264153,0.4,0.4074074074074074,0.40816326530612246,0.4074074074074074,0.4074074074074074,0.3846153846153846,,,-0.015094339622641506,-0.015094339622641506,-0.0076869322152341435,-0.0076869322152341435,-0.0076869322152341435,-0.0076869322152341435,,,False,False,False,False,True,False,False
preview,SQUIDPY_SEQFISH,3,Dermomyotome,31,preview::SQUIDPY_SEQFISH::fold_3::Dermomyotome,0.23300970873786409,0.28402366863905326,0.23529411764705882,0.23762376237623759,0.2412060301507538,0.2412060301507538,0.23414634146341462,,,0.051013959901189176,0.04639990626281568,0.008196321412889701,-0.042817638488299475,0.008196321412889701,0.007059688687339166,,,True,False,False,True,False,False,False
preview,SQUIDPY_SEQFISH,3,Endothelium,57,preview::SQUIDPY_SEQFISH::fold_3::Endothelium,0.6938775510204083,0.7086614173228346,0.6986301369863014,0.7083333333333333,0.6891891891891893,0.703448275862069,0.703448275862069,,,0.01478386630242634,0.00032808398950134876,-0.004688361831219012,-0.019472228133645353,0.009570724841660772,0.0,,,False,False,False,True,False,False,False
preview,SQUIDPY_SEQFISH,3,Erythroid,21,preview::SQUIDPY_SEQFISH::fold_3::Erythroid,0.6363636363636364,0.9333333333333333,0.711864406779661,0.6363636363636364,0.6666666666666666,0.6666666666666666,0.65625,,,0.296969696969697,0.22146892655367234,0.030303030303030276,-0.2666666666666667,0.030303030303030276,0.01041666666666663,,,True,False,True,True,False,True,False
preview,SQUIDPY_SEQFISH,3,Forebrain/Midbrain/Hindbrain,135,preview::SQUIDPY_SEQFISH::fold_3::Forebrain/Midbrain/Hindbrain,0.8436363636363636,0.8571428571428572,0.8571428571428572,0.8509090909090908,0.8375451263537905,0.8405797101449275,0.8478260869565217,,,0.013506493506493578,0.0,-0.006091237282573103,-0.01959773078906668,-0.0030566534914361343,-0.007246376811594235,,,False,False,False,True,False,False,False
preview,SQUIDPY_SEQFISH,3,Gut tube,126,preview::SQUIDPY_SEQFISH::fold_3::Gut tube,0.7829457364341086,0.7854251012145748,0.7843137254901961,0.7984790874524714,0.7782101167315175,0.7829457364341086,0.7812500000000001,,,0.0024793647804661756,-0.013053986237896664,-0.004735619702591065,-0.020268970720953905,0.0,0.0,,,False,False,False,False,False,False,False
preview,SQUIDPY_SEQFISH,3,Haematoendothelial progenitors,54,preview::SQUIDPY_SEQFISH::fold_3::Haematoendothelial progenitors,0.4337349397590361,0.5567010309278351,0.43902439024390244,0.45977011494252873,0.4197530864197531,0.44705882352941173,0.4523809523809524,,,0.12296609116879897,0.09693091598530634,-0.013981853339282979,-0.13694794450808195,0.013323883770375633,-0.005322128851540653,,,True,False,False,True,False,False,True
preview,SQUIDPY_SEQFISH,3,Intermediate mesoderm,7,preview::SQUIDPY_SEQFISH::fold_3::Intermediate mesoderm,0.11764705882352941,0.1111111111111111,0.11764705882352941,0.125,0.11764705882352941,0.125,0.11764705882352941,,,-0.006535947712418305,-0.013888888888888895,0.0,-0.00735294117647059,0.00735294117647059,0.00735294117647059,,,False,False,False,False,False,False,False
preview,SQUIDPY_SEQFISH,3,Lateral plate mesoderm,12,preview::SQUIDPY_SEQFISH::fold_3::Lateral plate mesoderm,0.4615384615384615,0.4799999999999999,0.4615384615384615,0.5,0.489795918367347,0.4615384615384615,0.45283018867924524,,,0.018461538461538418,-0.020000000000000073,0.028257456828885474,-0.010204081632653017,0.0,0.0,,,False,False,False,True,False,True,False
preview,SQUIDPY_SEQFISH,3,Mixed mesenchymal mesoderm,53,preview::SQUIDPY_SEQFISH::fold_3::Mixed mesenchymal mesoderm,0.7777777777777778,0.7441860465116279,0.7555555555555555,0.7586206896551724,0.7912087912087911,0.7640449438202246,0.7640449438202246,,,-0.03359173126614989,-0.03359173126614989,0.013431013431013272,0.013431013431013272,-0.013732833957553203,-0.013732833957553203,,,False,True,False,False,True,True,False
preview,SQUIDPY_SEQFISH,3,NMP,6,preview::SQUIDPY_SEQFISH::fold_3::NMP,0.0,0.13333333333333333,0.0,0.0,0.0,0.0,0.0,,,0.13333333333333333,0.13333333333333333,0.0,-0.13333333333333333,0.0,0.0,,,False,False,False,False,False,False,False
preview,SQUIDPY_SEQFISH,3,Neural crest,124,preview::SQUIDPY_SEQFISH::fold_3::Neural crest,0.7722772277227723,0.8224299065420562,0.7783251231527093,0.7843137254901961,0.7843137254901961,0.7722772277227723,0.7722772277227723,,,0.05015267881928387,0.0381161810518601,0.01203649776742377,-0.0381161810518601,0.0,0.0,,,True,False,False,True,False,True,False
preview,SQUIDPY_SEQFISH,3,Presomitic mesoderm,270,preview::SQUIDPY_SEQFISH::fold_3::Presomitic mesoderm,0.526595744680851,0.68384074941452,0.5483028720626631,0.5572916666666667,0.5684754521963824,0.5721649484536083,0.5459317585301838,,,0.15724500473366898,0.12654908274785326,0.041879707515531384,-0.1153652972181376,0.045569203772757305,0.026233189923424494,,,True,False,True,True,False,True,False
preview,SQUIDPY_SEQFISH,3,Sclerotome,11,preview::SQUIDPY_SEQFISH::fold_3::Sclerotome,0.16666666666666669,0.16666666666666669,0.16666666666666669,0.16666666666666669,0.16666666666666669,0.16666666666666669,0.16666666666666669,,,0.0,0.0,0.0,0.0,0.0,0.0,,,False,False,False,False,False,False,False
preview,SQUIDPY_SEQFISH,3,Spinal cord,38,preview::SQUIDPY_SEQFISH::fold_3::Spinal cord,0.32653061224489793,0.09523809523809525,0.3333333333333333,0.32653061224489793,0.2978723404255319,0.3333333333333333,0.3333333333333333,,,-0.2312925170068027,-0.23809523809523808,-0.028658271819366032,-0.035460992907801414,0.006802721088435382,0.0,,,False,False,False,False,True,False,True
preview,SQUIDPY_SEQFISH,3,Splanchnic mesoderm,33,preview::SQUIDPY_SEQFISH::fold_3::Splanchnic mesoderm,0.8333333333333333,0.8732394366197183,0.821917808219178,0.8333333333333333,0.8695652173913043,0.8333333333333333,0.821917808219178,,,0.039906103286385,0.039906103286385,0.036231884057971064,-0.003674219228413933,0.0,0.0,,,True,False,False,True,False,True,False
preview,SQUIDPY_SEQFISH,3,Surface ectoderm,102,preview::SQUIDPY_SEQFISH::fold_3::Surface ectoderm,0.782608695652174,0.8105263157894737,0.7934782608695653,0.7845303867403314,0.7759562841530053,0.7802197802197801,0.7868852459016393,,,0.027917620137299703,0.01704805491990835,-0.00665241149916862,-0.034570031636468324,-0.0023889154323938344,-0.006665465681859217,,,True,False,False,True,False,False,False
preview,SQUIDPY_SEQFISH,4,Allantois,28,preview::SQUIDPY_SEQFISH::fold_4::Allantois,0.3508771929824561,0.36363636363636365,0.35714285714285715,0.3508771929824561,0.3666666666666667,0.41269841269841273,0.4067796610169491,,,0.012759170653907526,0.006493506493506496,0.015789473684210575,0.00303030303030305,0.06182121971595661,0.005918751681463608,,,False,False,False,True,False,True,False
preview,SQUIDPY_SEQFISH,4,Anterior somitic tissues,10,preview::SQUIDPY_SEQFISH::fold_4::Anterior somitic tissues,0.4210526315789474,0.4210526315789474,0.4210526315789474,0.4210526315789474,0.5,0.4210526315789474,0.4210526315789474,,,0.0,0.0,0.0789473684210526,0.0789473684210526,0.0,0.0,,,False,True,False,False,False,True,False
preview,SQUIDPY_SEQFISH,4,Cardiomyocytes,46,preview::SQUIDPY_SEQFISH::fold_4::Cardiomyocytes,0.9292929292929293,0.92,0.92,0.9292929292929293,0.9387755102040816,0.9387755102040816,0.92,,,-0.009292929292929242,-0.009292929292929242,0.009482580911152283,0.009482580911152283,0.009482580911152283,0.009482580911152283,,,False,False,False,False,False,False,False
preview,SQUIDPY_SEQFISH,4,Cranial mesoderm,71,preview::SQUIDPY_SEQFISH::fold_4::Cranial mesoderm,0.8979591836734694,0.8979591836734694,0.8979591836734694,0.8979591836734694,0.8979591836734694,0.8979591836734694,0.8979591836734694,,,0.0,0.0,0.0,0.0,0.0,0.0,,,False,False,False,False,False,False,False
preview,SQUIDPY_SEQFISH,4,Definitive endoderm,63,preview::SQUIDPY_SEQFISH::fold_4::Definitive endoderm,0.8309859154929577,0.8194444444444445,0.8194444444444445,0.8309859154929577,0.8251748251748251,0.8194444444444445,0.8194444444444445,,,-0.011541471048513219,-0.011541471048513219,-0.00581109031813265,-0.00581109031813265,-0.011541471048513219,-0.011541471048513219,,,False,False,False,False,True,False,False
preview,SQUIDPY_SEQFISH,4,Dermomyotome,95,preview::SQUIDPY_SEQFISH::fold_4::Dermomyotome,0.6012269938650308,0.5925925925925926,0.5975609756097561,0.6012269938650308,0.6086956521739131,0.593939393939394,0.6049382716049384,,,-0.008634401272438197,-0.008634401272438197,0.0074686583088823255,0.0074686583088823255,-0.007287599925636767,-0.010998877665544415,,,False,False,False,False,False,False,False
preview,SQUIDPY_SEQFISH,4,Endothelium,47,preview::SQUIDPY_SEQFISH::fold_4::Endothelium,0.6774193548387096,0.6611570247933884,0.6721311475409836,0.6774193548387096,0.6935483870967742,0.688,0.6829268292682927,,,-0.016262330045321183,-0.016262330045321183,0.016129032258064613,0.016129032258064613,0.010580645161290314,0.0050731707317072106,,,False,True,False,False,True,True,False
preview,SQUIDPY_SEQFISH,4,Erythroid,15,preview::SQUIDPY_SEQFISH::fold_4::Erythroid,0.625,0.7317073170731707,0.6818181818181819,0.625,0.6818181818181819,0.7317073170731707,0.6666666666666666,,,0.10670731707317072,0.04988913525498884,0.05681818181818188,-0.04988913525498884,0.10670731707317072,0.06504065040650409,,,True,False,True,True,False,True,False
preview,SQUIDPY_SEQFISH,4,Forebrain/Midbrain/Hindbrain,66,preview::SQUIDPY_SEQFISH::fold_4::Forebrain/Midbrain/Hindbrain,0.7702702702702704,0.778523489932886,0.778523489932886,0.7702702702702704,0.7682119205298014,0.7814569536423842,0.778523489932886,,,0.008253219662615607,0.0,-0.0020583497404690343,-0.010311569403084642,0.011186683372113815,0.0029334637094982075,,,False,False,False,False,False,False,False
preview,SQUIDPY_SEQFISH,4,Gut tube,50,preview::SQUIDPY_SEQFISH::fold_4::Gut tube,0.8125,0.8297872340425532,0.8125,0.8125,0.8210526315789474,0.8297872340425532,0.8210526315789474,,,0.017287234042553168,0.017287234042553168,0.008552631578947367,-0.0087346024636058,0.017287234042553168,0.0087346024636058,,,True,False,False,True,False,False,False
preview,SQUIDPY_SEQFISH,4,Haematoendothelial progenitors,48,preview::SQUIDPY_SEQFISH::fold_4::Haematoendothelial progenitors,0.30303030303030304,0.29411764705882354,0.30303030303030304,0.30303030303030304,0.30303030303030304,0.3125,0.3076923076923077,,,-0.0089126559714795,-0.0089126559714795,0.0,0.0,0.009469696969696961,0.004807692307692291,,,False,False,False,False,False,False,False
preview,SQUIDPY_SEQFISH,4,Intermediate mesoderm,62,preview::SQUIDPY_SEQFISH::fold_4::Intermediate mesoderm,0.3488372093023256,0.35714285714285715,0.3488372093023256,0.3488372093023256,0.3255813953488372,0.3414634146341463,0.3488372093023256,,,0.00830564784053156,0.00830564784053156,-0.023255813953488413,-0.031561461794019974,-0.007373794668179279,-0.007373794668179279,,,False,False,False,False,False,False,True
preview,SQUIDPY_SEQFISH,4,Lateral plate mesoderm,19,preview::SQUIDPY_SEQFISH::fold_4::Lateral plate mesoderm,0.35294117647058826,0.35294117647058826,0.34615384615384615,0.35294117647058826,0.375,0.36,0.34615384615384615,,,0.0,0.0,0.022058823529411742,0.022058823529411742,0.0070588235294117285,0.0070588235294117285,,,False,True,False,False,False,True,False
preview,SQUIDPY_SEQFISH,4,Mixed mesenchymal mesoderm,50,preview::SQUIDPY_SEQFISH::fold_4::Mixed mesenchymal mesoderm,0.7079646017699115,0.6949152542372881,0.689655172413793,0.7079646017699115,0.7017543859649122,0.7142857142857142,0.7079646017699115,,,-0.013049347532623434,-0.013049347532623434,-0.006210215804999253,-0.006210215804999253,0.006321112515802696,0.006321112515802696,,,False,False,False,False,True,False,False
preview,SQUIDPY_SEQFISH,4,NMP,49,preview::SQUIDPY_SEQFISH::fold_4::NMP,0.03333333333333333,0.032786885245901634,0.032786885245901634,0.03333333333333333,0.032786885245901634,0.03333333333333333,0.032786885245901634,,,-0.0005464480874316988,-0.0005464480874316988,-0.0005464480874316988,-0.0005464480874316988,0.0,0.0,,,False,False,False,False,False,False,False
preview,SQUIDPY_SEQFISH,4,Neural crest,14,preview::SQUIDPY_SEQFISH::fold_4::Neural crest,0.7647058823529412,0.7647058823529412,0.7647058823529412,0.7647058823529412,0.7647058823529412,0.742857142857143,0.7647058823529412,,,0.0,0.0,0.0,0.0,-0.02184873949579824,-0.02184873949579824,,,False,False,False,False,False,False,False
preview,SQUIDPY_SEQFISH,4,Presomitic mesoderm,19,preview::SQUIDPY_SEQFISH::fold_4::Presomitic mesoderm,0.23255813953488372,0.1818181818181818,0.1818181818181818,0.23255813953488372,0.17777777777777778,0.186046511627907,0.21739130434782608,,,-0.05073995771670192,-0.05073995771670192,-0.05478036175710593,-0.05478036175710593,-0.046511627906976716,-0.046511627906976716,,,False,False,False,False,True,False,True
preview,SQUIDPY_SEQFISH,4,Sclerotome,3,preview::SQUIDPY_SEQFISH::fold_4::Sclerotome,0.0,0.0,0.0,0.0,0.0,0.0,0.0,,,0.0,0.0,0.0,0.0,0.0,0.0,,,False,False,False,False,False,False,False
preview,SQUIDPY_SEQFISH,4,Spinal cord,97,preview::SQUIDPY_SEQFISH::fold_4::Spinal cord,0.449438202247191,0.4640883977900553,0.449438202247191,0.449438202247191,0.45714285714285713,0.4725274725274725,0.4519774011299435,,,0.014650195542864286,0.014650195542864286,0.00770465489566613,-0.006945540647198156,0.023089270280281515,0.020550071397529013,,,True,False,True,True,False,False,False
preview,SQUIDPY_SEQFISH,4,Splanchnic mesoderm,41,preview::SQUIDPY_SEQFISH::fold_4::Splanchnic mesoderm,0.7901234567901235,0.810126582278481,0.810126582278481,0.7901234567901235,0.8250000000000001,0.8250000000000001,0.8,,,0.020003125488357476,0.0,0.03487654320987654,0.014873417721519067,0.03487654320987654,0.025000000000000022,,,False,True,True,True,False,True,False
preview,SQUIDPY_SEQFISH,4,Surface ectoderm,28,preview::SQUIDPY_SEQFISH::fold_4::Surface ectoderm,0.8070175438596492,0.8214285714285714,0.8214285714285714,0.8070175438596492,0.8135593220338982,0.8363636363636364,0.8214285714285714,,,0.014411027568922208,0.0,0.006541778174249058,-0.00786924939467315,0.02934609250398723,0.014935064935065023,,,False,False,True,True,False,False,False
preview,SQUIDPY_SEQFISH,5,Allantois,23,preview::SQUIDPY_SEQFISH::fold_5::Allantois,0.06666666666666667,0.12500000000000003,0.09836065573770492,0.06666666666666667,0.10344827586206898,0.06557377049180328,0.06666666666666667,,,0.05833333333333336,0.02663934426229511,0.03678160919540231,-0.02155172413793105,-0.0010928961748633836,-0.0010928961748633836,,,True,False,False,True,False,True,False
preview,SQUIDPY_SEQFISH,5,Anterior somitic tissues,47,preview::SQUIDPY_SEQFISH::fold_5::Anterior somitic tissues,0.2702702702702703,0.1935483870967742,0.2702702702702703,0.24324324324324323,0.2702702702702703,0.2702702702702703,0.2933333333333334,,,-0.0767218831734961,-0.0767218831734961,0.0,0.0,0.0,-0.023063063063063105,,,False,False,False,False,True,False,False
preview,SQUIDPY_SEQFISH,5,Cardiomyocytes,164,preview::SQUIDPY_SEQFISH::fold_5::Cardiomyocytes,0.9723076923076923,0.9818181818181818,0.9785932721712537,0.9785932721712537,0.9815950920245398,0.9785932721712537,0.9785932721712537,,,0.009510489510489495,0.00322490964692812,0.009287399716847444,-0.00022308979364205062,0.006285579863561375,0.0,,,False,False,False,False,False,False,False
preview,SQUIDPY_SEQFISH,5,Cranial mesoderm,34,preview::SQUIDPY_SEQFISH::fold_5::Cranial mesoderm,0.6944444444444445,0.7164179104477613,0.7042253521126761,0.6944444444444445,0.7042253521126761,0.7042253521126761,0.6944444444444445,,,0.021973466003316733,0.012192558335085146,0.009780907668231587,-0.012192558335085146,0.009780907668231587,0.009780907668231587,,,True,False,False,True,False,False,False
preview,SQUIDPY_SEQFISH,5,Definitive endoderm,28,preview::SQUIDPY_SEQFISH::fold_5::Definitive endoderm,0.78125,0.8421052631578947,0.819672131147541,0.806451612903226,0.806451612903226,0.7936507936507937,0.7936507936507937,,,0.06085526315789469,0.022433132010353685,0.02520161290322598,-0.03565365025466871,0.012400793650793718,0.0,,,True,False,False,True,False,True,False
preview,SQUIDPY_SEQFISH,5,Dermomyotome,49,preview::SQUIDPY_SEQFISH::fold_5::Dermomyotome,0.5070422535211268,0.5714285714285714,0.5070422535211268,0.5142857142857143,0.4857142857142857,0.5070422535211268,0.5070422535211268,,,0.06438631790744465,0.05714285714285705,-0.02132796780684104,-0.08571428571428569,0.0,0.0,,,True,False,False,True,False,False,True
preview,SQUIDPY_SEQFISH,5,Endothelium,81,preview::SQUIDPY_SEQFISH::fold_5::Endothelium,0.7926829268292682,0.676056338028169,0.7901234567901234,0.773006134969325,0.7682926829268293,0.787878787878788,0.787878787878788,,,-0.11662658880109922,-0.11662658880109922,-0.024390243902438935,-0.024390243902438935,-0.004804138950480263,-0.004804138950480263,,,False,False,False,False,True,False,True
preview,SQUIDPY_SEQFISH,5,Erythroid,138,preview::SQUIDPY_SEQFISH::fold_5::Erythroid,0.989247311827957,0.9928057553956835,0.9928057553956835,0.9928057553956835,0.989247311827957,0.9928057553956835,0.9928057553956835,,,0.003558443567726499,0.0,0.0,-0.003558443567726499,0.003558443567726499,0.0,,,False,False,False,False,False,False,False
preview,SQUIDPY_SEQFISH,5,Forebrain/Midbrain/Hindbrain,31,preview::SQUIDPY_SEQFISH::fold_5::Forebrain/Midbrain/Hindbrain,0.8181818181818182,0.8307692307692308,0.8181818181818182,0.8181818181818182,0.8307692307692308,0.8181818181818182,0.7999999999999999,,,0.012587412587412583,0.012587412587412583,0.012587412587412583,0.0,0.0,0.0,,,True,False,False,True,False,True,False
preview,SQUIDPY_SEQFISH,5,Gut tube,35,preview::SQUIDPY_SEQFISH::fold_5::Gut tube,0.7619047619047619,0.8857142857142857,0.7619047619047619,0.7812500000000001,0.7619047619047619,0.7619047619047619,0.7619047619047619,,,0.12380952380952381,0.10446428571428557,0.0,-0.12380952380952381,0.0,0.0,,,True,False,False,True,False,False,False
preview,SQUIDPY_SEQFISH,5,Haematoendothelial progenitors,66,preview::SQUIDPY_SEQFISH::fold_5::Haematoendothelial progenitors,0.4339622641509434,0.4444444444444445,0.4444444444444444,0.42592592592592593,0.41904761904761906,0.41904761904761906,0.41904761904761906,,,0.010482180293501064,5.551115123125783e-17,-0.014914645103324353,-0.025396825396825418,-0.014914645103324353,-0.014914645103324353,,,False,False,False,True,False,False,True
preview,SQUIDPY_SEQFISH,5,Intermediate mesoderm,23,preview::SQUIDPY_SEQFISH::fold_5::Intermediate mesoderm,0.07142857142857142,0.0,0.07142857142857142,0.07407407407407408,0.07692307692307691,0.07142857142857142,0.07142857142857142,,,-0.07142857142857142,-0.07407407407407408,0.005494505494505489,0.0028490028490028296,0.0,0.0,,,False,False,False,False,True,False,False
preview,SQUIDPY_SEQFISH,5,Lateral plate mesoderm,37,preview::SQUIDPY_SEQFISH::fold_5::Lateral plate mesoderm,0.5362318840579711,0.5606060606060607,0.5362318840579711,0.5441176470588236,0.5323741007194245,0.5362318840579711,0.5362318840579711,,,0.0243741765480896,0.01648841354723707,-0.003857783338546583,-0.028231959886636182,0.0,0.0,,,True,False,False,True,False,False,False
preview,SQUIDPY_SEQFISH,5,Mixed mesenchymal mesoderm,100,preview::SQUIDPY_SEQFISH::fold_5::Mixed mesenchymal mesoderm,0.6225165562913907,0.6040268456375839,0.6133333333333333,0.6040268456375839,0.6493506493506493,0.6040268456375839,0.6133333333333333,,,-0.01848971065380678,-0.01848971065380678,0.026834093059258657,0.026834093059258657,-0.01848971065380678,-0.01848971065380678,,,False,True,False,False,True,True,False
preview,SQUIDPY_SEQFISH,5,NMP,26,preview::SQUIDPY_SEQFISH::fold_5::NMP,0.375,0.37209302325581395,0.3614457831325302,0.3544303797468354,0.380952380952381,0.37037037037037035,0.375,,,-0.0029069767441860517,-0.0029069767441860517,0.005952380952380987,0.005952380952380987,-0.00462962962962965,-0.00462962962962965,,,False,False,False,False,False,False,False
preview,SQUIDPY_SEQFISH,5,Neural crest,54,preview::SQUIDPY_SEQFISH::fold_5::Neural crest,0.8431372549019608,0.8316831683168316,0.8431372549019608,0.8316831683168316,0.8349514563106796,0.8543689320388349,0.8431372549019608,,,-0.011454086585129142,-0.011454086585129142,-0.008185798591281213,-0.008185798591281213,0.011231677136874119,0.011231677136874119,,,False,False,True,False,True,False,False
preview,SQUIDPY_SEQFISH,5,Presomitic mesoderm,4,preview::SQUIDPY_SEQFISH::fold_5::Presomitic mesoderm,0.30769230769230765,0.18181818181818182,0.30769230769230765,0.16666666666666666,0.16666666666666666,0.30769230769230765,0.28571428571428575,,,-0.12587412587412583,-0.12587412587412583,-0.141025641025641,-0.141025641025641,0.0,0.0,,,False,False,False,False,False,False,False
preview,SQUIDPY_SEQFISH,5,Sclerotome,27,preview::SQUIDPY_SEQFISH::fold_5::Sclerotome,0.32786885245901637,0.32592592592592595,0.3252032520325203,0.3252032520325203,0.3225806451612903,0.32786885245901637,0.3305785123966942,,,-0.0019429265330904166,-0.0019429265330904166,-0.005288207297726055,-0.005288207297726055,0.0,-0.002709659937677855,,,False,False,False,False,False,False,False
preview,SQUIDPY_SEQFISH,5,Spinal cord,74,preview::SQUIDPY_SEQFISH::fold_5::Spinal cord,0.47368421052631576,0.48695652173913045,0.4642857142857143,0.5210084033613446,0.46017699115044247,0.47787610619469023,0.4912280701754387,,,0.013272311212814691,-0.03405188162221412,-0.013507219375873292,-0.0608314122109021,0.004191895668374468,-0.01335196398074845,,,False,False,False,True,False,False,True
preview,SQUIDPY_SEQFISH,5,Splanchnic mesoderm,35,preview::SQUIDPY_SEQFISH::fold_5::Splanchnic mesoderm,0.7246376811594202,0.7462686567164178,0.7246376811594202,0.7246376811594202,0.7352941176470589,0.7246376811594202,0.7246376811594202,,,0.021630975556997667,0.021630975556997667,0.010656436487638699,-0.010974539069358968,0.0,0.0,,,True,False,False,True,False,True,False
preview,SQUIDPY_SEQFISH,5,Surface ectoderm,49,preview::SQUIDPY_SEQFISH::fold_5::Surface ectoderm,0.8764044943820225,0.8695652173913043,0.8666666666666666,0.8571428571428572,0.8666666666666666,0.8666666666666666,0.8666666666666666,,,-0.006839276990718179,-0.006839276990718179,-0.009737827715355918,-0.009737827715355918,-0.009737827715355918,-0.009737827715355918,,,False,False,False,False,False,False,False
preview,SQUIDPY_SLIDESEQV2,1,Astrocytes,26,preview::SQUIDPY_SLIDESEQV2::fold_1::Astrocytes,0.3793103448275862,0.3793103448275862,0.3793103448275862,0.3793103448275862,0.3859649122807018,0.3728813559322034,0.3793103448275862,,,0.0,0.0,0.006654567453115601,0.006654567453115601,-0.006428988895382792,-0.006428988895382792,,,False,False,False,False,False,False,False
preview,SQUIDPY_SLIDESEQV2,1,CA1_CA2_CA3_Subiculum,45,preview::SQUIDPY_SLIDESEQV2::fold_1::CA1_CA2_CA3_Subiculum,0.5249999999999999,0.5249999999999999,0.5249999999999999,0.5249999999999999,0.5185185185185186,0.5185185185185186,0.5249999999999999,,,0.0,0.0,-0.00648148148148131,-0.00648148148148131,-0.00648148148148131,-0.00648148148148131,,,False,False,False,False,False,False,False
preview,SQUIDPY_SLIDESEQV2,1,DentatePyramids,26,preview::SQUIDPY_SLIDESEQV2::fold_1::DentatePyramids,0.0425531914893617,0.0425531914893617,0.0425531914893617,0.0425531914893617,0.0425531914893617,0.044444444444444446,0.044444444444444446,,,0.0,0.0,0.0,0.0,0.001891252955082745,0.0,,,False,False,False,False,False,False,False
preview,SQUIDPY_SLIDESEQV2,1,Endothelial_Stalk,54,preview::SQUIDPY_SLIDESEQV2::fold_1::Endothelial_Stalk,0.24691358024691354,0.24691358024691354,0.24691358024691354,0.24691358024691354,0.2716049382716049,0.2531645569620253,0.27499999999999997,,,0.0,0.0,0.024691358024691384,0.024691358024691384,0.006250976715111739,-0.02183544303797469,,,False,True,False,False,False,True,False
preview,SQUIDPY_SLIDESEQV2,1,Endothelial_Tip,63,preview::SQUIDPY_SLIDESEQV2::fold_1::Endothelial_Tip,0.6178861788617885,0.6178861788617885,0.6178861788617885,0.6178861788617885,0.6178861788617885,0.6349206349206349,0.6290322580645161,,,0.0,0.0,0.0,0.0,0.017034456058846348,0.00588837685611876,,,False,False,False,False,False,False,False
preview,SQUIDPY_SLIDESEQV2,1,Ependymal,36,preview::SQUIDPY_SLIDESEQV2::fold_1::Ependymal,0.5666666666666667,0.5666666666666667,0.5666666666666667,0.5666666666666667,0.5666666666666667,0.5483870967741936,0.5483870967741936,,,0.0,0.0,0.0,0.0,-0.018279569892473035,-0.018279569892473035,,,False,False,False,False,False,False,False
preview,SQUIDPY_SLIDESEQV2,1,Interneurons,22,preview::SQUIDPY_SLIDESEQV2::fold_1::Interneurons,0.45454545454545453,0.45454545454545453,0.45454545454545453,0.45454545454545453,0.45161290322580644,0.4444444444444445,0.46875000000000006,,,0.0,0.0,-0.0029325513196480912,-0.0029325513196480912,-0.010101010101010055,-0.02430555555555558,,,False,False,False,False,False,False,False
preview,SQUIDPY_SLIDESEQV2,1,Microglia,42,preview::SQUIDPY_SLIDESEQV2::fold_1::Microglia,0.5588235294117647,0.5588235294117647,0.5588235294117647,0.5588235294117647,0.5507246376811594,0.5588235294117647,0.5588235294117647,,,0.0,0.0,-0.008098891730605295,-0.008098891730605295,0.0,0.0,,,False,False,False,False,False,False,False
preview,SQUIDPY_SLIDESEQV2,1,Mural,28,preview::SQUIDPY_SLIDESEQV2::fold_1::Mural,0.13043478260869565,0.13043478260869565,0.13043478260869565,0.13043478260869565,0.16666666666666666,0.1702127659574468,0.13043478260869565,,,0.0,0.0,0.03623188405797101,0.03623188405797101,0.039777983348751156,0.039777983348751156,,,False,True,True,False,False,True,False
preview,SQUIDPY_SLIDESEQV2,1,Neurogenesis,28,preview::SQUIDPY_SLIDESEQV2::fold_1::Neurogenesis,0.1923076923076923,0.1923076923076923,0.1923076923076923,0.1923076923076923,0.23076923076923075,0.21818181818181817,0.21818181818181817,,,0.0,0.0,0.038461538461538464,0.038461538461538464,0.02587412587412588,0.0,,,False,True,False,False,False,True,False
preview,SQUIDPY_SLIDESEQV2,1,Oligodendrocytes,33,preview::SQUIDPY_SLIDESEQV2::fold_1::Oligodendrocytes,0.6041666666666666,0.6041666666666666,0.6041666666666666,0.6041666666666666,0.631578947368421,0.6170212765957447,0.6170212765957447,,,0.0,0.0,0.027412280701754388,0.027412280701754388,0.012854609929078054,0.0,,,False,True,False,False,False,True,False
preview,SQUIDPY_SLIDESEQV2,1,Polydendrocytes,28,preview::SQUIDPY_SLIDESEQV2::fold_1::Polydendrocytes,0.3333333333333333,0.3333333333333333,0.3333333333333333,0.3333333333333333,0.29629629629629634,0.29629629629629634,0.30188679245283023,,,0.0,0.0,-0.03703703703703698,-0.03703703703703698,-0.03703703703703698,-0.03703703703703698,,,False,False,False,False,False,False,True
preview,SQUIDPY_SLIDESEQV2,1,Subiculum_Entorhinal_cl2,30,preview::SQUIDPY_SLIDESEQV2::fold_1::Subiculum_Entorhinal_cl2,0.4819277108433735,0.4819277108433735,0.4819277108433735,0.4819277108433735,0.4705882352941177,0.5,0.4878048780487804,,,0.0,0.0,-0.011339475549255795,-0.011339475549255795,0.01807228915662651,0.012195121951219579,,,False,False,True,False,False,False,True
preview,SQUIDPY_SLIDESEQV2,1,Subiculum_Entorhinal_cl3,36,preview::SQUIDPY_SLIDESEQV2::fold_1::Subiculum_Entorhinal_cl3,0.55,0.55,0.55,0.55,0.5250000000000001,0.5454545454545454,0.5301204819277109,,,0.0,0.0,-0.02499999999999991,-0.02499999999999991,-0.00454545454545463,-0.00454545454545463,,,False,False,False,False,False,False,True
preview,SQUIDPY_SLIDESEQV2,2,Astrocytes,46,preview::SQUIDPY_SLIDESEQV2::fold_2::Astrocytes,0.42990654205607476,0.42990654205607476,0.42990654205607476,0.42990654205607476,0.42718446601941745,0.4403669724770642,0.4220183486238532,,,0.0,0.0,-0.002722076036657306,-0.002722076036657306,0.01046043042098943,0.01046043042098943,,,False,False,True,False,False,False,False
preview,SQUIDPY_SLIDESEQV2,2,CA1_CA2_CA3_Subiculum,26,preview::SQUIDPY_SLIDESEQV2::fold_2::CA1_CA2_CA3_Subiculum,0.3888888888888889,0.3888888888888889,0.3888888888888889,0.3888888888888889,0.38805970149253727,0.38095238095238093,0.4057971014492754,,,0.0,0.0,-0.0008291873963516272,-0.0008291873963516272,-0.007936507936507964,-0.024844720496894457,,,False,False,False,False,False,False,False
preview,SQUIDPY_SLIDESEQV2,2,DentatePyramids,32,preview::SQUIDPY_SLIDESEQV2::fold_2::DentatePyramids,0.3188405797101449,0.3188405797101449,0.3188405797101449,0.3188405797101449,0.35294117647058826,0.3513513513513513,0.3142857142857143,,,0.0,0.0,0.03410059676044336,0.03410059676044336,0.032510771641206415,0.032510771641206415,,,False,True,True,False,False,True,False
preview,SQUIDPY_SLIDESEQV2,2,Endothelial_Stalk,39,preview::SQUIDPY_SLIDESEQV2::fold_2::Endothelial_Stalk,0.2153846153846154,0.2153846153846154,0.2153846153846154,0.2153846153846154,0.2153846153846154,0.20588235294117646,0.20588235294117646,,,0.0,0.0,0.0,0.0,-0.009502262443438936,-0.009502262443438936,,,False,False,False,False,False,False,False
preview,SQUIDPY_SLIDESEQV2,2,Endothelial_Tip,51,preview::SQUIDPY_SLIDESEQV2::fold_2::Endothelial_Tip,0.32,0.32,0.32,0.32,0.33663366336633666,0.32323232323232326,0.30303030303030304,,,0.0,0.0,0.01663366336633665,0.01663366336633665,0.003232323232323253,0.003232323232323253,,,False,True,False,False,False,True,False
preview,SQUIDPY_SLIDESEQV2,2,Ependymal,62,preview::SQUIDPY_SLIDESEQV2::fold_2::Ependymal,0.7,0.7,0.7,0.7,0.7058823529411764,0.704,0.7317073170731708,,,0.0,0.0,0.00588235294117645,0.00588235294117645,0.0040000000000000036,-0.027707317073170867,,,False,False,False,False,False,False,False
preview,SQUIDPY_SLIDESEQV2,2,Interneurons,37,preview::SQUIDPY_SLIDESEQV2::fold_2::Interneurons,0.38554216867469876,0.38554216867469876,0.38554216867469876,0.38554216867469876,0.38554216867469876,0.37037037037037035,0.38554216867469876,,,0.0,0.0,0.0,0.0,-0.01517179830432841,-0.01517179830432841,,,False,False,False,False,False,False,False
preview,SQUIDPY_SLIDESEQV2,2,Microglia,39,preview::SQUIDPY_SLIDESEQV2::fold_2::Microglia,0.4722222222222222,0.4722222222222222,0.4722222222222222,0.4722222222222222,0.4722222222222222,0.4722222222222222,0.4657534246575343,,,0.0,0.0,0.0,0.0,0.0,0.0,,,False,False,False,False,False,False,False
preview,SQUIDPY_SLIDESEQV2,2,Mural,51,preview::SQUIDPY_SLIDESEQV2::fold_2::Mural,0.2790697674418605,0.2790697674418605,0.2790697674418605,0.2790697674418605,0.2857142857142857,0.25287356321839083,0.2823529411764706,,,0.0,0.0,0.006644518272425182,0.006644518272425182,-0.026196204223469688,-0.029479377958079755,,,False,False,False,False,False,False,False
preview,SQUIDPY_SLIDESEQV2,2,Neurogenesis,36,preview::SQUIDPY_SLIDESEQV2::fold_2::Neurogenesis,0.2857142857142857,0.2857142857142857,0.2857142857142857,0.2857142857142857,0.2807017543859649,0.25925925925925924,0.2545454545454545,,,0.0,0.0,-0.005012531328320802,-0.005012531328320802,-0.026455026455026454,-0.026455026455026454,,,False,False,False,False,False,False,False
preview,SQUIDPY_SLIDESEQV2,2,Oligodendrocytes,72,preview::SQUIDPY_SLIDESEQV2::fold_2::Oligodendrocytes,0.7222222222222222,0.7222222222222222,0.7222222222222222,0.7222222222222222,0.7078651685393258,0.7272727272727274,0.735632183908046,,,0.0,0.0,-0.014357053682896415,-0.014357053682896415,0.005050505050505194,-0.008359456635318563,,,False,False,False,False,False,False,True
preview,SQUIDPY_SLIDESEQV2,2,Polydendrocytes,43,preview::SQUIDPY_SLIDESEQV2::fold_2::Polydendrocytes,0.3188405797101449,0.3188405797101449,0.3188405797101449,0.3188405797101449,0.368421052631579,0.29411764705882354,0.3142857142857143,,,0.0,0.0,0.04958047292143408,0.04958047292143408,-0.02472293265132136,-0.02472293265132136,,,False,True,False,False,False,True,False
preview,SQUIDPY_SLIDESEQV2,2,Subiculum_Entorhinal_cl2,52,preview::SQUIDPY_SLIDESEQV2::fold_2::Subiculum_Entorhinal_cl2,0.4583333333333333,0.4583333333333333,0.4583333333333333,0.4583333333333333,0.42424242424242425,0.4536082474226804,0.4693877551020408,,,0.0,0.0,-0.03409090909090906,-0.03409090909090906,-0.004725085910652904,-0.01577950767936037,,,False,False,False,False,False,False,True
preview,SQUIDPY_SLIDESEQV2,2,Subiculum_Entorhinal_cl3,30,preview::SQUIDPY_SLIDESEQV2::fold_2::Subiculum_Entorhinal_cl3,0.14035087719298248,0.14035087719298248,0.14035087719298248,0.14035087719298248,0.13333333333333333,0.20338983050847456,0.14285714285714288,,,0.0,0.0,-0.007017543859649145,-0.007017543859649145,0.06303895331549209,0.060532687651331685,,,False,False,True,False,False,False,False
preview,SQUIDPY_SLIDESEQV2,3,Astrocytes,40,preview::SQUIDPY_SLIDESEQV2::fold_3::Astrocytes,0.3614457831325302,0.35,0.3703703703703704,0.3703703703703704,0.34567901234567905,0.3414634146341463,0.375,,,-0.011445783132530196,-0.020370370370370428,-0.015766770786851125,-0.024691358024691357,-0.019982368498383862,-0.03353658536585369,,,False,False,False,False,True,False,True
preview,SQUIDPY_SLIDESEQV2,3,CA1_CA2_CA3_Subiculum,25,preview::SQUIDPY_SLIDESEQV2::fold_3::CA1_CA2_CA3_Subiculum,0.19047619047619052,0.18604651162790697,0.19512195121951217,0.19047619047619052,0.19047619047619052,0.15384615384615383,0.18604651162790697,,,-0.004429678848283547,-0.0090754395916052,0.0,-0.004645760743321653,-0.036630036630036694,-0.036630036630036694,,,False,False,False,False,False,False,False
preview,SQUIDPY_SLIDESEQV2,3,DentatePyramids,46,preview::SQUIDPY_SLIDESEQV2::fold_3::DentatePyramids,0.2857142857142857,0.31168831168831174,0.2894736842105263,0.3037974683544304,0.31578947368421056,0.3291139240506329,0.30136986301369867,,,0.025974025974026038,0.007890843333881348,0.030075187969924866,0.004101161995898828,0.04339963833634719,0.02774406103693422,,,False,False,True,True,False,True,False
preview,SQUIDPY_SLIDESEQV2,3,Endothelial_Stalk,44,preview::SQUIDPY_SLIDESEQV2::fold_3::Endothelial_Stalk,0.22222222222222218,0.19672131147540983,0.19047619047619047,0.19672131147540983,0.22222222222222218,0.22222222222222218,0.21875,,,-0.02550091074681235,-0.02550091074681235,0.0,0.0,0.0,0.0,,,False,False,False,False,True,False,False
preview,SQUIDPY_SLIDESEQV2,3,Endothelial_Tip,41,preview::SQUIDPY_SLIDESEQV2::fold_3::Endothelial_Tip,0.29885057471264365,0.29545454545454547,0.29545454545454547,0.30952380952380953,0.29545454545454547,0.3058823529411765,0.2962962962962963,,,-0.0033960292580981766,-0.014069264069264065,-0.0033960292580981766,-0.014069264069264065,0.007031778228532848,0.007031778228532848,,,False,False,False,False,False,False,False
preview,SQUIDPY_SLIDESEQV2,3,Ependymal,13,preview::SQUIDPY_SLIDESEQV2::fold_3::Ependymal,0.1702127659574468,0.2,0.1568627450980392,0.18867924528301888,0.1702127659574468,0.196078431372549,0.19230769230769232,,,0.029787234042553207,0.01132075471698113,0.0,-0.029787234042553207,0.025865665415102185,0.0037707390648566708,,,True,False,False,True,False,False,False
preview,SQUIDPY_SLIDESEQV2,3,Interneurons,36,preview::SQUIDPY_SLIDESEQV2::fold_3::Interneurons,0.42307692307692313,0.4117647058823529,0.4271844660194175,0.4271844660194175,0.4271844660194175,0.4117647058823529,0.41904761904761906,,,-0.011312217194570207,-0.015419760137064586,0.00410754294249438,0.0,-0.011312217194570207,-0.011312217194570207,,,False,False,False,False,True,False,False
preview,SQUIDPY_SLIDESEQV2,3,Microglia,52,preview::SQUIDPY_SLIDESEQV2::fold_3::Microglia,0.40909090909090906,0.43956043956043955,0.43956043956043955,0.40909090909090906,0.4044943820224719,0.4044943820224719,0.41666666666666663,,,0.030469530469530492,0.0,-0.004596527068437162,-0.035066057537967654,-0.004596527068437162,-0.01217228464419473,,,False,False,False,True,False,False,False
preview,SQUIDPY_SLIDESEQV2,3,Mural,38,preview::SQUIDPY_SLIDESEQV2::fold_3::Mural,0.14285714285714285,0.14545454545454545,0.14545454545454545,0.14035087719298245,0.17857142857142858,0.14035087719298245,0.14545454545454545,,,0.0025974025974025983,0.0,0.035714285714285726,0.03311688311688313,-0.002506265664160401,-0.005103668261562999,,,False,True,False,False,False,True,False
preview,SQUIDPY_SLIDESEQV2,3,Neurogenesis,42,preview::SQUIDPY_SLIDESEQV2::fold_3::Neurogenesis,0.2222222222222222,0.20588235294117643,0.22535211267605634,0.20289855072463767,0.2222222222222222,0.20289855072463767,0.20895522388059704,,,-0.016339869281045777,-0.01946975973487991,0.0,-0.0031298904538341332,-0.019323671497584544,-0.019323671497584544,,,False,False,False,False,True,False,False
preview,SQUIDPY_SLIDESEQV2,3,Oligodendrocytes,22,preview::SQUIDPY_SLIDESEQV2::fold_3::Oligodendrocytes,0.5135135135135135,0.5135135135135135,0.5135135135135135,0.5205479452054794,0.5066666666666666,0.5066666666666666,0.5428571428571428,,,0.0,-0.007034431691965937,-0.006846846846846888,-0.013881278538812825,-0.006846846846846888,-0.03619047619047622,,,False,False,False,False,False,False,False
preview,SQUIDPY_SLIDESEQV2,3,Polydendrocytes,33,preview::SQUIDPY_SLIDESEQV2::fold_3::Polydendrocytes,0.2909090909090909,0.32727272727272727,0.2909090909090909,0.3157894736842105,0.2962962962962963,0.2962962962962963,0.2711864406779661,,,0.036363636363636376,0.011483253588516762,0.005387205387205385,-0.03097643097643099,0.005387205387205385,0.005387205387205385,,,True,False,False,True,False,False,False
preview,SQUIDPY_SLIDESEQV2,3,Subiculum_Entorhinal_cl2,32,preview::SQUIDPY_SLIDESEQV2::fold_3::Subiculum_Entorhinal_cl2,0.47500000000000003,0.4578313253012048,0.46913580246913583,0.47500000000000003,0.47500000000000003,0.4819277108433735,0.43902439024390244,,,-0.01716867469879524,-0.01716867469879524,0.0,0.0,0.006927710843373458,0.006927710843373458,,,False,False,False,False,True,False,False
preview,SQUIDPY_SLIDESEQV2,3,Subiculum_Entorhinal_cl3,29,preview::SQUIDPY_SLIDESEQV2::fold_3::Subiculum_Entorhinal_cl3,0.3793103448275862,0.4067796610169491,0.39285714285714285,0.3728813559322034,0.39999999999999997,0.41379310344827586,0.3728813559322034,,,0.027469316189362936,0.013922518159806274,0.02068965517241378,-0.006779661016949157,0.03448275862068967,0.03448275862068967,,,True,False,True,True,False,True,False
preview,SQUIDPY_SLIDESEQV2,4,Astrocytes,40,preview::SQUIDPY_SLIDESEQV2::fold_4::Astrocytes,0.3846153846153846,0.3846153846153846,0.37974683544303806,0.33333333333333337,0.3846153846153846,0.37974683544303806,0.37974683544303806,,,0.0,0.0,0.0,0.0,-0.004868549172346526,-0.004868549172346526,,,False,False,False,False,False,False,False
preview,SQUIDPY_SLIDESEQV2,4,CA1_CA2_CA3_Subiculum,64,preview::SQUIDPY_SLIDESEQV2::fold_4::CA1_CA2_CA3_Subiculum,0.4731182795698925,0.4731182795698925,0.45652173913043476,0.45161290322580655,0.4680851063829787,0.43478260869565216,0.45652173913043476,,,0.0,0.0,-0.00503317318691382,-0.00503317318691382,-0.038335670874240335,-0.038335670874240335,,,False,False,False,False,False,False,False
preview,SQUIDPY_SLIDESEQV2,4,DentatePyramids,43,preview::SQUIDPY_SLIDESEQV2::fold_4::DentatePyramids,0.2564102564102564,0.2564102564102564,0.2716049382716049,0.2926829268292683,0.27848101265822783,0.28571428571428575,0.27848101265822783,,,0.0,-0.03627267041901189,0.022070756247971446,-0.014201914171040442,0.029304029304029366,0.007233273056057921,,,False,False,False,False,False,True,False
preview,SQUIDPY_SLIDESEQV2,4,Endothelial_Stalk,21,preview::SQUIDPY_SLIDESEQV2::fold_4::Endothelial_Stalk,0.29090909090909084,0.29090909090909084,0.2857142857142857,0.2857142857142857,0.2857142857142857,0.22641509433962265,0.29090909090909084,,,0.0,0.0,-0.005194805194805141,-0.005194805194805141,-0.06449399656946819,-0.06449399656946819,,,False,False,False,False,False,False,False
preview,SQUIDPY_SLIDESEQV2,4,Endothelial_Tip,20,preview::SQUIDPY_SLIDESEQV2::fold_4::Endothelial_Tip,0.10256410256410256,0.10256410256410256,0.10526315789473685,0.1081081081081081,0.10526315789473685,0.11111111111111112,0.10256410256410256,,,0.0,-0.00554400554400554,0.0026990553306342896,-0.00284495021337125,0.008547008547008558,0.008547008547008558,,,False,False,False,False,False,False,False
preview,SQUIDPY_SLIDESEQV2,4,Ependymal,30,preview::SQUIDPY_SLIDESEQV2::fold_4::Ependymal,0.425,0.425,0.4197530864197531,0.43037974683544306,0.43037974683544306,0.4235294117647059,0.4358974358974359,,,0.0,-0.005379746835443067,0.005379746835443067,0.0,-0.0014705882352941124,-0.012368024132730027,,,False,False,False,False,False,False,False
preview,SQUIDPY_SLIDESEQV2,4,Interneurons,43,preview::SQUIDPY_SLIDESEQV2::fold_4::Interneurons,0.4742268041237113,0.4742268041237113,0.48979591836734687,0.5,0.4742268041237113,0.48,0.48979591836734687,,,0.0,-0.02577319587628868,0.0,-0.02577319587628868,0.0057731958762886615,-0.00979591836734689,,,False,False,False,False,False,False,False
preview,SQUIDPY_SLIDESEQV2,4,Microglia,33,preview::SQUIDPY_SLIDESEQV2::fold_4::Microglia,0.5423728813559322,0.5423728813559322,0.5423728813559322,0.5666666666666667,0.5423728813559322,0.5245901639344263,0.5423728813559322,,,0.0,-0.02429378531073445,0.0,-0.02429378531073445,-0.017782717421505945,-0.017782717421505945,,,False,False,False,False,False,False,False
preview,SQUIDPY_SLIDESEQV2,4,Mural,25,preview::SQUIDPY_SLIDESEQV2::fold_4::Mural,0.2105263157894737,0.2105263157894737,0.2105263157894737,0.2105263157894737,0.2105263157894737,0.20512820512820512,0.2105263157894737,,,0.0,0.0,0.0,0.0,-0.005398110661268579,-0.005398110661268579,,,False,False,False,False,False,False,False
preview,SQUIDPY_SLIDESEQV2,4,Neurogenesis,48,preview::SQUIDPY_SLIDESEQV2::fold_4::Neurogenesis,0.31818181818181823,0.31818181818181823,0.3095238095238095,0.3023255813953488,0.3294117647058824,0.3218390804597701,0.3218390804597701,,,0.0,0.0,0.011229946524064172,0.011229946524064172,0.003657262277951878,0.0,,,False,True,False,False,False,True,False
preview,SQUIDPY_SLIDESEQV2,4,Oligodendrocytes,33,preview::SQUIDPY_SLIDESEQV2::fold_4::Oligodendrocytes,0.5740740740740741,0.5740740740740741,0.5688073394495412,0.5688073394495412,0.5688073394495412,0.5740740740740741,0.5740740740740741,,,0.0,0.0,-0.005266734624532865,-0.005266734624532865,0.0,0.0,,,False,False,False,False,False,False,False
preview,SQUIDPY_SLIDESEQV2,4,Polydendrocytes,49,preview::SQUIDPY_SLIDESEQV2::fold_4::Polydendrocytes,0.3466666666666667,0.3466666666666667,0.30985915492957744,0.3287671232876712,0.34210526315789475,0.2816901408450704,0.3243243243243243,,,0.0,0.0,-0.004561403508771933,-0.004561403508771933,-0.0649765258215963,-0.0649765258215963,,,False,False,False,False,False,False,False
preview,SQUIDPY_SLIDESEQV2,4,Subiculum_Entorhinal_cl2,33,preview::SQUIDPY_SLIDESEQV2::fold_4::Subiculum_Entorhinal_cl2,0.5194805194805195,0.5194805194805195,0.5194805194805195,0.5194805194805195,0.5263157894736842,0.5277777777777778,0.5194805194805195,,,0.0,0.0,0.006835269993164639,0.006835269993164639,0.008297258297258248,0.008297258297258248,,,False,False,False,False,False,False,False
preview,SQUIDPY_SLIDESEQV2,4,Subiculum_Entorhinal_cl3,38,preview::SQUIDPY_SLIDESEQV2::fold_4::Subiculum_Entorhinal_cl3,0.4,0.4,0.4155844155844156,0.42105263157894735,0.42105263157894735,0.42500000000000004,0.4155844155844156,,,0.0,-0.021052631578947323,0.021052631578947323,0.0,0.025000000000000022,0.009415584415584433,,,False,False,False,False,False,True,False
preview,SQUIDPY_SLIDESEQV2,5,Astrocytes,48,preview::SQUIDPY_SLIDESEQV2::fold_5::Astrocytes,0.44230769230769235,0.44230769230769235,0.44230769230769235,0.44230769230769235,0.4271844660194175,0.44230769230769235,0.44230769230769235,,,0.0,0.0,-0.015123226288274838,-0.015123226288274838,0.0,0.0,,,False,False,False,False,False,False,True
preview,SQUIDPY_SLIDESEQV2,5,CA1_CA2_CA3_Subiculum,40,preview::SQUIDPY_SLIDESEQV2::fold_5::CA1_CA2_CA3_Subiculum,0.1791044776119403,0.1791044776119403,0.15625,0.1791044776119403,0.14925373134328357,0.1791044776119403,0.18181818181818185,,,0.0,0.0,-0.02985074626865672,-0.02985074626865672,0.0,-0.002713704206241563,,,False,False,False,False,False,False,True
preview,SQUIDPY_SLIDESEQV2,5,DentatePyramids,53,preview::SQUIDPY_SLIDESEQV2::fold_5::DentatePyramids,0.25000000000000006,0.25000000000000006,0.25287356321839083,0.25000000000000006,0.25806451612903225,0.25000000000000006,0.2696629213483146,,,0.0,-0.0028735632183907733,0.008064516129032195,0.005190952910641422,0.0,-0.019662921348314544,,,False,False,False,False,False,False,False
preview,SQUIDPY_SLIDESEQV2,5,Endothelial_Stalk,42,preview::SQUIDPY_SLIDESEQV2::fold_5::Endothelial_Stalk,0.2857142857142857,0.2857142857142857,0.2816901408450704,0.2857142857142857,0.2898550724637681,0.2857142857142857,0.2816901408450704,,,0.0,0.0,0.004140786749482428,0.004140786749482428,0.0,0.0,,,False,False,False,False,False,False,False
preview,SQUIDPY_SLIDESEQV2,5,Endothelial_Tip,25,preview::SQUIDPY_SLIDESEQV2::fold_5::Endothelial_Tip,0.12244897959183673,0.12244897959183673,0.12244897959183673,0.12244897959183673,0.08695652173913043,0.12244897959183673,0.12244897959183673,,,0.0,0.0,-0.0354924578527063,-0.0354924578527063,0.0,0.0,,,False,False,False,False,False,False,True
preview,SQUIDPY_SLIDESEQV2,5,Ependymal,59,preview::SQUIDPY_SLIDESEQV2::fold_5::Ependymal,0.6857142857142857,0.6857142857142857,0.6853146853146853,0.6857142857142857,0.6956521739130435,0.6857142857142857,0.6857142857142857,,,0.0,0.0,0.009937888198757738,0.009937888198757738,0.0,0.0,,,False,False,False,False,False,False,False
preview,SQUIDPY_SLIDESEQV2,5,Interneurons,62,preview::SQUIDPY_SLIDESEQV2::fold_5::Interneurons,0.393939393939394,0.393939393939394,0.3880597014925373,0.393939393939394,0.4148148148148148,0.393939393939394,0.3909774436090226,,,0.0,0.0,0.020875420875420825,0.020875420875420825,0.0,0.0,,,False,True,False,False,False,True,False
preview,SQUIDPY_SLIDESEQV2,5,Microglia,34,preview::SQUIDPY_SLIDESEQV2::fold_5::Microglia,0.4507042253521127,0.4507042253521127,0.45714285714285713,0.4507042253521127,0.47619047619047616,0.4507042253521127,0.4507042253521127,,,0.0,-0.006438631790744442,0.025486250838363478,0.019047619047619035,0.0,0.0,,,False,True,False,False,False,True,False
preview,SQUIDPY_SLIDESEQV2,5,Mural,58,preview::SQUIDPY_SLIDESEQV2::fold_5::Mural,0.24489795918367346,0.24489795918367346,0.24242424242424238,0.24489795918367346,0.2549019607843137,0.24489795918367346,0.24242424242424238,,,0.0,0.0,0.010004001600640244,0.010004001600640244,0.0,0.0,,,False,True,False,False,False,True,False
preview,SQUIDPY_SLIDESEQV2,5,Neurogenesis,46,preview::SQUIDPY_SLIDESEQV2::fold_5::Neurogenesis,0.22988505747126436,0.22988505747126436,0.22988505747126436,0.22988505747126436,0.21428571428571427,0.22988505747126436,0.22988505747126436,,,0.0,0.0,-0.01559934318555009,-0.01559934318555009,0.0,0.0,,,False,False,False,False,False,False,True
preview,SQUIDPY_SLIDESEQV2,5,Oligodendrocytes,40,preview::SQUIDPY_SLIDESEQV2::fold_5::Oligodendrocytes,0.5378151260504201,0.5378151260504201,0.5333333333333333,0.5378151260504201,0.48387096774193544,0.5378151260504201,0.5254237288135594,,,0.0,0.0,-0.0539441583084847,-0.0539441583084847,0.0,0.0,,,False,False,False,False,False,False,True
preview,SQUIDPY_SLIDESEQV2,5,Polydendrocytes,47,preview::SQUIDPY_SLIDESEQV2::fold_5::Polydendrocytes,0.2682926829268293,0.2682926829268293,0.22784810126582278,0.2682926829268293,0.29213483146067415,0.2682926829268293,0.2682926829268293,,,0.0,0.0,0.023842148533844865,0.023842148533844865,0.0,0.0,,,False,True,False,False,False,True,False
preview,SQUIDPY_SLIDESEQV2,5,Subiculum_Entorhinal_cl2,53,preview::SQUIDPY_SLIDESEQV2::fold_5::Subiculum_Entorhinal_cl2,0.3,0.3,0.3,0.3,0.3092783505154639,0.3,0.3,,,0.0,0.0,0.009278350515463885,0.009278350515463885,0.0,0.0,,,False,False,False,False,False,False,False
preview,SQUIDPY_SLIDESEQV2,5,Subiculum_Entorhinal_cl3,67,preview::SQUIDPY_SLIDESEQV2::fold_5::Subiculum_Entorhinal_cl3,0.326241134751773,0.326241134751773,0.34042553191489366,0.326241134751773,0.3478260869565218,0.326241134751773,0.3453237410071942,,,0.0,-0.014184397163120643,0.021584952204748764,0.007400555041628121,0.0,-0.019082606255421186,,,False,False,False,False,False,True,False
preview,SQUIDPY_VISIUM_FLUO,1,Cortex_1,117,preview::SQUIDPY_VISIUM_FLUO::fold_1::Cortex_1,0.3310344827586207,0.5149700598802396,0.23188405797101452,0.4133333333333334,0.3624161073825503,0.3999999999999999,0.40259740259740256,,,0.1839355771216189,0.1016367265469062,0.03138162462392963,-0.15255395249768927,0.06896551724137923,-0.0025974025974026538,,,True,False,False,True,False,True,False
preview,SQUIDPY_VISIUM_FLUO,1,Cortex_2,81,preview::SQUIDPY_VISIUM_FLUO::fold_1::Cortex_2,0.8160919540229884,0.8749999999999999,0.8789808917197451,0.8432432432432433,0.8023255813953489,0.8421052631578948,0.8271604938271605,,,0.05890804597701149,-0.00398089171974525,-0.013766372627639467,-0.07665531032439621,0.026013309134906404,0.014944769330734298,,,False,False,True,True,False,False,True
preview,SQUIDPY_VISIUM_FLUO,1,Cortex_3,117,preview::SQUIDPY_VISIUM_FLUO::fold_1::Cortex_3,0.4161073825503355,0.7446808510638298,0.611764705882353,0.6956521739130436,0.5125,0.5868263473053893,0.5189873417721518,,,0.3285734685134942,0.04902867715078618,0.09639261744966443,-0.2321808510638298,0.17071896475505377,0.06783900553323752,,,True,False,True,True,False,True,False
preview,SQUIDPY_VISIUM_FLUO,1,Cortex_4,95,preview::SQUIDPY_VISIUM_FLUO::fold_1::Cortex_4,0.2018348623853211,0.4285714285714285,0.5594405594405594,0.0,0.2608695652173913,0.3220338983050848,0.2363636363636364,,,0.22673656618610738,-0.13086913086913088,0.059034702832070185,-0.2985709942231681,0.12019903591976366,0.08567026194144839,,,False,False,True,True,False,True,False
preview,SQUIDPY_VISIUM_FLUO,1,Fiber_tracts,51,preview::SQUIDPY_VISIUM_FLUO::fold_1::Fiber_tracts,0.7640449438202247,0.7500000000000001,0.5862068965517241,0.6728971962616823,0.7586206896551724,0.761904761904762,0.6578947368421052,,,-0.014044943820224587,-0.014044943820224587,-0.005424254165052322,-0.005424254165052322,-0.0021401819154627244,-0.0021401819154627244,,,False,False,False,False,True,False,False
preview,SQUIDPY_VISIUM_FLUO,1,Hippocampus,2,preview::SQUIDPY_VISIUM_FLUO::fold_1::Hippocampus,0.04081632653061224,0.25,0.0,0.0,0.10526315789473684,0.06060606060606061,0.05128205128205129,,,0.20918367346938777,0.20918367346938777,0.0644468313641246,-0.14473684210526316,0.019789734075448366,0.00932400932400932,,,False,False,False,False,False,False,False
preview,SQUIDPY_VISIUM_FLUO,1,Hypothalamus_1,20,preview::SQUIDPY_VISIUM_FLUO::fold_1::Hypothalamus_1,0.20000000000000004,0.0,0.0,0.5853658536585366,0.10526315789473685,0.23255813953488372,0.15789473684210525,,,-0.20000000000000004,-0.5853658536585366,-0.09473684210526319,-0.4801026957637997,0.03255813953488368,0.03255813953488368,,,False,False,True,False,True,False,True
preview,SQUIDPY_VISIUM_FLUO,1,Lateral_ventricle,14,preview::SQUIDPY_VISIUM_FLUO::fold_1::Lateral_ventricle,0.45161290322580644,0.5833333333333334,0.5714285714285715,0.45161290322580644,0.45161290322580644,0.5,0.3684210526315789,,,0.13172043010752693,0.011904761904761862,0.0,-0.13172043010752693,0.04838709677419356,0.04838709677419356,,,True,False,True,True,False,False,False
preview,SQUIDPY_VISIUM_FLUO,1,Striatum,12,preview::SQUIDPY_VISIUM_FLUO::fold_1::Striatum,0.3636363636363636,0.27272727272727276,0.2222222222222222,0.1,0.3928571428571429,0.3125,0.2456140350877193,,,-0.09090909090909083,-0.09090909090909083,0.029220779220779314,0.029220779220779314,-0.05113636363636359,-0.05113636363636359,,,False,True,False,False,True,True,False
preview,SQUIDPY_VISIUM_FLUO,1,Thalamus_1,39,preview::SQUIDPY_VISIUM_FLUO::fold_1::Thalamus_1,0.5,0.6407766990291262,0.25,0.7155963302752294,0.5052631578947369,0.6138613861386139,0.6185567010309279,,,0.14077669902912615,-0.07481963124610325,0.0052631578947368585,-0.21033317238049254,0.11386138613861385,-0.0046953148923140064,,,False,False,False,True,False,False,False
preview,SQUIDPY_VISIUM_FLUO,2,Amygdala,62,preview::SQUIDPY_VISIUM_FLUO::fold_2::Amygdala,0.6336633663366337,0.6326530612244898,0.6336633663366337,0.6067415730337078,0.6336633663366337,0.5581395348837209,0.6326530612244898,,,-0.0010103051121438389,-0.0010103051121438389,0.0,0.0,-0.07552383145291275,-0.07552383145291275,,,False,False,False,False,False,False,False
preview,SQUIDPY_VISIUM_FLUO,2,Cortex_2,33,preview::SQUIDPY_VISIUM_FLUO::fold_2::Cortex_2,0.7826086956521738,0.7826086956521738,0.7826086956521738,0.10526315789473685,0.7826086956521738,0.7536231884057971,0.7887323943661972,,,0.0,0.0,0.0,0.0,-0.02898550724637672,-0.035109205960400125,,,False,False,False,False,False,False,False
preview,SQUIDPY_VISIUM_FLUO,2,Cortex_4,31,preview::SQUIDPY_VISIUM_FLUO::fold_2::Cortex_4,0.3018867924528302,0.30000000000000004,0.3018867924528302,0.0625,0.3018867924528302,0.4040404040404041,0.3103448275862069,,,-0.0018867924528301327,-0.0018867924528301327,0.0,0.0,0.10215361158757391,0.09369557645419718,,,False,False,True,False,False,False,False
preview,SQUIDPY_VISIUM_FLUO,2,Cortex_5,58,preview::SQUIDPY_VISIUM_FLUO::fold_2::Cortex_5,0.03333333333333333,0.06557377049180328,0.03333333333333333,0.03389830508474576,0.03333333333333333,0.0,0.03333333333333333,,,0.03224043715846995,0.03167546540705752,0.0,-0.03224043715846995,-0.03333333333333333,-0.03333333333333333,,,True,False,False,True,False,False,False
preview,SQUIDPY_VISIUM_FLUO,2,Fiber_tracts,87,preview::SQUIDPY_VISIUM_FLUO::fold_2::Fiber_tracts,0.8045977011494253,0.7906976744186047,0.8045977011494253,0.8491620111731845,0.8045977011494253,0.8253968253968255,0.8181818181818181,,,-0.01390002673082058,-0.05846433675457974,0.0,-0.04456431002375916,0.020799124247400158,0.007215007215007341,,,False,False,False,False,True,False,False
preview,SQUIDPY_VISIUM_FLUO,2,Hypothalamus_1,43,preview::SQUIDPY_VISIUM_FLUO::fold_2::Hypothalamus_1,0.5666666666666667,0.5666666666666667,0.5666666666666667,0.6060606060606061,0.5666666666666667,0.5423728813559322,0.5423728813559322,,,0.0,-0.039393939393939426,0.0,-0.039393939393939426,-0.02429378531073445,-0.02429378531073445,,,False,False,False,False,False,False,False
preview,SQUIDPY_VISIUM_FLUO,2,Hypothalamus_2,74,preview::SQUIDPY_VISIUM_FLUO::fold_2::Hypothalamus_2,0.918918918918919,0.9271523178807948,0.918918918918919,0.9426751592356688,0.918918918918919,0.9249999999999999,0.9333333333333332,,,0.008233398961875804,-0.015522841354874028,0.0,-0.023756240316749833,0.0060810810810809635,-0.008333333333333304,,,False,False,False,False,False,False,False
preview,SQUIDPY_VISIUM_FLUO,2,Lateral_ventricle,13,preview::SQUIDPY_VISIUM_FLUO::fold_2::Lateral_ventricle,0.4905660377358491,0.4727272727272727,0.4905660377358491,0.6190476190476191,0.4905660377358491,0.6666666666666666,0.5306122448979591,,,-0.017838765008576396,-0.14632034632034635,0.0,-0.12848158131176995,0.17610062893081752,0.13605442176870752,,,False,False,True,False,True,False,False
preview,SQUIDPY_VISIUM_FLUO,2,Striatum,20,preview::SQUIDPY_VISIUM_FLUO::fold_2::Striatum,0.8444444444444444,0.8636363636363635,0.8444444444444444,0.09523809523809523,0.8444444444444444,0.9302325581395349,0.8444444444444444,,,0.019191919191919093,0.019191919191919093,0.0,-0.019191919191919093,0.08578811369509043,0.08578811369509043,,,True,False,True,True,False,False,False
preview,SQUIDPY_VISIUM_FLUO,2,Thalamus_1,123,preview::SQUIDPY_VISIUM_FLUO::fold_2::Thalamus_1,0.9571984435797666,0.9571984435797666,0.9571984435797666,0.9721115537848606,0.9571984435797666,0.9498069498069499,0.9498069498069499,,,0.0,-0.014913110205094005,0.0,-0.014913110205094005,-0.007391493772816671,-0.007391493772816671,,,False,False,False,False,False,False,False
preview,SQUIDPY_VISIUM_FLUO,2,Thalamus_2,3,preview::SQUIDPY_VISIUM_FLUO::fold_2::Thalamus_2,0.0,0.0,0.0,0.0,0.0,0.0,0.0,,,0.0,0.0,0.0,0.0,0.0,0.0,,,False,False,False,False,False,False,False
preview,SQUIDPY_VISIUM_FLUO,3,Amygdala,7,preview::SQUIDPY_VISIUM_FLUO::fold_3::Amygdala,0.0,0.0,0.0,0.0,0.0,0.0,0.0,,,0.0,0.0,0.0,0.0,0.0,0.0,,,False,False,False,False,False,False,False
preview,SQUIDPY_VISIUM_FLUO,3,Cortex_1,4,preview::SQUIDPY_VISIUM_FLUO::fold_3::Cortex_1,0.2758620689655173,0.2758620689655173,0.5333333333333333,0.7272727272727273,0.2758620689655173,0.33333333333333337,0.3076923076923077,,,0.0,-0.45141065830721,0.0,-0.45141065830721,0.05747126436781608,0.02564102564102566,,,False,False,False,False,False,False,False
preview,SQUIDPY_VISIUM_FLUO,3,Cortex_2,31,preview::SQUIDPY_VISIUM_FLUO::fold_3::Cortex_2,0.49350649350649356,0.49350649350649356,0.5,0.5,0.49350649350649356,0.5,0.5277777777777778,,,0.0,-0.00649350649350644,0.0,-0.00649350649350644,0.00649350649350644,-0.02777777777777779,,,False,False,False,False,False,False,False
preview,SQUIDPY_VISIUM_FLUO,3,Cortex_3,44,preview::SQUIDPY_VISIUM_FLUO::fold_3::Cortex_3,0.7671232876712328,0.7671232876712328,0.891566265060241,0.942528735632184,0.7671232876712328,0.8157894736842106,0.7837837837837838,,,0.0,-0.17540544796095114,0.0,-0.17540544796095114,0.048666186012977786,0.03200568990042685,,,False,False,True,False,False,False,False
preview,SQUIDPY_VISIUM_FLUO,3,Cortex_4,1,preview::SQUIDPY_VISIUM_FLUO::fold_3::Cortex_4,0.0,0.0,0.03773584905660378,0.0,0.0,0.0,0.0,,,0.0,-0.03773584905660378,0.0,-0.03773584905660378,0.0,0.0,,,False,False,False,False,False,False,False
preview,SQUIDPY_VISIUM_FLUO,3,Cortex_5,83,preview::SQUIDPY_VISIUM_FLUO::fold_3::Cortex_5,0.5833333333333334,0.5833333333333334,0.3564356435643564,0.7591240875912408,0.5833333333333334,0.6290322580645161,0.65625,,,0.0,-0.17579075425790747,0.0,-0.17579075425790747,0.045698924731182755,-0.027217741935483875,,,False,False,False,False,False,False,False
preview,SQUIDPY_VISIUM_FLUO,3,Dentate_gyrus,1,preview::SQUIDPY_VISIUM_FLUO::fold_3::Dentate_gyrus,0.15384615384615385,0.15384615384615385,0.25,0.2222222222222222,0.15384615384615385,0.18181818181818182,0.19999999999999998,,,0.0,-0.09615384615384615,0.0,-0.09615384615384615,0.02797202797202797,-0.01818181818181816,,,False,False,False,False,False,False,False
preview,SQUIDPY_VISIUM_FLUO,3,Fiber_tracts,19,preview::SQUIDPY_VISIUM_FLUO::fold_3::Fiber_tracts,0.5573770491803278,0.5573770491803278,0.576271186440678,0.6,0.5573770491803278,0.576271186440678,0.5862068965517242,,,0.0,-0.042622950819672156,0.0,-0.042622950819672156,0.018894137260350163,-0.009935710111046214,,,False,False,False,False,False,False,False
preview,SQUIDPY_VISIUM_FLUO,3,Hippocampus,36,preview::SQUIDPY_VISIUM_FLUO::fold_3::Hippocampus,0.7796610169491525,0.7796610169491525,0.7796610169491525,0.6909090909090909,0.7796610169491525,0.7796610169491525,0.7796610169491525,,,0.0,0.0,0.0,0.0,0.0,0.0,,,False,False,False,False,False,False,False
preview,SQUIDPY_VISIUM_FLUO,3,Hypothalamus_1,101,preview::SQUIDPY_VISIUM_FLUO::fold_3::Hypothalamus_1,0.0,0.0,0.0,0.14678899082568805,0.0,0.0196078431372549,0.0,,,0.0,-0.14678899082568805,0.0,-0.14678899082568805,0.0196078431372549,0.0196078431372549,,,False,False,True,False,False,False,False
preview,SQUIDPY_VISIUM_FLUO,3,Hypothalamus_2,64,preview::SQUIDPY_VISIUM_FLUO::fold_3::Hypothalamus_2,0.6813186813186813,0.6813186813186813,0.6737967914438502,0.7231638418079096,0.6813186813186813,0.6923076923076923,0.6847826086956523,,,0.0,-0.04184516048922826,0.0,-0.04184516048922826,0.01098901098901095,0.007525083612039962,,,False,False,False,False,False,False,False
preview,SQUIDPY_VISIUM_FLUO,3,Lateral_ventricle,6,preview::SQUIDPY_VISIUM_FLUO::fold_3::Lateral_ventricle,0.3076923076923077,0.3076923076923077,0.2926829268292683,0.3076923076923077,0.3076923076923077,0.2926829268292683,0.2926829268292683,,,0.0,0.0,0.0,0.0,-0.015009380863039434,-0.015009380863039434,,,False,False,False,False,False,False,False
preview,SQUIDPY_VISIUM_FLUO,3,Thalamus_1,80,preview::SQUIDPY_VISIUM_FLUO::fold_3::Thalamus_1,0.8333333333333334,0.8333333333333334,0.847457627118644,0.8522727272727273,0.8333333333333334,0.8333333333333334,0.8128342245989305,,,0.0,-0.018939393939393923,0.0,-0.018939393939393923,0.0,0.0,,,False,False,False,False,False,False,False
preview,SQUIDPY_VISIUM_FLUO,3,Thalamus_2,38,preview::SQUIDPY_VISIUM_FLUO::fold_3::Thalamus_2,0.5925925925925926,0.5925925925925926,0.5925925925925926,0.7333333333333334,0.5925925925925926,0.6181818181818182,0.4799999999999999,,,0.0,-0.14074074074074083,0.0,-0.14074074074074083,0.025589225589225606,0.025589225589225606,,,False,False,True,False,False,False,False
preview,SQUIDPY_VISIUM_FLUO,4,Amygdala,67,preview::SQUIDPY_VISIUM_FLUO::fold_4::Amygdala,0.2105263157894737,0.029411764705882353,0.029411764705882353,0.45977011494252873,0.2105263157894737,0.2784810126582279,0.2784810126582279,,,-0.18111455108359134,-0.43035835023664637,0.0,-0.24924379915305503,0.06795469686875419,0.0,,,False,False,False,False,True,False,False
preview,SQUIDPY_VISIUM_FLUO,4,Cortex_1,74,preview::SQUIDPY_VISIUM_FLUO::fold_4::Cortex_1,0.896551724137931,0.9230769230769231,0.9459459459459459,0.8529411764705881,0.888888888888889,0.9166666666666667,0.9090909090909092,,,0.02652519893899208,-0.022869022869022815,-0.007662835249042099,-0.05705705705705699,0.02011494252873569,0.007575757575757569,,,False,False,False,True,False,False,False
preview,SQUIDPY_VISIUM_FLUO,4,Cortex_2,48,preview::SQUIDPY_VISIUM_FLUO::fold_4::Cortex_2,0.7454545454545455,0.8039215686274509,0.8,0.7962962962962963,0.7321428571428571,0.7433628318584071,0.75,,,0.05846702317290542,0.0039215686274508554,-0.013311688311688386,-0.0717787114845938,-0.002091713596138356,-0.006637168141592875,,,False,False,False,True,False,False,True
preview,SQUIDPY_VISIUM_FLUO,4,Cortex_3,3,preview::SQUIDPY_VISIUM_FLUO::fold_4::Cortex_3,0.18181818181818182,0.36363636363636365,0.0,0.375,0.3333333333333333,0.36363636363636365,0.3333333333333333,,,0.18181818181818182,-0.011363636363636354,0.1515151515151515,-0.041666666666666685,0.18181818181818182,0.03030303030303033,,,False,False,False,False,False,False,False
preview,SQUIDPY_VISIUM_FLUO,4,Cortex_4,28,preview::SQUIDPY_VISIUM_FLUO::fold_4::Cortex_4,0.16666666666666666,0.3157894736842105,0.358974358974359,0.06666666666666667,0.16666666666666666,0.2857142857142857,0.2702702702702703,,,0.14912280701754385,-0.04318488529014847,0.0,-0.19230769230769232,0.11904761904761904,0.015444015444015413,,,False,False,True,True,False,False,False
preview,SQUIDPY_VISIUM_FLUO,4,Cortex_5,43,preview::SQUIDPY_VISIUM_FLUO::fold_4::Cortex_5,0.5507246376811594,0.6250000000000001,0.6190476190476191,0.6666666666666666,0.5294117647058824,0.5142857142857143,0.41791044776119407,,,0.07427536231884069,-0.04166666666666652,-0.021312872975277064,-0.13725490196078427,-0.03643892339544508,-0.03643892339544508,,,False,False,False,True,False,False,True
preview,SQUIDPY_VISIUM_FLUO,4,Fiber_tracts,69,preview::SQUIDPY_VISIUM_FLUO::fold_4::Fiber_tracts,0.853146853146853,0.8732394366197183,0.8201438848920863,0.786206896551724,0.853146853146853,0.7910447761194029,0.832116788321168,,,0.020092583472865244,0.020092583472865244,0.0,-0.020092583472865244,-0.062102077027450076,-0.062102077027450076,,,True,False,False,True,False,False,False
preview,SQUIDPY_VISIUM_FLUO,4,Hippocampus,99,preview::SQUIDPY_VISIUM_FLUO::fold_4::Hippocampus,0.7261146496815287,0.7388535031847133,0.7142857142857143,0.8284023668639052,0.7096774193548387,0.6887417218543047,0.7307692307692308,,,0.0127388535031846,-0.0895488636791919,-0.016437230326689978,-0.11872494750906648,-0.03737292782722401,-0.042027508914926126,,,False,False,False,True,False,False,True
preview,SQUIDPY_VISIUM_FLUO,4,Hypothalamus_1,44,preview::SQUIDPY_VISIUM_FLUO::fold_4::Hypothalamus_1,0.0,0.0,0.0,0.0,0.0,0.0,0.0,,,0.0,0.0,0.0,0.0,0.0,0.0,,,False,False,False,False,False,False,False
preview,SQUIDPY_VISIUM_FLUO,4,Lateral_ventricle,9,preview::SQUIDPY_VISIUM_FLUO::fold_4::Lateral_ventricle,0.6206896551724138,0.72,0.5517241379310346,0.6666666666666666,0.6206896551724138,0.5142857142857142,0.5806451612903226,,,0.09931034482758616,0.053333333333333344,0.0,-0.09931034482758616,-0.10640394088669958,-0.10640394088669958,,,False,False,False,False,False,False,False
preview,SQUIDPY_VISIUM_FLUO,4,Striatum,43,preview::SQUIDPY_VISIUM_FLUO::fold_4::Striatum,0.8936170212765957,0.923076923076923,0.9032258064516129,0.8865979381443299,0.8842105263157894,0.8269230769230769,0.8431372549019608,,,0.029459901800327315,0.01985111662531014,-0.009406494960806255,-0.03886639676113357,-0.06669394435351883,-0.06669394435351883,,,True,False,False,True,False,False,False
preview,SQUIDPY_VISIUM_FLUO,4,Thalamus_1,17,preview::SQUIDPY_VISIUM_FLUO::fold_4::Thalamus_1,0.9375,0.8666666666666666,0.8235294117647058,0.9375,0.9375,0.8666666666666666,0.9032258064516129,,,-0.07083333333333341,-0.07083333333333341,0.0,0.0,-0.07083333333333341,-0.07083333333333341,,,False,False,False,False,True,False,False
preview,SQUIDPY_VISIUM_FLUO,4,Thalamus_2,32,preview::SQUIDPY_VISIUM_FLUO::fold_4::Thalamus_2,0.7272727272727273,0.6736842105263158,0.5871559633027523,0.6881720430107526,0.735632183908046,0.6956521739130436,0.6808510638297872,,,-0.05358851674641152,-0.05358851674641152,0.008359456635318674,0.008359456635318674,-0.03162055335968372,-0.03162055335968372,,,False,False,False,False,True,False,False
preview,SQUIDPY_VISIUM_FLUO,5,Amygdala,8,preview::SQUIDPY_VISIUM_FLUO::fold_5::Amygdala,0.0,0.0,0.0,0.0,0.0,0.0,0.0,,,0.0,0.0,0.0,0.0,0.0,0.0,,,False,False,False,False,False,False,False
preview,SQUIDPY_VISIUM_FLUO,5,Cortex_1,105,preview::SQUIDPY_VISIUM_FLUO::fold_5::Cortex_1,0.618421052631579,0.8803827751196172,0.691358024691358,0.8934010152284265,0.7030303030303031,0.6274509803921569,0.6538461538461539,,,0.2619617224880382,-0.013018240108809365,0.08460925039872413,-0.1903707121981234,0.009029927760577872,-0.026395173453997,,,False,False,False,True,False,True,False
preview,SQUIDPY_VISIUM_FLUO,5,Cortex_2,74,preview::SQUIDPY_VISIUM_FLUO::fold_5::Cortex_2,0.611111111111111,0.7819548872180451,0.6518518518518518,0.7571428571428571,0.611111111111111,0.619718309859155,0.618705035971223,,,0.17084377610693402,0.024812030075187952,0.0,-0.17084377610693402,0.008607198748043943,0.0010132738879320424,,,True,False,False,True,False,False,False
preview,SQUIDPY_VISIUM_FLUO,5,Cortex_3,68,preview::SQUIDPY_VISIUM_FLUO::fold_5::Cortex_3,0.8032786885245901,0.8524590163934426,0.8387096774193549,0.9007633587786259,0.823529411764706,0.8225806451612904,0.8319999999999999,,,0.049180327868852514,-0.04830434238518333,0.020250723240115898,-0.07723394701391995,0.019301956636700313,-0.009419354838709482,,,False,False,False,True,False,True,False
preview,SQUIDPY_VISIUM_FLUO,5,Cortex_4,74,preview::SQUIDPY_VISIUM_FLUO::fold_5::Cortex_4,0.051948051948051945,0.0,0.026315789473684213,0.10126582278481013,0.12658227848101267,0.051948051948051945,0.07692307692307693,,,-0.051948051948051945,-0.10126582278481013,0.07463422653296073,0.02531645569620254,0.0,-0.024975024975024983,,,False,True,False,False,True,True,False
preview,SQUIDPY_VISIUM_FLUO,5,Dentate_gyrus,36,preview::SQUIDPY_VISIUM_FLUO::fold_5::Dentate_gyrus,0.0,0.0,0.0,0.0,0.0,0.0,0.0,,,0.0,0.0,0.0,0.0,0.0,0.0,,,False,False,False,False,False,False,False
preview,SQUIDPY_VISIUM_FLUO,5,Fiber_tracts,19,preview::SQUIDPY_VISIUM_FLUO::fold_5::Fiber_tracts,0.8837209302325582,0.9473684210526315,0.9500000000000001,0.7878787878787878,0.9,0.9268292682926829,0.9500000000000001,,,0.06364749082007337,-0.0026315789473685403,0.016279069767441867,-0.050000000000000044,0.04310833806012471,-0.023170731707317205,,,False,False,False,True,False,True,False
preview,SQUIDPY_VISIUM_FLUO,5,Hippocampus,122,preview::SQUIDPY_VISIUM_FLUO::fold_5::Hippocampus,0.7457627118644067,0.8401486988847584,0.8,0.8120300751879699,0.7574468085106384,0.7478991596638656,0.7583333333333333,,,0.09438598702035172,0.028118623696788525,0.011684096646231712,-0.08270189037412001,0.0021364477994588738,-0.01043417366946775,,,True,False,False,True,False,True,False
preview,SQUIDPY_VISIUM_FLUO,5,Hypothalamus_1,15,preview::SQUIDPY_VISIUM_FLUO::fold_5::Hypothalamus_1,0.3448275862068965,0.25,0.21428571428571427,0.5365853658536585,0.3225806451612903,0.3333333333333333,0.28571428571428575,,,-0.09482758620689652,-0.28658536585365846,-0.022246941045606206,-0.21400472069236814,-0.011494252873563204,-0.011494252873563204,,,False,False,False,False,True,False,True
preview,SQUIDPY_VISIUM_FLUO,5,Hypothalamus_2,41,preview::SQUIDPY_VISIUM_FLUO::fold_5::Hypothalamus_2,0.6612903225806451,0.6949152542372882,0.6833333333333332,0.7551020408163265,0.7008547008547009,0.6776859504132231,0.6833333333333332,,,0.03362493165664304,-0.06018678657903831,0.03956437827405579,-0.05424733996162556,0.016395627832577975,-0.005647382920110133,,,False,False,False,True,False,True,False
preview,SQUIDPY_VISIUM_FLUO,5,Lateral_ventricle,5,preview::SQUIDPY_VISIUM_FLUO::fold_5::Lateral_ventricle,0.37037037037037035,0.8333333333333333,0.3846153846153846,0.4166666666666667,0.37037037037037035,0.3571428571428571,0.3571428571428571,,,0.4629629629629629,0.4166666666666666,0.0,-0.4629629629629629,-0.013227513227513255,-0.013227513227513255,,,False,False,False,False,False,False,False
preview,SQUIDPY_VISIUM_HNE,1,Cortex_1,11,preview::SQUIDPY_VISIUM_HNE::fold_1::Cortex_1,0.20833333333333334,0.26086956521739124,0.24489795918367344,0.2641509433962264,0.2352941176470588,0.22950819672131148,0.2545454545454546,,,0.0525362318840579,-0.0032813781788351704,0.02696078431372545,-0.02885682574916762,0.021174863387978138,-0.025037257824143094,,,False,False,False,True,False,True,False
preview,SQUIDPY_VISIUM_HNE,1,Cortex_2,122,preview::SQUIDPY_VISIUM_HNE::fold_1::Cortex_2,0.07812499999999999,0.20437956204379565,0.21739130434782608,0.1791044776119403,0.19117647058823528,0.1791044776119403,0.21739130434782608,,,0.12625456204379565,-0.013011742304030433,0.1130514705882353,-0.0262148337595908,0.1009794776119403,-0.03828682673588579,,,False,False,False,True,False,True,False
preview,SQUIDPY_VISIUM_HNE,1,Cortex_3,74,preview::SQUIDPY_VISIUM_HNE::fold_1::Cortex_3,0.7642276422764227,0.8613138686131387,0.8333333333333333,0.7333333333333334,0.7868852459016393,0.7642276422764227,0.7741935483870968,,,0.09708622633671604,0.027980535279805485,0.022657603625216627,-0.07442862271149941,0.0,-0.00996590611067405,,,True,False,False,True,False,True,False
preview,SQUIDPY_VISIUM_HNE,1,Cortex_4,35,preview::SQUIDPY_VISIUM_HNE::fold_1::Cortex_4,0.3181818181818182,0.45833333333333337,0.42553191489361697,0.5490196078431373,0.4,0.3181818181818182,0.45833333333333337,,,0.1401515151515152,-0.09068627450980393,0.08181818181818185,-0.14901960784313728,0.0,-0.1401515151515152,,,False,False,False,True,False,True,False
preview,SQUIDPY_VISIUM_HNE,1,Cortex_5,50,preview::SQUIDPY_VISIUM_HNE::fold_1::Cortex_5,0.5739130434782608,0.5950413223140496,0.5714285714285715,0.609375,0.6229508196721312,0.6166666666666666,0.6153846153846154,,,0.021128278835788827,-0.014333677685950397,0.0490377761938704,0.013575819672131173,0.04275362318840581,0.0012820512820511665,,,False,True,False,True,False,True,False
preview,SQUIDPY_VISIUM_HNE,1,Fiber_tract,34,preview::SQUIDPY_VISIUM_HNE::fold_1::Fiber_tract,0.6551724137931034,0.679245283018868,0.56,0.71875,0.6545454545454545,0.7666666666666666,0.7241379310344829,,,0.02407286922576457,-0.039504716981132004,-0.0006269592476488839,-0.06420454545454546,0.11149425287356318,0.042528735632183734,,,False,False,True,True,False,False,False
preview,SQUIDPY_VISIUM_HNE,1,Hippocampus,54,preview::SQUIDPY_VISIUM_HNE::fold_1::Hippocampus,0.75,0.8064516129032259,0.7903225806451613,0.75,0.7692307692307692,0.7642276422764227,0.7936507936507936,,,0.05645161290322587,0.016129032258064613,0.019230769230769162,-0.037220843672456705,0.014227642276422703,-0.029423151374370904,,,True,False,False,True,False,True,False
preview,SQUIDPY_VISIUM_HNE,1,Hypothalamus_1,2,preview::SQUIDPY_VISIUM_HNE::fold_1::Hypothalamus_1,0.1081081081081081,0.1081081081081081,0.05555555555555555,0.12121212121212122,0.1111111111111111,0.12903225806451613,0.16,,,0.0,-0.013104013104013115,0.0030030030030030047,-0.01010101010101011,0.020924149956408025,-0.030967741935483878,,,False,False,False,False,False,False,False
preview,SQUIDPY_VISIUM_HNE,1,Hypothalamus_2,42,preview::SQUIDPY_VISIUM_HNE::fold_1::Hypothalamus_2,0.5263157894736842,0.24489795918367344,0.08888888888888889,0.4444444444444445,0.5423728813559321,0.5263157894736842,0.6865671641791046,,,-0.2814178302900108,-0.2814178302900108,0.01605709188224791,0.01605709188224791,0.0,-0.1602513747054204,,,False,True,False,False,True,True,False
preview,SQUIDPY_VISIUM_HNE,1,Lateral_ventricle,8,preview::SQUIDPY_VISIUM_HNE::fold_1::Lateral_ventricle,0.3783783783783784,0.4137931034482759,0.43478260869565216,0.3684210526315789,0.3684210526315789,0.39999999999999997,0.5185185185185185,,,0.03541472506989751,-0.02098950524737625,-0.009957325746799472,-0.06636155606407323,0.021621621621621567,-0.11851851851851852,,,False,False,False,False,False,False,False
preview,SQUIDPY_VISIUM_HNE,1,Pyramidal_layer,12,preview::SQUIDPY_VISIUM_HNE::fold_1::Pyramidal_layer,0.489795918367347,0.6153846153846153,0.5581395348837209,0.5,0.6666666666666666,0.5714285714285715,0.5581395348837209,,,0.12558869701726832,0.057245080500894385,0.17687074829931965,0.05128205128205132,0.08163265306122452,0.013289036544850585,,,True,True,True,True,False,True,False
preview,SQUIDPY_VISIUM_HNE,1,Pyramidal_layer_dentate_gyrus,19,preview::SQUIDPY_VISIUM_HNE::fold_1::Pyramidal_layer_dentate_gyrus,0.4375,0.6415094339622641,0.6037735849056604,0.6296296296296297,0.5925925925925926,0.5925925925925926,0.56,,,0.20400943396226412,0.01187980433263447,0.15509259259259256,-0.04891684136967156,0.15509259259259256,0.032592592592592506,,,True,False,True,True,False,True,False
preview,SQUIDPY_VISIUM_HNE,1,Striatum,1,preview::SQUIDPY_VISIUM_HNE::fold_1::Striatum,0.0,0.0,0.0,0.0,0.0,0.0,0.0,,,0.0,0.0,0.0,0.0,0.0,0.0,,,False,False,False,False,False,False,False
preview,SQUIDPY_VISIUM_HNE,1,Thalamus_1,65,preview::SQUIDPY_VISIUM_HNE::fold_1::Thalamus_1,0.8461538461538461,0.8270676691729324,0.7719298245614036,0.8682170542635659,0.8661417322834646,0.8507462686567164,0.8702290076335878,,,-0.01908617698091375,-0.041149385090633483,0.019987886129618437,-0.0020753219801012968,0.004592422502870286,-0.01948273897687136,,,False,False,False,False,True,True,False
preview,SQUIDPY_VISIUM_HNE,1,Thalamus_2,53,preview::SQUIDPY_VISIUM_HNE::fold_1::Thalamus_2,0.719298245614035,0.6942148760330579,0.6410256410256411,0.7027027027027026,0.7079646017699115,0.7272727272727273,0.782608695652174,,,-0.025083369580977122,-0.025083369580977122,-0.011333643844123498,-0.011333643844123498,0.0079744816586923,-0.055335968379446654,,,False,False,False,False,True,False,True
preview,SQUIDPY_VISIUM_HNE,2,Cortex_1,80,preview::SQUIDPY_VISIUM_HNE::fold_2::Cortex_1,0.2222222222222222,0.27956989247311825,0.18181818181818182,0.3838383838383838,0.7703703703703704,0.2978723404255319,0.42718446601941745,,,0.05734767025089604,-0.10426849136526556,0.5481481481481482,0.38653198653198656,0.07565011820330969,-0.12931212559388555,,,False,True,False,True,False,True,False
preview,SQUIDPY_VISIUM_HNE,2,Cortex_2,9,preview::SQUIDPY_VISIUM_HNE::fold_2::Cortex_2,0.823529411764706,0.9,0.9,0.7272727272727274,0.4545454545454546,1.0,0.9,,,0.07647058823529407,0.0,-0.36898395721925137,-0.44545454545454544,0.17647058823529405,0.09999999999999998,,,False,False,False,False,False,False,False
preview,SQUIDPY_VISIUM_HNE,2,Cortex_3,29,preview::SQUIDPY_VISIUM_HNE::fold_2::Cortex_3,0.8461538461538461,0.8627450980392156,0.8400000000000001,0.7796610169491527,0.6756756756756757,0.8627450980392156,0.8400000000000001,,,0.016591251885369473,0.016591251885369473,-0.1704781704781705,-0.18706942236353996,0.016591251885369473,0.016591251885369473,,,True,False,True,True,False,False,True
preview,SQUIDPY_VISIUM_HNE,2,Cortex_4,28,preview::SQUIDPY_VISIUM_HNE::fold_2::Cortex_4,0.4869565217391304,0.4869565217391304,0.4628099173553719,0.5185185185185185,0.8307692307692307,0.5045045045045045,0.5283018867924528,,,0.0,-0.03156199677938809,0.3438127090301003,0.3122507122507122,0.01754798276537406,-0.023797382287948365,,,False,True,False,False,False,True,False
preview,SQUIDPY_VISIUM_HNE,2,Cortex_5,14,preview::SQUIDPY_VISIUM_HNE::fold_2::Cortex_5,0.3333333333333333,0.4117647058823529,0.375,0.0,0.5909090909090909,0.41666666666666663,0.34782608695652173,,,0.0784313725490196,0.03676470588235292,0.2575757575757576,0.17914438502673802,0.08333333333333331,0.0688405797101449,,,True,True,True,True,False,True,False
preview,SQUIDPY_VISIUM_HNE,2,Fiber_tract,40,preview::SQUIDPY_VISIUM_HNE::fold_2::Fiber_tract,0.7027027027027027,0.7027027027027027,0.7090909090909092,0.6106870229007634,0.8636363636363635,0.7428571428571429,0.7722772277227722,,,0.0,-0.006388206388206474,0.1609336609336608,0.15454545454545432,0.04015444015444014,-0.029420084865629303,,,False,True,False,False,False,True,False
preview,SQUIDPY_VISIUM_HNE,2,Hippocampus,55,preview::SQUIDPY_VISIUM_HNE::fold_2::Hippocampus,0.7666666666666666,0.7826086956521738,0.8070175438596492,0.6336633663366337,0.7142857142857143,0.7839999999999999,0.7642276422764227,,,0.01594202898550723,-0.024408848207475353,-0.052380952380952306,-0.09273182957393489,0.01733333333333331,0.01733333333333331,,,False,False,True,True,False,False,True
preview,SQUIDPY_VISIUM_HNE,2,Hypothalamus_1,99,preview::SQUIDPY_VISIUM_HNE::fold_2::Hypothalamus_1,0.05882352941176471,0.07766990291262137,0.24778761061946902,0.964467005076142,0.2627737226277372,0.03960396039603961,0.03960396039603961,,,0.018846373500856654,-0.8867971021635207,0.20395019321597246,-0.7016932824484048,-0.0192195690157251,-0.0192195690157251,,,False,False,False,True,False,True,False
preview,SQUIDPY_VISIUM_HNE,2,Hypothalamus_2,9,preview::SQUIDPY_VISIUM_HNE::fold_2::Hypothalamus_2,0.0,0.0,0.0,0.0,0.0,0.0,0.19999999999999998,,,0.0,0.0,0.0,0.0,0.0,-0.19999999999999998,,,False,False,False,False,False,False,False
preview,SQUIDPY_VISIUM_HNE,2,Lateral_ventricle,32,preview::SQUIDPY_VISIUM_HNE::fold_2::Lateral_ventricle,0.6153846153846154,0.56,0.6538461538461537,0.72,0.0,0.7586206896551724,0.7719298245614036,,,-0.055384615384615365,-0.15999999999999992,-0.6153846153846154,-0.72,0.14323607427055696,-0.013309134906231201,,,False,False,False,False,True,False,True
preview,SQUIDPY_VISIUM_HNE,2,Pyramidal_layer_dentate_gyrus,22,preview::SQUIDPY_VISIUM_HNE::fold_2::Pyramidal_layer_dentate_gyrus,0.7368421052631579,0.8292682926829269,0.7999999999999999,0.8148148148148148,0.8301886792452831,0.85,0.8571428571428572,,,0.09242618741976905,0.01445347786811213,0.0933465739821252,0.0009203865623561569,0.11315789473684212,-0.0071428571428572285,,,True,False,False,True,False,True,False
preview,SQUIDPY_VISIUM_HNE,2,Striatum,56,preview::SQUIDPY_VISIUM_HNE::fold_2::Striatum,0.40506329113924044,0.3949044585987261,0.44871794871794873,0.35294117647058826,0.37662337662337664,0.4431137724550898,0.43930635838150295,,,-0.010158832540514362,-0.05381349011922265,-0.028439914515863807,-0.0720945720945721,0.03805048131584937,0.003807414073586868,,,False,False,False,False,True,False,True
preview,SQUIDPY_VISIUM_HNE,2,Thalamus_1,59,preview::SQUIDPY_VISIUM_HNE::fold_2::Thalamus_1,0.8489208633093526,0.8368794326241135,0.8368794326241135,0.8740740740740741,0.8740740740740741,0.8309859154929577,0.8309859154929577,,,-0.012041430685239107,-0.03719464144996065,0.025153210764721545,0.0,-0.01793494781639482,-0.01793494781639482,,,False,False,False,False,True,True,False
preview,SQUIDPY_VISIUM_HNE,2,Thalamus_2,31,preview::SQUIDPY_VISIUM_HNE::fold_2::Thalamus_2,0.4800000000000001,0.4657534246575342,0.49275362318840576,0.6296296296296297,0.5405405405405406,0.5277777777777778,0.5,,,-0.014246575342465873,-0.16387620497209543,0.06054054054054048,-0.08908908908908908,0.0477777777777777,0.02777777777777779,,,False,False,True,False,True,True,False
preview,SQUIDPY_VISIUM_HNE,3,Cortex_1,63,preview::SQUIDPY_VISIUM_HNE::fold_3::Cortex_1,0.5625,0.6545454545454545,0.5454545454545454,0.8403361344537815,0.62,0.5607476635514018,0.5904761904761904,,,0.09204545454545454,-0.18579067990832698,0.057499999999999996,-0.22033613445378153,-0.0017523364485981796,-0.029728526924788556,,,False,False,False,True,False,True,False
preview,SQUIDPY_VISIUM_HNE,3,Cortex_2,120,preview::SQUIDPY_VISIUM_HNE::fold_3::Cortex_2,0.36734693877551017,0.41059602649006627,0.37837837837837834,0.6740331491712707,0.41059602649006627,0.4415584415584416,0.5093167701863354,,,0.0432490877145561,-0.2634371226812044,0.0432490877145561,-0.2634371226812044,0.07421150278293143,-0.06775832862789377,,,False,False,False,True,False,True,False
preview,SQUIDPY_VISIUM_HNE,3,Cortex_3,40,preview::SQUIDPY_VISIUM_HNE::fold_3::Cortex_3,0.7714285714285714,0.7714285714285714,0.7714285714285714,0.7567567567567567,0.7428571428571429,0.7605633802816901,0.7887323943661972,,,0.0,0.0,-0.02857142857142847,-0.02857142857142847,-0.010865191146881226,-0.028169014084507116,,,False,False,False,False,False,False,True
preview,SQUIDPY_VISIUM_HNE,3,Cortex_4,33,preview::SQUIDPY_VISIUM_HNE::fold_3::Cortex_4,0.6666666666666666,0.64,0.625,0.8571428571428572,0.6122448979591837,0.6,0.7272727272727273,,,-0.026666666666666616,-0.2171428571428572,-0.05442176870748294,-0.24489795918367352,-0.06666666666666665,-0.12727272727272732,,,False,False,False,False,True,False,True
preview,SQUIDPY_VISIUM_HNE,3,Cortex_5,31,preview::SQUIDPY_VISIUM_HNE::fold_3::Cortex_5,0.3835616438356164,0.5128205128205128,0.4657534246575342,0.6153846153846153,0.48275862068965525,0.4675324675324675,0.5135135135135135,,,0.12925886898489636,-0.10256410256410253,0.09919697685403883,-0.13262599469496006,0.0839708236968511,-0.045981045981045965,,,False,False,False,True,False,True,False
preview,SQUIDPY_VISIUM_HNE,3,Fiber_tract,23,preview::SQUIDPY_VISIUM_HNE::fold_3::Fiber_tract,0.7931034482758621,0.7796610169491525,0.7796610169491525,0.6666666666666666,0.7457627118644068,0.7540983606557378,0.8148148148148149,,,-0.013442431326709636,-0.013442431326709636,-0.04734073641145531,-0.04734073641145531,-0.039005087620124335,-0.060716454159077116,,,False,False,False,False,True,False,True
preview,SQUIDPY_VISIUM_HNE,3,Hippocampus,49,preview::SQUIDPY_VISIUM_HNE::fold_3::Hippocampus,0.5954198473282443,0.6666666666666666,0.6299212598425196,0.6516853932584269,0.6434782608695652,0.6666666666666666,0.6724137931034483,,,0.07124681933842236,0.014981273408239737,0.0480584135413209,-0.023188405797101463,0.07124681933842236,-0.005747126436781658,,,True,False,False,True,False,True,False
preview,SQUIDPY_VISIUM_HNE,3,Hypothalamus_1,86,preview::SQUIDPY_VISIUM_HNE::fold_3::Hypothalamus_1,0.4892086330935252,0.7167630057803469,0.632258064516129,0.8658536585365854,0.43795620437956206,0.7553191489361702,0.6363636363636364,,,0.22755437268682172,-0.14909065275623845,-0.05125242871396313,-0.4278974541570233,0.26611051584264506,0.1189555125725339,,,False,False,True,True,False,False,True
preview,SQUIDPY_VISIUM_HNE,3,Hypothalamus_2,2,preview::SQUIDPY_VISIUM_HNE::fold_3::Hypothalamus_2,0.0,0.0,0.0,0.21052631578947367,0.0,0.4,0.5,,,0.0,-0.21052631578947367,0.0,-0.21052631578947367,0.4,-0.09999999999999998,,,False,False,False,False,False,False,False
preview,SQUIDPY_VISIUM_HNE,3,Lateral_ventricle,13,preview::SQUIDPY_VISIUM_HNE::fold_3::Lateral_ventricle,0.5263157894736842,0.4444444444444444,0.4444444444444444,0.25,0.5263157894736842,0.6,0.5263157894736842,,,-0.08187134502923976,-0.08187134502923976,0.0,0.0,0.0736842105263158,0.0736842105263158,,,False,False,True,False,True,False,False
preview,SQUIDPY_VISIUM_HNE,3,Pyramidal_layer,13,preview::SQUIDPY_VISIUM_HNE::fold_3::Pyramidal_layer,0.52,0.5777777777777777,0.52,0.8125000000000001,0.5652173913043478,0.65,0.5652173913043478,,,0.057777777777777706,-0.2347222222222224,0.045217391304347765,-0.24728260869565233,0.13,0.08478260869565224,,,False,False,True,True,False,True,False
preview,SQUIDPY_VISIUM_HNE,3,Pyramidal_layer_dentate_gyrus,14,preview::SQUIDPY_VISIUM_HNE::fold_3::Pyramidal_layer_dentate_gyrus,0.16666666666666663,0.4324324324324324,0.2105263157894737,0.45,0.2941176470588235,0.41025641025641024,0.4,,,0.26576576576576577,-0.01756756756756761,0.12745098039215685,-0.15588235294117653,0.2435897435897436,0.01025641025641022,,,False,False,True,True,False,True,False
preview,SQUIDPY_VISIUM_HNE,3,Striatum,40,preview::SQUIDPY_VISIUM_HNE::fold_3::Striatum,0.14545454545454545,0.1967213114754098,0.20338983050847456,0.32000000000000006,0.19354838709677416,0.20338983050847456,0.24999999999999994,,,0.05126676602086436,-0.12327868852459026,0.04809384164222871,-0.1264516129032259,0.057935285053929114,-0.04661016949152538,,,False,False,False,True,False,True,False
preview,SQUIDPY_VISIUM_HNE,4,Cortex_1,107,preview::SQUIDPY_VISIUM_HNE::fold_4::Cortex_1,0.2459016393442623,0.328125,0.39705882352941174,0.7058823529411764,0.17094017094017094,0.5394736842105263,0.5100671140939598,,,0.08222336065573771,-0.3777573529411764,-0.07496146840409135,-0.5349421820010054,0.29357204486626404,0.029406570116566555,,,False,False,True,True,False,False,True
preview,SQUIDPY_VISIUM_HNE,4,Cortex_3,52,preview::SQUIDPY_VISIUM_HNE::fold_4::Cortex_3,0.6307692307692307,0.6865671641791045,0.7058823529411765,0.748091603053435,0.6666666666666667,0.7272727272727273,0.6666666666666666,,,0.05579793340987371,-0.06152443887433057,0.03589743589743599,-0.08142493638676829,0.09650349650349654,0.06060606060606066,,,False,False,True,True,False,True,False
preview,SQUIDPY_VISIUM_HNE,4,Cortex_4,68,preview::SQUIDPY_VISIUM_HNE::fold_4::Cortex_4,0.6218487394957983,0.6849315068493151,0.6620689655172415,0.42696629213483145,0.6766917293233082,0.5825242718446603,0.6126126126126126,,,0.06308276735351681,0.02286254133207366,0.0548429898275099,-0.008239777526006908,-0.03932446765113806,-0.03932446765113806,,,True,False,False,True,False,True,False
preview,SQUIDPY_VISIUM_HNE,4,Cortex_5,33,preview::SQUIDPY_VISIUM_HNE::fold_4::Cortex_5,0.6086956521739131,0.6746987951807228,0.6829268292682927,0.7826086956521738,0.6511627906976744,0.5686274509803921,0.5909090909090909,,,0.06600314300680976,-0.10790990047145099,0.04246713852376127,-0.13144590495449948,-0.04006820119352095,-0.04006820119352095,,,False,False,False,True,False,True,False
preview,SQUIDPY_VISIUM_HNE,4,Fiber_tract,9,preview::SQUIDPY_VISIUM_HNE::fold_4::Fiber_tract,0.3157894736842105,0.3157894736842105,0.2105263157894737,0.631578947368421,0.3157894736842105,0.2222222222222222,0.13333333333333333,,,0.0,-0.3157894736842105,0.0,-0.3157894736842105,-0.0935672514619883,-0.0935672514619883,,,False,False,False,False,False,False,False
preview,SQUIDPY_VISIUM_HNE,4,Hippocampus,2,preview::SQUIDPY_VISIUM_HNE::fold_4::Hippocampus,0.6666666666666666,0.6666666666666666,0.6666666666666666,0.4,0.5,0.4,0.1818181818181818,,,0.0,0.0,-0.16666666666666663,-0.16666666666666663,-0.2666666666666666,-0.2666666666666666,,,False,False,False,False,False,False,False
preview,SQUIDPY_VISIUM_HNE,4,Hypothalamus_1,9,preview::SQUIDPY_VISIUM_HNE::fold_4::Hypothalamus_1,0.15789473684210528,0.16071428571428573,0.16071428571428573,0.1475409836065574,0.15789473684210528,0.15652173913043477,0.13846153846153847,,,0.002819548872180444,0.0,0.0,-0.002819548872180444,-0.001372997711670515,-0.001372997711670515,,,False,False,False,False,False,False,False
preview,SQUIDPY_VISIUM_HNE,4,Hypothalamus_2,45,preview::SQUIDPY_VISIUM_HNE::fold_4::Hypothalamus_2,0.0,0.0,0.0,0.0,0.0,0.0,0.0,,,0.0,0.0,0.0,0.0,0.0,0.0,,,False,False,False,False,False,False,False
preview,SQUIDPY_VISIUM_HNE,4,Lateral_ventricle,15,preview::SQUIDPY_VISIUM_HNE::fold_4::Lateral_ventricle,0.6190476190476191,0.6511627906976745,0.6511627906976745,0.6451612903225806,0.5853658536585367,0.6,0.35294117647058826,,,0.032115171650055396,0.0,-0.03368176538908241,-0.0657969370391378,-0.01904761904761909,-0.01904761904761909,,,False,False,False,True,False,False,True
preview,SQUIDPY_VISIUM_HNE,4,Pyramidal_layer_dentate_gyrus,8,preview::SQUIDPY_VISIUM_HNE::fold_4::Pyramidal_layer_dentate_gyrus,0.7272727272727273,0.9411764705882353,1.0,0.8571428571428571,0.5714285714285714,0.888888888888889,0.7272727272727273,,,0.213903743315508,-0.05882352941176472,-0.1558441558441559,-0.4285714285714286,0.16161616161616166,0.16161616161616166,,,False,False,False,False,False,False,False
preview,SQUIDPY_VISIUM_HNE,4,Thalamus_1,137,preview::SQUIDPY_VISIUM_HNE::fold_4::Thalamus_1,0.9699248120300751,0.9699248120300751,0.9699248120300751,0.9777777777777779,0.9737827715355805,0.9699248120300751,0.9581749049429658,,,0.0,-0.007852965747702778,0.0038579595055053817,-0.003995006242197396,0.0,0.0,,,False,False,False,False,False,False,False
preview,SQUIDPY_VISIUM_HNE,4,Thalamus_2,49,preview::SQUIDPY_VISIUM_HNE::fold_4::Thalamus_2,0.039999999999999994,0.039999999999999994,0.039999999999999994,0.0,0.039999999999999994,0.039999999999999994,0.0,,,0.0,0.0,0.0,0.0,0.0,0.0,,,False,False,False,False,False,False,False
preview,SQUIDPY_VISIUM_HNE,5,Cortex_1,23,preview::SQUIDPY_VISIUM_HNE::fold_5::Cortex_1,0.6666666666666667,0.619718309859155,0.4782608695652174,0.8749999999999999,0.619718309859155,0.8695652173913043,0.7804878048780488,,,-0.04694835680751175,-0.2552816901408449,-0.04694835680751175,-0.2552816901408449,0.20289855072463758,0.08907741251325552,,,False,False,True,False,True,False,True
preview,SQUIDPY_VISIUM_HNE,5,Cortex_2,6,preview::SQUIDPY_VISIUM_HNE::fold_5::Cortex_2,0.0,0.6666666666666666,0.2857142857142857,0.2857142857142857,0.6666666666666666,0.0,0.6666666666666666,,,0.6666666666666666,0.38095238095238093,0.6666666666666666,0.0,0.0,-0.6666666666666666,,,False,False,False,False,False,False,False
preview,SQUIDPY_VISIUM_HNE,5,Cortex_3,49,preview::SQUIDPY_VISIUM_HNE::fold_5::Cortex_3,0.8909090909090909,0.6578947368421053,0.47761194029850745,0.968421052631579,0.6578947368421053,0.9400000000000001,0.923076923076923,,,-0.23301435406698556,-0.31052631578947365,-0.23301435406698556,-0.31052631578947365,0.049090909090909185,0.01692307692307704,,,False,False,True,False,True,False,True
preview,SQUIDPY_VISIUM_HNE,5,Cortex_5,1,preview::SQUIDPY_VISIUM_HNE::fold_5::Cortex_5,0.03225806451612903,0.03571428571428572,0.03571428571428572,0.04166666666666667,0.04166666666666667,0.042553191489361694,0.03389830508474576,,,0.003456221198156688,-0.005952380952380952,0.00940860215053764,0.0,0.010295126973232663,0.008654886404615932,,,False,False,False,False,False,False,False
preview,SQUIDPY_VISIUM_HNE,5,Fiber_tract,120,preview::SQUIDPY_VISIUM_HNE::fold_5::Fiber_tract,0.9298245614035088,0.9066666666666667,0.8744186046511628,0.9026548672566371,0.9292035398230089,0.9147982062780268,0.8949771689497718,,,-0.023157894736842044,-0.023157894736842044,-0.0006210215804999253,-0.0006210215804999253,-0.015026355125482005,-0.015026355125482005,,,False,False,False,False,True,False,False
preview,SQUIDPY_VISIUM_HNE,5,Hippocampus,62,preview::SQUIDPY_VISIUM_HNE::fold_5::Hippocampus,0.031746031746031744,0.0625,0.0625,0.09230769230769231,0.45000000000000007,0.41025641025641024,0.1492537313432836,,,0.030753968253968256,-0.029807692307692313,0.4182539682539683,0.35769230769230775,0.3785103785103785,0.2610026789131267,,,False,True,True,True,False,True,False
preview,SQUIDPY_VISIUM_HNE,5,Hypothalamus_1,12,preview::SQUIDPY_VISIUM_HNE::fold_5::Hypothalamus_1,0.26666666666666666,0.6363636363636365,0.47058823529411764,0.6,0.6363636363636365,0.6666666666666666,0.47058823529411764,,,0.3696969696969698,0.03636363636363649,0.3696969696969698,0.0,0.39999999999999997,0.196078431372549,,,True,False,True,True,False,True,False
preview,SQUIDPY_VISIUM_HNE,5,Hypothalamus_2,35,preview::SQUIDPY_VISIUM_HNE::fold_5::Hypothalamus_2,0.0,0.0,0.0,0.6875,0.0,0.05263157894736842,0.3111111111111111,,,0.0,-0.6875,0.0,-0.6875,0.05263157894736842,-0.2584795321637427,,,False,False,False,False,False,False,False
preview,SQUIDPY_VISIUM_HNE,5,Lateral_ventricle,37,preview::SQUIDPY_VISIUM_HNE::fold_5::Lateral_ventricle,0.4,0.4,0.32,0.5090909090909091,0.44444444444444453,0.5263157894736842,0.5172413793103449,,,0.0,-0.10909090909090913,0.04444444444444451,-0.06464646464646462,0.12631578947368416,0.00907441016333932,,,False,False,False,False,False,True,False
preview,SQUIDPY_VISIUM_HNE,5,Pyramidal_layer,17,preview::SQUIDPY_VISIUM_HNE::fold_5::Pyramidal_layer,0.8095238095238095,0.7083333333333333,0.7555555555555554,0.8947368421052632,0.85,0.8292682926829268,0.8292682926829268,,,-0.10119047619047628,-0.1864035087719299,0.04047619047619044,-0.044736842105263186,0.019744483159117254,0.0,,,False,False,False,False,True,True,False
preview,SQUIDPY_VISIUM_HNE,5,Pyramidal_layer_dentate_gyrus,5,preview::SQUIDPY_VISIUM_HNE::fold_5::Pyramidal_layer_dentate_gyrus,0.42857142857142855,0.5454545454545454,0.6666666666666666,0.27586206896551724,0.5454545454545454,0.5454545454545454,0.5454545454545454,,,0.11688311688311687,-0.12121212121212122,0.11688311688311687,-0.12121212121212122,0.11688311688311687,0.0,,,False,False,False,False,False,False,False
preview,SQUIDPY_VISIUM_HNE,5,Striatum,56,preview::SQUIDPY_VISIUM_HNE::fold_5::Striatum,0.7671232876712328,0.8115942028985507,0.7832167832167831,0.8296296296296296,0.8,0.8175182481751825,0.7943262411347518,,,0.04447091522731783,-0.01803542673107894,0.03287671232876721,-0.02962962962962956,0.05039496050394965,0.023192007040430673,,,False,False,True,True,False,True,False
preview,SQUIDPY_VISIUM_HNE,5,Thalamus_2,59,preview::SQUIDPY_VISIUM_HNE::fold_5::Thalamus_2,0.0,0.0,0.0,0.06451612903225806,0.0,0.0,0.0,,,0.0,-0.06451612903225806,0.0,-0.06451612903225806,0.0,0.0,,,False,False,False,False,False,False,False
