task_id,scale,dataset_id,label,support,support_bin,marker_f1,learned_f1,random_graph_f1,permuted_prior_f1,context_specific_f1,smoothing_f1,reference_profile_f1,marker_reference_f1,learned_delta_vs_marker,learned_specific_f1_delta,context_delta_vs_marker,context_specific_f1_delta,smoothing_delta_vs_marker,smoothing_specific_f1_delta,reference_delta_vs_marker,marker_reference_delta_vs_marker,learned_label_guardrail,context_label_guardrail,smoothing_label_guardrail,learned_improved_over_marker,learned_harmed_vs_marker,context_improved_over_marker,context_harmed_vs_marker,marker_precision,marker_recall,learned_precision,learned_recall
expanded::GEO_GSE284005_MERSCOPE_MS_EXPANDED::B,expanded,GEO_GSE284005_MERSCOPE_MS_EXPANDED,B,944,501-1000,0.8532460447354064,0.857914640734738,0.8549534756431308,0.8534059945504086,0.8519116855142704,,0.7663157894736842,0.8621219887237315,0.0046685959993315596,0.002961165091607154,-0.0013343592211360056,-0.006002955220467565,,,-0.08693025526172227,0.00887594398832503,False,False,False,False,False,False,False,0.8796400449943758,0.8283898305084746,0.8754134509371555,0.8411016949152542
expanded::GEO_GSE284005_MERSCOPE_MS_EXPANDED::BCAS1+ OL,expanded,GEO_GSE284005_MERSCOPE_MS_EXPANDED,BCAS1+ OL,1000,501-1000,0.5792410714285714,0.5865647187329328,0.5912087912087912,0.5647442872687704,0.5855263157894738,,0.0719016083254493,0.2554216867469879,0.007323647304361414,-0.004644072475858407,0.006285244360902387,-0.005682475419317434,,,-0.5073394631031221,-0.3238193846815835,False,False,False,False,False,False,False,0.6553030303030303,0.519,0.6462093862815884,0.537
expanded::GEO_GSE284005_MERSCOPE_MS_EXPANDED::CCN1.Astro,expanded,GEO_GSE284005_MERSCOPE_MS_EXPANDED,CCN1.Astro,1000,501-1000,0.58328530259366,0.5550458715596331,0.5513756316676024,0.5610913404507709,0.5643105446118192,,0.3504398826979472,0.5109797297297297,-0.02823943103402682,-0.02823943103402682,-0.018974757981840784,-0.018974757981840784,,,-0.23284541989571278,-0.07230557286393025,False,False,False,False,True,False,True,0.6884353741496598,0.506,0.6505376344086021,0.484
expanded::GEO_GSE284005_MERSCOPE_MS_EXPANDED::CD4+ T,expanded,GEO_GSE284005_MERSCOPE_MS_EXPANDED,CD4+ T,342,101-500,0.4987893462469734,0.4873015873015873,0.490023942537909,0.4707692307692307,0.49438202247191,,0.4525916561314791,0.5120274914089347,-0.011487758945386117,-0.011487758945386117,-0.004407323775063421,-0.004407323775063421,,,-0.046197690115494294,0.013238145161961257,False,False,False,False,True,False,False,0.3444816053511705,0.9035087719298246,0.3344226579520697,0.8976608187134503
expanded::GEO_GSE284005_MERSCOPE_MS_EXPANDED::CD8+ T,expanded,GEO_GSE284005_MERSCOPE_MS_EXPANDED,CD8+ T,1000,501-1000,0.4817610062893082,0.4878353087960075,0.4834063869755792,0.4445884640311082,0.4843161856963614,,0.088560885608856,0.3587509077705156,0.006074302506699325,0.004428921820428311,0.002555179407053243,-0.003519123099646082,,,-0.3932001206804522,-0.12301009851879258,False,False,False,False,False,False,False,0.6491525423728813,0.383,0.648424543946932,0.391
expanded::GEO_GSE284005_MERSCOPE_MS_EXPANDED::COP,expanded,GEO_GSE284005_MERSCOPE_MS_EXPANDED,COP,448,101-500,0.7967289719626168,0.7990543735224588,0.7962529274004684,0.7939110070257611,0.7933884297520661,,0.5958041958041957,0.773955773955774,0.0023254015598419553,0.0023254015598419553,-0.00334054221055069,-0.005665943770392645,,,-0.20092477615842108,-0.022773198006842854,False,False,False,False,False,False,False,0.8357843137254902,0.7611607142857143,0.8492462311557789,0.7544642857142857
expanded::GEO_GSE284005_MERSCOPE_MS_EXPANDED::DA.Astro,expanded,GEO_GSE284005_MERSCOPE_MS_EXPANDED,DA.Astro,1000,501-1000,0.5263686589653441,0.5358802271553949,0.5113693784739768,0.5171736997055938,0.5340793489318413,,0.5665480427046263,0.6022330774598744,0.009511568190050723,0.009511568190050723,0.007710689966497153,-0.0018008782235535703,,,0.040179383739282204,0.0758644184945303,False,False,False,False,False,False,False,0.5287588294651867,0.524,0.5538954108858057,0.519
expanded::GEO_GSE284005_MERSCOPE_MS_EXPANDED::DAOPC,expanded,GEO_GSE284005_MERSCOPE_MS_EXPANDED,DAOPC,914,501-1000,0.4647018505825908,0.4576976421636615,0.4446002805049088,0.4598786244099798,0.4528301886792452,,0.3001500750375187,0.3005122367672169,-0.007004208418929292,-0.007004208418929292,-0.011871661903345598,-0.011871661903345598,,,-0.16455177554507205,-0.1641896138153739,False,False,False,False,False,False,True,0.6220183486238532,0.3708971553610503,0.625,0.3610503282275711
expanded::GEO_GSE284005_MERSCOPE_MS_EXPANDED::Disease OL,expanded,GEO_GSE284005_MERSCOPE_MS_EXPANDED,Disease OL,1000,501-1000,0.2632898696088264,0.2644067796610169,0.269281045751634,0.2314483416845622,0.2692619626926196,,,0.0116504854368932,0.0011169100521905007,-0.004874266090617085,0.005972093083793206,-1.908305901437979e-05,,,,-0.2516393841719332,False,False,False,False,False,False,False,0.1757028112449799,0.525,0.1788359788359788,0.507
expanded::GEO_GSE284005_MERSCOPE_MS_EXPANDED::Fibroblast,expanded,GEO_GSE284005_MERSCOPE_MS_EXPANDED,Fibroblast,1000,501-1000,0.7848332571950664,0.7895959126799815,0.7857802400738689,0.7759259259259258,0.7913403961308153,,0.5601552393272963,0.7854330708661418,0.004762655484915168,0.0038156726061125967,0.006507138935748946,0.001744483450833778,,,-0.22467801786777009,0.000599813671075422,False,False,False,False,False,False,False,0.7224558452481077,0.859,0.7372072853425846,0.85
expanded::GEO_GSE284005_MERSCOPE_MS_EXPANDED::Homeo.Astro,expanded,GEO_GSE284005_MERSCOPE_MS_EXPANDED,Homeo.Astro,1000,501-1000,0.1863091037402964,0.2129032258064516,0.1873698820263706,0.2076573653471772,0.1978609625668449,,0.0489181561618062,0.0448179271708683,0.02659412206615519,0.005245860459274415,0.011551858826548494,-0.015042263239606696,,,-0.1373909475784902,-0.1414911765694281,False,False,False,True,False,True,False,0.316546762589928,0.132,0.3,0.165
expanded::GEO_GSE284005_MERSCOPE_MS_EXPANDED::Homeo.Endo,expanded,GEO_GSE284005_MERSCOPE_MS_EXPANDED,Homeo.Endo,1000,501-1000,0.5548780487804877,0.5128755364806866,0.5409582689335395,0.5446768060836501,0.5530381050463439,,0.4798523531221163,0.5685856432125089,-0.04200251229980112,-0.04200251229980112,-0.0018399437341438674,-0.0018399437341438674,,,-0.07502569565837142,0.013707594432021186,False,False,False,False,True,False,False,0.5640495867768595,0.546,0.5532407407407407,0.478
expanded::GEO_GSE284005_MERSCOPE_MS_EXPANDED::Imm OL,expanded,GEO_GSE284005_MERSCOPE_MS_EXPANDED,Imm OL,1000,501-1000,0.2056303549571603,0.2021210230817217,0.2002472187886279,0.1645493042952208,0.2119047619047619,,0.0743670886075949,0.091798344620015,-0.003509331875438615,-0.003509331875438615,0.006274406947601591,0.006274406947601591,,,-0.13126326634956542,-0.11383201033714531,False,False,False,False,False,False,False,0.2649842271293375,0.168,0.2686567164179104,0.162
expanded::GEO_GSE284005_MERSCOPE_MS_EXPANDED::Imm.Astro,expanded,GEO_GSE284005_MERSCOPE_MS_EXPANDED,Imm.Astro,1000,501-1000,0.3042904290429042,0.2983843245101409,0.2920353982300885,0.2906104962513388,0.308867485885088,,0.2434782608695652,0.2656572608396421,-0.005906104532763301,-0.005906104532763301,0.004577056842183791,0.004577056842183791,,,-0.06081216817333901,-0.038633168203262125,False,False,False,False,False,False,False,0.2270935960591133,0.461,0.2273441592456783,0.434
expanded::GEO_GSE284005_MERSCOPE_MS_EXPANDED::Mac,expanded,GEO_GSE284005_MERSCOPE_MS_EXPANDED,Mac,1000,501-1000,0.5982300884955752,0.5971563981042654,0.5945626477541373,0.5997638724911452,0.588235294117647,,0.1831238779174147,0.3975346687211094,-0.0010736903913098894,-0.0026074743868798045,-0.009994794377928273,-0.011528578373498188,,,-0.41510621057816055,-0.20069541977446587,False,False,False,False,False,False,False,0.7294964028776978,0.507,0.7325581395348837,0.504
expanded::GEO_GSE284005_MERSCOPE_MS_EXPANDED::Mature OL,expanded,GEO_GSE284005_MERSCOPE_MS_EXPANDED,Mature OL,1000,501-1000,0.2846153846153846,0.3048016701461378,0.2994161801501251,0.236548715462918,0.3072534637326813,,0.0643382352941176,0.294300518134715,0.02018628553075319,0.005385489996012682,0.022638079117296706,0.002451793586543516,,,-0.22027714932126702,0.009685133519330369,False,False,False,True,False,True,False,0.2485074626865671,0.333,0.2616487455197133,0.365
expanded::GEO_GSE284005_MERSCOPE_MS_EXPANDED::Micro Foamy,expanded,GEO_GSE284005_MERSCOPE_MS_EXPANDED,Micro Foamy,1000,501-1000,0.5179606025492468,0.5109243697478991,0.5014310246136233,0.4810126582278481,0.5168918918918919,,0.3077658303464755,0.5213893967093235,-0.007036232801347686,-0.007036232801347686,-0.001068710657354921,-0.001068710657354921,,,-0.21019477220277133,0.003428794160076687,False,False,False,False,False,False,False,0.6157024793388429,0.447,0.5808917197452229,0.456
expanded::GEO_GSE284005_MERSCOPE_MS_EXPANDED::Micro Homeo,expanded,GEO_GSE284005_MERSCOPE_MS_EXPANDED,Micro Homeo,1000,501-1000,0.3508333333333333,0.3418803418803419,0.3419023136246787,0.3406451612903226,0.3448866067608045,,0.009861932938856,0.0986547085201793,-0.008952991452991388,-0.008952991452991388,-0.00594672657252876,-0.00594672657252876,,,-0.34097140039447726,-0.252178624813154,False,False,False,False,False,False,False,0.3007142857142857,0.421,0.2985074626865671,0.4
expanded::GEO_GSE284005_MERSCOPE_MS_EXPANDED::Micro IL1B,expanded,GEO_GSE284005_MERSCOPE_MS_EXPANDED,Micro IL1B,1000,501-1000,0.576039119804401,0.5795398923152227,0.5761078998073217,0.4889118102114492,0.5737864077669903,,0.1610619469026548,0.2580477673935618,0.0035007725108217036,0.0034319925079010494,-0.0022527120374107312,-0.005753484548232435,,,-0.41497717290174624,-0.31799135241083926,False,False,False,False,False,False,False,0.5636363636363636,0.589,0.5675934803451582,0.592
expanded::GEO_GSE284005_MERSCOPE_MS_EXPANDED::Micro SPP1,expanded,GEO_GSE284005_MERSCOPE_MS_EXPANDED,Micro SPP1,1000,501-1000,0.5561200923787528,0.5564478034955125,0.5577281191806331,0.5396544085068675,0.5522458628841608,,0.2017900732302684,0.4281984334203655,0.0003277111167596658,-0.0012803156851206587,-0.003874229494592041,-0.005482256296472365,,,-0.3543300191484844,-0.1279216589583873,False,False,False,False,False,False,False,0.5167381974248927,0.602,0.5273052820053715,0.589
expanded::GEO_GSE284005_MERSCOPE_MS_EXPANDED::Micro Stress,expanded,GEO_GSE284005_MERSCOPE_MS_EXPANDED,Micro Stress,1000,501-1000,0.2372093023255814,0.237405906195715,0.2410196987253766,0.2337662337662337,0.2455331412103746,,0.0243673851921274,0.0840799448656099,0.0001966038701335937,-0.003613792529661597,0.008323838884793183,0.004513442484997993,,,-0.21284191713345402,-0.1531293574599715,False,False,False,False,False,False,False,0.2833333333333333,0.204,0.2819807427785419,0.205
expanded::GEO_GSE284005_MERSCOPE_MS_EXPANDED::Micro VEGFA,expanded,GEO_GSE284005_MERSCOPE_MS_EXPANDED,Micro VEGFA,1000,501-1000,0.4971878515185601,0.505902192242833,0.5013865779256794,0.4685059864653826,0.4870349492671927,,0.1068566340160284,0.2050861361771944,0.008714340724272851,0.004515614317153527,-0.01015290225136739,-0.01886724297564024,,,-0.3903312175025317,-0.2921017153413657,False,False,False,False,False,False,True,0.5681233933161953,0.442,0.5776636713735558,0.45
expanded::GEO_GSE284005_MERSCOPE_MS_EXPANDED::NK,expanded,GEO_GSE284005_MERSCOPE_MS_EXPANDED,NK,143,101-500,0.388235294117647,0.3983228511530398,0.380952380952381,0.3587921847246891,0.4024640657084189,,0.1966717095310136,0.2929782082324455,0.010087557035392769,0.010087557035392769,0.014228771590771905,0.004141214555379136,,,-0.19156358458663342,-0.09525708588520149,True,False,False,True,False,True,False,0.2697547683923705,0.6923076923076923,0.2844311377245509,0.6643356643356644
expanded::GEO_GSE284005_MERSCOPE_MS_EXPANDED::Neu.GABA,expanded,GEO_GSE284005_MERSCOPE_MS_EXPANDED,Neu.GABA,1000,501-1000,0.7141652613827992,0.7292866637128931,0.7220309810671257,0.7225481978206203,0.7248380129589632,,0.6669374492282697,0.8337444499259989,0.015121402330093847,0.0067384658922727825,0.010672751576163986,-0.004448650753929861,,,-0.047227812154529536,0.11957918854319971,False,False,False,True,False,True,False,0.6173469387755102,0.847,0.654733492442323,0.823
expanded::GEO_GSE284005_MERSCOPE_MS_EXPANDED::Neu.GLUT,expanded,GEO_GSE284005_MERSCOPE_MS_EXPANDED,Neu.GLUT,1000,501-1000,0.7495126705653021,0.7360147942672214,0.7414868105515589,0.7427716849451645,0.7496423462088699,,0.5746268656716418,0.7053742802303263,-0.013497876298080747,-0.013497876298080747,0.00012967564356780592,0.00012967564356780592,,,-0.17488580489366035,-0.0441383903349758,False,False,False,False,True,False,False,0.7309885931558935,0.769,0.6844368013757524,0.796
expanded::GEO_GSE284005_MERSCOPE_MS_EXPANDED::OPALIN+ OL,expanded,GEO_GSE284005_MERSCOPE_MS_EXPANDED,OPALIN+ OL,1000,501-1000,0.3265792610250297,0.3437139561707036,0.3341094295692666,0.2486772486772487,0.3542857142857142,,0.2784701332187365,0.301309301139262,0.017134695145673895,0.009604526601437013,0.027706453260684494,0.010571758115010599,,,-0.04810912780629323,-0.02526995988576769,False,True,False,True,False,True,False,0.4041297935103244,0.274,0.4059945504087193,0.298
expanded::GEO_GSE284005_MERSCOPE_MS_EXPANDED::OPC,expanded,GEO_GSE284005_MERSCOPE_MS_EXPANDED,OPC,1000,501-1000,0.6224291812184711,0.6219135802469137,0.6179173047473201,0.6266878474980143,0.6282843894899536,,0.3704039945528824,0.4320675105485231,-0.0005156009715574505,-0.004774267251100639,0.005855208271482448,0.0015965419919392598,,,-0.2520251866655887,-0.19036167066994802,False,False,False,False,False,False,False,0.50856055802156,0.802,0.5062814070351759,0.806
expanded::GEO_GSE284005_MERSCOPE_MS_EXPANDED::Pericyte,expanded,GEO_GSE284005_MERSCOPE_MS_EXPANDED,Pericyte,1000,501-1000,0.7681289167412713,0.7633451957295374,0.7627573858549686,0.7569506726457399,0.7664724338861497,,0.6575891069283138,0.7646315789473684,-0.004783721011733855,-0.004783721011733855,-0.0016564828551215438,-0.0016564828551215438,,,-0.11053980981295741,-0.0034973377939028216,False,False,False,False,False,False,False,0.6952998379254457,0.858,0.6875,0.858
expanded::GEO_GSE284005_MERSCOPE_MS_EXPANDED::Repair.Endo,expanded,GEO_GSE284005_MERSCOPE_MS_EXPANDED,Repair.Endo,1000,501-1000,0.7059767348576013,0.6712328767123288,0.698975571315997,0.7024513947590869,0.6988614055751865,,0.4106060606060606,0.7417640807651434,-0.03474385814527248,-0.03474385814527248,-0.007115329282414762,-0.007115329282414762,,,-0.2953706742515407,0.03578734590754218,False,False,False,False,True,False,False,0.5894172806430007,0.88,0.5417690417690417,0.882
expanded::GEO_GSE284005_MERSCOPE_MS_EXPANDED::SMC,expanded,GEO_GSE284005_MERSCOPE_MS_EXPANDED,SMC,1000,501-1000,0.8081547307893361,0.8122686409307246,0.806776071995765,0.8174726989079564,0.8079331941544885,,0.6300839251129762,0.7857923497267759,0.00411391014138851,-0.00520405797723178,-0.00022153663484758557,-0.009539504753467876,,,-0.1780708056763599,-0.022362381062560166,False,False,False,False,False,False,False,0.8466593647316539,0.773,0.8619528619528619,0.768
expanded::GEO_GSE284005_MERSCOPE_MS_EXPANDED::Stress OL,expanded,GEO_GSE284005_MERSCOPE_MS_EXPANDED,Stress OL,1000,501-1000,0.092526690391459,0.0928923293455313,0.0921787709497206,0.1090225563909774,0.101813110181311,,0.0559322033898305,0.0935754189944134,0.00036563895407229485,-0.016130227045446102,0.009286419789852007,-0.00720944620966639,,,-0.0365944870016285,0.0010487286029544074,False,False,False,False,False,False,False,0.1604938271604938,0.065,0.1567695961995249,0.066
expanded::GEO_GSE284005_MERSCOPE_MS_EXPANDED::Stress T,expanded,GEO_GSE284005_MERSCOPE_MS_EXPANDED,Stress T,308,101-500,0.3537688442211055,0.344488188976378,0.3447600391772771,0.3441084462982273,0.3431952662721893,,0.1241050119331742,0.3426883308714919,-0.009280655244727487,-0.009280655244727487,-0.010573577948916169,-0.010573577948916169,,,-0.2296638322879313,-0.011080513349613574,False,False,False,False,False,False,True,0.2561863173216885,0.5714285714285714,0.2471751412429378,0.5681818181818182
expanded::GEO_GSE284005_MERSCOPE_MS_EXPANDED::Stress.Astro,expanded,GEO_GSE284005_MERSCOPE_MS_EXPANDED,Stress.Astro,1000,501-1000,0.2749090909090909,0.2633689839572192,0.2623626373626374,0.2891405729513657,0.2619217081850534,,0.2842824601366742,0.3109327983951855,-0.011540106951871687,-0.0257715889941465,-0.012987382724037488,-0.0272188647663123,,,0.009373369227583306,0.036023707486094625,False,False,False,False,True,False,True,0.504,0.189,0.3971774193548387,0.197
expanded::GEO_GSE284005_MERSCOPE_MS_EXPANDED::Stress.Endo,expanded,GEO_GSE284005_MERSCOPE_MS_EXPANDED,Stress.Endo,1000,501-1000,0.3846689895470384,0.3878536922015183,0.3944827586206896,0.3835997220291869,0.3840782122905028,,0.0834914611005692,0.2771474878444084,0.0031847026544798984,-0.0066290664191713256,-0.0005907772565355573,-0.010404546330186781,,,-0.30117752844646917,-0.10752150170262997,False,False,False,False,False,False,False,0.6344827586206897,0.276,0.6258351893095768,0.281
expanded::GEO_GSE284005_MERSCOPE_MS_EXPANDED::Treg,expanded,GEO_GSE284005_MERSCOPE_MS_EXPANDED,Treg,294,101-500,0.1003134796238244,0.1069182389937107,0.10062893081761,0.0877742946708463,0.1009463722397476,,0.3246753246753247,0.2372881355932203,0.00660475936988629,0.006289308176100697,0.0006328926159231973,-0.005971866753963093,,,0.22436184505150025,0.1369746559693959,False,False,False,False,False,False,False,0.64,0.0544217687074829,0.7083333333333334,0.0578231292517006
expanded::GEO_GSE284005_MERSCOPE_MS_EXPANDED::Vas.Astro,expanded,GEO_GSE284005_MERSCOPE_MS_EXPANDED,Vas.Astro,1000,501-1000,0.8153768335862419,0.8263052208835341,0.8132198297446169,0.8262586377097729,0.8192771084337349,,0.8090405904059041,0.8613424791768741,0.010928387297292175,4.6583173761161056e-05,0.0039002748474930016,-0.007028112449799173,,,-0.006336243180337764,0.04596564559063221,False,False,False,True,False,False,False,0.8249744114636642,0.806,0.8296370967741935,0.823
expanded::GEO_GSE284005_MERSCOPE_MS_EXPANDED::cop_nfol,expanded,GEO_GSE284005_MERSCOPE_MS_EXPANDED,cop_nfol,1000,501-1000,0.0039721946375372,0.0039682539682539,0.0039800995024875,0.0154589371980676,0.0059405940594059,,,,-3.940669283299808e-06,-0.011490683229813699,0.0019683994218686997,-0.009518343138661699,,,,,False,False,False,False,False,False,False,0.2857142857142857,0.002,0.25,0.002
expanded::GEO_GSE284005_MERSCOPE_MS_EXPANDED::inflammatory.Endo,expanded,GEO_GSE284005_MERSCOPE_MS_EXPANDED,inflammatory.Endo,957,501-1000,0.7669683257918554,0.7447306791569087,0.7585408222350897,0.7336394948335246,0.7598607888631091,,0.5842438182863715,0.7094474153297682,-0.02223764663494665,-0.02223764663494665,-0.0071075369287462165,-0.0071075369287462165,,,-0.18272450750548386,-0.05752091046208718,False,False,False,False,True,False,False,0.8360049321824907,0.7084639498432602,0.8468708388814914,0.664576802507837
expanded::GEO_GSE327581_COSMX_AD_BRAIN_EXPANDED::Astrocytes.Bergmann.glia,expanded,GEO_GSE327581_COSMX_AD_BRAIN_EXPANDED,Astrocytes.Bergmann.glia,300,101-500,0.7099391480730224,0.7258064516129031,0.704,0.6763485477178424,0.7395626242544732,,0.1910424098295679,0.4162633107454017,0.01586730353988075,0.01586730353988075,0.02962347618145078,0.01375617264157003,,,-0.5188967382434545,-0.2936758373276207,True,True,False,True,False,True,False,0.9067357512953368,0.5833333333333334,0.9183673469387756,0.6
expanded::GEO_GSE327581_COSMX_AD_BRAIN_EXPANDED::Astrocytes.cortex.hippocampus,expanded,GEO_GSE327581_COSMX_AD_BRAIN_EXPANDED,Astrocytes.cortex.hippocampus,300,101-500,0.3576158940397351,0.4103671706263498,0.3698924731182796,0.4129032258064515,0.3832599118942731,,0.0745341614906832,0.3037974683544304,0.052751276586614715,-0.002536055180101693,0.025644017854538015,-0.029643313912178393,,,-0.2830817325490519,-0.053818425685304705,False,False,False,True,False,True,False,0.5294117647058824,0.27,0.5828220858895705,0.3166666666666666
expanded::GEO_GSE327581_COSMX_AD_BRAIN_EXPANDED::Astrocytes.thalamus.hypothalamus,expanded,GEO_GSE327581_COSMX_AD_BRAIN_EXPANDED,Astrocytes.thalamus.hypothalamus,300,101-500,0.6717850287907869,0.7085714285714284,0.6431372549019607,0.6471734892787524,0.7091932457786115,,0.1763224181360201,0.4,0.036786399780641466,0.036786399780641466,0.037408216987824594,0.0006218172071831285,,,-0.4954626106547668,-0.2717850287907869,True,False,False,True,False,True,False,0.7918552036199095,0.5833333333333334,0.8266666666666667,0.62
expanded::GEO_GSE327581_COSMX_AD_BRAIN_EXPANDED::CCK.interneurons,expanded,GEO_GSE327581_COSMX_AD_BRAIN_EXPANDED,CCK.interneurons,300,101-500,0.7242524916943522,0.7245409015025042,0.7166666666666667,0.7152317880794702,0.7194719471947195,,0.3292894280762565,0.6676875957120981,0.00028840980815192374,0.00028840980815192374,-0.004780544499632722,-0.0050689543077846455,,,-0.39496306361809574,-0.056564895982254115,False,False,False,False,False,False,False,0.7218543046357616,0.7266666666666667,0.725752508361204,0.7233333333333334
expanded::GEO_GSE327581_COSMX_AD_BRAIN_EXPANDED::Cajal.Retzius.cells,expanded,GEO_GSE327581_COSMX_AD_BRAIN_EXPANDED,Cajal.Retzius.cells,194,101-500,0.185022026431718,0.1922196796338673,0.1796008869179601,0.1684981684981685,0.2009685230024213,,,0.1857923497267759,0.007197653202149296,0.007197653202149296,0.015946496570703295,0.008748843368553999,,,,0.000770323295057912,False,False,False,False,False,True,False,0.1176470588235294,0.4329896907216495,0.1235294117647058,0.4329896907216495
expanded::GEO_GSE327581_COSMX_AD_BRAIN_EXPANDED::Cholinergic.neurons.habenula,expanded,GEO_GSE327581_COSMX_AD_BRAIN_EXPANDED,Cholinergic.neurons.habenula,300,101-500,0.4577861163227018,0.4638783269961977,0.4595103578154426,0.4618249534450652,0.4655493482309124,,0.0560747663551401,0.4099616858237548,0.0060922106734959125,0.002053373551132498,0.007763231908210599,0.0016710212347146869,,,-0.4017113499675617,-0.04782443049894697,False,False,False,False,False,False,False,0.5236051502145923,0.4066666666666667,0.5398230088495575,0.4066666666666667
expanded::GEO_GSE327581_COSMX_AD_BRAIN_EXPANDED::Choroid.plexus.epithelial.cells,expanded,GEO_GSE327581_COSMX_AD_BRAIN_EXPANDED,Choroid.plexus.epithelial.cells,300,101-500,0.9417637271214644,0.9329073482428116,0.9344262295081968,0.933977455716586,0.9344,,0.5231316725978649,0.9122257053291536,-0.00885637887865276,-0.00885637887865276,-0.007363727121464381,-0.007363727121464381,,,-0.41863205452359953,-0.029538021792310798,False,False,False,False,False,False,False,0.9401993355481728,0.9433333333333334,0.8957055214723927,0.9733333333333334
expanded::GEO_GSE327581_COSMX_AD_BRAIN_EXPANDED::Committed.oligodendrocytes,expanded,GEO_GSE327581_COSMX_AD_BRAIN_EXPANDED,Committed.oligodendrocytes,300,101-500,0.3988970588235295,0.3955431754874652,0.3955841766329346,0.3955014058106842,0.3944444444444444,,0.3196979232221523,0.376,-0.0033538833360642895,-0.0033538833360642895,-0.004452614379085118,-0.004452614379085118,,,-0.0791991356013772,-0.022897058823529493,False,False,False,False,False,False,False,0.2753807106598985,0.7233333333333334,0.2741312741312741,0.71
expanded::GEO_GSE327581_COSMX_AD_BRAIN_EXPANDED::D1.medium.spiny.neurons,expanded,GEO_GSE327581_COSMX_AD_BRAIN_EXPANDED,D1.medium.spiny.neurons,300,101-500,0.7298050139275766,0.7227586206896551,0.7232267037552157,0.6699751861042185,0.7303370786516854,,0.451231527093596,0.6468401486988847,-0.0070463932379214445,-0.0070463932379214445,0.0005320647241088272,0.0005320647241088272,,,-0.2785734868339806,-0.08296486522869184,False,False,False,False,False,False,False,0.6267942583732058,0.8733333333333333,0.6164705882352941,0.8733333333333333
expanded::GEO_GSE327581_COSMX_AD_BRAIN_EXPANDED::D2.medium.spiny.neurons,expanded,GEO_GSE327581_COSMX_AD_BRAIN_EXPANDED,D2.medium.spiny.neurons,300,101-500,0.6475716064757162,0.6607142857142857,0.6508135168961201,0.6458616010854817,0.6445264452644526,,0.4377358490566038,0.5125284738041002,0.013142679238569488,0.009900768818165595,-0.003045161211263636,-0.016187840449833124,,,-0.20983575741911242,-0.13504313267161605,False,False,False,True,False,False,False,0.5168986083499006,0.8666666666666667,0.5351239669421488,0.8633333333333333
expanded::GEO_GSE327581_COSMX_AD_BRAIN_EXPANDED::Dopaminergic.neurons,expanded,GEO_GSE327581_COSMX_AD_BRAIN_EXPANDED,Dopaminergic.neurons,300,101-500,0.6971736204576043,0.7082767978290366,0.7009472259810554,0.7115384615384616,0.7073170731707317,,0.5537190082644629,0.6302083333333334,0.011103177371432293,-0.0032616637094249334,0.010143452713127332,-0.004221388367729895,,,-0.14345461219314148,-0.06696528712427097,False,False,False,True,False,True,False,0.5846501128668171,0.8633333333333333,0.597254004576659,0.87
expanded::GEO_GSE327581_COSMX_AD_BRAIN_EXPANDED::Ependymal.cells,expanded,GEO_GSE327581_COSMX_AD_BRAIN_EXPANDED,Ependymal.cells,300,101-500,0.8628158844765342,0.8791593695271454,0.8581687612208259,0.864376130198915,0.8719723183391004,,0.2506393861892583,0.8113207547169811,0.016343485050611117,0.014783239328230335,0.009156433862566149,-0.007187051188044968,,,-0.6121764982872759,-0.05149512975955317,True,False,False,True,False,False,False,0.9409448818897638,0.7966666666666666,0.92619926199262,0.8366666666666667
expanded::GEO_GSE327581_COSMX_AD_BRAIN_EXPANDED::Excitatory.neurons.amygdala,expanded,GEO_GSE327581_COSMX_AD_BRAIN_EXPANDED,Excitatory.neurons.amygdala,300,101-500,0.2005277044854881,0.1868131868131868,0.1868131868131868,0.1999999999999999,0.1847826086956522,,0.0333333333333333,0.2144522144522144,-0.013714517672301307,-0.013714517672301307,-0.015745095789835906,-0.015745095789835906,,,-0.1671943711521548,0.013924509966726312,False,False,False,False,True,False,True,0.4810126582278481,0.1266666666666666,0.53125,0.1133333333333333
expanded::GEO_GSE327581_COSMX_AD_BRAIN_EXPANDED::Excitatory.neurons.di.mesencephalon,expanded,GEO_GSE327581_COSMX_AD_BRAIN_EXPANDED,Excitatory.neurons.di.mesencephalon,300,101-500,0.7083333333333333,0.7162329615861215,0.7135802469135802,0.7074663402692779,0.7127003699136869,,0.5707964601769911,0.7624309392265193,0.007899628252788227,0.0026527146725412454,0.004367036580353645,-0.003532591672434582,,,-0.1375368731563421,0.05409760589318602,False,False,False,False,False,False,False,0.560077519379845,0.9633333333333334,0.5700197238658777,0.9633333333333334
expanded::GEO_GSE327581_COSMX_AD_BRAIN_EXPANDED::Excitatory.neurons.hippocampal.CA1,expanded,GEO_GSE327581_COSMX_AD_BRAIN_EXPANDED,Excitatory.neurons.hippocampal.CA1,300,101-500,0.7677725118483413,0.7910685805422647,0.7687400318979266,0.7455621301775148,0.7929373996789728,,0.2434210526315789,0.7004608294930875,0.023296068693923422,0.022328548644338087,0.025164887830631533,0.0018688191367081108,,,-0.5243514592167624,-0.06731168235525375,True,False,False,True,False,True,False,0.7297297297297297,0.81,0.7584097859327217,0.8266666666666667
expanded::GEO_GSE327581_COSMX_AD_BRAIN_EXPANDED::Excitatory.neurons.hippocampal.CA2,expanded,GEO_GSE327581_COSMX_AD_BRAIN_EXPANDED,Excitatory.neurons.hippocampal.CA2,300,101-500,0.448512585812357,0.4635761589403974,0.4224719101123595,0.4114832535885167,0.4700665188470067,,0.2506350550381033,0.4537037037037037,0.015063573128040408,0.015063573128040408,0.021553933034649697,0.006490359906609289,,,-0.19787753077425368,0.0051911178913467415,True,False,False,True,False,True,False,0.7153284671532847,0.3266666666666666,0.6862745098039216,0.35
expanded::GEO_GSE327581_COSMX_AD_BRAIN_EXPANDED::Excitatory.neurons.hippocampal.CA3,expanded,GEO_GSE327581_COSMX_AD_BRAIN_EXPANDED,Excitatory.neurons.hippocampal.CA3,300,101-500,0.5408062930186824,0.562691131498471,0.5434782608695652,0.5598377281947262,0.5617283950617283,,,0.6050870147255689,0.021884838479788615,0.002853403303744839,0.020922102043045898,-0.0009627364367427171,,,,0.06428072170688648,False,False,False,True,False,True,False,0.3835425383542538,0.9166666666666666,0.4052863436123348,0.92
expanded::GEO_GSE327581_COSMX_AD_BRAIN_EXPANDED::Excitatory.neurons.layer.1.piriform,expanded,GEO_GSE327581_COSMX_AD_BRAIN_EXPANDED,Excitatory.neurons.layer.1.piriform,300,101-500,0.310077519379845,0.3324808184143222,0.3467336683417085,0.373134328358209,0.3005181347150259,,,0.2071005917159763,0.022403299034477187,-0.04065350994388678,-0.009559384664819093,-0.07261619364318306,,,,-0.1029769276638687,False,False,False,True,False,False,False,0.6896551724137931,0.2,0.7142857142857143,0.2166666666666666
expanded::GEO_GSE327581_COSMX_AD_BRAIN_EXPANDED::Excitatory.neurons.layer.2.3,expanded,GEO_GSE327581_COSMX_AD_BRAIN_EXPANDED,Excitatory.neurons.layer.2.3,300,101-500,0.498371335504886,0.5163297045101088,0.495114006514658,0.5325077399380805,0.5067064083457525,,0.2107081174438687,0.4845605700712589,0.01795836900522285,-0.016178035427971693,0.008335072840866542,-0.025801331592328003,,,-0.2876632180610173,-0.013810765433627081,False,False,False,True,False,False,False,0.4872611464968153,0.51,0.4839650145772595,0.5533333333333333
expanded::GEO_GSE327581_COSMX_AD_BRAIN_EXPANDED::Excitatory.neurons.layer.4,expanded,GEO_GSE327581_COSMX_AD_BRAIN_EXPANDED,Excitatory.neurons.layer.4,300,101-500,0.1415094339622641,0.1320754716981132,0.162037037037037,0.1153846153846153,0.1392111368909512,,0.4114832535885168,0.1232492997198879,-0.009433962264150886,-0.0299615653389238,-0.0022982970713129047,-0.02282590014608582,,,0.26997381962625266,-0.018260134242376186,False,False,False,False,False,False,False,0.2419354838709677,0.1,0.2258064516129032,0.0933333333333333
expanded::GEO_GSE327581_COSMX_AD_BRAIN_EXPANDED::Excitatory.neurons.layer.5,expanded,GEO_GSE327581_COSMX_AD_BRAIN_EXPANDED,Excitatory.neurons.layer.5,300,101-500,0.3835616438356165,0.3869565217391304,0.379862700228833,0.405857740585774,0.3847874720357942,,0.0066445182724252,0.35,0.0033948779035139487,-0.018901218846643586,0.0012258282001777476,-0.021070268549979787,,,-0.3769171255631913,-0.033561643835616495,False,False,False,False,False,False,False,0.6086956521739131,0.28,0.55625,0.2966666666666667
expanded::GEO_GSE327581_COSMX_AD_BRAIN_EXPANDED::Excitatory.neurons.layer.6,expanded,GEO_GSE327581_COSMX_AD_BRAIN_EXPANDED,Excitatory.neurons.layer.6,300,101-500,0.565597667638484,0.5687830687830688,0.5536723163841808,0.5750798722044729,0.5648021828103682,,,0.606060606060606,0.0031854011445848762,-0.00629680342140404,-0.0007954848281157556,-0.010277689394104672,,,,0.04046293842212201,False,False,False,False,False,False,False,0.5025906735751295,0.6466666666666666,0.4714912280701754,0.7166666666666667
expanded::GEO_GSE327581_COSMX_AD_BRAIN_EXPANDED::Excitatory.neurons.telencephalon,expanded,GEO_GSE327581_COSMX_AD_BRAIN_EXPANDED,Excitatory.neurons.telencephalon,300,101-500,0.1792828685258964,0.1916666666666666,0.1747967479674796,0.1852631578947368,0.1926229508196721,,0.0066445182724252,0.171306209850107,0.012383798140770202,0.0064035087719298,0.013340082293775701,0.0009562841530054988,,,-0.17263835025347118,-0.007976658675789394,False,False,False,True,False,True,False,0.2227722772277227,0.15,0.2555555555555555,0.1533333333333333
expanded::GEO_GSE327581_COSMX_AD_BRAIN_EXPANDED::Granule.neurons,expanded,GEO_GSE327581_COSMX_AD_BRAIN_EXPANDED,Granule.neurons,300,101-500,0.8636363636363636,0.8494077834179358,0.8448275862068966,0.8620689655172413,0.8634812286689421,,0.5433186490455214,0.8076923076923077,-0.014228580218427878,-0.014228580218427878,-0.0001551349674215885,-0.0001551349674215885,,,-0.32031771459084224,-0.05594405594405594,False,False,False,False,True,False,False,0.9080882352941176,0.8233333333333334,0.8625429553264605,0.8366666666666667
expanded::GEO_GSE327581_COSMX_AD_BRAIN_EXPANDED::Hindbrain.excitatory.neurons,expanded,GEO_GSE327581_COSMX_AD_BRAIN_EXPANDED,Hindbrain.excitatory.neurons,300,101-500,0.5662285136501517,0.5720122574055158,0.5696846388606307,0.5702647657841141,0.5770020533880903,,0.2168021680216802,0.6262857142857142,0.005783743755364057,0.0017474916214016423,0.010773539737938598,0.004989795982574541,,,-0.3494263456284715,0.060057200635562524,False,False,False,False,False,True,False,0.4063860667634252,0.9333333333333332,0.4123711340206185,0.9333333333333332
expanded::GEO_GSE327581_COSMX_AD_BRAIN_EXPANDED::Hindbrain.inhibitory.neurons,expanded,GEO_GSE327581_COSMX_AD_BRAIN_EXPANDED,Hindbrain.inhibitory.neurons,300,101-500,0.45,0.4661016949152542,0.4439834024896266,0.4674796747967479,0.4560669456066946,,0.1743869209809264,0.4655172413793103,0.016101694915254205,-0.001377979881493685,0.006066945606694574,-0.011412729190053317,,,-0.2756130790190736,0.015517241379310265,False,False,False,True,False,False,False,0.6,0.36,0.6395348837209303,0.3666666666666666
expanded::GEO_GSE327581_COSMX_AD_BRAIN_EXPANDED::Hypendymal,expanded,GEO_GSE327581_COSMX_AD_BRAIN_EXPANDED,Hypendymal,300,101-500,0.5397170837867247,0.5398907103825137,0.5320304017372421,0.5397170837867247,0.5458515283842795,,0.0132450331125827,0.5964071856287425,0.00017362659578901152,0.00017362659578901152,0.006134444597554856,0.005960818001765844,,,-0.5264720506741419,0.05669010184201784,False,False,False,False,False,False,False,0.4006462035541195,0.8266666666666667,0.4016260162601626,0.8233333333333334
expanded::GEO_GSE327581_COSMX_AD_BRAIN_EXPANDED::Inhibitory.interneurons,expanded,GEO_GSE327581_COSMX_AD_BRAIN_EXPANDED,Inhibitory.interneurons,300,101-500,0.7459459459459459,0.7581227436823104,0.7392857142857143,0.7345454545454546,0.7572463768115942,,0.3547904191616767,0.733229329173167,0.012176797736364486,0.012176797736364486,0.011300430865648359,-0.0008763668707161276,,,-0.3911555267842692,-0.01271661677277891,True,False,False,True,False,True,False,0.8117647058823529,0.69,0.8267716535433071,0.7
expanded::GEO_GSE327581_COSMX_AD_BRAIN_EXPANDED::Inhibitory.neurons.amygdala,expanded,GEO_GSE327581_COSMX_AD_BRAIN_EXPANDED,Inhibitory.neurons.amygdala,300,101-500,0.4166666666666667,0.4303178484107579,0.43,0.4423076923076923,0.4264705882352941,,0.006578947368421,0.3723404255319149,0.01365118174409119,-0.011989843896934416,0.009803921568627416,-0.01583710407239819,,,-0.41008771929824567,-0.04432624113475181,False,False,False,True,False,False,False,0.7870370370370371,0.2833333333333333,0.8073394495412844,0.2933333333333333
expanded::GEO_GSE327581_COSMX_AD_BRAIN_EXPANDED::Inhibitory.neurons.habenula.hypothalamus,expanded,GEO_GSE327581_COSMX_AD_BRAIN_EXPANDED,Inhibitory.neurons.habenula.hypothalamus,300,101-500,0.3450789793438639,0.3529411764705882,0.3443223443223442,0.3451652386780905,0.3507462686567164,,0.1333333333333333,0.2944297082228116,0.007862197126724313,0.007775937792497689,0.005667289312852486,-0.002194907813871827,,,-0.21174564601053059,-0.050649271121052275,False,False,False,False,False,False,False,0.27151051625239,0.4733333333333333,0.282565130260521,0.47
expanded::GEO_GSE327581_COSMX_AD_BRAIN_EXPANDED::Inhibitory.neurons.habenula.thalamus,expanded,GEO_GSE327581_COSMX_AD_BRAIN_EXPANDED,Inhibitory.neurons.habenula.thalamus,300,101-500,0.1542699724517906,0.1643835616438356,0.1487603305785124,0.1546961325966851,0.1602209944751381,,,0.1699716713881019,0.010113589192044997,0.009687429047150503,0.005951022023347491,-0.004162567168697506,,,,0.015701698936311292,False,False,False,True,False,False,False,0.4444444444444444,0.0933333333333333,0.4615384615384615,0.1
expanded::GEO_GSE327581_COSMX_AD_BRAIN_EXPANDED::Inhibitory.neurons.reticular.nucleus,expanded,GEO_GSE327581_COSMX_AD_BRAIN_EXPANDED,Inhibitory.neurons.reticular.nucleus,300,101-500,0.5225409836065573,0.5441020191285866,0.5284974093264249,0.5288562434417629,0.542948038176034,,0.3283582089552238,0.5023255813953488,0.02156103552202926,0.015245775686823726,0.020407054569476668,-0.0011539809525525913,,,-0.19418277465133355,-0.020215402211208544,True,False,False,True,False,True,False,0.3772189349112426,0.85,0.3993759750390016,0.8533333333333334
expanded::GEO_GSE327581_COSMX_AD_BRAIN_EXPANDED::Interneuron.selective.interneurons,expanded,GEO_GSE327581_COSMX_AD_BRAIN_EXPANDED,Interneuron.selective.interneurons,300,101-500,0.4415011037527593,0.4330357142857142,0.4342105263157895,0.4266666666666667,0.4285714285714285,,0.1924198250728863,0.3813559322033898,-0.008465389467045115,-0.008465389467045115,-0.012929675181330813,-0.012929675181330813,,,-0.249081278679873,-0.06014517154936949,False,False,False,False,False,False,True,0.6535947712418301,0.3333333333333333,0.6554054054054054,0.3233333333333333
expanded::GEO_GSE327581_COSMX_AD_BRAIN_EXPANDED::Interneurons,expanded,GEO_GSE327581_COSMX_AD_BRAIN_EXPANDED,Interneurons,300,101-500,0.8218749999999999,0.8262910798122066,0.8240887480190174,0.8108108108108109,0.8217054263565893,,0.4872918492550394,0.7764060356652949,0.004416079812206708,0.002202331793189183,-0.00016957364341063652,-0.0045856534556173445,,,-0.33458315074496053,-0.04546896433470504,False,False,False,False,False,False,False,0.7735294117647059,0.8766666666666667,0.7787610619469026,0.88
expanded::GEO_GSE327581_COSMX_AD_BRAIN_EXPANDED::Mature.oligodendrocytes,expanded,GEO_GSE327581_COSMX_AD_BRAIN_EXPANDED,Mature.oligodendrocytes,300,101-500,0.0066445182724252,0.0066445182724252,0.0066445182724252,0.0066445182724252,0.0066225165562913,,,,0.0,0.0,-2.2001716133900236e-05,-2.2001716133900236e-05,,,,,False,False,False,False,False,False,False,1.0,0.0033333333333333,1.0,0.0033333333333333
expanded::GEO_GSE327581_COSMX_AD_BRAIN_EXPANDED::Microglia,expanded,GEO_GSE327581_COSMX_AD_BRAIN_EXPANDED,Microglia,300,101-500,0.6219653179190752,0.6426858513189448,0.6018518518518519,0.628099173553719,0.6308243727598566,,0.5547226386806596,0.6315789473684211,0.02072053339986968,0.01458667776522582,0.008859054840781422,-0.011861478559088257,,,-0.06724267923841554,0.009613629449345962,True,False,False,True,False,False,False,0.4761061946902655,0.8966666666666666,0.50187265917603,0.8933333333333333
expanded::GEO_GSE327581_COSMX_AD_BRAIN_EXPANDED::Myelin.forming.oligodendrocytes,expanded,GEO_GSE327581_COSMX_AD_BRAIN_EXPANDED,Myelin.forming.oligodendrocytes,300,101-500,0.0064516129032258,0.0377358490566037,0.018808777429467,0.0670731707317073,0.0192307692307692,,,,0.0312842361533779,-0.02933732167510359,0.0127791563275434,-0.04784240150093809,,,,,False,False,False,True,False,True,False,0.1,0.0033333333333333,0.3333333333333333,0.02
expanded::GEO_GSE327581_COSMX_AD_BRAIN_EXPANDED::Neuroblasts,expanded,GEO_GSE327581_COSMX_AD_BRAIN_EXPANDED,Neuroblasts,300,101-500,0.4176904176904176,0.4137931034482759,0.3778337531486146,0.4492753623188406,0.4088669950738916,,0.1,0.3851851851851852,-0.0038973142421416807,-0.035482258870564665,-0.008823422616525967,-0.04040836724494895,,,-0.3176904176904176,-0.032505232505232406,False,False,False,False,False,False,False,0.794392523364486,0.2833333333333333,0.7924528301886793,0.28
expanded::GEO_GSE327581_COSMX_AD_BRAIN_EXPANDED::Neurogliaform.cells,expanded,GEO_GSE327581_COSMX_AD_BRAIN_EXPANDED,Neurogliaform.cells,300,101-500,0.745697896749522,0.7352380952380952,0.7304015296367113,0.7213740458015269,0.7293666026871402,,0.2699619771863117,0.6710097719869706,-0.01045980151142678,-0.01045980151142678,-0.016331294062381874,-0.016331294062381874,,,-0.4757359195632103,-0.07468812476255138,False,False,False,False,True,False,True,0.874439461883408,0.65,0.8577777777777778,0.6433333333333333
expanded::GEO_GSE327581_COSMX_AD_BRAIN_EXPANDED::Newly.formed.oligodendrocytes,expanded,GEO_GSE327581_COSMX_AD_BRAIN_EXPANDED,Newly.formed.oligodendrocytes,300,101-500,0.5368171021377671,0.5395348837209303,0.5258215962441315,0.5283018867924528,0.5471698113207547,,0.1497005988023952,0.5036674816625917,0.002717781583163159,0.002717781583163159,0.010352709182987585,0.007634927599824426,,,-0.38711650333537195,-0.033149620475175445,False,False,False,False,False,True,False,0.9338842975206612,0.3766666666666666,0.8923076923076924,0.3866666666666666
expanded::GEO_GSE327581_COSMX_AD_BRAIN_EXPANDED::Olfactory.bulb.inhibitory.neurons,expanded,GEO_GSE327581_COSMX_AD_BRAIN_EXPANDED,Olfactory.bulb.inhibitory.neurons,300,101-500,0.7073170731707317,0.6923976608187135,0.6945107398568019,0.708133971291866,0.7041916167664671,,0.2665066026410564,0.6860025220680959,-0.014919412352018213,-0.015736310473152493,-0.003125456404264537,-0.003942354525398817,,,-0.44081047052967526,-0.021314551102635804,False,False,False,False,True,False,False,0.5576923076923077,0.9666666666666668,0.5333333333333333,0.9866666666666668
expanded::GEO_GSE327581_COSMX_AD_BRAIN_EXPANDED::Olfactory.ensheathing.cells,expanded,GEO_GSE327581_COSMX_AD_BRAIN_EXPANDED,Olfactory.ensheathing.cells,300,101-500,0.3140495867768595,0.3414634146341462,0.2920110192837465,0.3178082191780822,0.3342318059299191,,0.0323624595469255,0.2768361581920904,0.027413827857286688,0.023655195456063982,0.020182219153059566,-0.0072316087042271215,,,-0.281687127229934,-0.037213428584769115,True,False,False,True,False,True,False,0.9047619047619048,0.19,0.9130434782608696,0.21
expanded::GEO_GSE327581_COSMX_AD_BRAIN_EXPANDED::Oligodendrocyte.precursor.cells,expanded,GEO_GSE327581_COSMX_AD_BRAIN_EXPANDED,Oligodendrocyte.precursor.cells,300,101-500,0.8501628664495114,0.8333333333333334,0.8322368421052632,0.8305647840531561,0.8448844884488449,,0.4537444933920704,0.8623548922056384,-0.016829533116178075,-0.016829533116178075,-0.00527837800066655,-0.00527837800066655,,,-0.39641837305744104,0.01219202575612699,False,False,False,False,True,False,False,0.8312101910828026,0.87,0.8333333333333334,0.8333333333333334
expanded::GEO_GSE327581_COSMX_AD_BRAIN_EXPANDED::Peptidergic.neurons,expanded,GEO_GSE327581_COSMX_AD_BRAIN_EXPANDED,Peptidergic.neurons,277,101-500,0.4030612244897959,0.4341463414634147,0.401985111662531,0.43,0.4264705882352941,,0.0605042016806722,0.3007518796992481,0.031085116973618765,0.004146341463414693,0.02340936374549818,-0.007675753228120585,,,-0.3425570228091237,-0.10230934479054782,False,False,False,True,False,True,False,0.6869565217391305,0.2851985559566787,0.6691729323308271,0.3212996389891697
expanded::GEO_GSE327581_COSMX_AD_BRAIN_EXPANDED::Pericytes,expanded,GEO_GSE327581_COSMX_AD_BRAIN_EXPANDED,Pericytes,300,101-500,0.5212355212355212,0.5412667946257197,0.5390625,0.524904214559387,0.5486381322957199,,0.1710914454277286,0.5490981963927855,0.0200312733901985,0.002204294625719694,0.0274026110601987,0.0073713376700002,,,-0.3501440758077926,0.02786267515726426,False,False,False,True,False,True,False,0.6192660550458715,0.45,0.6380090497737556,0.47
expanded::GEO_GSE327581_COSMX_AD_BRAIN_EXPANDED::Perivascular.macrophages,expanded,GEO_GSE327581_COSMX_AD_BRAIN_EXPANDED,Perivascular.macrophages,300,101-500,0.2094240837696335,0.2261306532663316,0.2244897959183673,0.2046035805626598,0.2506393861892583,,0.0065359477124183,0.1377245508982036,0.016706569496698104,0.0016408573479643196,0.04121530241962479,0.024508732922926685,,,-0.2028881360572152,-0.07169953287142991,False,True,False,True,False,True,False,0.4878048780487805,0.1333333333333333,0.4591836734693877,0.15
expanded::GEO_GSE327581_COSMX_AD_BRAIN_EXPANDED::Purkinje.cells,expanded,GEO_GSE327581_COSMX_AD_BRAIN_EXPANDED,Purkinje.cells,300,101-500,0.8622222222222223,0.8414985590778098,0.8656716417910447,0.8021828103683493,0.8422575976845152,,0.5024390243902439,0.9380234505862648,-0.02072366314441254,-0.024173082713234928,-0.019964624537707087,-0.023414044106529475,,,-0.35978319783197843,0.07580122836404246,False,False,False,False,True,False,True,0.776,0.97,0.7411167512690355,0.9733333333333334
expanded::GEO_GSE327581_COSMX_AD_BRAIN_EXPANDED::Radial.glia,expanded,GEO_GSE327581_COSMX_AD_BRAIN_EXPANDED,Radial.glia,300,101-500,0.1506129597197898,0.1381818181818181,0.1410934744268077,0.1477477477477477,0.1459074733096085,,0.0066445182724252,0.1224489795918367,-0.012431141537971702,-0.012431141537971702,-0.004705486410181314,-0.004705486410181314,,,-0.1439684414473646,-0.028163980127953098,False,False,False,False,True,False,False,0.1586715867158671,0.1433333333333333,0.152,0.1266666666666666
expanded::GEO_GSE327581_COSMX_AD_BRAIN_EXPANDED::Serotonergic.neurons,expanded,GEO_GSE327581_COSMX_AD_BRAIN_EXPANDED,Serotonergic.neurons,300,101-500,0.2989473684210526,0.2969072164948453,0.2976939203354298,0.2827004219409282,0.3024193548387096,,0.1853448275862069,0.2616822429906542,-0.0020401519262072676,-0.0020401519262072676,0.0034719864176570026,0.0034719864176570026,,,-0.11360254083484567,-0.037265125430398394,False,False,False,False,False,False,False,0.4057142857142857,0.2366666666666666,0.3891891891891892,0.24
expanded::GEO_GSE327581_COSMX_AD_BRAIN_EXPANDED::T.cell,expanded,GEO_GSE327581_COSMX_AD_BRAIN_EXPANDED,T.cell,300,101-500,0.2716763005780347,0.2762762762762762,0.2623906705539359,0.2723521320495186,0.2771982116244411,,0.1033434650455926,0.2582582582582582,0.0045999756982414985,0.003924144226757631,0.005521911046406369,0.0009219353481648707,,,-0.1683328355324421,-0.013418042319776502,False,False,False,False,False,False,False,0.2397959183673469,0.3133333333333333,0.2513661202185792,0.3066666666666666
expanded::GEO_GSE327581_COSMX_AD_BRAIN_EXPANDED::Tanycytes,expanded,GEO_GSE327581_COSMX_AD_BRAIN_EXPANDED,Tanycytes,300,101-500,0.3887775551102204,0.3943661971830986,0.393574297188755,0.393574297188755,0.3935091277890466,,0.0130718954248366,0.2531645569620253,0.005588642072878236,0.0007918999943436478,0.004731572678826235,-0.0008570693940520013,,,-0.3757056596853838,-0.1356129981481951,False,False,False,False,False,False,False,0.4874371859296482,0.3233333333333333,0.4974619289340101,0.3266666666666666
expanded::GEO_GSE327581_COSMX_AD_BRAIN_EXPANDED::Telencephalon.inhibitory.neurons,expanded,GEO_GSE327581_COSMX_AD_BRAIN_EXPANDED,Telencephalon.inhibitory.neurons,300,101-500,0.3768844221105527,0.4508393285371703,0.3685503685503685,0.398034398034398,0.4449760765550239,,0.2425876010781671,0.3526315789473684,0.07395490642661762,0.052804930502772296,0.06809165444447124,-0.005863251982146378,,,-0.13429682103238558,-0.024252843163184268,True,False,False,True,False,True,False,0.7653061224489796,0.25,0.8034188034188035,0.3133333333333333
expanded::GEO_GSE327581_COSMX_AD_BRAIN_EXPANDED::Vascular.endothelial.cells,expanded,GEO_GSE327581_COSMX_AD_BRAIN_EXPANDED,Vascular.endothelial.cells,300,101-500,0.5986238532110092,0.6106508875739646,0.602771362586605,0.5927654609101517,0.6009280742459396,,0.3270142180094786,0.6289156626506023,0.01202703436295538,0.007879524987359554,0.0023042210349304426,-0.009722813328024937,,,-0.2716096352015306,0.030291809439593087,False,False,False,True,False,False,False,0.4562937062937063,0.87,0.473394495412844,0.86
expanded::GEO_GSE327581_COSMX_AD_BRAIN_EXPANDED::Vascular.leptomeningeal.cells,expanded,GEO_GSE327581_COSMX_AD_BRAIN_EXPANDED,Vascular.leptomeningeal.cells,300,101-500,0.7536704730831975,0.7568438003220611,0.7512355848434926,0.7710049423393739,0.762214983713355,,0.32,0.7555555555555555,0.0031733272388636546,-0.014161142017312778,0.008544510630157598,-0.008789958626018834,,,-0.43367047308319745,0.0018850824723580795,False,False,False,False,False,False,False,0.7380191693290735,0.77,0.7320872274143302,0.7833333333333333
expanded::GEO_GSE327581_COSMX_AD_BRAIN_EXPANDED::Vascular.smooth.muscle.cells,expanded,GEO_GSE327581_COSMX_AD_BRAIN_EXPANDED,Vascular.smooth.muscle.cells,300,101-500,0.6838966202783301,0.68937875751503,0.6880000000000001,0.678714859437751,0.7035573122529644,,0.3955056179775281,0.7156673114119922,0.00548213723669988,0.0013787575150299158,0.01966069197463427,0.01417855473793439,,,-0.288391002300802,0.031770691133662154,False,True,False,False,False,True,False,0.8472906403940886,0.5733333333333334,0.864321608040201,0.5733333333333334
expanded::GEO_GSE333737_MERSCOPE_PANCREAS_VASCULAR_EXPANDED::Endothelial Cells,expanded,GEO_GSE333737_MERSCOPE_PANCREAS_VASCULAR_EXPANDED,Endothelial Cells,11172,>1000,0.8716818399616675,0.8636760003875593,0.8685009396231871,0.8631915512062784,0.862839996128158,,0.8724539282250243,0.8745247148288973,-0.008005839574108164,-0.008005839574108164,-0.0088418438335095,-0.0088418438335095,,,0.0007720882633568404,0.0028428748672297832,False,False,False,False,False,False,False,0.937925345432048,0.8141783029001074,0.9412882787750791,0.7978875760830648
expanded::GEO_GSE333737_MERSCOPE_PANCREAS_VASCULAR_EXPANDED::Fibroblasts,expanded,GEO_GSE333737_MERSCOPE_PANCREAS_VASCULAR_EXPANDED,Fibroblasts,6403,>1000,0.7643589950722999,0.7647388208943284,0.750860344137655,0.7619354319297964,0.766107114308553,,0.7797131977639146,0.7758857235089984,0.00037982582202855664,0.00037982582202855664,0.0017481192362531761,0.0013682934142246195,,,0.015354202691614693,0.011526728436698552,False,False,False,False,False,False,False,0.7916666666666666,0.7388724035608308,0.7838635618235487,0.7465250663751366
expanded::GEO_GSE333737_MERSCOPE_PANCREAS_VASCULAR_EXPANDED::Islet-associated Fibroblasts,expanded,GEO_GSE333737_MERSCOPE_PANCREAS_VASCULAR_EXPANDED,Islet-associated Fibroblasts,1883,>1000,0.4104234527687296,0.4130524576621231,0.3948108108108108,0.415124698310539,0.4171145101281521,,0.4476271911073107,0.4339784946236559,0.002629004893393516,-0.0020722406484158795,0.006691057359422492,0.0019898118176130963,,,0.037203738338581094,0.023555041854926295,False,False,False,False,False,False,False,0.3471711976487877,0.5018587360594795,0.3379520108144643,0.5310674455655868
expanded::GEO_GSE333737_MERSCOPE_PANCREAS_VASCULAR_EXPANDED::Pericytes,expanded,GEO_GSE333737_MERSCOPE_PANCREAS_VASCULAR_EXPANDED,Pericytes,4764,>1000,0.7016052880075543,0.7048474997609713,0.7004067732475642,0.6990104717071765,0.7004025301897643,,0.7138757752476163,0.7144739318652362,0.0032422117534169903,0.0032422117534169903,-0.0012027578177900011,-0.004444969571206991,,,0.012270487240061967,0.012868643857681938,False,False,False,False,False,False,False,0.6376587710264332,0.7798068849706129,0.6472344161545215,0.7737195633921075
expanded::GSE202623_CELLTYPE_EXPANDED::Astrocytes,expanded,GSE202623_CELLTYPE_EXPANDED,Astrocytes,1000,501-1000,0.777933613838242,0.7851357789423534,0.7853053435114503,0.7690058479532162,0.7812499999999999,,0.7484545886828342,0.7786542923433875,0.007202165104111424,-0.00016956456909689166,0.0033163861617578894,-0.004055343511450427,,,-0.02947902515540779,0.0007206785051454556,False,False,False,False,False,False,False,0.7304653204565408,0.832,0.7497725204731575,0.824
expanded::GSE202623_CELLTYPE_EXPANDED::CA1-ProS,expanded,GSE202623_CELLTYPE_EXPANDED,CA1-ProS,54,26-100,0.1138392857142857,0.1160409556313993,0.1167048054919908,0.1301020408163265,0.1169724770642201,,0.078125,0.1468428781204111,0.0022016699171135967,-0.014061085184927213,0.0031331913499344083,-0.013129563752106402,,,-0.0357142857142857,0.03300359240612541,False,False,False,False,False,False,False,0.0605700712589073,0.9444444444444444,0.0618181818181818,0.9444444444444444
expanded::GSE202623_CELLTYPE_EXPANDED::CA3,expanded,GSE202623_CELLTYPE_EXPANDED,CA3,656,501-1000,0.5020576131687243,0.4838709677419354,0.4873609706774519,0.4855144855144855,0.4925602873268342,,0.6195402298850574,0.5521405049396269,-0.01818664542678894,-0.01818664542678894,-0.009497325841890114,-0.009497325841890114,,,0.11748261671633309,0.05008289177090253,False,False,False,False,True,False,False,0.3788819875776397,0.7439024390243902,0.3614457831325301,0.7317073170731707
expanded::GSE202623_CELLTYPE_EXPANDED::CR,expanded,GSE202623_CELLTYPE_EXPANDED,CR,269,101-500,0.1785714285714285,0.2167630057803468,0.2122093023255813,0.1540983606557377,0.1961414790996784,,0.0394366197183098,0.2109533468559837,0.038191577208918304,0.004553703454765495,0.01757005052824992,-0.020621526680668384,,,-0.13913480885311869,0.032381918284555194,False,False,False,True,False,True,False,0.1585014409221902,0.2044609665427509,0.1773049645390071,0.2788104089219331
expanded::GSE202623_CELLTYPE_EXPANDED::Car3,expanded,GSE202623_CELLTYPE_EXPANDED,Car3,1000,501-1000,0.6924050632911393,0.6944444444444444,0.694006309148265,0.7049382716049383,0.6919671094244151,,0.2451838879159369,0.6476063829787234,0.002039381153305153,-0.010493827160493852,-0.00043795386672418335,-0.012971162180523188,,,-0.44722117537520234,-0.04479868031241585,False,False,False,False,False,False,False,0.943103448275862,0.547,0.9417808219178082,0.55
expanded::GSE202623_CELLTYPE_EXPANDED::Chat,expanded,GSE202623_CELLTYPE_EXPANDED,Chat,1000,501-1000,0.8105263157894738,0.8114086146682187,0.81002331002331,0.8018648018648019,0.8088320743753632,,0.7476007677543186,0.823063877897117,0.0008822988787449138,0.0008822988787449138,-0.0016942414141105644,-0.002576540292855478,,,-0.06292554803515515,0.01253756210764323,False,False,False,False,False,False,False,0.976056338028169,0.693,0.9707520891364902,0.697
expanded::GSE202623_CELLTYPE_EXPANDED::D1 MSN,expanded,GSE202623_CELLTYPE_EXPANDED,D1 MSN,1000,501-1000,0.7928007023705005,0.8067375886524821,0.8070953436807097,0.7790994052676296,0.8033583738400354,,0.759601706970128,0.8010657193605684,0.013936886281981642,-0.00035775502822754657,0.010557671469534902,-0.003736969840674287,,,-0.03319899540037252,0.008265016990067875,False,False,False,True,False,True,False,0.7065727699530516,0.903,0.7245222929936306,0.91
expanded::GSE202623_CELLTYPE_EXPANDED::D2 MSN,expanded,GSE202623_CELLTYPE_EXPANDED,D2 MSN,1000,501-1000,0.836607570675611,0.8357211079274116,0.8363636363636364,0.8266666666666667,0.8377213977979895,,0.8424153166421208,0.8574190430159497,-0.0008864627481993681,-0.0008864627481993681,0.001113827122378508,0.001113827122378508,,,0.005807745966509792,0.020811472340338755,False,False,False,False,False,False,False,0.8031278748850046,0.873,0.79981718464351,0.875
expanded::GSE202623_CELLTYPE_EXPANDED::DG,expanded,GSE202623_CELLTYPE_EXPANDED,DG,1000,501-1000,0.2766101694915254,0.2262658227848101,0.2287066246056782,0.2512635379061372,0.2618181818181818,,,0.1905476369092273,-0.05034434670671528,-0.05034434670671528,-0.01479198767334361,-0.01479198767334361,,,,-0.0860625325822981,False,False,False,False,True,False,True,0.4294736842105263,0.204,0.5416666666666666,0.143
expanded::GSE202623_CELLTYPE_EXPANDED::Endothelial,expanded,GSE202623_CELLTYPE_EXPANDED,Endothelial,1000,501-1000,0.7000759301442673,0.7100500577589527,0.7076923076923077,0.7141181071568244,0.7114041892940264,,0.8421559191530317,0.770004189359028,0.009974127614685413,-0.004068049397871754,0.011328259149759101,-0.0027139178627980654,,,0.1420799890087644,0.06992825921476076,False,False,False,False,False,True,False,0.5642594859241126,0.922,0.5773324984345648,0.922
expanded::GSE202623_CELLTYPE_EXPANDED::Ependymal,expanded,GSE202623_CELLTYPE_EXPANDED,Ependymal,1000,501-1000,0.9449636552440293,0.9566502463054188,0.956777996070727,0.9612870789341378,0.955044955044955,,0.9428989751098096,0.9551637279596976,0.011686591061389584,-0.004636832628718945,0.010081299800925758,-0.006242123889182771,,,-0.0020646801342196763,0.010200072715668362,False,False,False,True,False,True,False,0.9827213822894167,0.91,0.9427184466019416,0.971
expanded::GSE202623_CELLTYPE_EXPANDED::Excitatory_Thalamus,expanded,GSE202623_CELLTYPE_EXPANDED,Excitatory_Thalamus,1000,501-1000,0.8544243577545195,0.8571428571428571,0.8576796618130578,0.8549618320610687,0.8586337760910816,,0.5209897136502641,0.7924528301886794,0.0027184993883375697,-0.0005368046702006746,0.004209418336562076,0.0009541142780238321,,,-0.3334346441042554,-0.06197152756584012,False,False,False,False,False,False,False,0.8148820326678766,0.898,0.8085106382978723,0.912
expanded::GSE202623_CELLTYPE_EXPANDED::Inhibitory_BrainStem,expanded,GSE202623_CELLTYPE_EXPANDED,Inhibitory_BrainStem,1000,501-1000,0.6919032597266036,0.7106339468302658,0.7107014848950333,0.6927029804727647,0.7082474226804124,,0.5430251202565474,0.6778924497555676,0.018730687103662214,-6.753806476744728e-05,0.016344162953808805,-0.0024540622146208557,,,-0.14887813947005624,-0.014010809971035987,False,False,False,True,False,True,False,0.729490022172949,0.658,0.7269874476987448,0.695
expanded::GSE202623_CELLTYPE_EXPANDED::L2 IT ENTl,expanded,GSE202623_CELLTYPE_EXPANDED,L2 IT ENTl,1000,501-1000,0.4387372926698769,0.4394520547945205,0.4375,0.4278820375335121,0.4355458036204059,,0.1037900874635568,0.3483788938334393,0.0007147621246436087,0.0007147621246436087,-0.0031914890494709747,-0.003906251174114583,,,-0.3349472052063201,-0.09035839883643759,False,False,False,False,False,False,False,0.4718066743383199,0.41,0.4860606060606061,0.401
expanded::GSE202623_CELLTYPE_EXPANDED::L2/3 IT CTX,expanded,GSE202623_CELLTYPE_EXPANDED,L2/3 IT CTX,1000,501-1000,0.5913818722139672,0.5945945945945946,0.593719332679097,0.5833333333333334,0.5923344947735192,,0.3393939393939394,0.5474537037037037,0.0032127223806274197,0.0008752619154975827,0.0009526225595519744,-0.0022600998210754453,,,-0.2519879328200278,-0.04392816851026349,False,False,False,False,False,False,False,0.5858684985279686,0.597,0.5845410628019324,0.605
expanded::GSE202623_CELLTYPE_EXPANDED::L2/3 IT PPP,expanded,GSE202623_CELLTYPE_EXPANDED,L2/3 IT PPP,253,101-500,0.4781491002570693,0.5006553079947575,0.5046235138705415,0.5064599483204134,0.4781491002570693,,0.0702360391479562,0.3731931668856767,0.022506207737688244,-0.005804640325655863,0.0,-0.028310848063344107,,,-0.4079130611091131,-0.10495593337139258,False,False,False,True,False,False,False,0.3542857142857142,0.7351778656126482,0.3745098039215686,0.7549407114624506
expanded::GSE202623_CELLTYPE_EXPANDED::L4 RSP-ACA,expanded,GSE202623_CELLTYPE_EXPANDED,L4 RSP-ACA,136,101-500,0.2503128911138923,0.2505966587112171,0.2524038461538461,0.2433460076045627,0.2412177985948477,,0.1298076923076923,0.1735015772870662,0.00028376759732479107,-0.001807187442628977,-0.009095092519044612,-0.01118604755899838,,,-0.12050519880620003,-0.07681131382682613,False,False,False,False,False,False,False,0.1508295625942684,0.7352941176470589,0.1495726495726495,0.7720588235294118
expanded::GSE202623_CELLTYPE_EXPANDED::L4/5 IT CTX,expanded,GSE202623_CELLTYPE_EXPANDED,L4/5 IT CTX,1000,501-1000,0.5814185814185814,0.5912621359223302,0.5913717886572952,0.5893203883495146,0.5810546875,,0.5371148459383753,0.5857580398162328,0.009843554503748853,-0.00010965273496499339,-0.00036389391858138165,-0.010317101157295228,,,-0.04430373548020605,0.0043394583976513745,False,False,False,False,False,False,False,0.5808383233532934,0.582,0.5745283018867925,0.609
expanded::GSE202623_CELLTYPE_EXPANDED::L5 IT CTX,expanded,GSE202623_CELLTYPE_EXPANDED,L5 IT CTX,1000,501-1000,0.492343934040047,0.4914353219137626,0.4914555097230407,0.4936854190585534,0.4834123222748814,,0.4043653072946583,0.5149632975719932,-0.0009086121262844027,-0.002250097144790797,-0.008931611765165604,-0.010273096783671998,,,-0.0879786267453887,0.022619363531946213,False,False,False,False,False,False,False,0.5988538681948424,0.418,0.6002886002886003,0.416
expanded::GSE202623_CELLTYPE_EXPANDED::L5 PT CTX,expanded,GSE202623_CELLTYPE_EXPANDED,L5 PT CTX,1000,501-1000,0.4202166064981949,0.4108187134502924,0.4131386861313868,0.4031791907514451,0.4075967859751643,,0.0256410256410256,0.2491525423728813,-0.009397893047902506,-0.009397893047902506,-0.012619820523030623,-0.012619820523030623,,,-0.3945755808571693,-0.1710640641253136,False,False,False,False,False,False,True,0.7558441558441559,0.291,0.7635869565217391,0.281
expanded::GSE202623_CELLTYPE_EXPANDED::L5/6 IT TPE-ENT,expanded,GSE202623_CELLTYPE_EXPANDED,L5/6 IT TPE-ENT,176,101-500,0.2108345534407027,0.2227525855210819,0.2218725413060581,0.2006920415224913,0.2151993980436418,,,0.311178247734139,0.011918032080379198,0.0008800442150238008,0.004364844602939094,-0.007553187477440104,,,,0.10034369429343629,False,False,False,True,False,False,False,0.1210084033613445,0.8181818181818182,0.1295097132284921,0.7954545454545454
expanded::GSE202623_CELLTYPE_EXPANDED::L5/6 NP CTX,expanded,GSE202623_CELLTYPE_EXPANDED,L5/6 NP CTX,1000,501-1000,0.5251926496739775,0.5218956208758249,0.5216346153846154,0.5183431952662721,0.5198079231692676,,0.3846153846153846,0.5313010342950463,-0.0032970287981526347,-0.0032970287981526347,-0.005384726504709891,-0.005384726504709891,,,-0.14057726505859292,0.006108384621068774,False,False,False,False,False,False,False,0.6448326055312955,0.443,0.6521739130434783,0.435
expanded::GSE202623_CELLTYPE_EXPANDED::L6 CT CTX,expanded,GSE202623_CELLTYPE_EXPANDED,L6 CT CTX,1000,501-1000,0.7006673021925645,0.6991711360312043,0.7001462701121404,0.6943396226415094,0.6961063627730294,,0.6565774155995343,0.6960865945045794,-0.0014961661613601684,-0.0014961661613601684,-0.0045609394195350594,-0.0045609394195350594,,,-0.04408988659303015,-0.0045807076879850195,False,False,False,False,False,False,False,0.6693989071038251,0.735,0.6822074215033301,0.717
expanded::GSE202623_CELLTYPE_EXPANDED::L6 IT CTX,expanded,GSE202623_CELLTYPE_EXPANDED,L6 IT CTX,1000,501-1000,0.2996845425867508,0.2735462735462735,0.2678718159408381,0.2504118616144975,0.2877697841726619,,0.5186114596403179,0.5434782608695653,-0.026138269040477335,-0.026138269040477335,-0.0119147584140889,-0.0119147584140889,,,0.21892691705356704,0.2437937182828145,False,False,False,False,True,False,True,0.7089552238805971,0.19,0.755656108597285,0.167
expanded::GSE202623_CELLTYPE_EXPANDED::L6b CTX,expanded,GSE202623_CELLTYPE_EXPANDED,L6b CTX,1000,501-1000,0.4812252964426877,0.4743865690916917,0.472318339100346,0.4853168469860896,0.477818853974122,,0.170444242973708,0.4848109113453193,-0.006838727350995999,-0.010930277894397933,-0.0034064424685656958,-0.00749799301196763,,,-0.31078105346897966,0.0035856149026315953,False,False,False,False,False,False,False,0.4755859375,0.487,0.4164777021919879,0.551
expanded::GSE202623_CELLTYPE_EXPANDED::L6b/CT ENT,expanded,GSE202623_CELLTYPE_EXPANDED,L6b/CT ENT,1000,501-1000,0.2051282051282051,0.2313147845062738,0.233695652173913,0.2380216383307573,0.2323068611561318,,0.0318650421743205,0.2438770192808754,0.026186579378068703,-0.006706853824483494,0.027178656027926712,-0.005714777174625485,,,-0.1732631629538846,0.03874881415267031,False,False,False,True,False,True,False,0.2151481888035126,0.196,0.2545018007202881,0.212
expanded::GSE202623_CELLTYPE_EXPANDED::Lamp5,expanded,GSE202623_CELLTYPE_EXPANDED,Lamp5,1000,501-1000,0.7436037016875341,0.7518796992481203,0.7526881720430109,0.733186328555678,0.7497314715359829,,0.7604120017913121,0.8023598820058997,0.008275997560586168,-0.0008084727948906023,0.006127769848448761,-0.0029567005070280095,,,0.016808300103777984,0.0587561803183656,False,False,False,False,False,False,False,0.8160095579450418,0.683,0.8120649651972158,0.7
expanded::GSE202623_CELLTYPE_EXPANDED::Macrophages,expanded,GSE202623_CELLTYPE_EXPANDED,Macrophages,256,101-500,0.267223382045929,0.2414578587699316,0.2409090909090909,0.3043478260869565,0.2964224872231686,,0.3012048192771084,0.3920454545454546,-0.025765523275997404,-0.0628899673170249,0.029199105177239615,-0.007925338863787879,,,0.03398143723117941,0.1248220724995256,False,False,False,False,True,True,False,0.2869955156950672,0.25,0.2896174863387978,0.20703125
expanded::GSE202623_CELLTYPE_EXPANDED::Microglia,expanded,GSE202623_CELLTYPE_EXPANDED,Microglia,1000,501-1000,0.7314990512333966,0.7376744186046512,0.7368421052631579,0.6480386888769478,0.6944858420268257,,0.0156402737047898,0.1592128801431127,0.00617536737125457,0.0008323133414933626,-0.03701320920657092,-0.04318857657782549,,,-0.7158587775286068,-0.572286171090284,False,False,False,False,False,False,True,0.6958483754512635,0.771,0.6895652173913044,0.793
expanded::GSE202623_CELLTYPE_EXPANDED::NP PPP,expanded,GSE202623_CELLTYPE_EXPANDED,NP PPP,59,26-100,0.0181405895691609,0.0190930787589498,0.0233100233100233,0.0176211453744493,0.0272108843537414,,,0.0319488817891373,0.0009524891897888972,-0.004216944551073503,0.009070294784580497,0.003900861043718097,,,,0.013808292219976401,False,False,False,False,False,False,False,0.0104712041884816,0.0677966101694915,0.0111111111111111,0.0677966101694915
expanded::GSE202623_CELLTYPE_EXPANDED::NeuralPrecursors,expanded,GSE202623_CELLTYPE_EXPANDED,NeuralPrecursors,464,101-500,0.918918918918919,0.9267241379310344,0.9254054054054054,0.9219251336898396,0.9254054054054054,,0.5956204379562043,0.912400455062571,0.007805219012115394,0.001318732525628974,0.00648648648648642,-0.001318732525628974,,,-0.32329848096271463,-0.006518463856348022,False,False,False,False,False,False,False,0.9219088937093276,0.915948275862069,0.9267241379310344,0.9267241379310344
expanded::GSE202623_CELLTYPE_EXPANDED::OPCs,expanded,GSE202623_CELLTYPE_EXPANDED,OPCs,1000,501-1000,0.8751381215469614,0.8713968957871396,0.872989462007765,0.8619340413638905,0.8680287134180011,,0.7860984691766654,0.9002506265664161,-0.0037412257598217202,-0.0037412257598217202,-0.007109408128960215,-0.007109408128960215,,,-0.08903965237029599,0.025112505019454723,False,False,False,False,False,False,False,0.9777777777777776,0.792,0.9776119402985076,0.786
expanded::GSE202623_CELLTYPE_EXPANDED::Oligodendrocyte,expanded,GSE202623_CELLTYPE_EXPANDED,Oligodendrocyte,1000,501-1000,0.9134524929444968,0.9184347006129184,0.9170593779453348,0.88,0.916429249762583,,0.8440463645943099,0.937350549976088,0.004982207668421612,0.0013753226675836672,0.002976756818086179,-0.002005450850335433,,,-0.06940612835018689,0.023898057031591202,False,False,False,False,False,False,False,0.8623445825932504,0.971,0.8688670829616414,0.974
expanded::GSE202623_CELLTYPE_EXPANDED::Pericytes,expanded,GSE202623_CELLTYPE_EXPANDED,Pericytes,1000,501-1000,0.7132442284325636,0.7133292757151553,0.7134146341463414,0.6868811881188119,0.7061583577712609,,0.8331441543700342,0.786255096097845,8.504728259162153e-05,-8.53584311861777e-05,-0.007085870661302729,-0.007256276375080528,,,0.11989992593747056,0.07301086766528142,False,False,False,False,False,False,False,0.9086687306501549,0.587,0.911353032659409,0.586
expanded::GSE202623_CELLTYPE_EXPANDED::Pvalb,expanded,GSE202623_CELLTYPE_EXPANDED,Pvalb,1000,501-1000,0.7843691148775894,0.7872744539411206,0.7872744539411206,0.7735583684950774,0.7845567206863681,,0.6979381443298969,0.7735224586288416,0.002905339063531187,0.0,0.00018760580877863475,-0.0027177332547525523,,,-0.08643097054769255,-0.01084665624874781,False,False,False,False,False,False,False,0.7411032028469751,0.833,0.7495479204339964,0.829
expanded::GSE202623_CELLTYPE_EXPANDED::Sncg,expanded,GSE202623_CELLTYPE_EXPANDED,Sncg,465,101-500,0.5842472582253241,0.5937183383991895,0.5931174089068825,0.5759368836291914,0.5947046843177188,,0.1714285714285714,0.5355648535564854,0.009471080173865443,0.0006009294923070563,0.01045742609239475,0.0009863459185293078,,,-0.4128186867967527,-0.048682404668838664,False,False,False,False,False,True,False,0.5446096654275093,0.6301075268817204,0.5613026819923371,0.6301075268817204
expanded::GSE202623_CELLTYPE_EXPANDED::Sst,expanded,GSE202623_CELLTYPE_EXPANDED,Sst,1000,501-1000,0.6478060046189377,0.6560846560846562,0.6537785588752197,0.6406523005241701,0.6545879602571597,,0.588957055214724,0.6493074792243767,0.00827865146571849,0.0023060972094364196,0.006781955638222037,-0.0014966958274964526,,,-0.0588489494042137,0.0015014746054390349,False,False,False,False,False,False,False,0.7663934426229508,0.561,0.7960057061340942,0.558
expanded::GSE202623_CELLTYPE_EXPANDED::Sst Chodl,expanded,GSE202623_CELLTYPE_EXPANDED,Sst Chodl,735,501-1000,0.8735150244584206,0.8604810996563573,0.861072902338377,0.8787023977433005,0.867219917012448,,0.7965367965367965,0.8822299651567944,-0.013033924802063224,-0.018221298086943172,-0.006295107445972503,-0.011482480730852451,,,-0.07697822792162401,0.008714940698373863,False,False,False,False,True,False,False,0.8979885057471264,0.8503401360544217,0.8694444444444445,0.8517006802721089
expanded::GSE202623_CELLTYPE_EXPANDED::T-cells,expanded,GSE202623_CELLTYPE_EXPANDED,T-cells,237,101-500,0.5203252032520326,0.5126903553299492,0.507537688442211,0.3717948717948718,0.475,,0.2561183836084234,0.3387723387723387,-0.007634847922083354,-0.007634847922083354,-0.0453252032520326,-0.0453252032520326,,,-0.2642068196436092,-0.18155286447969388,False,False,False,False,False,False,True,0.7272727272727273,0.4050632911392405,0.643312101910828,0.4261603375527426
expanded::GSE202623_CELLTYPE_EXPANDED::VLMC,expanded,GSE202623_CELLTYPE_EXPANDED,VLMC,1000,501-1000,0.63564875491481,0.662379421221865,0.6636655948553055,0.6028513238289206,0.6590038314176245,,0.6856780735107731,0.6831432192648923,0.026730666307055007,-0.0012861736334405238,0.023355076502814542,-0.004661763437680988,,,0.05002931859596316,0.04749446435008231,False,False,False,True,False,True,False,0.9220532319391636,0.485,0.927927927927928,0.515
expanded::GSE202623_CELLTYPE_EXPANDED::VSMC,expanded,GSE202623_CELLTYPE_EXPANDED,VSMC,1000,501-1000,0.7880952380952381,0.7953216374269005,0.7899061032863849,0.7802786709539122,0.7698744769874477,,0.85807150595883,0.8309618668184405,0.00722639933166247,0.005415534140515654,-0.018220761107790362,-0.02544716043945283,,,0.0699762678635919,0.04286662872320246,False,False,False,False,False,False,True,0.973529411764706,0.662,0.9577464788732394,0.68
expanded::GSE202623_CELLTYPE_EXPANDED::Vip,expanded,GSE202623_CELLTYPE_EXPANDED,Vip,1000,501-1000,0.7253588516746412,0.7375677006400788,0.7340529931305201,0.7328395061728394,0.7341153470185727,,0.6686440677966102,0.701492537313433,0.012208848965437613,0.0035147075095587343,0.008756495343931525,-0.003452353621506088,,,-0.05671478387803097,-0.02386631436120823,False,False,False,True,False,False,False,0.6954128440366972,0.758,0.7264791464597479,0.749
expanded::SQUIDPY_MERFISH_EXPANDED::0,expanded,SQUIDPY_MERFISH_EXPANDED,0,9282,>1000,0.313982987613789,0.3162618796198521,0.305661939757789,0.3158547295551996,0.3196756295347845,,0.2743130227001195,0.3041947177628172,0.0022788920060630713,0.00040715006465247283,0.0056926419209955,0.003413749914932429,,,-0.03966996491366953,-0.009788269850971809,False,False,False,False,False,False,False,0.2916551150540615,0.3400129282482224,0.3101056119279354,0.3226675285498815
expanded::SQUIDPY_MERFISH_EXPANDED::1,expanded,SQUIDPY_MERFISH_EXPANDED,1,8393,>1000,0.8584817244611058,0.8336469017418219,0.8522182076645145,0.8476286579212916,0.8473205257836198,,0.7611018918021906,0.8371359223300969,-0.024834822719283944,-0.024834822719283944,-0.011161198677485995,-0.011161198677485995,,,-0.09737983265891526,-0.021345802131008895,False,False,False,False,True,False,True,0.8443369051734071,0.8731085428333135,0.8495794161306284,0.8183009650899559
expanded::SQUIDPY_MERFISH_EXPANDED::10,expanded,SQUIDPY_MERFISH_EXPANDED,10,91,26-100,0.0477611940298507,0.0499621498864496,0.0463808854532677,0.0477290223248652,0.0469750889679715,,0.0593325092707045,0.0512820512820512,0.0022009558565989004,0.0022009558565989004,-0.0007861050618791984,-0.002987060918478099,,,0.0115713152408538,0.003520857252200499,False,False,False,False,False,False,False,0.0256204963971176,0.3516483516483517,0.0268292682926829,0.3626373626373626
expanded::SQUIDPY_MERFISH_EXPANDED::11,expanded,SQUIDPY_MERFISH_EXPANDED,11,952,501-1000,0.2729627415819884,0.2444552371701473,0.2596275537877418,0.2507810872734847,0.2337334175615919,,0.0274193548387096,0.0911196911196911,-0.028507504411841106,-0.028507504411841106,-0.0392293240203965,-0.0392293240203965,,,-0.2455433867432788,-0.18184305046229732,False,False,False,False,True,False,True,0.1684288173100565,0.7195378151260504,0.1444976076555024,0.7930672268907563
expanded::SQUIDPY_MERFISH_EXPANDED::12,expanded,SQUIDPY_MERFISH_EXPANDED,12,5736,>1000,0.0006949270326615,0.0013826477704804,0.0017265193370165,0.0284360189573459,0.0006942034015966,,0.0155038759689922,0.0933165195460277,0.0006877207378189,-0.027053371186865502,-7.236310649000972e-07,-0.0277418155557493,,,0.0148089489363307,0.0926215925133662,False,False,False,False,False,False,False,0.1,0.0003486750348675,0.08,0.000697350069735
expanded::SQUIDPY_MERFISH_EXPANDED::13,expanded,SQUIDPY_MERFISH_EXPANDED,13,39,26-100,0.0757097791798107,0.0795454545454545,0.0676923076923077,0.0712166172106824,0.075880758807588,,0.0280542986425339,0.0460526315789473,0.0038356753656438036,0.0038356753656438036,0.00017097962777730402,-0.0036646957378664996,,,-0.0476554805372768,-0.029657147600863396,False,False,False,False,False,False,False,0.0431654676258992,0.3076923076923077,0.0447284345047923,0.358974358974359
expanded::SQUIDPY_MERFISH_EXPANDED::14,expanded,SQUIDPY_MERFISH_EXPANDED,14,367,101-500,0.4949053857350801,0.5026595744680852,0.461139896373057,0.2303370786516854,0.4628099173553719,,0.0956017908875428,0.1506129597197898,0.007754188733005096,0.007754188733005096,-0.03209546837970817,-0.039849657112713266,,,-0.3993035948475373,-0.3442924260152903,False,False,False,False,False,False,True,0.53125,0.4632152588555858,0.4909090909090909,0.5149863760217984
expanded::SQUIDPY_MERFISH_EXPANDED::15,expanded,SQUIDPY_MERFISH_EXPANDED,15,638,501-1000,0.655937846836848,0.496344435418359,0.6094552929085304,0.6075296544610624,0.5633672525439408,,0.5414612281488123,0.5903257650542941,-0.15959341141848898,-0.15959341141848898,-0.09257059429290715,-0.09257059429290715,,,-0.11447661868803571,-0.06561208178255384,False,False,False,False,True,False,True,0.5077319587628866,0.926332288401254,0.3349780701754385,0.957680250783699
expanded::SQUIDPY_MERFISH_EXPANDED::2,expanded,SQUIDPY_MERFISH_EXPANDED,2,3799,>1000,0.8940347344575887,0.892422105398128,0.8966129646073829,0.8941564203321081,0.8942222222222221,,0.8829945463559743,0.8886400398158517,-0.0016126290594606907,-0.004190859209254882,0.00018748776463339833,-0.0023907423851607934,,,-0.011040188101614445,-0.00539469464173703,False,False,False,False,False,False,False,0.8565227875572703,0.9349828902342722,0.87,0.916030534351145
expanded::SQUIDPY_MERFISH_EXPANDED::3,expanded,SQUIDPY_MERFISH_EXPANDED,3,581,501-1000,0.5307443365695793,0.4227979274611398,0.5025960539979232,0.4915422885572139,0.4792270531400966,,0.3867276887871854,0.483370288248337,-0.1079464091084395,-0.1079464091084395,-0.051517283429482696,-0.051517283429482696,,,-0.14401664778239393,-0.04737404832124231,False,False,False,False,True,False,True,0.7109826589595376,0.423407917383821,0.53125,0.3511187607573149
expanded::SQUIDPY_MERFISH_EXPANDED::4,expanded,SQUIDPY_MERFISH_EXPANDED,4,1369,>1000,0.7423182233039246,0.7168674698795181,0.7372881355932203,0.7345078979343864,0.7447672602311777,,0.7323408299018055,0.731110431324564,-0.025450753424406503,-0.025450753424406503,0.0024490369272530677,0.0024490369272530677,,,-0.009977393402119117,-0.011207791979360615,False,False,False,False,True,False,False,0.6360792492179353,0.8911614317019723,0.6099436186570989,0.8692476260043828
expanded::SQUIDPY_MERFISH_EXPANDED::5,expanded,SQUIDPY_MERFISH_EXPANDED,5,1961,>1000,0.8472406181015453,0.7451205510907004,0.8088421052631579,0.7972805933250927,0.7854251012145749,,0.5361842105263158,0.7127445602486744,-0.10212006701084486,-0.10212006701084486,-0.0618155168869704,-0.0618155168869704,,,-0.31105640757522945,-0.1344960578528709,False,False,False,False,True,False,True,0.746983261969638,0.9785823559408464,0.5963246554364472,0.9928607853136155
expanded::SQUIDPY_MERFISH_EXPANDED::6,expanded,SQUIDPY_MERFISH_EXPANDED,6,11757,>1000,0.76297817069594,0.7577435030635961,0.755733801228224,0.7460448935641514,0.7472933277381452,,0.7843269149920121,0.7824570147022177,-0.005234667632343926,-0.005234667632343926,-0.01568484295779482,-0.01568484295779482,,,0.021348744296072142,0.01947884400627775,False,False,False,False,False,False,True,0.7518579686209744,0.7744322531257974,0.7529392005374538,0.7626095092285446
expanded::SQUIDPY_MERFISH_EXPANDED::7,expanded,SQUIDPY_MERFISH_EXPANDED,7,24761,>1000,0.6353189246178176,0.6394065686351602,0.6352389976837228,0.6209131231574194,0.6292401986684983,,0.6737653848118074,0.6669579970181481,0.004087644017342629,0.004087644017342629,-0.006078725949319241,-0.01016636996666187,,,0.038446460193989784,0.03163907240033048,False,False,False,False,False,False,False,0.9144851657940664,0.4867331690965631,0.9109036594473487,0.4925891522959493
expanded::SQUIDPY_MERFISH_EXPANDED::8,expanded,SQUIDPY_MERFISH_EXPANDED,8,1472,>1000,0.6751592356687898,0.6751219512195121,0.6749999999999999,0.6811702925731433,0.6655298416565164,,0.58563261247825,0.6456298522414224,-3.728444927764141e-05,-0.0060483413536311925,-0.009629394012273362,-0.015640450916626913,,,-0.08952662319053972,-0.02952938342736733,False,False,False,False,False,False,False,0.5279693486590038,0.936141304347826,0.5266362252663622,0.9402173913043478
expanded::SQUIDPY_MERFISH_EXPANDED::9,expanded,SQUIDPY_MERFISH_EXPANDED,9,2457,>1000,0.3873367629600316,0.4133028687484133,0.3944547432900782,0.4001310830738981,0.4021712311867752,,0.535906150641377,0.4720293209876543,0.02596610578838171,0.013171785674515213,0.014834468226743613,-0.011131637561638097,,,0.14856938768134542,0.08469255802762271,True,False,False,True,False,True,False,0.2404205148359206,0.995929995929996,0.2608974358974359,0.993894993894994
expanded::SQUIDPY_SEQFISH_EXPANDED::0,expanded,SQUIDPY_SEQFISH_EXPANDED,0,77,26-100,0.0875,0.0906148867313915,0.1006711409395973,0.1023890784982935,0.087227414330218,,0.0320855614973262,0.0489795918367346,0.0031148867313915,-0.011774191766902004,-0.0002725856697819995,-0.015161664168075503,,,-0.055414438502673795,-0.03852040816326539,False,False,False,False,False,False,False,0.0576131687242798,0.1818181818181818,0.0603448275862069,0.1818181818181818
expanded::SQUIDPY_SEQFISH_EXPANDED::1,expanded,SQUIDPY_SEQFISH_EXPANDED,1,112,101-500,0.1926910299003322,0.1901639344262295,0.1949685534591195,0.1875,0.1964912280701754,,0.1640378548895899,0.1788079470198675,-0.0025270954741027085,-0.004804619032890006,0.0038001981698431997,0.001522674611055902,,,-0.0286531750107423,-0.01388308288046472,False,False,False,False,False,False,False,0.1534391534391534,0.2589285714285714,0.1502590673575129,0.2589285714285714
expanded::SQUIDPY_SEQFISH_EXPANDED::10,expanded,SQUIDPY_SEQFISH_EXPANDED,10,637,501-1000,0.3719135802469135,0.3611774065234685,0.3617854346123728,0.3775727466288148,0.3649962602842184,,,0.0275229357798165,-0.010736173723444986,-0.016395340105346268,-0.006917319962695123,-0.012576486344596405,,,,-0.344390644467097,False,False,False,False,True,False,False,0.3657056145675265,0.3783359497645212,0.3661290322580645,0.3563579277864992
expanded::SQUIDPY_SEQFISH_EXPANDED::11,expanded,SQUIDPY_SEQFISH_EXPANDED,11,623,501-1000,0.1517615176151761,0.1408450704225352,0.147329650092081,0.1618293755496921,0.1291547958214625,,0.0835820895522388,0.1254752851711026,-0.010916447192640899,-0.020984305127156905,-0.02260672179371359,-0.0326745797282296,,,-0.0681794280629373,-0.026286232444073493,False,False,False,False,True,False,True,0.1735537190082644,0.1348314606741573,0.169683257918552,0.1203852327447833
expanded::SQUIDPY_SEQFISH_EXPANDED::12,expanded,SQUIDPY_SEQFISH_EXPANDED,12,1243,>1000,0.7,0.721161825726141,0.7155351936693044,0.7087011349306432,0.7144046627810158,,0.5136017410228509,0.6458628841607565,0.021161825726141004,0.005626632056836556,0.01440466278101582,-0.0067571629451251836,,,-0.186398258977149,-0.05413711583924341,False,False,False,True,False,True,False,0.7394807520143241,0.6645213193885761,0.7446443873179092,0.6991150442477876
expanded::SQUIDPY_SEQFISH_EXPANDED::13,expanded,SQUIDPY_SEQFISH_EXPANDED,13,1645,>1000,0.4405594405594405,0.449412656309208,0.4087947882736157,0.4828349944629015,0.3584985238296078,,0.2522596548890715,0.3496225665474771,0.008853215749767496,-0.0334223381536935,-0.08206091672983273,-0.12433647063329373,,,-0.18829978567036904,-0.09093687401196343,False,False,False,False,False,False,True,0.6103336921420882,0.3446808510638298,0.596579476861167,0.3604863221884498
expanded::SQUIDPY_SEQFISH_EXPANDED::14,expanded,SQUIDPY_SEQFISH_EXPANDED,14,541,501-1000,0.6591304347826087,0.6451612903225806,0.6533101045296167,0.7038917089678511,0.6426735218508997,,0.5494791666666666,0.6686478454680534,-0.01396914446002806,-0.05873041864527051,-0.016456912931709033,-0.061218187116951484,,,-0.10965126811594206,0.00951741068544476,False,False,False,False,True,False,True,0.6223316912972086,0.7005545286506469,0.6105610561056105,0.6839186691312384
expanded::SQUIDPY_SEQFISH_EXPANDED::15,expanded,SQUIDPY_SEQFISH_EXPANDED,15,912,501-1000,0.7987742594484167,0.8184615384615385,0.8154241645244217,0.8012454592631033,0.7997962302598064,,0.5805219605346912,0.7782101167315175,0.019687279013121728,0.003037373937116783,0.0010219708113896608,-0.018665308201732067,,,-0.21825229891372555,-0.020564142716899214,False,False,False,True,False,False,False,0.7476099426386233,0.8574561403508771,0.7687861271676301,0.875
expanded::SQUIDPY_SEQFISH_EXPANDED::16,expanded,SQUIDPY_SEQFISH_EXPANDED,16,109,101-500,0.059299191374663,0.0586264656616415,0.0608695652173912,0.0629251700680272,0.065359477124183,,0.0572324578596628,0.0755447941888619,-0.000672725713021502,-0.004298704406385696,0.006060285749519993,0.002434307056155799,,,-0.0020667335150002034,0.016245602814198894,False,False,False,False,False,False,False,0.0328685258964143,0.3027522935779816,0.032258064516129,0.3211009174311927
expanded::SQUIDPY_SEQFISH_EXPANDED::17,expanded,SQUIDPY_SEQFISH_EXPANDED,17,458,101-500,0.2518248175182481,0.2651245551601423,0.2474747474747475,0.3684710351377018,0.2526501766784452,,0.5628415300546448,0.6700507614213199,0.013299737641894183,-0.10334647997755952,0.0008253591601971033,-0.1158208584592566,,,0.3110167125363967,0.41822594390307183,False,False,False,True,False,False,False,0.2163009404388714,0.3013100436681222,0.2237237237237237,0.3253275109170305
expanded::SQUIDPY_SEQFISH_EXPANDED::18,expanded,SQUIDPY_SEQFISH_EXPANDED,18,78,26-100,0.1818181818181818,0.1867704280155642,0.1854838709677419,0.192090395480226,0.1895551257253385,,0.0457317073170731,0.1463414634146341,0.0049522461973824095,-0.00531996746466179,0.007736943907156707,-0.0025352697548874925,,,-0.1360864745011087,-0.035476718403547686,False,False,False,False,False,False,False,0.1079136690647482,0.5769230769230769,0.110091743119266,0.6153846153846154
expanded::SQUIDPY_SEQFISH_EXPANDED::19,expanded,SQUIDPY_SEQFISH_EXPANDED,19,2620,>1000,0.4369332234130255,0.4397474608838869,0.4226057906458797,0.4274017467248908,0.4655172413793103,,0.1381892443839346,0.1939076318375368,0.0028142374708614026,0.0028142374708614026,0.02858401796628479,0.02576978049542339,,,-0.2987439790290909,-0.2430255915754887,False,True,False,False,False,True,False,0.7801766437684003,0.3034351145038167,0.782991202346041,0.3057251908396947
expanded::SQUIDPY_SEQFISH_EXPANDED::2,expanded,SQUIDPY_SEQFISH_EXPANDED,2,737,501-1000,0.8571428571428572,0.8563118091913904,0.8249158249158249,0.8710635769459298,0.8676122931442081,,0.7254707631318136,0.7831646244006394,-0.0008310479514668234,-0.014751767754539458,0.010469436001350862,-0.0034512838017217717,,,-0.13167209401104363,-0.07397823274221782,False,False,False,False,False,True,False,0.7538619979402678,0.9932157394843962,0.7494908350305499,0.9986431478968792
expanded::SQUIDPY_SEQFISH_EXPANDED::20,expanded,SQUIDPY_SEQFISH_EXPANDED,20,1138,>1000,0.7621671258034896,0.7698744769874477,0.7591377694470478,0.7752502274795269,0.7562557924003708,,0.2857142857142857,0.651305683563748,0.0077073511839581554,-0.005375750492079168,-0.005911333403118779,-0.018994435079156102,,,-0.47645284008920386,-0.11086144223974159,False,False,False,False,False,False,False,0.7980769230769231,0.7293497363796133,0.8173741362290227,0.7275922671353251
expanded::SQUIDPY_SEQFISH_EXPANDED::21,expanded,SQUIDPY_SEQFISH_EXPANDED,21,801,501-1000,0.787515006002401,0.8004881025015254,0.795593635250918,0.7948560930802204,0.7914110429447853,,0.5049279757391963,0.767123287671233,0.01297309649912437,0.004894467250607382,0.0038960369423842733,-0.009077059556740097,,,-0.28258703026320464,-0.02039171833116804,False,False,False,True,False,False,False,0.7583815028901734,0.818976279650437,0.7828162291169452,0.818976279650437
expanded::SQUIDPY_SEQFISH_EXPANDED::3,expanded,SQUIDPY_SEQFISH_EXPANDED,3,528,501-1000,0.7283950617283952,0.7365591397849464,0.7389340560072268,0.7316636851520572,0.726950354609929,,0.5229722064662508,0.6720707442888725,0.008164078056551172,-0.0023749162222804765,-0.0014447071184662263,-0.011983701397297875,,,-0.20542285526214443,-0.05632431743952271,False,False,False,False,False,False,False,0.6815181518151815,0.7821969696969697,0.6989795918367347,0.7784090909090909
expanded::SQUIDPY_SEQFISH_EXPANDED::4,expanded,SQUIDPY_SEQFISH_EXPANDED,4,213,101-500,0.3602941176470588,0.379746835443038,0.3818897637795275,0.3622920517560074,0.3546354635463546,,0.3053311793214863,0.3347940403155127,0.01945271779597918,-0.0021429283364894913,-0.005658654100704208,-0.02725430023317288,,,-0.05496293832557253,-0.025500077331546134,False,False,False,True,False,False,False,0.224,0.92018779342723,0.2395577395577395,0.9154929577464788
expanded::SQUIDPY_SEQFISH_EXPANDED::5,expanded,SQUIDPY_SEQFISH_EXPANDED,5,523,501-1000,0.4698247890979883,0.4722222222222222,0.4682230869001296,0.474350433044637,0.4702072538860103,,0.3387850467289719,0.5328185328185329,0.0023974331242339053,-0.0021282108224147667,0.0003824647880220078,-0.004143179158626664,,,-0.1310397423690164,0.06299374372054456,False,False,False,False,False,False,False,0.3555992141453831,0.6921606118546845,0.3609706774519717,0.6826003824091779
expanded::SQUIDPY_SEQFISH_EXPANDED::6,expanded,SQUIDPY_SEQFISH_EXPANDED,6,953,501-1000,0.6345205479452056,0.6492495831017232,0.6411698537682791,0.5940476190476189,0.6256983240223463,,0.7004830917874397,0.7701342281879195,0.014729035156517578,0.008079729333444141,-0.008822223922859362,-0.02355125907937694,,,0.0659625438422341,0.13561368024271392,False,False,False,True,False,False,False,0.6639908256880734,0.6075550891920252,0.6903073286052009,0.6128016789087093
expanded::SQUIDPY_SEQFISH_EXPANDED::7,expanded,SQUIDPY_SEQFISH_EXPANDED,7,300,101-500,0.4794816414686825,0.4246231155778894,0.5364238410596027,0.4666666666666667,0.4351145038167938,,0.3563501849568434,0.4095890410958904,-0.0548585258907931,-0.11180072548171333,-0.04436713765188871,-0.10130933724280894,,,-0.1231314565118391,-0.0698926003727921,False,False,False,False,True,False,True,0.3546325878594249,0.74,0.3407258064516129,0.5633333333333334
expanded::SQUIDPY_SEQFISH_EXPANDED::8,expanded,SQUIDPY_SEQFISH_EXPANDED,8,3704,>1000,0.8158253751705321,0.8384991843393149,0.8461199941323162,0.8196374622356495,0.8171912832929781,,0.4035721879651286,0.7527508090614887,0.02267380916878281,-0.007620809793001282,0.001365908122445969,-0.028928710839338123,,,-0.4122531872054035,-0.06307456610904338,False,False,False,True,False,False,False,0.9301762875907362,0.7265118790496761,0.9302402105955908,0.7632289416846653
expanded::SQUIDPY_SEQFISH_EXPANDED::9,expanded,SQUIDPY_SEQFISH_EXPANDED,9,1464,>1000,0.8347826086956522,0.846015146051208,0.8424483882651211,0.8466835810076115,0.8409742120343838,,0.7672917307101137,0.8289384719405003,0.011232537355555738,-0.000668434956403563,0.006191603338731588,-0.005709368973227713,,,-0.06749087798553854,-0.005844136755151941,False,False,False,True,False,False,False,0.8888888888888888,0.7868852459016393,0.8961038961038961,0.8012295081967213
expanded::SQUIDPY_SLIDESEQV2_EXPANDED::0,expanded,SQUIDPY_SLIDESEQV2_EXPANDED,0,1500,>1000,0.4347240915208613,0.4303625889528973,0.4270122783083219,0.4301964839710444,0.4259259259259259,,0.3185247275775356,0.4257461344839985,-0.004361502567963971,-0.004361502567963971,-0.008798165594935403,-0.008798165594935403,,,-0.1161993639433257,-0.008977957036862771,False,False,False,False,False,False,False,0.4388586956521739,0.4306666666666666,0.4376292212267402,0.4233333333333333
expanded::SQUIDPY_SLIDESEQV2_EXPANDED::1,expanded,SQUIDPY_SLIDESEQV2_EXPANDED,1,1500,>1000,0.3836317135549872,0.3917151162790697,0.3878521770947677,0.3899134362062477,0.3915343915343915,,0.3960049937578027,0.4290592983545482,0.008083402724082478,0.0018016800728219984,0.007902677979404304,-0.00018072474467817345,,,0.012373280202815473,0.045427584799560994,False,False,False,False,False,False,False,0.4244139046079224,0.35,0.4305111821086262,0.3593333333333333
expanded::SQUIDPY_SLIDESEQV2_EXPANDED::10,expanded,SQUIDPY_SLIDESEQV2_EXPANDED,10,1500,>1000,0.6631878557874763,0.6537473733364465,0.6515646893974779,0.6404545454545455,0.654223498444604,,0.5673841380647663,0.6158357771260997,-0.009440482451029797,-0.009440482451029797,-0.008964357342872264,-0.008964357342872264,,,-0.09580371772271001,-0.047352078661376584,False,False,False,False,False,False,False,0.5147275405007363,0.932,0.5030542579949695,0.9333333333333332
expanded::SQUIDPY_SLIDESEQV2_EXPANDED::11,expanded,SQUIDPY_SLIDESEQV2_EXPANDED,11,1449,>1000,0.3071925754060325,0.309231468849477,0.310376492194674,0.3129378794955628,0.305054945054945,,0.0905091137649277,0.1987852015461071,0.0020388934434444894,-0.0037064106460857893,-0.002137630351087494,-0.007882934440617773,,,-0.2166834616411048,-0.10840737385992541,False,False,False,False,False,False,False,0.4688385269121813,0.2284334023464458,0.4533333333333333,0.2346445824706694
expanded::SQUIDPY_SLIDESEQV2_EXPANDED::12,expanded,SQUIDPY_SLIDESEQV2_EXPANDED,12,1500,>1000,0.4629969418960244,0.4660252555622369,0.4680468046804681,0.4699357851722124,0.4675403840292594,,0.4808429118773946,0.4944693572496262,0.0030283136662124788,-0.0039105296099755105,0.004543442133234987,-0.002395401142953002,,,0.01784596998137017,0.03147241535360179,False,False,False,False,False,False,False,0.427683615819209,0.5046666666666667,0.4244249726177437,0.5166666666666667
expanded::SQUIDPY_SLIDESEQV2_EXPANDED::13,expanded,SQUIDPY_SLIDESEQV2_EXPANDED,13,1500,>1000,0.4087486554320546,0.4168151050944068,0.412981455064194,0.4277498202731848,0.4113924050632912,,0.4711141678129298,0.4722607489597781,0.008066449662352204,-0.010934715178778032,0.002643749631236647,-0.01635741520989359,,,0.06236551238087523,0.06351209352772352,False,False,False,False,False,False,False,0.4422032583397983,0.38,0.4475899005355777,0.39
expanded::SQUIDPY_SLIDESEQV2_EXPANDED::2,expanded,SQUIDPY_SLIDESEQV2_EXPANDED,2,1500,>1000,0.300599700149925,0.3028009084027252,0.2987551867219917,0.3161685271876125,0.2717010509926041,,0.206634416033172,0.2304625199362041,0.0022012082528002352,-0.013367618784887292,-0.028898649157320877,-0.044467476195008404,,,-0.09396528411675298,-0.0701371802137209,False,False,False,False,False,False,True,0.3433219178082192,0.2673333333333333,0.3502626970227671,0.2666666666666666
expanded::SQUIDPY_SLIDESEQV2_EXPANDED::3,expanded,SQUIDPY_SLIDESEQV2_EXPANDED,3,1500,>1000,0.3256902199344876,0.3173569101907864,0.3137254901960784,0.3054755043227665,0.3224907063197026,,0.141298104537622,0.2797825012357884,-0.008333309743701223,-0.008333309743701223,-0.003199513614784988,-0.003199513614784988,,,-0.1843921153968656,-0.045907718698699196,False,False,False,False,False,False,False,0.5463108320251178,0.232,0.5254237288135594,0.2273333333333333
expanded::SQUIDPY_SLIDESEQV2_EXPANDED::4,expanded,SQUIDPY_SLIDESEQV2_EXPANDED,4,1317,>1000,0.3941940412528648,0.4028379976350019,0.3902633679169992,0.4154518950437317,0.3882121807465619,,0.1139393939393939,0.2855769230769231,0.008643956382137108,-0.012613897408729813,-0.005981860506302894,-0.027239714297169815,,,-0.2802546473134709,-0.10861711817594166,False,False,False,False,False,False,False,0.3966179861644888,0.3917995444191344,0.4188524590163934,0.3880030372057707
expanded::SQUIDPY_SLIDESEQV2_EXPANDED::5,expanded,SQUIDPY_SLIDESEQV2_EXPANDED,5,813,501-1000,0.4888304862023653,0.5058164584230935,0.4797047970479705,0.506341005166745,0.5079365079365079,,0.3337762423598193,0.4256918346429792,0.01698597222072823,-0.0005245467436514328,0.01910602173414261,0.0015955027697629465,,,-0.155054243842546,-0.06313865155938608,False,False,False,True,False,True,False,0.3795918367346939,0.6863468634686347,0.3892572944297082,0.7220172201722017
expanded::SQUIDPY_SLIDESEQV2_EXPANDED::6,expanded,SQUIDPY_SLIDESEQV2_EXPANDED,6,1500,>1000,0.4285714285714285,0.4259049773755656,0.4301260022909507,0.4204221334854535,0.4284903518728717,,0.3810991268618387,0.4201998379692141,-0.0026664511958628956,-0.004221024915385119,-8.107669855678123e-05,-0.0016356504180790044,,,-0.04747230170958977,-0.008371590602214374,False,False,False,False,False,False,False,0.3695652173913043,0.51,0.3698428290766208,0.502
expanded::SQUIDPY_SLIDESEQV2_EXPANDED::7,expanded,SQUIDPY_SLIDESEQV2_EXPANDED,7,1298,>1000,0.4829457364341085,0.4798464491362764,0.4804035700426853,0.4797531816428846,0.4835164835164836,,0.419740777666999,0.4608985024958403,-0.0030992872978320984,-0.0030992872978320984,0.0005707470823750893,0.0005707470823750893,,,-0.06320495876710946,-0.022047233938268185,False,False,False,False,False,False,False,0.4859594383775351,0.4799691833590138,0.4781943381790359,0.4815100154083205
expanded::SQUIDPY_SLIDESEQV2_EXPANDED::8,expanded,SQUIDPY_SLIDESEQV2_EXPANDED,8,1027,>1000,0.2536082474226804,0.2540365984930032,0.2488038277511962,0.2505285412262156,0.2632653061224489,,0.090272373540856,0.2174418604651162,0.0004283510703227966,0.0004283510703227966,0.009657058699768517,0.00922870762944572,,,-0.1633358738818244,-0.03616638695756419,False,False,False,False,False,False,False,0.2694414019715224,0.2395326192794547,0.2839951865222623,0.2297955209347614
expanded::SQUIDPY_SLIDESEQV2_EXPANDED::9,expanded,SQUIDPY_SLIDESEQV2_EXPANDED,9,938,501-1000,0.1978273299028016,0.1932479627473806,0.1891580161476355,0.181378476420798,0.1889855072463768,,0.0770440251572327,0.1530272787757817,-0.00457936715542101,-0.00457936715542101,-0.008841822656424803,-0.008841822656424803,,,-0.1207833047455689,-0.0448000511270199,False,False,False,False,False,False,False,0.2133168927250308,0.1844349680170575,0.2128205128205128,0.1769722814498933
preview::GEO_GSE240015_VISIUM_THYMUS_DOMAIN::d0_02mo::leiden_1.0_0,preview,GEO_GSE240015_VISIUM_THYMUS_DOMAIN,d0_02mo::leiden_1.0_0,746,501-1000,0.4619970193740685,0.4953068592057761,0.4569288389513108,0.4761194029850746,0.4670126019273536,0.4829629629629629,,,0.0333098398317076,0.019187456220701504,0.005015582553285103,-0.028294257278422497,0.02096594358889442,0.012729353317145309,,,True,False,True,True,False,False,False,0.5201342281879194,0.4155495978552279,0.5367762128325508,0.4597855227882037
preview::GEO_GSE240015_VISIUM_THYMUS_DOMAIN::d0_02mo::leiden_1.0_1,preview,GEO_GSE240015_VISIUM_THYMUS_DOMAIN,d0_02mo::leiden_1.0_1,631,501-1000,0.5873873873873874,0.3714902807775378,0.6088464874241111,0.6215978928884986,0.548175865294668,0.5786046511627907,,,-0.21589710660984957,-0.25010761211096083,-0.039211522092719386,-0.07342202759383065,-0.008782736224596688,-0.008782736224596688,,,False,False,False,False,True,False,True,0.6805845511482255,0.5166402535657686,0.5830508474576271,0.2725832012678288
preview::GEO_GSE240015_VISIUM_THYMUS_DOMAIN::d0_02mo::leiden_1.0_2,preview,GEO_GSE240015_VISIUM_THYMUS_DOMAIN,d0_02mo::leiden_1.0_2,563,501-1000,0.2151394422310757,0.2138200782268579,0.2144772117962466,0.2172185430463576,0.2248677248677248,0.2219251336898395,,,-0.00131936400421781,-0.003398464819499708,0.0097282826366491,0.007649181821367201,0.006785691458763787,-0.006646294881589104,,,False,False,False,False,False,False,False,0.4263157894736842,0.1438721136767318,0.4019607843137255,0.1456483126110124
preview::GEO_GSE240015_VISIUM_THYMUS_DOMAIN::d0_02mo::leiden_1.0_3,preview,GEO_GSE240015_VISIUM_THYMUS_DOMAIN,d0_02mo::leiden_1.0_3,468,101-500,0.3107049608355091,0.3350515463917526,0.353393085787452,0.3358395989974936,0.3070866141732283,0.3673469387755102,,,0.024346585556243527,-0.01834153939569938,-0.0036183466622807803,-0.04630647161422369,0.05664197794000114,0.021290959131744336,,,False,False,True,True,False,False,False,0.3993288590604026,0.2542735042735042,0.422077922077922,0.2777777777777778
preview::GEO_GSE240015_VISIUM_THYMUS_DOMAIN::d0_02mo::leiden_1.0_4,preview,GEO_GSE240015_VISIUM_THYMUS_DOMAIN,d0_02mo::leiden_1.0_4,323,101-500,0.2946708463949843,0.2791411042944785,0.283076923076923,0.2105263157894737,0.2972136222910216,0.3259493670886075,,,-0.015529742100505783,-0.015529742100505783,0.002542775896037297,0.002542775896037297,0.03127852069362319,0.005456300832829386,,,False,False,False,False,True,False,False,0.2984126984126984,0.2910216718266253,0.2765957446808511,0.2817337461300309
preview::GEO_GSE240015_VISIUM_THYMUS_DOMAIN::d0_18mo::leiden_1.0_0,preview,GEO_GSE240015_VISIUM_THYMUS_DOMAIN,d0_18mo::leiden_1.0_0,283,101-500,0.2079646017699115,0.328,0.2893081761006289,0.2708333333333333,0.2067415730337078,0.2309368191721133,,,0.12003539823008852,0.03869182389937109,-0.0012230287362036962,-0.12125842696629222,0.022972217402201817,-0.015871691466184584,,,True,False,False,True,False,False,False,0.2781065088757396,0.166077738515901,0.3778801843317972,0.2897526501766784
preview::GEO_GSE240015_VISIUM_THYMUS_DOMAIN::d0_18mo::leiden_1.0_1,preview,GEO_GSE240015_VISIUM_THYMUS_DOMAIN,d0_18mo::leiden_1.0_1,224,101-500,0.2264150943396226,0.2274247491638796,0.2149837133550488,0.244776119402985,0.2356687898089172,0.3124999999999999,,,0.0010096548242570225,-0.01735137023910538,0.00925369546929461,-0.009107329594067792,0.0860849056603773,0.02023638968481367,,,False,False,True,False,False,False,False,0.3829787234042553,0.1607142857142857,0.4533333333333333,0.1517857142857142
preview::GEO_GSE240015_VISIUM_THYMUS_DOMAIN::d0_18mo::leiden_1.0_2,preview,GEO_GSE240015_VISIUM_THYMUS_DOMAIN,d0_18mo::leiden_1.0_2,216,101-500,0.233502538071066,0.2883295194508009,0.3044496487119438,0.261501210653753,0.2290076335877862,0.275,,,0.05482698137973488,-0.016120129261142924,-0.004494904483279799,-0.0754420151241576,0.041497461928934026,-0.012104622871046078,,,False,False,False,True,False,False,False,0.2584269662921348,0.2129629629629629,0.2850678733031674,0.2916666666666667
preview::GEO_GSE240015_VISIUM_THYMUS_DOMAIN::d0_18mo::leiden_1.0_3,preview,GEO_GSE240015_VISIUM_THYMUS_DOMAIN,d0_18mo::leiden_1.0_3,122,101-500,0.3120567375886525,0.3118908382066276,0.3439803439803439,0.3565891472868217,0.3056179775280899,0.3366834170854271,,,-0.00016589938202488108,-0.044698309080194065,-0.006438760060562598,-0.05097116975873178,0.024626679496774606,0.013945030777358702,,,False,False,True,False,False,False,False,0.2192691029900332,0.5409836065573771,0.2046035805626598,0.6557377049180327
preview::GEO_GSE240015_VISIUM_THYMUS_DOMAIN::d0_18mo::leiden_1.0_4,preview,GEO_GSE240015_VISIUM_THYMUS_DOMAIN,d0_18mo::leiden_1.0_4,109,101-500,0.4098765432098766,0.327552986512524,0.36318407960199,0.3711790393013101,0.3847980997624703,0.3914081145584726,,,-0.08232355669735258,-0.08232355669735258,-0.025078443447406285,-0.025078443447406285,-0.018468428651404023,-0.018468428651404023,,,False,False,False,False,True,False,True,0.2804054054054054,0.7614678899082569,0.2073170731707317,0.7798165137614679
preview::GEO_GSE240015_VISIUM_THYMUS_DOMAIN::d0_18mo::leiden_1.0_5,preview,GEO_GSE240015_VISIUM_THYMUS_DOMAIN,d0_18mo::leiden_1.0_5,103,101-500,0.2702702702702703,0.2902584493041749,0.2805100182149362,0.2924901185770751,0.2763636363636363,0.2730627306273063,,,0.019988179033904596,-0.002231669272900194,0.006093366093366026,-0.016126482213438764,0.0027924603570360085,0.0027924603570360085,,,False,False,False,True,False,False,False,0.165929203539823,0.7281553398058253,0.1825,0.7087378640776699
preview::GEO_GSE240015_VISIUM_THYMUS_DOMAIN::d0_18mo::leiden_1.0_6,preview,GEO_GSE240015_VISIUM_THYMUS_DOMAIN,d0_18mo::leiden_1.0_6,71,26-100,0.2761506276150627,0.2986425339366516,0.3013698630136986,0.25,0.2622950819672131,0.2928870292887029,,,0.022491906321588873,-0.002727329077047036,-0.013855545647849632,-0.03907478104648554,0.01673640167364021,0.01673640167364021,,,False,False,True,True,False,False,True,0.1964285714285714,0.4647887323943662,0.22,0.4647887323943662
preview::GEO_GSE240015_VISIUM_THYMUS_DOMAIN::d0_18mo::leiden_1.0_7,preview,GEO_GSE240015_VISIUM_THYMUS_DOMAIN,d0_18mo::leiden_1.0_7,51,26-100,0.0564705882352941,0.0745341614906832,0.0817438692098092,0.0623376623376623,0.056338028169014,0.0616113744075829,,,0.018063573255389105,-0.007209707719125991,-0.0001325600662800963,-0.025405841040795192,0.005140786172288803,0.0,,,False,False,False,True,False,False,False,0.0320855614973262,0.2352941176470588,0.044280442804428,0.2352941176470588
preview::GEO_GSE284005_MERSCOPE_MS::B,preview,GEO_GSE284005_MERSCOPE_MS,B,250,101-500,0.8444444444444446,0.8336673346693386,0.8299595141700404,0.8380566801619432,0.844,0.8277227722772277,,,-0.01077710977510593,-0.01077710977510593,-0.00044444444444458053,-0.00044444444444458053,-0.016721672167216872,-0.016721672167216872,,,False,False,False,False,True,False,False,0.8530612244897959,0.836,0.8353413654618473,0.832
preview::GEO_GSE284005_MERSCOPE_MS::BCAS1+ OL,preview,GEO_GSE284005_MERSCOPE_MS,BCAS1+ OL,250,101-500,0.4180522565320664,0.4200477326968974,0.4105011933174224,0.4187192118226601,0.4038461538461538,0.4263038548752834,,,0.0019954761648309782,0.0013285208742372934,-0.014206102685912603,-0.01620157885074358,0.008251598343216981,0.005722199394299077,,,False,False,False,False,False,False,True,0.5146198830409356,0.352,0.5207100591715976,0.352
preview::GEO_GSE284005_MERSCOPE_MS::CCN1.Astro,preview,GEO_GSE284005_MERSCOPE_MS,CCN1.Astro,250,101-500,0.4520255863539445,0.4678111587982832,0.4539614561027837,0.4628450106157113,0.4695652173913043,0.4831932773109244,,,0.015785572444338702,0.004966148182571906,0.017539631037359782,0.0017540585930210795,0.031167690956979854,0.004842761847006882,,,False,False,False,True,False,True,False,0.4840182648401826,0.424,0.5046296296296297,0.436
preview::GEO_GSE284005_MERSCOPE_MS::CD4+ T,preview,GEO_GSE284005_MERSCOPE_MS,CD4+ T,250,101-500,0.631768953068592,0.6376306620209059,0.6366906474820145,0.6234234234234234,0.6408450704225352,0.625222024866785,,,0.00586170895231386,0.000940014538891365,0.009076117353943203,0.003214408401629343,-0.006546928201807023,-0.01322594691452006,,,False,False,False,False,False,False,False,0.5756578947368421,0.7,0.5648148148148148,0.732
preview::GEO_GSE284005_MERSCOPE_MS::CD8+ T,preview,GEO_GSE284005_MERSCOPE_MS,CD8+ T,250,101-500,0.4765217391304348,0.4618055555555556,0.4660869565217391,0.4726631393298059,0.4697754749568221,0.4577464788732394,,,-0.014716183574879194,-0.014716183574879194,-0.006746264173612682,-0.006746264173612682,-0.018775260257195392,-0.018775260257195392,,,False,False,False,False,True,False,False,0.4215384615384615,0.548,0.4079754601226993,0.532
preview::GEO_GSE284005_MERSCOPE_MS::COP,preview,GEO_GSE284005_MERSCOPE_MS,COP,250,101-500,0.8622222222222223,0.8501118568232662,0.8596881959910914,0.8552338530066815,0.8514412416851442,0.8620689655172415,,,-0.012110365398956158,-0.012110365398956158,-0.0107809805370781,-0.0107809805370781,-0.00015325670498078647,-0.00015325670498078647,,,False,False,False,False,True,False,True,0.97,0.776,0.964467005076142,0.76
preview::GEO_GSE284005_MERSCOPE_MS::DA.Astro,preview,GEO_GSE284005_MERSCOPE_MS,DA.Astro,250,101-500,0.6027397260273973,0.6172413793103448,0.5854483925549915,0.5958904109589042,0.6058519793459552,0.5910652920962199,,,0.014501653282947502,0.014501653282947502,0.0031122533185579115,-0.01138939996438959,-0.011674433931177397,-0.011674433931177397,,,True,False,False,True,False,False,False,0.5269461077844312,0.704,0.5424242424242425,0.716
preview::GEO_GSE284005_MERSCOPE_MS::DAOPC,preview,GEO_GSE284005_MERSCOPE_MS,DAOPC,250,101-500,0.4532710280373832,0.4398148148148148,0.4444444444444445,0.4444444444444445,0.4434389140271493,0.4302600472813239,,,-0.013456213222568347,-0.013456213222568347,-0.009832114010233872,-0.009832114010233872,-0.023010980756059285,-0.025553906207048116,,,False,False,False,False,True,False,False,0.5449438202247191,0.388,0.521978021978022,0.38
preview::GEO_GSE284005_MERSCOPE_MS::Disease OL,preview,GEO_GSE284005_MERSCOPE_MS,Disease OL,250,101-500,0.1967213114754098,0.1853448275862068,0.1991869918699187,0.1924686192468619,0.1854838709677419,0.2090729783037475,,,-0.01137648388920301,-0.013842164283711905,-0.011237440507667895,-0.01370312090217679,0.012351666828337687,0.012351666828337687,,,False,False,True,False,True,False,True,0.2016806722689075,0.192,0.2009345794392523,0.172
preview::GEO_GSE284005_MERSCOPE_MS::Fibroblast,preview,GEO_GSE284005_MERSCOPE_MS,Fibroblast,250,101-500,0.6832298136645963,0.6824644549763034,0.675968992248062,0.679186228482003,0.684375,0.679186228482003,,,-0.0007653586882929719,-0.0007653586882929719,0.001145186335403614,0.001145186335403614,-0.00404358518259329,-0.012519561815336422,,,False,False,False,False,False,False,False,0.5583756345177665,0.88,0.5639686684073107,0.864
preview::GEO_GSE284005_MERSCOPE_MS::Homeo.Astro,preview,GEO_GSE284005_MERSCOPE_MS,Homeo.Astro,250,101-500,0.1543026706231454,0.1420118343195266,0.1325301204819277,0.1769911504424778,0.1428571428571428,0.1671641791044776,,,-0.012290836303618796,-0.03497931612295119,-0.011445527766002606,-0.034134007585335,0.01286150848133219,0.005970149253731377,,,False,False,False,False,True,False,True,0.2988505747126437,0.104,0.2727272727272727,0.096
preview::GEO_GSE284005_MERSCOPE_MS::Homeo.Endo,preview,GEO_GSE284005_MERSCOPE_MS,Homeo.Endo,250,101-500,0.5011933174224343,0.5243619489559164,0.5152224824355972,0.5219399538106235,0.5130641330166271,0.5391705069124425,,,0.02316863153348203,0.0024219951452928434,0.011870815594192785,-0.011297815939289246,0.03797718949000817,0.014110841041320765,,,False,False,True,True,False,True,False,0.621301775147929,0.42,0.6243093922651933,0.452
preview::GEO_GSE284005_MERSCOPE_MS::Imm OL,preview,GEO_GSE284005_MERSCOPE_MS,Imm OL,250,101-500,0.340036563071298,0.3475046210720887,0.3369963369963369,0.3339382940108893,0.3465160075329567,0.3433628318584071,,,0.0074680580007907005,0.0074680580007907005,0.006479444461658712,-0.0009886135391319884,0.003326268787109121,0.003326268787109121,,,False,False,False,False,False,False,False,0.3131313131313131,0.372,0.3230240549828179,0.376
preview::GEO_GSE284005_MERSCOPE_MS::Imm.Astro,preview,GEO_GSE284005_MERSCOPE_MS,Imm.Astro,250,101-500,0.2836041358936484,0.2852852852852853,0.2664670658682634,0.2924667651403249,0.2928994082840236,0.2977443609022556,,,0.0016811493916368825,-0.007181479855039585,0.009295272390375198,0.0004326431436987299,0.014140225008607177,0.014140225008607177,,,False,False,True,False,False,False,False,0.2248243559718969,0.384,0.2283653846153846,0.38
preview::GEO_GSE284005_MERSCOPE_MS::Mac,preview,GEO_GSE284005_MERSCOPE_MS,Mac,250,101-500,0.4973821989528796,0.4921465968586386,0.4845360824742268,0.4934383202099737,0.481675392670157,0.5038560411311055,,,-0.00523560209424101,-0.00523560209424101,-0.015706806282722585,-0.015706806282722585,0.006473842178225886,0.005128305762148788,,,False,False,False,False,False,False,True,0.7196969696969697,0.38,0.7121212121212122,0.376
preview::GEO_GSE284005_MERSCOPE_MS::Mature OL,preview,GEO_GSE284005_MERSCOPE_MS,Mature OL,250,101-500,0.3171355498721228,0.3168567807351077,0.3231552162849873,0.3096129837702871,0.3159235668789809,0.3156462585034014,,,-0.000278769137015078,-0.006298435549879577,-0.0012119829931419024,-0.007231649406006402,-0.0014892913687213905,-0.00735115751727039,,,False,False,False,False,False,False,False,0.2330827067669172,0.496,0.2319109461966604,0.5
preview::GEO_GSE284005_MERSCOPE_MS::Micro Foamy,preview,GEO_GSE284005_MERSCOPE_MS,Micro Foamy,250,101-500,0.5488721804511278,0.568738229755179,0.5367647058823529,0.5526315789473685,0.5767097966728281,0.5602968460111317,,,0.019866049304051114,0.016106650807810485,0.027837616221700223,0.007971566917649109,0.011424665560003877,0.011424665560003877,,,True,False,True,True,False,True,False,0.5177304964539007,0.584,0.5373665480427047,0.604
preview::GEO_GSE284005_MERSCOPE_MS::Micro Homeo,preview,GEO_GSE284005_MERSCOPE_MS,Micro Homeo,250,101-500,0.2159383033419023,0.2379746835443038,0.2273901808785529,0.2091836734693877,0.2388059701492537,0.2444987775061124,,,0.02203638020240148,0.010584502665750894,0.02286766680735139,0.0008312866049499101,0.028560474164210092,0.0160723815670262,,,True,False,True,True,False,True,False,0.302158273381295,0.168,0.3241379310344827,0.188
preview::GEO_GSE284005_MERSCOPE_MS::Micro IL1B,preview,GEO_GSE284005_MERSCOPE_MS,Micro IL1B,250,101-500,0.5595238095238094,0.5476190476190477,0.5544554455445545,0.5531062124248497,0.5611222444889781,0.5708502024291499,,,-0.011904761904761751,-0.011904761904761751,0.0015984349651686491,0.0015984349651686491,0.011326392905340432,0.007858076444897888,,,False,False,False,False,True,False,False,0.5551181102362205,0.564,0.5433070866141733,0.552
preview::GEO_GSE284005_MERSCOPE_MS::Micro SPP1,preview,GEO_GSE284005_MERSCOPE_MS,Micro SPP1,250,101-500,0.4396200814111262,0.43646408839779,0.4363143631436315,0.4405405405405405,0.4394993045897079,0.4412607449856733,,,-0.003155993013336189,-0.004076452142750486,-0.00012077682141831136,-0.0010412359508326086,0.0016406635745471188,0.0016406635745471188,,,False,False,False,False,False,False,False,0.3326488706365503,0.648,0.3333333333333333,0.632
preview::GEO_GSE284005_MERSCOPE_MS::Micro Stress,preview,GEO_GSE284005_MERSCOPE_MS,Micro Stress,250,101-500,0.2655246252676659,0.2695652173913043,0.252212389380531,0.2548596112311015,0.2707423580786026,0.2526766595289079,,,0.004040592123638387,0.004040592123638387,0.005217732810936682,0.0011771406872982948,-0.012847965738758016,-0.012847965738758016,,,False,False,False,False,False,False,False,0.2857142857142857,0.248,0.2952380952380952,0.248
preview::GEO_GSE284005_MERSCOPE_MS::Micro VEGFA,preview,GEO_GSE284005_MERSCOPE_MS,Micro VEGFA,250,101-500,0.3863636363636363,0.3826879271070615,0.4027149321266968,0.3826879271070615,0.3981481481481481,0.4203539823008849,,,-0.0036757092565747884,-0.02002700501963528,0.011784511784511786,-0.004566783978548705,0.03399034593724859,0.009873632955906764,,,False,False,False,False,False,True,False,0.4473684210526316,0.34,0.4444444444444444,0.336
preview::GEO_GSE284005_MERSCOPE_MS::NK,preview,GEO_GSE284005_MERSCOPE_MS,NK,143,101-500,0.5950920245398773,0.5909090909090908,0.5956112852664577,0.5791044776119403,0.5796178343949046,0.5864197530864198,,,-0.004182933630786478,-0.004702194357366851,-0.015474190144972755,-0.015993450871553128,-0.008672271453457503,-0.008672271453457503,,,False,False,False,False,False,False,True,0.5300546448087432,0.6783216783216783,0.5515151515151515,0.6363636363636364
preview::GEO_GSE284005_MERSCOPE_MS::Neu.GABA,preview,GEO_GSE284005_MERSCOPE_MS,Neu.GABA,250,101-500,0.7223113964686998,0.7368421052631577,0.7401315789473684,0.7237479806138933,0.7258064516129032,0.7212598425196851,,,0.014530708794457947,-0.00328947368421062,0.0034950551442034516,-0.014325127334465115,-0.001051553949014683,-0.009819062472263385,,,False,False,False,True,False,False,False,0.6032171581769437,0.9,0.6256983240223464,0.896
preview::GEO_GSE284005_MERSCOPE_MS::Neu.GLUT,preview,GEO_GSE284005_MERSCOPE_MS,Neu.GLUT,250,101-500,0.728813559322034,0.7209775967413442,0.726890756302521,0.729957805907173,0.7333333333333334,0.6923076923076924,,,-0.007835962580689748,-0.008980209165828756,0.004519774011299438,0.0033755274261604296,-0.03650586701434155,-0.03650586701434155,,,False,False,False,False,False,False,False,0.7747747747747747,0.688,0.7344398340248963,0.708
preview::GEO_GSE284005_MERSCOPE_MS::OPALIN+ OL,preview,GEO_GSE284005_MERSCOPE_MS,OPALIN+ OL,250,101-500,0.3682008368200837,0.368421052631579,0.3705263157894737,0.3689727463312369,0.3762781186094069,0.3670103092783505,,,0.00022021581149528346,-0.002105263157894721,0.00807728178932321,0.005751802819933205,-0.0011905275417332106,-0.0011905275417332106,,,False,False,False,False,False,False,False,0.3859649122807017,0.352,0.3729508196721312,0.364
preview::GEO_GSE284005_MERSCOPE_MS::OPC,preview,GEO_GSE284005_MERSCOPE_MS,OPC,250,101-500,0.5598755832037324,0.5578446909667194,0.54858934169279,0.5592417061611374,0.5575364667747164,0.5682888540031397,,,-0.0020308922370130267,-0.0020308922370130267,-0.002339116429016075,-0.002339116429016075,0.008413270799407235,0.008413270799407235,,,False,False,False,False,False,False,False,0.4580152671755725,0.72,0.4619422572178477,0.704
preview::GEO_GSE284005_MERSCOPE_MS::Pericyte,preview,GEO_GSE284005_MERSCOPE_MS,Pericyte,250,101-500,0.7432675044883303,0.743859649122807,0.745945945945946,0.7419354838709677,0.7464285714285714,0.7509025270758123,,,0.0005921446344766546,-0.002086296823138989,0.0031610669402410974,0.0004826254826254539,0.007635022587481943,0.0072202166064981865,,,False,False,False,False,False,False,False,0.6742671009771987,0.828,0.6625,0.848
preview::GEO_GSE284005_MERSCOPE_MS::Repair.Endo,preview,GEO_GSE284005_MERSCOPE_MS,Repair.Endo,250,101-500,0.639760837070254,0.6482334869431644,0.631578947368421,0.6483180428134557,0.6285714285714284,0.6494345718901454,,,0.00847264987291041,-8.455587029132516e-05,-0.011189408498825548,-0.019746614242027283,0.009673734819891422,-0.003562273535722138,,,False,False,False,False,False,False,True,0.5107398568019093,0.856,0.5261845386533666,0.844
preview::GEO_GSE284005_MERSCOPE_MS::SMC,preview,GEO_GSE284005_MERSCOPE_MS,SMC,250,101-500,0.7766990291262137,0.7680311890838205,0.7701375245579567,0.7883495145631069,0.7762906309751435,0.7811320754716983,,,-0.008667840042393182,-0.02031832547928636,-0.0004083981510701884,-0.012058883587963365,0.004433046345484581,0.004433046345484581,,,False,False,False,False,False,False,False,0.7547169811320755,0.8,0.7490494296577946,0.788
preview::GEO_GSE284005_MERSCOPE_MS::Stress OL,preview,GEO_GSE284005_MERSCOPE_MS,Stress OL,250,101-500,0.1807909604519774,0.1797752808988764,0.1814744801512287,0.1771217712177121,0.1886792452830189,0.1854838709677419,,,-0.001015679553101001,-0.0016991992523522903,0.007888284831041509,0.0072047651317902195,0.004692910515764509,0.003665689149560114,,,False,False,False,False,False,False,False,0.1708185053380783,0.192,0.1690140845070422,0.192
preview::GEO_GSE284005_MERSCOPE_MS::Stress T,preview,GEO_GSE284005_MERSCOPE_MS,Stress T,250,101-500,0.5336426914153133,0.5181818181818182,0.5263157894736843,0.517162471395881,0.5193621867881548,0.5128205128205128,,,-0.015460873233495098,-0.015460873233495098,-0.014280504627158463,-0.014280504627158463,-0.02082217859480051,-0.02082217859480051,,,False,False,False,False,True,False,True,0.6353591160220995,0.46,0.6,0.456
preview::GEO_GSE284005_MERSCOPE_MS::Stress.Astro,preview,GEO_GSE284005_MERSCOPE_MS,Stress.Astro,250,101-500,0.1937321937321937,0.1928374655647383,0.2028169014084506,0.1734104046242774,0.196078431372549,0.2292263610315186,,,-0.0008947281674553942,-0.009979435843712303,0.0023462376403552976,-0.006738470035901611,0.03549416729932492,0.010835556433817506,,,False,False,True,False,False,False,False,0.3366336633663366,0.136,0.3097345132743362,0.14
preview::GEO_GSE284005_MERSCOPE_MS::Stress.Endo,preview,GEO_GSE284005_MERSCOPE_MS,Stress.Endo,250,101-500,0.4336043360433604,0.4528301886792453,0.448,0.431266846361186,0.4309392265193369,0.4327176781002638,,,0.019225852635884888,0.004830188679245284,-0.00266510952402349,-0.021890962159908378,-0.0008866579430966137,-0.0008866579430966137,,,False,False,False,True,False,False,False,0.6722689075630253,0.32,0.6942148760330579,0.336
preview::GEO_GSE284005_MERSCOPE_MS::Treg,preview,GEO_GSE284005_MERSCOPE_MS,Treg,250,101-500,0.0390625,0.046692607003891,0.0389105058365758,0.046692607003891,0.054054054054054,0.046692607003891,,,0.007630107003891003,0.0,0.014991554054054002,0.007361447050162999,0.007630107003891003,0.00036056067184470075,,,False,False,False,False,False,True,False,0.8333333333333334,0.02,0.8571428571428571,0.024
preview::GEO_GSE284005_MERSCOPE_MS::Vas.Astro,preview,GEO_GSE284005_MERSCOPE_MS,Vas.Astro,250,101-500,0.7999999999999999,0.8181818181818182,0.8048289738430584,0.7870182555780935,0.810379241516966,0.7889546351084812,,,0.0181818181818183,0.013352844338759828,0.01037924151696612,-0.007802576664852179,-0.01104536489151875,-0.020664603368472645,,,True,False,False,True,False,True,False,0.8166666666666667,0.784,0.80859375,0.828
preview::GEO_GSE284005_MERSCOPE_MS::cop_nfol,preview,GEO_GSE284005_MERSCOPE_MS,cop_nfol,250,101-500,0.0079681274900398,0.0079365079365079,0.0079681274900398,0.0079681274900398,0.0079365079365079,0.0079365079365079,,,-3.161955353190096e-05,-3.161955353190096e-05,-3.161955353190096e-05,-3.161955353190096e-05,-3.161955353190096e-05,-3.161955353190096e-05,,,False,False,False,False,False,False,False,1.0,0.004,0.5,0.004
preview::GEO_GSE284005_MERSCOPE_MS::inflammatory.Endo,preview,GEO_GSE284005_MERSCOPE_MS,inflammatory.Endo,250,101-500,0.8111332007952287,0.796844181459566,0.8118811881188118,0.800796812749004,0.7992047713717693,0.8116504854368933,,,-0.014289019335662623,-0.015037006659245788,-0.011928429423459397,-0.012676416747042563,0.0005172846416646726,-0.0021690922982313676,,,False,False,False,False,True,False,True,0.8063241106719368,0.816,0.7859922178988327,0.808
preview::GEO_GSE327581_COSMX_AD_BRAIN::Astrocytes.Bergmann.glia,preview,GEO_GSE327581_COSMX_AD_BRAIN,Astrocytes.Bergmann.glia,100,26-100,0.7116564417177913,0.7052023121387282,0.7073170731707317,0.7116564417177913,0.7052023121387282,0.7160493827160493,,,-0.006454129579063106,-0.006454129579063106,-0.006454129579063106,-0.006454129579063106,0.004392940998258044,-0.01889037632009516,,,False,False,False,False,False,False,False,0.9206349206349206,0.58,0.8356164383561644,0.61
preview::GEO_GSE327581_COSMX_AD_BRAIN::Astrocytes.cortex.hippocampus,preview,GEO_GSE327581_COSMX_AD_BRAIN,Astrocytes.cortex.hippocampus,100,26-100,0.4864864864864864,0.4747474747474747,0.4748858447488585,0.4864864864864864,0.4827586206896552,0.4862385321100917,,,-0.011739011739011707,-0.011739011739011707,-0.003727865796831209,-0.003727865796831209,-0.00024795437639468787,-0.00024795437639468787,,,False,False,False,False,True,False,False,0.4426229508196721,0.54,0.4795918367346938,0.47
preview::GEO_GSE327581_COSMX_AD_BRAIN::Astrocytes.thalamus.hypothalamus,preview,GEO_GSE327581_COSMX_AD_BRAIN,Astrocytes.thalamus.hypothalamus,100,26-100,0.6153846153846154,0.6892655367231638,0.6000000000000001,0.6153846153846154,0.6408839779005524,0.6272189349112426,,,0.0738809213385484,0.0738809213385484,0.025499362515936985,-0.048381558822611415,0.011834319526627168,0.011834319526627168,,,True,False,True,True,False,True,False,0.7536231884057971,0.52,0.7922077922077922,0.61
preview::GEO_GSE327581_COSMX_AD_BRAIN::CCK.interneurons,preview,GEO_GSE327581_COSMX_AD_BRAIN,CCK.interneurons,100,26-100,0.7241379310344828,0.7024793388429751,0.7210300429184548,0.7210300429184548,0.7063829787234042,0.7012987012987013,,,-0.021658592191507675,-0.021658592191507675,-0.017754952311078598,-0.017754952311078598,-0.022839229735781452,-0.022839229735781452,,,False,False,False,False,True,False,True,0.6363636363636364,0.84,0.5985915492957746,0.85
preview::GEO_GSE327581_COSMX_AD_BRAIN::Cajal.Retzius.cells,preview,GEO_GSE327581_COSMX_AD_BRAIN,Cajal.Retzius.cells,100,26-100,0.1277955271565495,0.1145038167938931,0.0797342192691029,0.1103896103896103,0.1067615658362989,0.1041666666666666,,,-0.01329171036265639,-0.01329171036265639,-0.021033961320250594,-0.021033961320250594,-0.023628860489882886,-0.023628860489882886,,,False,False,False,False,True,False,True,0.0938967136150234,0.2,0.0925925925925925,0.15
preview::GEO_GSE327581_COSMX_AD_BRAIN::Cholinergic.neurons.habenula,preview,GEO_GSE327581_COSMX_AD_BRAIN,Cholinergic.neurons.habenula,100,26-100,0.1780821917808219,0.2083333333333333,0.1721854304635761,0.1655172413793103,0.2054794520547945,0.2040816326530612,,,0.03025114155251138,0.03025114155251138,0.0273972602739726,-0.002853881278538778,0.025999440872239293,0.0161621695658129,,,True,False,True,True,False,True,False,0.2826086956521739,0.13,0.3409090909090909,0.15
preview::GEO_GSE327581_COSMX_AD_BRAIN::Choroid.plexus.epithelial.cells,preview,GEO_GSE327581_COSMX_AD_BRAIN,Choroid.plexus.epithelial.cells,100,26-100,0.9514563106796116,0.9389671361502347,0.9560975609756096,0.9514563106796116,0.947867298578199,0.8695652173913044,,,-0.012489174529376812,-0.017130424825374857,-0.003589012101412603,-0.008230262397410648,-0.08189109328830713,-0.08189109328830713,,,False,False,False,False,True,False,False,0.9245283018867924,0.98,0.8849557522123894,1.0
preview::GEO_GSE327581_COSMX_AD_BRAIN::Committed.oligodendrocytes,preview,GEO_GSE327581_COSMX_AD_BRAIN,Committed.oligodendrocytes,100,26-100,0.4081632653061224,0.3977272727272727,0.4034582132564841,0.4104046242774566,0.3988269794721408,0.408284023668639,,,-0.010435992578849695,-0.012677351550183902,-0.009336285833981606,-0.011577644805315812,0.0001207583625165709,0.0001207583625165709,,,False,False,False,False,True,False,False,0.2880658436213992,0.7,0.2777777777777778,0.7
preview::GEO_GSE327581_COSMX_AD_BRAIN::D1.medium.spiny.neurons,preview,GEO_GSE327581_COSMX_AD_BRAIN,D1.medium.spiny.neurons,100,26-100,0.5960264900662252,0.6054421768707483,0.6006600660066007,0.5986842105263157,0.5945945945945946,0.5960264900662252,,,0.009415686804523093,0.004782110864147593,-0.0014318954716305843,-0.010847582276153678,0.0,-0.018814499333068002,,,False,False,False,False,False,False,False,0.4455445544554455,0.9,0.4587628865979381,0.89
preview::GEO_GSE327581_COSMX_AD_BRAIN::D2.medium.spiny.neurons,preview,GEO_GSE327581_COSMX_AD_BRAIN,D2.medium.spiny.neurons,100,26-100,0.6066350710900474,0.6063348416289593,0.5981308411214953,0.6103286384976525,0.6103286384976525,0.6017699115044247,,,-0.00030022946108809734,-0.003993796868693167,0.0036935674076050695,0.0,-0.004865159585622725,-0.05588774615323289,,,False,False,False,False,False,False,False,0.5765765765765766,0.64,0.5537190082644629,0.67
preview::GEO_GSE327581_COSMX_AD_BRAIN::Dopaminergic.neurons,preview,GEO_GSE327581_COSMX_AD_BRAIN,Dopaminergic.neurons,100,26-100,0.7354260089686099,0.7423580786026202,0.7321428571428572,0.7321428571428572,0.7248908296943233,0.7410714285714286,,,0.006932069634010274,0.006932069634010274,-0.010535179274286599,-0.017467248908296873,0.005645419602818724,0.005645419602818724,,,False,False,False,False,False,False,True,0.6666666666666666,0.82,0.6589147286821705,0.85
preview::GEO_GSE327581_COSMX_AD_BRAIN::Ependymal.cells,preview,GEO_GSE327581_COSMX_AD_BRAIN,Ependymal.cells,100,26-100,0.8586387434554974,0.8316831683168315,0.836734693877551,0.8571428571428572,0.845771144278607,0.8272251308900523,,,-0.026955575138665866,-0.026955575138665866,-0.012867599176890399,-0.012867599176890399,-0.03141361256544506,-0.03141361256544506,,,False,False,False,False,True,False,True,0.9010989010989012,0.82,0.8235294117647058,0.84
preview::GEO_GSE327581_COSMX_AD_BRAIN::Excitatory.neurons.amygdala,preview,GEO_GSE327581_COSMX_AD_BRAIN,Excitatory.neurons.amygdala,100,26-100,0.1973684210526315,0.2193548387096774,0.1830065359477124,0.1973684210526315,0.2165605095541401,0.1910828025477707,,,0.021986417657045898,0.021986417657045898,0.01919208850150861,-0.0027943291555372896,-0.006285618504860785,-0.016234270622960983,,,True,False,False,True,False,True,False,0.2884615384615384,0.15,0.3090909090909091,0.17
preview::GEO_GSE327581_COSMX_AD_BRAIN::Excitatory.neurons.di.mesencephalon,preview,GEO_GSE327581_COSMX_AD_BRAIN,Excitatory.neurons.di.mesencephalon,100,26-100,0.7550200803212851,0.7630522088353413,0.7550200803212851,0.7550200803212851,0.7661290322580645,0.7509881422924901,,,0.008032128514056214,0.008032128514056214,0.01110895193677941,0.003076823422723196,-0.004031938028794979,-0.008195531176897752,,,False,False,False,False,False,True,False,0.6308724832214765,0.94,0.6375838926174496,0.95
preview::GEO_GSE327581_COSMX_AD_BRAIN::Excitatory.neurons.hippocampal.CA1,preview,GEO_GSE327581_COSMX_AD_BRAIN,Excitatory.neurons.hippocampal.CA1,100,26-100,0.5865384615384615,0.6368159203980099,0.5893719806763283,0.5990338164251208,0.5882352941176471,0.6146341463414634,,,0.050277458859548485,0.03778210397288917,0.0016968325791856254,-0.04858062628036286,0.028095684803001952,0.014634146341463317,,,True,False,True,True,False,False,False,0.5648148148148148,0.61,0.6336633663366337,0.64
preview::GEO_GSE327581_COSMX_AD_BRAIN::Excitatory.neurons.hippocampal.CA2,preview,GEO_GSE327581_COSMX_AD_BRAIN,Excitatory.neurons.hippocampal.CA2,100,26-100,0.4383561643835616,0.4433962264150943,0.4246575342465754,0.4383561643835616,0.4358974358974359,0.4027777777777777,,,0.005040062031532677,0.005040062031532677,-0.0024587284861257164,-0.0074987905176583936,-0.03557838660578394,-0.0386015325670499,,,False,False,False,False,False,False,False,0.6956521739130435,0.32,0.4196428571428571,0.47
preview::GEO_GSE327581_COSMX_AD_BRAIN::Excitatory.neurons.hippocampal.CA3,preview,GEO_GSE327581_COSMX_AD_BRAIN,Excitatory.neurons.hippocampal.CA3,100,26-100,0.4174311926605504,0.4591029023746701,0.4259259259259259,0.4183908045977011,0.4543209876543209,0.4193548387096775,,,0.04167170971411971,0.03317697644874423,0.036889794993770486,-0.004781914720349223,0.0019236460491270924,-0.03722084367245648,,,True,False,False,True,False,True,False,0.2708333333333333,0.91,0.3118279569892473,0.87
preview::GEO_GSE327581_COSMX_AD_BRAIN::Excitatory.neurons.layer.1.piriform,preview,GEO_GSE327581_COSMX_AD_BRAIN,Excitatory.neurons.layer.1.piriform,100,26-100,0.1512605042016806,0.2203389830508474,0.180327868852459,0.1525423728813559,0.2148760330578512,0.1833333333333333,,,0.06907847884916679,0.0400111141983884,0.06361552885617058,-0.005462949992996208,0.032072829131652686,0.0015151515151514972,,,True,False,False,True,False,True,False,0.4736842105263157,0.09,0.7222222222222222,0.13
preview::GEO_GSE327581_COSMX_AD_BRAIN::Excitatory.neurons.layer.2.3,preview,GEO_GSE327581_COSMX_AD_BRAIN,Excitatory.neurons.layer.2.3,100,26-100,0.3432835820895523,0.4238410596026489,0.3308270676691729,0.3458646616541353,0.4313725490196078,0.3582089552238806,,,0.08055747751309661,0.07797639794851358,0.08808896693005552,0.007531489416958914,0.01492537313432829,-0.06432625604372505,,,True,False,False,True,False,True,False,0.6764705882352942,0.23,0.6274509803921569,0.32
preview::GEO_GSE327581_COSMX_AD_BRAIN::Excitatory.neurons.layer.4,preview,GEO_GSE327581_COSMX_AD_BRAIN,Excitatory.neurons.layer.4,100,26-100,0.0915032679738562,0.1282051282051282,0.0915032679738562,0.0915032679738562,0.1358024691358024,0.0921052631578947,,,0.03670186023127199,0.03670186023127199,0.0442992011619462,0.007597340930674212,0.0006019951840385007,-0.0203947368421053,,,True,False,False,True,False,True,False,0.1320754716981132,0.07,0.1785714285714285,0.1
preview::GEO_GSE327581_COSMX_AD_BRAIN::Excitatory.neurons.layer.5,preview,GEO_GSE327581_COSMX_AD_BRAIN,Excitatory.neurons.layer.5,100,26-100,0.1935483870967742,0.2307692307692307,0.2096774193548387,0.2222222222222222,0.265625,0.2362204724409448,,,0.03722084367245651,0.008547008547008489,0.07207661290322581,0.0348557692307693,0.04267208534417061,0.01222047244094479,,,False,True,True,True,False,True,False,0.5,0.12,0.5,0.15
preview::GEO_GSE327581_COSMX_AD_BRAIN::Excitatory.neurons.layer.6,preview,GEO_GSE327581_COSMX_AD_BRAIN,Excitatory.neurons.layer.6,100,26-100,0.4444444444444445,0.4255319148936169,0.4453441295546559,0.4552845528455284,0.4351145038167939,0.4369747899159664,,,-0.01891252955082756,-0.029752637951911465,-0.00932994062765058,-0.020170049028734482,-0.007469654528478087,-0.013025210084033623,,,False,False,False,False,True,False,False,0.3776223776223776,0.54,0.3296703296703296,0.6
preview::GEO_GSE327581_COSMX_AD_BRAIN::Excitatory.neurons.telencephalon,preview,GEO_GSE327581_COSMX_AD_BRAIN,Excitatory.neurons.telencephalon,100,26-100,0.1547619047619047,0.15,0.155688622754491,0.1538461538461538,0.1325301204819277,0.1411764705882353,,,-0.004761904761904717,-0.005688622754491002,-0.022231784279977018,-0.023158502272563303,-0.01358543417366942,-0.01358543417366942,,,False,False,False,False,False,False,True,0.1911764705882352,0.13,0.2,0.12
preview::GEO_GSE327581_COSMX_AD_BRAIN::Granule.neurons,preview,GEO_GSE327581_COSMX_AD_BRAIN,Granule.neurons,100,26-100,0.7252747252747254,0.7914438502673796,0.7444444444444446,0.7459459459459459,0.7956989247311828,0.7741935483870969,,,0.06616912499265426,0.045497904321433746,0.07042419945645739,0.004255074463803132,0.0489188231123715,-0.023678792038435037,,,True,False,False,True,False,True,False,0.8048780487804879,0.66,0.8505747126436781,0.74
preview::GEO_GSE327581_COSMX_AD_BRAIN::Hindbrain.excitatory.neurons,preview,GEO_GSE327581_COSMX_AD_BRAIN,Hindbrain.excitatory.neurons,100,26-100,0.504297994269341,0.5169230769230769,0.5072046109510087,0.5086705202312138,0.5149700598802396,0.5100286532951289,,,0.012625082653735964,0.008252556691863089,0.010672065610898618,-0.0019530170428373461,0.005730659025787954,-0.00023527632363939954,,,False,False,False,True,False,True,False,0.3534136546184739,0.88,0.3733333333333333,0.84
preview::GEO_GSE327581_COSMX_AD_BRAIN::Hindbrain.inhibitory.neurons,preview,GEO_GSE327581_COSMX_AD_BRAIN,Hindbrain.inhibitory.neurons,100,26-100,0.4505494505494505,0.4739884393063583,0.4444444444444445,0.4530386740331492,0.4505494505494505,0.4712643678160919,,,0.023438988756907808,0.02094976527320913,0.0,-0.023438988756907808,0.020714917266641375,0.016718913270637403,,,True,False,True,True,False,False,False,0.5,0.41,0.5616438356164384,0.41
preview::GEO_GSE327581_COSMX_AD_BRAIN::Hypendymal,preview,GEO_GSE327581_COSMX_AD_BRAIN,Hypendymal,100,26-100,0.518032786885246,0.5187713310580204,0.513157894736842,0.5148514851485149,0.5114754098360655,0.5182724252491695,,,0.0007385441727744135,0.0007385441727744135,-0.006557377049180468,-0.007295921221954882,0.00023963836392348892,0.00023963836392348892,,,False,False,False,False,False,False,False,0.3853658536585366,0.79,0.3937823834196891,0.76
preview::GEO_GSE327581_COSMX_AD_BRAIN::Inhibitory.interneurons,preview,GEO_GSE327581_COSMX_AD_BRAIN,Inhibitory.interneurons,100,26-100,0.7839195979899497,0.8,0.7918781725888325,0.802030456852792,0.8229166666666666,0.8020833333333334,,,0.016080402010050343,-0.0020304568527919065,0.03899706867671693,0.02088620981387468,0.01816373534338367,-0.008173076923077005,,,False,True,False,True,False,True,False,0.7878787878787878,0.78,0.8210526315789474,0.78
preview::GEO_GSE327581_COSMX_AD_BRAIN::Inhibitory.neurons.amygdala,preview,GEO_GSE327581_COSMX_AD_BRAIN,Inhibitory.neurons.amygdala,100,26-100,0.2622950819672131,0.2203389830508474,0.2622950819672131,0.2644628099173554,0.2314049586776859,0.2644628099173554,,,-0.041956098916365675,-0.04412382686650798,-0.03089012328952717,-0.03305785123966948,0.0021677279501423063,-0.002203856749311228,,,False,False,False,False,True,False,True,0.7272727272727273,0.16,0.7222222222222222,0.13
preview::GEO_GSE327581_COSMX_AD_BRAIN::Inhibitory.neurons.habenula.hypothalamus,preview,GEO_GSE327581_COSMX_AD_BRAIN,Inhibitory.neurons.habenula.hypothalamus,100,26-100,0.3414634146341463,0.3636363636363636,0.3333333333333333,0.3317073170731707,0.3636363636363636,0.3444976076555023,,,0.02217294900221728,0.02217294900221728,0.02217294900221728,0.0,0.003034193021355991,0.003034193021355991,,,True,False,False,True,False,True,False,0.3333333333333333,0.35,0.3486238532110092,0.38
preview::GEO_GSE327581_COSMX_AD_BRAIN::Inhibitory.neurons.habenula.thalamus,preview,GEO_GSE327581_COSMX_AD_BRAIN,Inhibitory.neurons.habenula.thalamus,100,26-100,0.2361111111111111,0.2238805970149253,0.2377622377622377,0.2517482517482518,0.2463768115942029,0.2657342657342657,,,-0.012230514096185807,-0.027867654733326475,0.010265700483091805,-0.005371440154048862,0.02962315462315457,0.015734265734265673,,,False,False,True,False,True,True,False,0.3863636363636363,0.17,0.4411764705882353,0.15
preview::GEO_GSE327581_COSMX_AD_BRAIN::Inhibitory.neurons.reticular.nucleus,preview,GEO_GSE327581_COSMX_AD_BRAIN,Inhibitory.neurons.reticular.nucleus,100,26-100,0.5492957746478873,0.5955882352941176,0.5505226480836238,0.5512367491166077,0.5869565217391305,0.5652173913043479,,,0.04629246064623038,0.04435148617750995,0.03766074709124323,-0.008631713554987153,0.015921616656460635,-0.006211180124223614,,,True,False,False,True,False,True,False,0.4239130434782608,0.78,0.4709302325581395,0.81
preview::GEO_GSE327581_COSMX_AD_BRAIN::Interneuron.selective.interneurons,preview,GEO_GSE327581_COSMX_AD_BRAIN,Interneuron.selective.interneurons,100,26-100,0.3289473684210526,0.2533333333333333,0.3221476510067114,0.326797385620915,0.3076923076923076,0.3401360544217687,,,-0.0756140350877193,-0.0756140350877193,-0.021255060728745,-0.021255060728745,0.011188686000716097,0.0,,,False,False,False,False,True,False,True,0.4807692307692308,0.25,0.38,0.19
preview::GEO_GSE327581_COSMX_AD_BRAIN::Interneurons,preview,GEO_GSE327581_COSMX_AD_BRAIN,Interneurons,100,26-100,0.7582938388625592,0.7179487179487181,0.7677725118483413,0.7511737089201878,0.7692307692307692,0.7788461538461539,,,-0.040345120913841126,-0.049823793899623214,0.010936930368209974,0.0014582573824278855,0.020552314983594666,0.0,,,False,False,False,False,True,True,False,0.7207207207207207,0.8,0.6268656716417911,0.84
preview::GEO_GSE327581_COSMX_AD_BRAIN::Mature.oligodendrocytes,preview,GEO_GSE327581_COSMX_AD_BRAIN,Mature.oligodendrocytes,100,26-100,,,,,0.0194174757281553,,,,,,,,,,,,False,False,False,False,False,False,False,0.0,0.0,0.0,0.0
preview::GEO_GSE327581_COSMX_AD_BRAIN::Microglia,preview,GEO_GSE327581_COSMX_AD_BRAIN,Microglia,100,26-100,0.616600790513834,0.6192468619246863,0.6190476190476191,0.6117647058823529,0.5803921568627451,0.5900383141762453,,,0.0026460714108522687,0.00019924287706718502,-0.03620863365108884,-0.03885470506194111,-0.02656247633758868,-0.02656247633758868,,,False,False,False,False,False,False,True,0.5098039215686274,0.78,0.5323741007194245,0.74
preview::GEO_GSE327581_COSMX_AD_BRAIN::Myelin.forming.oligodendrocytes,preview,GEO_GSE327581_COSMX_AD_BRAIN,Myelin.forming.oligodendrocytes,100,26-100,0.15,0.1639344262295081,0.1525423728813559,0.135593220338983,0.224,0.1666666666666666,,,0.013934426229508107,0.011392053348152215,0.07400000000000001,0.060065573770491903,0.016666666666666607,0.0,,,True,True,False,True,False,True,False,0.45,0.09,0.4545454545454545,0.1
preview::GEO_GSE327581_COSMX_AD_BRAIN::Neuroblasts,preview,GEO_GSE327581_COSMX_AD_BRAIN,Neuroblasts,100,26-100,0.3108108108108108,0.2773722627737226,0.3066666666666666,0.2937062937062937,0.2797202797202797,0.304635761589404,,,-0.03343854803708818,-0.03343854803708818,-0.031090531090531115,-0.031090531090531115,-0.006175049221406825,-0.006175049221406825,,,False,False,False,False,True,False,True,0.4791666666666667,0.23,0.5135135135135135,0.19
preview::GEO_GSE327581_COSMX_AD_BRAIN::Neurogliaform.cells,preview,GEO_GSE327581_COSMX_AD_BRAIN,Neurogliaform.cells,100,26-100,0.6164383561643836,0.6351351351351351,0.6164383561643836,0.6068965517241379,0.6394557823129251,0.6301369863013699,,,0.018696778970751504,0.018696778970751504,0.02301742614854152,0.004320647177790016,0.013698630136986356,0.004286646165315489,,,True,False,False,True,False,True,False,0.9782608695652174,0.45,0.9791666666666666,0.47
preview::GEO_GSE327581_COSMX_AD_BRAIN::Newly.formed.oligodendrocytes,preview,GEO_GSE327581_COSMX_AD_BRAIN,Newly.formed.oligodendrocytes,100,26-100,0.4477611940298507,0.4122137404580152,0.4511278195488722,0.4444444444444444,0.4511278195488722,0.4558823529411765,,,-0.03554745357183553,-0.038914079090857034,0.0033666255190215044,0.0,0.00812115891132581,-0.0012605042016805568,,,False,False,False,False,True,False,False,0.8823529411764706,0.3,0.8709677419354839,0.27
preview::GEO_GSE327581_COSMX_AD_BRAIN::Olfactory.bulb.inhibitory.neurons,preview,GEO_GSE327581_COSMX_AD_BRAIN,Olfactory.bulb.inhibitory.neurons,100,26-100,0.6319218241042346,0.5798816568047338,0.627831715210356,0.6258064516129034,0.6217948717948718,0.6202531645569621,,,-0.052040167299500784,-0.052040167299500784,-0.01012695230936278,-0.01012695230936278,-0.011668659547272475,-0.02001086184567813,,,False,False,False,False,True,False,True,0.4685990338164251,0.97,0.4117647058823529,0.98
preview::GEO_GSE327581_COSMX_AD_BRAIN::Olfactory.ensheathing.cells,preview,GEO_GSE327581_COSMX_AD_BRAIN,Olfactory.ensheathing.cells,100,26-100,0.373134328358209,0.3851851851851852,0.3703703703703703,0.3609022556390977,0.3941605839416058,0.4,,,0.012050856826976208,0.012050856826976208,0.021026255583396825,0.008975398756420616,0.026865671641791045,0.026865671641791045,,,True,False,True,True,False,True,False,0.7352941176470589,0.25,0.7428571428571429,0.26
preview::GEO_GSE327581_COSMX_AD_BRAIN::Oligodendrocyte.precursor.cells,preview,GEO_GSE327581_COSMX_AD_BRAIN,Oligodendrocyte.precursor.cells,100,26-100,0.7636363636363636,0.7941176470588236,0.767123287671233,0.7636363636363636,0.7649769585253456,0.751131221719457,,,0.030481283422460037,0.02699435938759065,0.001340594888982083,-0.029140688533477954,-0.012505141916906548,-0.012505141916906548,,,True,False,False,True,False,False,False,0.7,0.84,0.7788461538461539,0.81
preview::GEO_GSE327581_COSMX_AD_BRAIN::Peptidergic.neurons,preview,GEO_GSE327581_COSMX_AD_BRAIN,Peptidergic.neurons,100,26-100,0.4903225806451613,0.5283018867924528,0.4871794871794871,0.4871794871794871,0.5128205128205129,0.5324675324675325,,,0.0379793061472915,0.0379793061472915,0.022497932175351565,-0.015481373971939938,0.04214495182237121,0.022913392340144,,,True,False,True,True,False,True,False,0.6909090909090909,0.38,0.711864406779661,0.42
preview::GEO_GSE327581_COSMX_AD_BRAIN::Pericytes,preview,GEO_GSE327581_COSMX_AD_BRAIN,Pericytes,100,26-100,0.5079365079365079,0.4972375690607735,0.5157894736842104,0.505263157894737,0.5161290322580644,0.5193370165745855,,,-0.01069893887573442,-0.018551904623436866,0.008192524321556482,0.0003395585738540374,0.011400508638077622,-0.010392713155144118,,,False,False,False,False,True,False,False,0.5393258426966292,0.48,0.5555555555555556,0.45
preview::GEO_GSE327581_COSMX_AD_BRAIN::Perivascular.macrophages,preview,GEO_GSE327581_COSMX_AD_BRAIN,Perivascular.macrophages,100,26-100,0.183206106870229,0.2251655629139073,0.1984732824427481,0.1984732824427481,0.2043795620437956,0.1818181818181818,,,0.04195945604367829,0.026692280471159208,0.021173455173566585,-0.020786000870111704,-0.001387925052047212,-0.001387925052047212,,,True,False,False,True,False,True,False,0.3870967741935484,0.12,0.3333333333333333,0.17
preview::GEO_GSE327581_COSMX_AD_BRAIN::Purkinje.cells,preview,GEO_GSE327581_COSMX_AD_BRAIN,Purkinje.cells,100,26-100,0.8281938325991189,0.7966101694915254,0.8209606986899562,0.8138528138528137,0.8,0.8138528138528137,,,-0.03158366310759353,-0.03158366310759353,-0.028193832599118895,-0.028193832599118895,-0.014341018746305223,-0.02170274170274178,,,False,False,False,False,True,False,True,0.7401574803149606,0.94,0.6911764705882353,0.94
preview::GEO_GSE327581_COSMX_AD_BRAIN::Radial.glia,preview,GEO_GSE327581_COSMX_AD_BRAIN,Radial.glia,100,26-100,0.08,0.0888888888888888,0.096,0.08,0.0491803278688524,0.0944881889763779,,,0.008888888888888793,-0.007111111111111207,-0.0308196721311476,-0.0468196721311476,0.014488188976377894,0.0,,,False,False,False,False,False,False,True,0.2,0.05,0.1714285714285714,0.06
preview::GEO_GSE327581_COSMX_AD_BRAIN::Serotonergic.neurons,preview,GEO_GSE327581_COSMX_AD_BRAIN,Serotonergic.neurons,100,26-100,0.4857142857142857,0.5205479452054794,0.4792626728110599,0.4780487804878048,0.4694835680751174,0.4903846153846154,,,0.034833659491193714,0.034833659491193714,-0.016230717639168335,-0.05106437713036205,0.004670329670329709,0.004670329670329709,,,True,False,False,True,False,False,True,0.4636363636363636,0.51,0.4789915966386555,0.57
preview::GEO_GSE327581_COSMX_AD_BRAIN::T.cell,preview,GEO_GSE327581_COSMX_AD_BRAIN,T.cell,100,26-100,0.2149532710280373,0.2446808510638298,0.212962962962963,0.2242990654205607,0.2244897959183673,0.2325581395348837,,,0.02972758003579251,0.020381785643269118,0.009536524890329995,-0.020191055145462516,0.017604868506846394,0.013259893920848698,,,True,False,True,True,False,False,False,0.2017543859649122,0.23,0.2613636363636363,0.23
preview::GEO_GSE327581_COSMX_AD_BRAIN::Tanycytes,preview,GEO_GSE327581_COSMX_AD_BRAIN,Tanycytes,100,26-100,0.4025157232704403,0.4177215189873418,0.3949044585987261,0.4025157232704403,0.3926380368098159,0.3875,,,0.015205795716901505,0.015205795716901505,-0.009877686460624369,-0.025083482177525873,-0.015015723270440262,-0.019907407407407263,,,True,False,False,True,False,False,False,0.5423728813559322,0.32,0.5689655172413793,0.33
preview::GEO_GSE327581_COSMX_AD_BRAIN::Telencephalon.inhibitory.neurons,preview,GEO_GSE327581_COSMX_AD_BRAIN,Telencephalon.inhibitory.neurons,100,26-100,0.4916201117318435,0.5966850828729282,0.4886363636363636,0.4916201117318435,0.5792349726775956,0.5303867403314917,,,0.1050649711410847,0.1050649711410847,0.0876148609457521,-0.017450110195332602,0.03876662859964819,-0.0029465930018415243,,,True,False,False,True,False,True,False,0.5569620253164557,0.44,0.6666666666666666,0.54
preview::GEO_GSE327581_COSMX_AD_BRAIN::Vascular.endothelial.cells,preview,GEO_GSE327581_COSMX_AD_BRAIN,Vascular.endothelial.cells,100,26-100,0.5249169435215947,0.5401459854014597,0.5252525252525252,0.5249169435215947,0.5208333333333333,0.5252525252525252,,,0.015229041879865068,0.014893460148934556,-0.004083610188261422,-0.01931265206812649,0.000335581730930512,0.000335581730930512,,,True,False,False,True,False,False,False,0.3930348258706467,0.79,0.425287356321839,0.74
preview::GEO_GSE327581_COSMX_AD_BRAIN::Vascular.leptomeningeal.cells,preview,GEO_GSE327581_COSMX_AD_BRAIN,Vascular.leptomeningeal.cells,100,26-100,0.7236180904522613,0.7149758454106279,0.72,0.7093596059113302,0.7422680412371133,0.72,,,-0.008642245041633467,-0.008642245041633467,0.018649950784851987,0.018649950784851987,-0.0036180904522613577,-0.0036180904522613577,,,False,True,False,False,False,True,False,0.7272727272727273,0.72,0.6915887850467289,0.74
preview::GEO_GSE327581_COSMX_AD_BRAIN::Vascular.smooth.muscle.cells,preview,GEO_GSE327581_COSMX_AD_BRAIN,Vascular.smooth.muscle.cells,100,26-100,0.5874999999999999,0.5662650602409639,0.5911949685534592,0.5949367088607594,0.6134969325153374,0.6086956521739131,,,-0.02123493975903601,-0.028671648619795542,0.025996932515337523,0.01856022365457799,0.02119565217391317,-0.0010604453870625141,,,False,True,False,False,True,True,False,0.7833333333333333,0.47,0.7121212121212122,0.47
preview::GEO_GSE333737_MERSCOPE_PANCREAS_VASCULAR::Endothelial Cells,preview,GEO_GSE333737_MERSCOPE_PANCREAS_VASCULAR,Endothelial Cells,600,501-1000,0.8209285187914518,0.8211920529801325,0.8179148311306901,0.8185840707964602,0.8248337028824834,0.8286140089418778,,,0.0002635341886807474,0.0002635341886807474,0.003905184091031577,0.0036416499023508297,0.0076854901504259665,0.005697342275211126,,,False,False,False,False,False,False,False,0.7357992073976222,0.9283333333333332,0.7351778656126482,0.93
preview::GEO_GSE333737_MERSCOPE_PANCREAS_VASCULAR::Fibroblasts,preview,GEO_GSE333737_MERSCOPE_PANCREAS_VASCULAR,Fibroblasts,600,501-1000,0.7502088554720133,0.754180602006689,0.7460449625312239,0.7493755203996668,0.7445742904841401,0.7508361204013377,,,0.003971746534675691,0.003971746534675691,-0.005634564987873181,-0.009606311522548872,0.0006272649293244115,0.0006272649293244115,,,False,False,False,False,False,False,False,0.7520938023450586,0.7483333333333333,0.7567114093959731,0.7516666666666667
preview::GEO_GSE333737_MERSCOPE_PANCREAS_VASCULAR::Islet-associated Fibroblasts,preview,GEO_GSE333737_MERSCOPE_PANCREAS_VASCULAR,Islet-associated Fibroblasts,600,501-1000,0.7490974729241876,0.7466185752930569,0.7447774750227066,0.7438914027149323,0.7450628366247756,0.7457627118644068,,,-0.0024788976311307387,-0.0024788976311307387,-0.004034636299412031,-0.004034636299412031,-0.003334761059780811,-0.003334761059780811,,,False,False,False,False,False,False,False,0.8169291338582677,0.6916666666666667,0.8133595284872298,0.69
preview::GEO_GSE333737_MERSCOPE_PANCREAS_VASCULAR::Pericytes,preview,GEO_GSE333737_MERSCOPE_PANCREAS_VASCULAR,Pericytes,600,501-1000,0.7065026362038666,0.698943661971831,0.7024647887323945,0.6977152899824253,0.7048458149779735,0.7046450482033304,,,-0.0075589742320355535,-0.0075589742320355535,-0.001656821225893057,-0.001656821225893057,-0.0018575880005361478,-0.0018575880005361478,,,False,False,False,False,False,False,False,0.7472118959107806,0.67,0.7406716417910447,0.6616666666666666
preview::GSE202623_LESION::Astrocytes,preview,GSE202623_LESION,Astrocytes,387,101-500,0.9006451612903226,0.9041450777202072,0.9034749034749034,0.896551724137931,0.8894601542416453,0.8994845360824743,,,0.0034999164298846752,0.0006701742453038007,-0.011185007048677309,-0.014684923478561984,-0.0011606252078483204,-0.0011606252078483204,,,False,False,False,False,False,False,True,0.8994845360824743,0.9018087855297158,0.9064935064935064,0.9018087855297158
preview::GSE202623_LESION::Endothelial,preview,GSE202623_LESION,Endothelial,65,26-100,0.5700934579439253,0.6519337016574585,0.5825242718446603,0.5687203791469193,0.6,0.5581395348837209,,,0.08184024371353316,0.06940942981279818,0.02990654205607468,-0.051933701657458475,-0.011953923060204374,-0.011953923060204374,,,True,False,False,True,False,True,False,0.4093959731543624,0.9384615384615383,0.5086206896551724,0.9076923076923076
preview::GSE202623_LESION::Microglia,preview,GSE202623_LESION,Microglia,1267,>1000,0.7207565953210552,0.7380835380835382,0.7296094908551656,0.7270926201089647,0.7268220128904312,0.7172827172827173,,,0.017326942762483033,0.008474047228372639,0.006065417569376064,-0.01126152519310697,-0.0034738780383378742,-0.0034738780383378742,,,False,False,False,True,False,False,False,0.9757412398921832,0.5714285714285714,0.9778645833333334,0.5927387529597474
preview::GSE202623_LESION::OPCs,preview,GSE202623_LESION,OPCs,105,101-500,0.5934718100890207,0.5609065155807366,0.5970149253731344,0.6042296072507554,0.6042296072507554,0.6024096385542168,,,-0.03256529450828416,-0.0433230916700188,0.010757797161734639,0.0,0.008937828465196085,0.0,,,False,False,False,False,True,True,False,0.4310344827586206,0.9523809523809524,0.3991935483870967,0.9428571428571428
preview::GSE202623_LESION::Oligodendrocyte,preview,GSE202623_LESION,Oligodendrocyte,506,501-1000,0.8586497890295359,0.872651356993737,0.8701161562829989,0.8589473684210526,0.869198312236287,0.8637316561844863,,,0.014001567964201045,0.0025352007107380947,0.010548523206751037,-0.003453044757450008,0.0050818671549504035,0.0014813933033085425,,,False,False,False,True,False,True,False,0.920814479638009,0.8043478260869565,0.9247787610619468,0.8260869565217391
preview::GSE202623_LESION::Pericytes,preview,GSE202623_LESION,Pericytes,31,26-100,0.4444444444444445,0.4536082474226804,0.42,0.4313725490196078,0.4489795918367347,0.4444444444444445,,,0.009163802978235935,0.009163802978235935,0.0045351473922902175,-0.004628655585945718,0.0,0.0,,,False,False,False,False,False,False,False,0.3235294117647059,0.7096774193548387,0.3333333333333333,0.7096774193548387
preview::GSE202623_LESION::T-cells,preview,GSE202623_LESION,T-cells,87,26-100,0.4250871080139372,0.4115523465703971,0.4055944055944055,0.4295774647887324,0.4152249134948096,0.4192439862542955,,,-0.0135347614435401,-0.0180251182183353,-0.009862194519127565,-0.014352551293922766,-0.0058431217596416896,-0.0058431217596416896,,,False,False,False,False,True,False,False,0.305,0.7011494252873564,0.3,0.6551724137931034
preview::GSE202623_LESION::VLMC,preview,GSE202623_LESION,VLMC,37,26-100,0.1727574750830564,0.1818181818181818,0.1756756756756756,0.1793103448275862,0.174757281553398,0.1794019933554817,,,0.009060706735125407,0.002507836990595591,0.0019998064703416196,-0.007060900264783787,0.0066445182724253204,0.006068660022148398,,,False,False,False,False,False,False,False,0.0984848484848484,0.7027027027027027,0.1038461538461538,0.7297297297297297
preview::SQUIDPY_IMC::CK low HR low tumor cell,preview,SQUIDPY_IMC,CK low HR low tumor cell,48,26-100,0.1767441860465116,0.1658536585365853,0.1588785046728972,0.1611374407582938,0.167487684729064,0.160377358490566,,,-0.010890527509926307,-0.010890527509926307,-0.009256501317447596,-0.009256501317447596,-0.016366827555945596,-0.016366827555945596,,,False,False,False,False,True,False,False,0.1137724550898203,0.3958333333333333,0.10828025477707,0.3541666666666667
preview::SQUIDPY_IMC::CK+ HR+ tumor cell,preview,SQUIDPY_IMC,CK+ HR+ tumor cell,69,26-100,0.4413145539906103,0.4637681159420289,0.4413145539906103,0.4563106796116505,0.4285714285714286,0.4558139534883721,,,0.022453561951418566,0.007457436330378375,-0.012743125419181711,-0.03519668737060028,0.0144993994977618,0.01136950904392764,,,False,False,True,True,False,False,True,0.3263888888888889,0.6811594202898551,0.3478260869565217,0.6956521739130435
preview::SQUIDPY_IMC::T cells,preview,SQUIDPY_IMC,T cells,290,101-500,0.2550724637681159,0.2507288629737609,0.2448979591836734,0.2543352601156069,0.2528735632183908,0.1933534743202416,,,-0.004343600794354974,-0.004343600794354974,-0.0021989005497251024,-0.0021989005497251024,-0.06171898944787427,-0.06171898944787427,,,False,False,False,False,False,False,False,0.8,0.1517241379310344,0.8113207547169812,0.1482758620689655
preview::SQUIDPY_IMC::apoptotic tumor cell,preview,SQUIDPY_IMC,apoptotic tumor cell,300,101-500,0.3068493150684931,0.3163538873994638,0.2936288088642659,0.3027027027027027,0.4040920716112532,0.3404255319148936,,,0.009504572330970684,0.009504572330970684,0.0972427565427601,0.08773818421178942,0.0335762168464005,-0.0025823836523886645,,,False,True,False,False,False,True,False,0.8615384615384616,0.1866666666666666,0.8082191780821918,0.1966666666666666
preview::SQUIDPY_IMC::basal CK tumor cell,preview,SQUIDPY_IMC,basal CK tumor cell,300,101-500,0.673728813559322,0.6694560669456068,0.6721649484536082,0.670859538784067,0.680672268907563,0.6977687626774848,,,-0.004272746613715239,-0.004272746613715239,0.006943455348241034,0.006943455348241034,0.024039949118162762,-0.005261540352818228,,,False,False,False,False,False,False,False,0.9244186046511628,0.53,0.898876404494382,0.5333333333333333
preview::SQUIDPY_IMC::endothelial,preview,SQUIDPY_IMC,endothelial,83,26-100,0.551440329218107,0.5425101214574899,0.5560165975103735,0.5726141078838174,0.5551020408163265,0.5407407407407406,,,-0.008930207760617148,-0.0301039864263275,0.003661711598219486,-0.017512067067490866,-0.010699588477366406,-0.021759259259259478,,,False,False,False,False,False,False,False,0.41875,0.8072289156626506,0.4085365853658536,0.8072289156626506
preview::SQUIDPY_IMC::macrophages,preview,SQUIDPY_IMC,macrophages,227,101-500,0.6445497630331753,0.6318289786223278,0.6462264150943396,0.6442307692307693,0.6255924170616115,0.641255605381166,,,-0.012720784410847563,-0.01439743647201186,-0.018957345971563844,-0.02063399803272814,-0.003294157652009355,-0.0037559955469083084,,,False,False,False,False,True,False,True,0.6974358974358974,0.5991189427312775,0.6855670103092784,0.5859030837004405
preview::SQUIDPY_IMC::p53+ EGFR+ tumor cell,preview,SQUIDPY_IMC,p53+ EGFR+ tumor cell,158,101-500,0.0119760479041916,0.0121212121212121,0.0119047619047619,,0.0119047619047619,0.034090909090909,,,0.00014516421702050024,0.00014516421702050024,-7.128599942969951e-05,-0.00021645021645019975,0.022114861186717398,0.011363636363636298,,,False,False,True,False,False,False,False,0.1111111111111111,0.0063291139240506,0.1428571428571428,0.0063291139240506
preview::SQUIDPY_IMC::proliferative tumor cell,preview,SQUIDPY_IMC,proliferative tumor cell,110,101-500,0.2571428571428571,0.2540322580645161,0.268595041322314,0.2601626016260163,0.2703862660944206,0.2764578833693304,,,-0.003110599078340992,-0.014562783257797862,0.013243408951563507,0.0017912247721066366,0.019315026226473297,-0.0018029861958869797,,,False,False,False,False,False,True,False,0.1657894736842105,0.5727272727272728,0.1632124352331606,0.5727272727272728
preview::SQUIDPY_IMC::small elongated stromal cell,preview,SQUIDPY_IMC,small elongated stromal cell,83,26-100,0.303030303030303,0.3,0.3172804532577903,0.3038674033149172,0.2958904109589041,0.3081761006289308,,,-0.0030303030303029943,-0.017280453257790318,-0.007139892071398868,-0.02139004229888619,0.0051457975986278215,-0.004508265152780078,,,False,False,False,False,False,False,False,0.1964285714285714,0.6626506024096386,0.1949458483754512,0.6506024096385542
preview::SQUIDPY_IMC::vimentin hi stromal cell,preview,SQUIDPY_IMC,vimentin hi stromal cell,76,26-100,0.3937823834196891,0.3937823834196891,0.3762376237623762,0.41,0.3917525773195875,0.3617021276595744,,,0.0,-0.0162176165803109,-0.002029806100101561,-0.018247422680412462,-0.032080255760114695,-0.032080255760114695,,,False,False,False,False,False,False,False,0.3247863247863248,0.5,0.3247863247863248,0.5
preview::SQUIDPY_MERFISH::Astrocyte,preview,SQUIDPY_MERFISH,Astrocyte,300,101-500,0.8533333333333333,0.8571428571428571,0.8520710059171598,0.8533333333333333,0.8545994065281898,0.8579970104633782,,,0.003809523809523818,0.003809523809523818,0.0012660731948564985,-0.0025434506146673197,0.0046636771300448965,0.002127768264269858,,,False,False,False,False,False,False,False,0.768,0.96,0.7741935483870968,0.96
preview::SQUIDPY_MERFISH::Endothelial 1,preview,SQUIDPY_MERFISH,Endothelial 1,300,101-500,0.8343195266272189,0.8392857142857143,0.8330871491875923,0.8294117647058823,0.8430493273542602,0.8545454545454546,,,0.004966187658495436,0.004966187658495436,0.008729800727041326,0.00376361306854589,0.020225927918235742,0.0,,,False,False,False,False,False,False,False,0.75,0.94,0.7580645161290323,0.94
preview::SQUIDPY_MERFISH::Endothelial 2,preview,SQUIDPY_MERFISH,Endothelial 2,300,101-500,0.7066115702479339,0.7389558232931727,0.7066115702479339,0.7145790554414784,0.732394366197183,0.752988047808765,,,0.0323442530452388,0.024376767851694292,0.02578279594924915,-0.006561457095989653,0.046376477560831186,0.01698804780876495,,,True,False,True,True,False,True,False,0.9293478260869564,0.57,0.9292929292929292,0.6133333333333333
preview::SQUIDPY_MERFISH::Endothelial 3,preview,SQUIDPY_MERFISH,Endothelial 3,300,101-500,0.826241134751773,0.8256227758007118,0.827708703374778,0.823529411764706,0.8324514991181658,0.8400702987697714,,,-0.0006183589510612153,-0.0020859275740662264,0.006210364366392884,0.004742795743387873,0.013829164017998385,-0.004452669428108513,,,False,False,False,False,False,False,False,0.8825757575757576,0.7766666666666666,0.8854961832061069,0.7733333333333333
preview::SQUIDPY_MERFISH::Ependymal,preview,SQUIDPY_MERFISH,Ependymal,300,101-500,0.9688013136288998,0.9672131147540984,0.9671052631578948,0.9686985172981878,0.9672131147540984,0.9673202614379084,,,-0.0015881988748013276,-0.0015881988748013276,-0.0015881988748013276,-0.0015881988748013276,-0.001481052190991372,-0.001481052190991372,,,False,False,False,False,False,False,False,0.9546925566343042,0.9833333333333332,0.9516129032258064,0.9833333333333332
preview::SQUIDPY_MERFISH::Excitatory,preview,SQUIDPY_MERFISH,Excitatory,300,101-500,0.8460342146189735,0.846875,0.8460342146189735,0.8486739469578783,0.8508634222919936,0.846875,,,0.0008407853810264987,-0.0017989469578783002,0.004829207673020086,0.0021894753341152873,0.0008407853810264987,-0.0039884222919935874,,,False,False,False,False,False,False,False,0.793002915451895,0.9066666666666666,0.7970588235294118,0.9033333333333332
preview::SQUIDPY_MERFISH::Inhibitory,preview,SQUIDPY_MERFISH,Inhibitory,300,101-500,0.811292719167905,0.8100890207715133,0.8107302533532041,0.8059259259259258,0.8136094674556212,0.8113772455089822,,,-0.0012036983963916725,-0.0012036983963916725,0.0023167482877162193,0.0023167482877162193,8.452634107714019e-05,-0.0053142597071133,,,False,False,False,False,False,False,False,0.7319034852546917,0.91,0.7299465240641712,0.91
preview::SQUIDPY_MERFISH::Microglia,preview,SQUIDPY_MERFISH,Microglia,300,101-500,0.8688524590163934,0.8741721854304636,0.867430441898527,0.8688524590163934,0.8745874587458746,0.8712871287128714,,,0.005319726414070192,0.005319726414070192,0.005734999729481216,0.0004152733154110244,0.002434669696477987,0.002434669696477987,,,False,False,False,False,False,False,False,0.8548387096774194,0.8833333333333333,0.868421052631579,0.88
preview::SQUIDPY_MERFISH::OD Immature 1,preview,SQUIDPY_MERFISH,OD Immature 1,300,101-500,0.8960573476702509,0.8940754039497307,0.8960573476702509,0.8940754039497307,0.8940754039497307,0.8976660682226212,,,-0.001981943720520185,-0.001981943720520185,-0.001981943720520185,-0.001981943720520185,0.0016087205523702686,-0.007521767197772422,,,False,False,False,False,False,False,False,0.9689922480620154,0.8333333333333334,0.9688715953307392,0.83
preview::SQUIDPY_MERFISH::OD Immature 2,preview,SQUIDPY_MERFISH,OD Immature 2,91,26-100,0.484375,0.4923076923076923,0.484375,0.484375,0.4885496183206107,0.5294117647058824,,,0.00793269230769228,0.00793269230769228,0.0041746183206107235,-0.003758073987081556,0.04503676470588236,-0.021312872975277064,,,False,False,False,False,False,False,False,0.8378378378378378,0.3406593406593406,0.8205128205128205,0.3516483516483517
preview::SQUIDPY_MERFISH::OD Mature 1,preview,SQUIDPY_MERFISH,OD Mature 1,300,101-500,0.39119804400978,0.3851851851851852,0.3891625615763546,0.4228028503562946,0.3811881188118812,0.3932853717026379,,,-0.006012858824594791,-0.03761766517110943,-0.010009925197898784,-0.04161473154441342,0.00208732769285791,-0.04231181799291239,,,False,False,False,False,False,False,True,0.7339449541284404,0.2666666666666666,0.7428571428571429,0.26
preview::SQUIDPY_MERFISH::OD Mature 2,preview,SQUIDPY_MERFISH,OD Mature 2,300,101-500,0.6,0.6069518716577541,0.6055555555555556,0.6127659574468085,0.6024096385542169,0.5849335302806499,,,0.006951871657754127,-0.005814085789054402,0.002409638554216942,-0.010356318892591587,-0.015066469719350106,-0.032536349237422435,,,False,False,False,False,False,False,False,0.5093023255813953,0.73,0.5066964285714286,0.7566666666666667
preview::SQUIDPY_MERFISH::OD Mature 3,preview,SQUIDPY_MERFISH,OD Mature 3,39,26-100,0.3870967741935484,0.4186046511627906,0.3636363636363636,0.3829787234042553,0.4,0.3302752293577982,,,0.03150787696924223,0.03150787696924223,0.012903225806451646,-0.018604651162790586,-0.05682154483575019,-0.05682154483575019,,,True,False,False,True,False,True,False,0.2448979591836734,0.9230769230769232,0.2706766917293233,0.9230769230769232
preview::SQUIDPY_MERFISH::OD Mature 4,preview,SQUIDPY_MERFISH,OD Mature 4,300,101-500,0.802841918294849,0.801418439716312,0.7985865724381626,0.8,0.8007181328545782,0.8069565217391305,,,-0.0014234785785369741,-0.0014234785785369741,-0.002123785440270809,-0.002123785440270809,0.004114603444281495,-0.013733133433283307,,,False,False,False,False,False,False,False,0.8593155893536122,0.7533333333333333,0.8560606060606061,0.7533333333333333
preview::SQUIDPY_MERFISH::Pericytes,preview,SQUIDPY_MERFISH,Pericytes,300,101-500,0.8550724637681159,0.8514492753623188,0.8529945553539019,0.8545454545454546,0.8503649635036497,0.8664259927797834,,,-0.0036231884057970065,-0.0036231884057970065,-0.004707500264466202,-0.004707500264466202,0.01135352901166753,0.005164731518522148,,,False,False,False,False,False,False,False,0.9365079365079364,0.7866666666666666,0.9325396825396826,0.7833333333333333
preview::SQUIDPY_MIBITOF::Endothelial,preview,SQUIDPY_MIBITOF,Endothelial,115,101-500,0.599406528189911,0.6036585365853658,0.5821325648414986,0.6084337349397592,0.6024096385542168,0.6029850746268657,,,0.004252008395454809,-0.0047751983543933285,0.0030031103643057833,-0.006024096385542355,0.003578546436954655,0.003578546436954655,,,False,False,False,False,False,False,False,0.4549549549549549,0.8782608695652174,0.4647887323943662,0.8608695652173913
preview::SQUIDPY_MIBITOF::Epithelial,preview,SQUIDPY_MIBITOF,Epithelial,300,101-500,0.7713125845737483,0.7599999999999999,0.753968253968254,0.7636849132176236,0.7644683714670255,0.7624161073825504,,,-0.011312584573748397,-0.011312584573748397,-0.006844213106722785,-0.006844213106722785,-0.008896477191197905,-0.026073101250543185,,,False,False,False,False,True,False,False,0.6492027334851936,0.95,0.6333333333333333,0.95
preview::SQUIDPY_MIBITOF::Fibroblast,preview,SQUIDPY_MIBITOF,Fibroblast,270,101-500,0.6479338842975206,0.6612641815235007,0.6287625418060201,0.672077922077922,0.6611570247933883,0.6688632619439869,,,0.013330297225980114,-0.010813740554421303,0.013223140495867702,-0.010920897284533715,0.020929377646466296,-2.1929403766884903e-05,,,False,False,False,True,False,True,False,0.5850746268656717,0.725925925925926,0.5878962536023055,0.7555555555555555
preview::SQUIDPY_MIBITOF::Imm_other,preview,SQUIDPY_MIBITOF,Imm_other,300,101-500,0.2846153846153846,0.2601941747572815,0.2579365079365079,0.2846153846153846,0.2723735408560311,0.2824858757062147,,,-0.024421209858103088,-0.024421209858103088,-0.012241843759353499,-0.012241843759353499,-0.002129508909169908,-0.002706080418099721,,,False,False,False,False,True,False,True,0.3363636363636363,0.2466666666666666,0.3116279069767442,0.2233333333333333
preview::SQUIDPY_MIBITOF::Myeloid_CD11c,preview,SQUIDPY_MIBITOF,Myeloid_CD11c,168,101-500,0.3003412969283276,0.2857142857142857,0.2933333333333333,0.295774647887324,0.2920634920634921,0.2819672131147541,,,-0.014627011214041918,-0.014627011214041918,-0.008277804864835536,-0.008277804864835536,-0.018374083813573527,-0.018374083813573527,,,False,False,False,False,True,False,False,0.352,0.2619047619047619,0.3233082706766917,0.2559523809523809
preview::SQUIDPY_MIBITOF::Myeloid_CD68,preview,SQUIDPY_MIBITOF,Myeloid_CD68,259,101-500,0.5415860735009672,0.5229540918163673,0.5291828793774318,0.5440313111545989,0.5150905432595574,0.5139442231075697,,,-0.018631981684599896,-0.02107721933823159,-0.026495530241409826,-0.02894076789504152,-0.027641850393397505,-0.027641850393397505,,,False,False,False,False,True,False,True,0.5426356589147286,0.5405405405405406,0.5413223140495868,0.5057915057915058
preview::SQUIDPY_MIBITOF::Tcell_CD4,preview,SQUIDPY_MIBITOF,Tcell_CD4,300,101-500,0.3277108433734939,0.3285024154589371,0.3188405797101449,0.3230403800475059,0.323671497584541,0.348235294117647,,,0.0007915720854432262,0.0007915720854432262,-0.004039345788952875,-0.004830917874396101,0.0205244507441531,-0.03812834224598932,,,False,False,False,False,False,False,False,0.591304347826087,0.2266666666666666,0.5964912280701754,0.2266666666666666
preview::SQUIDPY_MIBITOF::Tcell_CD8,preview,SQUIDPY_MIBITOF,Tcell_CD8,300,101-500,0.6622073578595319,0.6655518394648828,0.653130287648054,0.646362098138748,0.6622516556291391,0.6585365853658537,,,0.0033444816053509463,0.0033444816053509463,4.429776960723775e-05,-0.0033001838357437085,-0.0036707724936781982,-0.0036707724936781982,,,False,False,False,False,False,False,False,0.6644295302013423,0.66,0.6677852348993288,0.6633333333333333
preview::SQUIDPY_SEQFISH::Allantois,preview,SQUIDPY_SEQFISH,Allantois,77,26-100,0.2146892655367231,0.2333333333333333,0.2222222222222222,0.2159090909090908,0.2346368715083799,0.2333333333333333,,,0.01864406779661021,0.0111111111111111,0.01994760597165679,0.0013035381750465813,0.01864406779661021,-0.002621722846441882,,,True,False,False,True,False,True,False,0.19,0.2467532467532467,0.203883495145631,0.2727272727272727
preview::SQUIDPY_SEQFISH::Anterior somitic tissues,preview,SQUIDPY_SEQFISH,Anterior somitic tissues,112,101-500,0.2819383259911894,0.2641509433962264,0.2831858407079646,0.2807017543859649,0.2946428571428571,0.296943231441048,,,-0.017787382594962986,-0.019034897311738186,0.012704531151667697,0.011457016434892497,0.015004905449858608,-0.0047809064899864695,,,False,True,False,False,True,True,False,0.2782608695652174,0.2857142857142857,0.28,0.25
preview::SQUIDPY_SEQFISH::Cardiomyocytes,preview,SQUIDPY_SEQFISH,Cardiomyocytes,300,101-500,0.9211356466876972,0.9178294573643412,0.9230769230769232,0.9173166926677068,0.9230769230769232,0.9289099526066352,,,-0.0033061893233560236,-0.005247465712582056,0.001941276389226032,0.0,0.007774305918938018,0.0,,,False,False,False,False,False,False,False,0.874251497005988,0.9733333333333334,0.8579710144927536,0.9866666666666668
preview::SQUIDPY_SEQFISH::Cranial mesoderm,preview,SQUIDPY_SEQFISH,Cranial mesoderm,300,101-500,0.8025889967637541,0.8013136288998357,0.8038897893030794,0.8038897893030794,0.8032258064516129,0.8038897893030794,,,-0.001275367863918353,-0.00257616040324371,0.0006368096878588414,-0.0006639828514665158,0.0013007925393253572,0.0013007925393253572,,,False,False,False,False,False,False,False,0.779874213836478,0.8266666666666667,0.7896440129449838,0.8133333333333334
preview::SQUIDPY_SEQFISH::Definitive endoderm,preview,SQUIDPY_SEQFISH,Definitive endoderm,213,101-500,0.7958333333333332,0.807531380753138,0.7974947807933195,0.8016877637130803,0.7983367983367983,0.7934560327198364,,,0.011698047419804847,0.005843617040057758,0.0025034650034650996,-0.009194582416339747,-0.0023773006134967245,-0.00821411341795053,,,False,False,False,True,False,False,False,0.7153558052434457,0.8967136150234741,0.7283018867924528,0.9061032863849764
preview::SQUIDPY_SEQFISH::Dermomyotome,preview,SQUIDPY_SEQFISH,Dermomyotome,300,101-500,0.4500745156482861,0.4766355140186916,0.4500745156482861,0.4534534534534534,0.4518072289156626,0.4590163934426229,,,0.026560998370405486,0.023182060565238194,0.0017327132673765067,-0.02482828510302898,0.008941877794336806,0.006920585059389417,,,True,False,False,True,False,False,False,0.4070080862533692,0.5033333333333333,0.4473684210526316,0.51
preview::SQUIDPY_SEQFISH::Endothelium,preview,SQUIDPY_SEQFISH,Endothelium,300,101-500,0.6220735785953178,0.5719489981785063,0.6205733558178752,0.6195286195286195,0.6133333333333333,0.6210350584307178,,,-0.05012458041681145,-0.05012458041681145,-0.00874024526198447,-0.00874024526198447,-0.001038520164599932,-0.006871918313468228,,,False,False,False,False,True,False,False,0.6241610738255033,0.62,0.6305220883534136,0.5233333333333333
preview::SQUIDPY_SEQFISH::Erythroid,preview,SQUIDPY_SEQFISH,Erythroid,300,101-500,0.899248120300752,0.94770206022187,0.9157733537519142,0.9006024096385542,0.9129770992366412,0.9157733537519142,,,0.04845393992111802,0.031928706469955825,0.013728978935889202,-0.034724960985228814,0.01652523345116219,0.015170944113359952,,,True,False,True,True,False,True,False,0.8191780821917808,0.9966666666666668,0.9033232628398792,0.9966666666666668
preview::SQUIDPY_SEQFISH::Forebrain/Midbrain/Hindbrain,preview,SQUIDPY_SEQFISH,Forebrain/Midbrain/Hindbrain,300,101-500,0.8183254344391786,0.8279069767441859,0.8275862068965518,0.8214849921011058,0.8188976377952756,0.8233438485804416,,,0.009581542305007296,0.00032076984763407257,0.0005722033560969786,-0.009009338948910317,0.005018414141263028,0.005018414141263028,,,False,False,False,False,False,False,False,0.7777777777777778,0.8633333333333333,0.7739130434782608,0.89
preview::SQUIDPY_SEQFISH::Gut tube,preview,SQUIDPY_SEQFISH,Gut tube,300,101-500,0.7836456558773425,0.8125,0.7842465753424657,0.7925801011804384,0.7808219178082192,0.7855917667238422,,,0.028854344122657527,0.019919898819561577,-0.0028237380691232827,-0.03167808219178081,0.00194611084649976,-0.0020794661528701353,,,True,False,False,True,False,False,False,0.8013937282229965,0.7666666666666667,0.8478260869565217,0.78
preview::SQUIDPY_SEQFISH::Haematoendothelial progenitors,preview,SQUIDPY_SEQFISH,Haematoendothelial progenitors,300,101-500,0.466786355475763,0.4670050761421319,0.4695340501792114,0.4689165186500887,0.4500907441016334,0.4584837545126354,,,0.00021872066636885457,-0.0025289740370795233,-0.016695611374129615,-0.019443306077577993,-0.008302600963127627,-0.008302600963127627,,,False,False,False,False,False,False,True,0.5058365758754864,0.4333333333333333,0.4742268041237113,0.46
preview::SQUIDPY_SEQFISH::Intermediate mesoderm,preview,SQUIDPY_SEQFISH,Intermediate mesoderm,300,101-500,0.3171247357293869,0.3169164882226981,0.3171247357293869,0.3184713375796178,0.3169164882226981,0.3312101910828025,,,-0.00020824750668879677,-0.0015548493569197408,-0.00020824750668879677,-0.0015548493569197408,0.014085455353415599,-0.001430141557530129,,,False,False,False,False,False,False,False,0.4335260115606936,0.25,0.4431137724550898,0.2466666666666666
preview::SQUIDPY_SEQFISH::Lateral plate mesoderm,preview,SQUIDPY_SEQFISH,Lateral plate mesoderm,300,101-500,0.6124818577648767,0.6228070175438596,0.6107091172214183,0.6178623718887262,0.6182873730043541,0.6118326118326118,,,0.01032515977898285,0.004944645655133417,0.005805515239477366,-0.004519644539505485,-0.0006492459322648969,-0.0006492459322648969,,,False,False,False,True,False,False,False,0.5424164524421594,0.7033333333333334,0.5546875,0.71
preview::SQUIDPY_SEQFISH::Mixed mesenchymal mesoderm,preview,SQUIDPY_SEQFISH,Mixed mesenchymal mesoderm,300,101-500,0.7175843694493783,0.7050359712230216,0.7056737588652482,0.7096774193548386,0.7234042553191491,0.7145421903052064,,,-0.012548398226356672,-0.012548398226356672,0.00581988586977078,0.00581988586977078,-0.0030421791441719304,-0.0030421791441719304,,,False,False,False,False,True,False,False,0.7680608365019012,0.6733333333333333,0.765625,0.6533333333333333
preview::SQUIDPY_SEQFISH::NMP,preview,SQUIDPY_SEQFISH,NMP,109,101-500,0.1916666666666666,0.2047244094488188,0.1916666666666666,0.1848739495798319,0.1893004115226337,0.1974248927038626,,,0.013057742782152215,0.013057742782152215,-0.0023662551440329083,-0.015423997926185123,0.0057582260371960015,0.0033320656996431997,,,True,False,False,True,False,False,False,0.1755725190839694,0.2110091743119266,0.1793103448275862,0.2385321100917431
preview::SQUIDPY_SEQFISH::Neural crest,preview,SQUIDPY_SEQFISH,Neural crest,300,101-500,0.805704099821747,0.8216783216783216,0.807829181494662,0.807829181494662,0.8113879003558718,0.8146853146853145,,,0.0159742218565746,0.01384914018365957,0.005683800534124872,-0.010290421322449728,0.00898121486356751,0.00898121486356751,,,True,False,False,True,False,False,False,0.8659003831417624,0.7533333333333333,0.8639705882352942,0.7833333333333333
preview::SQUIDPY_SEQFISH::Presomitic mesoderm,preview,SQUIDPY_SEQFISH,Presomitic mesoderm,300,101-500,0.4472049689440994,0.5724907063197026,0.4634146341463414,0.4693877551020408,0.4708249496981891,0.4817813765182186,,,0.12528573737560317,0.10310295121766178,0.02361998075408972,-0.10166575662151345,0.03457640757411923,0.019613687356664522,,,True,False,True,True,False,True,False,0.5901639344262295,0.36,0.6470588235294118,0.5133333333333333
preview::SQUIDPY_SEQFISH::Sclerotome,preview,SQUIDPY_SEQFISH,Sclerotome,78,26-100,0.277992277992278,0.2777777777777777,0.2758620689655172,0.2769230769230769,0.275092936802974,0.2769230769230769,,,-0.00021450021450031276,-0.00021450021450031276,-0.0028993411893040166,-0.0028993411893040166,-0.001069201069201109,-0.001069201069201109,,,False,False,False,False,False,False,False,0.1988950276243093,0.4615384615384615,0.1904761904761904,0.5128205128205128
preview::SQUIDPY_SEQFISH::Spinal cord,preview,SQUIDPY_SEQFISH,Spinal cord,300,101-500,0.4399999999999999,0.4404040404040404,0.4448897795591182,0.4514851485148515,0.4578313253012048,0.4668008048289738,,,0.00040404040404051766,-0.011081108110811089,0.017831325301204903,0.006346176786353297,0.0268008048289739,0.01922015966768348,,,False,False,True,False,False,True,False,0.55,0.3666666666666666,0.558974358974359,0.3633333333333333
preview::SQUIDPY_SEQFISH::Splanchnic mesoderm,preview,SQUIDPY_SEQFISH,Splanchnic mesoderm,300,101-500,0.7927031509121061,0.8087248322147651,0.7953410981697171,0.7927031509121061,0.8080133555926545,0.8046357615894039,,,0.01602168130265902,0.013383734045048001,0.015310204680548445,-0.0007114766221105739,0.011932610677297784,0.011932610677297784,,,True,False,True,True,False,True,False,0.7887788778877888,0.7966666666666666,0.8141891891891891,0.8033333333333333
preview::SQUIDPY_SEQFISH::Surface ectoderm,preview,SQUIDPY_SEQFISH,Surface ectoderm,300,101-500,0.8178571428571428,0.8280701754385965,0.8228980322003578,0.815742397137746,0.8178571428571428,0.8216216216216216,,,0.010213032581453674,0.005172143238238669,0.0,-0.010213032581453674,0.003764478764478718,0.0,,,False,False,False,True,False,False,False,0.8807692307692307,0.7633333333333333,0.8740740740740741,0.7866666666666666
preview::SQUIDPY_SLIDESEQV2::Astrocytes,preview,SQUIDPY_SLIDESEQV2,Astrocytes,200,101-500,0.4046511627906977,0.4028103044496487,0.4055944055944056,0.397196261682243,0.3981042654028436,0.4018475750577366,,,-0.0018408583410489676,-0.002784101144756912,-0.006546897387854078,-0.0074901401915620225,-0.002803587732961077,-0.002803587732961077,,,False,False,False,False,False,False,False,0.3782608695652174,0.435,0.3788546255506608,0.43
preview::SQUIDPY_SLIDESEQV2::CA1_CA2_CA3_Subiculum,preview,SQUIDPY_SLIDESEQV2,CA1_CA2_CA3_Subiculum,200,101-500,0.3785310734463276,0.3774647887323943,0.3724928366762178,0.3728813559322034,0.3703703703703704,0.3625730994152046,,,-0.0010662847139332743,-0.0010662847139332743,-0.008160703075957176,-0.008160703075957176,-0.01595797403112298,-0.01595797403112298,,,False,False,False,False,False,False,False,0.435064935064935,0.335,0.432258064516129,0.335
preview::SQUIDPY_SLIDESEQV2::DentatePyramids,preview,SQUIDPY_SLIDESEQV2,DentatePyramids,200,101-500,0.245125348189415,0.2506963788300835,0.25,0.2575342465753425,0.2644628099173553,0.2699724517906336,,,0.005571030640668495,-0.006837867745259019,0.01933746172794032,0.006928563342012806,0.024847103601218612,0.01154548549849882,,,False,False,True,False,False,True,False,0.2767295597484276,0.22,0.2830188679245283,0.225
preview::SQUIDPY_SLIDESEQV2::Endothelial_Stalk,preview,SQUIDPY_SLIDESEQV2,Endothelial_Stalk,200,101-500,0.251497005988024,0.2469879518072289,0.244047619047619,0.2462462462462462,0.2574850299401197,0.2402402402402402,,,-0.004509054180795086,-0.004509054180795086,0.005988023952095689,0.005988023952095689,-0.011256765747783781,-0.014197629582244964,,,False,False,False,False,False,False,False,0.3134328358208955,0.21,0.3106060606060606,0.205
preview::SQUIDPY_SLIDESEQV2::Endothelial_Tip,preview,SQUIDPY_SLIDESEQV2,Endothelial_Tip,200,101-500,0.3618090452261306,0.3609022556390978,0.3618090452261306,0.366412213740458,0.3636363636363636,0.3746835443037974,,,-0.0009067895870328302,-0.005509958101360235,0.001827318410232981,-0.002775850104094424,0.012874499077666801,0.012438646344613724,,,False,False,True,False,False,False,False,0.3636363636363636,0.36,0.3618090452261306,0.36
preview::SQUIDPY_SLIDESEQV2::Ependymal,preview,SQUIDPY_SLIDESEQV2,Ependymal,200,101-500,0.5727069351230424,0.5733333333333334,0.5670329670329671,0.5707964601769911,0.5778781038374718,0.5701943844492441,,,0.0006263982102909793,0.0006263982102909793,0.005171168714429464,0.0045447705041384845,-0.0025125506737982972,-0.010025395770536183,,,False,False,False,False,False,False,False,0.5182186234817814,0.64,0.516,0.645
preview::SQUIDPY_SLIDESEQV2::Interneurons,preview,SQUIDPY_SLIDESEQV2,Interneurons,200,101-500,0.4232365145228216,0.4208333333333333,0.4256198347107439,0.4291666666666667,0.4291666666666667,0.4184100418410041,,,-0.002403181189488346,-0.008333333333333415,0.005930152143845069,0.0,-0.004826472681817517,-0.008090993355683196,,,False,False,False,False,False,False,False,0.3617021276595745,0.51,0.3607142857142857,0.505
preview::SQUIDPY_SLIDESEQV2::Microglia,preview,SQUIDPY_SLIDESEQV2,Microglia,200,101-500,0.4804469273743017,0.4875346260387811,0.4888888888888889,0.4846796657381615,0.4829545454545455,0.4764542936288088,,,0.0070876986644793916,-0.001354262850107757,0.002507618080243801,-0.005934343434343348,-0.003992633745492913,-0.003992633745492913,,,False,False,False,False,False,False,False,0.5443037974683544,0.43,0.546583850931677,0.44
preview::SQUIDPY_SLIDESEQV2::Mural,preview,SQUIDPY_SLIDESEQV2,Mural,200,101-500,0.2160493827160494,0.2167182662538699,0.2160493827160494,0.2153846153846154,0.2317073170731707,0.2134146341463414,,,0.0006688835378204916,0.0006688835378204916,0.01565793435712129,0.014989050819300798,-0.0026347485697079953,-0.003303632107528487,,,False,True,False,False,False,True,False,0.282258064516129,0.175,0.2845528455284553,0.175
preview::SQUIDPY_SLIDESEQV2::Neurogenesis,preview,SQUIDPY_SLIDESEQV2,Neurogenesis,200,101-500,0.2535211267605634,0.2507122507122507,0.2514285714285714,0.2457142857142857,0.2571428571428572,0.25,,,-0.002808876048312703,-0.002808876048312703,0.0036217303822937974,0.0036217303822937974,-0.0035211267605633756,-0.0035211267605633756,,,False,False,False,False,False,False,False,0.2903225806451613,0.225,0.2913907284768212,0.22
preview::SQUIDPY_SLIDESEQV2::Oligodendrocytes,preview,SQUIDPY_SLIDESEQV2,Oligodendrocytes,200,101-500,0.6100519930675911,0.6100519930675911,0.6079447322970639,0.6100519930675911,0.5955249569707401,0.6118881118881119,,,0.0,0.0,-0.01452703609685091,-0.01452703609685091,0.0018361188205208157,-0.005133164707632809,,,False,False,False,False,False,False,True,0.4668435013262599,0.88,0.4668435013262599,0.88
preview::SQUIDPY_SLIDESEQV2::Polydendrocytes,preview,SQUIDPY_SLIDESEQV2,Polydendrocytes,200,101-500,0.3104477611940298,0.3164179104477612,0.2926829268292683,0.3104477611940298,0.3209169054441261,0.2857142857142857,,,0.005970149253731405,0.005970149253731405,0.010469144250096318,0.004498994996364913,-0.024733475479744083,-0.024733475479744083,,,False,False,False,False,False,True,False,0.3851851851851852,0.26,0.3925925925925926,0.265
preview::SQUIDPY_SLIDESEQV2::Subiculum_Entorhinal_cl2,preview,SQUIDPY_SLIDESEQV2,Subiculum_Entorhinal_cl2,200,101-500,0.4403669724770642,0.4373576309794988,0.4393592677345538,0.4403669724770642,0.4347826086956521,0.4449541284403669,,,-0.0030093414975653765,-0.0030093414975653765,-0.005584363781412083,-0.005584363781412083,0.004587155963302725,0.004587155963302725,,,False,False,False,False,False,False,False,0.4067796610169492,0.48,0.401673640167364,0.48
preview::SQUIDPY_SLIDESEQV2::Subiculum_Entorhinal_cl3,preview,SQUIDPY_SLIDESEQV2,Subiculum_Entorhinal_cl3,200,101-500,0.364963503649635,0.3689320388349514,0.3746958637469586,0.3680387409200968,0.3719806763285024,0.3807228915662651,,,0.003968535185316424,-0.0057638249120072205,0.007017172678867423,-0.002715187418456222,0.01575938791663012,0.008742215237762696,,,False,False,False,False,False,False,False,0.3554502369668246,0.375,0.3584905660377358,0.38
preview::SQUIDPY_VISIUM_FLUO::Amygdala,preview,SQUIDPY_VISIUM_FLUO,Amygdala,144,101-500,0.3587443946188341,0.3497267759562841,0.3267326732673267,0.3345195729537366,0.3619909502262443,0.3349282296650717,,,-0.00901761866255002,-0.00901761866255002,0.003246555607410162,0.003246555607410162,-0.02381616495376243,-0.03349282296650724,,,False,False,False,False,False,False,False,0.5063291139240507,0.2777777777777778,0.8205128205128205,0.2222222222222222
preview::SQUIDPY_VISIUM_FLUO::Cortex_1,preview,SQUIDPY_VISIUM_FLUO,Cortex_1,300,101-500,0.5737704918032787,0.7282415630550623,0.6083333333333334,0.7327935222672065,0.6071428571428571,0.6244725738396625,,,0.1544710712517836,-0.004551959212144241,0.033372365339578436,-0.12565066512434941,0.05070208203638382,0.013136541450998518,,,False,False,True,True,False,True,False,0.7446808510638298,0.4666666666666667,0.779467680608365,0.6833333333333333
preview::SQUIDPY_VISIUM_FLUO::Cortex_2,preview,SQUIDPY_VISIUM_FLUO,Cortex_2,267,101-500,0.7038327526132404,0.7726432532347505,0.7411545623836127,0.714548802946593,0.6968641114982579,0.7110332749562172,,,0.06881050062151006,0.03148869085113781,-0.006968641114982521,-0.07577914173649258,0.007200522342976745,-0.004794063173279239,,,True,False,False,True,False,False,False,0.6579804560260586,0.7565543071161048,0.7627737226277372,0.7827715355805244
preview::SQUIDPY_VISIUM_FLUO::Cortex_3,preview,SQUIDPY_VISIUM_FLUO,Cortex_3,232,101-500,0.5860215053763441,0.7325301204819278,0.7103274559193954,0.7695852534562211,0.6299212598425197,0.6891191709844561,,,0.14650861510558366,-0.0370551329742933,0.043899754466175556,-0.1396639936137014,0.10309766560811195,0.04496332682861193,,,False,False,True,True,False,True,False,0.7785714285714286,0.4698275862068966,0.8306010928961749,0.6551724137931034
preview::SQUIDPY_VISIUM_FLUO::Cortex_4,preview,SQUIDPY_VISIUM_FLUO,Cortex_4,229,101-500,0.1610738255033557,0.2616822429906542,0.3131868131868132,0.046692607003891,0.2026143790849673,0.2606232294617563,,,0.10060841748729848,-0.051504570196159005,0.0415405535816116,-0.11057243410184589,0.09954940395840062,0.06454479808920732,,,False,False,True,True,False,True,False,0.3478260869565217,0.1048034934497816,0.4565217391304347,0.1834061135371179
preview::SQUIDPY_VISIUM_FLUO::Cortex_5,preview,SQUIDPY_VISIUM_FLUO,Cortex_5,184,101-500,0.3971119133574007,0.4092409240924092,0.3260869565217391,0.5448717948717949,0.3884892086330936,0.4086021505376344,,,0.012129010735008494,-0.13563087077938574,-0.008622704724307095,-0.15638258623870133,0.011490237180233676,0.004346831388698291,,,False,False,False,True,False,False,False,0.5913978494623656,0.2989130434782608,0.5210084033613446,0.3369565217391304
preview::SQUIDPY_VISIUM_FLUO::Dentate_gyrus,preview,SQUIDPY_VISIUM_FLUO,Dentate_gyrus,37,26-100,0.0155038759689922,0.0178571428571428,0.0155038759689922,0.0238095238095238,0.0165289256198347,0.0169491525423728,,,0.0023532668881506014,-0.005952380952381001,0.0010250496508425015,-0.0072805981896891005,0.0014452765733806022,0.0004202269225381007,,,False,False,False,False,False,False,False,0.0108695652173913,0.027027027027027,0.0133333333333333,0.027027027027027
preview::SQUIDPY_VISIUM_FLUO::Fiber_tracts,preview,SQUIDPY_VISIUM_FLUO,Fiber_tracts,245,101-500,0.788235294117647,0.7897838899803535,0.7462121212121212,0.7633587786259541,0.788118811881188,0.7850098619329389,,,0.0015485958627065033,0.0015485958627065033,-0.00011648223645899236,-0.0016650780991654957,-0.0032254321847081657,-0.0032254321847081657,,,False,False,False,False,False,False,False,0.7584905660377359,0.8204081632653061,0.7613636363636364,0.8204081632653061
preview::SQUIDPY_VISIUM_FLUO::Hippocampus,preview,SQUIDPY_VISIUM_FLUO,Hippocampus,259,101-500,0.6413662239089185,0.7632093933463797,0.719191919191919,0.6024464831804281,0.658869395711501,0.6748466257668712,,,0.12184316943746121,0.04401747415446067,0.01750317180258254,-0.10433999763487867,0.033480401857952646,0.010753961674207058,,,True,False,True,True,False,True,False,0.6305970149253731,0.6525096525096525,0.7738095238095238,0.752895752895753
preview::SQUIDPY_VISIUM_FLUO::Hypothalamus_1,preview,SQUIDPY_VISIUM_FLUO,Hypothalamus_1,223,101-500,0.1897810218978102,0.1587301587301587,0.1581027667984189,0.3388704318936877,0.1751824817518248,0.1942446043165467,,,-0.031050863167651516,-0.180140273163529,-0.014598540145985411,-0.1636879501418629,0.004463582418736484,0.004463582418736484,,,False,False,False,False,True,False,True,0.5098039215686274,0.116591928251121,0.6896551724137931,0.0896860986547085
preview::SQUIDPY_VISIUM_FLUO::Hypothalamus_2,preview,SQUIDPY_VISIUM_FLUO,Hypothalamus_2,179,101-500,0.608540925266904,0.6325411334552102,0.6417910447761195,0.707070707070707,0.6140035906642729,0.6345811051693404,,,0.024000208188306282,-0.07452957361549672,0.005462665397368949,-0.09306711640643406,0.026040179902436456,0.005286349292306092,,,False,False,False,True,False,False,False,0.4464751958224543,0.9553072625698324,0.4701086956521739,0.9664804469273744
preview::SQUIDPY_VISIUM_FLUO::Lateral_ventricle,preview,SQUIDPY_VISIUM_FLUO,Lateral_ventricle,47,26-100,0.4476190476190476,0.5251396648044694,0.4646464646464646,0.4787234042553192,0.4476190476190476,0.4723618090452262,,,0.0775206171854218,0.04641626054915021,0.0,-0.0775206171854218,0.024742761426178594,0.024742761426178594,,,True,False,True,True,False,False,False,0.2883435582822086,1.0,0.3560606060606061,1.0
preview::SQUIDPY_VISIUM_FLUO::Striatum,preview,SQUIDPY_VISIUM_FLUO,Striatum,75,26-100,0.5634920634920635,0.5204460966542751,0.55,0.5521472392638037,0.5647058823529413,0.5468164794007491,,,-0.043045966837788385,-0.043045966837788385,0.0012138188608777911,0.0012138188608777911,-0.01667558409131442,-0.01667558409131442,,,False,False,False,False,True,False,False,0.4011299435028249,0.9466666666666668,0.3608247422680412,0.9333333333333332
preview::SQUIDPY_VISIUM_FLUO::Thalamus_1,preview,SQUIDPY_VISIUM_FLUO,Thalamus_1,259,101-500,0.7737704918032787,0.8428324697754749,0.7705779334500876,0.8436974789915967,0.7745098039215687,0.7831715210355988,,,0.06906197797219615,-0.0008650092161218703,0.0007393121182899254,-0.0691876750700281,0.009401029232320113,-0.0006994467063367038,,,False,False,False,True,False,False,False,0.6723646723646723,0.9111969111969112,0.7625,0.942084942084942
preview::SQUIDPY_VISIUM_FLUO::Thalamus_2,preview,SQUIDPY_VISIUM_FLUO,Thalamus_2,73,26-100,0.48,0.4324324324324324,0.32,0.5966850828729282,0.4923076923076923,0.4974619289340102,,,-0.04756756756756758,-0.1642526504404958,0.012307692307692297,-0.10437739056523593,0.017461928934010218,0.017461928934010218,,,False,False,True,False,True,True,False,0.3779527559055118,0.6575342465753424,0.3221476510067114,0.6575342465753424
preview::SQUIDPY_VISIUM_HNE::Cortex_1,preview,SQUIDPY_VISIUM_HNE,Cortex_1,284,101-500,0.3520408163265306,0.4375,0.3879310344827586,0.6462715105162524,0.510548523206751,0.4869565217391304,,,0.08545918367346939,-0.20877151051625242,0.15850770688022042,-0.13572298730950139,0.13491570541259978,-0.016354736539015313,,,False,False,False,True,False,True,False,0.6388888888888888,0.2429577464788732,0.5975609756097561,0.3450704225352112
preview::SQUIDPY_VISIUM_HNE::Cortex_2,preview,SQUIDPY_VISIUM_HNE,Cortex_2,257,101-500,0.2499999999999999,0.3507692307692308,0.334384858044164,0.4542936288088642,0.3104477611940298,0.34375,,,0.10076923076923089,-0.10352439803963343,0.06044776119402989,-0.14384586761483442,0.09375000000000011,-0.05625000000000002,,,False,False,False,True,False,True,False,0.7090909090909091,0.1517509727626459,0.8382352941176471,0.2217898832684824
preview::SQUIDPY_VISIUM_HNE::Cortex_3,preview,SQUIDPY_VISIUM_HNE,Cortex_3,244,101-500,0.7670103092783506,0.7649572649572649,0.734065934065934,0.7933194154488517,0.7096774193548387,0.8025751072961373,,,-0.002053044321085662,-0.028362150491586746,-0.05733288992351182,-0.0836419960940129,0.03556479801778678,0.008783533016758271,,,False,False,False,False,False,False,True,0.7717842323651453,0.7622950819672131,0.7991071428571429,0.7336065573770492
preview::SQUIDPY_VISIUM_HNE::Cortex_4,preview,SQUIDPY_VISIUM_HNE,Cortex_4,164,101-500,0.5410334346504561,0.584958217270195,0.5595567867036011,0.5641025641025641,0.6490066225165563,0.5194805194805195,,,0.04392478261973898,0.02085565316763094,0.10797318786610022,0.06404840524636124,-0.021552915169936515,-0.06176948051948039,,,True,True,False,True,False,True,False,0.5393939393939394,0.5426829268292683,0.5384615384615384,0.6402439024390244
preview::SQUIDPY_VISIUM_HNE::Cortex_5,preview,SQUIDPY_VISIUM_HNE,Cortex_5,129,101-500,0.4354838709677419,0.4946236559139785,0.4751381215469613,0.5214899713467049,0.5219638242894057,0.4864864864864865,,,0.05913978494623662,-0.02686631543272644,0.0864799533216638,0.0004738529427007476,0.05100261551874463,0.010032192857677702,,,False,False,True,True,False,True,False,0.3333333333333333,0.627906976744186,0.3786008230452675,0.7131782945736435
preview::SQUIDPY_VISIUM_HNE::Fiber_tract,preview,SQUIDPY_VISIUM_HNE,Fiber_tract,226,101-500,0.8016877637130801,0.7922912205567453,0.7593818984547461,0.7657841140529532,0.8322147651006712,0.8094218415417558,,,-0.009396543156334869,-0.009396543156334869,0.030527001387591013,0.030527001387591013,0.007734077828675634,-0.0004215589056714153,,,False,True,False,False,False,True,False,0.7661290322580645,0.8407079646017699,0.7676348547717843,0.8185840707964602
preview::SQUIDPY_VISIUM_HNE::Hippocampus,preview,SQUIDPY_VISIUM_HNE,Hippocampus,222,101-500,0.6067415730337079,0.6478873239436619,0.6388888888888888,0.5752688172043011,0.6570048309178743,0.6785714285714286,,,0.04114575090995398,0.008998435054773046,0.05026325788416641,0.00911750697421243,0.0718298555377207,0.03748790712673322,,,False,False,True,True,False,True,False,0.6053811659192825,0.6081081081081081,0.6764705882352942,0.6216216216216216
preview::SQUIDPY_VISIUM_HNE::Hypothalamus_1,preview,SQUIDPY_VISIUM_HNE,Hypothalamus_1,208,101-500,0.2457002457002456,0.3758389261744966,0.3556581986143187,0.6828358208955225,0.2959641255605381,0.4008714596949891,,,0.130138680474251,-0.3069968947210259,0.05026387986029249,-0.38687169533498444,0.1551712139947435,0.0917379702336309,,,False,False,True,True,False,True,False,0.2512562814070351,0.2403846153846154,0.3514644351464435,0.4038461538461538
preview::SQUIDPY_VISIUM_HNE::Hypothalamus_2,preview,SQUIDPY_VISIUM_HNE,Hypothalamus_2,133,101-500,0.1986754966887416,0.0839160839160839,0.0287769784172661,0.3769633507853403,0.2077922077922077,0.2207792207792207,,,-0.11475941277265769,-0.2930472668692564,0.009116711103466096,-0.16917114299313263,0.022103724090479088,-0.15636363636363643,,,False,False,False,False,True,False,False,0.8333333333333334,0.112781954887218,0.6,0.0451127819548872
preview::SQUIDPY_VISIUM_HNE::Lateral_ventricle,preview,SQUIDPY_VISIUM_HNE,Lateral_ventricle,105,101-500,0.51,0.5052631578947369,0.5161290322580645,0.5145631067961165,0.3850267379679144,0.5951219512195122,,,-0.00473684210526315,-0.010865874363327643,-0.12497326203208559,-0.13110229429015008,0.08512195121951216,0.03101938711694796,,,False,False,True,False,False,False,True,0.5368421052631579,0.4857142857142857,0.5647058823529412,0.4571428571428571
preview::SQUIDPY_VISIUM_HNE::Pyramidal_layer,preview,SQUIDPY_VISIUM_HNE,Pyramidal_layer,42,26-100,0.4468085106382978,0.5283018867924528,0.5283018867924528,0.626865671641791,0.5419354838709677,0.5419354838709677,,,0.08149337615415503,-0.09856378484933814,0.09512697323266989,-0.08493018777082328,0.09512697323266989,0.05356339084771189,,,False,False,True,True,False,True,False,0.2876712328767123,1.0,0.358974358974359,1.0
preview::SQUIDPY_VISIUM_HNE::Pyramidal_layer_dentate_gyrus,preview,SQUIDPY_VISIUM_HNE,Pyramidal_layer_dentate_gyrus,68,26-100,0.4827586206896551,0.6666666666666667,0.6037735849056604,0.6073298429319373,0.6011560693641619,0.6419753086419752,,,0.18390804597701166,0.05933682373472948,0.1183974486745068,-0.06551059730250486,0.15921668795232008,0.016975308641975162,,,True,False,True,True,False,True,False,0.3962264150943396,0.6176470588235294,0.5824175824175825,0.7794117647058824
preview::SQUIDPY_VISIUM_HNE::Striatum,preview,SQUIDPY_VISIUM_HNE,Striatum,153,101-500,0.4693877551020408,0.4732824427480916,0.4923857868020305,0.5277777777777778,0.455,0.4876847290640394,,,0.0038946876460508317,-0.054495335029686176,-0.014387755102040767,-0.07277777777777777,0.01829697396199864,-0.002606533071882855,,,False,False,False,False,False,False,True,0.3849372384937238,0.6013071895424836,0.3875,0.6078431372549019
preview::SQUIDPY_VISIUM_HNE::Thalamus_1,preview,SQUIDPY_VISIUM_HNE,Thalamus_1,261,101-500,0.7221396731054978,0.7275449101796407,0.703030303030303,0.7828843106180665,0.7405159332321698,0.725925925925926,,,0.005405237074142977,-0.05533940043842578,0.01837626012667204,-0.042368377385896716,0.0037862528204282153,0.0013750277223329999,,,False,False,False,False,False,True,False,0.5898058252427184,0.9310344827586208,0.597051597051597,0.9310344827586208
preview::SQUIDPY_VISIUM_HNE::Thalamus_2,preview,SQUIDPY_VISIUM_HNE,Thalamus_2,192,101-500,0.3141361256544502,0.3409090909090909,0.3383084577114428,0.3717948717948717,0.3227513227513227,0.3738317757009346,,,0.02677296525464068,-0.03088578088578081,0.008615197096872473,-0.04904354904354902,0.059695650046484416,0.021559048428207328,,,False,False,True,True,False,False,False,0.3157894736842105,0.3125,0.375,0.3125
