accession,file,file_type,size_mb,shape,column,column_role,unique_count_sample,example_values,notes
GSE300613,GSE300613_RAW.tar,tar_summary,110.176,,,,,,"members=['GSM9065344_S5_features_S5.tsv.gz', 'GSM9065344_S5_filtered_feature_bc_matrix_S5.h5', 'GSM9065344_S5_scalefactors_S5_json.json.gz', 'GSM9065344_S5_tissue_hires_image_S5.png.gz', 'GSM9065344_S5_tissue_positions_list_S5.csv.gz', 'GSM9065344_processed_spatial_1_GEO.h5ad', 'GSM9065345_S7_features_S7.tsv.gz', 'GSM9065345_S7_filtered_feature_bc_matrix_S7.h5', 'GSM9065345_S7_scalefactors_S7_json.json.gz', 'GSM9065345_S7_tissue_hires_image_S7.png.gz', 'GSM9065345_S7_tissue_positions_list_S7.csv.gz', 'GSM9065345_processed_spatial_2_GEO.h5ad']"
GSE300613,raw\GSM9065344_processed_spatial_1_GEO.h5ad,h5ad_summary,40.399,1170x20092,,,,,"obs_keys=['_index', 'array_col', 'array_row', 'in_tissue']; obsm_keys=['X_spatial']; uns_keys=['images', 'scalefactors']"
GSE300613,raw\GSM9065344_processed_spatial_1_GEO.h5ad,h5ad_obs,40.399,1170x20092,_index,other,1170,AAACGAGACGGTTGAT-1|AAACTCGGTTCGCAAT-1|AAACTGCTGGCTCCAA-1|AAAGGCTCTCGCGCCG-1|AAAGGGATGTAGCAAG-1|AAATACCTATAAGCAT-1|AAATCGTGTACCACAA-1|AAATGGCATGTCTTGT-1|AAATGGTCAATGTGCC-1|AAATTAACGGGTAGCT-1|AAATTACCTATCGATG-1|AACACACGCTCGCCGC-1,
GSE300613,raw\GSM9065344_processed_spatial_1_GEO.h5ad,h5ad_obs,40.399,1170x20092,array_col,coordinate_like,67,79|70|67|55|62|69|56|51|58|94|93|96,
GSE300613,raw\GSM9065344_processed_spatial_1_GEO.h5ad,h5ad_obs,40.399,1170x20092,array_row,coordinate_like,55,35|66|45|55|24|47|44|13|33|34|26|51,
GSE300613,raw\GSM9065344_processed_spatial_1_GEO.h5ad,h5ad_obs,40.399,1170x20092,in_tissue,other,1,1,
GSE300613,raw\GSM9065344_S5_features_S5.tsv.gz,table_summary,0.532,sample_rows=5000 cols=3 sep='\t',,,,,"columns=['GRCh38_ENSG00000243485', 'GRCh38_MIR1302-2HG', 'Gene Expression']"
GSE300613,raw\GSM9065344_S5_filtered_feature_bc_matrix_S5.h5,h5_summary,10.698,"matrix/barcodes:(1415,); matrix/data:(7456332,); matrix/features/_all_tag_keys:(1,); matrix/features/feature_type:(64591,); matrix/features/genome:(64591,); matrix/features/id:(64591,); matrix/features/name:(64591,); matrix/indices:(7456332,); matrix/indptr:(1416,); matrix/shape:(2,)",,,,,"keys=['matrix', 'matrix/barcodes', 'matrix/data', 'matrix/features', 'matrix/features/_all_tag_keys', 'matrix/features/feature_type', 'matrix/features/genome', 'matrix/features/id', 'matrix/features/name', 'matrix/indices', 'matrix/indptr', 'matrix/shape']"
GSE300613,raw\GSM9065344_S5_tissue_positions_list_S5.csv.gz,table_summary,0.072,"sample_rows=4991 cols=6 sep=','",,,,,"columns=['ACGCCTGACACGCGCT-1', '0', '0.1', '0.2', '5530', '3948']"
GSE300613,raw\GSM9065345_processed_spatial_2_GEO.h5ad,h5ad_summary,35.593,1105x20092,,,,,"obs_keys=['_index', 'array_col', 'array_row', 'in_tissue']; obsm_keys=['X_spatial']; uns_keys=['images', 'scalefactors']"
GSE300613,raw\GSM9065345_processed_spatial_2_GEO.h5ad,h5ad_obs,35.593,1105x20092,_index,other,1105,AAACAAGTATCTCCCA-1|AAACCGTTCGTCCAGG-1|AAACGAGACGGTTGAT-1|AAACTGCTGGCTCCAA-1|AAAGGCTCTCGCGCCG-1|AAAGTAGCATTGCTCA-1|AAAGTGTGATTTATCT-1|AAAGTTGACTCCCGTA-1|AAATACCTATAAGCAT-1|AAATAGGGTGCTATTG-1|AAATCGTGTACCACAA-1|AAATCTAGCCCTGCTA-1,
GSE300613,raw\GSM9065345_processed_spatial_2_GEO.h5ad,h5ad_obs,35.593,1105x20092,array_col,coordinate_like,95,102|42|79|67|55|27|94|96|69|56|101|17,
GSE300613,raw\GSM9065345_processed_spatial_2_GEO.h5ad,h5ad_obs,35.593,1105x20092,array_row,coordinate_like,43,50|52|35|45|55|51|44|42|47|53|49|33,
GSE300613,raw\GSM9065345_processed_spatial_2_GEO.h5ad,h5ad_obs,35.593,1105x20092,in_tissue,other,1,1,
GSE300613,raw\GSM9065345_S7_features_S7.tsv.gz,table_summary,0.532,sample_rows=5000 cols=3 sep='\t',,,,,"columns=['GRCh38_ENSG00000243485', 'GRCh38_MIR1302-2HG', 'Gene Expression']"
GSE300613,raw\GSM9065345_S7_filtered_feature_bc_matrix_S7.h5,h5_summary,9.455,"matrix/barcodes:(1570,); matrix/data:(6370720,); matrix/features/_all_tag_keys:(1,); matrix/features/feature_type:(64591,); matrix/features/genome:(64591,); matrix/features/id:(64591,); matrix/features/name:(64591,); matrix/indices:(6370720,); matrix/indptr:(1571,); matrix/shape:(2,)",,,,,"keys=['matrix', 'matrix/barcodes', 'matrix/data', 'matrix/features', 'matrix/features/_all_tag_keys', 'matrix/features/feature_type', 'matrix/features/genome', 'matrix/features/id', 'matrix/features/name', 'matrix/indices', 'matrix/indptr', 'matrix/shape']"
GSE300613,raw\GSM9065345_S7_tissue_positions_list_S7.csv.gz,table_summary,0.072,"sample_rows=4991 cols=6 sep=','",,,,,"columns=['ACGCCTGACACGCGCT-1', '0', '0.1', '0.2', '5521', '3130']"
GSE282124,GSE282124_RAW.tar,tar_summary,29.512,,,,,,"members=['GSM8636485_cell_by_gene.csv.gz', 'GSM8636485_cell_metadata.csv.gz', 'GSM8636485_micron_to_mosaic_pixel_transform.csv.gz']"
GSE282124,GSE282124_tar_members.json,json_summary,0.0,,,,,,"[{'name': 'GSM8636485_cell_by_gene.csv.gz', 'size': 881608}, {'name': 'GSM8636485_cell_metadata.csv.gz', 'size': 30058168}, {'name': 'GSM8636485_micron_to_mosaic_pixel_transform.csv.gz', 'size': 149}]"
GSE282124,raw\GSM8636485_cell_by_gene.csv.gz,table_summary,0.841,"sample_rows=5000 cols=316 sep=','",,,,,"columns=['cell', 'TMEM176A', 'CD4', 'TNFRSF17', 'TRPM5', 'TNFRSF1A', 'CEACAM6', 'OSM', 'GZMB', 'NFKBIA', 'TIMP1', 'OLFM4', 'MMP2', 'AQP8', 'TGFB1', 'CD79A', 'NKG7', 'SEC61B', 'COL1A1', 'NFKB1', 'IL10RA', 'CD69', 'LTBR', 'IFNG', 'KLRB1', 'GZMK', 'IL18R1', 'SELL', 'TNFAIP3', 'ADGRB3', 'KCNJ8', 'FLT3', 'IL13RA2', 'TREM1', 'SOX9', 'TNFSF9', 'CCR7', 'KLF2', 'TPH1', 'APOE', 'PLVAP', 'SERPINF1', 'CLEC10A', 'LYVE1', 'ADAMDEC1', 'REG4', 'PDGFRA', 'ABCC9', 'LYZ', 'VWF', 'PROX1', 'TNFRSF13B', 'TYROBP', 'IL1B', 'NOTCH3', 'CD44', 'MCAM', 'MMRN1', 'LAMP3', 'LGR5', 'ITGAX', 'IRF8', 'IFNAR1', 'TINAGL1', 'S100A11', 'LEFTY1', 'FABP2', 'OSMR', 'GZMA', 'QDPR', 'GPR15', 'SLC26A2', 'BATF', 'KIT', 'FCER1G', 'IL10RB', 'S100B', 'LILRA4', 'CXCR5', 'SOX8']"
GSE282124,raw\GSM8636485_cell_by_gene.csv.gz,table_column,0.841,"sample_rows=5000 cols=316 sep=','",cell,id_or_group_like,5000,4561499200001100001|4561499200001100002|4561499200001100004|4561499200001100008|4561499200001100012|4561499200001100016|4561499200001100017|4561499200001100018|4561499200001100020|4561499200001100021|4561499200001100023|4561499200001100024,
GSE282124,raw\GSM8636485_cell_metadata.csv.gz,table_summary,28.666,"sample_rows=5000 cols=33 sep=','",,,,,"columns=['EntityID', 'fov', 'volume', 'center_x', 'center_y', 'min_x', 'min_y', 'max_x', 'max_y', 'anisotropy', 'transcript_count', 'perimeter_area_ratio', 'solidity', 'Cellbound1_raw', 'Cellbound1_high_pass', 'Cellbound3_raw', 'Cellbound3_high_pass', 'FABP1_raw', 'FABP1_high_pass', 'PolyT_raw', 'PolyT_high_pass', 'PIGR_raw', 'PIGR_high_pass', 'MYH11_raw', 'MYH11_high_pass', 'DAPI_raw', 'DAPI_high_pass', 'KRT8_raw', 'KRT8_high_pass', 'Cellbound2_raw', 'Cellbound2_high_pass', 'IGHA2_raw', 'IGHA2_high_pass']"
GSE282124,raw\GSM8636485_cell_metadata.csv.gz,table_column,28.666,"sample_rows=5000 cols=33 sep=','",EntityID,id_or_group_like,5000,4561499200001100001|4561499200001100002|4561499200001100004|4561499200001100008|4561499200001100012|4561499200001100016|4561499200001100017|4561499200001100018|4561499200001100020|4561499200001100021|4561499200001100023|4561499200001100024,
GSE282124,raw\GSM8636485_cell_metadata.csv.gz,table_column,28.666,"sample_rows=5000 cols=33 sep=','",fov,id_or_group_like,44,160|159|256|161|255|162|353|257|354|352|258|355,
GSE282124,raw\GSM8636485_cell_metadata.csv.gz,table_column,28.666,"sample_rows=5000 cols=33 sep=','",center_x,coordinate_like,5000,956.5342954448988|947.3945533092528|942.6802206241064|940.0745864815684|953.2669173663162|952.8313298974346|935.0383356820756|954.0123937365304|961.523790619086|944.14243477961|960.9259881967448|939.1871815887936,
GSE282124,raw\GSM8636485_cell_metadata.csv.gz,table_column,28.666,"sample_rows=5000 cols=33 sep=','",center_y,coordinate_like,5000,97.53131744617728|96.80046818749302|105.4044714123423|126.42526502049898|141.7950080459949|178.6682447532235|188.0221694408053|190.72909284637768|198.9108004187524|203.1023180424629|211.2108664580112|214.00650387979636,
GSE282124,raw\GSM8636485_cell_metadata.csv.gz,table_column,28.666,"sample_rows=5000 cols=33 sep=','",min_x,coordinate_like,4978,952.0208840843312|945.059369518744|935.9503655261808|933.376365638476|949.7427423604504|949.7361623297728|933.4664015702492|947.0024310694172|959.8284569326516|938.1279289772988|956.9927592742736|933.468346129624,
GSE282124,raw\GSM8636485_cell_metadata.csv.gz,table_column,28.666,"sample_rows=5000 cols=33 sep=','",min_y,coordinate_like,4884,95.16958416025469|95.49514370334563|98.46316758651136|117.8517072038245|138.8018767794014|175.8377979091378|184.42656413030272|184.6949359319593|195.44535256259616|197.7824203643237|207.66771211518883|208.9146944179781,
GSE282124,raw\GSM8636485_cell_metadata.csv.gz,table_column,28.666,"sample_rows=5000 cols=33 sep=','",max_x,coordinate_like,4988,961.4213061031334|949.6444070860292|949.5817983914573|949.4992533475024|956.6899941625052|955.933261599582|937.016170006694|960.1839007637452|963.2010070365324|949.6707849336802|964.4658585077576|947.6318928471022,
GSE282124,raw\GSM8636485_cell_metadata.csv.gz,table_column,28.666,"sample_rows=5000 cols=33 sep=','",max_y,coordinate_like,4878,100.57454577172928|98.22321168271262|112.18346483654985|135.98162556180995|144.95346328748556|181.3948183792637|191.1690914637532|196.71475809408645|202.2288653956244|208.6727733276987|214.60302374868755|218.8283592613873,
GSE282124,raw\GSM8636485_micron_to_mosaic_pixel_transform.csv.gz,table_summary,0.0,"sample_rows=2 cols=1 sep=','",,,,,columns=['9.259359359741210938e+00 0.000000000000000000e+00 8.616033935546875000e+02']
GSE303162,GSE303162_RAW.tar,tar_summary,52.617,,,,,,"members=['GSM9119669_AG-F-6090_aligned_fiducials.jpg.gz', 'GSM9119669_AG-F-6090_detected_tissue_image.jpg.gz', 'GSM9119669_AG-F-6090_filtered_feature_bc_matrix.h5', 'GSM9119669_AG-F-6090_raw_feature_bc_matrix.h5', 'GSM9119669_AG-F-6090_scalefactors_json.json.gz', 'GSM9119669_AG-F-6090_tissue_hires_image.png.gz', 'GSM9119669_AG-F-6090_tissue_lowres_image.png.gz', 'GSM9119669_AG-F-6090_tissue_positions_list.csv.gz', 'GSM9119670_AG-F-6091_aligned_fiducials.jpg.gz', 'GSM9119670_AG-F-6091_detected_tissue_image.jpg.gz', 'GSM9119670_AG-F-6091_filtered_feature_bc_matrix.h5', 'GSM9119670_AG-F-6091_raw_feature_bc_matrix.h5', 'GSM9119670_AG-F-6091_scalefactors_json.json.gz', 'GSM9119670_AG-F-6091_tissue_hires_image.png.gz', 'GSM9119670_AG-F-6091_tissue_lowres_image.png.gz', 'GSM9119670_AG-F-6091_tissue_positions_list.csv.gz']"
GSE303162,GSE303162_tar_members.json,json_summary,0.001,,,,,,"[{'name': 'GSM9119669_AG-F-6090_aligned_fiducials.jpg.gz', 'size': 1394373}, {'name': 'GSM9119669_AG-F-6090_detected_tissue_image.jpg.gz', 'size': 1782782}, {'name': 'GSM9119669_AG-F-6090_filtered_feature_bc_matrix.h5', 'size': 6840657}, {'name': 'GSM9119669_AG-F-6090_raw_feature_bc_matrix.h5', 'size': 9908140}, {'name': 'GSM9119669_AG-F-6090_scalefactors_json.json.gz', 'size': 177}, {'name': 'GSM9119669_AG-F-6090_tissue_hires_image.png.gz', 'size': 4606162}, {'name': 'GSM9119669_AG-F-6090_tissue_lowres_image.png.gz', 'size': 421880}, {'name': 'GSM9119669_AG-F-6090_tissue_positions_list.csv.gz', 'size': 60141}, {'name': 'GSM9119670_AG-F-6091_aligned_fiducials.jpg.gz', 'size': 1541807}, {'name': 'GSM9119670_AG-F-6091_detected_tissue_image.jpg.gz', 'size': 1797062}, {'name': 'GSM9119670_AG-F-6091_filtered_feature_bc_matrix.h5', 'size': 9581738}, {'name': 'GSM9119670_AG-F-6091_raw_feature_bc_matrix.h5', 'size': 11577822}, {'name': 'GSM9119670_AG-F-6091_scalefactors_json.json.gz', 'size': 176}, {'name': 'GSM9119670_AG-F-6091_tissue_hires_image.png.gz', 'size': 5111302}, {'name': 'GSM9119670_AG-F-6091_tissue_lowres_image.png.gz', 'size': 469847}, {'name': 'GSM9119670_AG-F-6091_tissue_positions_list.csv.gz', 'size': 60219}]"
GSE303162,raw\GSM9119669_AG-F-6090_filtered_feature_bc_matrix.h5,h5_summary,6.524,"matrix/barcodes:(1858,); matrix/data:(4732355,); matrix/features/_all_tag_keys:(1,); matrix/features/feature_type:(32285,); matrix/features/genome:(32285,); matrix/features/id:(32285,); matrix/features/name:(32285,); matrix/indices:(4732355,); matrix/indptr:(1859,); matrix/shape:(2,)",,,,,"keys=['matrix', 'matrix/barcodes', 'matrix/data', 'matrix/features', 'matrix/features/_all_tag_keys', 'matrix/features/feature_type', 'matrix/features/genome', 'matrix/features/id', 'matrix/features/name', 'matrix/indices', 'matrix/indptr', 'matrix/shape']"
GSE303162,raw\GSM9119669_AG-F-6090_raw_feature_bc_matrix.h5,h5_summary,9.449,"matrix/barcodes:(4992,); matrix/data:(6150421,); matrix/features/_all_tag_keys:(1,); matrix/features/feature_type:(32285,); matrix/features/genome:(32285,); matrix/features/id:(32285,); matrix/features/name:(32285,); matrix/indices:(6150421,); matrix/indptr:(4993,); matrix/shape:(2,)",,,,,"keys=['matrix', 'matrix/barcodes', 'matrix/data', 'matrix/features', 'matrix/features/_all_tag_keys', 'matrix/features/feature_type', 'matrix/features/genome', 'matrix/features/id', 'matrix/features/name', 'matrix/indices', 'matrix/indptr', 'matrix/shape']"
GSE303162,raw\GSM9119669_AG-F-6090_tissue_positions_list.csv.gz,table_summary,0.057,"sample_rows=4991 cols=6 sep=','",,,,,"columns=['ACGCCTGACACGCGCT-1', '0', '0.1', '0.2', '1482', '1724']"
GSE303162,raw\GSM9119670_AG-F-6091_filtered_feature_bc_matrix.h5,h5_summary,9.138,"matrix/barcodes:(2697,); matrix/data:(6742416,); matrix/features/_all_tag_keys:(1,); matrix/features/feature_type:(32285,); matrix/features/genome:(32285,); matrix/features/id:(32285,); matrix/features/name:(32285,); matrix/indices:(6742416,); matrix/indptr:(2698,); matrix/shape:(2,)",,,,,"keys=['matrix', 'matrix/barcodes', 'matrix/data', 'matrix/features', 'matrix/features/_all_tag_keys', 'matrix/features/feature_type', 'matrix/features/genome', 'matrix/features/id', 'matrix/features/name', 'matrix/indices', 'matrix/indptr', 'matrix/shape']"
GSE303162,raw\GSM9119670_AG-F-6091_raw_feature_bc_matrix.h5,h5_summary,11.041,"matrix/barcodes:(4992,); matrix/data:(7400433,); matrix/features/_all_tag_keys:(1,); matrix/features/feature_type:(32285,); matrix/features/genome:(32285,); matrix/features/id:(32285,); matrix/features/name:(32285,); matrix/indices:(7400433,); matrix/indptr:(4993,); matrix/shape:(2,)",,,,,"keys=['matrix', 'matrix/barcodes', 'matrix/data', 'matrix/features', 'matrix/features/_all_tag_keys', 'matrix/features/feature_type', 'matrix/features/genome', 'matrix/features/id', 'matrix/features/name', 'matrix/indices', 'matrix/indptr', 'matrix/shape']"
GSE303162,raw\GSM9119670_AG-F-6091_tissue_positions_list.csv.gz,table_summary,0.057,"sample_rows=4991 cols=6 sep=','",,,,,"columns=['ACGCCTGACACGCGCT-1', '0', '0.1', '0.2', '1694', '1662']"
GSE305735,GSE305735_RAW.tar,tar_summary,9.57,,,,,,"members=['GSM9183702_gene_fpkm.xlsx', 'GSM9797113_transcript_fpkm.csv.gz']"
GSE305735,GSE305735_tar_members.json,json_summary,0.0,,,,,,"[{'name': 'GSM9183702_gene_fpkm.xlsx', 'size': 5256616}, {'name': 'GSM9797113_transcript_fpkm.csv.gz', 'size': 4766465}]"
GSE305735,raw\GSM9797113_transcript_fpkm.csv.gz,table_summary,4.546,"sample_rows=5000 cols=5 sep=','",,,,,"columns=['Name', 'Length', 'EffectiveLength', 'TPM', 'NumReads']"
GSE325911,GSE325911_RAW.tar,tar_summary,155.186,,,,,,"members=['GSM9616841_APP23het_early_M1_roi1_DAPI_5.0_mu_dilated_segmentation_cell_stats.csv.gz', 'GSM9616841_APP23het_early_M1_roi1_DAPI_5.0_mu_dilated_segmentation_counts.txt.gz', 'GSM9616841_APP23het_early_M1_roi1_results.txt.gz', 'GSM9616841_APP23het_early_M1_roi1_results_assigned.txt.gz', 'GSM9616842_APP23het_early_M1_roi2_DAPI_5.0_mu_dilated_segmentation_cell_stats.csv.gz', 'GSM9616842_APP23het_early_M1_roi2_DAPI_5.0_mu_dilated_segmentation_counts.txt.gz', 'GSM9616842_APP23het_early_M1_roi2_results.txt.gz', 'GSM9616842_APP23het_early_M1_roi2_results_assigned.txt.gz', 'GSM9616843_APP23het_early_M1_roi3_DAPI_5.0_mu_dilated_segmentation_cell_stats.csv.gz', 'GSM9616843_APP23het_early_M1_roi3_DAPI_5.0_mu_dilated_segmentation_counts.txt.gz', 'GSM9616843_APP23het_early_M1_roi3_results.txt.gz', 'GSM9616843_APP23het_early_M1_roi3_results_assigned.txt.gz', 'GSM9616844_APP23het_early_M2_roi1_DAPI_5.0_mu_dilated_segmentation_cell_stats.csv.gz', 'GSM9616844_APP23het_early_M2_roi1_DAPI_5.0_mu_dilated_segmentation_counts.txt.gz', 'GSM9616844_APP23het_early_M2_roi1_results.txt.gz', 'GSM9616844_APP23het_early_M2_roi1_results_assigned.txt.gz', 'GSM9616845_APP23het_early_M2_roi2_DAPI_5.0_mu_dilated_segmentation_cell_stats.csv.gz', 'GSM9616845_APP23het_early_M2_roi2_DAPI_5.0_mu_dilated_segmentation_counts.txt.gz', 'GSM9616845_APP23het_early_M2_roi2_results.txt.gz', 'GSM9616845_APP23het_early_M2_roi2_results_assigned.txt.gz', 'GSM9616846_APP23het_early_M2_roi3_DAPI_5.0_mu_dilated_segmentation_cell_stats.csv.gz', 'GSM9616846_APP23het_early_M2_roi3_DAPI_5.0_mu_dilated_segmentation_counts.txt.gz', 'GSM9616846_APP23het_early_M2_roi3_results.txt.gz', 'GSM9616846_APP23het_early_M2_roi3_results_assigned.txt.gz', 'GSM9616847_APP23het_late_M1_roi1_DAPI_5.0_mu_dilated_segmentation_cell_stats.csv.gz', 'GSM9616847_APP23het_late_M1_roi1_DAPI_5.0_mu_dilated_segmentation_counts.txt.gz', 'GSM9616847_APP23het_late_M1_roi1_results.txt.gz', 'GSM9616847_APP23het_late_M1_roi1_results_assigned.txt.gz', 'GSM9616848_APP23het_late_M1_roi2_DAPI_5.0_mu_dilated_segmentation_cell_stats.csv.gz', 'GSM9616848_APP23het_late_M1_roi2_DAPI_5.0_mu_dilated_segmentation_counts.txt.gz', 'GSM9616848_APP23het_late_M1_roi2_results.txt.gz', 'GSM9616848_APP23het_late_M1_roi2_results_assigned.txt.gz', 'GSM9616849_APP23het_late_M1_roi3_DAPI_5.0_mu_dilated_segmentation_cell_stats.csv.gz', 'GSM9616849_APP23het_late_M1_roi3_DAPI_5.0_mu_dilated_segmentation_counts.txt.gz', 'GSM9616849_APP23het_late_M1_roi3_results.txt.gz', 'GSM9616849_APP23het_late_M1_roi3_results_assigned.txt.gz', 'GSM9616850_APP23het_late_M2_roi1_DAPI_5.0_mu_dilated_segmentation_cell_stats.csv.gz', 'GSM9616850_APP23het_late_M2_roi1_DAPI_5.0_mu_dilated_segmentation_counts.txt.gz', 'GSM9616850_APP23het_late_M2_roi1_results.txt.gz', 'GSM9616850_APP23het_late_M2_roi1_results_assigned.txt.gz', 'GSM9616851_APP23het_late_M2_roi2_DAPI_5.0_mu_dilated_segmentation_cell_stats.csv.gz', 'GSM9616851_APP23het_late_M2_roi2_DAPI_5.0_mu_dilated_segmentation_counts.txt.gz', 'GSM9616851_APP23het_late_M2_roi2_results.txt.gz', 'GSM9616851_APP23het_late_M2_roi2_results_assigned.txt.gz', 'GSM9616852_APP23wt_early_M1_roi1_DAPI_5.0_mu_dilated_segmentation_cell_stats.csv.gz', 'GSM9616852_APP23wt_early_M1_roi1_DAPI_5.0_mu_dilated_segmentation_counts.txt.gz', 'GSM9616852_APP23wt_early_M1_roi1_results.txt.gz', 'GSM9616852_APP23wt_early_M1_roi1_results_assigned.txt.gz', 'GSM9616853_APP23wt_early_M1_roi2_DAPI_5.0_mu_dilated_segmentation_cell_stats.csv.gz', 'GSM9616853_APP23wt_early_M1_roi2_DAPI_5.0_mu_dilated_segmentation_counts.txt.gz', 'GSM9616853_APP23wt_early_M1_roi2_results.txt.gz', 'GSM9616853_APP23wt_early_M1_roi2_results_assigned.txt.gz', 'GSM9616854_APP23wt_early_M1_roi3_DAPI_5.0_mu_dilated_segmentation_cell_stats.csv.gz', 'GSM9616854_APP23wt_early_M1_roi3_DAPI_5.0_mu_dilated_segmentation_counts.txt.gz', 'GSM9616854_APP23wt_early_M1_roi3_results.txt.gz', 'GSM9616854_APP23wt_early_M1_roi3_results_assigned.txt.gz', 'GSM9616855_APP23wt_early_M2_roi1_DAPI_5.0_mu_dilated_segmentation_cell_stats.csv.gz', 'GSM9616855_APP23wt_early_M2_roi1_DAPI_5.0_mu_dilated_segmentation_counts.txt.gz', 'GSM9616855_APP23wt_early_M2_roi1_results.txt.gz', 'GSM9616855_APP23wt_early_M2_roi1_results_assigned.txt.gz', 'GSM9616856_APP23wt_early_M2_roi2_DAPI_5.0_mu_dilated_segmentation_cell_stats.csv.gz', 'GSM9616856_APP23wt_early_M2_roi2_DAPI_5.0_mu_dilated_segmentation_counts.txt.gz', 'GSM9616856_APP23wt_early_M2_roi2_results.txt.gz', 'GSM9616856_APP23wt_early_M2_roi2_results_assigned.txt.gz', 'GSM9616857_APP23wt_early_M2_roi3_DAPI_5.0_mu_dilated_segmentation_cell_stats.csv.gz', 'GSM9616857_APP23wt_early_M2_roi3_DAPI_5.0_mu_dilated_segmentation_counts.txt.gz', 'GSM9616857_APP23wt_early_M2_roi3_results.txt.gz', 'GSM9616857_APP23wt_early_M2_roi3_results_assigned.txt.gz', 'GSM9616858_APP23wt_late_M1_roi1_DAPI_5.0_mu_dilated_segmentation_cell_stats.csv.gz', 'GSM9616858_APP23wt_late_M1_roi1_DAPI_5.0_mu_dilated_segmentation_counts.txt.gz', 'GSM9616858_APP23wt_late_M1_roi1_results.txt.gz', 'GSM9616858_APP23wt_late_M1_roi1_results_assigned.txt.gz', 'GSM9616859_APP23wt_late_M1_roi2_DAPI_5.0_mu_dilated_segmentation_cell_stats.csv.gz', 'GSM9616859_APP23wt_late_M1_roi2_DAPI_5.0_mu_dilated_segmentation_counts.txt.gz', 'GSM9616859_APP23wt_late_M1_roi2_results.txt.gz', 'GSM9616859_APP23wt_late_M1_roi2_results_assigned.txt.gz', 'GSM9616860_APP23wt_late_M2_roi1_DAPI_5.0_mu_dilated_segmentation_cell_stats.csv.gz', 'GSM9616860_APP23wt_late_M2_roi1_DAPI_5.0_mu_dilated_segmentation_counts.txt.gz', 'GSM9616860_APP23wt_late_M2_roi1_results.txt.gz', 'GSM9616860_APP23wt_late_M2_roi1_results_assigned.txt.gz', 'GSM9616861_APP23wt_late_M2_roi2_DAPI_5.0_mu_dilated_segmentation_cell_stats.csv.gz', 'GSM9616861_APP23wt_late_M2_roi2_DAPI_5.0_mu_dilated_segmentation_counts.txt.gz', 'GSM9616861_APP23wt_late_M2_roi2_results.txt.gz', 'GSM9616861_APP23wt_late_M2_roi2_results_assigned.txt.gz', 'GSM9616862_Panorama_EXP-2-AD-R3_W0A1_Channel3_R8_7.5_mu_dilated_segmentation_cell_stats.csv.gz', 'GSM9616862_Panorama_EXP-2-AD-R3_W0A1_Channel3_R8_7.5_mu_dilated_segmentation_counts.txt.gz', 'GSM9616862_Panorama_EXP-2-AD-R3_W0A1_results.txt.gz', 'GSM9616862_Panorama_EXP-2-AD-R3_W0A1_results_assigned.txt.gz', 'GSM9616863_Panorama_EXP-2-AD-R3_W0A2_Channel3_R8_7.5_mu_dilated_segmentation_cell_stats.csv.gz', 'GSM9616863_Panorama_EXP-2-AD-R3_W0A2_Channel3_R8_7.5_mu_dilated_segmentation_counts.txt.gz', 'GSM9616863_Panorama_EXP-2-AD-R3_W0A2_results.txt.gz', 'GSM9616863_Panorama_EXP-2-AD-R3_W0A2_results_assigned.txt.gz', 'GSM9616864_Panorama_EXP-2-AD-R3_W1A1_Channel3_R8_7.5_mu_dilated_segmentation_cell_stats.csv.gz', 'GSM9616864_Panorama_EXP-2-AD-R3_W1A1_Channel3_R8_7.5_mu_dilated_segmentation_counts.txt.gz', 'GSM9616864_Panorama_EXP-2-AD-R3_W1A1_results.txt.gz', 'GSM9616864_Panorama_EXP-2-AD-R3_W1A1_results_assigned.txt.gz', 'GSM9616865_Panorama_EXP-2-AD-R3_W2A1_Channel3_R8_7.5_mu_dilated_segmentation_cell_stats.csv.gz', 'GSM9616865_Panorama_EXP-2-AD-R3_W2A1_Channel3_R8_7.5_mu_dilated_segmentation_counts.txt.gz', 'GSM9616865_Panorama_EXP-2-AD-R3_W2A1_results.txt.gz', 'GSM9616865_Panorama_EXP-2-AD-R3_W2A1_results_assigned.txt.gz', 'GSM9616866_Panorama_EXP-2-AD-R3_W2A2_Channel3_R8_7.5_mu_dilated_segmentation_cell_stats.csv.gz', 'GSM9616866_Panorama_EXP-2-AD-R3_W2A2_Channel3_R8_7.5_mu_dilated_segmentation_counts.txt.gz', 'GSM9616866_Panorama_EXP-2-AD-R3_W2A2_results.txt.gz', 'GSM9616866_Panorama_EXP-2-AD-R3_W2A2_results_assigned.txt.gz', 'GSM9616867_Panorama_EXP-2-AD-R3_W3A1_Channel3_R8_7.5_mu_dilated_segmentation_cell_stats.csv.gz', 'GSM9616867_Panorama_EXP-2-AD-R3_W3A1_Channel3_R8_7.5_mu_dilated_segmentation_counts.txt.gz', 'GSM9616867_Panorama_EXP-2-AD-R3_W3A1_results.txt.gz', 'GSM9616867_Panorama_EXP-2-AD-R3_W3A1_results_assigned.txt.gz', 'GSM9616868_Panorama_EXP-2-AD-R3_W3A2_Channel3_R8_7.5_mu_dilated_segmentation_cell_stats.csv.gz', 'GSM9616868_Panorama_EXP-2-AD-R3_W3A2_Channel3_R8_7.5_mu_dilated_segmentation_counts.txt.gz', 'GSM9616868_Panorama_EXP-2-AD-R3_W3A2_results.txt.gz', 'GSM9616868_Panorama_EXP-2-AD-R3_W3A2_results_assigned.txt.gz', 'GSM9616869_Panorama_EXP-2-AD-R3_W3A3_Channel3_R8_7.5_mu_dilated_segmentation_cell_stats.csv.gz', 'GSM9616869_Panorama_EXP-2-AD-R3_W3A3_Channel3_R8_7.5_mu_dilated_segmentation_counts.txt.gz', 'GSM9616869_Panorama_EXP-2-AD-R3_W3A3_results.txt.gz', 'GSM9616869_Panorama_EXP-2-AD-R3_W3A3_results_assigned.txt.gz', 'GSM9616870_Panorama_EXP-2-AD-R3_W4A1_Channel3_R8_7.5_mu_dilated_segmentation_cell_stats.csv.gz', 'GSM9616870_Panorama_EXP-2-AD-R3_W4A1_Channel3_R8_7.5_mu_dilated_segmentation_counts.txt.gz', 'GSM9616870_Panorama_EXP-2-AD-R3_W4A1_results.txt.gz', 'GSM9616870_Panorama_EXP-2-AD-R3_W4A1_results_assigned.txt.gz']"
GSE325911,GSE325911_tar_members.json,json_summary,0.017,,,,,,"[{'name': 'GSM9616841_APP23het_early_M1_roi1_DAPI_5.0_mu_dilated_segmentation_cell_stats.csv.gz', 'size': 180014}, {'name': 'GSM9616841_APP23het_early_M1_roi1_DAPI_5.0_mu_dilated_segmentation_counts.txt.gz', 'size': 106858}, {'name': 'GSM9616841_APP23het_early_M1_roi1_results.txt.gz', 'size': 745459}, {'name': 'GSM9616841_APP23het_early_M1_roi1_results_assigned.txt.gz', 'size': 1064054}, {'name': 'GSM9616842_APP23het_early_M1_roi2_DAPI_5.0_mu_dilated_segmentation_cell_stats.csv.gz', 'size': 73137}, {'name': 'GSM9616842_APP23het_early_M1_roi2_DAPI_5.0_mu_dilated_segmentation_counts.txt.gz', 'size': 43774}, {'name': 'GSM9616842_APP23het_early_M1_roi2_results.txt.gz', 'size': 302848}, {'name': 'GSM9616842_APP23het_early_M1_roi2_results_assigned.txt.gz', 'size': 434804}, {'name': 'GSM9616843_APP23het_early_M1_roi3_DAPI_5.0_mu_dilated_segmentation_cell_stats.csv.gz', 'size': 51507}, {'name': 'GSM9616843_APP23het_early_M1_roi3_DAPI_5.0_mu_dilated_segmentation_counts.txt.gz', 'size': 33431}, {'name': 'GSM9616843_APP23het_early_M1_roi3_results.txt.gz', 'size': 232826}, {'name': 'GSM9616843_APP23het_early_M1_roi3_results_assigned.txt.gz', 'size': 329915}, {'name': 'GSM9616844_APP23het_early_M2_roi1_DAPI_5.0_mu_dilated_segmentation_cell_stats.csv.gz', 'size': 94978}, {'name': 'GSM9616844_APP23het_early_M2_roi1_DAPI_5.0_mu_dilated_segmentation_counts.txt.gz', 'size': 74764}, {'name': 'GSM9616844_APP23het_early_M2_roi1_results.txt.gz', 'size': 1325266}, {'name': 'GSM9616844_APP23het_early_M2_roi1_results_assigned.txt.gz', 'size': 1854093}, {'name': 'GSM9616845_APP23het_early_M2_roi2_DAPI_5.0_mu_dilated_segmentation_cell_stats.csv.gz', 'size': 36384}, {'name': 'GSM9616845_APP23het_early_M2_roi2_DAPI_5.0_mu_dilated_segmentation_counts.txt.gz', 'size': 31335}, {'name': 'GSM9616845_APP23het_early_M2_roi2_results.txt.gz', 'size': 716589}, {'name': 'GSM9616845_APP23het_early_M2_roi2_results_assigned.txt.gz', 'size': 956176}, {'name': 'GSM9616846_APP23het_early_M2_roi3_DAPI_5.0_mu_dilated_segmentation_cell_stats.csv.gz', 'size': 71537}, {'name': 'GSM9616846_APP23het_early_M2_roi3_DAPI_5.0_mu_dilated_segmentation_counts.txt.gz', 'size': 54663}, {'name': 'GSM9616846_APP23het_early_M2_roi3_results.txt.gz', 'size': 930354}, {'name': 'GSM9616846_APP23het_early_M2_roi3_results_assigned.txt.gz', 'size': 1290298}, {'name': 'GSM9616847_APP23het_late_M1_roi1_DAPI_5.0_mu_dilated_segmentation_cell_stats.csv.gz', 'size': 54662}, {'name': 'GSM9616847_APP23het_late_M1_roi1_DAPI_5.0_mu_dilated_segmentation_counts.txt.gz', 'size': 54873}, {'name': 'GSM9616847_APP23het_late_M1_roi1_results.txt.gz', 'size': 5651743}, {'name': 'GSM9616847_APP23het_late_M1_roi1_results_assigned.txt.gz', 'size': 2795315}, {'name': 'GSM9616848_APP23het_late_M1_roi2_DAPI_5.0_mu_dilated_segmentation_cell_stats.csv.gz', 'size': 66668}, {'name': 'GSM9616848_APP23het_late_M1_roi2_DAPI_5.0_mu_dilated_segmentation_counts.txt.gz', 'size': 66021}]"
GSE325911,raw\GSM9616841_APP23het_early_M1_roi1_DAPI_5.0_mu_dilated_segmentation_cell_stats.csv.gz,table_summary,0.172,"sample_rows=5000 cols=7 sep=','",,,,,"columns=['cell', 'x', 'y', 'n_transcripts', 'density', 'area', 'areaPx']"
GSE325911,raw\GSM9616841_APP23het_early_M1_roi1_DAPI_5.0_mu_dilated_segmentation_cell_stats.csv.gz,table_column,0.172,"sample_rows=5000 cols=7 sep=','",cell,id_or_group_like,5000,Cell1_1319_32|Cell2_4975_20|Cell3_6938_25|Cell4_7393_15|Cell5_7762_16|Cell6_8540_13|Cell7_436_28|Cell8_3423_23|Cell9_3859_19|Cell10_4231_11|Cell11_6552_27|Cell12_7155_33,
GSE325911,raw\GSM9616841_APP23het_early_M1_roi1_DAPI_5.0_mu_dilated_segmentation_cell_stats.csv.gz,table_column,0.172,"sample_rows=5000 cols=7 sep=','",x,coordinate_like,4394,1319|4975|6938|7393|7762|8540|436|3423|3859|4231|6552|7155,
GSE325911,raw\GSM9616841_APP23het_early_M1_roi1_DAPI_5.0_mu_dilated_segmentation_cell_stats.csv.gz,table_column,0.172,"sample_rows=5000 cols=7 sep=','",y,coordinate_like,3530,32|20|25|15|16|13|28|23|19|11|27|33,
GSE325911,raw\GSM9616841_APP23het_early_M1_roi1_DAPI_5.0_mu_dilated_segmentation_counts.txt.gz,table_summary,0.102,sample_rows=91 cols=8590 sep='\t',,,,,"columns=['gene', 'Cell1_1319_32', 'Cell2_4975_20', 'Cell3_6938_25', 'Cell4_7393_15', 'Cell5_7762_16', 'Cell6_8540_13', 'Cell7_436_28', 'Cell8_3423_23', 'Cell9_3859_19', 'Cell10_4231_11', 'Cell11_6552_27', 'Cell12_7155_33', 'Cell13_5526_31', 'Cell14_8394_26', 'Cell15_2392_23', 'Cell16_5393_32', 'Cell17_5457_23', 'Cell18_7545_37', 'Cell19_8472_23', 'Cell20_1896_35', 'Cell21_8137_31', 'Cell22_132_51', 'Cell23_2498_26', 'Cell24_2704_28', 'Cell25_768_31', 'Cell26_6265_38', 'Cell27_5782_40', 'Cell28_18_41', 'Cell29_6180_28', 'Cell30_6108_32', 'Cell31_4286_29', 'Cell32_4872_32', 'Cell33_2598_45', 'Cell34_5681_37', 'Cell35_2340_47', 'Cell36_2674_67', 'Cell37_7733_69', 'Cell38_8562_96', 'Cell39_4780_60', 'Cell40_2493_85', 'Cell41_5090_56', 'Cell42_3411_85', 'Cell43_7830_62', 'Cell44_3947_87', 'Cell45_7409_71', 'Cell46_4921_90', 'Cell47_4067_84', 'Cell48_2762_76', 'Cell49_4200_105', 'Cell50_6382_110', 'Cell51_3748_94', 'Cell52_7282_101', 'Cell53_727_95', 'Cell54_802_100', 'Cell55_2690_112', 'Cell56_6898_98', 'Cell57_5951_109', 'Cell58_1985_106', 'Cell59_2805_106', 'Cell60_8051_115', 'Cell61_5716_135', 'Cell62_2063_115', 'Cell63_272_116', 'Cell64_5004_122', 'Cell65_6275_133', 'Cell66_1617_139', 'Cell67_4607_136', 'Cell68_5864_141', 'Cell69_4357_139', 'Cell70_6051_144', 'Cell71_1946_165', 'Cell72_8361_145', 'Cell73_7732_169', 'Cell74_1015_162', 'Cell75_4840_165', 'Cell76_1432_149', 'Cell77_3393_155', 'Cell78_4117_175', 'Cell79_2100_167']"
GSE325911,raw\GSM9616841_APP23het_early_M1_roi1_results.txt.gz,table_summary,0.711,sample_rows=5000 cols=5 sep='\t',,,,,"columns=['91', '211', '15', 'Cx3cl1', 'Unnamed: 4']"
GSE325911,raw\GSM9616841_APP23het_early_M1_roi1_results_assigned.txt.gz,table_summary,1.015,sample_rows=5000 cols=5 sep='\t',,,,,"columns=['91', '211', '15', 'Cx3cl1', 'Cell87_73_184']"
GSE325911,raw\GSM9616842_APP23het_early_M1_roi2_DAPI_5.0_mu_dilated_segmentation_cell_stats.csv.gz,table_summary,0.07,"sample_rows=3488 cols=7 sep=','",,,,,"columns=['cell', 'x', 'y', 'n_transcripts', 'density', 'area', 'areaPx']"
GSE325911,raw\GSM9616842_APP23het_early_M1_roi2_DAPI_5.0_mu_dilated_segmentation_cell_stats.csv.gz,table_column,0.07,"sample_rows=3488 cols=7 sep=','",cell,id_or_group_like,3488,Cell1_4575_34|Cell2_6061_23|Cell3_6361_21|Cell4_4218_12|Cell5_4158_14|Cell6_4030_46|Cell7_3855_32|Cell8_3920_39|Cell9_4189_54|Cell10_3961_32|Cell11_4136_100|Cell12_5314_60,
GSE325911,raw\GSM9616842_APP23het_early_M1_roi2_DAPI_5.0_mu_dilated_segmentation_cell_stats.csv.gz,table_column,0.07,"sample_rows=3488 cols=7 sep=','",x,coordinate_like,3036,4575|6061|6361|4218|4158|4030|3855|3920|4189|3961|4136|5314,
GSE325911,raw\GSM9616842_APP23het_early_M1_roi2_DAPI_5.0_mu_dilated_segmentation_cell_stats.csv.gz,table_column,0.07,"sample_rows=3488 cols=7 sep=','",y,coordinate_like,2823,34|23|21|12|14|46|32|39|54|100|60|65,
GSE325911,raw\GSM9616842_APP23het_early_M1_roi2_DAPI_5.0_mu_dilated_segmentation_counts.txt.gz,table_summary,0.042,sample_rows=81 cols=3489 sep='\t',,,,,"columns=['gene', 'Cell1_4575_34', 'Cell2_6061_23', 'Cell3_6361_21', 'Cell4_4218_12', 'Cell5_4158_14', 'Cell6_4030_46', 'Cell7_3855_32', 'Cell8_3920_39', 'Cell9_4189_54', 'Cell10_3961_32', 'Cell11_4136_100', 'Cell12_5314_60', 'Cell13_6157_65', 'Cell14_3847_88', 'Cell15_6415_111', 'Cell16_3760_110', 'Cell17_4604_118', 'Cell18_4038_156', 'Cell19_3524_191', 'Cell20_6140_189', 'Cell21_3664_206', 'Cell22_3726_288', 'Cell23_3154_343', 'Cell24_3062_345', 'Cell25_5622_378', 'Cell26_2955_382', 'Cell27_5316_387', 'Cell28_5403_395', 'Cell29_3089_423', 'Cell30_3784_409', 'Cell31_3001_438', 'Cell32_3419_436', 'Cell33_5216_456', 'Cell34_3203_465', 'Cell35_5867_443', 'Cell36_4806_500', 'Cell37_4175_467', 'Cell38_5424_486', 'Cell39_4525_482', 'Cell40_5784_487', 'Cell41_3622_482', 'Cell42_2565_516', 'Cell43_5955_545', 'Cell44_6040_537', 'Cell45_2710_541', 'Cell46_4879_540', 'Cell47_2429_553', 'Cell48_6299_589', 'Cell49_5882_572', 'Cell50_6200_588', 'Cell51_5759_570', 'Cell52_4702_587', 'Cell53_2347_589', 'Cell54_5360_612', 'Cell55_5217_620', 'Cell56_5284_606', 'Cell57_5631_628', 'Cell58_5995_633', 'Cell59_5508_633', 'Cell60_3223_643', 'Cell61_5754_652', 'Cell62_3337_621', 'Cell63_5827_638', 'Cell64_5913_651', 'Cell65_2187_662', 'Cell66_2325_666', 'Cell67_6396_674', 'Cell68_6098_663', 'Cell69_4571_698', 'Cell70_4954_701', 'Cell71_5298_701', 'Cell72_5722_693', 'Cell73_3612_729', 'Cell74_4719_711', 'Cell75_6175_689', 'Cell76_6281_700', 'Cell77_2728_721', 'Cell78_5928_723', 'Cell79_5053_726']"
GSE325911,raw\GSM9616842_APP23het_early_M1_roi2_results.txt.gz,table_summary,0.289,sample_rows=5000 cols=5 sep='\t',,,,,"columns=['3712', '123', '14', 'H2-Ab1', 'Unnamed: 4']"
GSE325911,raw\GSM9616842_APP23het_early_M1_roi2_results_assigned.txt.gz,table_summary,0.415,sample_rows=5000 cols=5 sep='\t',,,,,"columns=['3712', '123', '14', 'H2-Ab1', 'Cell16_3760_110']"
GSE325911,raw\GSM9616843_APP23het_early_M1_roi3_DAPI_5.0_mu_dilated_segmentation_cell_stats.csv.gz,table_summary,0.049,"sample_rows=2457 cols=7 sep=','",,,,,"columns=['cell', 'x', 'y', 'n_transcripts', 'density', 'area', 'areaPx']"
GSE325911,raw\GSM9616843_APP23het_early_M1_roi3_DAPI_5.0_mu_dilated_segmentation_cell_stats.csv.gz,table_column,0.049,"sample_rows=2457 cols=7 sep=','",cell,id_or_group_like,2457,Cell1_600_18|Cell2_1571_26|Cell3_2393_22|Cell4_2735_22|Cell5_4094_15|Cell6_722_27|Cell7_2968_24|Cell8_3057_16|Cell9_690_12|Cell10_2845_7|Cell11_3324_24|Cell12_3427_23,
GSE325911,raw\GSM9616843_APP23het_early_M1_roi3_DAPI_5.0_mu_dilated_segmentation_cell_stats.csv.gz,table_column,0.049,"sample_rows=2457 cols=7 sep=','",x,coordinate_like,2117,600|1571|2393|2735|4094|722|2968|3057|690|2845|3324|3427,
GSE325911,raw\GSM9616843_APP23het_early_M1_roi3_DAPI_5.0_mu_dilated_segmentation_cell_stats.csv.gz,table_column,0.049,"sample_rows=2457 cols=7 sep=','",y,coordinate_like,2159,18|26|22|15|27|24|16|12|7|23|34|36,
GSE325911,raw\GSM9616843_APP23het_early_M1_roi3_DAPI_5.0_mu_dilated_segmentation_counts.txt.gz,table_summary,0.032,sample_rows=83 cols=2458 sep='\t',,,,,"columns=['gene', 'Cell1_600_18', 'Cell2_1571_26', 'Cell3_2393_22', 'Cell4_2735_22', 'Cell5_4094_15', 'Cell6_722_27', 'Cell7_2968_24', 'Cell8_3057_16', 'Cell9_690_12', 'Cell10_2845_7', 'Cell11_3324_24', 'Cell12_3427_23', 'Cell13_655_34', 'Cell14_3129_23', 'Cell15_2068_36', 'Cell16_1948_41', 'Cell17_2851_50', 'Cell18_769_32', 'Cell19_3523_34', 'Cell20_1368_36', 'Cell21_196_37', 'Cell22_2244_25', 'Cell23_3880_33', 'Cell24_1288_36', 'Cell25_4053_54', 'Cell26_814_79', 'Cell27_476_65', 'Cell28_3729_72', 'Cell29_1194_91', 'Cell30_2213_119', 'Cell31_2961_96', 'Cell32_4009_87', 'Cell33_1801_106', 'Cell34_3531_130', 'Cell35_2706_109', 'Cell36_3959_124', 'Cell37_2791_140', 'Cell38_1300_152', 'Cell39_2404_146', 'Cell40_3114_158', 'Cell41_1550_160', 'Cell42_2549_140', 'Cell43_3859_153', 'Cell44_1669_156', 'Cell45_914_150', 'Cell46_1161_171', 'Cell47_3737_192', 'Cell48_1341_195', 'Cell49_772_166', 'Cell50_1021_174', 'Cell51_3347_190', 'Cell52_1848_184', 'Cell53_578_195', 'Cell54_2510_202', 'Cell55_964_198', 'Cell56_3493_204', 'Cell57_3046_210', 'Cell58_1092_212', 'Cell59_386_227', 'Cell60_4114_228', 'Cell61_850_220', 'Cell62_1884_236', 'Cell63_1734_225', 'Cell64_252_248', 'Cell65_1535_244', 'Cell66_1037_254', 'Cell67_2749_249', 'Cell68_772_269', 'Cell69_2646_252', 'Cell70_3461_270', 'Cell71_3753_288', 'Cell72_1379_272', 'Cell73_3330_284', 'Cell74_941_274', 'Cell75_3185_286', 'Cell76_24_277', 'Cell77_2350_287', 'Cell78_3561_299', 'Cell79_1598_305']"
GSE325911,raw\GSM9616843_APP23het_early_M1_roi3_results.txt.gz,table_summary,0.222,sample_rows=5000 cols=5 sep='\t',,,,,"columns=['913', '1019', '9', 'Cx3cl1', 'Unnamed: 4']"
GSE325911,raw\GSM9616843_APP23het_early_M1_roi3_results_assigned.txt.gz,table_summary,0.315,sample_rows=5000 cols=5 sep='\t',,,,,"columns=['913', '1019', '9', 'Cx3cl1', 'NotAssigned']"
GSE325911,raw\GSM9616844_APP23het_early_M2_roi1_DAPI_5.0_mu_dilated_segmentation_cell_stats.csv.gz,table_summary,0.091,"sample_rows=4335 cols=7 sep=','",,,,,"columns=['cell', 'x', 'y', 'n_transcripts', 'density', 'area', 'areaPx']"
GSE325911,raw\GSM9616844_APP23het_early_M2_roi1_DAPI_5.0_mu_dilated_segmentation_cell_stats.csv.gz,table_column,0.091,"sample_rows=4335 cols=7 sep=','",cell,id_or_group_like,4335,Cell1_7647_31|Cell2_7223_46|Cell3_7337_35|Cell4_10002_31|Cell5_9209_24|Cell6_7427_25|Cell7_8855_30|Cell8_9328_18|Cell9_10081_29|Cell10_7520_44|Cell11_6874_51|Cell12_9846_62,
GSE325911,raw\GSM9616844_APP23het_early_M2_roi1_DAPI_5.0_mu_dilated_segmentation_cell_stats.csv.gz,table_column,0.091,"sample_rows=4335 cols=7 sep=','",x,coordinate_like,3653,7647|7223|7337|10002|9209|7427|8855|9328|10081|7520|6874|9846,
GSE325911,raw\GSM9616844_APP23het_early_M2_roi1_DAPI_5.0_mu_dilated_segmentation_cell_stats.csv.gz,table_column,0.091,"sample_rows=4335 cols=7 sep=','",y,coordinate_like,3463,31|46|35|24|25|30|18|29|44|51|62|60,
GSE325911,raw\GSM9616844_APP23het_early_M2_roi1_DAPI_5.0_mu_dilated_segmentation_counts.txt.gz,table_summary,0.071,sample_rows=99 cols=4336 sep='\t',,,,,"columns=['gene', 'Cell1_7647_31', 'Cell2_7223_46', 'Cell3_7337_35', 'Cell4_10002_31', 'Cell5_9209_24', 'Cell6_7427_25', 'Cell7_8855_30', 'Cell8_9328_18', 'Cell9_10081_29', 'Cell10_7520_44', 'Cell11_6874_51', 'Cell12_9846_62', 'Cell13_7099_60', 'Cell14_8963_57', 'Cell15_7002_52', 'Cell16_9719_70', 'Cell17_9981_67', 'Cell18_9914_60', 'Cell19_9340_97', 'Cell20_10139_101', 'Cell21_9178_71', 'Cell22_7438_96', 'Cell23_8507_77', 'Cell24_9452_88', 'Cell25_9214_115', 'Cell26_10057_102', 'Cell27_8728_80', 'Cell28_7952_113', 'Cell29_6807_115', 'Cell30_9629_93', 'Cell31_9535_120', 'Cell32_6724_101', 'Cell33_9117_116', 'Cell34_8750_129', 'Cell35_10020_142', 'Cell36_8053_120', 'Cell37_6628_121', 'Cell38_8460_142', 'Cell39_7554_143', 'Cell40_9580_131', 'Cell41_6518_131', 'Cell42_9659_156', 'Cell43_9390_157', 'Cell44_6393_139', 'Cell45_9760_160', 'Cell46_8526_156', 'Cell47_8666_168', 'Cell48_8589_171', 'Cell49_6719_181', 'Cell50_8729_203', 'Cell51_5190_162', 'Cell52_10076_188', 'Cell53_8292_180', 'Cell54_6284_180', 'Cell55_6232_194', 'Cell56_6338_190', 'Cell57_6482_198', 'Cell58_6554_191', 'Cell59_5090_181', 'Cell60_6159_193', 'Cell61_6417_201', 'Cell62_9539_222', 'Cell63_8542_237', 'Cell64_4506_225', 'Cell65_4590_207', 'Cell66_7564_228', 'Cell67_5193_255', 'Cell68_9987_235', 'Cell69_4409_234', 'Cell70_9625_233', 'Cell71_4616_255', 'Cell72_9176_227', 'Cell73_4744_240', 'Cell74_7691_253', 'Cell75_9022_225', 'Cell76_8092_267', 'Cell77_5264_261', 'Cell78_4336_255', 'Cell79_4258_257']"
GSE325911,raw\GSM9616844_APP23het_early_M2_roi1_results.txt.gz,table_summary,1.264,sample_rows=5000 cols=5 sep='\t',,,,,"columns=['2609', '734', '15', 'H2-Ab1', 'Unnamed: 4']"
GSE325911,raw\GSM9616844_APP23het_early_M2_roi1_results_assigned.txt.gz,table_summary,1.768,sample_rows=5000 cols=5 sep='\t',,,,,"columns=['2609', '734', '15', 'H2-Ab1', 'Cell181_2626_766']"
GSE325911,raw\GSM9616845_APP23het_early_M2_roi2_DAPI_5.0_mu_dilated_segmentation_cell_stats.csv.gz,table_summary,0.035,"sample_rows=1639 cols=7 sep=','",,,,,"columns=['cell', 'x', 'y', 'n_transcripts', 'density', 'area', 'areaPx']"
GSE325911,raw\GSM9616845_APP23het_early_M2_roi2_DAPI_5.0_mu_dilated_segmentation_cell_stats.csv.gz,table_column,0.035,"sample_rows=1639 cols=7 sep=','",cell,id_or_group_like,1639,Cell1_5367_31|Cell2_8658_9|Cell3_7174_20|Cell4_5990_16|Cell5_5846_34|Cell6_8696_37|Cell7_5716_39|Cell8_8268_40|Cell9_5183_55|Cell10_5994_81|Cell11_6728_52|Cell12_7287_60,
GSE325911,raw\GSM9616845_APP23het_early_M2_roi2_DAPI_5.0_mu_dilated_segmentation_cell_stats.csv.gz,table_column,0.035,"sample_rows=1639 cols=7 sep=','",x,coordinate_like,1520,5367|8658|7174|5990|5846|8696|5716|8268|5183|5994|6728|7287,
GSE325911,raw\GSM9616845_APP23het_early_M2_roi2_DAPI_5.0_mu_dilated_segmentation_cell_stats.csv.gz,table_column,0.035,"sample_rows=1639 cols=7 sep=','",y,coordinate_like,1443,31|9|20|16|34|37|39|40|55|81|52|60,
GSE325911,raw\GSM9616845_APP23het_early_M2_roi2_DAPI_5.0_mu_dilated_segmentation_counts.txt.gz,table_summary,0.03,sample_rows=89 cols=1640 sep='\t',,,,,"columns=['gene', 'Cell1_5367_31', 'Cell2_8658_9', 'Cell3_7174_20', 'Cell4_5990_16', 'Cell5_5846_34', 'Cell6_8696_37', 'Cell7_5716_39', 'Cell8_8268_40', 'Cell9_5183_55', 'Cell10_5994_81', 'Cell11_6728_52', 'Cell12_7287_60', 'Cell13_5499_56', 'Cell14_6306_75', 'Cell15_9673_76', 'Cell16_7950_81', 'Cell17_8057_108', 'Cell18_5586_99', 'Cell19_5477_120', 'Cell20_5870_163', 'Cell21_7596_120', 'Cell22_9349_147', 'Cell23_5117_156', 'Cell24_8465_159', 'Cell25_5054_150', 'Cell26_9940_160', 'Cell27_7633_181', 'Cell28_9840_180', 'Cell29_5166_182', 'Cell30_5016_206', 'Cell31_9563_220', 'Cell32_5085_210', 'Cell33_5039_268', 'Cell34_7170_263', 'Cell35_5822_273', 'Cell36_9618_277', 'Cell37_10078_287', 'Cell38_4924_265', 'Cell39_9695_288', 'Cell40_6612_294', 'Cell41_7542_309', 'Cell42_8662_315', 'Cell43_4923_344', 'Cell44_4765_321', 'Cell45_8342_346', 'Cell46_5545_355', 'Cell47_8620_371', 'Cell48_6811_383', 'Cell49_4714_371', 'Cell50_9272_380', 'Cell51_8126_381', 'Cell52_7229_409', 'Cell53_4785_421', 'Cell54_6369_426', 'Cell55_7375_436', 'Cell56_9580_428', 'Cell57_5367_467', 'Cell58_4624_457', 'Cell59_5941_475', 'Cell60_6053_475', 'Cell61_5127_465', 'Cell62_4531_458', 'Cell63_4837_488', 'Cell64_5051_482', 'Cell65_4421_493', 'Cell66_10316_496', 'Cell67_10011_499', 'Cell68_4501_534', 'Cell69_7759_542', 'Cell70_4319_521', 'Cell71_9137_557', 'Cell72_7851_564', 'Cell73_9486_543', 'Cell74_10519_583', 'Cell75_5299_567', 'Cell76_10006_587', 'Cell77_5731_571', 'Cell78_10298_582', 'Cell79_4087_580']"
GSE325911,raw\GSM9616845_APP23het_early_M2_roi2_results.txt.gz,table_summary,0.683,sample_rows=5000 cols=5 sep='\t',,,,,"columns=['3346', '969', '10', 'H2-Ab1', 'Unnamed: 4']"
GSE325911,raw\GSM9616845_APP23het_early_M2_roi2_results_assigned.txt.gz,table_summary,0.912,sample_rows=5000 cols=5 sep='\t',,,,,"columns=['3346', '969', '10', 'H2-Ab1', 'Cell172_3288_1009']"
GSE325911,raw\GSM9616846_APP23het_early_M2_roi3_DAPI_5.0_mu_dilated_segmentation_cell_stats.csv.gz,table_summary,0.068,"sample_rows=3289 cols=7 sep=','",,,,,"columns=['cell', 'x', 'y', 'n_transcripts', 'density', 'area', 'areaPx']"
GSE325911,raw\GSM9616846_APP23het_early_M2_roi3_DAPI_5.0_mu_dilated_segmentation_cell_stats.csv.gz,table_column,0.068,"sample_rows=3289 cols=7 sep=','",cell,id_or_group_like,3289,Cell1_4200_3|Cell2_4798_22|Cell3_6141_10|Cell4_6288_24|Cell5_6663_25|Cell6_7090_22|Cell7_8206_12|Cell8_8276_18|Cell9_8345_15|Cell10_8643_28|Cell11_9464_26|Cell12_9936_27,
GSE325911,raw\GSM9616846_APP23het_early_M2_roi3_DAPI_5.0_mu_dilated_segmentation_cell_stats.csv.gz,table_column,0.068,"sample_rows=3289 cols=7 sep=','",x,coordinate_like,2841,4200|4798|6141|6288|6663|7090|8206|8276|8345|8643|9464|9936,
GSE325911,raw\GSM9616846_APP23het_early_M2_roi3_DAPI_5.0_mu_dilated_segmentation_cell_stats.csv.gz,table_column,0.068,"sample_rows=3289 cols=7 sep=','",y,coordinate_like,2711,3|22|10|24|25|12|18|15|28|26|27|7,
GSE325911,raw\GSM9616846_APP23het_early_M2_roi3_DAPI_5.0_mu_dilated_segmentation_counts.txt.gz,table_summary,0.052,sample_rows=101 cols=3290 sep='\t',,,,,"columns=['gene', 'Cell1_4200_3', 'Cell2_4798_22', 'Cell3_6141_10', 'Cell4_6288_24', 'Cell5_6663_25', 'Cell6_7090_22', 'Cell7_8206_12', 'Cell8_8276_18', 'Cell9_8345_15', 'Cell10_8643_28', 'Cell11_9464_26', 'Cell12_9936_27', 'Cell13_159_22', 'Cell14_501_22', 'Cell15_830_7', 'Cell16_2423_15', 'Cell17_3217_25', 'Cell18_3647_29', 'Cell19_4541_18', 'Cell20_5024_29', 'Cell21_1750_30', 'Cell22_2531_20', 'Cell23_3818_35', 'Cell24_8557_29', 'Cell25_7760_41', 'Cell26_7948_21', 'Cell27_375_16', 'Cell28_9382_18', 'Cell29_5501_25', 'Cell30_7643_34', 'Cell31_10370_25', 'Cell32_4065_34', 'Cell33_5318_25', 'Cell34_682_28', 'Cell35_2238_25', 'Cell36_5635_37', 'Cell37_9068_28', 'Cell38_1434_39', 'Cell39_6088_46', 'Cell40_7532_25', 'Cell41_4188_53', 'Cell42_6176_40', 'Cell43_5236_40', 'Cell44_2459_55', 'Cell45_837_55', 'Cell46_4273_39', 'Cell47_8714_41', 'Cell48_8804_25', 'Cell49_8128_31', 'Cell50_2354_23', 'Cell51_8210_86', 'Cell52_9811_39', 'Cell53_386_71', 'Cell54_2048_39', 'Cell55_9366_63', 'Cell56_8403_42', 'Cell57_4964_47', 'Cell58_7553_77', 'Cell59_10110_57', 'Cell60_238_60', 'Cell61_5776_57', 'Cell62_3740_60', 'Cell63_4860_65', 'Cell64_5411_76', 'Cell65_9992_88', 'Cell66_2098_80', 'Cell67_9178_64', 'Cell68_6405_69', 'Cell69_8964_53', 'Cell70_9739_74', 'Cell71_9128_93', 'Cell72_8074_84', 'Cell73_310_105', 'Cell74_9580_95', 'Cell75_2176_82', 'Cell76_6979_71', 'Cell77_663_96', 'Cell78_1056_86', 'Cell79_2750_76']"
GSE325911,raw\GSM9616846_APP23het_early_M2_roi3_results.txt.gz,table_summary,0.887,sample_rows=5000 cols=5 sep='\t',,,,,"columns=['1320', '1170', '13', 'Ly6g', 'Unnamed: 4']"
GSE325911,raw\GSM9616846_APP23het_early_M2_roi3_results_assigned.txt.gz,table_summary,1.231,sample_rows=5000 cols=5 sep='\t',,,,,"columns=['1320', '1170', '13', 'Ly6g', 'Cell659_1324_1224']"
GSE325911,raw\GSM9616847_APP23het_late_M1_roi1_DAPI_5.0_mu_dilated_segmentation_cell_stats.csv.gz,table_summary,0.052,"sample_rows=2438 cols=7 sep=','",,,,,"columns=['cell', 'x', 'y', 'n_transcripts', 'density', 'area', 'areaPx']"
GSE325911,raw\GSM9616847_APP23het_late_M1_roi1_DAPI_5.0_mu_dilated_segmentation_cell_stats.csv.gz,table_column,0.052,"sample_rows=2438 cols=7 sep=','",cell,id_or_group_like,2438,Cell1_2588_11|Cell2_2654_15|Cell3_3191_21|Cell4_3930_15|Cell5_4059_13|Cell6_4589_18|Cell7_5538_7|Cell8_5878_17|Cell9_6338_29|Cell10_5361_17|Cell11_4330_28|Cell12_4183_31,
GSE325911,raw\GSM9616847_APP23het_late_M1_roi1_DAPI_5.0_mu_dilated_segmentation_cell_stats.csv.gz,table_column,0.052,"sample_rows=2438 cols=7 sep=','",x,coordinate_like,2037,2588|2654|3191|3930|4059|4589|5538|5878|6338|5361|4330|4183,
GSE325911,raw\GSM9616847_APP23het_late_M1_roi1_DAPI_5.0_mu_dilated_segmentation_cell_stats.csv.gz,table_column,0.052,"sample_rows=2438 cols=7 sep=','",y,coordinate_like,2225,11|15|21|13|18|7|17|29|28|31|38|40,
GSE325911,raw\GSM9616847_APP23het_late_M1_roi1_DAPI_5.0_mu_dilated_segmentation_counts.txt.gz,table_summary,0.052,sample_rows=106 cols=2439 sep='\t',,,,,"columns=['gene', 'Cell1_2588_11', 'Cell2_2654_15', 'Cell3_3191_21', 'Cell4_3930_15', 'Cell5_4059_13', 'Cell6_4589_18', 'Cell7_5538_7', 'Cell8_5878_17', 'Cell9_6338_29', 'Cell10_5361_17', 'Cell11_4330_28', 'Cell12_4183_31', 'Cell13_5491_38', 'Cell14_2548_40', 'Cell15_4099_35', 'Cell16_4229_44', 'Cell17_4012_60', 'Cell18_5944_58', 'Cell19_3062_59', 'Cell20_2693_78', 'Cell21_2433_86', 'Cell22_6370_86', 'Cell23_4540_89', 'Cell24_5626_108', 'Cell25_3750_109', 'Cell26_2751_103', 'Cell27_5405_121', 'Cell28_3047_135', 'Cell29_6134_127', 'Cell30_3960_136', 'Cell31_4068_156', 'Cell32_3863_150', 'Cell33_4568_153', 'Cell34_2731_183', 'Cell35_3217_182', 'Cell36_2393_178', 'Cell37_3314_195', 'Cell38_5187_183', 'Cell39_5105_204', 'Cell40_5816_208', 'Cell41_6363_223', 'Cell42_5645_211', 'Cell43_2857_221', 'Cell44_5368_220', 'Cell45_6059_214', 'Cell46_5239_235', 'Cell47_5310_218', 'Cell48_3933_246', 'Cell49_4002_242', 'Cell50_4588_232', 'Cell51_2941_238', 'Cell52_6243_235', 'Cell53_5982_224', 'Cell54_3654_230', 'Cell55_5470_255', 'Cell56_3592_260', 'Cell57_5919_268', 'Cell58_4471_262', 'Cell59_5175_282', 'Cell60_5989_292', 'Cell61_6083_293', 'Cell62_3530_280', 'Cell63_4750_277', 'Cell64_3659_313', 'Cell65_2275_303', 'Cell66_4521_317', 'Cell67_5321_305', 'Cell68_3213_317', 'Cell69_3460_315', 'Cell70_5644_302', 'Cell71_2202_325', 'Cell72_6180_336', 'Cell73_3808_324', 'Cell74_6299_334', 'Cell75_2392_338', 'Cell76_5022_348', 'Cell77_5631_385', 'Cell78_3587_375', 'Cell79_2896_357']"
GSE325911,raw\GSM9616847_APP23het_late_M1_roi1_results.txt.gz,table_summary,5.39,sample_rows=5000 cols=5 sep='\t',,,,,"columns=['1491', '201', '9', 'H2-Ab1', 'Unnamed: 4']"
GSE325911,raw\GSM9616847_APP23het_late_M1_roi1_results_assigned.txt.gz,table_summary,2.666,sample_rows=5000 cols=5 sep='\t',,,,,"columns=['991', '643', '9', 'H2-Ab1', 'NotAssigned']"
GSE325911,raw\GSM9616848_APP23het_late_M1_roi2_DAPI_5.0_mu_dilated_segmentation_cell_stats.csv.gz,table_summary,0.064,"sample_rows=2995 cols=7 sep=','",,,,,"columns=['cell', 'x', 'y', 'n_transcripts', 'density', 'area', 'areaPx']"
GSE325911,raw\GSM9616848_APP23het_late_M1_roi2_DAPI_5.0_mu_dilated_segmentation_cell_stats.csv.gz,table_column,0.064,"sample_rows=2995 cols=7 sep=','",cell,id_or_group_like,2995,Cell1_3896_23|Cell2_3965_57|Cell3_2760_70|Cell4_3013_73|Cell5_2061_94|Cell6_1691_122|Cell7_3873_130|Cell8_2484_188|Cell9_3597_186|Cell10_1459_192|Cell11_3497_204|Cell12_3841_254,
GSE325911,raw\GSM9616848_APP23het_late_M1_roi2_DAPI_5.0_mu_dilated_segmentation_cell_stats.csv.gz,table_column,0.064,"sample_rows=2995 cols=7 sep=','",x,coordinate_like,2334,3896|3965|2760|3013|2061|1691|3873|2484|3597|1459|3497|3841,
GSE325911,raw\GSM9616848_APP23het_late_M1_roi2_DAPI_5.0_mu_dilated_segmentation_cell_stats.csv.gz,table_column,0.064,"sample_rows=2995 cols=7 sep=','",y,coordinate_like,2575,23|57|70|73|94|122|130|188|186|192|204|254,
GSE325911,raw\GSM9616848_APP23het_late_M1_roi2_DAPI_5.0_mu_dilated_segmentation_counts.txt.gz,table_summary,0.063,sample_rows=102 cols=2996 sep='\t',,,,,"columns=['gene', 'Cell1_3896_23', 'Cell2_3965_57', 'Cell3_2760_70', 'Cell4_3013_73', 'Cell5_2061_94', 'Cell6_1691_122', 'Cell7_3873_130', 'Cell8_2484_188', 'Cell9_3597_186', 'Cell10_1459_192', 'Cell11_3497_204', 'Cell12_3841_254', 'Cell13_3697_266', 'Cell14_1461_269', 'Cell15_1741_282', 'Cell16_3940_278', 'Cell17_1555_294', 'Cell18_1437_328', 'Cell19_2120_311', 'Cell20_4106_335', 'Cell21_4017_343', 'Cell22_2723_353', 'Cell23_3421_381', 'Cell24_3140_408', 'Cell25_3900_456', 'Cell26_2404_468', 'Cell27_2638_488', 'Cell28_1572_513', 'Cell29_2910_510', 'Cell30_2387_537', 'Cell31_1976_521', 'Cell32_1757_547', 'Cell33_3037_551', 'Cell34_4010_601', 'Cell35_1911_660', 'Cell36_1536_678', 'Cell37_4251_719', 'Cell38_3466_706', 'Cell39_3396_790', 'Cell40_3770_781', 'Cell41_4149_777', 'Cell42_2336_816', 'Cell43_2765_807', 'Cell44_3590_822', 'Cell45_2044_840', 'Cell46_3652_845', 'Cell47_2505_868', 'Cell48_3593_903', 'Cell49_1296_898', 'Cell50_3118_921', 'Cell51_3566_937', 'Cell52_3498_924', 'Cell53_3383_938', 'Cell54_2720_940', 'Cell55_4235_951', 'Cell56_1225_961', 'Cell57_1591_959', 'Cell58_3565_1005', 'Cell59_1357_992', 'Cell60_1901_991', 'Cell61_3409_1012', 'Cell62_3110_1055', 'Cell63_3805_1071', 'Cell64_3464_1081', 'Cell65_1244_1084', 'Cell66_2632_1099', 'Cell67_4012_1094', 'Cell68_1502_1115', 'Cell69_4234_1123', 'Cell70_3994_1176', 'Cell71_1176_1171', 'Cell72_3236_1165', 'Cell73_1014_1180', 'Cell74_1665_1195', 'Cell75_2007_1224', 'Cell76_853_1241', 'Cell77_3019_1249', 'Cell78_1343_1264', 'Cell79_963_1262']"
GSE325911,raw\GSM9616848_APP23het_late_M1_roi2_results.txt.gz,table_summary,1.941,sample_rows=5000 cols=5 sep='\t',,,,,"columns=['991', '643', '9', 'H2-Ab1', 'Unnamed: 4']"
GSE325911,raw\GSM9616848_APP23het_late_M1_roi2_results_assigned.txt.gz,table_summary,2.714,sample_rows=5000 cols=5 sep='\t',,,,,"columns=['855', '1769', '21', 'H2-Ab1', 'Cell133_889_1749']"
GSE325911,raw\GSM9616849_APP23het_late_M1_roi3_DAPI_5.0_mu_dilated_segmentation_cell_stats.csv.gz,table_summary,0.145,"sample_rows=5000 cols=7 sep=','",,,,,"columns=['cell', 'x', 'y', 'n_transcripts', 'density', 'area', 'areaPx']"
GSE325911,raw\GSM9616849_APP23het_late_M1_roi3_DAPI_5.0_mu_dilated_segmentation_cell_stats.csv.gz,table_column,0.145,"sample_rows=5000 cols=7 sep=','",cell,id_or_group_like,5000,Cell1_1938_21|Cell2_3577_22|Cell3_3942_18|Cell4_4211_20|Cell5_4694_20|Cell6_6037_19|Cell7_6120_32|Cell8_1303_15|Cell9_1839_35|Cell10_3728_34|Cell11_4516_41|Cell12_5523_44,
GSE325911,raw\GSM9616849_APP23het_late_M1_roi3_DAPI_5.0_mu_dilated_segmentation_cell_stats.csv.gz,table_column,0.145,"sample_rows=5000 cols=7 sep=','",x,coordinate_like,4155,1938|3577|3942|4211|4694|6037|6120|1303|1839|3728|4516|5523,
GSE325911,raw\GSM9616849_APP23het_late_M1_roi3_DAPI_5.0_mu_dilated_segmentation_cell_stats.csv.gz,table_column,0.145,"sample_rows=5000 cols=7 sep=','",y,coordinate_like,3636,21|22|18|20|19|32|15|35|34|41|44|27,
GSE325911,raw\GSM9616849_APP23het_late_M1_roi3_DAPI_5.0_mu_dilated_segmentation_counts.txt.gz,table_summary,0.156,sample_rows=107 cols=6758 sep='\t',,,,,"columns=['gene', 'Cell1_1938_21', 'Cell2_3577_22', 'Cell3_3942_18', 'Cell4_4211_20', 'Cell5_4694_20', 'Cell6_6037_19', 'Cell7_6120_32', 'Cell8_1303_15', 'Cell9_1839_35', 'Cell10_3728_34', 'Cell11_4516_41', 'Cell12_5523_44', 'Cell13_5162_27', 'Cell14_2266_37', 'Cell15_3403_40', 'Cell16_1661_61', 'Cell17_1392_47', 'Cell18_2966_45', 'Cell19_5370_53', 'Cell20_5627_74', 'Cell21_3911_74', 'Cell22_3567_94', 'Cell23_5290_78', 'Cell24_2750_83', 'Cell25_3107_85', 'Cell26_3242_97', 'Cell27_1228_76', 'Cell28_1348_123', 'Cell29_4323_77', 'Cell30_1888_111', 'Cell31_5231_119', 'Cell32_4427_109', 'Cell33_6027_106', 'Cell34_2875_127', 'Cell35_756_129', 'Cell36_3719_123', 'Cell37_5563_135', 'Cell38_6363_133', 'Cell39_4339_163', 'Cell40_5166_142', 'Cell41_5083_141', 'Cell42_5740_148', 'Cell43_6139_149', 'Cell44_1145_162', 'Cell45_63_157', 'Cell46_6028_181', 'Cell47_3337_171', 'Cell48_4633_180', 'Cell49_1675_170', 'Cell50_4218_181', 'Cell51_1593_182', 'Cell52_2853_196', 'Cell53_1245_198', 'Cell54_4874_182', 'Cell55_4991_207', 'Cell56_6172_209', 'Cell57_1496_186', 'Cell58_4755_196', 'Cell59_2925_210', 'Cell60_5183_218', 'Cell61_354_197', 'Cell62_2241_204', 'Cell63_3495_229', 'Cell64_5824_207', 'Cell65_5584_216', 'Cell66_5262_215', 'Cell67_5315_252', 'Cell68_6344_225', 'Cell69_6248_238', 'Cell70_5735_255', 'Cell71_5924_253', 'Cell72_3167_253', 'Cell73_3854_263', 'Cell74_4501_266', 'Cell75_432_269', 'Cell76_5634_271', 'Cell77_5545_286', 'Cell78_6276_300', 'Cell79_1288_282']"
GSE325911,raw\GSM9616849_APP23het_late_M1_roi3_results.txt.gz,table_summary,1.834,sample_rows=5000 cols=5 sep='\t',,,,,"columns=['855', '1769', '21', 'H2-Ab1', 'Unnamed: 4']"
GSE325911,raw\GSM9616849_APP23het_late_M1_roi3_results_assigned.txt.gz,table_summary,8.087,sample_rows=5000 cols=5 sep='\t',,,,,"columns=['1491', '201', '9', 'H2-Ab1', 'Cell57_1496_186']"
GSE325911,raw\GSM9616850_APP23het_late_M2_roi1_DAPI_5.0_mu_dilated_segmentation_cell_stats.csv.gz,table_summary,0.148,"sample_rows=5000 cols=7 sep=','",,,,,"columns=['cell', 'x', 'y', 'n_transcripts', 'density', 'area', 'areaPx']"
GSE325911,raw\GSM9616850_APP23het_late_M2_roi1_DAPI_5.0_mu_dilated_segmentation_cell_stats.csv.gz,table_column,0.148,"sample_rows=5000 cols=7 sep=','",cell,id_or_group_like,5000,Cell1_30_21|Cell2_459_34|Cell3_666_19|Cell4_1869_26|Cell5_2694_25|Cell6_3067_27|Cell7_3486_17|Cell8_3748_23|Cell9_4155_42|Cell10_565_19|Cell11_3290_24|Cell12_2273_23,
GSE325911,raw\GSM9616850_APP23het_late_M2_roi1_DAPI_5.0_mu_dilated_segmentation_cell_stats.csv.gz,table_column,0.148,"sample_rows=5000 cols=7 sep=','",x,coordinate_like,4061,30|459|666|1869|2694|3067|3486|3748|4155|565|3290|2273,
GSE325911,raw\GSM9616850_APP23het_late_M2_roi1_DAPI_5.0_mu_dilated_segmentation_cell_stats.csv.gz,table_column,0.148,"sample_rows=5000 cols=7 sep=','",y,coordinate_like,3842,21|34|19|26|25|27|17|23|42|24|32|47,
GSE325911,raw\GSM9616850_APP23het_late_M2_roi1_DAPI_5.0_mu_dilated_segmentation_counts.txt.gz,table_summary,0.163,sample_rows=112 cols=6852 sep='\t',,,,,"columns=['gene', 'Cell1_30_21', 'Cell2_459_34', 'Cell3_666_19', 'Cell4_1869_26', 'Cell5_2694_25', 'Cell6_3067_27', 'Cell7_3486_17', 'Cell8_3748_23', 'Cell9_4155_42', 'Cell10_565_19', 'Cell11_3290_24', 'Cell12_2273_23', 'Cell13_204_32', 'Cell14_3389_25', 'Cell15_1129_47', 'Cell16_3675_29', 'Cell17_4065_43', 'Cell18_2243_73', 'Cell19_1725_79', 'Cell20_3618_57', 'Cell21_33_78', 'Cell22_1194_100', 'Cell23_3562_98', 'Cell24_3304_107', 'Cell25_682_101', 'Cell26_3394_132', 'Cell27_768_106', 'Cell28_1315_111', 'Cell29_3628_128', 'Cell30_2047_125', 'Cell31_2855_134', 'Cell32_2432_126', 'Cell33_4275_155', 'Cell34_1534_144', 'Cell35_1893_155', 'Cell36_1430_148', 'Cell37_562_158', 'Cell38_1346_186', 'Cell39_378_176', 'Cell40_1814_186', 'Cell41_3204_178', 'Cell42_1588_199', 'Cell43_3974_185', 'Cell44_1659_227', 'Cell45_968_234', 'Cell46_3797_241', 'Cell47_3683_232', 'Cell48_2814_244', 'Cell49_2184_247', 'Cell50_718_256', 'Cell51_3003_247', 'Cell52_3290_280', 'Cell53_4224_271', 'Cell54_3889_282', 'Cell55_1410_265', 'Cell56_3445_270', 'Cell57_614_273', 'Cell58_851_290', 'Cell59_335_286', 'Cell60_3360_278', 'Cell61_4084_300', 'Cell62_4182_326', 'Cell63_518_317', 'Cell64_3611_330', 'Cell65_3542_316', 'Cell66_1922_312', 'Cell67_3461_349', 'Cell68_1292_328', 'Cell69_3363_367', 'Cell70_1955_375', 'Cell71_1258_407', 'Cell72_2178_386', 'Cell73_3700_380', 'Cell74_1650_392', 'Cell75_4226_404', 'Cell76_2533_405', 'Cell77_4087_438', 'Cell78_3734_460', 'Cell79_150_448']"
GSE325911,raw\GSM9616850_APP23het_late_M2_roi1_results.txt.gz,table_summary,6.37,sample_rows=5000 cols=5 sep='\t',,,,,"columns=['2119', '1005', '12', 'H2-Ab1', 'Unnamed: 4']"
GSE325911,raw\GSM9616850_APP23het_late_M2_roi1_results_assigned.txt.gz,table_summary,9.378,sample_rows=5000 cols=5 sep='\t',,,,,"columns=['2119', '1005', '12', 'H2-Ab1', 'Cell179_2093_1013']"
GSE325911,raw\GSM9616851_APP23het_late_M2_roi2_DAPI_5.0_mu_dilated_segmentation_cell_stats.csv.gz,table_summary,0.279,"sample_rows=5000 cols=7 sep=','",,,,,"columns=['cell', 'x', 'y', 'n_transcripts', 'density', 'area', 'areaPx']"
GSE325911,raw\GSM9616851_APP23het_late_M2_roi2_DAPI_5.0_mu_dilated_segmentation_cell_stats.csv.gz,table_column,0.279,"sample_rows=5000 cols=7 sep=','",cell,id_or_group_like,5000,Cell1_17270_31|Cell2_17577_10|Cell3_17128_17|Cell4_16838_30|Cell5_17782_23|Cell6_16683_32|Cell7_18606_36|Cell8_18984_41|Cell9_18227_30|Cell10_19251_41|Cell11_16967_41|Cell12_17948_30,
GSE325911,raw\GSM9616851_APP23het_late_M2_roi2_DAPI_5.0_mu_dilated_segmentation_cell_stats.csv.gz,table_column,0.279,"sample_rows=5000 cols=7 sep=','",x,coordinate_like,4157,17270|17577|17128|16838|17782|16683|18606|18984|18227|19251|16967|17948,
GSE325911,raw\GSM9616851_APP23het_late_M2_roi2_DAPI_5.0_mu_dilated_segmentation_cell_stats.csv.gz,table_column,0.279,"sample_rows=5000 cols=7 sep=','",y,coordinate_like,3560,31|10|17|30|23|32|36|41|35|86|38|70,
GSE325911,raw\GSM9616851_APP23het_late_M2_roi2_DAPI_5.0_mu_dilated_segmentation_counts.txt.gz,table_summary,0.29,sample_rows=116 cols=12910 sep='\t',,,,,"columns=['gene', 'Cell1_17270_31', 'Cell2_17577_10', 'Cell3_17128_17', 'Cell4_16838_30', 'Cell5_17782_23', 'Cell6_16683_32', 'Cell7_18606_36', 'Cell8_18984_41', 'Cell9_18227_30', 'Cell10_19251_41', 'Cell11_16967_41', 'Cell12_17948_30', 'Cell13_19185_35', 'Cell14_17575_86', 'Cell15_17034_38', 'Cell16_16457_70', 'Cell17_16579_82', 'Cell18_19104_64', 'Cell19_16516_69', 'Cell20_17869_80', 'Cell21_18465_85', 'Cell22_16698_81', 'Cell23_17483_90', 'Cell24_16230_117', 'Cell25_18885_80', 'Cell26_18200_98', 'Cell27_16360_116', 'Cell28_16831_98', 'Cell29_16701_121', 'Cell30_16123_107', 'Cell31_15861_130', 'Cell32_17115_135', 'Cell33_18798_149', 'Cell34_17005_129', 'Cell35_15573_140', 'Cell36_17304_143', 'Cell37_16008_127', 'Cell38_16141_170', 'Cell39_15675_161', 'Cell40_15420_176', 'Cell41_16184_175', 'Cell42_16304_185', 'Cell43_15943_162', 'Cell44_16068_147', 'Cell45_19001_169', 'Cell46_19124_180', 'Cell47_16800_164', 'Cell48_17002_201', 'Cell49_16039_220', 'Cell50_17639_181', 'Cell51_18254_194', 'Cell52_15278_204', 'Cell53_16574_200', 'Cell54_14992_206', 'Cell55_15122_219', 'Cell56_15199_223', 'Cell57_18175_226', 'Cell58_17994_229', 'Cell59_16603_271', 'Cell60_14858_258', 'Cell61_16722_270', 'Cell62_16253_256', 'Cell63_15764_263', 'Cell64_14976_284', 'Cell65_18589_259', 'Cell66_14692_277', 'Cell67_16842_278', 'Cell68_14337_285', 'Cell69_15556_279', 'Cell70_19029_292', 'Cell71_15088_289', 'Cell72_18484_292', 'Cell73_19099_297', 'Cell74_14454_307', 'Cell75_14219_296', 'Cell76_17136_315', 'Cell77_14561_317', 'Cell78_14722_340', 'Cell79_15993_332']"
GSE325911,raw\GSM9616851_APP23het_late_M2_roi2_results.txt.gz,table_summary,10.105,sample_rows=5000 cols=5 sep='\t',,,,,"columns=['12517', '1074', '13', 'H2-Ab1', 'Unnamed: 4']"
GSE325911,raw\GSM9616851_APP23het_late_M2_roi2_results_assigned.txt.gz,table_summary,14.965,sample_rows=5000 cols=5 sep='\t',,,,,"columns=['12517', '1074', '13', 'H2-Ab1', 'Cell330_12512_1096']"
GSE325911,raw\GSM9616852_APP23wt_early_M1_roi1_DAPI_5.0_mu_dilated_segmentation_cell_stats.csv.gz,table_summary,0.153,"sample_rows=5000 cols=7 sep=','",,,,,"columns=['cell', 'x', 'y', 'n_transcripts', 'density', 'area', 'areaPx']"
GSE325911,raw\GSM9616852_APP23wt_early_M1_roi1_DAPI_5.0_mu_dilated_segmentation_cell_stats.csv.gz,table_column,0.153,"sample_rows=5000 cols=7 sep=','",cell,id_or_group_like,5000,Cell1_15627_23|Cell2_15335_27|Cell3_15185_41|Cell4_15558_74|Cell5_15755_98|Cell6_16082_119|Cell7_15467_159|Cell8_15956_185|Cell9_16862_186|Cell10_16693_196|Cell11_15733_207|Cell12_15324_215,
GSE325911,raw\GSM9616852_APP23wt_early_M1_roi1_DAPI_5.0_mu_dilated_segmentation_cell_stats.csv.gz,table_column,0.153,"sample_rows=5000 cols=7 sep=','",x,coordinate_like,4301,15627|15335|15185|15558|15755|16082|15467|15956|16862|16693|15733|15324,
GSE325911,raw\GSM9616852_APP23wt_early_M1_roi1_DAPI_5.0_mu_dilated_segmentation_cell_stats.csv.gz,table_column,0.153,"sample_rows=5000 cols=7 sep=','",y,coordinate_like,3819,23|27|41|74|98|119|159|185|186|196|207|215,
GSE325911,raw\GSM9616852_APP23wt_early_M1_roi1_DAPI_5.0_mu_dilated_segmentation_counts.txt.gz,table_summary,0.086,sample_rows=86 cols=7654 sep='\t',,,,,"columns=['gene', 'Cell1_15627_23', 'Cell2_15335_27', 'Cell3_15185_41', 'Cell4_15558_74', 'Cell5_15755_98', 'Cell6_16082_119', 'Cell7_15467_159', 'Cell8_15956_185', 'Cell9_16862_186', 'Cell10_16693_196', 'Cell11_15733_207', 'Cell12_15324_215', 'Cell13_17050_263', 'Cell14_16341_357', 'Cell15_16070_358', 'Cell16_15294_374', 'Cell17_17075_416', 'Cell18_16563_422', 'Cell19_15090_468', 'Cell20_15296_467', 'Cell21_15752_479', 'Cell22_15842_482', 'Cell23_15554_515', 'Cell24_15199_507', 'Cell25_15279_546', 'Cell26_15935_528', 'Cell27_16057_548', 'Cell28_15453_544', 'Cell29_17028_558', 'Cell30_16665_613', 'Cell31_16583_642', 'Cell32_15484_635', 'Cell33_16514_664', 'Cell34_15533_730', 'Cell35_15957_707', 'Cell36_15953_807', 'Cell37_15682_896', 'Cell38_16778_902', 'Cell39_15795_908', 'Cell40_16352_921', 'Cell41_16458_931', 'Cell42_17012_986', 'Cell43_15247_1001', 'Cell44_16526_1021', 'Cell45_15997_1073', 'Cell46_15049_1088', 'Cell47_16615_1110', 'Cell48_16487_1102', 'Cell49_16276_1121', 'Cell50_15036_1158', 'Cell51_16406_1150', 'Cell52_15143_1177', 'Cell53_15238_1173', 'Cell54_15329_1191', 'Cell55_16535_1206', 'Cell56_15656_1199', 'Cell57_15464_1208', 'Cell58_16898_1212', 'Cell59_15027_1251', 'Cell60_16242_1220', 'Cell61_16415_1251', 'Cell62_15872_1257', 'Cell63_17042_1241', 'Cell64_15807_1239', 'Cell65_15254_1273', 'Cell66_17102_1275', 'Cell67_16975_1295', 'Cell68_15759_1289', 'Cell69_15186_1291', 'Cell70_15630_1311', 'Cell71_16566_1317', 'Cell72_16374_1310', 'Cell73_15096_1334', 'Cell74_15984_1338', 'Cell75_16667_1336', 'Cell76_15377_1356', 'Cell77_16824_1347', 'Cell78_16232_1353', 'Cell79_15726_1369']"
GSE325911,raw\GSM9616852_APP23wt_early_M1_roi1_results.txt.gz,table_summary,0.646,sample_rows=5000 cols=5 sep='\t',,,,,"columns=['16702', '578', '19', 'H2-Ab1', 'Unnamed: 4']"
GSE325911,raw\GSM9616852_APP23wt_early_M1_roi1_results_assigned.txt.gz,table_summary,0.918,sample_rows=5000 cols=5 sep='\t',,,,,"columns=['16702', '578', '19', 'H2-Ab1', 'Cell30_16665_613']"
GSE325911,raw\GSM9616853_APP23wt_early_M1_roi2_DAPI_5.0_mu_dilated_segmentation_cell_stats.csv.gz,table_summary,0.042,"sample_rows=2063 cols=7 sep=','",,,,,"columns=['cell', 'x', 'y', 'n_transcripts', 'density', 'area', 'areaPx']"
GSE325911,raw\GSM9616853_APP23wt_early_M1_roi2_DAPI_5.0_mu_dilated_segmentation_cell_stats.csv.gz,table_column,0.042,"sample_rows=2063 cols=7 sep=','",cell,id_or_group_like,2063,Cell1_4599_14|Cell2_6104_27|Cell3_5085_39|Cell4_7714_34|Cell5_6896_20|Cell6_4530_40|Cell7_6797_36|Cell8_6986_37|Cell9_4946_41|Cell10_4625_54|Cell11_6640_54|Cell12_5468_64,
GSE325911,raw\GSM9616853_APP23wt_early_M1_roi2_DAPI_5.0_mu_dilated_segmentation_cell_stats.csv.gz,table_column,0.042,"sample_rows=2063 cols=7 sep=','",x,coordinate_like,1776,4599|6104|5085|7714|6896|4530|6797|6986|4946|4625|6640|5468,
GSE325911,raw\GSM9616853_APP23wt_early_M1_roi2_DAPI_5.0_mu_dilated_segmentation_cell_stats.csv.gz,table_column,0.042,"sample_rows=2063 cols=7 sep=','",y,coordinate_like,1887,14|27|39|34|20|40|36|37|41|54|64|70,
GSE325911,raw\GSM9616853_APP23wt_early_M1_roi2_DAPI_5.0_mu_dilated_segmentation_counts.txt.gz,table_summary,0.026,sample_rows=62 cols=2064 sep='\t',,,,,"columns=['gene', 'Cell1_4599_14', 'Cell2_6104_27', 'Cell3_5085_39', 'Cell4_7714_34', 'Cell5_6896_20', 'Cell6_4530_40', 'Cell7_6797_36', 'Cell8_6986_37', 'Cell9_4946_41', 'Cell10_4625_54', 'Cell11_6640_54', 'Cell12_5468_64', 'Cell13_5310_70', 'Cell14_5942_82', 'Cell15_7835_83', 'Cell16_7561_90', 'Cell17_5684_82', 'Cell18_5016_112', 'Cell19_5861_102', 'Cell20_5666_140', 'Cell21_6159_136', 'Cell22_6955_134', 'Cell23_4513_165', 'Cell24_4652_176', 'Cell25_8038_183', 'Cell26_6390_193', 'Cell27_4407_176', 'Cell28_5859_223', 'Cell29_5614_190', 'Cell30_7778_217', 'Cell31_4901_214', 'Cell32_4811_221', 'Cell33_5305_230', 'Cell34_6876_252', 'Cell35_5648_263', 'Cell36_4965_247', 'Cell37_6636_245', 'Cell38_4744_259', 'Cell39_7912_302', 'Cell40_4654_305', 'Cell41_6015_307', 'Cell42_6541_333', 'Cell43_7051_335', 'Cell44_7826_339', 'Cell45_4733_347', 'Cell46_6973_350', 'Cell47_8199_362', 'Cell48_7537_351', 'Cell49_4350_349', 'Cell50_4909_346', 'Cell51_5080_356', 'Cell52_8383_353', 'Cell53_6106_389', 'Cell54_5365_384', 'Cell55_5556_388', 'Cell56_6215_386', 'Cell57_4455_387', 'Cell58_8489_411', 'Cell59_5889_443', 'Cell60_5683_439', 'Cell61_5992_445', 'Cell62_6664_429', 'Cell63_5345_450', 'Cell64_7145_456', 'Cell65_4464_473', 'Cell66_8127_458', 'Cell67_5075_471', 'Cell68_6529_482', 'Cell69_6330_474', 'Cell70_7041_472', 'Cell71_6397_492', 'Cell72_4558_483', 'Cell73_5558_497', 'Cell74_6069_506', 'Cell75_5409_514', 'Cell76_8146_543', 'Cell77_5491_525', 'Cell78_8531_524', 'Cell79_7644_531']"
GSE325911,raw\GSM9616853_APP23wt_early_M1_roi2_results.txt.gz,table_summary,0.283,sample_rows=5000 cols=5 sep='\t',,,,,"columns=['5083', '666', '20', 'Cx3cl1', 'Unnamed: 4']"
GSE325911,raw\GSM9616853_APP23wt_early_M1_roi2_results_assigned.txt.gz,table_summary,0.382,sample_rows=5000 cols=5 sep='\t',,,,,"columns=['5083', '666', '20', 'Cx3cl1', 'Cell94_5067_661']"
GSE325911,raw\GSM9616854_APP23wt_early_M1_roi3_DAPI_5.0_mu_dilated_segmentation_cell_stats.csv.gz,table_summary,0.044,"sample_rows=2146 cols=7 sep=','",,,,,"columns=['cell', 'x', 'y', 'n_transcripts', 'density', 'area', 'areaPx']"
GSE325911,raw\GSM9616854_APP23wt_early_M1_roi3_DAPI_5.0_mu_dilated_segmentation_cell_stats.csv.gz,table_column,0.044,"sample_rows=2146 cols=7 sep=','",cell,id_or_group_like,2146,Cell1_2880_24|Cell2_4137_18|Cell3_2258_19|Cell4_3248_20|Cell5_2792_37|Cell6_3971_45|Cell7_3024_32|Cell8_4080_47|Cell9_3874_62|Cell10_3498_68|Cell11_3788_80|Cell12_3146_84,
GSE325911,raw\GSM9616854_APP23wt_early_M1_roi3_DAPI_5.0_mu_dilated_segmentation_cell_stats.csv.gz,table_column,0.044,"sample_rows=2146 cols=7 sep=','",x,coordinate_like,1850,2880|4137|2258|3248|2792|3971|3024|4080|3874|3498|3788|3146,
GSE325911,raw\GSM9616854_APP23wt_early_M1_roi3_DAPI_5.0_mu_dilated_segmentation_cell_stats.csv.gz,table_column,0.044,"sample_rows=2146 cols=7 sep=','",y,coordinate_like,1976,24|18|19|20|37|45|32|47|62|68|80|84,
GSE325911,raw\GSM9616854_APP23wt_early_M1_roi3_DAPI_5.0_mu_dilated_segmentation_counts.txt.gz,table_summary,0.028,sample_rows=77 cols=2147 sep='\t',,,,,"columns=['gene', 'Cell1_2880_24', 'Cell2_4137_18', 'Cell3_2258_19', 'Cell4_3248_20', 'Cell5_2792_37', 'Cell6_3971_45', 'Cell7_3024_32', 'Cell8_4080_47', 'Cell9_3874_62', 'Cell10_3498_68', 'Cell11_3788_80', 'Cell12_3146_84', 'Cell13_3033_108', 'Cell14_3397_94', 'Cell15_3248_101', 'Cell16_2392_117', 'Cell17_4182_127', 'Cell18_2766_175', 'Cell19_2455_182', 'Cell20_3679_177', 'Cell21_4144_204', 'Cell22_3848_192', 'Cell23_3939_207', 'Cell24_3484_223', 'Cell25_3382_230', 'Cell26_3123_235', 'Cell27_3257_237', 'Cell28_2163_261', 'Cell29_4035_272', 'Cell30_2846_252', 'Cell31_2417_281', 'Cell32_2851_340', 'Cell33_4253_371', 'Cell34_3104_331', 'Cell35_4190_328', 'Cell36_3216_397', 'Cell37_3295_429', 'Cell38_2320_437', 'Cell39_3357_439', 'Cell40_3414_487', 'Cell41_2873_461', 'Cell42_3734_468', 'Cell43_4084_507', 'Cell44_3132_501', 'Cell45_2246_556', 'Cell46_3504_543', 'Cell47_3140_590', 'Cell48_3266_593', 'Cell49_3462_599', 'Cell50_2173_627', 'Cell51_3947_639', 'Cell52_3353_664', 'Cell53_3841_661', 'Cell54_2654_683', 'Cell55_2441_699', 'Cell56_4256_697', 'Cell57_3559_697', 'Cell58_3972_726', 'Cell59_2774_724', 'Cell60_3901_751', 'Cell61_4105_752', 'Cell62_3109_792', 'Cell63_2179_829', 'Cell64_2690_825', 'Cell65_3019_839', 'Cell66_2767_849', 'Cell67_3550_851', 'Cell68_3856_879', 'Cell69_4179_884', 'Cell70_3389_914', 'Cell71_2914_908', 'Cell72_2615_923', 'Cell73_2480_942', 'Cell74_3637_929', 'Cell75_2350_951', 'Cell76_3705_945', 'Cell77_3764_971', 'Cell78_2804_979', 'Cell79_2239_981']"
GSE325911,raw\GSM9616854_APP23wt_early_M1_roi3_results.txt.gz,table_summary,0.375,sample_rows=5000 cols=5 sep='\t',,,,,"columns=['2444', '1482', '14', 'Cx3cl1', 'Unnamed: 4']"
GSE325911,raw\GSM9616854_APP23wt_early_M1_roi3_results_assigned.txt.gz,table_summary,0.503,sample_rows=5000 cols=5 sep='\t',,,,,"columns=['2444', '1482', '14', 'Cx3cl1', 'NotAssigned']"
GSE325911,raw\GSM9616855_APP23wt_early_M2_roi1_DAPI_5.0_mu_dilated_segmentation_cell_stats.csv.gz,table_summary,0.144,"sample_rows=5000 cols=7 sep=','",,,,,"columns=['cell', 'x', 'y', 'n_transcripts', 'density', 'area', 'areaPx']"
GSE325911,raw\GSM9616855_APP23wt_early_M2_roi1_DAPI_5.0_mu_dilated_segmentation_cell_stats.csv.gz,table_column,0.144,"sample_rows=5000 cols=7 sep=','",cell,id_or_group_like,5000,Cell1_2763_18|Cell2_2861_24|Cell3_3565_25|Cell4_4308_28|Cell5_4670_24|Cell6_5396_36|Cell7_5622_24|Cell8_5937_33|Cell9_6682_17|Cell10_7550_30|Cell11_9849_22|Cell12_10457_23,
GSE325911,raw\GSM9616855_APP23wt_early_M2_roi1_DAPI_5.0_mu_dilated_segmentation_cell_stats.csv.gz,table_column,0.144,"sample_rows=5000 cols=7 sep=','",x,coordinate_like,3965,2763|2861|3565|4308|4670|5396|5622|5937|6682|7550|9849|10457,
GSE325911,raw\GSM9616855_APP23wt_early_M2_roi1_DAPI_5.0_mu_dilated_segmentation_cell_stats.csv.gz,table_column,0.144,"sample_rows=5000 cols=7 sep=','",y,coordinate_like,3904,18|24|25|28|36|33|17|30|22|23|34|46,
GSE325911,raw\GSM9616855_APP23wt_early_M2_roi1_DAPI_5.0_mu_dilated_segmentation_counts.txt.gz,table_summary,0.082,sample_rows=83 cols=7201 sep='\t',,,,,"columns=['gene', 'Cell1_2763_18', 'Cell2_2861_24', 'Cell3_3565_25', 'Cell4_4308_28', 'Cell5_4670_24', 'Cell6_5396_36', 'Cell7_5622_24', 'Cell8_5937_33', 'Cell9_6682_17', 'Cell10_7550_30', 'Cell11_9849_22', 'Cell12_10457_23', 'Cell13_3043_18', 'Cell14_8471_34', 'Cell15_3980_22', 'Cell16_4092_36', 'Cell17_5551_30', 'Cell18_8098_28', 'Cell19_10223_46', 'Cell20_7292_41', 'Cell21_7650_36', 'Cell22_5882_69', 'Cell23_5230_65', 'Cell24_6283_54', 'Cell25_6949_59', 'Cell26_6401_83', 'Cell27_6476_73', 'Cell28_9865_81', 'Cell29_2559_82', 'Cell30_6234_106', 'Cell31_8295_80', 'Cell32_9735_87', 'Cell33_2710_94', 'Cell34_3656_80', 'Cell35_4593_102', 'Cell36_3097_88', 'Cell37_4430_105', 'Cell38_6069_113', 'Cell39_6722_95', 'Cell40_3456_122', 'Cell41_7814_94', 'Cell42_9959_102', 'Cell43_3540_115', 'Cell44_2460_105', 'Cell45_3867_119', 'Cell46_4075_130', 'Cell47_9421_128', 'Cell48_2933_133', 'Cell49_4676_138', 'Cell50_10030_127', 'Cell51_8009_127', 'Cell52_6182_157', 'Cell53_4894_140', 'Cell54_3258_131', 'Cell55_8385_158', 'Cell56_7110_140', 'Cell57_7835_162', 'Cell58_4788_164', 'Cell59_9889_167', 'Cell60_5928_169', 'Cell61_3741_172', 'Cell62_6580_161', 'Cell63_3376_166', 'Cell64_5062_178', 'Cell65_5694_164', 'Cell66_9492_181', 'Cell67_9636_193', 'Cell68_7016_187', 'Cell69_5435_183', 'Cell70_3088_187', 'Cell71_4534_195', 'Cell72_6784_199', 'Cell73_7606_193', 'Cell74_8034_208', 'Cell75_10049_219', 'Cell76_3601_216', 'Cell77_10527_218', 'Cell78_2640_233', 'Cell79_5764_255']"
GSE325911,raw\GSM9616855_APP23wt_early_M2_roi1_results.txt.gz,table_summary,0.612,sample_rows=5000 cols=5 sep='\t',,,,,"columns=['2361', '1355', '18', 'Cx3cl1', 'Unnamed: 4']"
GSE325911,raw\GSM9616855_APP23wt_early_M2_roi1_results_assigned.txt.gz,table_summary,0.871,sample_rows=5000 cols=5 sep='\t',,,,,"columns=['2361', '1355', '18', 'Cx3cl1', 'Cell537_2310_1364']"
GSE325911,raw\GSM9616856_APP23wt_early_M2_roi2_DAPI_5.0_mu_dilated_segmentation_cell_stats.csv.gz,table_summary,0.08,"sample_rows=3828 cols=7 sep=','",,,,,"columns=['cell', 'x', 'y', 'n_transcripts', 'density', 'area', 'areaPx']"
GSE325911,raw\GSM9616856_APP23wt_early_M2_roi2_DAPI_5.0_mu_dilated_segmentation_cell_stats.csv.gz,table_column,0.08,"sample_rows=3828 cols=7 sep=','",cell,id_or_group_like,3828,Cell1_25_31|Cell2_2548_26|Cell3_5513_21|Cell4_6735_24|Cell5_7297_21|Cell6_8154_20|Cell7_1807_24|Cell8_1141_32|Cell9_1892_26|Cell10_1968_25|Cell11_8061_28|Cell12_3026_28,
GSE325911,raw\GSM9616856_APP23wt_early_M2_roi2_DAPI_5.0_mu_dilated_segmentation_cell_stats.csv.gz,table_column,0.08,"sample_rows=3828 cols=7 sep=','",x,coordinate_like,3365,25|2548|5513|6735|7297|8154|1807|1141|1892|1968|8061|3026,
GSE325911,raw\GSM9616856_APP23wt_early_M2_roi2_DAPI_5.0_mu_dilated_segmentation_cell_stats.csv.gz,table_column,0.08,"sample_rows=3828 cols=7 sep=','",y,coordinate_like,3024,31|26|21|24|20|32|25|28|34|33|22|55,
GSE325911,raw\GSM9616856_APP23wt_early_M2_roi2_DAPI_5.0_mu_dilated_segmentation_counts.txt.gz,table_summary,0.053,sample_rows=81 cols=3829 sep='\t',,,,,"columns=['gene', 'Cell1_25_31', 'Cell2_2548_26', 'Cell3_5513_21', 'Cell4_6735_24', 'Cell5_7297_21', 'Cell6_8154_20', 'Cell7_1807_24', 'Cell8_1141_32', 'Cell9_1892_26', 'Cell10_1968_25', 'Cell11_8061_28', 'Cell12_3026_28', 'Cell13_2282_34', 'Cell14_2874_33', 'Cell15_7541_26', 'Cell16_7730_28', 'Cell17_5712_22', 'Cell18_1644_55', 'Cell19_7645_39', 'Cell20_5112_31', 'Cell21_435_40', 'Cell22_2029_33', 'Cell23_6272_43', 'Cell24_3128_29', 'Cell25_2125_29', 'Cell26_8130_52', 'Cell27_2464_47', 'Cell28_5391_50', 'Cell29_1091_78', 'Cell30_7993_59', 'Cell31_3710_64', 'Cell32_6081_64', 'Cell33_869_64', 'Cell34_4227_69', 'Cell35_8297_67', 'Cell36_5960_64', 'Cell37_2665_65', 'Cell38_5712_99', 'Cell39_1407_84', 'Cell40_5088_110', 'Cell41_6829_92', 'Cell42_8135_87', 'Cell43_6727_119', 'Cell44_7037_86', 'Cell45_2411_116', 'Cell46_3172_111', 'Cell47_3814_103', 'Cell48_6927_95', 'Cell49_7859_104', 'Cell50_2559_99', 'Cell51_4918_107', 'Cell52_3061_100', 'Cell53_4010_110', 'Cell54_8183_120', 'Cell55_4351_129', 'Cell56_4632_121', 'Cell57_1273_117', 'Cell58_2823_122', 'Cell59_3300_134', 'Cell60_8401_157', 'Cell61_1573_137', 'Cell62_8098_146', 'Cell63_648_127', 'Cell64_7590_138', 'Cell65_3529_147', 'Cell66_183_153', 'Cell67_6600_159', 'Cell68_5444_165', 'Cell69_7705_163', 'Cell70_5237_163', 'Cell71_7006_183', 'Cell72_1518_221', 'Cell73_7190_189', 'Cell74_5952_181', 'Cell75_663_222', 'Cell76_1160_193', 'Cell77_3683_192', 'Cell78_2868_219', 'Cell79_6018_219']"
GSE325911,raw\GSM9616856_APP23wt_early_M2_roi2_results.txt.gz,table_summary,0.98,sample_rows=5000 cols=5 sep='\t',,,,,"columns=['43', '1002', '12', 'Cx3cl1', 'Unnamed: 4']"
GSE325911,raw\GSM9616856_APP23wt_early_M2_roi2_results_assigned.txt.gz,table_summary,1.354,sample_rows=5000 cols=5 sep='\t',,,,,"columns=['43', '1002', '12', 'Cx3cl1', 'Cell353_55_1041']"
GSE325911,raw\GSM9616857_APP23wt_early_M2_roi3_DAPI_5.0_mu_dilated_segmentation_cell_stats.csv.gz,table_summary,0.061,"sample_rows=3041 cols=7 sep=','",,,,,"columns=['cell', 'x', 'y', 'n_transcripts', 'density', 'area', 'areaPx']"
GSE325911,raw\GSM9616857_APP23wt_early_M2_roi3_DAPI_5.0_mu_dilated_segmentation_cell_stats.csv.gz,table_column,0.061,"sample_rows=3041 cols=7 sep=','",cell,id_or_group_like,3041,Cell1_2161_33|Cell2_2893_27|Cell3_4110_15|Cell4_5947_29|Cell5_7547_29|Cell6_7795_22|Cell7_4897_9|Cell8_5561_26|Cell9_6995_35|Cell10_3754_36|Cell11_6421_28|Cell12_3220_36,
GSE325911,raw\GSM9616857_APP23wt_early_M2_roi3_DAPI_5.0_mu_dilated_segmentation_cell_stats.csv.gz,table_column,0.061,"sample_rows=3041 cols=7 sep=','",x,coordinate_like,2558,2161|2893|4110|5947|7547|7795|4897|5561|6995|3754|6421|3220,
GSE325911,raw\GSM9616857_APP23wt_early_M2_roi3_DAPI_5.0_mu_dilated_segmentation_cell_stats.csv.gz,table_column,0.061,"sample_rows=3041 cols=7 sep=','",y,coordinate_like,2553,33|27|15|29|22|9|26|35|36|28|18|41,
GSE325911,raw\GSM9616857_APP23wt_early_M2_roi3_DAPI_5.0_mu_dilated_segmentation_counts.txt.gz,table_summary,0.038,sample_rows=77 cols=3042 sep='\t',,,,,"columns=['gene', 'Cell1_2161_33', 'Cell2_2893_27', 'Cell3_4110_15', 'Cell4_5947_29', 'Cell5_7547_29', 'Cell6_7795_22', 'Cell7_4897_9', 'Cell8_5561_26', 'Cell9_6995_35', 'Cell10_3754_36', 'Cell11_6421_28', 'Cell12_3220_36', 'Cell13_6168_18', 'Cell14_4592_41', 'Cell15_4668_26', 'Cell16_4063_51', 'Cell17_7308_17', 'Cell18_2224_44', 'Cell19_4145_40', 'Cell20_7167_40', 'Cell21_4844_44', 'Cell22_2577_37', 'Cell23_4914_81', 'Cell24_7274_49', 'Cell25_6193_62', 'Cell26_6613_65', 'Cell27_7729_85', 'Cell28_8075_78', 'Cell29_4745_96', 'Cell30_5863_103', 'Cell31_2202_128', 'Cell32_3533_102', 'Cell33_3183_119', 'Cell34_5425_131', 'Cell35_4859_146', 'Cell36_2442_139', 'Cell37_3483_137', 'Cell38_4286_126', 'Cell39_2325_134', 'Cell40_6975_112', 'Cell41_4110_131', 'Cell42_4999_143', 'Cell43_7384_123', 'Cell44_6178_152', 'Cell45_6778_121', 'Cell46_3795_146', 'Cell47_5672_157', 'Cell48_4089_183', 'Cell49_3982_198', 'Cell50_6782_188', 'Cell51_6883_203', 'Cell52_5522_187', 'Cell53_2813_182', 'Cell54_2890_210', 'Cell55_7414_217', 'Cell56_3424_217', 'Cell57_3329_218', 'Cell58_5114_209', 'Cell59_5566_240', 'Cell60_4198_219', 'Cell61_2220_213', 'Cell62_6752_243', 'Cell63_3698_231', 'Cell64_3806_250', 'Cell65_4393_240', 'Cell66_2631_231', 'Cell67_7814_255', 'Cell68_8110_262', 'Cell69_7876_274', 'Cell70_4114_274', 'Cell71_7393_297', 'Cell72_2672_306', 'Cell73_5123_300', 'Cell74_4581_318', 'Cell75_5860_305', 'Cell76_5691_312', 'Cell77_4346_327', 'Cell78_3425_336', 'Cell79_3093_337']"
GSE325911,raw\GSM9616857_APP23wt_early_M2_roi3_results.txt.gz,table_summary,0.346,sample_rows=5000 cols=5 sep='\t',,,,,"columns=['3147', '1177', '7', 'Cx3cl1', 'Unnamed: 4']"
GSE325911,raw\GSM9616857_APP23wt_early_M2_roi3_results_assigned.txt.gz,table_summary,0.491,sample_rows=5000 cols=5 sep='\t',,,,,"columns=['3147', '1177', '7', 'Cx3cl1', 'NotAssigned']"
GSE325911,raw\GSM9616858_APP23wt_late_M1_roi1_DAPI_5.0_mu_dilated_segmentation_cell_stats.csv.gz,table_summary,0.165,"sample_rows=5000 cols=7 sep=','",,,,,"columns=['cell', 'x', 'y', 'n_transcripts', 'density', 'area', 'areaPx']"
GSE325911,raw\GSM9616858_APP23wt_late_M1_roi1_DAPI_5.0_mu_dilated_segmentation_cell_stats.csv.gz,table_column,0.165,"sample_rows=5000 cols=7 sep=','",cell,id_or_group_like,5000,Cell1_2170_24|Cell2_2685_23|Cell3_2968_26|Cell4_3443_29|Cell5_3747_26|Cell6_3341_17|Cell7_3538_19|Cell8_3984_19|Cell9_2361_18|Cell10_4086_14|Cell11_2466_56|Cell12_4123_63,
GSE325911,raw\GSM9616858_APP23wt_late_M1_roi1_DAPI_5.0_mu_dilated_segmentation_cell_stats.csv.gz,table_column,0.165,"sample_rows=5000 cols=7 sep=','",x,coordinate_like,3733,2170|2685|2968|3443|3747|3341|3538|3984|2361|4086|2466|4123,
GSE325911,raw\GSM9616858_APP23wt_late_M1_roi1_DAPI_5.0_mu_dilated_segmentation_cell_stats.csv.gz,table_column,0.165,"sample_rows=5000 cols=7 sep=','",y,coordinate_like,4111,24|23|26|29|17|19|18|14|56|63|64|92,
GSE325911,raw\GSM9616858_APP23wt_late_M1_roi1_DAPI_5.0_mu_dilated_segmentation_counts.txt.gz,table_summary,0.188,sample_rows=109 cols=7547 sep='\t',,,,,"columns=['gene', 'Cell1_2170_24', 'Cell2_2685_23', 'Cell3_2968_26', 'Cell4_3443_29', 'Cell5_3747_26', 'Cell6_3341_17', 'Cell7_3538_19', 'Cell8_3984_19', 'Cell9_2361_18', 'Cell10_4086_14', 'Cell11_2466_56', 'Cell12_4123_63', 'Cell13_2855_64', 'Cell14_4056_92', 'Cell15_2263_84', 'Cell16_2659_97', 'Cell17_3117_116', 'Cell18_4141_115', 'Cell19_2192_131', 'Cell20_2973_103', 'Cell21_3746_120', 'Cell22_3931_136', 'Cell23_4224_154', 'Cell24_2508_161', 'Cell25_2962_173', 'Cell26_2410_164', 'Cell27_2337_197', 'Cell28_3182_168', 'Cell29_2751_183', 'Cell30_3742_200', 'Cell31_2669_197', 'Cell32_3243_206', 'Cell33_4061_222', 'Cell34_3619_233', 'Cell35_4224_232', 'Cell36_2863_244', 'Cell37_3874_230', 'Cell38_2959_245', 'Cell39_3176_254', 'Cell40_2438_274', 'Cell41_3088_253', 'Cell42_3755_263', 'Cell43_3310_268', 'Cell44_4180_284', 'Cell45_2719_278', 'Cell46_2330_296', 'Cell47_2206_307', 'Cell48_2969_336', 'Cell49_3938_299', 'Cell50_3831_324', 'Cell51_4044_333', 'Cell52_3483_315', 'Cell53_2846_332', 'Cell54_3643_344', 'Cell55_4270_338', 'Cell56_2266_341', 'Cell57_3932_379', 'Cell58_3299_350', 'Cell59_2503_384', 'Cell60_3822_394', 'Cell61_3404_377', 'Cell62_2700_396', 'Cell63_2810_426', 'Cell64_4099_410', 'Cell65_2165_403', 'Cell66_2626_422', 'Cell67_2329_419', 'Cell68_3417_434', 'Cell69_2996_414', 'Cell70_3144_421', 'Cell71_3697_445', 'Cell72_2203_482', 'Cell73_2969_491', 'Cell74_2681_494', 'Cell75_2439_496', 'Cell76_3102_506', 'Cell77_4273_507', 'Cell78_2786_521', 'Cell79_3873_529']"
GSE325911,raw\GSM9616858_APP23wt_late_M1_roi1_results.txt.gz,table_summary,9.321,sample_rows=5000 cols=5 sep='\t',,,,,"columns=['4085', '406', '23', 'H2-Ab1', 'Unnamed: 4']"
GSE325911,raw\GSM9616858_APP23wt_late_M1_roi1_results_assigned.txt.gz,table_summary,13.569,sample_rows=5000 cols=5 sep='\t',,,,,"columns=['4085', '406', '23', 'H2-Ab1', 'Cell64_4099_410']"
GSE325911,raw\GSM9616859_APP23wt_late_M1_roi2_DAPI_5.0_mu_dilated_segmentation_cell_stats.csv.gz,table_summary,0.111,"sample_rows=5000 cols=7 sep=','",,,,,"columns=['cell', 'x', 'y', 'n_transcripts', 'density', 'area', 'areaPx']"
GSE325911,raw\GSM9616859_APP23wt_late_M1_roi2_DAPI_5.0_mu_dilated_segmentation_cell_stats.csv.gz,table_column,0.111,"sample_rows=5000 cols=7 sep=','",cell,id_or_group_like,5000,Cell1_4487_25|Cell2_4916_15|Cell3_5335_25|Cell4_7796_18|Cell5_7951_22|Cell6_8164_38|Cell7_4389_30|Cell8_4316_39|Cell9_6677_35|Cell10_6845_26|Cell11_7865_17|Cell12_8053_55,
GSE325911,raw\GSM9616859_APP23wt_late_M1_roi2_DAPI_5.0_mu_dilated_segmentation_cell_stats.csv.gz,table_column,0.111,"sample_rows=5000 cols=7 sep=','",x,coordinate_like,4090,4487|4916|5335|7796|7951|8164|4389|4316|6677|6845|7865|8053,
GSE325911,raw\GSM9616859_APP23wt_late_M1_roi2_DAPI_5.0_mu_dilated_segmentation_cell_stats.csv.gz,table_column,0.111,"sample_rows=5000 cols=7 sep=','",y,coordinate_like,3822,25|15|18|22|38|30|39|35|26|17|55|34,
GSE325911,raw\GSM9616859_APP23wt_late_M1_roi2_DAPI_5.0_mu_dilated_segmentation_counts.txt.gz,table_summary,0.126,sample_rows=108 cols=5112 sep='\t',,,,,"columns=['gene', 'Cell1_4487_25', 'Cell2_4916_15', 'Cell3_5335_25', 'Cell4_7796_18', 'Cell5_7951_22', 'Cell6_8164_38', 'Cell7_4389_30', 'Cell8_4316_39', 'Cell9_6677_35', 'Cell10_6845_26', 'Cell11_7865_17', 'Cell12_8053_55', 'Cell13_6562_38', 'Cell14_6378_34', 'Cell15_6213_37', 'Cell16_7306_36', 'Cell17_4981_68', 'Cell18_6968_22', 'Cell19_7843_68', 'Cell20_4297_103', 'Cell21_6962_96', 'Cell22_5240_84', 'Cell23_7412_63', 'Cell24_6118_81', 'Cell25_6874_85', 'Cell26_8250_99', 'Cell27_5558_98', 'Cell28_5939_94', 'Cell29_7062_99', 'Cell30_6608_105', 'Cell31_6906_117', 'Cell32_7209_118', 'Cell33_8526_123', 'Cell34_4992_136', 'Cell35_7697_145', 'Cell36_6825_140', 'Cell37_4468_123', 'Cell38_6409_130', 'Cell39_7445_165', 'Cell40_8443_164', 'Cell41_5879_159', 'Cell42_4606_162', 'Cell43_6664_185', 'Cell44_5085_179', 'Cell45_6089_194', 'Cell46_4507_188', 'Cell47_6466_193', 'Cell48_5933_212', 'Cell49_7059_194', 'Cell50_4305_222', 'Cell51_8220_217', 'Cell52_8662_196', 'Cell53_6197_216', 'Cell54_4944_210', 'Cell55_4389_221', 'Cell56_7275_217', 'Cell57_6963_218', 'Cell58_6527_251', 'Cell59_6631_248', 'Cell60_7354_238', 'Cell61_8551_264', 'Cell62_7068_266', 'Cell63_7140_233', 'Cell64_7456_266', 'Cell65_7849_269', 'Cell66_6250_244', 'Cell67_6309_276', 'Cell68_7612_272', 'Cell69_5840_291', 'Cell70_7534_287', 'Cell71_5624_290', 'Cell72_8777_298', 'Cell73_6764_332', 'Cell74_6988_317', 'Cell75_8895_322', 'Cell76_8144_348', 'Cell77_6080_313', 'Cell78_7644_339', 'Cell79_6904_331']"
GSE325911,raw\GSM9616859_APP23wt_late_M1_roi2_results.txt.gz,table_summary,5.557,sample_rows=5000 cols=5 sep='\t',,,,,"columns=['4922', '577', '9', 'H2-Ab1', 'Unnamed: 4']"
GSE325911,raw\GSM9616859_APP23wt_late_M1_roi2_results_assigned.txt.gz,table_summary,8.139,sample_rows=5000 cols=5 sep='\t',,,,,"columns=['4922', '577', '9', 'H2-Ab1', 'Cell151_4918_585']"
GSE325911,raw\GSM9616860_APP23wt_late_M2_roi1_DAPI_5.0_mu_dilated_segmentation_cell_stats.csv.gz,table_summary,0.108,"sample_rows=4998 cols=7 sep=','",,,,,"columns=['cell', 'x', 'y', 'n_transcripts', 'density', 'area', 'areaPx']"
GSE325911,raw\GSM9616860_APP23wt_late_M2_roi1_DAPI_5.0_mu_dilated_segmentation_cell_stats.csv.gz,table_column,0.108,"sample_rows=4998 cols=7 sep=','",cell,id_or_group_like,4998,Cell1_7452_21|Cell2_8521_23|Cell3_9627_20|Cell4_9797_29|Cell5_10311_27|Cell6_10581_17|Cell7_10682_8|Cell8_8611_18|Cell9_7642_31|Cell10_7996_32|Cell11_7521_30|Cell12_9542_35,
GSE325911,raw\GSM9616860_APP23wt_late_M2_roi1_DAPI_5.0_mu_dilated_segmentation_cell_stats.csv.gz,table_column,0.108,"sample_rows=4998 cols=7 sep=','",x,coordinate_like,3913,7452|8521|9627|9797|10311|10581|10682|8611|7642|7996|7521|9542,
GSE325911,raw\GSM9616860_APP23wt_late_M2_roi1_DAPI_5.0_mu_dilated_segmentation_cell_stats.csv.gz,table_column,0.108,"sample_rows=4998 cols=7 sep=','",y,coordinate_like,4130,21|23|20|29|27|17|8|18|31|32|30|35,
GSE325911,raw\GSM9616860_APP23wt_late_M2_roi1_DAPI_5.0_mu_dilated_segmentation_counts.txt.gz,table_summary,0.115,sample_rows=109 cols=4999 sep='\t',,,,,"columns=['gene', 'Cell1_7452_21', 'Cell2_8521_23', 'Cell3_9627_20', 'Cell4_9797_29', 'Cell5_10311_27', 'Cell6_10581_17', 'Cell7_10682_8', 'Cell8_8611_18', 'Cell9_7642_31', 'Cell10_7996_32', 'Cell11_7521_30', 'Cell12_9542_35', 'Cell13_9384_51', 'Cell14_9272_44', 'Cell15_9706_42', 'Cell16_8318_31', 'Cell17_10196_39', 'Cell18_8724_54', 'Cell19_8420_21', 'Cell20_6751_43', 'Cell21_10509_78', 'Cell22_8845_70', 'Cell23_10653_89', 'Cell24_10595_93', 'Cell25_10301_108', 'Cell26_6837_69', 'Cell27_7157_91', 'Cell28_9856_106', 'Cell29_8070_116', 'Cell30_8970_109', 'Cell31_6812_138', 'Cell32_8340_132', 'Cell33_7412_107', 'Cell34_9581_134', 'Cell35_7757_126', 'Cell36_7963_124', 'Cell37_7690_144', 'Cell38_8489_159', 'Cell39_8137_149', 'Cell40_10104_164', 'Cell41_7190_170', 'Cell42_8019_186', 'Cell43_7539_162', 'Cell44_10020_170', 'Cell45_9470_178', 'Cell46_7394_198', 'Cell47_8367_191', 'Cell48_9002_208', 'Cell49_9935_186', 'Cell50_8219_214', 'Cell51_9328_212', 'Cell52_6713_225', 'Cell53_6585_239', 'Cell54_8146_230', 'Cell55_7633_213', 'Cell56_9846_217', 'Cell57_7223_247', 'Cell58_6480_223', 'Cell59_8813_240', 'Cell60_6867_254', 'Cell61_10681_228', 'Cell62_6985_245', 'Cell63_10028_242', 'Cell64_9203_251', 'Cell65_9962_252', 'Cell66_6932_249', 'Cell67_8929_244', 'Cell68_7625_275', 'Cell69_10593_248', 'Cell70_7832_267', 'Cell71_9684_252', 'Cell72_7314_256', 'Cell73_9520_286', 'Cell74_8375_303', 'Cell75_9341_314', 'Cell76_7061_271', 'Cell77_7506_277', 'Cell78_10204_288', 'Cell79_8491_286']"
GSE325911,raw\GSM9616860_APP23wt_late_M2_roi1_results.txt.gz,table_summary,4.311,sample_rows=5000 cols=5 sep='\t',,,,,"columns=['6985', '2014', '23', 'H2-Ab1', 'Unnamed: 4']"
GSE325911,raw\GSM9616860_APP23wt_late_M2_roi1_results_assigned.txt.gz,table_summary,6.257,sample_rows=5000 cols=5 sep='\t',,,,,"columns=['6985', '2014', '23', 'H2-Ab1', 'NotAssigned']"
GSE325911,raw\GSM9616861_APP23wt_late_M2_roi2_DAPI_5.0_mu_dilated_segmentation_cell_stats.csv.gz,table_summary,0.119,"sample_rows=5000 cols=7 sep=','",,,,,"columns=['cell', 'x', 'y', 'n_transcripts', 'density', 'area', 'areaPx']"
GSE325911,raw\GSM9616861_APP23wt_late_M2_roi2_DAPI_5.0_mu_dilated_segmentation_cell_stats.csv.gz,table_column,0.119,"sample_rows=5000 cols=7 sep=','",cell,id_or_group_like,5000,Cell1_830_17|Cell2_1994_20|Cell3_3005_2|Cell4_3220_6|Cell5_3363_20|Cell6_3491_14|Cell7_6859_26|Cell8_6970_27|Cell9_5534_24|Cell10_7468_35|Cell11_8510_26|Cell12_632_26,
GSE325911,raw\GSM9616861_APP23wt_late_M2_roi2_DAPI_5.0_mu_dilated_segmentation_cell_stats.csv.gz,table_column,0.119,"sample_rows=5000 cols=7 sep=','",x,coordinate_like,3875,830|1994|3005|3220|3363|3491|6859|6970|5534|7468|8510|632,
GSE325911,raw\GSM9616861_APP23wt_late_M2_roi2_DAPI_5.0_mu_dilated_segmentation_cell_stats.csv.gz,table_column,0.119,"sample_rows=5000 cols=7 sep=','",y,coordinate_like,4112,17|20|2|6|14|26|27|24|35|39|34|37,
GSE325911,raw\GSM9616861_APP23wt_late_M2_roi2_DAPI_5.0_mu_dilated_segmentation_counts.txt.gz,table_summary,0.134,sample_rows=110 cols=5514 sep='\t',,,,,"columns=['gene', 'Cell1_830_17', 'Cell2_1994_20', 'Cell3_3005_2', 'Cell4_3220_6', 'Cell5_3363_20', 'Cell6_3491_14', 'Cell7_6859_26', 'Cell8_6970_27', 'Cell9_5534_24', 'Cell10_7468_35', 'Cell11_8510_26', 'Cell12_632_26', 'Cell13_4611_39', 'Cell14_6284_34', 'Cell15_3544_34', 'Cell16_2497_20', 'Cell17_553_37', 'Cell18_3221_47', 'Cell19_4517_42', 'Cell20_2043_41', 'Cell21_2994_47', 'Cell22_1278_48', 'Cell23_3097_41', 'Cell24_3402_49', 'Cell25_6146_47', 'Cell26_4410_36', 'Cell27_4776_32', 'Cell28_5757_44', 'Cell29_6587_44', 'Cell30_2590_43', 'Cell31_741_66', 'Cell32_2433_58', 'Cell33_4197_58', 'Cell34_6768_85', 'Cell35_2915_82', 'Cell36_1618_60', 'Cell37_8554_73', 'Cell38_4898_80', 'Cell39_1206_84', 'Cell40_862_87', 'Cell41_6499_92', 'Cell42_2521_97', 'Cell43_3706_88', 'Cell44_602_115', 'Cell45_5591_106', 'Cell46_2089_120', 'Cell47_2998_109', 'Cell48_4127_117', 'Cell49_3959_119', 'Cell50_5667_122', 'Cell51_1614_132', 'Cell52_2775_122', 'Cell53_3768_127', 'Cell54_2667_135', 'Cell55_3511_134', 'Cell56_7240_137', 'Cell57_1415_132', 'Cell58_4510_138', 'Cell59_3406_144', 'Cell60_7780_146', 'Cell61_8228_165', 'Cell62_1695_144', 'Cell63_3830_145', 'Cell64_7663_153', 'Cell65_4619_162', 'Cell66_7567_166', 'Cell67_1830_176', 'Cell68_3004_192', 'Cell69_3191_166', 'Cell70_3286_163', 'Cell71_8409_185', 'Cell72_5856_191', 'Cell73_5116_181', 'Cell74_8507_188', 'Cell75_7160_183', 'Cell76_7716_196', 'Cell77_7910_197', 'Cell78_6784_203', 'Cell79_3654_194']"
GSE325911,raw\GSM9616861_APP23wt_late_M2_roi2_results.txt.gz,table_summary,6.258,sample_rows=5000 cols=5 sep='\t',,,,,"columns=['1648', '1132', '28', 'H2-Ab1', 'Unnamed: 4']"
GSE325911,raw\GSM9616861_APP23wt_late_M2_roi2_results_assigned.txt.gz,table_summary,8.939,sample_rows=5000 cols=5 sep='\t',,,,,"columns=['1648', '1132', '28', 'H2-Ab1', 'Cell430_1643_1092']"
GSE325911,raw\GSM9616862_Panorama_EXP-2-AD-R3_W0A1_Channel3_R8_7.5_mu_dilated_segmentation_cell_stats.csv.gz,table_summary,0.099,"sample_rows=5000 cols=7 sep=','",,,,,"columns=['cell', 'x', 'y', 'n_transcripts', 'density', 'area', 'areaPx']"
GSE325911,raw\GSM9616862_Panorama_EXP-2-AD-R3_W0A1_Channel3_R8_7.5_mu_dilated_segmentation_cell_stats.csv.gz,table_column,0.099,"sample_rows=5000 cols=7 sep=','",cell,id_or_group_like,5000,Cell1_1367_17|Cell2_1529_25|Cell3_1847_14|Cell4_2822_31|Cell5_3636_33|Cell6_4548_10|Cell7_4661_22|Cell8_5468_23|Cell9_5551_32|Cell10_6685_29|Cell11_7297_44|Cell12_8827_30,
GSE325911,raw\GSM9616862_Panorama_EXP-2-AD-R3_W0A1_Channel3_R8_7.5_mu_dilated_segmentation_cell_stats.csv.gz,table_column,0.099,"sample_rows=5000 cols=7 sep=','",x,coordinate_like,3981,1367|1529|1847|2822|3636|4548|4661|5468|5551|6685|7297|8827,
GSE325911,raw\GSM9616862_Panorama_EXP-2-AD-R3_W0A1_Channel3_R8_7.5_mu_dilated_segmentation_cell_stats.csv.gz,table_column,0.099,"sample_rows=5000 cols=7 sep=','",y,coordinate_like,4203,17|25|14|31|33|10|22|23|32|29|44|30,
GSE325911,raw\GSM9616862_Panorama_EXP-2-AD-R3_W0A1_Channel3_R8_7.5_mu_dilated_segmentation_counts.txt.gz,table_summary,0.053,sample_rows=94 cols=5061 sep='\t',,,,,"columns=['gene', 'Cell1_1367_17', 'Cell2_1529_25', 'Cell3_1847_14', 'Cell4_2822_31', 'Cell5_3636_33', 'Cell6_4548_10', 'Cell7_4661_22', 'Cell8_5468_23', 'Cell9_5551_32', 'Cell10_6685_29', 'Cell11_7297_44', 'Cell12_8827_30', 'Cell13_10337_29', 'Cell14_4859_35', 'Cell15_8420_46', 'Cell16_9364_28', 'Cell17_9853_31', 'Cell18_499_26', 'Cell19_9453_43', 'Cell20_9543_44', 'Cell21_2703_56', 'Cell22_1656_48', 'Cell23_5695_32', 'Cell24_9663_57', 'Cell25_4401_39', 'Cell26_3489_46', 'Cell27_1793_52', 'Cell28_10041_50', 'Cell29_10446_53', 'Cell30_4560_77', 'Cell31_7785_67', 'Cell32_5621_62', 'Cell33_3301_43', 'Cell34_8647_57', 'Cell35_1337_68', 'Cell36_543_60', 'Cell37_2102_54', 'Cell38_156_70', 'Cell39_9290_77', 'Cell40_9117_80', 'Cell41_9954_63', 'Cell42_10642_101', 'Cell43_6188_84', 'Cell44_3436_122', 'Cell45_9893_108', 'Cell46_6081_94', 'Cell47_8001_88', 'Cell48_4744_100', 'Cell49_1483_112', 'Cell50_1331_139', 'Cell51_9835_136', 'Cell52_6460_113', 'Cell53_6567_109', 'Cell54_6283_140', 'Cell55_4299_143', 'Cell56_1171_161', 'Cell57_5675_155', 'Cell58_6158_169', 'Cell59_4456_159', 'Cell60_9965_185', 'Cell61_7963_164', 'Cell62_2892_154', 'Cell63_5961_138', 'Cell64_2155_158', 'Cell65_92_153', 'Cell66_4815_175', 'Cell67_1943_160', 'Cell68_8125_168', 'Cell69_3172_180', 'Cell70_234_193', 'Cell71_8181_187', 'Cell72_8271_187', 'Cell73_8030_187', 'Cell74_10310_192', 'Cell75_1491_243', 'Cell76_1813_225', 'Cell77_34_218', 'Cell78_7350_211', 'Cell79_126_250']"
GSE325911,raw\GSM9616862_Panorama_EXP-2-AD-R3_W0A1_results.txt.gz,table_summary,0.144,sample_rows=5000 cols=5 sep='\t',,,,,"columns=['1431', '1993', '13', 'CD86', 'Unnamed: 4']"
GSE325911,raw\GSM9616862_Panorama_EXP-2-AD-R3_W0A1_results_assigned.txt.gz,table_summary,0.214,sample_rows=5000 cols=5 sep='\t',,,,,"columns=['1431', '1993', '13', 'CD86', 'Cell566_1409_1963']"
GSE325911,raw\GSM9616863_Panorama_EXP-2-AD-R3_W0A2_Channel3_R8_7.5_mu_dilated_segmentation_cell_stats.csv.gz,table_summary,0.079,"sample_rows=4039 cols=7 sep=','",,,,,"columns=['cell', 'x', 'y', 'n_transcripts', 'density', 'area', 'areaPx']"
GSE325911,raw\GSM9616863_Panorama_EXP-2-AD-R3_W0A2_Channel3_R8_7.5_mu_dilated_segmentation_cell_stats.csv.gz,table_column,0.079,"sample_rows=4039 cols=7 sep=','",cell,id_or_group_like,4039,Cell1_484_31|Cell2_1346_26|Cell3_2547_11|Cell4_4255_40|Cell5_5815_40|Cell6_7159_38|Cell7_8708_16|Cell8_10160_26|Cell9_10670_47|Cell10_13992_30|Cell11_14810_35|Cell12_6343_42,
GSE325911,raw\GSM9616863_Panorama_EXP-2-AD-R3_W0A2_Channel3_R8_7.5_mu_dilated_segmentation_cell_stats.csv.gz,table_column,0.079,"sample_rows=4039 cols=7 sep=','",x,coordinate_like,3599,484|1346|2547|4255|5815|7159|8708|10160|10670|13992|14810|6343,
GSE325911,raw\GSM9616863_Panorama_EXP-2-AD-R3_W0A2_Channel3_R8_7.5_mu_dilated_segmentation_cell_stats.csv.gz,table_column,0.079,"sample_rows=4039 cols=7 sep=','",y,coordinate_like,3221,31|26|11|40|38|16|47|30|35|42|45|18,
GSE325911,raw\GSM9616863_Panorama_EXP-2-AD-R3_W0A2_Channel3_R8_7.5_mu_dilated_segmentation_counts.txt.gz,table_summary,0.042,sample_rows=89 cols=4040 sep='\t',,,,,"columns=['gene', 'Cell1_484_31', 'Cell2_1346_26', 'Cell3_2547_11', 'Cell4_4255_40', 'Cell5_5815_40', 'Cell6_7159_38', 'Cell7_8708_16', 'Cell8_10160_26', 'Cell9_10670_47', 'Cell10_13992_30', 'Cell11_14810_35', 'Cell12_6343_42', 'Cell13_8770_45', 'Cell14_11711_40', 'Cell15_15455_18', 'Cell16_15532_24', 'Cell17_723_32', 'Cell18_11896_34', 'Cell19_4969_42', 'Cell20_10104_33', 'Cell21_609_51', 'Cell22_16550_53', 'Cell23_3255_24', 'Cell24_2526_73', 'Cell25_13166_40', 'Cell26_5142_53', 'Cell27_10051_58', 'Cell28_7302_39', 'Cell29_12033_59', 'Cell30_6583_45', 'Cell31_13070_29', 'Cell32_184_47', 'Cell33_8894_65', 'Cell34_10819_67', 'Cell35_12196_50', 'Cell36_316_48', 'Cell37_6689_43', 'Cell38_14109_57', 'Cell39_3767_34', 'Cell40_2275_46', 'Cell41_1589_46', 'Cell42_17077_35', 'Cell43_11291_31', 'Cell44_10987_50', 'Cell45_16817_43', 'Cell46_4159_48', 'Cell47_9988_52', 'Cell48_7529_55', 'Cell49_3312_106', 'Cell50_12483_76', 'Cell51_3649_78', 'Cell52_7208_102', 'Cell53_16124_78', 'Cell54_13077_115', 'Cell55_7431_79', 'Cell56_15143_79', 'Cell57_7320_127', 'Cell58_14246_78', 'Cell59_9932_88', 'Cell60_10331_105', 'Cell61_15427_121', 'Cell62_6621_148', 'Cell63_15542_138', 'Cell64_9016_119', 'Cell65_11353_121', 'Cell66_14771_147', 'Cell67_7813_123', 'Cell68_25_114', 'Cell69_1264_121', 'Cell70_14276_178', 'Cell71_12675_141', 'Cell72_4420_131', 'Cell73_8175_132', 'Cell74_4581_147', 'Cell75_1375_137', 'Cell76_12229_162', 'Cell77_5021_141', 'Cell78_12926_151', 'Cell79_16760_161']"
GSE325911,raw\GSM9616863_Panorama_EXP-2-AD-R3_W0A2_results.txt.gz,table_summary,0.119,sample_rows=5000 cols=5 sep='\t',,,,,"columns=['1469', '1000', '17', 'GAD2', 'Unnamed: 4']"
GSE325911,raw\GSM9616863_Panorama_EXP-2-AD-R3_W0A2_results_assigned.txt.gz,table_summary,0.175,sample_rows=5000 cols=5 sep='\t',,,,,"columns=['1469', '1000', '17', 'GAD2', 'Cell517_1476_983']"
GSE325911,raw\GSM9616864_Panorama_EXP-2-AD-R3_W1A1_Channel3_R8_7.5_mu_dilated_segmentation_cell_stats.csv.gz,table_summary,0.175,"sample_rows=5000 cols=7 sep=','",,,,,"columns=['cell', 'x', 'y', 'n_transcripts', 'density', 'area', 'areaPx']"
GSE325911,raw\GSM9616864_Panorama_EXP-2-AD-R3_W1A1_Channel3_R8_7.5_mu_dilated_segmentation_cell_stats.csv.gz,table_column,0.175,"sample_rows=5000 cols=7 sep=','",cell,id_or_group_like,5000,Cell1_1461_23|Cell2_1758_13|Cell3_1857_22|Cell4_3078_30|Cell5_3378_39|Cell6_4200_27|Cell7_7893_26|Cell8_9635_19|Cell9_11337_35|Cell10_14659_26|Cell11_2695_66|Cell12_6196_7,
GSE325911,raw\GSM9616864_Panorama_EXP-2-AD-R3_W1A1_Channel3_R8_7.5_mu_dilated_segmentation_cell_stats.csv.gz,table_column,0.175,"sample_rows=5000 cols=7 sep=','",x,coordinate_like,4242,1461|1758|1857|3078|3378|4200|7893|9635|11337|14659|2695|6196,
GSE325911,raw\GSM9616864_Panorama_EXP-2-AD-R3_W1A1_Channel3_R8_7.5_mu_dilated_segmentation_cell_stats.csv.gz,table_column,0.175,"sample_rows=5000 cols=7 sep=','",y,coordinate_like,3890,23|13|22|30|39|27|26|19|35|66|7|16,
GSE325911,raw\GSM9616864_Panorama_EXP-2-AD-R3_W1A1_Channel3_R8_7.5_mu_dilated_segmentation_counts.txt.gz,table_summary,0.081,sample_rows=90 cols=9132 sep='\t',,,,,"columns=['gene', 'Cell1_1461_23', 'Cell2_1758_13', 'Cell3_1857_22', 'Cell4_3078_30', 'Cell5_3378_39', 'Cell6_4200_27', 'Cell7_7893_26', 'Cell8_9635_19', 'Cell9_11337_35', 'Cell10_14659_26', 'Cell11_2695_66', 'Cell12_6196_7', 'Cell13_7628_39', 'Cell14_8097_16', 'Cell15_9099_33', 'Cell16_13455_30', 'Cell17_2271_20', 'Cell18_12480_28', 'Cell19_1041_43', 'Cell20_9385_23', 'Cell21_11445_41', 'Cell22_4635_49', 'Cell23_6177_42', 'Cell24_6423_50', 'Cell25_5102_55', 'Cell26_6837_42', 'Cell27_6713_54', 'Cell28_555_45', 'Cell29_8062_51', 'Cell30_4532_36', 'Cell31_9596_69', 'Cell32_218_47', 'Cell33_346_49', 'Cell34_451_66', 'Cell35_4806_61', 'Cell36_13003_64', 'Cell37_14830_60', 'Cell38_13505_51', 'Cell39_7088_62', 'Cell40_13144_54', 'Cell41_8998_81', 'Cell42_13641_39', 'Cell43_1396_87', 'Cell44_4247_77', 'Cell45_9360_75', 'Cell46_12579_58', 'Cell47_7964_27', 'Cell48_2261_112', 'Cell49_10484_33', 'Cell50_14474_32', 'Cell51_639_59', 'Cell52_6276_73', 'Cell53_7739_43', 'Cell54_1720_79', 'Cell55_7839_76', 'Cell56_13813_60', 'Cell57_11523_46', 'Cell58_14555_67', 'Cell59_13714_63', 'Cell60_12462_102', 'Cell61_9512_77', 'Cell62_4425_87', 'Cell63_4523_108', 'Cell64_12345_95', 'Cell65_3249_105', 'Cell66_7333_93', 'Cell67_3624_99', 'Cell68_8746_99', 'Cell69_13581_86', 'Cell70_11266_90', 'Cell71_4066_75', 'Cell72_6191_94', 'Cell73_13660_141', 'Cell74_14611_113', 'Cell75_9409_133', 'Cell76_9262_87', 'Cell77_6954_99', 'Cell78_13936_113', 'Cell79_7231_119']"
GSE325911,raw\GSM9616864_Panorama_EXP-2-AD-R3_W1A1_results.txt.gz,table_summary,0.094,sample_rows=5000 cols=5 sep='\t',,,,,"columns=['869', '1030', '9', 'IL1A', 'Unnamed: 4']"
GSE325911,raw\GSM9616864_Panorama_EXP-2-AD-R3_W1A1_results_assigned.txt.gz,table_summary,0.146,sample_rows=5000 cols=5 sep='\t',,,,,"columns=['869', '1030', '9', 'IL1A', 'Cell526_828_985']"
GSE325911,raw\GSM9616865_Panorama_EXP-2-AD-R3_W2A1_Channel3_R8_7.5_mu_dilated_segmentation_cell_stats.csv.gz,table_summary,0.07,"sample_rows=3601 cols=7 sep=','",,,,,"columns=['cell', 'x', 'y', 'n_transcripts', 'density', 'area', 'areaPx']"
GSE325911,raw\GSM9616865_Panorama_EXP-2-AD-R3_W2A1_Channel3_R8_7.5_mu_dilated_segmentation_cell_stats.csv.gz,table_column,0.07,"sample_rows=3601 cols=7 sep=','",cell,id_or_group_like,3601,Cell1_757_30|Cell2_2753_35|Cell3_3133_38|Cell4_3268_41|Cell5_5556_31|Cell6_7593_30|Cell7_7049_22|Cell8_504_29|Cell9_2282_25|Cell10_5685_36|Cell11_5388_48|Cell12_8512_45,
GSE325911,raw\GSM9616865_Panorama_EXP-2-AD-R3_W2A1_Channel3_R8_7.5_mu_dilated_segmentation_cell_stats.csv.gz,table_column,0.07,"sample_rows=3601 cols=7 sep=','",x,coordinate_like,2920,757|2753|3133|3268|5556|7593|7049|504|2282|5685|5388|8512,
GSE325911,raw\GSM9616865_Panorama_EXP-2-AD-R3_W2A1_Channel3_R8_7.5_mu_dilated_segmentation_cell_stats.csv.gz,table_column,0.07,"sample_rows=3601 cols=7 sep=','",y,coordinate_like,3221,30|35|38|41|31|22|29|25|36|48|45|46,
GSE325911,raw\GSM9616865_Panorama_EXP-2-AD-R3_W2A1_Channel3_R8_7.5_mu_dilated_segmentation_counts.txt.gz,table_summary,0.036,sample_rows=87 cols=3602 sep='\t',,,,,"columns=['gene', 'Cell1_757_30', 'Cell2_2753_35', 'Cell3_3133_38', 'Cell4_3268_41', 'Cell5_5556_31', 'Cell6_7593_30', 'Cell7_7049_22', 'Cell8_504_29', 'Cell9_2282_25', 'Cell10_5685_36', 'Cell11_5388_48', 'Cell12_8512_45', 'Cell13_6447_46', 'Cell14_5831_56', 'Cell15_2365_75', 'Cell16_7223_34', 'Cell17_51_25', 'Cell18_6312_57', 'Cell19_2992_43', 'Cell20_3642_59', 'Cell21_7755_51', 'Cell22_4149_90', 'Cell23_7003_98', 'Cell24_4961_90', 'Cell25_1458_95', 'Cell26_5739_143', 'Cell27_284_127', 'Cell28_4422_113', 'Cell29_8148_136', 'Cell30_31_159', 'Cell31_4553_142', 'Cell32_520_158', 'Cell33_5113_140', 'Cell34_7095_162', 'Cell35_7432_146', 'Cell36_2810_159', 'Cell37_6587_185', 'Cell38_3438_184', 'Cell39_2960_191', 'Cell40_4457_221', 'Cell41_3931_219', 'Cell42_7204_221', 'Cell43_5089_254', 'Cell44_1605_240', 'Cell45_6879_227', 'Cell46_3028_257', 'Cell47_7506_253', 'Cell48_3717_238', 'Cell49_7312_278', 'Cell50_2906_293', 'Cell51_2587_278', 'Cell52_651_277', 'Cell53_4973_306', 'Cell54_8030_270', 'Cell55_1988_265', 'Cell56_4812_298', 'Cell57_7423_294', 'Cell58_2710_314', 'Cell59_5799_313', 'Cell60_7585_288', 'Cell61_3824_301', 'Cell62_4657_322', 'Cell63_48_320', 'Cell64_3372_312', 'Cell65_6236_324', 'Cell66_1208_323', 'Cell67_7160_344', 'Cell68_8080_338', 'Cell69_1998_349', 'Cell70_2226_319', 'Cell71_959_338', 'Cell72_8498_320', 'Cell73_3767_361', 'Cell74_7647_335', 'Cell75_3901_359', 'Cell76_3247_365', 'Cell77_4066_367', 'Cell78_8220_349', 'Cell79_1071_378']"
GSE325911,raw\GSM9616865_Panorama_EXP-2-AD-R3_W2A1_results.txt.gz,table_summary,0.084,sample_rows=5000 cols=5 sep='\t',,,,,"columns=['966', '1128', '16', 'CD86', 'Unnamed: 4']"
GSE325911,raw\GSM9616865_Panorama_EXP-2-AD-R3_W2A1_results_assigned.txt.gz,table_summary,0.119,sample_rows=5000 cols=5 sep='\t',,,,,"columns=['966', '1128', '16', 'CD86', 'Cell266_956_1142']"
GSE325911,raw\GSM9616866_Panorama_EXP-2-AD-R3_W2A2_Channel3_R8_7.5_mu_dilated_segmentation_cell_stats.csv.gz,table_summary,0.073,"sample_rows=3720 cols=7 sep=','",,,,,"columns=['cell', 'x', 'y', 'n_transcripts', 'density', 'area', 'areaPx']"
GSE325911,raw\GSM9616866_Panorama_EXP-2-AD-R3_W2A2_Channel3_R8_7.5_mu_dilated_segmentation_cell_stats.csv.gz,table_column,0.073,"sample_rows=3720 cols=7 sep=','",cell,id_or_group_like,3720,Cell1_174_32|Cell2_657_43|Cell3_1208_29|Cell4_1568_29|Cell5_1727_24|Cell6_4594_30|Cell7_5136_29|Cell8_6061_43|Cell9_6188_36|Cell10_6989_22|Cell11_7187_41|Cell12_7346_29,
GSE325911,raw\GSM9616866_Panorama_EXP-2-AD-R3_W2A2_Channel3_R8_7.5_mu_dilated_segmentation_cell_stats.csv.gz,table_column,0.073,"sample_rows=3720 cols=7 sep=','",x,coordinate_like,3112,174|657|1208|1568|1727|4594|5136|6061|6188|6989|7187|7346,
GSE325911,raw\GSM9616866_Panorama_EXP-2-AD-R3_W2A2_Channel3_R8_7.5_mu_dilated_segmentation_cell_stats.csv.gz,table_column,0.073,"sample_rows=3720 cols=7 sep=','",y,coordinate_like,3197,32|43|29|24|30|36|22|41|20|15|38|25,
GSE325911,raw\GSM9616866_Panorama_EXP-2-AD-R3_W2A2_Channel3_R8_7.5_mu_dilated_segmentation_counts.txt.gz,table_summary,0.038,sample_rows=85 cols=3721 sep='\t',,,,,"columns=['gene', 'Cell1_174_32', 'Cell2_657_43', 'Cell3_1208_29', 'Cell4_1568_29', 'Cell5_1727_24', 'Cell6_4594_30', 'Cell7_5136_29', 'Cell8_6061_43', 'Cell9_6188_36', 'Cell10_6989_22', 'Cell11_7187_41', 'Cell12_7346_29', 'Cell13_8475_20', 'Cell14_8789_15', 'Cell15_8907_38', 'Cell16_10374_25', 'Cell17_10262_28', 'Cell18_1641_38', 'Cell19_2511_51', 'Cell20_8729_44', 'Cell21_2848_32', 'Cell22_10069_46', 'Cell23_3632_32', 'Cell24_5012_55', 'Cell25_266_38', 'Cell26_3435_28', 'Cell27_4136_69', 'Cell28_9613_66', 'Cell29_3844_64', 'Cell30_4432_72', 'Cell31_44_44', 'Cell32_5367_38', 'Cell33_6960_82', 'Cell34_8526_60', 'Cell35_2160_68', 'Cell36_5488_88', 'Cell37_3548_84', 'Cell38_3234_78', 'Cell39_9218_97', 'Cell40_1934_97', 'Cell41_498_105', 'Cell42_3458_130', 'Cell43_8441_124', 'Cell44_7261_112', 'Cell45_9052_137', 'Cell46_1721_154', 'Cell47_8696_146', 'Cell48_10_148', 'Cell49_8523_151', 'Cell50_6981_158', 'Cell51_2896_158', 'Cell52_238_155', 'Cell53_1193_171', 'Cell54_2736_156', 'Cell55_2386_151', 'Cell56_1294_163', 'Cell57_144_146', 'Cell58_8024_166', 'Cell59_9974_163', 'Cell60_323_192', 'Cell61_7578_181', 'Cell62_7414_185', 'Cell63_2512_171', 'Cell64_6888_188', 'Cell65_5995_186', 'Cell66_2430_207', 'Cell67_10205_230', 'Cell68_2294_186', 'Cell69_3349_191', 'Cell70_8520_224', 'Cell71_4981_210', 'Cell72_9851_220', 'Cell73_4852_214', 'Cell74_3123_228', 'Cell75_7001_232', 'Cell76_7321_249', 'Cell77_7127_235', 'Cell78_4595_229', 'Cell79_820_253']"
GSE325911,raw\GSM9616866_Panorama_EXP-2-AD-R3_W2A2_results.txt.gz,table_summary,0.113,sample_rows=5000 cols=5 sep='\t',,,,,"columns=['1617', '910', '9', 'CD86', 'Unnamed: 4']"
GSE325911,raw\GSM9616866_Panorama_EXP-2-AD-R3_W2A2_results_assigned.txt.gz,table_summary,0.159,sample_rows=5000 cols=5 sep='\t',,,,,"columns=['1617', '910', '9', 'CD86', 'NotAssigned']"
GSE325911,raw\GSM9616867_Panorama_EXP-2-AD-R3_W3A1_Channel3_R8_7.5_mu_dilated_segmentation_cell_stats.csv.gz,table_summary,0.073,"sample_rows=3641 cols=7 sep=','",,,,,"columns=['cell', 'x', 'y', 'n_transcripts', 'density', 'area', 'areaPx']"
GSE325911,raw\GSM9616867_Panorama_EXP-2-AD-R3_W3A1_Channel3_R8_7.5_mu_dilated_segmentation_cell_stats.csv.gz,table_column,0.073,"sample_rows=3641 cols=7 sep=','",cell,id_or_group_like,3641,Cell1_60_57|Cell2_740_17|Cell3_867_32|Cell4_1097_30|Cell5_2094_35|Cell6_2473_22|Cell7_2795_41|Cell8_4778_38|Cell9_5443_37|Cell10_6652_41|Cell11_6756_26|Cell12_7246_38,
GSE325911,raw\GSM9616867_Panorama_EXP-2-AD-R3_W3A1_Channel3_R8_7.5_mu_dilated_segmentation_cell_stats.csv.gz,table_column,0.073,"sample_rows=3641 cols=7 sep=','",x,coordinate_like,3267,60|740|867|1097|2094|2473|2795|4778|5443|6652|6756|7246,
GSE325911,raw\GSM9616867_Panorama_EXP-2-AD-R3_W3A1_Channel3_R8_7.5_mu_dilated_segmentation_cell_stats.csv.gz,table_column,0.073,"sample_rows=3641 cols=7 sep=','",y,coordinate_like,2960,57|17|32|30|35|22|41|38|37|26|15|24,
GSE325911,raw\GSM9616867_Panorama_EXP-2-AD-R3_W3A1_Channel3_R8_7.5_mu_dilated_segmentation_counts.txt.gz,table_summary,0.045,sample_rows=95 cols=3642 sep='\t',,,,,"columns=['gene', 'Cell1_60_57', 'Cell2_740_17', 'Cell3_867_32', 'Cell4_1097_30', 'Cell5_2094_35', 'Cell6_2473_22', 'Cell7_2795_41', 'Cell8_4778_38', 'Cell9_5443_37', 'Cell10_6652_41', 'Cell11_6756_26', 'Cell12_7246_38', 'Cell13_9011_30', 'Cell14_9799_38', 'Cell15_10122_15', 'Cell16_10804_24', 'Cell17_11397_39', 'Cell18_12624_36', 'Cell19_12860_25', 'Cell20_13301_17', 'Cell21_13381_42', 'Cell22_14145_26', 'Cell23_14783_51', 'Cell24_15359_24', 'Cell25_789_28', 'Cell26_2623_48', 'Cell27_4529_23', 'Cell28_11542_22', 'Cell29_1820_28', 'Cell30_3780_37', 'Cell31_5740_45', 'Cell32_12717_21', 'Cell33_12775_23', 'Cell34_11901_18', 'Cell35_6255_28', 'Cell36_1904_46', 'Cell37_3391_40', 'Cell38_10356_55', 'Cell39_2018_47', 'Cell40_6506_38', 'Cell41_1259_39', 'Cell42_10506_44', 'Cell43_2434_61', 'Cell44_15153_58', 'Cell45_3004_51', 'Cell46_14348_62', 'Cell47_8842_69', 'Cell48_10072_43', 'Cell49_13296_68', 'Cell50_7110_64', 'Cell51_10948_56', 'Cell52_8555_37', 'Cell53_1368_42', 'Cell54_8307_31', 'Cell55_15415_65', 'Cell56_13190_55', 'Cell57_1719_38', 'Cell58_11844_45', 'Cell59_14226_83', 'Cell60_8415_79', 'Cell61_9558_79', 'Cell62_5589_92', 'Cell63_662_88', 'Cell64_9986_107', 'Cell65_10695_107', 'Cell66_1815_107', 'Cell67_4601_94', 'Cell68_1178_103', 'Cell69_9299_97', 'Cell70_561_117', 'Cell71_3243_120', 'Cell72_15358_116', 'Cell73_12728_139', 'Cell74_6257_144', 'Cell75_6332_113', 'Cell76_1580_109', 'Cell77_1096_144', 'Cell78_11747_97', 'Cell79_4508_144']"
GSE325911,raw\GSM9616867_Panorama_EXP-2-AD-R3_W3A1_results.txt.gz,table_summary,0.216,sample_rows=5000 cols=5 sep='\t',,,,,"columns=['1845', '1615', '16', 'CD86', 'Unnamed: 4']"
GSE325911,raw\GSM9616867_Panorama_EXP-2-AD-R3_W3A1_results_assigned.txt.gz,table_summary,0.307,sample_rows=5000 cols=5 sep='\t',,,,,"columns=['1845', '1615', '16', 'CD86', 'Cell716_1850_1616']"
GSE325911,raw\GSM9616868_Panorama_EXP-2-AD-R3_W3A2_Channel3_R8_7.5_mu_dilated_segmentation_cell_stats.csv.gz,table_summary,0.067,"sample_rows=3375 cols=7 sep=','",,,,,"columns=['cell', 'x', 'y', 'n_transcripts', 'density', 'area', 'areaPx']"
GSE325911,raw\GSM9616868_Panorama_EXP-2-AD-R3_W3A2_Channel3_R8_7.5_mu_dilated_segmentation_cell_stats.csv.gz,table_column,0.067,"sample_rows=3375 cols=7 sep=','",cell,id_or_group_like,3375,Cell1_942_35|Cell2_1163_36|Cell3_2998_33|Cell4_3527_15|Cell5_4115_39|Cell6_4702_55|Cell7_5203_32|Cell8_5832_36|Cell9_6572_21|Cell10_8294_21|Cell11_10253_44|Cell12_8385_71,
GSE325911,raw\GSM9616868_Panorama_EXP-2-AD-R3_W3A2_Channel3_R8_7.5_mu_dilated_segmentation_cell_stats.csv.gz,table_column,0.067,"sample_rows=3375 cols=7 sep=','",x,coordinate_like,2871,942|1163|2998|3527|4115|4702|5203|5832|6572|8294|10253|8385,
GSE325911,raw\GSM9616868_Panorama_EXP-2-AD-R3_W3A2_Channel3_R8_7.5_mu_dilated_segmentation_cell_stats.csv.gz,table_column,0.067,"sample_rows=3375 cols=7 sep=','",y,coordinate_like,2911,35|36|33|15|39|55|32|21|44|71|41|40,
GSE325911,raw\GSM9616868_Panorama_EXP-2-AD-R3_W3A2_Channel3_R8_7.5_mu_dilated_segmentation_counts.txt.gz,table_summary,0.043,sample_rows=96 cols=3376 sep='\t',,,,,"columns=['gene', 'Cell1_942_35', 'Cell2_1163_36', 'Cell3_2998_33', 'Cell4_3527_15', 'Cell5_4115_39', 'Cell6_4702_55', 'Cell7_5203_32', 'Cell8_5832_36', 'Cell9_6572_21', 'Cell10_8294_21', 'Cell11_10253_44', 'Cell12_8385_71', 'Cell13_3469_41', 'Cell14_6940_40', 'Cell15_6460_54', 'Cell16_6041_36', 'Cell17_7053_42', 'Cell18_9696_57', 'Cell19_8858_56', 'Cell20_9209_75', 'Cell21_8166_68', 'Cell22_6727_32', 'Cell23_1048_61', 'Cell24_6610_71', 'Cell25_7690_84', 'Cell26_9850_79', 'Cell27_5916_99', 'Cell28_3232_94', 'Cell29_5267_98', 'Cell30_8975_105', 'Cell31_6849_108', 'Cell32_2820_110', 'Cell33_6966_134', 'Cell34_6095_131', 'Cell35_7208_93', 'Cell36_9471_119', 'Cell37_6681_155', 'Cell38_5085_136', 'Cell39_9932_144', 'Cell40_3123_154', 'Cell41_7434_152', 'Cell42_7190_184', 'Cell43_4052_148', 'Cell44_6557_171', 'Cell45_5746_170', 'Cell46_7311_182', 'Cell47_8750_182', 'Cell48_10376_178', 'Cell49_8602_179', 'Cell50_5393_174', 'Cell51_7063_187', 'Cell52_5962_199', 'Cell53_6461_192', 'Cell54_6385_166', 'Cell55_5284_199', 'Cell56_9948_217', 'Cell57_8024_222', 'Cell58_8210_228', 'Cell59_9223_219', 'Cell60_6783_239', 'Cell61_6545_269', 'Cell62_6666_259', 'Cell63_4927_241', 'Cell64_3264_278', 'Cell65_9391_269', 'Cell66_3654_257', 'Cell67_10666_251', 'Cell68_4306_250', 'Cell69_5923_280', 'Cell70_6393_283', 'Cell71_4553_271', 'Cell72_7518_282', 'Cell73_10085_267', 'Cell74_5437_262', 'Cell75_5018_279', 'Cell76_7746_298', 'Cell77_5113_305', 'Cell78_5586_287', 'Cell79_5312_311']"
GSE325911,raw\GSM9616868_Panorama_EXP-2-AD-R3_W3A2_results.txt.gz,table_summary,0.214,sample_rows=5000 cols=5 sep='\t',,,,,"columns=['1670', '1639', '18', 'MOG', 'Unnamed: 4']"
GSE325911,raw\GSM9616868_Panorama_EXP-2-AD-R3_W3A2_results_assigned.txt.gz,table_summary,0.305,sample_rows=5000 cols=5 sep='\t',,,,,"columns=['1670', '1639', '18', 'MOG', 'Cell407_1674_1593']"
GSE325911,raw\GSM9616869_Panorama_EXP-2-AD-R3_W3A3_Channel3_R8_7.5_mu_dilated_segmentation_cell_stats.csv.gz,table_summary,0.064,"sample_rows=3147 cols=7 sep=','",,,,,"columns=['cell', 'x', 'y', 'n_transcripts', 'density', 'area', 'areaPx']"
GSE325911,raw\GSM9616869_Panorama_EXP-2-AD-R3_W3A3_Channel3_R8_7.5_mu_dilated_segmentation_cell_stats.csv.gz,table_column,0.064,"sample_rows=3147 cols=7 sep=','",cell,id_or_group_like,3147,Cell1_1172_40|Cell2_1497_9|Cell3_2442_48|Cell4_3962_30|Cell5_5654_31|Cell6_6526_22|Cell7_7241_32|Cell8_8491_27|Cell9_8621_14|Cell10_8765_40|Cell11_9474_40|Cell12_9612_25,
GSE325911,raw\GSM9616869_Panorama_EXP-2-AD-R3_W3A3_Channel3_R8_7.5_mu_dilated_segmentation_cell_stats.csv.gz,table_column,0.064,"sample_rows=3147 cols=7 sep=','",x,coordinate_like,2733,1172|1497|2442|3962|5654|6526|7241|8491|8621|8765|9474|9612,
GSE325911,raw\GSM9616869_Panorama_EXP-2-AD-R3_W3A3_Channel3_R8_7.5_mu_dilated_segmentation_cell_stats.csv.gz,table_column,0.064,"sample_rows=3147 cols=7 sep=','",y,coordinate_like,2616,40|9|48|30|31|22|32|27|14|25|45|43,
GSE325911,raw\GSM9616869_Panorama_EXP-2-AD-R3_W3A3_Channel3_R8_7.5_mu_dilated_segmentation_counts.txt.gz,table_summary,0.044,sample_rows=92 cols=3148 sep='\t',,,,,"columns=['gene', 'Cell1_1172_40', 'Cell2_1497_9', 'Cell3_2442_48', 'Cell4_3962_30', 'Cell5_5654_31', 'Cell6_6526_22', 'Cell7_7241_32', 'Cell8_8491_27', 'Cell9_8621_14', 'Cell10_8765_40', 'Cell11_9474_40', 'Cell12_9612_25', 'Cell13_10011_32', 'Cell14_1360_45', 'Cell15_8268_43', 'Cell16_5553_39', 'Cell17_4169_47', 'Cell18_4927_44', 'Cell19_3846_41', 'Cell20_9855_31', 'Cell21_6977_45', 'Cell22_8087_48', 'Cell23_1490_52', 'Cell24_4790_45', 'Cell25_3687_39', 'Cell26_3449_27', 'Cell27_5423_49', 'Cell28_5762_52', 'Cell29_10467_66', 'Cell30_10651_17', 'Cell31_47_40', 'Cell32_880_61', 'Cell33_7449_32', 'Cell34_6471_56', 'Cell35_4008_67', 'Cell36_6601_27', 'Cell37_8596_106', 'Cell38_1025_38', 'Cell39_6273_45', 'Cell40_2225_53', 'Cell41_5251_64', 'Cell42_2658_66', 'Cell43_6740_67', 'Cell44_9890_112', 'Cell45_7397_88', 'Cell46_7759_73', 'Cell47_10663_124', 'Cell48_6137_74', 'Cell49_1474_112', 'Cell50_9001_93', 'Cell51_3607_93', 'Cell52_8700_100', 'Cell53_6594_133', 'Cell54_8527_103', 'Cell55_3531_98', 'Cell56_6381_119', 'Cell57_773_117', 'Cell58_6054_107', 'Cell59_7456_145', 'Cell60_3484_129', 'Cell61_1387_143', 'Cell62_1695_129', 'Cell63_9298_136', 'Cell64_8451_127', 'Cell65_147_144', 'Cell66_1555_124', 'Cell67_1815_143', 'Cell68_4359_143', 'Cell69_6891_128', 'Cell70_6210_138', 'Cell71_7278_130', 'Cell72_3772_156', 'Cell73_8357_158', 'Cell74_29_183', 'Cell75_2242_161', 'Cell76_7386_212', 'Cell77_2326_164', 'Cell78_7153_172', 'Cell79_2850_167']"
GSE325911,raw\GSM9616869_Panorama_EXP-2-AD-R3_W3A3_results.txt.gz,table_summary,0.277,sample_rows=5000 cols=5 sep='\t',,,,,"columns=['1161', '1953', '8', 'CD86', 'Unnamed: 4']"
GSE325911,raw\GSM9616869_Panorama_EXP-2-AD-R3_W3A3_results_assigned.txt.gz,table_summary,0.39,sample_rows=5000 cols=5 sep='\t',,,,,"columns=['1161', '1953', '8', 'CD86', 'Cell687_1190_1943']"
GSE325911,raw\GSM9616870_Panorama_EXP-2-AD-R3_W4A1_Channel3_R8_7.5_mu_dilated_segmentation_cell_stats.csv.gz,table_summary,0.099,"sample_rows=5000 cols=7 sep=','",,,,,"columns=['cell', 'x', 'y', 'n_transcripts', 'density', 'area', 'areaPx']"
GSE325911,raw\GSM9616870_Panorama_EXP-2-AD-R3_W4A1_Channel3_R8_7.5_mu_dilated_segmentation_cell_stats.csv.gz,table_column,0.099,"sample_rows=5000 cols=7 sep=','",cell,id_or_group_like,5000,Cell1_55_30|Cell2_210_33|Cell3_1407_22|Cell4_3281_34|Cell5_3359_19|Cell6_3454_24|Cell7_4952_27|Cell8_6225_31|Cell9_807_45|Cell10_2798_11|Cell11_3216_15|Cell12_2600_36,
GSE325911,raw\GSM9616870_Panorama_EXP-2-AD-R3_W4A1_Channel3_R8_7.5_mu_dilated_segmentation_cell_stats.csv.gz,table_column,0.099,"sample_rows=5000 cols=7 sep=','",x,coordinate_like,3471,55|210|1407|3281|3359|3454|4952|6225|807|2798|3216|2600,
GSE325911,raw\GSM9616870_Panorama_EXP-2-AD-R3_W4A1_Channel3_R8_7.5_mu_dilated_segmentation_cell_stats.csv.gz,table_column,0.099,"sample_rows=5000 cols=7 sep=','",y,coordinate_like,4479,30|33|22|34|19|24|27|31|45|11|15|36,
GSE325911,raw\GSM9616870_Panorama_EXP-2-AD-R3_W4A1_Channel3_R8_7.5_mu_dilated_segmentation_counts.txt.gz,table_summary,0.051,sample_rows=93 cols=5123 sep='\t',,,,,"columns=['gene', 'Cell1_55_30', 'Cell2_210_33', 'Cell3_1407_22', 'Cell4_3281_34', 'Cell5_3359_19', 'Cell6_3454_24', 'Cell7_4952_27', 'Cell8_6225_31', 'Cell9_807_45', 'Cell10_2798_11', 'Cell11_3216_15', 'Cell12_2600_36', 'Cell13_4879_27', 'Cell14_512_41', 'Cell15_4774_38', 'Cell16_2212_32', 'Cell17_1817_43', 'Cell18_2749_45', 'Cell19_889_67', 'Cell20_4343_73', 'Cell21_605_48', 'Cell22_377_27', 'Cell23_3711_32', 'Cell24_1322_102', 'Cell25_3802_52', 'Cell26_1485_75', 'Cell27_2283_92', 'Cell28_987_82', 'Cell29_5568_89', 'Cell30_5856_95', 'Cell31_2724_146', 'Cell32_308_124', 'Cell33_5345_110', 'Cell34_392_141', 'Cell35_3721_156', 'Cell36_3244_117', 'Cell37_4812_136', 'Cell38_1707_134', 'Cell39_2411_115', 'Cell40_5207_125', 'Cell41_791_151', 'Cell42_2137_149', 'Cell43_6272_145', 'Cell44_2310_187', 'Cell45_1032_195', 'Cell46_1613_153', 'Cell47_3301_187', 'Cell48_4558_165', 'Cell49_5117_178', 'Cell50_4667_184', 'Cell51_374_209', 'Cell52_4902_197', 'Cell53_548_191', 'Cell54_5964_202', 'Cell55_451_203', 'Cell56_5714_201', 'Cell57_4021_214', 'Cell58_5487_225', 'Cell59_160_228', 'Cell60_6187_223', 'Cell61_4583_245', 'Cell62_1357_232', 'Cell63_2974_232', 'Cell64_4453_226', 'Cell65_5022_224', 'Cell66_1627_277', 'Cell67_3330_261', 'Cell68_2737_252', 'Cell69_3269_294', 'Cell70_5216_261', 'Cell71_1174_250', 'Cell72_3385_281', 'Cell73_4366_296', 'Cell74_2317_291', 'Cell75_2390_297', 'Cell76_4122_279', 'Cell77_2263_304', 'Cell78_4303_295', 'Cell79_491_302']"
GSE325911,raw\GSM9616870_Panorama_EXP-2-AD-R3_W4A1_results.txt.gz,table_summary,0.106,sample_rows=5000 cols=5 sep='\t',,,,,"columns=['1238', '379', '13', 'RORC', 'Unnamed: 4']"
GSE325911,raw\GSM9616870_Panorama_EXP-2-AD-R3_W4A1_results_assigned.txt.gz,table_summary,0.161,sample_rows=5000 cols=5 sep='\t',,,,,"columns=['1238', '379', '13', 'RORC', 'Cell96_1183_389']"
GSE325911,raw\GSM9616871_Panorama_EXP-2-AD-R3_W4A2_Channel3_R8_7.5_mu_dilated_segmentation_cell_stats.csv.gz,table_summary,0.088,"sample_rows=4550 cols=7 sep=','",,,,,"columns=['cell', 'x', 'y', 'n_transcripts', 'density', 'area', 'areaPx']"
GSE325911,raw\GSM9616871_Panorama_EXP-2-AD-R3_W4A2_Channel3_R8_7.5_mu_dilated_segmentation_cell_stats.csv.gz,table_column,0.088,"sample_rows=4550 cols=7 sep=','",cell,id_or_group_like,4550,Cell1_2737_24|Cell2_3446_45|Cell3_4605_30|Cell4_6040_48|Cell5_2418_15|Cell6_4734_31|Cell7_2458_51|Cell8_4127_38|Cell9_2646_41|Cell10_2091_63|Cell11_6167_48|Cell12_2211_54,
GSE325911,raw\GSM9616871_Panorama_EXP-2-AD-R3_W4A2_Channel3_R8_7.5_mu_dilated_segmentation_cell_stats.csv.gz,table_column,0.088,"sample_rows=4550 cols=7 sep=','",x,coordinate_like,3242,2737|3446|4605|6040|2418|4734|2458|4127|2646|2091|6167|2211,
GSE325911,raw\GSM9616871_Panorama_EXP-2-AD-R3_W4A2_Channel3_R8_7.5_mu_dilated_segmentation_cell_stats.csv.gz,table_column,0.088,"sample_rows=4550 cols=7 sep=','",y,coordinate_like,4018,24|45|30|48|15|31|51|38|41|63|54|53,
GSE325911,raw\GSM9616871_Panorama_EXP-2-AD-R3_W4A2_Channel3_R8_7.5_mu_dilated_segmentation_counts.txt.gz,table_summary,0.044,sample_rows=86 cols=4551 sep='\t',,,,,"columns=['gene', 'Cell1_2737_24', 'Cell2_3446_45', 'Cell3_4605_30', 'Cell4_6040_48', 'Cell5_2418_15', 'Cell6_4734_31', 'Cell7_2458_51', 'Cell8_4127_38', 'Cell9_2646_41', 'Cell10_2091_63', 'Cell11_6167_48', 'Cell12_2211_54', 'Cell13_3953_53', 'Cell14_2540_38', 'Cell15_3718_58', 'Cell16_6271_60', 'Cell17_5236_85', 'Cell18_4412_111', 'Cell19_4235_122', 'Cell20_3605_100', 'Cell21_2797_119', 'Cell22_5555_113', 'Cell23_4730_142', 'Cell24_2522_149', 'Cell25_2425_151', 'Cell26_2126_175', 'Cell27_5662_166', 'Cell28_5399_183', 'Cell29_2219_164', 'Cell30_4598_183', 'Cell31_2339_182', 'Cell32_3607_190', 'Cell33_2637_176', 'Cell34_3468_180', 'Cell35_4118_193', 'Cell36_3835_197', 'Cell37_6291_201', 'Cell38_5877_242', 'Cell39_2235_251', 'Cell40_2662_260', 'Cell41_2408_252', 'Cell42_3374_234', 'Cell43_6234_248', 'Cell44_2770_247', 'Cell45_2478_269', 'Cell46_3296_263', 'Cell47_3699_300', 'Cell48_2031_269', 'Cell49_2138_288', 'Cell50_1310_292', 'Cell51_3394_346', 'Cell52_3302_363', 'Cell53_2302_349', 'Cell54_2232_342', 'Cell55_6254_383', 'Cell56_1186_371', 'Cell57_5341_365', 'Cell58_1297_405', 'Cell59_2502_403', 'Cell60_3477_371', 'Cell61_4913_354', 'Cell62_1985_380', 'Cell63_3969_416', 'Cell64_2101_384', 'Cell65_2181_385', 'Cell66_3655_410', 'Cell67_5210_386', 'Cell68_3740_432', 'Cell69_2140_428', 'Cell70_2210_438', 'Cell71_2329_459', 'Cell72_4910_467', 'Cell73_3814_436', 'Cell74_3346_475', 'Cell75_2151_466', 'Cell76_5266_473', 'Cell77_6195_486', 'Cell78_2061_461', 'Cell79_6385_471']"
GSE325911,raw\GSM9616871_Panorama_EXP-2-AD-R3_W4A2_results.txt.gz,table_summary,0.073,sample_rows=5000 cols=5 sep='\t',,,,,"columns=['1448', '542', '11', 'GAD2', 'Unnamed: 4']"
GSE325911,raw\GSM9616871_Panorama_EXP-2-AD-R3_W4A2_results_assigned.txt.gz,table_summary,0.113,sample_rows=5000 cols=5 sep='\t',,,,,"columns=['1448', '542', '11', 'GAD2', 'NotAssigned']"
GSE325911,raw\GSM9616872_Panorama_EXP-2-AD-R3_W5A1_Channel3_R8_7.5_mu_dilated_segmentation_cell_stats.csv.gz,table_summary,0.128,"sample_rows=5000 cols=7 sep=','",,,,,"columns=['cell', 'x', 'y', 'n_transcripts', 'density', 'area', 'areaPx']"
GSE325911,raw\GSM9616872_Panorama_EXP-2-AD-R3_W5A1_Channel3_R8_7.5_mu_dilated_segmentation_cell_stats.csv.gz,table_column,0.128,"sample_rows=5000 cols=7 sep=','",cell,id_or_group_like,5000,Cell1_1012_28|Cell2_3537_22|Cell3_3702_35|Cell4_5213_31|Cell5_6007_41|Cell6_6129_25|Cell7_8579_29|Cell8_8933_25|Cell9_12281_43|Cell10_13673_35|Cell11_14949_18|Cell12_1097_11,
GSE325911,raw\GSM9616872_Panorama_EXP-2-AD-R3_W5A1_Channel3_R8_7.5_mu_dilated_segmentation_cell_stats.csv.gz,table_column,0.128,"sample_rows=5000 cols=7 sep=','",x,coordinate_like,4250,1012|3537|3702|5213|6007|6129|8579|8933|12281|13673|14949|1097,
GSE325911,raw\GSM9616872_Panorama_EXP-2-AD-R3_W5A1_Channel3_R8_7.5_mu_dilated_segmentation_cell_stats.csv.gz,table_column,0.128,"sample_rows=5000 cols=7 sep=','",y,coordinate_like,4134,28|22|35|31|41|25|29|43|18|11|36|26,
GSE325911,raw\GSM9616872_Panorama_EXP-2-AD-R3_W5A1_Channel3_R8_7.5_mu_dilated_segmentation_counts.txt.gz,table_summary,0.059,sample_rows=82 cols=6667 sep='\t',,,,,"columns=['gene', 'Cell1_1012_28', 'Cell2_3537_22', 'Cell3_3702_35', 'Cell4_5213_31', 'Cell5_6007_41', 'Cell6_6129_25', 'Cell7_8579_29', 'Cell8_8933_25', 'Cell9_12281_43', 'Cell10_13673_35', 'Cell11_14949_18', 'Cell12_1097_11', 'Cell13_1225_36', 'Cell14_13020_26', 'Cell15_13963_35', 'Cell16_2693_26', 'Cell17_13130_48', 'Cell18_7146_46', 'Cell19_2902_40', 'Cell20_11678_28', 'Cell21_1144_42', 'Cell22_1429_42', 'Cell23_9118_46', 'Cell24_304_42', 'Cell25_1978_40', 'Cell26_8433_55', 'Cell27_6297_43', 'Cell28_9274_48', 'Cell29_7864_39', 'Cell30_7388_69', 'Cell31_800_61', 'Cell32_4993_60', 'Cell33_8238_47', 'Cell34_3045_57', 'Cell35_7569_69', 'Cell36_14475_48', 'Cell37_9411_49', 'Cell38_408_34', 'Cell39_14891_47', 'Cell40_5537_60', 'Cell41_2099_64', 'Cell42_5419_66', 'Cell43_11564_94', 'Cell44_8542_118', 'Cell45_14761_72', 'Cell46_2544_64', 'Cell47_497_82', 'Cell48_10012_81', 'Cell49_10111_92', 'Cell50_2353_95', 'Cell51_14970_106', 'Cell52_653_112', 'Cell53_3301_107', 'Cell54_4449_107', 'Cell55_3538_122', 'Cell56_5386_139', 'Cell57_1756_123', 'Cell58_11206_110', 'Cell59_6884_126', 'Cell60_1547_146', 'Cell61_8999_126', 'Cell62_9724_136', 'Cell63_1937_131', 'Cell64_8272_156', 'Cell65_13927_126', 'Cell66_2683_151', 'Cell67_5295_141', 'Cell68_13256_140', 'Cell69_2529_154', 'Cell70_13668_141', 'Cell71_10846_157', 'Cell72_4576_166', 'Cell73_14793_190', 'Cell74_3733_163', 'Cell75_11782_164', 'Cell76_11913_147', 'Cell77_6170_160', 'Cell78_13140_174', 'Cell79_2081_175']"
GSE325911,raw\GSM9616872_Panorama_EXP-2-AD-R3_W5A1_results.txt.gz,table_summary,0.059,sample_rows=5000 cols=5 sep='\t',,,,,"columns=['1234', '1952', '8', 'MOG', 'Unnamed: 4']"
GSE325911,raw\GSM9616872_Panorama_EXP-2-AD-R3_W5A1_results_assigned.txt.gz,table_summary,0.09,sample_rows=5000 cols=5 sep='\t',,,,,"columns=['1234', '1952', '8', 'MOG', 'NotAssigned']"
GSE325911,raw\GSM9616873_Panorama_EXP-2-AD-R3_W6A1_Channel3_R8_7.5_mu_dilated_segmentation_cell_stats.csv.gz,table_summary,0.06,"sample_rows=3097 cols=7 sep=','",,,,,"columns=['cell', 'x', 'y', 'n_transcripts', 'density', 'area', 'areaPx']"
GSE325911,raw\GSM9616873_Panorama_EXP-2-AD-R3_W6A1_Channel3_R8_7.5_mu_dilated_segmentation_cell_stats.csv.gz,table_column,0.06,"sample_rows=3097 cols=7 sep=','",cell,id_or_group_like,3097,Cell1_996_33|Cell2_2295_34|Cell3_2865_29|Cell4_3682_34|Cell5_3874_40|Cell6_5757_31|Cell7_7638_27|Cell8_8127_13|Cell9_8540_42|Cell10_9457_32|Cell11_9854_36|Cell12_10161_31,
GSE325911,raw\GSM9616873_Panorama_EXP-2-AD-R3_W6A1_Channel3_R8_7.5_mu_dilated_segmentation_cell_stats.csv.gz,table_column,0.06,"sample_rows=3097 cols=7 sep=','",x,coordinate_like,2737,996|2295|2865|3682|3874|5757|7638|8127|8540|9457|9854|10161,
GSE325911,raw\GSM9616873_Panorama_EXP-2-AD-R3_W6A1_Channel3_R8_7.5_mu_dilated_segmentation_cell_stats.csv.gz,table_column,0.06,"sample_rows=3097 cols=7 sep=','",y,coordinate_like,2596,33|34|29|40|31|27|13|42|32|36|24|44,
GSE325911,raw\GSM9616873_Panorama_EXP-2-AD-R3_W6A1_Channel3_R8_7.5_mu_dilated_segmentation_counts.txt.gz,table_summary,0.035,sample_rows=87 cols=3098 sep='\t',,,,,"columns=['gene', 'Cell1_996_33', 'Cell2_2295_34', 'Cell3_2865_29', 'Cell4_3682_34', 'Cell5_3874_40', 'Cell6_5757_31', 'Cell7_7638_27', 'Cell8_8127_13', 'Cell9_8540_42', 'Cell10_9457_32', 'Cell11_9854_36', 'Cell12_10161_31', 'Cell13_10323_33', 'Cell14_10474_24', 'Cell15_11443_34', 'Cell16_12014_27', 'Cell17_10709_42', 'Cell18_3349_44', 'Cell19_4357_38', 'Cell20_10027_48', 'Cell21_12760_57', 'Cell22_8183_32', 'Cell23_5299_53', 'Cell24_1142_21', 'Cell25_2468_35', 'Cell26_3210_49', 'Cell27_6267_43', 'Cell28_1499_37', 'Cell29_5206_37', 'Cell30_3774_43', 'Cell31_4763_56', 'Cell32_3079_66', 'Cell33_2727_53', 'Cell34_8682_47', 'Cell35_5505_48', 'Cell36_4671_48', 'Cell37_1148_113', 'Cell38_5989_67', 'Cell39_8314_70', 'Cell40_6809_81', 'Cell41_11996_91', 'Cell42_8872_75', 'Cell43_9251_77', 'Cell44_12443_96', 'Cell45_8202_93', 'Cell46_7240_104', 'Cell47_2115_106', 'Cell48_723_113', 'Cell49_6686_119', 'Cell50_11506_113', 'Cell51_10479_127', 'Cell52_2585_131', 'Cell53_9441_144', 'Cell54_10222_116', 'Cell55_11224_126', 'Cell56_4489_138', 'Cell57_7678_133', 'Cell58_1438_144', 'Cell59_12301_136', 'Cell60_6543_137', 'Cell61_7581_128', 'Cell62_8209_160', 'Cell63_12025_186', 'Cell64_8596_168', 'Cell65_12206_163', 'Cell66_4612_173', 'Cell67_4778_163', 'Cell68_8427_167', 'Cell69_430_166', 'Cell70_9306_180', 'Cell71_6996_171', 'Cell72_61_153', 'Cell73_9096_179', 'Cell74_6029_202', 'Cell75_10380_168', 'Cell76_10255_195', 'Cell77_998_192', 'Cell78_6444_189', 'Cell79_2756_181']"
GSE325911,raw\GSM9616873_Panorama_EXP-2-AD-R3_W6A1_results.txt.gz,table_summary,0.116,sample_rows=5000 cols=5 sep='\t',,,,,"columns=['1611', '1210', '7', 'MS4A7', 'Unnamed: 4']"
GSE325911,raw\GSM9616873_Panorama_EXP-2-AD-R3_W6A1_results_assigned.txt.gz,table_summary,0.16,sample_rows=5000 cols=5 sep='\t',,,,,"columns=['1611', '1210', '7', 'MS4A7', 'NotAssigned']"
GSE325911,raw\GSM9616874_Panorama_EXP-2-AD-R3_W6A2_Channel3_R8_7.5_mu_dilated_segmentation_cell_stats.csv.gz,table_summary,0.099,"sample_rows=5000 cols=7 sep=','",,,,,"columns=['cell', 'x', 'y', 'n_transcripts', 'density', 'area', 'areaPx']"
GSE325911,raw\GSM9616874_Panorama_EXP-2-AD-R3_W6A2_Channel3_R8_7.5_mu_dilated_segmentation_cell_stats.csv.gz,table_column,0.099,"sample_rows=5000 cols=7 sep=','",cell,id_or_group_like,5000,Cell1_554_24|Cell2_3207_26|Cell3_3890_34|Cell4_4080_37|Cell5_4427_22|Cell6_5137_48|Cell7_6041_30|Cell8_8860_23|Cell9_10915_37|Cell10_11954_13|Cell11_12683_30|Cell12_1726_23,
GSE325911,raw\GSM9616874_Panorama_EXP-2-AD-R3_W6A2_Channel3_R8_7.5_mu_dilated_segmentation_cell_stats.csv.gz,table_column,0.099,"sample_rows=5000 cols=7 sep=','",x,coordinate_like,4181,554|3207|3890|4080|4427|5137|6041|8860|10915|11954|12683|1726,
GSE325911,raw\GSM9616874_Panorama_EXP-2-AD-R3_W6A2_Channel3_R8_7.5_mu_dilated_segmentation_cell_stats.csv.gz,table_column,0.099,"sample_rows=5000 cols=7 sep=','",y,coordinate_like,4238,24|26|34|37|22|48|30|23|13|57|36|21,
GSE325911,raw\GSM9616874_Panorama_EXP-2-AD-R3_W6A2_Channel3_R8_7.5_mu_dilated_segmentation_counts.txt.gz,table_summary,0.05,sample_rows=89 cols=5090 sep='\t',,,,,"columns=['gene', 'Cell1_554_24', 'Cell2_3207_26', 'Cell3_3890_34', 'Cell4_4080_37', 'Cell5_4427_22', 'Cell6_5137_48', 'Cell7_6041_30', 'Cell8_8860_23', 'Cell9_10915_37', 'Cell10_11954_13', 'Cell11_12683_30', 'Cell12_1726_23', 'Cell13_3065_57', 'Cell14_11899_36', 'Cell15_9049_21', 'Cell16_6440_58', 'Cell17_1557_67', 'Cell18_1203_65', 'Cell19_910_70', 'Cell20_6707_60', 'Cell21_3482_62', 'Cell22_11251_35', 'Cell23_12532_39', 'Cell24_9876_57', 'Cell25_12098_42', 'Cell26_9049_95', 'Cell27_5378_51', 'Cell28_8326_35', 'Cell29_429_65', 'Cell30_11848_64', 'Cell31_7569_61', 'Cell32_7816_79', 'Cell33_184_78', 'Cell34_7033_67', 'Cell35_1400_83', 'Cell36_4464_100', 'Cell37_11092_70', 'Cell38_2613_69', 'Cell39_4234_80', 'Cell40_6004_105', 'Cell41_10797_92', 'Cell42_8954_93', 'Cell43_11377_103', 'Cell44_11717_87', 'Cell45_8839_125', 'Cell46_7949_140', 'Cell47_2282_114', 'Cell48_8299_168', 'Cell49_10721_127', 'Cell50_11162_161', 'Cell51_2516_156', 'Cell52_4145_148', 'Cell53_4051_131', 'Cell54_11620_177', 'Cell55_9395_167', 'Cell56_12505_162', 'Cell57_9287_178', 'Cell58_7508_180', 'Cell59_3970_164', 'Cell60_4747_178', 'Cell61_3099_184', 'Cell62_4321_190', 'Cell63_10635_205', 'Cell64_12038_191', 'Cell65_7671_227', 'Cell66_5003_171', 'Cell67_442_217', 'Cell68_1258_185', 'Cell69_4926_214', 'Cell70_19_203', 'Cell71_11041_237', 'Cell72_2323_262', 'Cell73_11108_219', 'Cell74_11822_234', 'Cell75_10308_221', 'Cell76_2711_222', 'Cell77_3188_218', 'Cell78_10197_222', 'Cell79_571_235']"
GSE325911,raw\GSM9616874_Panorama_EXP-2-AD-R3_W6A2_results.txt.gz,table_summary,0.114,sample_rows=5000 cols=5 sep='\t',,,,,"columns=['532', '1277', '11', 'CD86', 'Unnamed: 4']"
GSE325911,raw\GSM9616874_Panorama_EXP-2-AD-R3_W6A2_results_assigned.txt.gz,table_summary,0.161,sample_rows=5000 cols=5 sep='\t',,,,,"columns=['532', '1277', '11', 'CD86', 'NotAssigned']"
GSE325911,raw\GSM9616875_Panorama_EXP-2-AD-R3_W7A1_Channel3_R8_7.5_mu_dilated_segmentation_cell_stats.csv.gz,table_summary,0.098,"sample_rows=4906 cols=7 sep=','",,,,,"columns=['cell', 'x', 'y', 'n_transcripts', 'density', 'area', 'areaPx']"
GSE325911,raw\GSM9616875_Panorama_EXP-2-AD-R3_W7A1_Channel3_R8_7.5_mu_dilated_segmentation_cell_stats.csv.gz,table_column,0.098,"sample_rows=4906 cols=7 sep=','",cell,id_or_group_like,4906,Cell1_16_7|Cell2_944_29|Cell3_2060_34|Cell4_2195_14|Cell5_2533_25|Cell6_3598_8|Cell7_4071_29|Cell8_4538_32|Cell9_4884_32|Cell10_5021_22|Cell11_6543_24|Cell12_8634_23,
GSE325911,raw\GSM9616875_Panorama_EXP-2-AD-R3_W7A1_Channel3_R8_7.5_mu_dilated_segmentation_cell_stats.csv.gz,table_column,0.098,"sample_rows=4906 cols=7 sep=','",x,coordinate_like,3907,16|944|2060|2195|2533|3598|4071|4538|4884|5021|6543|8634,
GSE325911,raw\GSM9616875_Panorama_EXP-2-AD-R3_W7A1_Channel3_R8_7.5_mu_dilated_segmentation_cell_stats.csv.gz,table_column,0.098,"sample_rows=4906 cols=7 sep=','",y,coordinate_like,4028,7|29|34|14|25|8|32|22|24|23|17|19,
GSE325911,raw\GSM9616875_Panorama_EXP-2-AD-R3_W7A1_Channel3_R8_7.5_mu_dilated_segmentation_counts.txt.gz,table_summary,0.062,sample_rows=98 cols=4907 sep='\t',,,,,"columns=['gene', 'Cell1_16_7', 'Cell2_944_29', 'Cell3_2060_34', 'Cell4_2195_14', 'Cell5_2533_25', 'Cell6_3598_8', 'Cell7_4071_29', 'Cell8_4538_32', 'Cell9_4884_32', 'Cell10_5021_22', 'Cell11_6543_24', 'Cell12_8634_23', 'Cell13_8790_17', 'Cell14_8884_19', 'Cell15_8994_34', 'Cell16_10685_27', 'Cell17_5455_22', 'Cell18_7437_35', 'Cell19_10169_26', 'Cell20_10595_37', 'Cell21_2410_35', 'Cell22_6958_27', 'Cell23_8554_46', 'Cell24_8722_23', 'Cell25_10323_31', 'Cell26_7546_38', 'Cell27_3092_31', 'Cell28_2887_45', 'Cell29_1625_35', 'Cell30_32_60', 'Cell31_9840_45', 'Cell32_700_26', 'Cell33_5634_23', 'Cell34_3954_48', 'Cell35_6450_55', 'Cell36_8139_38', 'Cell37_10235_37', 'Cell38_9546_56', 'Cell39_2148_51', 'Cell40_9384_35', 'Cell41_3599_68', 'Cell42_3422_62', 'Cell43_2741_47', 'Cell44_110_39', 'Cell45_10173_70', 'Cell46_3701_39', 'Cell47_3316_46', 'Cell48_3507_52', 'Cell49_1662_93', 'Cell50_8094_92', 'Cell51_6331_50', 'Cell52_2218_73', 'Cell53_585_69', 'Cell54_10086_79', 'Cell55_8839_104', 'Cell56_9081_83', 'Cell57_10436_84', 'Cell58_518_73', 'Cell59_3193_77', 'Cell60_1150_76', 'Cell61_4579_91', 'Cell62_2290_108', 'Cell63_6939_123', 'Cell64_10170_112', 'Cell65_10640_114', 'Cell66_469_91', 'Cell67_376_106', 'Cell68_3889_119', 'Cell69_6411_120', 'Cell70_687_115', 'Cell71_10696_111', 'Cell72_7378_114', 'Cell73_1741_105', 'Cell74_2539_124', 'Cell75_9330_108', 'Cell76_1510_127', 'Cell77_2639_85', 'Cell78_4470_101', 'Cell79_5512_127']"
GSE325911,raw\GSM9616875_Panorama_EXP-2-AD-R3_W7A1_results.txt.gz,table_summary,0.312,sample_rows=5000 cols=5 sep='\t',,,,,"columns=['519', '1336', '16', 'CD86', 'Unnamed: 4']"
GSE325911,raw\GSM9616875_Panorama_EXP-2-AD-R3_W7A1_results_assigned.txt.gz,table_summary,0.45,sample_rows=5000 cols=5 sep='\t',,,,,"columns=['519', '1336', '16', 'CD86', 'Cell683_549_1386']"
GSE325911,raw\GSM9616876_Panorama_EXP-2-AD-R3_W7A2_Channel3_R8_7.5_mu_dilated_segmentation_cell_stats.csv.gz,table_summary,0.062,"sample_rows=3161 cols=7 sep=','",,,,,"columns=['cell', 'x', 'y', 'n_transcripts', 'density', 'area', 'areaPx']"
GSE325911,raw\GSM9616876_Panorama_EXP-2-AD-R3_W7A2_Channel3_R8_7.5_mu_dilated_segmentation_cell_stats.csv.gz,table_column,0.062,"sample_rows=3161 cols=7 sep=','",cell,id_or_group_like,3161,Cell1_1667_25|Cell2_2354_37|Cell3_2444_27|Cell4_2644_24|Cell5_2976_43|Cell6_4404_33|Cell7_4503_32|Cell8_5484_33|Cell9_6851_33|Cell10_8925_26|Cell11_9582_30|Cell12_9931_16,
GSE325911,raw\GSM9616876_Panorama_EXP-2-AD-R3_W7A2_Channel3_R8_7.5_mu_dilated_segmentation_cell_stats.csv.gz,table_column,0.062,"sample_rows=3161 cols=7 sep=','",x,coordinate_like,2748,1667|2354|2444|2644|2976|4404|4503|5484|6851|8925|9582|9931,
GSE325911,raw\GSM9616876_Panorama_EXP-2-AD-R3_W7A2_Channel3_R8_7.5_mu_dilated_segmentation_cell_stats.csv.gz,table_column,0.062,"sample_rows=3161 cols=7 sep=','",y,coordinate_like,2618,25|37|27|24|43|33|32|26|30|16|23|59,
GSE325911,raw\GSM9616876_Panorama_EXP-2-AD-R3_W7A2_Channel3_R8_7.5_mu_dilated_segmentation_counts.txt.gz,table_summary,0.038,sample_rows=87 cols=3162 sep='\t',,,,,"columns=['gene', 'Cell1_1667_25', 'Cell2_2354_37', 'Cell3_2444_27', 'Cell4_2644_24', 'Cell5_2976_43', 'Cell6_4404_33', 'Cell7_4503_32', 'Cell8_5484_33', 'Cell9_6851_33', 'Cell10_8925_26', 'Cell11_9582_30', 'Cell12_9931_16', 'Cell13_10041_23', 'Cell14_1733_59', 'Cell15_2825_5', 'Cell16_8777_8', 'Cell17_8425_48', 'Cell18_2828_34', 'Cell19_5099_46', 'Cell20_5343_45', 'Cell21_3417_24', 'Cell22_7858_34', 'Cell23_10120_45', 'Cell24_8698_67', 'Cell25_9857_35', 'Cell26_42_48', 'Cell27_8774_39', 'Cell28_9915_78', 'Cell29_9765_39', 'Cell30_3839_32', 'Cell31_8865_56', 'Cell32_3435_101', 'Cell33_4673_32', 'Cell34_3524_68', 'Cell35_2698_121', 'Cell36_9840_104', 'Cell37_7837_126', 'Cell38_10008_86', 'Cell39_8801_97', 'Cell40_3803_116', 'Cell41_10553_86', 'Cell42_3243_95', 'Cell43_4648_109', 'Cell44_8830_114', 'Cell45_3930_87', 'Cell46_2506_90', 'Cell47_9749_138', 'Cell48_3648_119', 'Cell49_3381_119', 'Cell50_10660_121', 'Cell51_7402_102', 'Cell52_10445_121', 'Cell53_8893_128', 'Cell54_4574_116', 'Cell55_9570_133', 'Cell56_4421_133', 'Cell57_3331_146', 'Cell58_4005_114', 'Cell59_3874_168', 'Cell60_9476_173', 'Cell61_8848_150', 'Cell62_10059_149', 'Cell63_9082_131', 'Cell64_8801_156', 'Cell65_3959_185', 'Cell66_4523_178', 'Cell67_3178_131', 'Cell68_3106_141', 'Cell69_3016_155', 'Cell70_3734_167', 'Cell71_3810_221', 'Cell72_2531_202', 'Cell73_4130_176', 'Cell74_10006_225', 'Cell75_8849_182', 'Cell76_9208_161', 'Cell77_3078_191', 'Cell78_9912_207', 'Cell79_3571_202']"
GSE325911,raw\GSM9616876_Panorama_EXP-2-AD-R3_W7A2_results.txt.gz,table_summary,0.144,sample_rows=5000 cols=5 sep='\t',,,,,"columns=['1431', '1241', '15', 'CX3CL1', 'Unnamed: 4']"
GSE325911,raw\GSM9616876_Panorama_EXP-2-AD-R3_W7A2_results_assigned.txt.gz,table_summary,0.208,sample_rows=5000 cols=5 sep='\t',,,,,"columns=['1431', '1241', '15', 'CX3CL1', 'Cell437_1499_1225']"
GSE325911,raw\GSM9616877_Panorama_EXP-2-AD-R3_W7A3_Channel3_R8_7.5_mu_dilated_segmentation_cell_stats.csv.gz,table_summary,0.04,"sample_rows=2041 cols=7 sep=','",,,,,"columns=['cell', 'x', 'y', 'n_transcripts', 'density', 'area', 'areaPx']"
GSE325911,raw\GSM9616877_Panorama_EXP-2-AD-R3_W7A3_Channel3_R8_7.5_mu_dilated_segmentation_cell_stats.csv.gz,table_column,0.04,"sample_rows=2041 cols=7 sep=','",cell,id_or_group_like,2041,Cell1_1138_27|Cell2_2052_28|Cell3_2898_31|Cell4_3069_22|Cell5_3260_32|Cell6_3538_24|Cell7_4066_34|Cell8_6386_48|Cell9_6880_29|Cell10_7352_24|Cell11_8306_21|Cell12_10611_31,
GSE325911,raw\GSM9616877_Panorama_EXP-2-AD-R3_W7A3_Channel3_R8_7.5_mu_dilated_segmentation_cell_stats.csv.gz,table_column,0.04,"sample_rows=2041 cols=7 sep=','",x,coordinate_like,1831,1138|2052|2898|3069|3260|3538|4066|6386|6880|7352|8306|10611,
GSE325911,raw\GSM9616877_Panorama_EXP-2-AD-R3_W7A3_Channel3_R8_7.5_mu_dilated_segmentation_cell_stats.csv.gz,table_column,0.04,"sample_rows=2041 cols=7 sep=','",y,coordinate_like,1606,27|28|31|22|32|24|34|48|29|21|37|13,
GSE325911,raw\GSM9616877_Panorama_EXP-2-AD-R3_W7A3_Channel3_R8_7.5_mu_dilated_segmentation_counts.txt.gz,table_summary,0.024,sample_rows=80 cols=2042 sep='\t',,,,,"columns=['gene', 'Cell1_1138_27', 'Cell2_2052_28', 'Cell3_2898_31', 'Cell4_3069_22', 'Cell5_3260_32', 'Cell6_3538_24', 'Cell7_4066_34', 'Cell8_6386_48', 'Cell9_6880_29', 'Cell10_7352_24', 'Cell11_8306_21', 'Cell12_10611_31', 'Cell13_1297_37', 'Cell14_3165_13', 'Cell15_3979_23', 'Cell16_1391_42', 'Cell17_8705_44', 'Cell18_8571_36', 'Cell19_6047_51', 'Cell20_3008_22', 'Cell21_7501_46', 'Cell22_4153_54', 'Cell23_8630_30', 'Cell24_9297_67', 'Cell25_10279_69', 'Cell26_3435_46', 'Cell27_3138_56', 'Cell28_8493_46', 'Cell29_9773_46', 'Cell30_4769_28', 'Cell31_1233_39', 'Cell32_9112_50', 'Cell33_7718_55', 'Cell34_4400_49', 'Cell35_7440_98', 'Cell36_8339_78', 'Cell37_10404_50', 'Cell38_5649_55', 'Cell39_8451_65', 'Cell40_9887_73', 'Cell41_4460_69', 'Cell42_1286_105', 'Cell43_10593_104', 'Cell44_3126_114', 'Cell45_10454_118', 'Cell46_3924_95', 'Cell47_8926_100', 'Cell48_1227_122', 'Cell49_3789_94', 'Cell50_5552_119', 'Cell51_2969_107', 'Cell52_3876_134', 'Cell53_4725_154', 'Cell54_5089_128', 'Cell55_1034_122', 'Cell56_8424_157', 'Cell57_9960_134', 'Cell58_6565_132', 'Cell59_10057_145', 'Cell60_4418_159', 'Cell61_5652_178', 'Cell62_4324_136', 'Cell63_8119_129', 'Cell64_5227_141', 'Cell65_10543_180', 'Cell66_1188_192', 'Cell67_3553_140', 'Cell68_9517_133', 'Cell69_8554_191', 'Cell70_3993_134', 'Cell71_6432_140', 'Cell72_7043_173', 'Cell73_4894_169', 'Cell74_4815_154', 'Cell75_1126_190', 'Cell76_6348_175', 'Cell77_1271_206', 'Cell78_6848_166', 'Cell79_4383_198']"
GSE325911,raw\GSM9616877_Panorama_EXP-2-AD-R3_W7A3_results.txt.gz,table_summary,0.084,sample_rows=5000 cols=5 sep='\t',,,,,"columns=['800', '1059', '11', 'STAT1', 'Unnamed: 4']"
GSE325911,raw\GSM9616877_Panorama_EXP-2-AD-R3_W7A3_results_assigned.txt.gz,table_summary,0.121,sample_rows=5000 cols=5 sep='\t',,,,,"columns=['800', '1059', '11', 'STAT1', 'NotAssigned']"
GSE278614,GSE278614_RAW.tar,tar_summary,340.858,,,,,,tar_error=unexpected end of data
GSE278614,GSE278614_summary.txt.gz,table_summary,0.001,sample_rows=15 cols=15 sep='\t',,,,,"columns=['# Example of a matrix table for a single channel (non-Affymetrix) submission including platform annotation (header 1-header 3). Only column headers are shown.', 'Unnamed: 1', 'Unnamed: 2', 'Unnamed: 3', 'Unnamed: 4', 'Unnamed: 5', 'Unnamed: 6', 'Unnamed: 7', 'Unnamed: 8', 'Unnamed: 9', 'Unnamed: 10', 'Unnamed: 11', 'Unnamed: 12', 'Unnamed: 13', 'Unnamed: 14']"
GSE278614,GSE278614_summary.txt.gz,table_column,0.001,sample_rows=15 cols=15 sep='\t',# Example of a matrix table for a single channel (non-Affymetrix) submission including platform annotation (header 1-header 3). Only column headers are shown.,label_like,7,"# The Matrix table should include normalized (scaled) signal count data.|# Values that should be disregarded may either be left blank or labeled as ""null"".|1_1-0|2_1-0|3_1-0|4_1-0|5_1-0",
