dataset_id,model,label,precision,recall,f1,support
GEO_GSE240015_VISIUM_THYMUS_DOMAIN,learned_permuted_prior,d0_02mo::leiden_1.0_0,0.5370370370370371,0.42761394101876676,0.4761194029850746,746
GEO_GSE240015_VISIUM_THYMUS_DOMAIN,learned_permuted_prior,d0_02mo::leiden_1.0_1,0.6968503937007874,0.561014263074485,0.6215978928884986,631
GEO_GSE240015_VISIUM_THYMUS_DOMAIN,learned_permuted_prior,d0_02mo::leiden_1.0_2,0.4270833333333333,0.14564831261101244,0.2172185430463576,563
GEO_GSE240015_VISIUM_THYMUS_DOMAIN,learned_permuted_prior,d0_02mo::leiden_1.0_3,0.40606060606060607,0.2863247863247863,0.33583959899749366,468
GEO_GSE240015_VISIUM_THYMUS_DOMAIN,learned_permuted_prior,d0_02mo::leiden_1.0_4,0.22456140350877193,0.19814241486068113,0.21052631578947373,323
GEO_GSE240015_VISIUM_THYMUS_DOMAIN,learned_permuted_prior,d0_18mo::leiden_1.0_0,0.3299492385786802,0.22968197879858657,0.2708333333333333,283
GEO_GSE240015_VISIUM_THYMUS_DOMAIN,learned_permuted_prior,d0_18mo::leiden_1.0_1,0.36936936936936937,0.18303571428571427,0.24477611940298508,224
GEO_GSE240015_VISIUM_THYMUS_DOMAIN,learned_permuted_prior,d0_18mo::leiden_1.0_2,0.27411167512690354,0.25,0.26150121065375304,216
GEO_GSE240015_VISIUM_THYMUS_DOMAIN,learned_permuted_prior,d0_18mo::leiden_1.0_3,0.26037735849056604,0.5655737704918032,0.3565891472868217,122
GEO_GSE240015_VISIUM_THYMUS_DOMAIN,learned_permuted_prior,d0_18mo::leiden_1.0_4,0.24355300859598855,0.7798165137614679,0.3711790393013101,109
GEO_GSE240015_VISIUM_THYMUS_DOMAIN,learned_permuted_prior,d0_18mo::leiden_1.0_5,0.18362282878411912,0.7184466019417476,0.2924901185770751,103
GEO_GSE240015_VISIUM_THYMUS_DOMAIN,learned_permuted_prior,d0_18mo::leiden_1.0_6,0.18620689655172415,0.38028169014084506,0.25,71
GEO_GSE240015_VISIUM_THYMUS_DOMAIN,learned_permuted_prior,d0_18mo::leiden_1.0_7,0.03592814371257485,0.23529411764705882,0.06233766233766233,51
GEO_GSE240015_VISIUM_THYMUS_DOMAIN,learned_random_graph,d0_02mo::leiden_1.0_0,0.5178268251273345,0.40884718498659517,0.4569288389513108,746
GEO_GSE240015_VISIUM_THYMUS_DOMAIN,learned_random_graph,d0_02mo::leiden_1.0_1,0.6724137931034483,0.5562599049128367,0.6088464874241111,631
GEO_GSE240015_VISIUM_THYMUS_DOMAIN,learned_random_graph,d0_02mo::leiden_1.0_2,0.4371584699453552,0.14209591474245115,0.21447721179624663,563
GEO_GSE240015_VISIUM_THYMUS_DOMAIN,learned_random_graph,d0_02mo::leiden_1.0_3,0.44089456869009586,0.2948717948717949,0.353393085787452,468
GEO_GSE240015_VISIUM_THYMUS_DOMAIN,learned_random_graph,d0_02mo::leiden_1.0_4,0.28134556574923547,0.2848297213622291,0.28307692307692306,323
GEO_GSE240015_VISIUM_THYMUS_DOMAIN,learned_random_graph,d0_18mo::leiden_1.0_0,0.3556701030927835,0.24381625441696114,0.2893081761006289,283
GEO_GSE240015_VISIUM_THYMUS_DOMAIN,learned_random_graph,d0_18mo::leiden_1.0_1,0.39759036144578314,0.14732142857142858,0.21498371335504887,224
GEO_GSE240015_VISIUM_THYMUS_DOMAIN,learned_random_graph,d0_18mo::leiden_1.0_2,0.3080568720379147,0.30092592592592593,0.3044496487119438,216
GEO_GSE240015_VISIUM_THYMUS_DOMAIN,learned_random_graph,d0_18mo::leiden_1.0_3,0.24561403508771928,0.5737704918032787,0.34398034398034394,122
GEO_GSE240015_VISIUM_THYMUS_DOMAIN,learned_random_graph,d0_18mo::leiden_1.0_4,0.24914675767918087,0.6697247706422018,0.36318407960199,109
GEO_GSE240015_VISIUM_THYMUS_DOMAIN,learned_random_graph,d0_18mo::leiden_1.0_5,0.1726457399103139,0.7475728155339806,0.28051001821493626,103
GEO_GSE240015_VISIUM_THYMUS_DOMAIN,learned_random_graph,d0_18mo::leiden_1.0_6,0.22297297297297297,0.4647887323943662,0.3013698630136986,71
GEO_GSE240015_VISIUM_THYMUS_DOMAIN,learned_random_graph,d0_18mo::leiden_1.0_7,0.04746835443037975,0.29411764705882354,0.08174386920980928,51
GEO_GSE240015_VISIUM_THYMUS_DOMAIN,marker_context_specific_neighborhood,d0_02mo::leiden_1.0_0,0.5223880597014925,0.4222520107238606,0.4670126019273536,746
GEO_GSE240015_VISIUM_THYMUS_DOMAIN,marker_context_specific_neighborhood,d0_02mo::leiden_1.0_1,0.6689497716894978,0.4643423137876387,0.548175865294668,631
GEO_GSE240015_VISIUM_THYMUS_DOMAIN,marker_context_specific_neighborhood,d0_02mo::leiden_1.0_2,0.44041450777202074,0.15097690941385436,0.22486772486772488,563
GEO_GSE240015_VISIUM_THYMUS_DOMAIN,marker_context_specific_neighborhood,d0_02mo::leiden_1.0_3,0.3979591836734694,0.25,0.30708661417322836,468
GEO_GSE240015_VISIUM_THYMUS_DOMAIN,marker_context_specific_neighborhood,d0_02mo::leiden_1.0_4,0.29721362229102166,0.29721362229102166,0.29721362229102166,323
GEO_GSE240015_VISIUM_THYMUS_DOMAIN,marker_context_specific_neighborhood,d0_18mo::leiden_1.0_0,0.2839506172839506,0.1625441696113074,0.20674157303370785,283
GEO_GSE240015_VISIUM_THYMUS_DOMAIN,marker_context_specific_neighborhood,d0_18mo::leiden_1.0_1,0.4111111111111111,0.16517857142857142,0.2356687898089172,224
GEO_GSE240015_VISIUM_THYMUS_DOMAIN,marker_context_specific_neighborhood,d0_18mo::leiden_1.0_2,0.2542372881355932,0.20833333333333334,0.22900763358778622,216
GEO_GSE240015_VISIUM_THYMUS_DOMAIN,marker_context_specific_neighborhood,d0_18mo::leiden_1.0_3,0.21052631578947367,0.5573770491803278,0.3056179775280899,122
GEO_GSE240015_VISIUM_THYMUS_DOMAIN,marker_context_specific_neighborhood,d0_18mo::leiden_1.0_4,0.25961538461538464,0.7431192660550459,0.38479809976247037,109
GEO_GSE240015_VISIUM_THYMUS_DOMAIN,marker_context_specific_neighborhood,d0_18mo::leiden_1.0_5,0.17002237136465326,0.7378640776699029,0.27636363636363637,103
GEO_GSE240015_VISIUM_THYMUS_DOMAIN,marker_context_specific_neighborhood,d0_18mo::leiden_1.0_6,0.18497109826589594,0.4507042253521127,0.26229508196721313,71
GEO_GSE240015_VISIUM_THYMUS_DOMAIN,marker_context_specific_neighborhood,d0_18mo::leiden_1.0_7,0.032,0.23529411764705882,0.05633802816901409,51
GEO_GSE240015_VISIUM_THYMUS_DOMAIN,marker_learned_neighborhood,d0_02mo::leiden_1.0_0,0.5367762128325508,0.4597855227882037,0.4953068592057761,746
GEO_GSE240015_VISIUM_THYMUS_DOMAIN,marker_learned_neighborhood,d0_02mo::leiden_1.0_1,0.5830508474576271,0.27258320126782887,0.3714902807775378,631
GEO_GSE240015_VISIUM_THYMUS_DOMAIN,marker_learned_neighborhood,d0_02mo::leiden_1.0_2,0.4019607843137255,0.14564831261101244,0.21382007822685792,563
GEO_GSE240015_VISIUM_THYMUS_DOMAIN,marker_learned_neighborhood,d0_02mo::leiden_1.0_3,0.42207792207792205,0.2777777777777778,0.3350515463917526,468
GEO_GSE240015_VISIUM_THYMUS_DOMAIN,marker_learned_neighborhood,d0_02mo::leiden_1.0_4,0.2765957446808511,0.28173374613003094,0.2791411042944785,323
GEO_GSE240015_VISIUM_THYMUS_DOMAIN,marker_learned_neighborhood,d0_18mo::leiden_1.0_0,0.3778801843317972,0.28975265017667845,0.328,283
GEO_GSE240015_VISIUM_THYMUS_DOMAIN,marker_learned_neighborhood,d0_18mo::leiden_1.0_1,0.4533333333333333,0.15178571428571427,0.2274247491638796,224
GEO_GSE240015_VISIUM_THYMUS_DOMAIN,marker_learned_neighborhood,d0_18mo::leiden_1.0_2,0.2850678733031674,0.2916666666666667,0.28832951945080093,216
GEO_GSE240015_VISIUM_THYMUS_DOMAIN,marker_learned_neighborhood,d0_18mo::leiden_1.0_3,0.20460358056265984,0.6557377049180327,0.31189083820662766,122
GEO_GSE240015_VISIUM_THYMUS_DOMAIN,marker_learned_neighborhood,d0_18mo::leiden_1.0_4,0.2073170731707317,0.7798165137614679,0.32755298651252407,109
GEO_GSE240015_VISIUM_THYMUS_DOMAIN,marker_learned_neighborhood,d0_18mo::leiden_1.0_5,0.1825,0.7087378640776699,0.29025844930417494,103
GEO_GSE240015_VISIUM_THYMUS_DOMAIN,marker_learned_neighborhood,d0_18mo::leiden_1.0_6,0.22,0.4647887323943662,0.2986425339366516,71
GEO_GSE240015_VISIUM_THYMUS_DOMAIN,marker_learned_neighborhood,d0_18mo::leiden_1.0_7,0.04428044280442804,0.23529411764705882,0.07453416149068322,51
GEO_GSE240015_VISIUM_THYMUS_DOMAIN,marker_only,d0_02mo::leiden_1.0_0,0.5201342281879194,0.4155495978552279,0.46199701937406856,746
GEO_GSE240015_VISIUM_THYMUS_DOMAIN,marker_only,d0_02mo::leiden_1.0_1,0.6805845511482255,0.5166402535657686,0.5873873873873874,631
GEO_GSE240015_VISIUM_THYMUS_DOMAIN,marker_only,d0_02mo::leiden_1.0_2,0.4263157894736842,0.1438721136767318,0.21513944223107573,563
GEO_GSE240015_VISIUM_THYMUS_DOMAIN,marker_only,d0_02mo::leiden_1.0_3,0.39932885906040266,0.25427350427350426,0.3107049608355091,468
GEO_GSE240015_VISIUM_THYMUS_DOMAIN,marker_only,d0_02mo::leiden_1.0_4,0.2984126984126984,0.29102167182662536,0.2946708463949843,323
GEO_GSE240015_VISIUM_THYMUS_DOMAIN,marker_only,d0_18mo::leiden_1.0_0,0.2781065088757396,0.16607773851590105,0.2079646017699115,283
GEO_GSE240015_VISIUM_THYMUS_DOMAIN,marker_only,d0_18mo::leiden_1.0_1,0.3829787234042553,0.16071428571428573,0.22641509433962265,224
GEO_GSE240015_VISIUM_THYMUS_DOMAIN,marker_only,d0_18mo::leiden_1.0_2,0.25842696629213485,0.21296296296296297,0.233502538071066,216
GEO_GSE240015_VISIUM_THYMUS_DOMAIN,marker_only,d0_18mo::leiden_1.0_3,0.21926910299003322,0.5409836065573771,0.3120567375886525,122
GEO_GSE240015_VISIUM_THYMUS_DOMAIN,marker_only,d0_18mo::leiden_1.0_4,0.28040540540540543,0.7614678899082569,0.4098765432098766,109
GEO_GSE240015_VISIUM_THYMUS_DOMAIN,marker_only,d0_18mo::leiden_1.0_5,0.16592920353982302,0.7281553398058253,0.2702702702702703,103
GEO_GSE240015_VISIUM_THYMUS_DOMAIN,marker_only,d0_18mo::leiden_1.0_6,0.19642857142857142,0.4647887323943662,0.27615062761506276,71
GEO_GSE240015_VISIUM_THYMUS_DOMAIN,marker_only,d0_18mo::leiden_1.0_7,0.03208556149732621,0.23529411764705882,0.05647058823529412,51
GEO_GSE240015_VISIUM_THYMUS_DOMAIN,marker_spatial_smoothing,d0_02mo::leiden_1.0_0,0.5397350993377483,0.43699731903485256,0.4829629629629629,746
GEO_GSE240015_VISIUM_THYMUS_DOMAIN,marker_spatial_smoothing,d0_02mo::leiden_1.0_1,0.7004504504504504,0.4928684627575277,0.5786046511627907,631
GEO_GSE240015_VISIUM_THYMUS_DOMAIN,marker_spatial_smoothing,d0_02mo::leiden_1.0_2,0.4486486486486487,0.14742451154529307,0.22192513368983954,563
GEO_GSE240015_VISIUM_THYMUS_DOMAIN,marker_spatial_smoothing,d0_02mo::leiden_1.0_3,0.45569620253164556,0.3076923076923077,0.3673469387755102,468
GEO_GSE240015_VISIUM_THYMUS_DOMAIN,marker_spatial_smoothing,d0_02mo::leiden_1.0_4,0.3333333333333333,0.3188854489164087,0.32594936708860756,323
GEO_GSE240015_VISIUM_THYMUS_DOMAIN,marker_spatial_smoothing,d0_18mo::leiden_1.0_0,0.30113636363636365,0.1872791519434629,0.2309368191721133,283
GEO_GSE240015_VISIUM_THYMUS_DOMAIN,marker_spatial_smoothing,d0_18mo::leiden_1.0_1,0.4296875,0.24553571428571427,0.31249999999999994,224
GEO_GSE240015_VISIUM_THYMUS_DOMAIN,marker_spatial_smoothing,d0_18mo::leiden_1.0_2,0.29891304347826086,0.25462962962962965,0.275,216
GEO_GSE240015_VISIUM_THYMUS_DOMAIN,marker_spatial_smoothing,d0_18mo::leiden_1.0_3,0.2427536231884058,0.5491803278688525,0.33668341708542715,122
GEO_GSE240015_VISIUM_THYMUS_DOMAIN,marker_spatial_smoothing,d0_18mo::leiden_1.0_4,0.2645161290322581,0.7522935779816514,0.3914081145584726,109
GEO_GSE240015_VISIUM_THYMUS_DOMAIN,marker_spatial_smoothing,d0_18mo::leiden_1.0_5,0.16856492027334852,0.7184466019417476,0.2730627306273063,103
GEO_GSE240015_VISIUM_THYMUS_DOMAIN,marker_spatial_smoothing,d0_18mo::leiden_1.0_6,0.20833333333333334,0.49295774647887325,0.2928870292887029,71
GEO_GSE240015_VISIUM_THYMUS_DOMAIN,marker_spatial_smoothing,d0_18mo::leiden_1.0_7,0.03504043126684636,0.2549019607843137,0.061611374407582936,51
GEO_GSE240015_VISIUM_THYMUS_DOMAIN,marker_spatial_smoothing_random_graph,d0_02mo::leiden_1.0_0,0.5370051635111877,0.41823056300268097,0.4702336096458176,746
GEO_GSE240015_VISIUM_THYMUS_DOMAIN,marker_spatial_smoothing_random_graph,d0_02mo::leiden_1.0_1,0.7034120734908137,0.4247226624405705,0.5296442687747035,631
GEO_GSE240015_VISIUM_THYMUS_DOMAIN,marker_spatial_smoothing_random_graph,d0_02mo::leiden_1.0_2,0.4251207729468599,0.15630550621669628,0.22857142857142862,563
GEO_GSE240015_VISIUM_THYMUS_DOMAIN,marker_spatial_smoothing_random_graph,d0_02mo::leiden_1.0_3,0.4276729559748428,0.2905982905982906,0.34605597964376594,468
GEO_GSE240015_VISIUM_THYMUS_DOMAIN,marker_spatial_smoothing_random_graph,d0_02mo::leiden_1.0_4,0.31901840490797545,0.3219814241486068,0.3204930662557781,323
GEO_GSE240015_VISIUM_THYMUS_DOMAIN,marker_spatial_smoothing_random_graph,d0_18mo::leiden_1.0_0,0.31016042780748665,0.2049469964664311,0.2468085106382979,283
GEO_GSE240015_VISIUM_THYMUS_DOMAIN,marker_spatial_smoothing_random_graph,d0_18mo::leiden_1.0_1,0.408,0.22767857142857142,0.2922636103151862,224
GEO_GSE240015_VISIUM_THYMUS_DOMAIN,marker_spatial_smoothing_random_graph,d0_18mo::leiden_1.0_2,0.30256410256410254,0.27314814814814814,0.28710462287104616,216
GEO_GSE240015_VISIUM_THYMUS_DOMAIN,marker_spatial_smoothing_random_graph,d0_18mo::leiden_1.0_3,0.22996515679442509,0.5409836065573771,0.32273838630806845,122
GEO_GSE240015_VISIUM_THYMUS_DOMAIN,marker_spatial_smoothing_random_graph,d0_18mo::leiden_1.0_4,0.25077399380804954,0.7431192660550459,0.375,109
GEO_GSE240015_VISIUM_THYMUS_DOMAIN,marker_spatial_smoothing_random_graph,d0_18mo::leiden_1.0_5,0.16784869976359337,0.6893203883495146,0.26996197718631176,103
GEO_GSE240015_VISIUM_THYMUS_DOMAIN,marker_spatial_smoothing_random_graph,d0_18mo::leiden_1.0_6,0.1881720430107527,0.49295774647887325,0.2723735408560311,71
GEO_GSE240015_VISIUM_THYMUS_DOMAIN,marker_spatial_smoothing_random_graph,d0_18mo::leiden_1.0_7,0.03504043126684636,0.2549019607843137,0.061611374407582936,51
GEO_GSE284005_MERSCOPE_MS,learned_permuted_prior,B,0.8483606557377049,0.828,0.8380566801619432,250
GEO_GSE284005_MERSCOPE_MS,learned_permuted_prior,BCAS1+ OL,0.5448717948717948,0.34,0.41871921182266014,250
GEO_GSE284005_MERSCOPE_MS,learned_permuted_prior,CCN1.Astro,0.49321266968325794,0.436,0.4628450106157113,250
GEO_GSE284005_MERSCOPE_MS,learned_permuted_prior,CD4+ T,0.5672131147540984,0.692,0.6234234234234234,250
GEO_GSE284005_MERSCOPE_MS,learned_permuted_prior,CD8+ T,0.4227129337539432,0.536,0.47266313932980597,250
GEO_GSE284005_MERSCOPE_MS,learned_permuted_prior,COP,0.964824120603015,0.768,0.8552338530066815,250
GEO_GSE284005_MERSCOPE_MS,learned_permuted_prior,DA.Astro,0.5209580838323353,0.696,0.5958904109589042,250
GEO_GSE284005_MERSCOPE_MS,learned_permuted_prior,DAOPC,0.5274725274725275,0.384,0.4444444444444445,250
GEO_GSE284005_MERSCOPE_MS,learned_permuted_prior,Disease OL,0.20175438596491227,0.184,0.1924686192468619,250
GEO_GSE284005_MERSCOPE_MS,learned_permuted_prior,Fibroblast,0.5578406169665809,0.868,0.679186228482003,250
GEO_GSE284005_MERSCOPE_MS,learned_permuted_prior,Homeo.Astro,0.33707865168539325,0.12,0.17699115044247787,250
GEO_GSE284005_MERSCOPE_MS,learned_permuted_prior,Homeo.Endo,0.6174863387978142,0.452,0.5219399538106235,250
GEO_GSE284005_MERSCOPE_MS,learned_permuted_prior,Imm OL,0.30564784053156147,0.368,0.3339382940108893,250
GEO_GSE284005_MERSCOPE_MS,learned_permuted_prior,Imm.Astro,0.23185011709601874,0.396,0.29246676514032494,250
GEO_GSE284005_MERSCOPE_MS,learned_permuted_prior,Mac,0.7175572519083969,0.376,0.49343832020997375,250
GEO_GSE284005_MERSCOPE_MS,learned_permuted_prior,Mature OL,0.2250453720508167,0.496,0.3096129837702871,250
GEO_GSE284005_MERSCOPE_MS,learned_permuted_prior,Micro Foamy,0.5212765957446809,0.588,0.5526315789473685,250
GEO_GSE284005_MERSCOPE_MS,learned_permuted_prior,Micro Homeo,0.2887323943661972,0.164,0.20918367346938777,250
GEO_GSE284005_MERSCOPE_MS,learned_permuted_prior,Micro IL1B,0.5542168674698795,0.552,0.5531062124248497,250
GEO_GSE284005_MERSCOPE_MS,learned_permuted_prior,Micro SPP1,0.3326530612244898,0.652,0.44054054054054054,250
GEO_GSE284005_MERSCOPE_MS,learned_permuted_prior,Micro Stress,0.27699530516431925,0.236,0.2548596112311015,250
GEO_GSE284005_MERSCOPE_MS,learned_permuted_prior,Micro VEGFA,0.4444444444444444,0.336,0.3826879271070615,250
GEO_GSE284005_MERSCOPE_MS,learned_permuted_prior,NK,0.5052083333333334,0.6783216783216783,0.5791044776119403,143
GEO_GSE284005_MERSCOPE_MS,learned_permuted_prior,Neu.GABA,0.6070460704607046,0.896,0.7237479806138933,250
GEO_GSE284005_MERSCOPE_MS,learned_permuted_prior,Neu.GLUT,0.7723214285714286,0.692,0.729957805907173,250
GEO_GSE284005_MERSCOPE_MS,learned_permuted_prior,OPALIN+ OL,0.3876651982378855,0.352,0.36897274633123694,250
GEO_GSE284005_MERSCOPE_MS,learned_permuted_prior,OPC,0.4621409921671018,0.708,0.5592417061611374,250
GEO_GSE284005_MERSCOPE_MS,learned_permuted_prior,Pericyte,0.672077922077922,0.828,0.7419354838709677,250
GEO_GSE284005_MERSCOPE_MS,learned_permuted_prior,Repair.Endo,0.5247524752475248,0.848,0.6483180428134557,250
GEO_GSE284005_MERSCOPE_MS,learned_permuted_prior,SMC,0.7660377358490567,0.812,0.7883495145631069,250
GEO_GSE284005_MERSCOPE_MS,learned_permuted_prior,Stress OL,0.1643835616438356,0.192,0.17712177121771217,250
GEO_GSE284005_MERSCOPE_MS,learned_permuted_prior,Stress T,0.6042780748663101,0.452,0.517162471395881,250
GEO_GSE284005_MERSCOPE_MS,learned_permuted_prior,Stress.Astro,0.3125,0.12,0.17341040462427745,250
GEO_GSE284005_MERSCOPE_MS,learned_permuted_prior,Stress.Endo,0.6611570247933884,0.32,0.431266846361186,250
GEO_GSE284005_MERSCOPE_MS,learned_permuted_prior,Treg,0.8571428571428571,0.024,0.04669260700389105,250
GEO_GSE284005_MERSCOPE_MS,learned_permuted_prior,Vas.Astro,0.7983539094650206,0.776,0.7870182555780935,250
GEO_GSE284005_MERSCOPE_MS,learned_permuted_prior,cop_nfol,1.0,0.004,0.00796812749003984,250
GEO_GSE284005_MERSCOPE_MS,learned_permuted_prior,inflammatory.Endo,0.7976190476190477,0.804,0.800796812749004,250
GEO_GSE284005_MERSCOPE_MS,learned_random_graph,B,0.8401639344262295,0.82,0.8299595141700404,250
GEO_GSE284005_MERSCOPE_MS,learned_random_graph,BCAS1+ OL,0.5088757396449705,0.344,0.4105011933174224,250
GEO_GSE284005_MERSCOPE_MS,learned_random_graph,CCN1.Astro,0.48847926267281105,0.424,0.4539614561027837,250
GEO_GSE284005_MERSCOPE_MS,learned_random_graph,CD4+ T,0.5784313725490197,0.708,0.6366906474820145,250
GEO_GSE284005_MERSCOPE_MS,learned_random_graph,CD8+ T,0.4123076923076923,0.536,0.46608695652173915,250
GEO_GSE284005_MERSCOPE_MS,learned_random_graph,COP,0.9698492462311558,0.772,0.8596881959910914,250
GEO_GSE284005_MERSCOPE_MS,learned_random_graph,DA.Astro,0.5073313782991202,0.692,0.5854483925549915,250
GEO_GSE284005_MERSCOPE_MS,learned_random_graph,DAOPC,0.5274725274725275,0.384,0.4444444444444445,250
GEO_GSE284005_MERSCOPE_MS,learned_random_graph,Disease OL,0.2024793388429752,0.196,0.1991869918699187,250
GEO_GSE284005_MERSCOPE_MS,learned_random_graph,Fibroblast,0.5518987341772152,0.872,0.675968992248062,250
GEO_GSE284005_MERSCOPE_MS,learned_random_graph,Homeo.Astro,0.2682926829268293,0.088,0.13253012048192772,250
GEO_GSE284005_MERSCOPE_MS,learned_random_graph,Homeo.Endo,0.6214689265536724,0.44,0.5152224824355972,250
GEO_GSE284005_MERSCOPE_MS,learned_random_graph,Imm OL,0.3108108108108108,0.368,0.33699633699633696,250
GEO_GSE284005_MERSCOPE_MS,learned_random_graph,Imm.Astro,0.21291866028708134,0.356,0.26646706586826346,250
GEO_GSE284005_MERSCOPE_MS,learned_random_graph,Mac,0.6811594202898551,0.376,0.4845360824742268,250
GEO_GSE284005_MERSCOPE_MS,learned_random_graph,Mature OL,0.23694029850746268,0.508,0.3231552162849873,250
GEO_GSE284005_MERSCOPE_MS,learned_random_graph,Micro Foamy,0.4965986394557823,0.584,0.5367647058823529,250
GEO_GSE284005_MERSCOPE_MS,learned_random_graph,Micro Homeo,0.32116788321167883,0.176,0.22739018087855298,250
GEO_GSE284005_MERSCOPE_MS,learned_random_graph,Micro IL1B,0.5490196078431373,0.56,0.5544554455445545,250
GEO_GSE284005_MERSCOPE_MS,learned_random_graph,Micro SPP1,0.32991803278688525,0.644,0.4363143631436315,250
GEO_GSE284005_MERSCOPE_MS,learned_random_graph,Micro Stress,0.28217821782178215,0.228,0.252212389380531,250
GEO_GSE284005_MERSCOPE_MS,learned_random_graph,Micro VEGFA,0.4635416666666667,0.356,0.40271493212669685,250
GEO_GSE284005_MERSCOPE_MS,learned_random_graph,NK,0.5397727272727273,0.6643356643356644,0.5956112852664577,143
GEO_GSE284005_MERSCOPE_MS,learned_random_graph,Neu.GABA,0.6284916201117319,0.9,0.7401315789473684,250
GEO_GSE284005_MERSCOPE_MS,learned_random_graph,Neu.GLUT,0.7654867256637168,0.692,0.726890756302521,250
GEO_GSE284005_MERSCOPE_MS,learned_random_graph,OPALIN+ OL,0.39111111111111113,0.352,0.3705263157894737,250
GEO_GSE284005_MERSCOPE_MS,learned_random_graph,OPC,0.45103092783505155,0.7,0.54858934169279,250
GEO_GSE284005_MERSCOPE_MS,learned_random_graph,Pericyte,0.6786885245901639,0.828,0.745945945945946,250
GEO_GSE284005_MERSCOPE_MS,learned_random_graph,Repair.Endo,0.5060240963855421,0.84,0.631578947368421,250
GEO_GSE284005_MERSCOPE_MS,learned_random_graph,SMC,0.7567567567567568,0.784,0.7701375245579567,250
GEO_GSE284005_MERSCOPE_MS,learned_random_graph,Stress OL,0.17204301075268819,0.192,0.18147448015122875,250
GEO_GSE284005_MERSCOPE_MS,learned_random_graph,Stress T,0.6149732620320856,0.46,0.5263157894736843,250
GEO_GSE284005_MERSCOPE_MS,learned_random_graph,Stress.Astro,0.34285714285714286,0.144,0.20281690140845068,250
GEO_GSE284005_MERSCOPE_MS,learned_random_graph,Stress.Endo,0.672,0.336,0.44800000000000006,250
GEO_GSE284005_MERSCOPE_MS,learned_random_graph,Treg,0.7142857142857143,0.02,0.038910505836575876,250
GEO_GSE284005_MERSCOPE_MS,learned_random_graph,Vas.Astro,0.8097165991902834,0.8,0.8048289738430584,250
GEO_GSE284005_MERSCOPE_MS,learned_random_graph,cop_nfol,1.0,0.004,0.00796812749003984,250
GEO_GSE284005_MERSCOPE_MS,learned_random_graph,inflammatory.Endo,0.803921568627451,0.82,0.8118811881188118,250
GEO_GSE284005_MERSCOPE_MS,marker_context_specific_neighborhood,B,0.844,0.844,0.844,250
GEO_GSE284005_MERSCOPE_MS,marker_context_specific_neighborhood,BCAS1+ OL,0.5060240963855421,0.336,0.40384615384615385,250
GEO_GSE284005_MERSCOPE_MS,marker_context_specific_neighborhood,CCN1.Astro,0.5142857142857142,0.432,0.46956521739130436,250
GEO_GSE284005_MERSCOPE_MS,marker_context_specific_neighborhood,CD4+ T,0.5723270440251572,0.728,0.6408450704225352,250
GEO_GSE284005_MERSCOPE_MS,marker_context_specific_neighborhood,CD8+ T,0.4133738601823708,0.544,0.4697754749568221,250
GEO_GSE284005_MERSCOPE_MS,marker_context_specific_neighborhood,COP,0.9552238805970149,0.768,0.8514412416851442,250
GEO_GSE284005_MERSCOPE_MS,marker_context_specific_neighborhood,DA.Astro,0.5317220543806647,0.704,0.6058519793459552,250
GEO_GSE284005_MERSCOPE_MS,marker_context_specific_neighborhood,DAOPC,0.5104166666666666,0.392,0.44343891402714936,250
GEO_GSE284005_MERSCOPE_MS,marker_context_specific_neighborhood,Disease OL,0.18699186991869918,0.184,0.18548387096774197,250
GEO_GSE284005_MERSCOPE_MS,marker_context_specific_neighborhood,Fibroblast,0.5615384615384615,0.876,0.684375,250
GEO_GSE284005_MERSCOPE_MS,marker_context_specific_neighborhood,Homeo.Astro,0.27906976744186046,0.096,0.14285714285714285,250
GEO_GSE284005_MERSCOPE_MS,marker_context_specific_neighborhood,Homeo.Endo,0.631578947368421,0.432,0.5130641330166271,250
GEO_GSE284005_MERSCOPE_MS,marker_context_specific_neighborhood,Imm OL,0.3274021352313167,0.368,0.3465160075329567,250
GEO_GSE284005_MERSCOPE_MS,marker_context_specific_neighborhood,Imm.Astro,0.2323943661971831,0.396,0.29289940828402367,250
GEO_GSE284005_MERSCOPE_MS,marker_context_specific_neighborhood,Mac,0.696969696969697,0.368,0.481675392670157,250
GEO_GSE284005_MERSCOPE_MS,marker_context_specific_neighborhood,Mature OL,0.23177570093457944,0.496,0.3159235668789809,250
GEO_GSE284005_MERSCOPE_MS,marker_context_specific_neighborhood,Micro Foamy,0.5360824742268041,0.624,0.5767097966728281,250
GEO_GSE284005_MERSCOPE_MS,marker_context_specific_neighborhood,Micro Homeo,0.3157894736842105,0.192,0.2388059701492537,250
GEO_GSE284005_MERSCOPE_MS,marker_context_specific_neighborhood,Micro IL1B,0.5622489959839357,0.56,0.5611222444889781,250
GEO_GSE284005_MERSCOPE_MS,marker_context_specific_neighborhood,Micro SPP1,0.3368869936034115,0.632,0.43949930458970793,250
GEO_GSE284005_MERSCOPE_MS,marker_context_specific_neighborhood,Micro Stress,0.2980769230769231,0.248,0.2707423580786026,250
GEO_GSE284005_MERSCOPE_MS,marker_context_specific_neighborhood,Micro VEGFA,0.4725274725274725,0.344,0.3981481481481481,250
GEO_GSE284005_MERSCOPE_MS,marker_context_specific_neighborhood,NK,0.5321637426900585,0.6363636363636364,0.5796178343949046,143
GEO_GSE284005_MERSCOPE_MS,marker_context_specific_neighborhood,Neu.GABA,0.6081081081081081,0.9,0.7258064516129032,250
GEO_GSE284005_MERSCOPE_MS,marker_context_specific_neighborhood,Neu.GLUT,0.7652173913043478,0.704,0.7333333333333334,250
GEO_GSE284005_MERSCOPE_MS,marker_context_specific_neighborhood,OPALIN+ OL,0.38493723849372385,0.368,0.37627811860940696,250
GEO_GSE284005_MERSCOPE_MS,marker_context_specific_neighborhood,OPC,0.46866485013623976,0.688,0.5575364667747164,250
GEO_GSE284005_MERSCOPE_MS,marker_context_specific_neighborhood,Pericyte,0.6741935483870968,0.836,0.7464285714285714,250
GEO_GSE284005_MERSCOPE_MS,marker_context_specific_neighborhood,Repair.Endo,0.5036144578313253,0.836,0.6285714285714284,250
GEO_GSE284005_MERSCOPE_MS,marker_context_specific_neighborhood,SMC,0.7435897435897436,0.812,0.7762906309751435,250
GEO_GSE284005_MERSCOPE_MS,marker_context_specific_neighborhood,Stress OL,0.17857142857142858,0.2,0.1886792452830189,250
GEO_GSE284005_MERSCOPE_MS,marker_context_specific_neighborhood,Stress T,0.6031746031746031,0.456,0.5193621867881548,250
GEO_GSE284005_MERSCOPE_MS,marker_context_specific_neighborhood,Stress.Astro,0.32710280373831774,0.14,0.19607843137254902,250
GEO_GSE284005_MERSCOPE_MS,marker_context_specific_neighborhood,Stress.Endo,0.6964285714285714,0.312,0.43093922651933697,250
GEO_GSE284005_MERSCOPE_MS,marker_context_specific_neighborhood,Treg,0.7777777777777778,0.028,0.05405405405405405,250
GEO_GSE284005_MERSCOPE_MS,marker_context_specific_neighborhood,Vas.Astro,0.8087649402390438,0.812,0.810379241516966,250
GEO_GSE284005_MERSCOPE_MS,marker_context_specific_neighborhood,cop_nfol,0.5,0.004,0.007936507936507936,250
GEO_GSE284005_MERSCOPE_MS,marker_context_specific_neighborhood,inflammatory.Endo,0.7944664031620553,0.804,0.7992047713717693,250
GEO_GSE284005_MERSCOPE_MS,marker_learned_neighborhood,B,0.8353413654618473,0.832,0.8336673346693386,250
GEO_GSE284005_MERSCOPE_MS,marker_learned_neighborhood,BCAS1+ OL,0.5207100591715976,0.352,0.4200477326968974,250
GEO_GSE284005_MERSCOPE_MS,marker_learned_neighborhood,CCN1.Astro,0.5046296296296297,0.436,0.4678111587982832,250
GEO_GSE284005_MERSCOPE_MS,marker_learned_neighborhood,CD4+ T,0.5648148148148148,0.732,0.6376306620209059,250
GEO_GSE284005_MERSCOPE_MS,marker_learned_neighborhood,CD8+ T,0.40797546012269936,0.532,0.4618055555555556,250
GEO_GSE284005_MERSCOPE_MS,marker_learned_neighborhood,COP,0.9644670050761421,0.76,0.8501118568232662,250
GEO_GSE284005_MERSCOPE_MS,marker_learned_neighborhood,DA.Astro,0.5424242424242425,0.716,0.6172413793103448,250
GEO_GSE284005_MERSCOPE_MS,marker_learned_neighborhood,DAOPC,0.521978021978022,0.38,0.4398148148148148,250
GEO_GSE284005_MERSCOPE_MS,marker_learned_neighborhood,Disease OL,0.20093457943925233,0.172,0.18534482758620688,250
GEO_GSE284005_MERSCOPE_MS,marker_learned_neighborhood,Fibroblast,0.5639686684073107,0.864,0.6824644549763034,250
GEO_GSE284005_MERSCOPE_MS,marker_learned_neighborhood,Homeo.Astro,0.2727272727272727,0.096,0.14201183431952663,250
GEO_GSE284005_MERSCOPE_MS,marker_learned_neighborhood,Homeo.Endo,0.6243093922651933,0.452,0.5243619489559164,250
GEO_GSE284005_MERSCOPE_MS,marker_learned_neighborhood,Imm OL,0.3230240549828179,0.376,0.34750462107208874,250
GEO_GSE284005_MERSCOPE_MS,marker_learned_neighborhood,Imm.Astro,0.2283653846153846,0.38,0.2852852852852853,250
GEO_GSE284005_MERSCOPE_MS,marker_learned_neighborhood,Mac,0.7121212121212122,0.376,0.49214659685863865,250
GEO_GSE284005_MERSCOPE_MS,marker_learned_neighborhood,Mature OL,0.23191094619666047,0.5,0.31685678073510776,250
GEO_GSE284005_MERSCOPE_MS,marker_learned_neighborhood,Micro Foamy,0.5373665480427047,0.604,0.568738229755179,250
GEO_GSE284005_MERSCOPE_MS,marker_learned_neighborhood,Micro Homeo,0.32413793103448274,0.188,0.23797468354430382,250
GEO_GSE284005_MERSCOPE_MS,marker_learned_neighborhood,Micro IL1B,0.5433070866141733,0.552,0.5476190476190477,250
GEO_GSE284005_MERSCOPE_MS,marker_learned_neighborhood,Micro SPP1,0.3333333333333333,0.632,0.43646408839779005,250
GEO_GSE284005_MERSCOPE_MS,marker_learned_neighborhood,Micro Stress,0.29523809523809524,0.248,0.2695652173913043,250
GEO_GSE284005_MERSCOPE_MS,marker_learned_neighborhood,Micro VEGFA,0.4444444444444444,0.336,0.3826879271070615,250
GEO_GSE284005_MERSCOPE_MS,marker_learned_neighborhood,NK,0.5515151515151515,0.6363636363636364,0.5909090909090908,143
GEO_GSE284005_MERSCOPE_MS,marker_learned_neighborhood,Neu.GABA,0.6256983240223464,0.896,0.7368421052631577,250
GEO_GSE284005_MERSCOPE_MS,marker_learned_neighborhood,Neu.GLUT,0.7344398340248963,0.708,0.7209775967413442,250
GEO_GSE284005_MERSCOPE_MS,marker_learned_neighborhood,OPALIN+ OL,0.3729508196721312,0.364,0.368421052631579,250
GEO_GSE284005_MERSCOPE_MS,marker_learned_neighborhood,OPC,0.46194225721784776,0.704,0.5578446909667194,250
GEO_GSE284005_MERSCOPE_MS,marker_learned_neighborhood,Pericyte,0.6625,0.848,0.743859649122807,250
GEO_GSE284005_MERSCOPE_MS,marker_learned_neighborhood,Repair.Endo,0.5261845386533666,0.844,0.6482334869431644,250
GEO_GSE284005_MERSCOPE_MS,marker_learned_neighborhood,SMC,0.7490494296577946,0.788,0.7680311890838205,250
GEO_GSE284005_MERSCOPE_MS,marker_learned_neighborhood,Stress OL,0.16901408450704225,0.192,0.17977528089887643,250
GEO_GSE284005_MERSCOPE_MS,marker_learned_neighborhood,Stress T,0.6,0.456,0.5181818181818182,250
GEO_GSE284005_MERSCOPE_MS,marker_learned_neighborhood,Stress.Astro,0.30973451327433627,0.14,0.1928374655647383,250
GEO_GSE284005_MERSCOPE_MS,marker_learned_neighborhood,Stress.Endo,0.6942148760330579,0.336,0.4528301886792453,250
GEO_GSE284005_MERSCOPE_MS,marker_learned_neighborhood,Treg,0.8571428571428571,0.024,0.04669260700389105,250
GEO_GSE284005_MERSCOPE_MS,marker_learned_neighborhood,Vas.Astro,0.80859375,0.828,0.8181818181818182,250
GEO_GSE284005_MERSCOPE_MS,marker_learned_neighborhood,cop_nfol,0.5,0.004,0.007936507936507936,250
GEO_GSE284005_MERSCOPE_MS,marker_learned_neighborhood,inflammatory.Endo,0.7859922178988327,0.808,0.796844181459566,250
GEO_GSE284005_MERSCOPE_MS,marker_only,B,0.8530612244897959,0.836,0.8444444444444446,250
GEO_GSE284005_MERSCOPE_MS,marker_only,BCAS1+ OL,0.5146198830409356,0.352,0.41805225653206646,250
GEO_GSE284005_MERSCOPE_MS,marker_only,CCN1.Astro,0.4840182648401826,0.424,0.4520255863539445,250
GEO_GSE284005_MERSCOPE_MS,marker_only,CD4+ T,0.5756578947368421,0.7,0.631768953068592,250
GEO_GSE284005_MERSCOPE_MS,marker_only,CD8+ T,0.42153846153846153,0.548,0.4765217391304348,250
GEO_GSE284005_MERSCOPE_MS,marker_only,COP,0.97,0.776,0.8622222222222223,250
GEO_GSE284005_MERSCOPE_MS,marker_only,DA.Astro,0.5269461077844312,0.704,0.6027397260273973,250
GEO_GSE284005_MERSCOPE_MS,marker_only,DAOPC,0.5449438202247191,0.388,0.4532710280373832,250
GEO_GSE284005_MERSCOPE_MS,marker_only,Disease OL,0.20168067226890757,0.192,0.19672131147540986,250
GEO_GSE284005_MERSCOPE_MS,marker_only,Fibroblast,0.5583756345177665,0.88,0.6832298136645963,250
GEO_GSE284005_MERSCOPE_MS,marker_only,Homeo.Astro,0.2988505747126437,0.104,0.1543026706231454,250
GEO_GSE284005_MERSCOPE_MS,marker_only,Homeo.Endo,0.621301775147929,0.42,0.5011933174224343,250
GEO_GSE284005_MERSCOPE_MS,marker_only,Imm OL,0.31313131313131315,0.372,0.34003656307129804,250
GEO_GSE284005_MERSCOPE_MS,marker_only,Imm.Astro,0.22482435597189696,0.384,0.2836041358936484,250
GEO_GSE284005_MERSCOPE_MS,marker_only,Mac,0.7196969696969697,0.38,0.49738219895287966,250
GEO_GSE284005_MERSCOPE_MS,marker_only,Mature OL,0.23308270676691728,0.496,0.3171355498721228,250
GEO_GSE284005_MERSCOPE_MS,marker_only,Micro Foamy,0.5177304964539007,0.584,0.5488721804511278,250
GEO_GSE284005_MERSCOPE_MS,marker_only,Micro Homeo,0.302158273381295,0.168,0.2159383033419023,250
GEO_GSE284005_MERSCOPE_MS,marker_only,Micro IL1B,0.5551181102362205,0.564,0.5595238095238094,250
GEO_GSE284005_MERSCOPE_MS,marker_only,Micro SPP1,0.3326488706365503,0.648,0.4396200814111262,250
GEO_GSE284005_MERSCOPE_MS,marker_only,Micro Stress,0.2857142857142857,0.248,0.26552462526766596,250
GEO_GSE284005_MERSCOPE_MS,marker_only,Micro VEGFA,0.4473684210526316,0.34,0.38636363636363635,250
GEO_GSE284005_MERSCOPE_MS,marker_only,NK,0.5300546448087432,0.6783216783216783,0.5950920245398773,143
GEO_GSE284005_MERSCOPE_MS,marker_only,Neu.GABA,0.6032171581769437,0.9,0.7223113964686998,250
GEO_GSE284005_MERSCOPE_MS,marker_only,Neu.GLUT,0.7747747747747747,0.688,0.728813559322034,250
GEO_GSE284005_MERSCOPE_MS,marker_only,OPALIN+ OL,0.38596491228070173,0.352,0.3682008368200837,250
GEO_GSE284005_MERSCOPE_MS,marker_only,OPC,0.4580152671755725,0.72,0.5598755832037324,250
GEO_GSE284005_MERSCOPE_MS,marker_only,Pericyte,0.6742671009771987,0.828,0.7432675044883303,250
GEO_GSE284005_MERSCOPE_MS,marker_only,Repair.Endo,0.5107398568019093,0.856,0.639760837070254,250
GEO_GSE284005_MERSCOPE_MS,marker_only,SMC,0.7547169811320755,0.8,0.7766990291262137,250
GEO_GSE284005_MERSCOPE_MS,marker_only,Stress OL,0.1708185053380783,0.192,0.1807909604519774,250
GEO_GSE284005_MERSCOPE_MS,marker_only,Stress T,0.6353591160220995,0.46,0.5336426914153133,250
GEO_GSE284005_MERSCOPE_MS,marker_only,Stress.Astro,0.33663366336633666,0.136,0.19373219373219375,250
GEO_GSE284005_MERSCOPE_MS,marker_only,Stress.Endo,0.6722689075630253,0.32,0.4336043360433604,250
GEO_GSE284005_MERSCOPE_MS,marker_only,Treg,0.8333333333333334,0.02,0.0390625,250
GEO_GSE284005_MERSCOPE_MS,marker_only,Vas.Astro,0.8166666666666667,0.784,0.7999999999999999,250
GEO_GSE284005_MERSCOPE_MS,marker_only,cop_nfol,1.0,0.004,0.00796812749003984,250
GEO_GSE284005_MERSCOPE_MS,marker_only,inflammatory.Endo,0.8063241106719368,0.816,0.8111332007952287,250
GEO_GSE284005_MERSCOPE_MS,marker_spatial_smoothing,B,0.8196078431372549,0.836,0.8277227722772277,250
GEO_GSE284005_MERSCOPE_MS,marker_spatial_smoothing,BCAS1+ OL,0.49214659685863876,0.376,0.42630385487528344,250
GEO_GSE284005_MERSCOPE_MS,marker_spatial_smoothing,CCN1.Astro,0.5088495575221239,0.46,0.48319327731092443,250
GEO_GSE284005_MERSCOPE_MS,marker_spatial_smoothing,CD4+ T,0.5623003194888179,0.704,0.625222024866785,250
GEO_GSE284005_MERSCOPE_MS,marker_spatial_smoothing,CD8+ T,0.4088050314465409,0.52,0.45774647887323944,250
GEO_GSE284005_MERSCOPE_MS,marker_spatial_smoothing,COP,0.9345794392523364,0.8,0.8620689655172415,250
GEO_GSE284005_MERSCOPE_MS,marker_spatial_smoothing,DA.Astro,0.5180722891566265,0.688,0.5910652920962199,250
GEO_GSE284005_MERSCOPE_MS,marker_spatial_smoothing,DAOPC,0.5260115606936416,0.364,0.4302600472813239,250
GEO_GSE284005_MERSCOPE_MS,marker_spatial_smoothing,Disease OL,0.20622568093385213,0.212,0.20907297830374752,250
GEO_GSE284005_MERSCOPE_MS,marker_spatial_smoothing,Fibroblast,0.5578406169665809,0.868,0.679186228482003,250
GEO_GSE284005_MERSCOPE_MS,marker_spatial_smoothing,Homeo.Astro,0.32941176470588235,0.112,0.16716417910447764,250
GEO_GSE284005_MERSCOPE_MS,marker_spatial_smoothing,Homeo.Endo,0.6358695652173914,0.468,0.5391705069124425,250
GEO_GSE284005_MERSCOPE_MS,marker_spatial_smoothing,Imm OL,0.30793650793650795,0.388,0.3433628318584071,250
GEO_GSE284005_MERSCOPE_MS,marker_spatial_smoothing,Imm.Astro,0.2385542168674699,0.396,0.29774436090225564,250
GEO_GSE284005_MERSCOPE_MS,marker_spatial_smoothing,Mac,0.7050359712230215,0.392,0.5038560411311055,250
GEO_GSE284005_MERSCOPE_MS,marker_spatial_smoothing,Mature OL,0.23917525773195877,0.464,0.3156462585034014,250
GEO_GSE284005_MERSCOPE_MS,marker_spatial_smoothing,Micro Foamy,0.5224913494809689,0.604,0.5602968460111317,250
GEO_GSE284005_MERSCOPE_MS,marker_spatial_smoothing,Micro Homeo,0.31446540880503143,0.2,0.24449877750611246,250
GEO_GSE284005_MERSCOPE_MS,marker_spatial_smoothing,Micro IL1B,0.5778688524590164,0.564,0.5708502024291499,250
GEO_GSE284005_MERSCOPE_MS,marker_spatial_smoothing,Micro SPP1,0.34375,0.616,0.44126074498567336,250
GEO_GSE284005_MERSCOPE_MS,marker_spatial_smoothing,Micro Stress,0.271889400921659,0.236,0.2526766595289079,250
GEO_GSE284005_MERSCOPE_MS,marker_spatial_smoothing,Micro VEGFA,0.47029702970297027,0.38,0.42035398230088494,250
GEO_GSE284005_MERSCOPE_MS,marker_spatial_smoothing,NK,0.5248618784530387,0.6643356643356644,0.5864197530864198,143
GEO_GSE284005_MERSCOPE_MS,marker_spatial_smoothing,Neu.GABA,0.5948051948051948,0.916,0.7212598425196851,250
GEO_GSE284005_MERSCOPE_MS,marker_spatial_smoothing,Neu.GLUT,0.7431192660550459,0.648,0.6923076923076924,250
GEO_GSE284005_MERSCOPE_MS,marker_spatial_smoothing,OPALIN+ OL,0.37872340425531914,0.356,0.3670103092783505,250
GEO_GSE284005_MERSCOPE_MS,marker_spatial_smoothing,OPC,0.46770025839793283,0.724,0.5682888540031397,250
GEO_GSE284005_MERSCOPE_MS,marker_spatial_smoothing,Pericyte,0.6842105263157895,0.832,0.7509025270758123,250
GEO_GSE284005_MERSCOPE_MS,marker_spatial_smoothing,Repair.Endo,0.5447154471544715,0.804,0.6494345718901454,250
GEO_GSE284005_MERSCOPE_MS,marker_spatial_smoothing,SMC,0.7392857142857143,0.828,0.7811320754716983,250
GEO_GSE284005_MERSCOPE_MS,marker_spatial_smoothing,Stress OL,0.18699186991869918,0.184,0.18548387096774197,250
GEO_GSE284005_MERSCOPE_MS,marker_spatial_smoothing,Stress T,0.6145251396648045,0.44,0.5128205128205128,250
GEO_GSE284005_MERSCOPE_MS,marker_spatial_smoothing,Stress.Astro,0.40404040404040403,0.16,0.22922636103151864,250
GEO_GSE284005_MERSCOPE_MS,marker_spatial_smoothing,Stress.Endo,0.6356589147286822,0.328,0.43271767810026385,250
GEO_GSE284005_MERSCOPE_MS,marker_spatial_smoothing,Treg,0.8571428571428571,0.024,0.04669260700389105,250
GEO_GSE284005_MERSCOPE_MS,marker_spatial_smoothing,Vas.Astro,0.7782101167315175,0.8,0.7889546351084812,250
GEO_GSE284005_MERSCOPE_MS,marker_spatial_smoothing,cop_nfol,0.5,0.004,0.007936507936507936,250
GEO_GSE284005_MERSCOPE_MS,marker_spatial_smoothing,inflammatory.Endo,0.7886792452830189,0.836,0.8116504854368933,250
GEO_GSE284005_MERSCOPE_MS,marker_spatial_smoothing_random_graph,B,0.8442622950819673,0.824,0.8340080971659919,250
GEO_GSE284005_MERSCOPE_MS,marker_spatial_smoothing_random_graph,BCAS1+ OL,0.47715736040609136,0.376,0.4205816554809843,250
GEO_GSE284005_MERSCOPE_MS,marker_spatial_smoothing_random_graph,CCN1.Astro,0.49361702127659574,0.464,0.4783505154639175,250
GEO_GSE284005_MERSCOPE_MS,marker_spatial_smoothing_random_graph,CD4+ T,0.5709779179810726,0.724,0.6384479717813051,250
GEO_GSE284005_MERSCOPE_MS,marker_spatial_smoothing_random_graph,CD8+ T,0.4104938271604938,0.532,0.46341463414634143,250
GEO_GSE284005_MERSCOPE_MS,marker_spatial_smoothing_random_graph,COP,0.9038461538461539,0.752,0.8209606986899562,250
GEO_GSE284005_MERSCOPE_MS,marker_spatial_smoothing_random_graph,DA.Astro,0.5259938837920489,0.688,0.5961871750433275,250
GEO_GSE284005_MERSCOPE_MS,marker_spatial_smoothing_random_graph,DAOPC,0.5444444444444444,0.392,0.45581395348837206,250
GEO_GSE284005_MERSCOPE_MS,marker_spatial_smoothing_random_graph,Disease OL,0.2,0.192,0.1959183673469388,250
GEO_GSE284005_MERSCOPE_MS,marker_spatial_smoothing_random_graph,Fibroblast,0.5681233933161953,0.884,0.6917057902973395,250
GEO_GSE284005_MERSCOPE_MS,marker_spatial_smoothing_random_graph,Homeo.Astro,0.3176470588235294,0.108,0.16119402985074627,250
GEO_GSE284005_MERSCOPE_MS,marker_spatial_smoothing_random_graph,Homeo.Endo,0.650887573964497,0.44,0.5250596658711217,250
GEO_GSE284005_MERSCOPE_MS,marker_spatial_smoothing_random_graph,Imm OL,0.3069306930693069,0.372,0.3363471971066908,250
GEO_GSE284005_MERSCOPE_MS,marker_spatial_smoothing_random_graph,Imm.Astro,0.23096446700507614,0.364,0.28260869565217395,250
GEO_GSE284005_MERSCOPE_MS,marker_spatial_smoothing_random_graph,Mac,0.6853146853146853,0.392,0.49872773536895676,250
GEO_GSE284005_MERSCOPE_MS,marker_spatial_smoothing_random_graph,Mature OL,0.2385496183206107,0.5,0.32299741602067183,250
GEO_GSE284005_MERSCOPE_MS,marker_spatial_smoothing_random_graph,Micro Foamy,0.4983164983164983,0.592,0.5411334552102376,250
GEO_GSE284005_MERSCOPE_MS,marker_spatial_smoothing_random_graph,Micro Homeo,0.3125,0.18,0.22842639593908629,250
GEO_GSE284005_MERSCOPE_MS,marker_spatial_smoothing_random_graph,Micro IL1B,0.5542635658914729,0.572,0.562992125984252,250
GEO_GSE284005_MERSCOPE_MS,marker_spatial_smoothing_random_graph,Micro SPP1,0.33705357142857145,0.604,0.4326647564469914,250
GEO_GSE284005_MERSCOPE_MS,marker_spatial_smoothing_random_graph,Micro Stress,0.2761904761904762,0.232,0.2521739130434783,250
GEO_GSE284005_MERSCOPE_MS,marker_spatial_smoothing_random_graph,Micro VEGFA,0.4519230769230769,0.376,0.4104803493449781,250
GEO_GSE284005_MERSCOPE_MS,marker_spatial_smoothing_random_graph,NK,0.5187165775401069,0.6783216783216783,0.5878787878787879,143
GEO_GSE284005_MERSCOPE_MS,marker_spatial_smoothing_random_graph,Neu.GABA,0.6118598382749326,0.908,0.7310789049919485,250
GEO_GSE284005_MERSCOPE_MS,marker_spatial_smoothing_random_graph,Neu.GLUT,0.7731481481481481,0.668,0.7167381974248929,250
GEO_GSE284005_MERSCOPE_MS,marker_spatial_smoothing_random_graph,OPALIN+ OL,0.3684210526315789,0.364,0.36619718309859156,250
GEO_GSE284005_MERSCOPE_MS,marker_spatial_smoothing_random_graph,OPC,0.45408163265306123,0.712,0.5545171339563864,250
GEO_GSE284005_MERSCOPE_MS,marker_spatial_smoothing_random_graph,Pericyte,0.6776315789473685,0.824,0.7436823104693141,250
GEO_GSE284005_MERSCOPE_MS,marker_spatial_smoothing_random_graph,Repair.Endo,0.5390625,0.828,0.6529968454258676,250
GEO_GSE284005_MERSCOPE_MS,marker_spatial_smoothing_random_graph,SMC,0.7391304347826086,0.816,0.7756653992395437,250
GEO_GSE284005_MERSCOPE_MS,marker_spatial_smoothing_random_graph,Stress OL,0.1836734693877551,0.18,0.1818181818181818,250
GEO_GSE284005_MERSCOPE_MS,marker_spatial_smoothing_random_graph,Stress T,0.6494252873563219,0.452,0.5330188679245284,250
GEO_GSE284005_MERSCOPE_MS,marker_spatial_smoothing_random_graph,Stress.Astro,0.3877551020408163,0.152,0.21839080459770113,250
GEO_GSE284005_MERSCOPE_MS,marker_spatial_smoothing_random_graph,Stress.Endo,0.64,0.32,0.4266666666666667,250
GEO_GSE284005_MERSCOPE_MS,marker_spatial_smoothing_random_graph,Treg,0.6666666666666666,0.024,0.04633204633204634,250
GEO_GSE284005_MERSCOPE_MS,marker_spatial_smoothing_random_graph,Vas.Astro,0.8112449799196787,0.808,0.8096192384769538,250
GEO_GSE284005_MERSCOPE_MS,marker_spatial_smoothing_random_graph,cop_nfol,1.0,0.004,0.00796812749003984,250
GEO_GSE284005_MERSCOPE_MS,marker_spatial_smoothing_random_graph,inflammatory.Endo,0.7822878228782287,0.848,0.8138195777351247,250
GEO_GSE327581_COSMX_AD_BRAIN,learned_permuted_prior,Astrocytes.Bergmann.glia,0.9206349206349206,0.58,0.7116564417177913,100
GEO_GSE327581_COSMX_AD_BRAIN,learned_permuted_prior,Astrocytes.cortex.hippocampus,0.4426229508196721,0.54,0.48648648648648646,100
GEO_GSE327581_COSMX_AD_BRAIN,learned_permuted_prior,Astrocytes.thalamus.hypothalamus,0.7536231884057971,0.52,0.6153846153846154,100
GEO_GSE327581_COSMX_AD_BRAIN,learned_permuted_prior,CCK.interneurons,0.631578947368421,0.84,0.7210300429184548,100
GEO_GSE327581_COSMX_AD_BRAIN,learned_permuted_prior,Cajal.Retzius.cells,0.08173076923076923,0.17,0.11038961038961038,100
GEO_GSE327581_COSMX_AD_BRAIN,learned_permuted_prior,Cholinergic.neurons.habenula,0.26666666666666666,0.12,0.16551724137931034,100
GEO_GSE327581_COSMX_AD_BRAIN,learned_permuted_prior,Choroid.plexus.epithelial.cells,0.9245283018867925,0.98,0.9514563106796116,100
GEO_GSE327581_COSMX_AD_BRAIN,learned_permuted_prior,Committed.oligodendrocytes,0.2886178861788618,0.71,0.41040462427745666,100
GEO_GSE327581_COSMX_AD_BRAIN,learned_permuted_prior,D1.medium.spiny.neurons,0.44607843137254904,0.91,0.5986842105263157,100
GEO_GSE327581_COSMX_AD_BRAIN,learned_permuted_prior,D2.medium.spiny.neurons,0.5752212389380531,0.65,0.6103286384976525,100
GEO_GSE327581_COSMX_AD_BRAIN,learned_permuted_prior,Dopaminergic.neurons,0.6612903225806451,0.82,0.7321428571428572,100
GEO_GSE327581_COSMX_AD_BRAIN,learned_permuted_prior,Ependymal.cells,0.9101123595505618,0.81,0.8571428571428572,100
GEO_GSE327581_COSMX_AD_BRAIN,learned_permuted_prior,Excitatory.neurons.amygdala,0.28846153846153844,0.15,0.19736842105263155,100
GEO_GSE327581_COSMX_AD_BRAIN,learned_permuted_prior,Excitatory.neurons.di.mesencephalon,0.6308724832214765,0.94,0.7550200803212851,100
GEO_GSE327581_COSMX_AD_BRAIN,learned_permuted_prior,Excitatory.neurons.hippocampal.CA1,0.5794392523364486,0.62,0.5990338164251208,100
GEO_GSE327581_COSMX_AD_BRAIN,learned_permuted_prior,Excitatory.neurons.hippocampal.CA2,0.6956521739130435,0.32,0.4383561643835616,100
GEO_GSE327581_COSMX_AD_BRAIN,learned_permuted_prior,Excitatory.neurons.hippocampal.CA3,0.2716417910447761,0.91,0.41839080459770117,100
GEO_GSE327581_COSMX_AD_BRAIN,learned_permuted_prior,Excitatory.neurons.layer.1.piriform,0.5,0.09,0.15254237288135594,100
GEO_GSE327581_COSMX_AD_BRAIN,learned_permuted_prior,Excitatory.neurons.layer.2.3,0.696969696969697,0.23,0.3458646616541353,100
GEO_GSE327581_COSMX_AD_BRAIN,learned_permuted_prior,Excitatory.neurons.layer.4,0.1320754716981132,0.07,0.0915032679738562,100
GEO_GSE327581_COSMX_AD_BRAIN,learned_permuted_prior,Excitatory.neurons.layer.5,0.5384615384615384,0.14,0.2222222222222222,100
GEO_GSE327581_COSMX_AD_BRAIN,learned_permuted_prior,Excitatory.neurons.layer.6,0.3835616438356164,0.56,0.45528455284552843,100
GEO_GSE327581_COSMX_AD_BRAIN,learned_permuted_prior,Excitatory.neurons.telencephalon,0.18840579710144928,0.13,0.15384615384615385,100
GEO_GSE327581_COSMX_AD_BRAIN,learned_permuted_prior,Granule.neurons,0.8117647058823529,0.69,0.7459459459459459,100
GEO_GSE327581_COSMX_AD_BRAIN,learned_permuted_prior,Hindbrain.excitatory.neurons,0.35772357723577236,0.88,0.5086705202312138,100
GEO_GSE327581_COSMX_AD_BRAIN,learned_permuted_prior,Hindbrain.inhibitory.neurons,0.5061728395061729,0.41,0.4530386740331492,100
GEO_GSE327581_COSMX_AD_BRAIN,learned_permuted_prior,Hypendymal,0.3842364532019704,0.78,0.5148514851485149,100
GEO_GSE327581_COSMX_AD_BRAIN,learned_permuted_prior,Inhibitory.interneurons,0.8144329896907216,0.79,0.802030456852792,100
GEO_GSE327581_COSMX_AD_BRAIN,learned_permuted_prior,Inhibitory.neurons.amygdala,0.7619047619047619,0.16,0.2644628099173554,100
GEO_GSE327581_COSMX_AD_BRAIN,learned_permuted_prior,Inhibitory.neurons.habenula.hypothalamus,0.3238095238095238,0.34,0.33170731707317075,100
GEO_GSE327581_COSMX_AD_BRAIN,learned_permuted_prior,Inhibitory.neurons.habenula.thalamus,0.4186046511627907,0.18,0.2517482517482518,100
GEO_GSE327581_COSMX_AD_BRAIN,learned_permuted_prior,Inhibitory.neurons.reticular.nucleus,0.4262295081967213,0.78,0.5512367491166077,100
GEO_GSE327581_COSMX_AD_BRAIN,learned_permuted_prior,Interneuron.selective.interneurons,0.4716981132075472,0.25,0.32679738562091504,100
GEO_GSE327581_COSMX_AD_BRAIN,learned_permuted_prior,Interneurons,0.7079646017699115,0.8,0.7511737089201878,100
GEO_GSE327581_COSMX_AD_BRAIN,learned_permuted_prior,Mature.oligodendrocytes,0.0,0.0,0.0,100
GEO_GSE327581_COSMX_AD_BRAIN,learned_permuted_prior,Microglia,0.5032258064516129,0.78,0.6117647058823529,100
GEO_GSE327581_COSMX_AD_BRAIN,learned_permuted_prior,Myelin.forming.oligodendrocytes,0.4444444444444444,0.08,0.13559322033898308,100
GEO_GSE327581_COSMX_AD_BRAIN,learned_permuted_prior,Neuroblasts,0.4883720930232558,0.21,0.2937062937062937,100
GEO_GSE327581_COSMX_AD_BRAIN,learned_permuted_prior,Neurogliaform.cells,0.9777777777777777,0.44,0.6068965517241379,100
GEO_GSE327581_COSMX_AD_BRAIN,learned_permuted_prior,Newly.formed.oligodendrocytes,0.8571428571428571,0.3,0.4444444444444444,100
GEO_GSE327581_COSMX_AD_BRAIN,learned_permuted_prior,Olfactory.bulb.inhibitory.neurons,0.46190476190476193,0.97,0.6258064516129034,100
GEO_GSE327581_COSMX_AD_BRAIN,learned_permuted_prior,Olfactory.ensheathing.cells,0.7272727272727273,0.24,0.3609022556390977,100
GEO_GSE327581_COSMX_AD_BRAIN,learned_permuted_prior,Oligodendrocyte.precursor.cells,0.7,0.84,0.7636363636363636,100
GEO_GSE327581_COSMX_AD_BRAIN,learned_permuted_prior,Peptidergic.neurons,0.6785714285714286,0.38,0.48717948717948717,100
GEO_GSE327581_COSMX_AD_BRAIN,learned_permuted_prior,Pericytes,0.5333333333333333,0.48,0.505263157894737,100
GEO_GSE327581_COSMX_AD_BRAIN,learned_permuted_prior,Perivascular.macrophages,0.41935483870967744,0.13,0.19847328244274812,100
GEO_GSE327581_COSMX_AD_BRAIN,learned_permuted_prior,Purkinje.cells,0.7175572519083969,0.94,0.8138528138528137,100
GEO_GSE327581_COSMX_AD_BRAIN,learned_permuted_prior,Radial.glia,0.2,0.05,0.08000000000000002,100
GEO_GSE327581_COSMX_AD_BRAIN,learned_permuted_prior,Serotonergic.neurons,0.4666666666666667,0.49,0.47804878048780486,100
GEO_GSE327581_COSMX_AD_BRAIN,learned_permuted_prior,T.cell,0.21052631578947367,0.24,0.22429906542056072,100
GEO_GSE327581_COSMX_AD_BRAIN,learned_permuted_prior,Tanycytes,0.5423728813559322,0.32,0.40251572327044033,100
GEO_GSE327581_COSMX_AD_BRAIN,learned_permuted_prior,Telencephalon.inhibitory.neurons,0.5569620253164557,0.44,0.49162011173184356,100
GEO_GSE327581_COSMX_AD_BRAIN,learned_permuted_prior,Vascular.endothelial.cells,0.39303482587064675,0.79,0.5249169435215947,100
GEO_GSE327581_COSMX_AD_BRAIN,learned_permuted_prior,Vascular.leptomeningeal.cells,0.6990291262135923,0.72,0.7093596059113302,100
GEO_GSE327581_COSMX_AD_BRAIN,learned_permuted_prior,Vascular.smooth.muscle.cells,0.8103448275862069,0.47,0.5949367088607594,100
GEO_GSE327581_COSMX_AD_BRAIN,learned_random_graph,Astrocytes.Bergmann.glia,0.90625,0.58,0.7073170731707317,100
GEO_GSE327581_COSMX_AD_BRAIN,learned_random_graph,Astrocytes.cortex.hippocampus,0.4369747899159664,0.52,0.4748858447488585,100
GEO_GSE327581_COSMX_AD_BRAIN,learned_random_graph,Astrocytes.thalamus.hypothalamus,0.7285714285714285,0.51,0.6000000000000001,100
GEO_GSE327581_COSMX_AD_BRAIN,learned_random_graph,CCK.interneurons,0.631578947368421,0.84,0.7210300429184548,100
GEO_GSE327581_COSMX_AD_BRAIN,learned_random_graph,Cajal.Retzius.cells,0.05970149253731343,0.12,0.07973421926910298,100
GEO_GSE327581_COSMX_AD_BRAIN,learned_random_graph,Cholinergic.neurons.habenula,0.2549019607843137,0.13,0.17218543046357615,100
GEO_GSE327581_COSMX_AD_BRAIN,learned_random_graph,Choroid.plexus.epithelial.cells,0.9333333333333333,0.98,0.9560975609756097,100
GEO_GSE327581_COSMX_AD_BRAIN,learned_random_graph,Committed.oligodendrocytes,0.2834008097165992,0.7,0.4034582132564841,100
GEO_GSE327581_COSMX_AD_BRAIN,learned_random_graph,D1.medium.spiny.neurons,0.4482758620689655,0.91,0.6006600660066007,100
GEO_GSE327581_COSMX_AD_BRAIN,learned_random_graph,D2.medium.spiny.neurons,0.5614035087719298,0.64,0.5981308411214953,100
GEO_GSE327581_COSMX_AD_BRAIN,learned_random_graph,Dopaminergic.neurons,0.6612903225806451,0.82,0.7321428571428572,100
GEO_GSE327581_COSMX_AD_BRAIN,learned_random_graph,Ependymal.cells,0.8541666666666666,0.82,0.836734693877551,100
GEO_GSE327581_COSMX_AD_BRAIN,learned_random_graph,Excitatory.neurons.amygdala,0.2641509433962264,0.14,0.1830065359477124,100
GEO_GSE327581_COSMX_AD_BRAIN,learned_random_graph,Excitatory.neurons.di.mesencephalon,0.6308724832214765,0.94,0.7550200803212851,100
GEO_GSE327581_COSMX_AD_BRAIN,learned_random_graph,Excitatory.neurons.hippocampal.CA1,0.5700934579439252,0.61,0.5893719806763283,100
GEO_GSE327581_COSMX_AD_BRAIN,learned_random_graph,Excitatory.neurons.hippocampal.CA2,0.6739130434782609,0.31,0.4246575342465754,100
GEO_GSE327581_COSMX_AD_BRAIN,learned_random_graph,Excitatory.neurons.hippocampal.CA3,0.27710843373493976,0.92,0.42592592592592593,100
GEO_GSE327581_COSMX_AD_BRAIN,learned_random_graph,Excitatory.neurons.layer.1.piriform,0.5,0.11,0.18032786885245902,100
GEO_GSE327581_COSMX_AD_BRAIN,learned_random_graph,Excitatory.neurons.layer.2.3,0.6666666666666666,0.22,0.33082706766917297,100
GEO_GSE327581_COSMX_AD_BRAIN,learned_random_graph,Excitatory.neurons.layer.4,0.1320754716981132,0.07,0.0915032679738562,100
GEO_GSE327581_COSMX_AD_BRAIN,learned_random_graph,Excitatory.neurons.layer.5,0.5416666666666666,0.13,0.20967741935483872,100
GEO_GSE327581_COSMX_AD_BRAIN,learned_random_graph,Excitatory.neurons.layer.6,0.3741496598639456,0.55,0.4453441295546559,100
GEO_GSE327581_COSMX_AD_BRAIN,learned_random_graph,Excitatory.neurons.telencephalon,0.19402985074626866,0.13,0.15568862275449102,100
GEO_GSE327581_COSMX_AD_BRAIN,learned_random_graph,Granule.neurons,0.8375,0.67,0.7444444444444446,100
GEO_GSE327581_COSMX_AD_BRAIN,learned_random_graph,Hindbrain.excitatory.neurons,0.3562753036437247,0.88,0.5072046109510087,100
GEO_GSE327581_COSMX_AD_BRAIN,learned_random_graph,Hindbrain.inhibitory.neurons,0.5,0.4,0.4444444444444445,100
GEO_GSE327581_COSMX_AD_BRAIN,learned_random_graph,Hypendymal,0.38235294117647056,0.78,0.513157894736842,100
GEO_GSE327581_COSMX_AD_BRAIN,learned_random_graph,Inhibitory.interneurons,0.8041237113402062,0.78,0.7918781725888325,100
GEO_GSE327581_COSMX_AD_BRAIN,learned_random_graph,Inhibitory.neurons.amygdala,0.7272727272727273,0.16,0.2622950819672131,100
GEO_GSE327581_COSMX_AD_BRAIN,learned_random_graph,Inhibitory.neurons.habenula.hypothalamus,0.3269230769230769,0.34,0.3333333333333333,100
GEO_GSE327581_COSMX_AD_BRAIN,learned_random_graph,Inhibitory.neurons.habenula.thalamus,0.3953488372093023,0.17,0.23776223776223776,100
GEO_GSE327581_COSMX_AD_BRAIN,learned_random_graph,Inhibitory.neurons.reticular.nucleus,0.42245989304812837,0.79,0.5505226480836238,100
GEO_GSE327581_COSMX_AD_BRAIN,learned_random_graph,Interneuron.selective.interneurons,0.4897959183673469,0.24,0.3221476510067114,100
GEO_GSE327581_COSMX_AD_BRAIN,learned_random_graph,Interneurons,0.7297297297297297,0.81,0.7677725118483413,100
GEO_GSE327581_COSMX_AD_BRAIN,learned_random_graph,Mature.oligodendrocytes,0.0,0.0,0.0,100
GEO_GSE327581_COSMX_AD_BRAIN,learned_random_graph,Microglia,0.5131578947368421,0.78,0.6190476190476191,100
GEO_GSE327581_COSMX_AD_BRAIN,learned_random_graph,Myelin.forming.oligodendrocytes,0.5,0.09,0.15254237288135594,100
GEO_GSE327581_COSMX_AD_BRAIN,learned_random_graph,Neuroblasts,0.46,0.23,0.30666666666666664,100
GEO_GSE327581_COSMX_AD_BRAIN,learned_random_graph,Neurogliaform.cells,0.9782608695652174,0.45,0.6164383561643836,100
GEO_GSE327581_COSMX_AD_BRAIN,learned_random_graph,Newly.formed.oligodendrocytes,0.9090909090909091,0.3,0.4511278195488722,100
GEO_GSE327581_COSMX_AD_BRAIN,learned_random_graph,Olfactory.bulb.inhibitory.neurons,0.46411483253588515,0.97,0.627831715210356,100
GEO_GSE327581_COSMX_AD_BRAIN,learned_random_graph,Olfactory.ensheathing.cells,0.7142857142857143,0.25,0.37037037037037035,100
GEO_GSE327581_COSMX_AD_BRAIN,learned_random_graph,Oligodendrocyte.precursor.cells,0.7058823529411765,0.84,0.767123287671233,100
GEO_GSE327581_COSMX_AD_BRAIN,learned_random_graph,Peptidergic.neurons,0.6785714285714286,0.38,0.48717948717948717,100
GEO_GSE327581_COSMX_AD_BRAIN,learned_random_graph,Pericytes,0.5444444444444444,0.49,0.5157894736842104,100
GEO_GSE327581_COSMX_AD_BRAIN,learned_random_graph,Perivascular.macrophages,0.41935483870967744,0.13,0.19847328244274812,100
GEO_GSE327581_COSMX_AD_BRAIN,learned_random_graph,Purkinje.cells,0.7286821705426356,0.94,0.8209606986899562,100
GEO_GSE327581_COSMX_AD_BRAIN,learned_random_graph,Radial.glia,0.24,0.06,0.096,100
GEO_GSE327581_COSMX_AD_BRAIN,learned_random_graph,Serotonergic.neurons,0.4444444444444444,0.52,0.4792626728110599,100
GEO_GSE327581_COSMX_AD_BRAIN,learned_random_graph,T.cell,0.19827586206896552,0.23,0.212962962962963,100
GEO_GSE327581_COSMX_AD_BRAIN,learned_random_graph,Tanycytes,0.543859649122807,0.31,0.39490445859872614,100
GEO_GSE327581_COSMX_AD_BRAIN,learned_random_graph,Telencephalon.inhibitory.neurons,0.5657894736842105,0.43,0.48863636363636365,100
GEO_GSE327581_COSMX_AD_BRAIN,learned_random_graph,Vascular.endothelial.cells,0.39593908629441626,0.78,0.5252525252525252,100
GEO_GSE327581_COSMX_AD_BRAIN,learned_random_graph,Vascular.leptomeningeal.cells,0.72,0.72,0.72,100
GEO_GSE327581_COSMX_AD_BRAIN,learned_random_graph,Vascular.smooth.muscle.cells,0.7966101694915254,0.47,0.5911949685534592,100
GEO_GSE327581_COSMX_AD_BRAIN,marker_context_specific_neighborhood,Astrocytes.Bergmann.glia,0.8356164383561644,0.61,0.7052023121387282,100
GEO_GSE327581_COSMX_AD_BRAIN,marker_context_specific_neighborhood,Astrocytes.cortex.hippocampus,0.47572815533980584,0.49,0.4827586206896552,100
GEO_GSE327581_COSMX_AD_BRAIN,marker_context_specific_neighborhood,Astrocytes.thalamus.hypothalamus,0.7160493827160493,0.58,0.6408839779005524,100
GEO_GSE327581_COSMX_AD_BRAIN,marker_context_specific_neighborhood,CCK.interneurons,0.6148148148148148,0.83,0.7063829787234042,100
GEO_GSE327581_COSMX_AD_BRAIN,marker_context_specific_neighborhood,Cajal.Retzius.cells,0.08287292817679558,0.15,0.10676156583629894,100
GEO_GSE327581_COSMX_AD_BRAIN,marker_context_specific_neighborhood,Cholinergic.neurons.habenula,0.32608695652173914,0.15,0.2054794520547945,100
GEO_GSE327581_COSMX_AD_BRAIN,marker_context_specific_neighborhood,Choroid.plexus.epithelial.cells,0.9009009009009009,1.0,0.947867298578199,100
GEO_GSE327581_COSMX_AD_BRAIN,marker_context_specific_neighborhood,Committed.oligodendrocytes,0.2821576763485477,0.68,0.3988269794721408,100
GEO_GSE327581_COSMX_AD_BRAIN,marker_context_specific_neighborhood,D1.medium.spiny.neurons,0.4489795918367347,0.88,0.5945945945945946,100
GEO_GSE327581_COSMX_AD_BRAIN,marker_context_specific_neighborhood,D2.medium.spiny.neurons,0.5752212389380531,0.65,0.6103286384976525,100
GEO_GSE327581_COSMX_AD_BRAIN,marker_context_specific_neighborhood,Dopaminergic.neurons,0.6434108527131783,0.83,0.7248908296943233,100
GEO_GSE327581_COSMX_AD_BRAIN,marker_context_specific_neighborhood,Ependymal.cells,0.8415841584158416,0.85,0.845771144278607,100
GEO_GSE327581_COSMX_AD_BRAIN,marker_context_specific_neighborhood,Excitatory.neurons.amygdala,0.2982456140350877,0.17,0.21656050955414016,100
GEO_GSE327581_COSMX_AD_BRAIN,marker_context_specific_neighborhood,Excitatory.neurons.di.mesencephalon,0.6418918918918919,0.95,0.7661290322580645,100
GEO_GSE327581_COSMX_AD_BRAIN,marker_context_specific_neighborhood,Excitatory.neurons.hippocampal.CA1,0.5769230769230769,0.6,0.5882352941176471,100
GEO_GSE327581_COSMX_AD_BRAIN,marker_context_specific_neighborhood,Excitatory.neurons.hippocampal.CA2,0.6071428571428571,0.34,0.43589743589743596,100
GEO_GSE327581_COSMX_AD_BRAIN,marker_context_specific_neighborhood,Excitatory.neurons.hippocampal.CA3,0.3016393442622951,0.92,0.45432098765432094,100
GEO_GSE327581_COSMX_AD_BRAIN,marker_context_specific_neighborhood,Excitatory.neurons.layer.1.piriform,0.6190476190476191,0.13,0.21487603305785125,100
GEO_GSE327581_COSMX_AD_BRAIN,marker_context_specific_neighborhood,Excitatory.neurons.layer.2.3,0.6226415094339622,0.33,0.43137254901960786,100
GEO_GSE327581_COSMX_AD_BRAIN,marker_context_specific_neighborhood,Excitatory.neurons.layer.4,0.1774193548387097,0.11,0.13580246913580246,100
GEO_GSE327581_COSMX_AD_BRAIN,marker_context_specific_neighborhood,Excitatory.neurons.layer.5,0.6071428571428571,0.17,0.265625,100
GEO_GSE327581_COSMX_AD_BRAIN,marker_context_specific_neighborhood,Excitatory.neurons.layer.6,0.35185185185185186,0.57,0.4351145038167939,100
GEO_GSE327581_COSMX_AD_BRAIN,marker_context_specific_neighborhood,Excitatory.neurons.telencephalon,0.16666666666666666,0.11,0.13253012048192772,100
GEO_GSE327581_COSMX_AD_BRAIN,marker_context_specific_neighborhood,Granule.neurons,0.8604651162790697,0.74,0.7956989247311828,100
GEO_GSE327581_COSMX_AD_BRAIN,marker_context_specific_neighborhood,Hindbrain.excitatory.neurons,0.36752136752136755,0.86,0.5149700598802396,100
GEO_GSE327581_COSMX_AD_BRAIN,marker_context_specific_neighborhood,Hindbrain.inhibitory.neurons,0.5,0.41,0.45054945054945056,100
GEO_GSE327581_COSMX_AD_BRAIN,marker_context_specific_neighborhood,Hypendymal,0.3804878048780488,0.78,0.5114754098360655,100
GEO_GSE327581_COSMX_AD_BRAIN,marker_context_specific_neighborhood,Inhibitory.interneurons,0.8586956521739131,0.79,0.8229166666666666,100
GEO_GSE327581_COSMX_AD_BRAIN,marker_context_specific_neighborhood,Inhibitory.neurons.amygdala,0.6666666666666666,0.14,0.23140495867768596,100
GEO_GSE327581_COSMX_AD_BRAIN,marker_context_specific_neighborhood,Inhibitory.neurons.habenula.hypothalamus,0.3486238532110092,0.38,0.36363636363636365,100
GEO_GSE327581_COSMX_AD_BRAIN,marker_context_specific_neighborhood,Inhibitory.neurons.habenula.thalamus,0.4473684210526316,0.17,0.2463768115942029,100
GEO_GSE327581_COSMX_AD_BRAIN,marker_context_specific_neighborhood,Inhibitory.neurons.reticular.nucleus,0.4602272727272727,0.81,0.5869565217391305,100
GEO_GSE327581_COSMX_AD_BRAIN,marker_context_specific_neighborhood,Interneuron.selective.interneurons,0.42857142857142855,0.24,0.30769230769230765,100
GEO_GSE327581_COSMX_AD_BRAIN,marker_context_specific_neighborhood,Interneurons,0.7024793388429752,0.85,0.7692307692307692,100
GEO_GSE327581_COSMX_AD_BRAIN,marker_context_specific_neighborhood,Mature.oligodendrocytes,0.3333333333333333,0.01,0.019417475728155338,100
GEO_GSE327581_COSMX_AD_BRAIN,marker_context_specific_neighborhood,Microglia,0.4774193548387097,0.74,0.5803921568627451,100
GEO_GSE327581_COSMX_AD_BRAIN,marker_context_specific_neighborhood,Myelin.forming.oligodendrocytes,0.56,0.14,0.224,100
GEO_GSE327581_COSMX_AD_BRAIN,marker_context_specific_neighborhood,Neuroblasts,0.46511627906976744,0.2,0.27972027972027974,100
GEO_GSE327581_COSMX_AD_BRAIN,marker_context_specific_neighborhood,Neurogliaform.cells,1.0,0.47,0.6394557823129251,100
GEO_GSE327581_COSMX_AD_BRAIN,marker_context_specific_neighborhood,Newly.formed.oligodendrocytes,0.9090909090909091,0.3,0.4511278195488722,100
GEO_GSE327581_COSMX_AD_BRAIN,marker_context_specific_neighborhood,Olfactory.bulb.inhibitory.neurons,0.45754716981132076,0.97,0.6217948717948718,100
GEO_GSE327581_COSMX_AD_BRAIN,marker_context_specific_neighborhood,Olfactory.ensheathing.cells,0.7297297297297297,0.27,0.39416058394160586,100
GEO_GSE327581_COSMX_AD_BRAIN,marker_context_specific_neighborhood,Oligodendrocyte.precursor.cells,0.7094017094017094,0.83,0.7649769585253456,100
GEO_GSE327581_COSMX_AD_BRAIN,marker_context_specific_neighborhood,Peptidergic.neurons,0.7142857142857143,0.4,0.5128205128205129,100
GEO_GSE327581_COSMX_AD_BRAIN,marker_context_specific_neighborhood,Pericytes,0.5581395348837209,0.48,0.5161290322580644,100
GEO_GSE327581_COSMX_AD_BRAIN,marker_context_specific_neighborhood,Perivascular.macrophages,0.3783783783783784,0.14,0.20437956204379562,100
GEO_GSE327581_COSMX_AD_BRAIN,marker_context_specific_neighborhood,Purkinje.cells,0.6962962962962963,0.94,0.8,100
GEO_GSE327581_COSMX_AD_BRAIN,marker_context_specific_neighborhood,Radial.glia,0.13636363636363635,0.03,0.04918032786885246,100
GEO_GSE327581_COSMX_AD_BRAIN,marker_context_specific_neighborhood,Serotonergic.neurons,0.4424778761061947,0.5,0.4694835680751174,100
GEO_GSE327581_COSMX_AD_BRAIN,marker_context_specific_neighborhood,T.cell,0.22916666666666666,0.22,0.22448979591836735,100
GEO_GSE327581_COSMX_AD_BRAIN,marker_context_specific_neighborhood,Tanycytes,0.5079365079365079,0.32,0.39263803680981596,100
GEO_GSE327581_COSMX_AD_BRAIN,marker_context_specific_neighborhood,Telencephalon.inhibitory.neurons,0.6385542168674698,0.53,0.5792349726775956,100
GEO_GSE327581_COSMX_AD_BRAIN,marker_context_specific_neighborhood,Vascular.endothelial.cells,0.39893617021276595,0.75,0.5208333333333333,100
GEO_GSE327581_COSMX_AD_BRAIN,marker_context_specific_neighborhood,Vascular.leptomeningeal.cells,0.7659574468085106,0.72,0.7422680412371133,100
GEO_GSE327581_COSMX_AD_BRAIN,marker_context_specific_neighborhood,Vascular.smooth.muscle.cells,0.7936507936507936,0.5,0.6134969325153374,100
GEO_GSE327581_COSMX_AD_BRAIN,marker_learned_neighborhood,Astrocytes.Bergmann.glia,0.8356164383561644,0.61,0.7052023121387282,100
GEO_GSE327581_COSMX_AD_BRAIN,marker_learned_neighborhood,Astrocytes.cortex.hippocampus,0.47959183673469385,0.47,0.47474747474747475,100
GEO_GSE327581_COSMX_AD_BRAIN,marker_learned_neighborhood,Astrocytes.thalamus.hypothalamus,0.7922077922077922,0.61,0.6892655367231638,100
GEO_GSE327581_COSMX_AD_BRAIN,marker_learned_neighborhood,CCK.interneurons,0.5985915492957746,0.85,0.7024793388429751,100
GEO_GSE327581_COSMX_AD_BRAIN,marker_learned_neighborhood,Cajal.Retzius.cells,0.09259259259259259,0.15,0.11450381679389313,100
GEO_GSE327581_COSMX_AD_BRAIN,marker_learned_neighborhood,Cholinergic.neurons.habenula,0.3409090909090909,0.15,0.20833333333333334,100
GEO_GSE327581_COSMX_AD_BRAIN,marker_learned_neighborhood,Choroid.plexus.epithelial.cells,0.8849557522123894,1.0,0.9389671361502347,100
GEO_GSE327581_COSMX_AD_BRAIN,marker_learned_neighborhood,Committed.oligodendrocytes,0.2777777777777778,0.7,0.39772727272727276,100
GEO_GSE327581_COSMX_AD_BRAIN,marker_learned_neighborhood,D1.medium.spiny.neurons,0.4587628865979381,0.89,0.6054421768707483,100
GEO_GSE327581_COSMX_AD_BRAIN,marker_learned_neighborhood,D2.medium.spiny.neurons,0.5537190082644629,0.67,0.6063348416289593,100
GEO_GSE327581_COSMX_AD_BRAIN,marker_learned_neighborhood,Dopaminergic.neurons,0.6589147286821705,0.85,0.7423580786026202,100
GEO_GSE327581_COSMX_AD_BRAIN,marker_learned_neighborhood,Ependymal.cells,0.8235294117647058,0.84,0.8316831683168315,100
GEO_GSE327581_COSMX_AD_BRAIN,marker_learned_neighborhood,Excitatory.neurons.amygdala,0.3090909090909091,0.17,0.21935483870967742,100
GEO_GSE327581_COSMX_AD_BRAIN,marker_learned_neighborhood,Excitatory.neurons.di.mesencephalon,0.6375838926174496,0.95,0.7630522088353413,100
GEO_GSE327581_COSMX_AD_BRAIN,marker_learned_neighborhood,Excitatory.neurons.hippocampal.CA1,0.6336633663366337,0.64,0.6368159203980099,100
GEO_GSE327581_COSMX_AD_BRAIN,marker_learned_neighborhood,Excitatory.neurons.hippocampal.CA2,0.41964285714285715,0.47,0.4433962264150943,100
GEO_GSE327581_COSMX_AD_BRAIN,marker_learned_neighborhood,Excitatory.neurons.hippocampal.CA3,0.3118279569892473,0.87,0.45910290237467016,100
GEO_GSE327581_COSMX_AD_BRAIN,marker_learned_neighborhood,Excitatory.neurons.layer.1.piriform,0.7222222222222222,0.13,0.22033898305084748,100
GEO_GSE327581_COSMX_AD_BRAIN,marker_learned_neighborhood,Excitatory.neurons.layer.2.3,0.6274509803921569,0.32,0.42384105960264895,100
GEO_GSE327581_COSMX_AD_BRAIN,marker_learned_neighborhood,Excitatory.neurons.layer.4,0.17857142857142858,0.1,0.12820512820512822,100
GEO_GSE327581_COSMX_AD_BRAIN,marker_learned_neighborhood,Excitatory.neurons.layer.5,0.5,0.15,0.23076923076923075,100
GEO_GSE327581_COSMX_AD_BRAIN,marker_learned_neighborhood,Excitatory.neurons.layer.6,0.32967032967032966,0.6,0.42553191489361697,100
GEO_GSE327581_COSMX_AD_BRAIN,marker_learned_neighborhood,Excitatory.neurons.telencephalon,0.2,0.12,0.15,100
GEO_GSE327581_COSMX_AD_BRAIN,marker_learned_neighborhood,Granule.neurons,0.8505747126436781,0.74,0.7914438502673796,100
GEO_GSE327581_COSMX_AD_BRAIN,marker_learned_neighborhood,Hindbrain.excitatory.neurons,0.37333333333333335,0.84,0.5169230769230769,100
GEO_GSE327581_COSMX_AD_BRAIN,marker_learned_neighborhood,Hindbrain.inhibitory.neurons,0.5616438356164384,0.41,0.47398843930635837,100
GEO_GSE327581_COSMX_AD_BRAIN,marker_learned_neighborhood,Hypendymal,0.39378238341968913,0.76,0.5187713310580204,100
GEO_GSE327581_COSMX_AD_BRAIN,marker_learned_neighborhood,Inhibitory.interneurons,0.8210526315789474,0.78,0.8,100
GEO_GSE327581_COSMX_AD_BRAIN,marker_learned_neighborhood,Inhibitory.neurons.amygdala,0.7222222222222222,0.13,0.22033898305084748,100
GEO_GSE327581_COSMX_AD_BRAIN,marker_learned_neighborhood,Inhibitory.neurons.habenula.hypothalamus,0.3486238532110092,0.38,0.36363636363636365,100
GEO_GSE327581_COSMX_AD_BRAIN,marker_learned_neighborhood,Inhibitory.neurons.habenula.thalamus,0.4411764705882353,0.15,0.22388059701492538,100
GEO_GSE327581_COSMX_AD_BRAIN,marker_learned_neighborhood,Inhibitory.neurons.reticular.nucleus,0.47093023255813954,0.81,0.5955882352941176,100
GEO_GSE327581_COSMX_AD_BRAIN,marker_learned_neighborhood,Interneuron.selective.interneurons,0.38,0.19,0.2533333333333333,100
GEO_GSE327581_COSMX_AD_BRAIN,marker_learned_neighborhood,Interneurons,0.6268656716417911,0.84,0.7179487179487181,100
GEO_GSE327581_COSMX_AD_BRAIN,marker_learned_neighborhood,Mature.oligodendrocytes,0.0,0.0,0.0,100
GEO_GSE327581_COSMX_AD_BRAIN,marker_learned_neighborhood,Microglia,0.5323741007194245,0.74,0.6192468619246863,100
GEO_GSE327581_COSMX_AD_BRAIN,marker_learned_neighborhood,Myelin.forming.oligodendrocytes,0.45454545454545453,0.1,0.16393442622950818,100
GEO_GSE327581_COSMX_AD_BRAIN,marker_learned_neighborhood,Neuroblasts,0.5135135135135135,0.19,0.2773722627737226,100
GEO_GSE327581_COSMX_AD_BRAIN,marker_learned_neighborhood,Neurogliaform.cells,0.9791666666666666,0.47,0.6351351351351351,100
GEO_GSE327581_COSMX_AD_BRAIN,marker_learned_neighborhood,Newly.formed.oligodendrocytes,0.8709677419354839,0.27,0.41221374045801523,100
GEO_GSE327581_COSMX_AD_BRAIN,marker_learned_neighborhood,Olfactory.bulb.inhibitory.neurons,0.4117647058823529,0.98,0.5798816568047338,100
GEO_GSE327581_COSMX_AD_BRAIN,marker_learned_neighborhood,Olfactory.ensheathing.cells,0.7428571428571429,0.26,0.3851851851851852,100
GEO_GSE327581_COSMX_AD_BRAIN,marker_learned_neighborhood,Oligodendrocyte.precursor.cells,0.7788461538461539,0.81,0.7941176470588236,100
GEO_GSE327581_COSMX_AD_BRAIN,marker_learned_neighborhood,Peptidergic.neurons,0.711864406779661,0.42,0.5283018867924528,100
GEO_GSE327581_COSMX_AD_BRAIN,marker_learned_neighborhood,Pericytes,0.5555555555555556,0.45,0.4972375690607735,100
GEO_GSE327581_COSMX_AD_BRAIN,marker_learned_neighborhood,Perivascular.macrophages,0.3333333333333333,0.17,0.22516556291390732,100
GEO_GSE327581_COSMX_AD_BRAIN,marker_learned_neighborhood,Purkinje.cells,0.6911764705882353,0.94,0.7966101694915254,100
GEO_GSE327581_COSMX_AD_BRAIN,marker_learned_neighborhood,Radial.glia,0.17142857142857143,0.06,0.08888888888888888,100
GEO_GSE327581_COSMX_AD_BRAIN,marker_learned_neighborhood,Serotonergic.neurons,0.4789915966386555,0.57,0.5205479452054794,100
GEO_GSE327581_COSMX_AD_BRAIN,marker_learned_neighborhood,T.cell,0.26136363636363635,0.23,0.2446808510638298,100
GEO_GSE327581_COSMX_AD_BRAIN,marker_learned_neighborhood,Tanycytes,0.5689655172413793,0.33,0.4177215189873418,100
GEO_GSE327581_COSMX_AD_BRAIN,marker_learned_neighborhood,Telencephalon.inhibitory.neurons,0.6666666666666666,0.54,0.5966850828729282,100
GEO_GSE327581_COSMX_AD_BRAIN,marker_learned_neighborhood,Vascular.endothelial.cells,0.42528735632183906,0.74,0.5401459854014597,100
GEO_GSE327581_COSMX_AD_BRAIN,marker_learned_neighborhood,Vascular.leptomeningeal.cells,0.6915887850467289,0.74,0.7149758454106279,100
GEO_GSE327581_COSMX_AD_BRAIN,marker_learned_neighborhood,Vascular.smooth.muscle.cells,0.7121212121212122,0.47,0.5662650602409639,100
GEO_GSE327581_COSMX_AD_BRAIN,marker_only,Astrocytes.Bergmann.glia,0.9206349206349206,0.58,0.7116564417177913,100
GEO_GSE327581_COSMX_AD_BRAIN,marker_only,Astrocytes.cortex.hippocampus,0.4426229508196721,0.54,0.48648648648648646,100
GEO_GSE327581_COSMX_AD_BRAIN,marker_only,Astrocytes.thalamus.hypothalamus,0.7536231884057971,0.52,0.6153846153846154,100
GEO_GSE327581_COSMX_AD_BRAIN,marker_only,CCK.interneurons,0.6363636363636364,0.84,0.7241379310344828,100
GEO_GSE327581_COSMX_AD_BRAIN,marker_only,Cajal.Retzius.cells,0.09389671361502347,0.2,0.12779552715654954,100
GEO_GSE327581_COSMX_AD_BRAIN,marker_only,Cholinergic.neurons.habenula,0.2826086956521739,0.13,0.1780821917808219,100
GEO_GSE327581_COSMX_AD_BRAIN,marker_only,Choroid.plexus.epithelial.cells,0.9245283018867925,0.98,0.9514563106796116,100
GEO_GSE327581_COSMX_AD_BRAIN,marker_only,Committed.oligodendrocytes,0.2880658436213992,0.7,0.40816326530612246,100
GEO_GSE327581_COSMX_AD_BRAIN,marker_only,D1.medium.spiny.neurons,0.44554455445544555,0.9,0.5960264900662252,100
GEO_GSE327581_COSMX_AD_BRAIN,marker_only,D2.medium.spiny.neurons,0.5765765765765766,0.64,0.6066350710900474,100
GEO_GSE327581_COSMX_AD_BRAIN,marker_only,Dopaminergic.neurons,0.6666666666666666,0.82,0.7354260089686099,100
GEO_GSE327581_COSMX_AD_BRAIN,marker_only,Ependymal.cells,0.9010989010989011,0.82,0.8586387434554974,100
GEO_GSE327581_COSMX_AD_BRAIN,marker_only,Excitatory.neurons.amygdala,0.28846153846153844,0.15,0.19736842105263155,100
GEO_GSE327581_COSMX_AD_BRAIN,marker_only,Excitatory.neurons.di.mesencephalon,0.6308724832214765,0.94,0.7550200803212851,100
GEO_GSE327581_COSMX_AD_BRAIN,marker_only,Excitatory.neurons.hippocampal.CA1,0.5648148148148148,0.61,0.5865384615384615,100
GEO_GSE327581_COSMX_AD_BRAIN,marker_only,Excitatory.neurons.hippocampal.CA2,0.6956521739130435,0.32,0.4383561643835616,100
GEO_GSE327581_COSMX_AD_BRAIN,marker_only,Excitatory.neurons.hippocampal.CA3,0.2708333333333333,0.91,0.41743119266055045,100
GEO_GSE327581_COSMX_AD_BRAIN,marker_only,Excitatory.neurons.layer.1.piriform,0.47368421052631576,0.09,0.15126050420168066,100
GEO_GSE327581_COSMX_AD_BRAIN,marker_only,Excitatory.neurons.layer.2.3,0.6764705882352942,0.23,0.3432835820895523,100
GEO_GSE327581_COSMX_AD_BRAIN,marker_only,Excitatory.neurons.layer.4,0.1320754716981132,0.07,0.0915032679738562,100
GEO_GSE327581_COSMX_AD_BRAIN,marker_only,Excitatory.neurons.layer.5,0.5,0.12,0.1935483870967742,100
GEO_GSE327581_COSMX_AD_BRAIN,marker_only,Excitatory.neurons.layer.6,0.3776223776223776,0.54,0.4444444444444445,100
GEO_GSE327581_COSMX_AD_BRAIN,marker_only,Excitatory.neurons.telencephalon,0.19117647058823528,0.13,0.15476190476190477,100
GEO_GSE327581_COSMX_AD_BRAIN,marker_only,Granule.neurons,0.8048780487804879,0.66,0.7252747252747254,100
GEO_GSE327581_COSMX_AD_BRAIN,marker_only,Hindbrain.excitatory.neurons,0.3534136546184739,0.88,0.504297994269341,100
GEO_GSE327581_COSMX_AD_BRAIN,marker_only,Hindbrain.inhibitory.neurons,0.5,0.41,0.45054945054945056,100
GEO_GSE327581_COSMX_AD_BRAIN,marker_only,Hypendymal,0.3853658536585366,0.79,0.518032786885246,100
GEO_GSE327581_COSMX_AD_BRAIN,marker_only,Inhibitory.interneurons,0.7878787878787878,0.78,0.7839195979899497,100
GEO_GSE327581_COSMX_AD_BRAIN,marker_only,Inhibitory.neurons.amygdala,0.7272727272727273,0.16,0.2622950819672131,100
GEO_GSE327581_COSMX_AD_BRAIN,marker_only,Inhibitory.neurons.habenula.hypothalamus,0.3333333333333333,0.35,0.3414634146341463,100
GEO_GSE327581_COSMX_AD_BRAIN,marker_only,Inhibitory.neurons.habenula.thalamus,0.38636363636363635,0.17,0.23611111111111113,100
GEO_GSE327581_COSMX_AD_BRAIN,marker_only,Inhibitory.neurons.reticular.nucleus,0.42391304347826086,0.78,0.5492957746478873,100
GEO_GSE327581_COSMX_AD_BRAIN,marker_only,Interneuron.selective.interneurons,0.4807692307692308,0.25,0.3289473684210526,100
GEO_GSE327581_COSMX_AD_BRAIN,marker_only,Interneurons,0.7207207207207207,0.8,0.7582938388625592,100
GEO_GSE327581_COSMX_AD_BRAIN,marker_only,Mature.oligodendrocytes,0.0,0.0,0.0,100
GEO_GSE327581_COSMX_AD_BRAIN,marker_only,Microglia,0.5098039215686274,0.78,0.616600790513834,100
GEO_GSE327581_COSMX_AD_BRAIN,marker_only,Myelin.forming.oligodendrocytes,0.45,0.09,0.15,100
GEO_GSE327581_COSMX_AD_BRAIN,marker_only,Neuroblasts,0.4791666666666667,0.23,0.3108108108108108,100
GEO_GSE327581_COSMX_AD_BRAIN,marker_only,Neurogliaform.cells,0.9782608695652174,0.45,0.6164383561643836,100
GEO_GSE327581_COSMX_AD_BRAIN,marker_only,Newly.formed.oligodendrocytes,0.8823529411764706,0.3,0.44776119402985076,100
GEO_GSE327581_COSMX_AD_BRAIN,marker_only,Olfactory.bulb.inhibitory.neurons,0.46859903381642515,0.97,0.6319218241042346,100
GEO_GSE327581_COSMX_AD_BRAIN,marker_only,Olfactory.ensheathing.cells,0.7352941176470589,0.25,0.373134328358209,100
GEO_GSE327581_COSMX_AD_BRAIN,marker_only,Oligodendrocyte.precursor.cells,0.7,0.84,0.7636363636363636,100
GEO_GSE327581_COSMX_AD_BRAIN,marker_only,Peptidergic.neurons,0.6909090909090909,0.38,0.4903225806451613,100
GEO_GSE327581_COSMX_AD_BRAIN,marker_only,Pericytes,0.5393258426966292,0.48,0.5079365079365079,100
GEO_GSE327581_COSMX_AD_BRAIN,marker_only,Perivascular.macrophages,0.3870967741935484,0.12,0.183206106870229,100
GEO_GSE327581_COSMX_AD_BRAIN,marker_only,Purkinje.cells,0.7401574803149606,0.94,0.8281938325991189,100
GEO_GSE327581_COSMX_AD_BRAIN,marker_only,Radial.glia,0.2,0.05,0.08000000000000002,100
GEO_GSE327581_COSMX_AD_BRAIN,marker_only,Serotonergic.neurons,0.4636363636363636,0.51,0.4857142857142857,100
GEO_GSE327581_COSMX_AD_BRAIN,marker_only,T.cell,0.20175438596491227,0.23,0.21495327102803738,100
GEO_GSE327581_COSMX_AD_BRAIN,marker_only,Tanycytes,0.5423728813559322,0.32,0.40251572327044033,100
GEO_GSE327581_COSMX_AD_BRAIN,marker_only,Telencephalon.inhibitory.neurons,0.5569620253164557,0.44,0.49162011173184356,100
GEO_GSE327581_COSMX_AD_BRAIN,marker_only,Vascular.endothelial.cells,0.39303482587064675,0.79,0.5249169435215947,100
GEO_GSE327581_COSMX_AD_BRAIN,marker_only,Vascular.leptomeningeal.cells,0.7272727272727273,0.72,0.7236180904522613,100
GEO_GSE327581_COSMX_AD_BRAIN,marker_only,Vascular.smooth.muscle.cells,0.7833333333333333,0.47,0.5874999999999999,100
GEO_GSE327581_COSMX_AD_BRAIN,marker_spatial_smoothing,Astrocytes.Bergmann.glia,0.9354838709677419,0.58,0.7160493827160493,100
GEO_GSE327581_COSMX_AD_BRAIN,marker_spatial_smoothing,Astrocytes.cortex.hippocampus,0.4491525423728814,0.53,0.48623853211009177,100
GEO_GSE327581_COSMX_AD_BRAIN,marker_spatial_smoothing,Astrocytes.thalamus.hypothalamus,0.7681159420289855,0.53,0.6272189349112426,100
GEO_GSE327581_COSMX_AD_BRAIN,marker_spatial_smoothing,CCK.interneurons,0.6183206106870229,0.81,0.7012987012987013,100
GEO_GSE327581_COSMX_AD_BRAIN,marker_spatial_smoothing,Cajal.Retzius.cells,0.0797872340425532,0.15,0.10416666666666667,100
GEO_GSE327581_COSMX_AD_BRAIN,marker_spatial_smoothing,Cholinergic.neurons.habenula,0.3191489361702128,0.15,0.2040816326530612,100
GEO_GSE327581_COSMX_AD_BRAIN,marker_spatial_smoothing,Choroid.plexus.epithelial.cells,0.7692307692307693,1.0,0.8695652173913044,100
GEO_GSE327581_COSMX_AD_BRAIN,marker_spatial_smoothing,Committed.oligodendrocytes,0.28991596638655465,0.69,0.40828402366863903,100
GEO_GSE327581_COSMX_AD_BRAIN,marker_spatial_smoothing,D1.medium.spiny.neurons,0.44554455445544555,0.9,0.5960264900662252,100
GEO_GSE327581_COSMX_AD_BRAIN,marker_spatial_smoothing,D2.medium.spiny.neurons,0.5396825396825397,0.68,0.6017699115044247,100
GEO_GSE327581_COSMX_AD_BRAIN,marker_spatial_smoothing,Dopaminergic.neurons,0.6693548387096774,0.83,0.7410714285714286,100
GEO_GSE327581_COSMX_AD_BRAIN,marker_spatial_smoothing,Ependymal.cells,0.8681318681318682,0.79,0.8272251308900523,100
GEO_GSE327581_COSMX_AD_BRAIN,marker_spatial_smoothing,Excitatory.neurons.amygdala,0.2631578947368421,0.15,0.1910828025477707,100
GEO_GSE327581_COSMX_AD_BRAIN,marker_spatial_smoothing,Excitatory.neurons.di.mesencephalon,0.6209150326797386,0.95,0.7509881422924901,100
GEO_GSE327581_COSMX_AD_BRAIN,marker_spatial_smoothing,Excitatory.neurons.hippocampal.CA1,0.6,0.63,0.6146341463414634,100
GEO_GSE327581_COSMX_AD_BRAIN,marker_spatial_smoothing,Excitatory.neurons.hippocampal.CA2,0.6590909090909091,0.29,0.40277777777777773,100
GEO_GSE327581_COSMX_AD_BRAIN,marker_spatial_smoothing,Excitatory.neurons.hippocampal.CA3,0.27245508982035926,0.91,0.4193548387096775,100
GEO_GSE327581_COSMX_AD_BRAIN,marker_spatial_smoothing,Excitatory.neurons.layer.1.piriform,0.55,0.11,0.18333333333333335,100
GEO_GSE327581_COSMX_AD_BRAIN,marker_spatial_smoothing,Excitatory.neurons.layer.2.3,0.7058823529411765,0.24,0.3582089552238806,100
GEO_GSE327581_COSMX_AD_BRAIN,marker_spatial_smoothing,Excitatory.neurons.layer.4,0.1346153846153846,0.07,0.09210526315789473,100
GEO_GSE327581_COSMX_AD_BRAIN,marker_spatial_smoothing,Excitatory.neurons.layer.5,0.5555555555555556,0.15,0.23622047244094485,100
GEO_GSE327581_COSMX_AD_BRAIN,marker_spatial_smoothing,Excitatory.neurons.layer.6,0.37681159420289856,0.52,0.4369747899159664,100
GEO_GSE327581_COSMX_AD_BRAIN,marker_spatial_smoothing,Excitatory.neurons.telencephalon,0.17142857142857143,0.12,0.1411764705882353,100
GEO_GSE327581_COSMX_AD_BRAIN,marker_spatial_smoothing,Granule.neurons,0.8372093023255814,0.72,0.7741935483870969,100
GEO_GSE327581_COSMX_AD_BRAIN,marker_spatial_smoothing,Hindbrain.excitatory.neurons,0.357429718875502,0.89,0.5100286532951289,100
GEO_GSE327581_COSMX_AD_BRAIN,marker_spatial_smoothing,Hindbrain.inhibitory.neurons,0.5540540540540541,0.41,0.4712643678160919,100
GEO_GSE327581_COSMX_AD_BRAIN,marker_spatial_smoothing,Hypendymal,0.3880597014925373,0.78,0.5182724252491695,100
GEO_GSE327581_COSMX_AD_BRAIN,marker_spatial_smoothing,Inhibitory.interneurons,0.8369565217391305,0.77,0.8020833333333334,100
GEO_GSE327581_COSMX_AD_BRAIN,marker_spatial_smoothing,Inhibitory.neurons.amygdala,0.7619047619047619,0.16,0.2644628099173554,100
GEO_GSE327581_COSMX_AD_BRAIN,marker_spatial_smoothing,Inhibitory.neurons.habenula.hypothalamus,0.3302752293577982,0.36,0.34449760765550236,100
GEO_GSE327581_COSMX_AD_BRAIN,marker_spatial_smoothing,Inhibitory.neurons.habenula.thalamus,0.4418604651162791,0.19,0.26573426573426573,100
GEO_GSE327581_COSMX_AD_BRAIN,marker_spatial_smoothing,Inhibitory.neurons.reticular.nucleus,0.4431818181818182,0.78,0.5652173913043479,100
GEO_GSE327581_COSMX_AD_BRAIN,marker_spatial_smoothing,Interneuron.selective.interneurons,0.5319148936170213,0.25,0.3401360544217687,100
GEO_GSE327581_COSMX_AD_BRAIN,marker_spatial_smoothing,Interneurons,0.75,0.81,0.7788461538461539,100
GEO_GSE327581_COSMX_AD_BRAIN,marker_spatial_smoothing,Mature.oligodendrocytes,0.0,0.0,0.0,100
GEO_GSE327581_COSMX_AD_BRAIN,marker_spatial_smoothing,Microglia,0.4782608695652174,0.77,0.5900383141762453,100
GEO_GSE327581_COSMX_AD_BRAIN,marker_spatial_smoothing,Myelin.forming.oligodendrocytes,0.5,0.1,0.16666666666666669,100
GEO_GSE327581_COSMX_AD_BRAIN,marker_spatial_smoothing,Neuroblasts,0.45098039215686275,0.23,0.304635761589404,100
GEO_GSE327581_COSMX_AD_BRAIN,marker_spatial_smoothing,Neurogliaform.cells,1.0,0.46,0.6301369863013699,100
GEO_GSE327581_COSMX_AD_BRAIN,marker_spatial_smoothing,Newly.formed.oligodendrocytes,0.8611111111111112,0.31,0.4558823529411765,100
GEO_GSE327581_COSMX_AD_BRAIN,marker_spatial_smoothing,Olfactory.bulb.inhibitory.neurons,0.4537037037037037,0.98,0.6202531645569621,100
GEO_GSE327581_COSMX_AD_BRAIN,marker_spatial_smoothing,Olfactory.ensheathing.cells,0.7714285714285715,0.27,0.4,100
GEO_GSE327581_COSMX_AD_BRAIN,marker_spatial_smoothing,Oligodendrocyte.precursor.cells,0.6859504132231405,0.83,0.751131221719457,100
GEO_GSE327581_COSMX_AD_BRAIN,marker_spatial_smoothing,Peptidergic.neurons,0.7592592592592593,0.41,0.5324675324675325,100
GEO_GSE327581_COSMX_AD_BRAIN,marker_spatial_smoothing,Pericytes,0.5802469135802469,0.47,0.5193370165745855,100
GEO_GSE327581_COSMX_AD_BRAIN,marker_spatial_smoothing,Perivascular.macrophages,0.375,0.12,0.18181818181818182,100
GEO_GSE327581_COSMX_AD_BRAIN,marker_spatial_smoothing,Purkinje.cells,0.7175572519083969,0.94,0.8138528138528137,100
GEO_GSE327581_COSMX_AD_BRAIN,marker_spatial_smoothing,Radial.glia,0.2222222222222222,0.06,0.09448818897637795,100
GEO_GSE327581_COSMX_AD_BRAIN,marker_spatial_smoothing,Serotonergic.neurons,0.4722222222222222,0.51,0.4903846153846154,100
GEO_GSE327581_COSMX_AD_BRAIN,marker_spatial_smoothing,T.cell,0.21739130434782608,0.25,0.23255813953488372,100
GEO_GSE327581_COSMX_AD_BRAIN,marker_spatial_smoothing,Tanycytes,0.5166666666666667,0.31,0.3875,100
GEO_GSE327581_COSMX_AD_BRAIN,marker_spatial_smoothing,Telencephalon.inhibitory.neurons,0.5925925925925926,0.48,0.5303867403314917,100
GEO_GSE327581_COSMX_AD_BRAIN,marker_spatial_smoothing,Vascular.endothelial.cells,0.39593908629441626,0.78,0.5252525252525252,100
GEO_GSE327581_COSMX_AD_BRAIN,marker_spatial_smoothing,Vascular.leptomeningeal.cells,0.72,0.72,0.72,100
GEO_GSE327581_COSMX_AD_BRAIN,marker_spatial_smoothing,Vascular.smooth.muscle.cells,0.8032786885245902,0.49,0.6086956521739131,100
GEO_GSE327581_COSMX_AD_BRAIN,marker_spatial_smoothing_random_graph,Astrocytes.Bergmann.glia,0.9242424242424242,0.61,0.7349397590361445,100
GEO_GSE327581_COSMX_AD_BRAIN,marker_spatial_smoothing_random_graph,Astrocytes.cortex.hippocampus,0.45217391304347826,0.52,0.48372093023255813,100
GEO_GSE327581_COSMX_AD_BRAIN,marker_spatial_smoothing_random_graph,Astrocytes.thalamus.hypothalamus,0.75,0.51,0.6071428571428571,100
GEO_GSE327581_COSMX_AD_BRAIN,marker_spatial_smoothing_random_graph,CCK.interneurons,0.627906976744186,0.81,0.7074235807860262,100
GEO_GSE327581_COSMX_AD_BRAIN,marker_spatial_smoothing_random_graph,Cajal.Retzius.cells,0.08854166666666667,0.17,0.11643835616438358,100
GEO_GSE327581_COSMX_AD_BRAIN,marker_spatial_smoothing_random_graph,Cholinergic.neurons.habenula,0.2857142857142857,0.14,0.18791946308724833,100
GEO_GSE327581_COSMX_AD_BRAIN,marker_spatial_smoothing_random_graph,Choroid.plexus.epithelial.cells,0.7424242424242424,0.98,0.8448275862068965,100
GEO_GSE327581_COSMX_AD_BRAIN,marker_spatial_smoothing_random_graph,Committed.oligodendrocytes,0.28451882845188287,0.68,0.4011799410029499,100
GEO_GSE327581_COSMX_AD_BRAIN,marker_spatial_smoothing_random_graph,D1.medium.spiny.neurons,0.47540983606557374,0.87,0.6148409893992932,100
GEO_GSE327581_COSMX_AD_BRAIN,marker_spatial_smoothing_random_graph,D2.medium.spiny.neurons,0.5983606557377049,0.73,0.6576576576576576,100
GEO_GSE327581_COSMX_AD_BRAIN,marker_spatial_smoothing_random_graph,Dopaminergic.neurons,0.6434108527131783,0.83,0.7248908296943233,100
GEO_GSE327581_COSMX_AD_BRAIN,marker_spatial_smoothing_random_graph,Ependymal.cells,0.8736842105263158,0.83,0.8512820512820513,100
GEO_GSE327581_COSMX_AD_BRAIN,marker_spatial_smoothing_random_graph,Excitatory.neurons.amygdala,0.265625,0.17,0.2073170731707317,100
GEO_GSE327581_COSMX_AD_BRAIN,marker_spatial_smoothing_random_graph,Excitatory.neurons.di.mesencephalon,0.6413793103448275,0.93,0.7591836734693879,100
GEO_GSE327581_COSMX_AD_BRAIN,marker_spatial_smoothing_random_graph,Excitatory.neurons.hippocampal.CA1,0.5727272727272728,0.63,0.6000000000000001,100
GEO_GSE327581_COSMX_AD_BRAIN,marker_spatial_smoothing_random_graph,Excitatory.neurons.hippocampal.CA2,0.7111111111111111,0.32,0.44137931034482764,100
GEO_GSE327581_COSMX_AD_BRAIN,marker_spatial_smoothing_random_graph,Excitatory.neurons.hippocampal.CA3,0.30363036303630364,0.92,0.456575682382134,100
GEO_GSE327581_COSMX_AD_BRAIN,marker_spatial_smoothing_random_graph,Excitatory.neurons.layer.1.piriform,0.5238095238095238,0.11,0.18181818181818182,100
GEO_GSE327581_COSMX_AD_BRAIN,marker_spatial_smoothing_random_graph,Excitatory.neurons.layer.2.3,0.7142857142857143,0.3,0.4225352112676056,100
GEO_GSE327581_COSMX_AD_BRAIN,marker_spatial_smoothing_random_graph,Excitatory.neurons.layer.4,0.15,0.09,0.1125,100
GEO_GSE327581_COSMX_AD_BRAIN,marker_spatial_smoothing_random_graph,Excitatory.neurons.layer.5,0.56,0.14,0.224,100
GEO_GSE327581_COSMX_AD_BRAIN,marker_spatial_smoothing_random_graph,Excitatory.neurons.layer.6,0.38571428571428573,0.54,0.45,100
GEO_GSE327581_COSMX_AD_BRAIN,marker_spatial_smoothing_random_graph,Excitatory.neurons.telencephalon,0.17391304347826086,0.12,0.14201183431952663,100
GEO_GSE327581_COSMX_AD_BRAIN,marker_spatial_smoothing_random_graph,Granule.neurons,0.8522727272727273,0.75,0.7978723404255319,100
GEO_GSE327581_COSMX_AD_BRAIN,marker_spatial_smoothing_random_graph,Hindbrain.excitatory.neurons,0.36099585062240663,0.87,0.5102639296187683,100
GEO_GSE327581_COSMX_AD_BRAIN,marker_spatial_smoothing_random_graph,Hindbrain.inhibitory.neurons,0.5263157894736842,0.4,0.45454545454545453,100
GEO_GSE327581_COSMX_AD_BRAIN,marker_spatial_smoothing_random_graph,Hypendymal,0.38349514563106796,0.79,0.5163398692810457,100
GEO_GSE327581_COSMX_AD_BRAIN,marker_spatial_smoothing_random_graph,Inhibitory.interneurons,0.8315789473684211,0.79,0.8102564102564104,100
GEO_GSE327581_COSMX_AD_BRAIN,marker_spatial_smoothing_random_graph,Inhibitory.neurons.amygdala,0.8,0.16,0.26666666666666666,100
GEO_GSE327581_COSMX_AD_BRAIN,marker_spatial_smoothing_random_graph,Inhibitory.neurons.habenula.hypothalamus,0.3333333333333333,0.34,0.33663366336633666,100
GEO_GSE327581_COSMX_AD_BRAIN,marker_spatial_smoothing_random_graph,Inhibitory.neurons.habenula.thalamus,0.4090909090909091,0.18,0.25,100
GEO_GSE327581_COSMX_AD_BRAIN,marker_spatial_smoothing_random_graph,Inhibitory.neurons.reticular.nucleus,0.4508670520231214,0.78,0.5714285714285715,100
GEO_GSE327581_COSMX_AD_BRAIN,marker_spatial_smoothing_random_graph,Interneuron.selective.interneurons,0.5319148936170213,0.25,0.3401360544217687,100
GEO_GSE327581_COSMX_AD_BRAIN,marker_spatial_smoothing_random_graph,Interneurons,0.75,0.81,0.7788461538461539,100
GEO_GSE327581_COSMX_AD_BRAIN,marker_spatial_smoothing_random_graph,Mature.oligodendrocytes,0.0,0.0,0.0,100
GEO_GSE327581_COSMX_AD_BRAIN,marker_spatial_smoothing_random_graph,Microglia,0.49056603773584906,0.78,0.6023166023166023,100
GEO_GSE327581_COSMX_AD_BRAIN,marker_spatial_smoothing_random_graph,Myelin.forming.oligodendrocytes,0.5,0.1,0.16666666666666669,100
GEO_GSE327581_COSMX_AD_BRAIN,marker_spatial_smoothing_random_graph,Neuroblasts,0.44,0.22,0.29333333333333333,100
GEO_GSE327581_COSMX_AD_BRAIN,marker_spatial_smoothing_random_graph,Neurogliaform.cells,0.9787234042553191,0.46,0.6258503401360545,100
GEO_GSE327581_COSMX_AD_BRAIN,marker_spatial_smoothing_random_graph,Newly.formed.oligodendrocytes,0.8,0.32,0.45714285714285713,100
GEO_GSE327581_COSMX_AD_BRAIN,marker_spatial_smoothing_random_graph,Olfactory.bulb.inhibitory.neurons,0.47783251231527096,0.97,0.6402640264026402,100
GEO_GSE327581_COSMX_AD_BRAIN,marker_spatial_smoothing_random_graph,Olfactory.ensheathing.cells,0.7352941176470589,0.25,0.373134328358209,100
GEO_GSE327581_COSMX_AD_BRAIN,marker_spatial_smoothing_random_graph,Oligodendrocyte.precursor.cells,0.6942148760330579,0.84,0.7601809954751132,100
GEO_GSE327581_COSMX_AD_BRAIN,marker_spatial_smoothing_random_graph,Peptidergic.neurons,0.7017543859649122,0.4,0.5095541401273885,100
GEO_GSE327581_COSMX_AD_BRAIN,marker_spatial_smoothing_random_graph,Pericytes,0.5764705882352941,0.49,0.5297297297297296,100
GEO_GSE327581_COSMX_AD_BRAIN,marker_spatial_smoothing_random_graph,Perivascular.macrophages,0.3142857142857143,0.11,0.16296296296296298,100
GEO_GSE327581_COSMX_AD_BRAIN,marker_spatial_smoothing_random_graph,Purkinje.cells,0.752,0.94,0.8355555555555555,100
GEO_GSE327581_COSMX_AD_BRAIN,marker_spatial_smoothing_random_graph,Radial.glia,0.2222222222222222,0.06,0.09448818897637795,100
GEO_GSE327581_COSMX_AD_BRAIN,marker_spatial_smoothing_random_graph,Serotonergic.neurons,0.4537037037037037,0.49,0.4711538461538462,100
GEO_GSE327581_COSMX_AD_BRAIN,marker_spatial_smoothing_random_graph,T.cell,0.1953125,0.25,0.21929824561403508,100
GEO_GSE327581_COSMX_AD_BRAIN,marker_spatial_smoothing_random_graph,Tanycytes,0.532258064516129,0.33,0.40740740740740733,100
GEO_GSE327581_COSMX_AD_BRAIN,marker_spatial_smoothing_random_graph,Telencephalon.inhibitory.neurons,0.6,0.48,0.5333333333333332,100
GEO_GSE327581_COSMX_AD_BRAIN,marker_spatial_smoothing_random_graph,Vascular.endothelial.cells,0.3864734299516908,0.8,0.5211726384364822,100
GEO_GSE327581_COSMX_AD_BRAIN,marker_spatial_smoothing_random_graph,Vascular.leptomeningeal.cells,0.7019230769230769,0.73,0.7156862745098039,100
GEO_GSE327581_COSMX_AD_BRAIN,marker_spatial_smoothing_random_graph,Vascular.smooth.muscle.cells,0.78125,0.5,0.6097560975609756,100
GEO_GSE333737_MERSCOPE_PANCREAS_VASCULAR,learned_permuted_prior,Endothelial Cells,0.7341269841269841,0.925,0.8185840707964602,600
GEO_GSE333737_MERSCOPE_PANCREAS_VASCULAR,learned_permuted_prior,Fibroblasts,0.7487520798668885,0.75,0.7493755203996668,600
GEO_GSE333737_MERSCOPE_PANCREAS_VASCULAR,learned_permuted_prior,Islet-associated Fibroblasts,0.8138613861386138,0.685,0.7438914027149323,600
GEO_GSE333737_MERSCOPE_PANCREAS_VASCULAR,learned_permuted_prior,Pericytes,0.7379182156133829,0.6616666666666666,0.6977152899824253,600
GEO_GSE333737_MERSCOPE_PANCREAS_VASCULAR,learned_random_graph,Endothelial Cells,0.7309711286089239,0.9283333333333333,0.8179148311306901,600
GEO_GSE333737_MERSCOPE_PANCREAS_VASCULAR,learned_random_graph,Fibroblasts,0.7454242928452579,0.7466666666666667,0.7460449625312239,600
GEO_GSE333737_MERSCOPE_PANCREAS_VASCULAR,learned_random_graph,Islet-associated Fibroblasts,0.8183632734530938,0.6833333333333333,0.7447774750227066,600
GEO_GSE333737_MERSCOPE_PANCREAS_VASCULAR,learned_random_graph,Pericytes,0.7444029850746269,0.665,0.7024647887323945,600
GEO_GSE333737_MERSCOPE_PANCREAS_VASCULAR,marker_context_specific_neighborhood,Endothelial Cells,0.7410358565737052,0.93,0.8248337028824834,600
GEO_GSE333737_MERSCOPE_PANCREAS_VASCULAR,marker_context_specific_neighborhood,Fibroblasts,0.745819397993311,0.7433333333333333,0.7445742904841401,600
GEO_GSE333737_MERSCOPE_PANCREAS_VASCULAR,marker_context_specific_neighborhood,Islet-associated Fibroblasts,0.8073929961089494,0.6916666666666667,0.7450628366247756,600
GEO_GSE333737_MERSCOPE_PANCREAS_VASCULAR,marker_context_specific_neighborhood,Pericytes,0.7476635514018691,0.6666666666666666,0.7048458149779735,600
GEO_GSE333737_MERSCOPE_PANCREAS_VASCULAR,marker_learned_neighborhood,Endothelial Cells,0.7351778656126482,0.93,0.8211920529801325,600
GEO_GSE333737_MERSCOPE_PANCREAS_VASCULAR,marker_learned_neighborhood,Fibroblasts,0.7567114093959731,0.7516666666666667,0.754180602006689,600
GEO_GSE333737_MERSCOPE_PANCREAS_VASCULAR,marker_learned_neighborhood,Islet-associated Fibroblasts,0.8133595284872298,0.69,0.7466185752930569,600
GEO_GSE333737_MERSCOPE_PANCREAS_VASCULAR,marker_learned_neighborhood,Pericytes,0.7406716417910447,0.6616666666666666,0.698943661971831,600
GEO_GSE333737_MERSCOPE_PANCREAS_VASCULAR,marker_only,Endothelial Cells,0.7357992073976222,0.9283333333333333,0.8209285187914518,600
GEO_GSE333737_MERSCOPE_PANCREAS_VASCULAR,marker_only,Fibroblasts,0.7520938023450586,0.7483333333333333,0.7502088554720133,600
GEO_GSE333737_MERSCOPE_PANCREAS_VASCULAR,marker_only,Islet-associated Fibroblasts,0.8169291338582677,0.6916666666666667,0.7490974729241876,600
GEO_GSE333737_MERSCOPE_PANCREAS_VASCULAR,marker_only,Pericytes,0.7472118959107806,0.67,0.7065026362038666,600
GEO_GSE333737_MERSCOPE_PANCREAS_VASCULAR,marker_spatial_smoothing,Endothelial Cells,0.7493261455525606,0.9266666666666666,0.8286140089418778,600
GEO_GSE333737_MERSCOPE_PANCREAS_VASCULAR,marker_spatial_smoothing,Fibroblasts,0.7533557046979866,0.7483333333333333,0.7508361204013377,600
GEO_GSE333737_MERSCOPE_PANCREAS_VASCULAR,marker_spatial_smoothing,Islet-associated Fibroblasts,0.8023032629558541,0.6966666666666667,0.7457627118644068,600
GEO_GSE333737_MERSCOPE_PANCREAS_VASCULAR,marker_spatial_smoothing,Pericytes,0.7430683918669131,0.67,0.7046450482033304,600
GEO_GSE333737_MERSCOPE_PANCREAS_VASCULAR,marker_spatial_smoothing_random_graph,Endothelial Cells,0.7432795698924731,0.9216666666666666,0.8229166666666666,600
GEO_GSE333737_MERSCOPE_PANCREAS_VASCULAR,marker_spatial_smoothing_random_graph,Fibroblasts,0.7371900826446282,0.7433333333333333,0.7402489626556017,600
GEO_GSE333737_MERSCOPE_PANCREAS_VASCULAR,marker_spatial_smoothing_random_graph,Islet-associated Fibroblasts,0.8089668615984406,0.6916666666666667,0.7457322551662173,600
GEO_GSE333737_MERSCOPE_PANCREAS_VASCULAR,marker_spatial_smoothing_random_graph,Pericytes,0.741635687732342,0.665,0.7012302284710018,600
GSE202623_LESION,learned_permuted_prior,Astrocytes,0.8863636363636364,0.9069767441860465,0.896551724137931,387
GSE202623_LESION,learned_permuted_prior,Endothelial,0.410958904109589,0.9230769230769231,0.5687203791469193,65
GSE202623_LESION,learned_permuted_prior,Microglia,0.976063829787234,0.579321231254933,0.7270926201089647,1267
GSE202623_LESION,learned_permuted_prior,OPCs,0.4424778761061947,0.9523809523809523,0.6042296072507554,105
GSE202623_LESION,learned_permuted_prior,Oligodendrocyte,0.918918918918919,0.8063241106719368,0.8589473684210526,506
GSE202623_LESION,learned_permuted_prior,Pericytes,0.30985915492957744,0.7096774193548387,0.4313725490196078,31
GSE202623_LESION,learned_permuted_prior,T-cells,0.3096446700507614,0.7011494252873564,0.4295774647887324,87
GSE202623_LESION,learned_permuted_prior,VLMC,0.10276679841897234,0.7027027027027027,0.1793103448275862,37
GSE202623_LESION,learned_random_graph,Astrocytes,0.9,0.9069767441860465,0.9034749034749034,387
GSE202623_LESION,learned_random_graph,Endothelial,0.425531914893617,0.9230769230769231,0.5825242718446603,65
GSE202623_LESION,learned_random_graph,Microglia,0.9761904761904762,0.5824782951854776,0.7296094908551656,1267
GSE202623_LESION,learned_random_graph,OPCs,0.43478260869565216,0.9523809523809523,0.5970149253731344,105
GSE202623_LESION,learned_random_graph,Oligodendrocyte,0.9342403628117913,0.8142292490118577,0.8701161562829989,506
GSE202623_LESION,learned_random_graph,Pericytes,0.30434782608695654,0.6774193548387096,0.42,31
GSE202623_LESION,learned_random_graph,T-cells,0.2914572864321608,0.6666666666666666,0.4055944055944055,87
GSE202623_LESION,learned_random_graph,VLMC,0.10038610038610038,0.7027027027027027,0.17567567567567566,37
GSE202623_LESION,marker_context_specific_neighborhood,Astrocytes,0.8849104859335039,0.8940568475452196,0.8894601542416453,387
GSE202623_LESION,marker_context_specific_neighborhood,Endothelial,0.4444444444444444,0.9230769230769231,0.6,65
GSE202623_LESION,marker_context_specific_neighborhood,Microglia,0.9773333333333334,0.5785319652722968,0.7268220128904312,1267
GSE202623_LESION,marker_context_specific_neighborhood,OPCs,0.4424778761061947,0.9523809523809523,0.6042296072507554,105
GSE202623_LESION,marker_context_specific_neighborhood,Oligodendrocyte,0.9321266968325792,0.8142292490118577,0.869198312236287,506
GSE202623_LESION,marker_context_specific_neighborhood,Pericytes,0.3283582089552239,0.7096774193548387,0.4489795918367347,31
GSE202623_LESION,marker_context_specific_neighborhood,T-cells,0.297029702970297,0.6896551724137931,0.41522491349480967,87
GSE202623_LESION,marker_context_specific_neighborhood,VLMC,0.09926470588235294,0.7297297297297297,0.17475728155339804,37
GSE202623_LESION,marker_learned_neighborhood,Astrocytes,0.9064935064935065,0.9018087855297158,0.9041450777202072,387
GSE202623_LESION,marker_learned_neighborhood,Endothelial,0.5086206896551724,0.9076923076923077,0.6519337016574585,65
GSE202623_LESION,marker_learned_neighborhood,Microglia,0.9778645833333334,0.5927387529597474,0.7380835380835382,1267
GSE202623_LESION,marker_learned_neighborhood,OPCs,0.39919354838709675,0.9428571428571428,0.5609065155807366,105
GSE202623_LESION,marker_learned_neighborhood,Oligodendrocyte,0.9247787610619469,0.8260869565217391,0.872651356993737,506
GSE202623_LESION,marker_learned_neighborhood,Pericytes,0.3333333333333333,0.7096774193548387,0.45360824742268047,31
GSE202623_LESION,marker_learned_neighborhood,T-cells,0.3,0.6551724137931034,0.4115523465703971,87
GSE202623_LESION,marker_learned_neighborhood,VLMC,0.10384615384615385,0.7297297297297297,0.18181818181818185,37
GSE202623_LESION,marker_only,Astrocytes,0.8994845360824743,0.9018087855297158,0.9006451612903226,387
GSE202623_LESION,marker_only,Endothelial,0.40939597315436244,0.9384615384615385,0.5700934579439253,65
GSE202623_LESION,marker_only,Microglia,0.9757412398921833,0.5714285714285714,0.7207565953210552,1267
GSE202623_LESION,marker_only,OPCs,0.43103448275862066,0.9523809523809523,0.5934718100890207,105
GSE202623_LESION,marker_only,Oligodendrocyte,0.920814479638009,0.8043478260869565,0.8586497890295359,506
GSE202623_LESION,marker_only,Pericytes,0.3235294117647059,0.7096774193548387,0.4444444444444445,31
GSE202623_LESION,marker_only,T-cells,0.305,0.7011494252873564,0.42508710801393723,87
GSE202623_LESION,marker_only,VLMC,0.09848484848484848,0.7027027027027027,0.17275747508305647,37
GSE202623_LESION,marker_spatial_smoothing,Astrocytes,0.897172236503856,0.9018087855297158,0.8994845360824743,387
GSE202623_LESION,marker_spatial_smoothing,Endothelial,0.4,0.9230769230769231,0.5581395348837209,65
GSE202623_LESION,marker_spatial_smoothing,Microglia,0.9768707482993197,0.5666929755327546,0.7172827172827173,1267
GSE202623_LESION,marker_spatial_smoothing,OPCs,0.44052863436123346,0.9523809523809523,0.6024096385542168,105
GSE202623_LESION,marker_spatial_smoothing,Oligodendrocyte,0.9196428571428571,0.8142292490118577,0.8637316561844863,506
GSE202623_LESION,marker_spatial_smoothing,Pericytes,0.3235294117647059,0.7096774193548387,0.4444444444444445,31
GSE202623_LESION,marker_spatial_smoothing,T-cells,0.29901960784313725,0.7011494252873564,0.41924398625429554,87
GSE202623_LESION,marker_spatial_smoothing,VLMC,0.10227272727272728,0.7297297297297297,0.17940199335548174,37
GSE202623_LESION,marker_spatial_smoothing_random_graph,Astrocytes,0.8951406649616368,0.9043927648578811,0.8997429305912595,387
GSE202623_LESION,marker_spatial_smoothing_random_graph,Endothelial,0.40939597315436244,0.9384615384615385,0.5700934579439253,65
GSE202623_LESION,marker_spatial_smoothing_random_graph,Microglia,0.9757085020242915,0.5706393054459353,0.7201195219123506,1267
GSE202623_LESION,marker_spatial_smoothing_random_graph,OPCs,0.44052863436123346,0.9523809523809523,0.6024096385542168,105
GSE202623_LESION,marker_spatial_smoothing_random_graph,Oligodendrocyte,0.9213483146067416,0.8102766798418972,0.8622502628811778,506
GSE202623_LESION,marker_spatial_smoothing_random_graph,Pericytes,0.3188405797101449,0.7096774193548387,0.44000000000000006,31
GSE202623_LESION,marker_spatial_smoothing_random_graph,T-cells,0.305,0.7011494252873564,0.42508710801393723,87
GSE202623_LESION,marker_spatial_smoothing_random_graph,VLMC,0.09885931558935361,0.7027027027027027,0.17333333333333334,37
SQUIDPY_IMC,learned_permuted_prior,CK low HR low tumor cell,0.10429447852760736,0.3541666666666667,0.16113744075829384,48
SQUIDPY_IMC,learned_permuted_prior,CK+ HR+ tumor cell,0.34306569343065696,0.6811594202898551,0.4563106796116505,69
SQUIDPY_IMC,learned_permuted_prior,T cells,0.7857142857142857,0.15172413793103448,0.2543352601156069,290
SQUIDPY_IMC,learned_permuted_prior,apoptotic tumor cell,0.8,0.18666666666666668,0.3027027027027027,300
SQUIDPY_IMC,learned_permuted_prior,basal CK tumor cell,0.903954802259887,0.5333333333333333,0.670859538784067,300
SQUIDPY_IMC,learned_permuted_prior,endothelial,0.43670886075949367,0.8313253012048193,0.5726141078838174,83
SQUIDPY_IMC,learned_permuted_prior,macrophages,0.708994708994709,0.5903083700440529,0.6442307692307693,227
SQUIDPY_IMC,learned_permuted_prior,p53+ EGFR+ tumor cell,0.0,0.0,0.0,158
SQUIDPY_IMC,learned_permuted_prior,proliferative tumor cell,0.16753926701570682,0.5818181818181818,0.2601626016260163,110
SQUIDPY_IMC,learned_permuted_prior,small elongated stromal cell,0.1971326164874552,0.6626506024096386,0.3038674033149172,83
SQUIDPY_IMC,learned_permuted_prior,vimentin hi stromal cell,0.33064516129032256,0.5394736842105263,0.41,76
SQUIDPY_IMC,learned_random_graph,CK low HR low tumor cell,0.10240963855421686,0.3541666666666667,0.1588785046728972,48
SQUIDPY_IMC,learned_random_graph,CK+ HR+ tumor cell,0.3263888888888889,0.6811594202898551,0.4413145539906103,69
SQUIDPY_IMC,learned_random_graph,T cells,0.7924528301886793,0.14482758620689656,0.24489795918367346,290
SQUIDPY_IMC,learned_random_graph,apoptotic tumor cell,0.8688524590163934,0.17666666666666667,0.2936288088642659,300
SQUIDPY_IMC,learned_random_graph,basal CK tumor cell,0.8810810810810811,0.5433333333333333,0.6721649484536082,300
SQUIDPY_IMC,learned_random_graph,endothelial,0.4240506329113924,0.8072289156626506,0.5560165975103735,83
SQUIDPY_IMC,learned_random_graph,macrophages,0.6954314720812182,0.6035242290748899,0.6462264150943396,227
SQUIDPY_IMC,learned_random_graph,p53+ EGFR+ tumor cell,0.1,0.006329113924050633,0.011904761904761904,158
SQUIDPY_IMC,learned_random_graph,proliferative tumor cell,0.17379679144385027,0.5909090909090909,0.26859504132231404,110
SQUIDPY_IMC,learned_random_graph,small elongated stromal cell,0.2074074074074074,0.6746987951807228,0.31728045325779036,83
SQUIDPY_IMC,learned_random_graph,vimentin hi stromal cell,0.30158730158730157,0.5,0.3762376237623762,76
SQUIDPY_IMC,marker_context_specific_neighborhood,CK low HR low tumor cell,0.10967741935483871,0.3541666666666667,0.16748768472906406,48
SQUIDPY_IMC,marker_context_specific_neighborhood,CK+ HR+ tumor cell,0.3191489361702128,0.6521739130434783,0.4285714285714286,69
SQUIDPY_IMC,marker_context_specific_neighborhood,T cells,0.7586206896551724,0.15172413793103448,0.25287356321839083,290
SQUIDPY_IMC,marker_context_specific_neighborhood,apoptotic tumor cell,0.8681318681318682,0.2633333333333333,0.4040920716112532,300
SQUIDPY_IMC,marker_context_specific_neighborhood,basal CK tumor cell,0.9204545454545454,0.54,0.680672268907563,300
SQUIDPY_IMC,marker_context_specific_neighborhood,endothelial,0.41975308641975306,0.8192771084337349,0.5551020408163265,83
SQUIDPY_IMC,marker_context_specific_neighborhood,macrophages,0.676923076923077,0.5814977973568282,0.6255924170616115,227
SQUIDPY_IMC,marker_context_specific_neighborhood,p53+ EGFR+ tumor cell,0.1,0.006329113924050633,0.011904761904761904,158
SQUIDPY_IMC,marker_context_specific_neighborhood,proliferative tumor cell,0.17696629213483145,0.5727272727272728,0.2703862660944206,110
SQUIDPY_IMC,marker_context_specific_neighborhood,small elongated stromal cell,0.19148936170212766,0.6506024096385542,0.2958904109589041,83
SQUIDPY_IMC,marker_context_specific_neighborhood,vimentin hi stromal cell,0.3220338983050847,0.5,0.39175257731958757,76
SQUIDPY_IMC,marker_learned_neighborhood,CK low HR low tumor cell,0.10828025477707007,0.3541666666666667,0.16585365853658537,48
SQUIDPY_IMC,marker_learned_neighborhood,CK+ HR+ tumor cell,0.34782608695652173,0.6956521739130435,0.46376811594202894,69
SQUIDPY_IMC,marker_learned_neighborhood,T cells,0.8113207547169812,0.1482758620689655,0.25072886297376096,290
SQUIDPY_IMC,marker_learned_neighborhood,apoptotic tumor cell,0.8082191780821918,0.19666666666666666,0.3163538873994638,300
SQUIDPY_IMC,marker_learned_neighborhood,basal CK tumor cell,0.898876404494382,0.5333333333333333,0.6694560669456068,300
SQUIDPY_IMC,marker_learned_neighborhood,endothelial,0.40853658536585363,0.8072289156626506,0.5425101214574899,83
SQUIDPY_IMC,marker_learned_neighborhood,macrophages,0.6855670103092784,0.5859030837004405,0.6318289786223278,227
SQUIDPY_IMC,marker_learned_neighborhood,p53+ EGFR+ tumor cell,0.14285714285714285,0.006329113924050633,0.012121212121212121,158
SQUIDPY_IMC,marker_learned_neighborhood,proliferative tumor cell,0.16321243523316062,0.5727272727272728,0.2540322580645161,110
SQUIDPY_IMC,marker_learned_neighborhood,small elongated stromal cell,0.19494584837545126,0.6506024096385542,0.3,83
SQUIDPY_IMC,marker_learned_neighborhood,vimentin hi stromal cell,0.3247863247863248,0.5,0.39378238341968913,76
SQUIDPY_IMC,marker_only,CK low HR low tumor cell,0.11377245508982035,0.3958333333333333,0.17674418604651163,48
SQUIDPY_IMC,marker_only,CK+ HR+ tumor cell,0.3263888888888889,0.6811594202898551,0.4413145539906103,69
SQUIDPY_IMC,marker_only,T cells,0.8,0.15172413793103448,0.25507246376811593,290
SQUIDPY_IMC,marker_only,apoptotic tumor cell,0.8615384615384616,0.18666666666666668,0.3068493150684931,300
SQUIDPY_IMC,marker_only,basal CK tumor cell,0.9244186046511628,0.53,0.673728813559322,300
SQUIDPY_IMC,marker_only,endothelial,0.41875,0.8072289156626506,0.551440329218107,83
SQUIDPY_IMC,marker_only,macrophages,0.6974358974358974,0.5991189427312775,0.6445497630331753,227
SQUIDPY_IMC,marker_only,p53+ EGFR+ tumor cell,0.1111111111111111,0.006329113924050633,0.011976047904191616,158
SQUIDPY_IMC,marker_only,proliferative tumor cell,0.16578947368421051,0.5727272727272728,0.2571428571428571,110
SQUIDPY_IMC,marker_only,small elongated stromal cell,0.19642857142857142,0.6626506024096386,0.30303030303030304,83
SQUIDPY_IMC,marker_only,vimentin hi stromal cell,0.3247863247863248,0.5,0.39378238341968913,76
SQUIDPY_IMC,marker_spatial_smoothing,CK low HR low tumor cell,0.10365853658536585,0.3541666666666667,0.16037735849056603,48
SQUIDPY_IMC,marker_spatial_smoothing,CK+ HR+ tumor cell,0.3356164383561644,0.7101449275362319,0.4558139534883721,69
SQUIDPY_IMC,marker_spatial_smoothing,T cells,0.7804878048780488,0.1103448275862069,0.19335347432024166,290
SQUIDPY_IMC,marker_spatial_smoothing,apoptotic tumor cell,0.8421052631578947,0.21333333333333335,0.34042553191489366,300
SQUIDPY_IMC,marker_spatial_smoothing,basal CK tumor cell,0.8911917098445595,0.5733333333333334,0.6977687626774848,300
SQUIDPY_IMC,marker_spatial_smoothing,endothelial,0.39037433155080214,0.8795180722891566,0.5407407407407406,83
SQUIDPY_IMC,marker_spatial_smoothing,macrophages,0.6529680365296804,0.6299559471365639,0.641255605381166,227
SQUIDPY_IMC,marker_spatial_smoothing,p53+ EGFR+ tumor cell,0.16666666666666666,0.0189873417721519,0.034090909090909095,158
SQUIDPY_IMC,marker_spatial_smoothing,proliferative tumor cell,0.1813031161473088,0.5818181818181818,0.27645788336933047,110
SQUIDPY_IMC,marker_spatial_smoothing,small elongated stromal cell,0.20851063829787234,0.5903614457831325,0.30817610062893086,83
SQUIDPY_IMC,marker_spatial_smoothing,vimentin hi stromal cell,0.30357142857142855,0.4473684210526316,0.36170212765957444,76
SQUIDPY_IMC,marker_spatial_smoothing_random_graph,CK low HR low tumor cell,0.11042944785276074,0.375,0.17061611374407581,48
SQUIDPY_IMC,marker_spatial_smoothing_random_graph,CK+ HR+ tumor cell,0.32653061224489793,0.6956521739130435,0.4444444444444445,69
SQUIDPY_IMC,marker_spatial_smoothing_random_graph,T cells,0.84,0.14482758620689656,0.24705882352941178,290
SQUIDPY_IMC,marker_spatial_smoothing_random_graph,apoptotic tumor cell,0.8227848101265823,0.21666666666666667,0.34300791556728233,300
SQUIDPY_IMC,marker_spatial_smoothing_random_graph,basal CK tumor cell,0.8923076923076924,0.58,0.703030303030303,300
SQUIDPY_IMC,marker_spatial_smoothing_random_graph,endothelial,0.4161849710982659,0.8674698795180723,0.5625000000000001,83
SQUIDPY_IMC,marker_spatial_smoothing_random_graph,macrophages,0.6813725490196079,0.6123348017621145,0.6450116009280743,227
SQUIDPY_IMC,marker_spatial_smoothing_random_graph,p53+ EGFR+ tumor cell,0.1111111111111111,0.012658227848101266,0.022727272727272724,158
SQUIDPY_IMC,marker_spatial_smoothing_random_graph,proliferative tumor cell,0.18285714285714286,0.5818181818181818,0.2782608695652174,110
SQUIDPY_IMC,marker_spatial_smoothing_random_graph,small elongated stromal cell,0.20703125,0.6385542168674698,0.31268436578171094,83
SQUIDPY_IMC,marker_spatial_smoothing_random_graph,vimentin hi stromal cell,0.3211009174311927,0.4605263157894737,0.37837837837837834,76
SQUIDPY_MERFISH,learned_permuted_prior,Astrocyte,0.768,0.96,0.8533333333333333,300
SQUIDPY_MERFISH,learned_permuted_prior,Endothelial 1,0.7421052631578947,0.94,0.8294117647058823,300
SQUIDPY_MERFISH,learned_permuted_prior,Endothelial 2,0.93048128342246,0.58,0.7145790554414784,300
SQUIDPY_MERFISH,learned_permuted_prior,Endothelial 3,0.8850574712643678,0.77,0.823529411764706,300
SQUIDPY_MERFISH,learned_permuted_prior,Ependymal,0.9576547231270358,0.98,0.9686985172981878,300
SQUIDPY_MERFISH,learned_permuted_prior,Excitatory,0.7976539589442815,0.9066666666666666,0.8486739469578783,300
SQUIDPY_MERFISH,learned_permuted_prior,Inhibitory,0.7253333333333334,0.9066666666666666,0.8059259259259258,300
SQUIDPY_MERFISH,learned_permuted_prior,Microglia,0.8548387096774194,0.8833333333333333,0.8688524590163934,300
SQUIDPY_MERFISH,learned_permuted_prior,OD Immature 1,0.9688715953307393,0.83,0.8940754039497307,300
SQUIDPY_MERFISH,learned_permuted_prior,OD Immature 2,0.8378378378378378,0.34065934065934067,0.48437500000000006,91
SQUIDPY_MERFISH,learned_permuted_prior,OD Mature 1,0.7355371900826446,0.2966666666666667,0.4228028503562946,300
SQUIDPY_MERFISH,learned_permuted_prior,OD Mature 2,0.5333333333333333,0.72,0.6127659574468085,300
SQUIDPY_MERFISH,learned_permuted_prior,OD Mature 3,0.24161073825503357,0.9230769230769231,0.3829787234042553,39
SQUIDPY_MERFISH,learned_permuted_prior,OD Mature 4,0.8363636363636363,0.7666666666666667,0.8,300
SQUIDPY_MERFISH,learned_permuted_prior,Pericytes,0.94,0.7833333333333333,0.8545454545454546,300
SQUIDPY_MERFISH,learned_random_graph,Astrocyte,0.7659574468085106,0.96,0.8520710059171598,300
SQUIDPY_MERFISH,learned_random_graph,Endothelial 1,0.7480106100795756,0.94,0.8330871491875923,300
SQUIDPY_MERFISH,learned_random_graph,Endothelial 2,0.9293478260869565,0.57,0.7066115702479339,300
SQUIDPY_MERFISH,learned_random_graph,Endothelial 3,0.8859315589353612,0.7766666666666666,0.827708703374778,300
SQUIDPY_MERFISH,learned_random_graph,Ependymal,0.9545454545454546,0.98,0.9671052631578947,300
SQUIDPY_MERFISH,learned_random_graph,Excitatory,0.793002915451895,0.9066666666666666,0.8460342146189735,300
SQUIDPY_MERFISH,learned_random_graph,Inhibitory,0.7331536388140162,0.9066666666666666,0.8107302533532041,300
SQUIDPY_MERFISH,learned_random_graph,Microglia,0.8520900321543409,0.8833333333333333,0.867430441898527,300
SQUIDPY_MERFISH,learned_random_graph,OD Immature 1,0.9689922480620154,0.8333333333333334,0.8960573476702509,300
SQUIDPY_MERFISH,learned_random_graph,OD Immature 2,0.8378378378378378,0.34065934065934067,0.48437500000000006,91
SQUIDPY_MERFISH,learned_random_graph,OD Mature 1,0.7452830188679245,0.2633333333333333,0.38916256157635465,300
SQUIDPY_MERFISH,learned_random_graph,OD Mature 2,0.5190476190476191,0.7266666666666667,0.6055555555555556,300
SQUIDPY_MERFISH,learned_random_graph,OD Mature 3,0.22641509433962265,0.9230769230769231,0.36363636363636365,39
SQUIDPY_MERFISH,learned_random_graph,OD Mature 4,0.849624060150376,0.7533333333333333,0.7985865724381626,300
SQUIDPY_MERFISH,learned_random_graph,Pericytes,0.9362549800796812,0.7833333333333333,0.8529945553539019,300
SQUIDPY_MERFISH,marker_context_specific_neighborhood,Astrocyte,0.7700534759358288,0.96,0.8545994065281898,300
SQUIDPY_MERFISH,marker_context_specific_neighborhood,Endothelial 1,0.7642276422764228,0.94,0.8430493273542602,300
SQUIDPY_MERFISH,marker_context_specific_neighborhood,Endothelial 2,0.9238578680203046,0.6066666666666667,0.732394366197183,300
SQUIDPY_MERFISH,marker_context_specific_neighborhood,Endothelial 3,0.8838951310861424,0.7866666666666666,0.8324514991181658,300
SQUIDPY_MERFISH,marker_context_specific_neighborhood,Ependymal,0.9516129032258065,0.9833333333333333,0.9672131147540983,300
SQUIDPY_MERFISH,marker_context_specific_neighborhood,Excitatory,0.8041543026706232,0.9033333333333333,0.8508634222919936,300
SQUIDPY_MERFISH,marker_context_specific_neighborhood,Inhibitory,0.7313829787234043,0.9166666666666666,0.8136094674556212,300
SQUIDPY_MERFISH,marker_context_specific_neighborhood,Microglia,0.8660130718954249,0.8833333333333333,0.8745874587458746,300
SQUIDPY_MERFISH,marker_context_specific_neighborhood,OD Immature 1,0.9688715953307393,0.83,0.8940754039497307,300
SQUIDPY_MERFISH,marker_context_specific_neighborhood,OD Immature 2,0.8,0.3516483516483517,0.4885496183206107,91
SQUIDPY_MERFISH,marker_context_specific_neighborhood,OD Mature 1,0.7403846153846154,0.25666666666666665,0.3811881188118812,300
SQUIDPY_MERFISH,marker_context_specific_neighborhood,OD Mature 2,0.5033557046979866,0.75,0.6024096385542169,300
SQUIDPY_MERFISH,marker_context_specific_neighborhood,OD Mature 3,0.2553191489361702,0.9230769230769231,0.4,39
SQUIDPY_MERFISH,marker_context_specific_neighborhood,OD Mature 4,0.867704280155642,0.7433333333333333,0.8007181328545782,300
SQUIDPY_MERFISH,marker_context_specific_neighborhood,Pericytes,0.9395161290322581,0.7766666666666666,0.8503649635036497,300
SQUIDPY_MERFISH,marker_learned_neighborhood,Astrocyte,0.7741935483870968,0.96,0.8571428571428571,300
SQUIDPY_MERFISH,marker_learned_neighborhood,Endothelial 1,0.7580645161290323,0.94,0.8392857142857143,300
SQUIDPY_MERFISH,marker_learned_neighborhood,Endothelial 2,0.9292929292929293,0.6133333333333333,0.7389558232931727,300
SQUIDPY_MERFISH,marker_learned_neighborhood,Endothelial 3,0.8854961832061069,0.7733333333333333,0.8256227758007118,300
SQUIDPY_MERFISH,marker_learned_neighborhood,Ependymal,0.9516129032258065,0.9833333333333333,0.9672131147540983,300
SQUIDPY_MERFISH,marker_learned_neighborhood,Excitatory,0.7970588235294118,0.9033333333333333,0.846875,300
SQUIDPY_MERFISH,marker_learned_neighborhood,Inhibitory,0.7299465240641712,0.91,0.8100890207715133,300
SQUIDPY_MERFISH,marker_learned_neighborhood,Microglia,0.868421052631579,0.88,0.8741721854304636,300
SQUIDPY_MERFISH,marker_learned_neighborhood,OD Immature 1,0.9688715953307393,0.83,0.8940754039497307,300
SQUIDPY_MERFISH,marker_learned_neighborhood,OD Immature 2,0.8205128205128205,0.3516483516483517,0.49230769230769234,91
SQUIDPY_MERFISH,marker_learned_neighborhood,OD Mature 1,0.7428571428571429,0.26,0.3851851851851852,300
SQUIDPY_MERFISH,marker_learned_neighborhood,OD Mature 2,0.5066964285714286,0.7566666666666667,0.6069518716577541,300
SQUIDPY_MERFISH,marker_learned_neighborhood,OD Mature 3,0.2706766917293233,0.9230769230769231,0.41860465116279066,39
SQUIDPY_MERFISH,marker_learned_neighborhood,OD Mature 4,0.8560606060606061,0.7533333333333333,0.801418439716312,300
SQUIDPY_MERFISH,marker_learned_neighborhood,Pericytes,0.9325396825396826,0.7833333333333333,0.8514492753623188,300
SQUIDPY_MERFISH,marker_only,Astrocyte,0.768,0.96,0.8533333333333333,300
SQUIDPY_MERFISH,marker_only,Endothelial 1,0.75,0.94,0.8343195266272189,300
SQUIDPY_MERFISH,marker_only,Endothelial 2,0.9293478260869565,0.57,0.7066115702479339,300
SQUIDPY_MERFISH,marker_only,Endothelial 3,0.8825757575757576,0.7766666666666666,0.826241134751773,300
SQUIDPY_MERFISH,marker_only,Ependymal,0.9546925566343042,0.9833333333333333,0.9688013136288998,300
SQUIDPY_MERFISH,marker_only,Excitatory,0.793002915451895,0.9066666666666666,0.8460342146189735,300
SQUIDPY_MERFISH,marker_only,Inhibitory,0.7319034852546917,0.91,0.811292719167905,300
SQUIDPY_MERFISH,marker_only,Microglia,0.8548387096774194,0.8833333333333333,0.8688524590163934,300
SQUIDPY_MERFISH,marker_only,OD Immature 1,0.9689922480620154,0.8333333333333334,0.8960573476702509,300
SQUIDPY_MERFISH,marker_only,OD Immature 2,0.8378378378378378,0.34065934065934067,0.48437500000000006,91
SQUIDPY_MERFISH,marker_only,OD Mature 1,0.7339449541284404,0.26666666666666666,0.39119804400978,300
SQUIDPY_MERFISH,marker_only,OD Mature 2,0.5093023255813953,0.73,0.6,300
SQUIDPY_MERFISH,marker_only,OD Mature 3,0.24489795918367346,0.9230769230769231,0.3870967741935484,39
SQUIDPY_MERFISH,marker_only,OD Mature 4,0.8593155893536122,0.7533333333333333,0.802841918294849,300
SQUIDPY_MERFISH,marker_only,Pericytes,0.9365079365079365,0.7866666666666666,0.8550724637681159,300
SQUIDPY_MERFISH,marker_spatial_smoothing,Astrocyte,0.7777777777777778,0.9566666666666667,0.8579970104633782,300
SQUIDPY_MERFISH,marker_spatial_smoothing,Endothelial 1,0.7833333333333333,0.94,0.8545454545454546,300
SQUIDPY_MERFISH,marker_spatial_smoothing,Endothelial 2,0.9356435643564357,0.63,0.752988047808765,300
SQUIDPY_MERFISH,marker_spatial_smoothing,Endothelial 3,0.8884758364312267,0.7966666666666666,0.8400702987697714,300
SQUIDPY_MERFISH,marker_spatial_smoothing,Ependymal,0.9487179487179487,0.9866666666666667,0.9673202614379085,300
SQUIDPY_MERFISH,marker_spatial_smoothing,Excitatory,0.7970588235294118,0.9033333333333333,0.846875,300
SQUIDPY_MERFISH,marker_spatial_smoothing,Inhibitory,0.7364130434782609,0.9033333333333333,0.8113772455089822,300
SQUIDPY_MERFISH,marker_spatial_smoothing,Microglia,0.8627450980392157,0.88,0.8712871287128714,300
SQUIDPY_MERFISH,marker_spatial_smoothing,OD Immature 1,0.9727626459143969,0.8333333333333334,0.8976660682226212,300
SQUIDPY_MERFISH,marker_spatial_smoothing,OD Immature 2,0.8,0.3956043956043956,0.5294117647058824,91
SQUIDPY_MERFISH,marker_spatial_smoothing,OD Mature 1,0.7008547008547008,0.2733333333333333,0.3932853717026379,300
SQUIDPY_MERFISH,marker_spatial_smoothing,OD Mature 2,0.5251989389920424,0.66,0.5849335302806499,300
SQUIDPY_MERFISH,marker_spatial_smoothing,OD Mature 3,0.2011173184357542,0.9230769230769231,0.3302752293577982,39
SQUIDPY_MERFISH,marker_spatial_smoothing,OD Mature 4,0.8436363636363636,0.7733333333333333,0.8069565217391305,300
SQUIDPY_MERFISH,marker_spatial_smoothing,Pericytes,0.9448818897637795,0.8,0.8664259927797834,300
SQUIDPY_MERFISH,marker_spatial_smoothing_random_graph,Astrocyte,0.7721179624664879,0.96,0.8558692421991083,300
SQUIDPY_MERFISH,marker_spatial_smoothing_random_graph,Endothelial 1,0.7833333333333333,0.94,0.8545454545454546,300
SQUIDPY_MERFISH,marker_spatial_smoothing_random_graph,Endothelial 2,0.92,0.6133333333333333,0.7360000000000001,300
SQUIDPY_MERFISH,marker_spatial_smoothing_random_graph,Endothelial 3,0.8984962406015038,0.7966666666666666,0.8445229681978799,300
SQUIDPY_MERFISH,marker_spatial_smoothing_random_graph,Ependymal,0.9483870967741935,0.98,0.9639344262295082,300
SQUIDPY_MERFISH,marker_spatial_smoothing_random_graph,Excitatory,0.8041543026706232,0.9033333333333333,0.8508634222919936,300
SQUIDPY_MERFISH,marker_spatial_smoothing_random_graph,Inhibitory,0.738544474393531,0.9133333333333333,0.8166915052160955,300
SQUIDPY_MERFISH,marker_spatial_smoothing_random_graph,Microglia,0.8439490445859873,0.8833333333333333,0.8631921824104235,300
SQUIDPY_MERFISH,marker_spatial_smoothing_random_graph,OD Immature 1,0.9768339768339769,0.8433333333333334,0.9051878354203937,300
SQUIDPY_MERFISH,marker_spatial_smoothing_random_graph,OD Immature 2,0.8085106382978723,0.4175824175824176,0.5507246376811594,91
SQUIDPY_MERFISH,marker_spatial_smoothing_random_graph,OD Mature 1,0.7322834645669292,0.31,0.43559718969555034,300
SQUIDPY_MERFISH,marker_spatial_smoothing_random_graph,OD Mature 2,0.5631868131868132,0.6833333333333333,0.6174698795180723,300
SQUIDPY_MERFISH,marker_spatial_smoothing_random_graph,OD Mature 3,0.2155688622754491,0.9230769230769231,0.3495145631067962,39
SQUIDPY_MERFISH,marker_spatial_smoothing_random_graph,OD Mature 4,0.85,0.7933333333333333,0.8206896551724138,300
SQUIDPY_MERFISH,marker_spatial_smoothing_random_graph,Pericytes,0.9372549019607843,0.7966666666666666,0.8612612612612612,300
SQUIDPY_MIBITOF,learned_permuted_prior,Endothelial,0.46543778801843316,0.8782608695652174,0.6084337349397592,115
SQUIDPY_MIBITOF,learned_permuted_prior,Epithelial,0.6369710467706013,0.9533333333333334,0.7636849132176236,300
SQUIDPY_MIBITOF,learned_permuted_prior,Fibroblast,0.5982658959537572,0.7666666666666667,0.672077922077922,270
SQUIDPY_MIBITOF,learned_permuted_prior,Imm_other,0.33636363636363636,0.24666666666666667,0.2846153846153846,300
SQUIDPY_MIBITOF,learned_permuted_prior,Myeloid_CD11c,0.3620689655172414,0.25,0.295774647887324,168
SQUIDPY_MIBITOF,learned_permuted_prior,Myeloid_CD68,0.5515873015873016,0.5366795366795367,0.5440313111545989,259
SQUIDPY_MIBITOF,learned_permuted_prior,Tcell_CD4,0.5619834710743802,0.22666666666666666,0.3230403800475059,300
SQUIDPY_MIBITOF,learned_permuted_prior,Tcell_CD8,0.6563573883161512,0.6366666666666667,0.646362098138748,300
SQUIDPY_MIBITOF,learned_random_graph,Endothelial,0.4353448275862069,0.8782608695652174,0.5821325648414986,115
SQUIDPY_MIBITOF,learned_random_graph,Epithelial,0.625,0.95,0.753968253968254,300
SQUIDPY_MIBITOF,learned_random_graph,Fibroblast,0.573170731707317,0.6962962962962963,0.6287625418060201,270
SQUIDPY_MIBITOF,learned_random_graph,Imm_other,0.31862745098039214,0.21666666666666667,0.25793650793650796,300
SQUIDPY_MIBITOF,learned_random_graph,Myeloid_CD11c,0.3333333333333333,0.2619047619047619,0.29333333333333333,168
SQUIDPY_MIBITOF,learned_random_graph,Myeloid_CD68,0.5333333333333333,0.525096525096525,0.5291828793774318,259
SQUIDPY_MIBITOF,learned_random_graph,Tcell_CD4,0.5789473684210527,0.22,0.3188405797101449,300
SQUIDPY_MIBITOF,learned_random_graph,Tcell_CD8,0.6632302405498282,0.6433333333333333,0.653130287648054,300
SQUIDPY_MIBITOF,marker_context_specific_neighborhood,Endothelial,0.4608294930875576,0.8695652173913043,0.6024096385542168,115
SQUIDPY_MIBITOF,marker_context_specific_neighborhood,Epithelial,0.6410835214446953,0.9466666666666667,0.7644683714670255,300
SQUIDPY_MIBITOF,marker_context_specific_neighborhood,Fibroblast,0.5970149253731343,0.7407407407407407,0.6611570247933883,270
SQUIDPY_MIBITOF,marker_context_specific_neighborhood,Imm_other,0.32710280373831774,0.23333333333333334,0.2723735408560311,300
SQUIDPY_MIBITOF,marker_context_specific_neighborhood,Myeloid_CD11c,0.3129251700680272,0.27380952380952384,0.2920634920634921,168
SQUIDPY_MIBITOF,marker_context_specific_neighborhood,Myeloid_CD68,0.5378151260504201,0.4942084942084942,0.5150905432595574,259
SQUIDPY_MIBITOF,marker_context_specific_neighborhood,Tcell_CD4,0.5877192982456141,0.22333333333333333,0.32367149758454106,300
SQUIDPY_MIBITOF,marker_context_specific_neighborhood,Tcell_CD8,0.6578947368421053,0.6666666666666666,0.6622516556291391,300
SQUIDPY_MIBITOF,marker_learned_neighborhood,Endothelial,0.4647887323943662,0.8608695652173913,0.6036585365853658,115
SQUIDPY_MIBITOF,marker_learned_neighborhood,Epithelial,0.6333333333333333,0.95,0.7599999999999999,300
SQUIDPY_MIBITOF,marker_learned_neighborhood,Fibroblast,0.5878962536023055,0.7555555555555555,0.6612641815235007,270
SQUIDPY_MIBITOF,marker_learned_neighborhood,Imm_other,0.3116279069767442,0.22333333333333333,0.26019417475728157,300
SQUIDPY_MIBITOF,marker_learned_neighborhood,Myeloid_CD11c,0.3233082706766917,0.25595238095238093,0.2857142857142857,168
SQUIDPY_MIBITOF,marker_learned_neighborhood,Myeloid_CD68,0.5413223140495868,0.5057915057915058,0.5229540918163673,259
SQUIDPY_MIBITOF,marker_learned_neighborhood,Tcell_CD4,0.5964912280701754,0.22666666666666666,0.32850241545893716,300
SQUIDPY_MIBITOF,marker_learned_neighborhood,Tcell_CD8,0.6677852348993288,0.6633333333333333,0.6655518394648828,300
SQUIDPY_MIBITOF,marker_only,Endothelial,0.45495495495495497,0.8782608695652174,0.599406528189911,115
SQUIDPY_MIBITOF,marker_only,Epithelial,0.6492027334851936,0.95,0.7713125845737483,300
SQUIDPY_MIBITOF,marker_only,Fibroblast,0.5850746268656717,0.725925925925926,0.6479338842975206,270
SQUIDPY_MIBITOF,marker_only,Imm_other,0.33636363636363636,0.24666666666666667,0.2846153846153846,300
SQUIDPY_MIBITOF,marker_only,Myeloid_CD11c,0.352,0.2619047619047619,0.3003412969283276,168
SQUIDPY_MIBITOF,marker_only,Myeloid_CD68,0.5426356589147286,0.5405405405405406,0.5415860735009672,259
SQUIDPY_MIBITOF,marker_only,Tcell_CD4,0.591304347826087,0.22666666666666666,0.32771084337349393,300
SQUIDPY_MIBITOF,marker_only,Tcell_CD8,0.6644295302013423,0.66,0.6622073578595319,300
SQUIDPY_MIBITOF,marker_spatial_smoothing,Endothelial,0.4590909090909091,0.8782608695652174,0.6029850746268657,115
SQUIDPY_MIBITOF,marker_spatial_smoothing,Epithelial,0.6382022471910113,0.9466666666666667,0.7624161073825504,300
SQUIDPY_MIBITOF,marker_spatial_smoothing,Fibroblast,0.6023738872403561,0.7518518518518519,0.6688632619439869,270
SQUIDPY_MIBITOF,marker_spatial_smoothing,Imm_other,0.3246753246753247,0.25,0.2824858757062147,300
SQUIDPY_MIBITOF,marker_spatial_smoothing,Myeloid_CD11c,0.31386861313868614,0.25595238095238093,0.28196721311475414,168
SQUIDPY_MIBITOF,marker_spatial_smoothing,Myeloid_CD68,0.5308641975308642,0.4980694980694981,0.5139442231075697,259
SQUIDPY_MIBITOF,marker_spatial_smoothing,Tcell_CD4,0.592,0.24666666666666667,0.34823529411764703,300
SQUIDPY_MIBITOF,marker_spatial_smoothing,Tcell_CD8,0.6897810218978102,0.63,0.6585365853658537,300
SQUIDPY_MIBITOF,marker_spatial_smoothing_random_graph,Endothelial,0.4469026548672566,0.8782608695652174,0.592375366568915,115
SQUIDPY_MIBITOF,marker_spatial_smoothing_random_graph,Epithelial,0.6936708860759494,0.9133333333333333,0.7884892086330936,300
SQUIDPY_MIBITOF,marker_spatial_smoothing_random_graph,Fibroblast,0.6072507552870091,0.7444444444444445,0.6688851913477538,270
SQUIDPY_MIBITOF,marker_spatial_smoothing_random_graph,Imm_other,0.3157894736842105,0.26,0.28519195612431447,300
SQUIDPY_MIBITOF,marker_spatial_smoothing_random_graph,Myeloid_CD11c,0.3146853146853147,0.26785714285714285,0.28938906752411575,168
SQUIDPY_MIBITOF,marker_spatial_smoothing_random_graph,Myeloid_CD68,0.5177865612648221,0.5057915057915058,0.51171875,259
SQUIDPY_MIBITOF,marker_spatial_smoothing_random_graph,Tcell_CD4,0.6071428571428571,0.2833333333333333,0.3863636363636363,300
SQUIDPY_MIBITOF,marker_spatial_smoothing_random_graph,Tcell_CD8,0.6823104693140795,0.63,0.6551126516464472,300
SQUIDPY_SEQFISH,learned_permuted_prior,Allantois,0.1919191919191919,0.24675324675324675,0.21590909090909088,77
SQUIDPY_SEQFISH,learned_permuted_prior,Anterior somitic tissues,0.27586206896551724,0.2857142857142857,0.28070175438596495,112
SQUIDPY_SEQFISH,learned_permuted_prior,Cardiomyocytes,0.8621700879765396,0.98,0.9173166926677067,300
SQUIDPY_SEQFISH,learned_permuted_prior,Cranial mesoderm,0.7823343848580442,0.8266666666666667,0.8038897893030794,300
SQUIDPY_SEQFISH,learned_permuted_prior,Definitive endoderm,0.7279693486590039,0.892018779342723,0.8016877637130803,213
SQUIDPY_SEQFISH,learned_permuted_prior,Dermomyotome,0.412568306010929,0.5033333333333333,0.45345345345345345,300
SQUIDPY_SEQFISH,learned_permuted_prior,Endothelium,0.6258503401360545,0.6133333333333333,0.6195286195286195,300
SQUIDPY_SEQFISH,learned_permuted_prior,Erythroid,0.8214285714285714,0.9966666666666667,0.9006024096385542,300
SQUIDPY_SEQFISH,learned_permuted_prior,Forebrain/Midbrain/Hindbrain,0.7807807807807807,0.8666666666666667,0.8214849921011058,300
SQUIDPY_SEQFISH,learned_permuted_prior,Gut tube,0.8020477815699659,0.7833333333333333,0.7925801011804384,300
SQUIDPY_SEQFISH,learned_permuted_prior,Haematoendothelial progenitors,0.5019011406844106,0.44,0.46891651865008876,300
SQUIDPY_SEQFISH,learned_permuted_prior,Intermediate mesoderm,0.43859649122807015,0.25,0.3184713375796178,300
SQUIDPY_SEQFISH,learned_permuted_prior,Lateral plate mesoderm,0.5509138381201044,0.7033333333333334,0.6178623718887262,300
SQUIDPY_SEQFISH,learned_permuted_prior,Mixed mesenchymal mesoderm,0.7674418604651163,0.66,0.7096774193548386,300
SQUIDPY_SEQFISH,learned_permuted_prior,NMP,0.17054263565891473,0.2018348623853211,0.18487394957983194,109
SQUIDPY_SEQFISH,learned_permuted_prior,Neural crest,0.8664122137404581,0.7566666666666667,0.807829181494662,300
SQUIDPY_SEQFISH,learned_permuted_prior,Presomitic mesoderm,0.6052631578947368,0.38333333333333336,0.4693877551020408,300
SQUIDPY_SEQFISH,learned_permuted_prior,Sclerotome,0.1978021978021978,0.46153846153846156,0.27692307692307694,78
SQUIDPY_SEQFISH,learned_permuted_prior,Spinal cord,0.5560975609756098,0.38,0.4514851485148515,300
SQUIDPY_SEQFISH,learned_permuted_prior,Splanchnic mesoderm,0.7887788778877888,0.7966666666666666,0.7927031509121061,300
SQUIDPY_SEQFISH,learned_permuted_prior,Surface ectoderm,0.8803088803088803,0.76,0.815742397137746,300
SQUIDPY_SEQFISH,learned_random_graph,Allantois,0.1941747572815534,0.2597402597402597,0.2222222222222222,77
SQUIDPY_SEQFISH,learned_random_graph,Anterior somitic tissues,0.2807017543859649,0.2857142857142857,0.2831858407079646,112
SQUIDPY_SEQFISH,learned_random_graph,Cardiomyocytes,0.8724035608308606,0.98,0.9230769230769231,300
SQUIDPY_SEQFISH,learned_random_graph,Cranial mesoderm,0.7823343848580442,0.8266666666666667,0.8038897893030794,300
SQUIDPY_SEQFISH,learned_random_graph,Definitive endoderm,0.7180451127819549,0.8967136150234741,0.7974947807933195,213
SQUIDPY_SEQFISH,learned_random_graph,Dermomyotome,0.40700808625336926,0.5033333333333333,0.45007451564828616,300
SQUIDPY_SEQFISH,learned_random_graph,Endothelium,0.6279863481228669,0.6133333333333333,0.6205733558178752,300
SQUIDPY_SEQFISH,learned_random_graph,Erythroid,0.8470254957507082,0.9966666666666667,0.9157733537519142,300
SQUIDPY_SEQFISH,learned_random_graph,Forebrain/Midbrain/Hindbrain,0.7810650887573964,0.88,0.8275862068965518,300
SQUIDPY_SEQFISH,learned_random_graph,Gut tube,0.8063380281690141,0.7633333333333333,0.7842465753424657,300
SQUIDPY_SEQFISH,learned_random_graph,Haematoendothelial progenitors,0.5077519379844961,0.43666666666666665,0.46953405017921146,300
SQUIDPY_SEQFISH,learned_random_graph,Intermediate mesoderm,0.43352601156069365,0.25,0.31712473572938693,300
SQUIDPY_SEQFISH,learned_random_graph,Lateral plate mesoderm,0.5396419437340153,0.7033333333333334,0.6107091172214183,300
SQUIDPY_SEQFISH,learned_random_graph,Mixed mesenchymal mesoderm,0.7537878787878788,0.6633333333333333,0.7056737588652482,300
SQUIDPY_SEQFISH,learned_random_graph,NMP,0.17557251908396945,0.21100917431192662,0.19166666666666665,109
SQUIDPY_SEQFISH,learned_random_graph,Neural crest,0.8664122137404581,0.7566666666666667,0.807829181494662,300
SQUIDPY_SEQFISH,learned_random_graph,Presomitic mesoderm,0.59375,0.38,0.46341463414634143,300
SQUIDPY_SEQFISH,learned_random_graph,Sclerotome,0.19672131147540983,0.46153846153846156,0.27586206896551724,78
SQUIDPY_SEQFISH,learned_random_graph,Spinal cord,0.5577889447236181,0.37,0.44488977955911824,300
SQUIDPY_SEQFISH,learned_random_graph,Splanchnic mesoderm,0.7940199335548173,0.7966666666666666,0.7953410981697171,300
SQUIDPY_SEQFISH,learned_random_graph,Surface ectoderm,0.888030888030888,0.7666666666666667,0.8228980322003578,300
SQUIDPY_SEQFISH,marker_context_specific_neighborhood,Allantois,0.20588235294117646,0.2727272727272727,0.2346368715083799,77
SQUIDPY_SEQFISH,marker_context_specific_neighborhood,Anterior somitic tissues,0.29464285714285715,0.29464285714285715,0.29464285714285715,112
SQUIDPY_SEQFISH,marker_context_specific_neighborhood,Cardiomyocytes,0.8724035608308606,0.98,0.9230769230769231,300
SQUIDPY_SEQFISH,marker_context_specific_neighborhood,Cranial mesoderm,0.778125,0.83,0.8032258064516129,300
SQUIDPY_SEQFISH,marker_context_specific_neighborhood,Definitive endoderm,0.7164179104477612,0.9014084507042254,0.7983367983367983,213
SQUIDPY_SEQFISH,marker_context_specific_neighborhood,Dermomyotome,0.41208791208791207,0.5,0.45180722891566266,300
SQUIDPY_SEQFISH,marker_context_specific_neighborhood,Endothelium,0.6133333333333333,0.6133333333333333,0.6133333333333333,300
SQUIDPY_SEQFISH,marker_context_specific_neighborhood,Erythroid,0.8422535211267606,0.9966666666666667,0.9129770992366412,300
SQUIDPY_SEQFISH,marker_context_specific_neighborhood,Forebrain/Midbrain/Hindbrain,0.7761194029850746,0.8666666666666667,0.8188976377952756,300
SQUIDPY_SEQFISH,marker_context_specific_neighborhood,Gut tube,0.8028169014084507,0.76,0.7808219178082192,300
SQUIDPY_SEQFISH,marker_context_specific_neighborhood,Haematoendothelial progenitors,0.4940239043824701,0.41333333333333333,0.4500907441016334,300
SQUIDPY_SEQFISH,marker_context_specific_neighborhood,Intermediate mesoderm,0.4431137724550898,0.24666666666666667,0.3169164882226981,300
SQUIDPY_SEQFISH,marker_context_specific_neighborhood,Lateral plate mesoderm,0.5475578406169666,0.71,0.6182873730043541,300
SQUIDPY_SEQFISH,marker_context_specific_neighborhood,Mixed mesenchymal mesoderm,0.7727272727272727,0.68,0.7234042553191491,300
SQUIDPY_SEQFISH,marker_context_specific_neighborhood,NMP,0.17164179104477612,0.21100917431192662,0.18930041152263374,109
SQUIDPY_SEQFISH,marker_context_specific_neighborhood,Neural crest,0.8702290076335878,0.76,0.8113879003558718,300
SQUIDPY_SEQFISH,marker_context_specific_neighborhood,Presomitic mesoderm,0.5939086294416244,0.39,0.4708249496981891,300
SQUIDPY_SEQFISH,marker_context_specific_neighborhood,Sclerotome,0.193717277486911,0.47435897435897434,0.275092936802974,78
SQUIDPY_SEQFISH,marker_context_specific_neighborhood,Spinal cord,0.5757575757575758,0.38,0.45783132530120485,300
SQUIDPY_SEQFISH,marker_context_specific_neighborhood,Splanchnic mesoderm,0.8093645484949833,0.8066666666666666,0.8080133555926545,300
SQUIDPY_SEQFISH,marker_context_specific_neighborhood,Surface ectoderm,0.8807692307692307,0.7633333333333333,0.8178571428571428,300
SQUIDPY_SEQFISH,marker_learned_neighborhood,Allantois,0.20388349514563106,0.2727272727272727,0.2333333333333333,77
SQUIDPY_SEQFISH,marker_learned_neighborhood,Anterior somitic tissues,0.28,0.25,0.2641509433962264,112
SQUIDPY_SEQFISH,marker_learned_neighborhood,Cardiomyocytes,0.8579710144927536,0.9866666666666667,0.9178294573643411,300
SQUIDPY_SEQFISH,marker_learned_neighborhood,Cranial mesoderm,0.7896440129449838,0.8133333333333334,0.8013136288998357,300
SQUIDPY_SEQFISH,marker_learned_neighborhood,Definitive endoderm,0.7283018867924528,0.9061032863849765,0.807531380753138,213
SQUIDPY_SEQFISH,marker_learned_neighborhood,Dermomyotome,0.4473684210526316,0.51,0.4766355140186916,300
SQUIDPY_SEQFISH,marker_learned_neighborhood,Endothelium,0.6305220883534136,0.5233333333333333,0.5719489981785063,300
SQUIDPY_SEQFISH,marker_learned_neighborhood,Erythroid,0.9033232628398792,0.9966666666666667,0.94770206022187,300
SQUIDPY_SEQFISH,marker_learned_neighborhood,Forebrain/Midbrain/Hindbrain,0.7739130434782608,0.89,0.8279069767441859,300
SQUIDPY_SEQFISH,marker_learned_neighborhood,Gut tube,0.8478260869565217,0.78,0.8125,300
SQUIDPY_SEQFISH,marker_learned_neighborhood,Haematoendothelial progenitors,0.4742268041237113,0.46,0.46700507614213194,300
SQUIDPY_SEQFISH,marker_learned_neighborhood,Intermediate mesoderm,0.4431137724550898,0.24666666666666667,0.3169164882226981,300
SQUIDPY_SEQFISH,marker_learned_neighborhood,Lateral plate mesoderm,0.5546875,0.71,0.6228070175438596,300
SQUIDPY_SEQFISH,marker_learned_neighborhood,Mixed mesenchymal mesoderm,0.765625,0.6533333333333333,0.7050359712230216,300
SQUIDPY_SEQFISH,marker_learned_neighborhood,NMP,0.1793103448275862,0.23853211009174313,0.20472440944881887,109
SQUIDPY_SEQFISH,marker_learned_neighborhood,Neural crest,0.8639705882352942,0.7833333333333333,0.8216783216783216,300
SQUIDPY_SEQFISH,marker_learned_neighborhood,Presomitic mesoderm,0.6470588235294118,0.5133333333333333,0.5724907063197026,300
SQUIDPY_SEQFISH,marker_learned_neighborhood,Sclerotome,0.19047619047619047,0.5128205128205128,0.27777777777777773,78
SQUIDPY_SEQFISH,marker_learned_neighborhood,Spinal cord,0.558974358974359,0.36333333333333334,0.44040404040404046,300
SQUIDPY_SEQFISH,marker_learned_neighborhood,Splanchnic mesoderm,0.8141891891891891,0.8033333333333333,0.8087248322147651,300
SQUIDPY_SEQFISH,marker_learned_neighborhood,Surface ectoderm,0.8740740740740741,0.7866666666666666,0.8280701754385965,300
SQUIDPY_SEQFISH,marker_only,Allantois,0.19,0.24675324675324675,0.21468926553672313,77
SQUIDPY_SEQFISH,marker_only,Anterior somitic tissues,0.2782608695652174,0.2857142857142857,0.2819383259911894,112
SQUIDPY_SEQFISH,marker_only,Cardiomyocytes,0.874251497005988,0.9733333333333334,0.9211356466876972,300
SQUIDPY_SEQFISH,marker_only,Cranial mesoderm,0.779874213836478,0.8266666666666667,0.8025889967637541,300
SQUIDPY_SEQFISH,marker_only,Definitive endoderm,0.7153558052434457,0.8967136150234741,0.7958333333333332,213
SQUIDPY_SEQFISH,marker_only,Dermomyotome,0.40700808625336926,0.5033333333333333,0.45007451564828616,300
SQUIDPY_SEQFISH,marker_only,Endothelium,0.6241610738255033,0.62,0.6220735785953178,300
SQUIDPY_SEQFISH,marker_only,Erythroid,0.8191780821917808,0.9966666666666667,0.899248120300752,300
SQUIDPY_SEQFISH,marker_only,Forebrain/Midbrain/Hindbrain,0.7777777777777778,0.8633333333333333,0.8183254344391786,300
SQUIDPY_SEQFISH,marker_only,Gut tube,0.8013937282229965,0.7666666666666667,0.7836456558773425,300
SQUIDPY_SEQFISH,marker_only,Haematoendothelial progenitors,0.5058365758754864,0.43333333333333335,0.466786355475763,300
SQUIDPY_SEQFISH,marker_only,Intermediate mesoderm,0.43352601156069365,0.25,0.31712473572938693,300
SQUIDPY_SEQFISH,marker_only,Lateral plate mesoderm,0.5424164524421594,0.7033333333333334,0.6124818577648767,300
SQUIDPY_SEQFISH,marker_only,Mixed mesenchymal mesoderm,0.7680608365019012,0.6733333333333333,0.7175843694493783,300
SQUIDPY_SEQFISH,marker_only,NMP,0.17557251908396945,0.21100917431192662,0.19166666666666665,109
SQUIDPY_SEQFISH,marker_only,Neural crest,0.8659003831417624,0.7533333333333333,0.805704099821747,300
SQUIDPY_SEQFISH,marker_only,Presomitic mesoderm,0.5901639344262295,0.36,0.4472049689440994,300
SQUIDPY_SEQFISH,marker_only,Sclerotome,0.19889502762430938,0.46153846153846156,0.277992277992278,78
SQUIDPY_SEQFISH,marker_only,Spinal cord,0.55,0.36666666666666664,0.43999999999999995,300
SQUIDPY_SEQFISH,marker_only,Splanchnic mesoderm,0.7887788778877888,0.7966666666666666,0.7927031509121061,300
SQUIDPY_SEQFISH,marker_only,Surface ectoderm,0.8807692307692307,0.7633333333333333,0.8178571428571428,300
SQUIDPY_SEQFISH,marker_spatial_smoothing,Allantois,0.20388349514563106,0.2727272727272727,0.2333333333333333,77
SQUIDPY_SEQFISH,marker_spatial_smoothing,Anterior somitic tissues,0.2905982905982906,0.30357142857142855,0.29694323144104806,112
SQUIDPY_SEQFISH,marker_spatial_smoothing,Cardiomyocytes,0.8828828828828829,0.98,0.9289099526066351,300
SQUIDPY_SEQFISH,marker_spatial_smoothing,Cranial mesoderm,0.7823343848580442,0.8266666666666667,0.8038897893030794,300
SQUIDPY_SEQFISH,marker_spatial_smoothing,Definitive endoderm,0.7028985507246377,0.9107981220657277,0.7934560327198364,213
SQUIDPY_SEQFISH,marker_spatial_smoothing,Dermomyotome,0.41509433962264153,0.5133333333333333,0.45901639344262296,300
SQUIDPY_SEQFISH,marker_spatial_smoothing,Endothelium,0.6220735785953178,0.62,0.6210350584307178,300
SQUIDPY_SEQFISH,marker_spatial_smoothing,Erythroid,0.8470254957507082,0.9966666666666667,0.9157733537519142,300
SQUIDPY_SEQFISH,marker_spatial_smoothing,Forebrain/Midbrain/Hindbrain,0.781437125748503,0.87,0.8233438485804416,300
SQUIDPY_SEQFISH,marker_spatial_smoothing,Gut tube,0.8091872791519434,0.7633333333333333,0.7855917667238422,300
SQUIDPY_SEQFISH,marker_spatial_smoothing,Haematoendothelial progenitors,0.5,0.42333333333333334,0.4584837545126354,300
SQUIDPY_SEQFISH,marker_spatial_smoothing,Intermediate mesoderm,0.45614035087719296,0.26,0.33121019108280253,300
SQUIDPY_SEQFISH,marker_spatial_smoothing,Lateral plate mesoderm,0.539440203562341,0.7066666666666667,0.6118326118326118,300
SQUIDPY_SEQFISH,marker_spatial_smoothing,Mixed mesenchymal mesoderm,0.77431906614786,0.6633333333333333,0.7145421903052064,300
SQUIDPY_SEQFISH,marker_spatial_smoothing,NMP,0.18548387096774194,0.21100917431192662,0.19742489270386265,109
SQUIDPY_SEQFISH,marker_spatial_smoothing,Neural crest,0.8566176470588235,0.7766666666666666,0.8146853146853145,300
SQUIDPY_SEQFISH,marker_spatial_smoothing,Presomitic mesoderm,0.6134020618556701,0.39666666666666667,0.4817813765182186,300
SQUIDPY_SEQFISH,marker_spatial_smoothing,Sclerotome,0.1978021978021978,0.46153846153846156,0.27692307692307694,78
SQUIDPY_SEQFISH,marker_spatial_smoothing,Spinal cord,0.5888324873096447,0.38666666666666666,0.46680080482897385,300
SQUIDPY_SEQFISH,marker_spatial_smoothing,Splanchnic mesoderm,0.7993421052631579,0.81,0.8046357615894039,300
SQUIDPY_SEQFISH,marker_spatial_smoothing,Surface ectoderm,0.8941176470588236,0.76,0.8216216216216216,300
SQUIDPY_SEQFISH,marker_spatial_smoothing_random_graph,Allantois,0.2079207920792079,0.2727272727272727,0.23595505617977527,77
SQUIDPY_SEQFISH,marker_spatial_smoothing_random_graph,Anterior somitic tissues,0.2916666666666667,0.3125,0.3017241379310345,112
SQUIDPY_SEQFISH,marker_spatial_smoothing_random_graph,Cardiomyocytes,0.8828828828828829,0.98,0.9289099526066351,300
SQUIDPY_SEQFISH,marker_spatial_smoothing_random_graph,Cranial mesoderm,0.779874213836478,0.8266666666666667,0.8025889967637541,300
SQUIDPY_SEQFISH,marker_spatial_smoothing_random_graph,Definitive endoderm,0.7218045112781954,0.9014084507042254,0.801670146137787,213
SQUIDPY_SEQFISH,marker_spatial_smoothing_random_graph,Dermomyotome,0.41032608695652173,0.5033333333333333,0.4520958083832335,300
SQUIDPY_SEQFISH,marker_spatial_smoothing_random_graph,Endothelium,0.6258278145695364,0.63,0.627906976744186,300
SQUIDPY_SEQFISH,marker_spatial_smoothing_random_graph,Erythroid,0.8214285714285714,0.9966666666666667,0.9006024096385542,300
SQUIDPY_SEQFISH,marker_spatial_smoothing_random_graph,Forebrain/Midbrain/Hindbrain,0.7580174927113703,0.8666666666666667,0.8087091757387248,300
SQUIDPY_SEQFISH,marker_spatial_smoothing_random_graph,Gut tube,0.8098591549295775,0.7666666666666667,0.7876712328767124,300
SQUIDPY_SEQFISH,marker_spatial_smoothing_random_graph,Haematoendothelial progenitors,0.5020242914979757,0.41333333333333333,0.453382084095064,300
SQUIDPY_SEQFISH,marker_spatial_smoothing_random_graph,Intermediate mesoderm,0.4419889502762431,0.26666666666666666,0.33264033264033266,300
SQUIDPY_SEQFISH,marker_spatial_smoothing_random_graph,Lateral plate mesoderm,0.5428571428571428,0.6966666666666667,0.6102189781021897,300
SQUIDPY_SEQFISH,marker_spatial_smoothing_random_graph,Mixed mesenchymal mesoderm,0.7598425196850394,0.6433333333333333,0.6967509025270758,300
SQUIDPY_SEQFISH,marker_spatial_smoothing_random_graph,NMP,0.1796875,0.21100917431192662,0.1940928270042194,109
SQUIDPY_SEQFISH,marker_spatial_smoothing_random_graph,Neural crest,0.8566037735849057,0.7566666666666667,0.8035398230088495,300
SQUIDPY_SEQFISH,marker_spatial_smoothing_random_graph,Presomitic mesoderm,0.5978835978835979,0.37666666666666665,0.46216768916155415,300
SQUIDPY_SEQFISH,marker_spatial_smoothing_random_graph,Sclerotome,0.1977401129943503,0.44871794871794873,0.27450980392156865,78
SQUIDPY_SEQFISH,marker_spatial_smoothing_random_graph,Spinal cord,0.5663265306122449,0.37,0.44758064516129037,300
SQUIDPY_SEQFISH,marker_spatial_smoothing_random_graph,Splanchnic mesoderm,0.7667731629392971,0.8,0.7830342577487764,300
SQUIDPY_SEQFISH,marker_spatial_smoothing_random_graph,Surface ectoderm,0.8941176470588236,0.76,0.8216216216216216,300
SQUIDPY_SLIDESEQV2,learned_permuted_prior,Astrocytes,0.37280701754385964,0.425,0.39719626168224303,200
SQUIDPY_SLIDESEQV2,learned_permuted_prior,CA1_CA2_CA3_Subiculum,0.42857142857142855,0.33,0.3728813559322034,200
SQUIDPY_SLIDESEQV2,learned_permuted_prior,DentatePyramids,0.28484848484848485,0.235,0.2575342465753425,200
SQUIDPY_SLIDESEQV2,learned_permuted_prior,Endothelial_Stalk,0.3082706766917293,0.205,0.2462462462462462,200
SQUIDPY_SLIDESEQV2,learned_permuted_prior,Endothelial_Tip,0.37305699481865284,0.36,0.366412213740458,200
SQUIDPY_SLIDESEQV2,learned_permuted_prior,Ependymal,0.5119047619047619,0.645,0.5707964601769911,200
SQUIDPY_SLIDESEQV2,learned_permuted_prior,Interneurons,0.3678571428571429,0.515,0.4291666666666667,200
SQUIDPY_SLIDESEQV2,learned_permuted_prior,Microglia,0.5471698113207547,0.435,0.48467966573816157,200
SQUIDPY_SLIDESEQV2,learned_permuted_prior,Mural,0.28,0.175,0.2153846153846154,200
SQUIDPY_SLIDESEQV2,learned_permuted_prior,Neurogenesis,0.2866666666666667,0.215,0.24571428571428572,200
SQUIDPY_SLIDESEQV2,learned_permuted_prior,Oligodendrocytes,0.46684350132625996,0.88,0.6100519930675911,200
SQUIDPY_SLIDESEQV2,learned_permuted_prior,Polydendrocytes,0.3851851851851852,0.26,0.31044776119402984,200
SQUIDPY_SLIDESEQV2,learned_permuted_prior,Subiculum_Entorhinal_cl2,0.4067796610169492,0.48,0.44036697247706424,200
SQUIDPY_SLIDESEQV2,learned_permuted_prior,Subiculum_Entorhinal_cl3,0.3568075117370892,0.38,0.36803874092009686,200
SQUIDPY_SLIDESEQV2,learned_random_graph,Astrocytes,0.3799126637554585,0.435,0.4055944055944056,200
SQUIDPY_SLIDESEQV2,learned_random_graph,CA1_CA2_CA3_Subiculum,0.436241610738255,0.325,0.3724928366762178,200
SQUIDPY_SLIDESEQV2,learned_random_graph,DentatePyramids,0.28125,0.225,0.25,200
SQUIDPY_SLIDESEQV2,learned_random_graph,Endothelial_Stalk,0.3014705882352941,0.205,0.244047619047619,200
SQUIDPY_SLIDESEQV2,learned_random_graph,Endothelial_Tip,0.36363636363636365,0.36,0.36180904522613067,200
SQUIDPY_SLIDESEQV2,learned_random_graph,Ependymal,0.5058823529411764,0.645,0.5670329670329671,200
SQUIDPY_SLIDESEQV2,learned_random_graph,Interneurons,0.3626760563380282,0.515,0.4256198347107439,200
SQUIDPY_SLIDESEQV2,learned_random_graph,Microglia,0.55,0.44,0.48888888888888893,200
SQUIDPY_SLIDESEQV2,learned_random_graph,Mural,0.28225806451612906,0.175,0.2160493827160494,200
SQUIDPY_SLIDESEQV2,learned_random_graph,Neurogenesis,0.29333333333333333,0.22,0.25142857142857145,200
SQUIDPY_SLIDESEQV2,learned_random_graph,Oligodendrocytes,0.46437994722955145,0.88,0.6079447322970639,200
SQUIDPY_SLIDESEQV2,learned_random_graph,Polydendrocytes,0.375,0.24,0.2926829268292683,200
SQUIDPY_SLIDESEQV2,learned_random_graph,Subiculum_Entorhinal_cl2,0.4050632911392405,0.48,0.4393592677345538,200
SQUIDPY_SLIDESEQV2,learned_random_graph,Subiculum_Entorhinal_cl3,0.36492890995260663,0.385,0.3746958637469586,200
SQUIDPY_SLIDESEQV2,marker_context_specific_neighborhood,Astrocytes,0.3783783783783784,0.42,0.3981042654028436,200
SQUIDPY_SLIDESEQV2,marker_context_specific_neighborhood,CA1_CA2_CA3_Subiculum,0.4304635761589404,0.325,0.3703703703703704,200
SQUIDPY_SLIDESEQV2,marker_context_specific_neighborhood,DentatePyramids,0.294478527607362,0.24,0.2644628099173553,200
SQUIDPY_SLIDESEQV2,marker_context_specific_neighborhood,Endothelial_Stalk,0.3208955223880597,0.215,0.25748502994011974,200
SQUIDPY_SLIDESEQV2,marker_context_specific_neighborhood,Endothelial_Tip,0.3673469387755102,0.36,0.3636363636363636,200
SQUIDPY_SLIDESEQV2,marker_context_specific_neighborhood,Ependymal,0.5267489711934157,0.64,0.5778781038374718,200
SQUIDPY_SLIDESEQV2,marker_context_specific_neighborhood,Interneurons,0.3678571428571429,0.515,0.4291666666666667,200
SQUIDPY_SLIDESEQV2,marker_context_specific_neighborhood,Microglia,0.5592105263157895,0.425,0.4829545454545455,200
SQUIDPY_SLIDESEQV2,marker_context_specific_neighborhood,Mural,0.296875,0.19,0.23170731707317072,200
SQUIDPY_SLIDESEQV2,marker_context_specific_neighborhood,Neurogenesis,0.3,0.225,0.2571428571428572,200
SQUIDPY_SLIDESEQV2,marker_context_specific_neighborhood,Oligodendrocytes,0.4540682414698163,0.865,0.5955249569707401,200
SQUIDPY_SLIDESEQV2,marker_context_specific_neighborhood,Polydendrocytes,0.37583892617449666,0.28,0.3209169054441261,200
SQUIDPY_SLIDESEQV2,marker_context_specific_neighborhood,Subiculum_Entorhinal_cl2,0.4008438818565401,0.475,0.43478260869565216,200
SQUIDPY_SLIDESEQV2,marker_context_specific_neighborhood,Subiculum_Entorhinal_cl3,0.3598130841121495,0.385,0.3719806763285024,200
SQUIDPY_SLIDESEQV2,marker_learned_neighborhood,Astrocytes,0.3788546255506608,0.43,0.4028103044496487,200
SQUIDPY_SLIDESEQV2,marker_learned_neighborhood,CA1_CA2_CA3_Subiculum,0.432258064516129,0.335,0.37746478873239436,200
SQUIDPY_SLIDESEQV2,marker_learned_neighborhood,DentatePyramids,0.2830188679245283,0.225,0.25069637883008355,200
SQUIDPY_SLIDESEQV2,marker_learned_neighborhood,Endothelial_Stalk,0.3106060606060606,0.205,0.2469879518072289,200
SQUIDPY_SLIDESEQV2,marker_learned_neighborhood,Endothelial_Tip,0.36180904522613067,0.36,0.3609022556390978,200
SQUIDPY_SLIDESEQV2,marker_learned_neighborhood,Ependymal,0.516,0.645,0.5733333333333334,200
SQUIDPY_SLIDESEQV2,marker_learned_neighborhood,Interneurons,0.3607142857142857,0.505,0.42083333333333334,200
SQUIDPY_SLIDESEQV2,marker_learned_neighborhood,Microglia,0.546583850931677,0.44,0.48753462603878117,200
SQUIDPY_SLIDESEQV2,marker_learned_neighborhood,Mural,0.2845528455284553,0.175,0.21671826625386995,200
SQUIDPY_SLIDESEQV2,marker_learned_neighborhood,Neurogenesis,0.2913907284768212,0.22,0.2507122507122507,200
SQUIDPY_SLIDESEQV2,marker_learned_neighborhood,Oligodendrocytes,0.46684350132625996,0.88,0.6100519930675911,200
SQUIDPY_SLIDESEQV2,marker_learned_neighborhood,Polydendrocytes,0.3925925925925926,0.265,0.3164179104477612,200
SQUIDPY_SLIDESEQV2,marker_learned_neighborhood,Subiculum_Entorhinal_cl2,0.401673640167364,0.48,0.43735763097949887,200
SQUIDPY_SLIDESEQV2,marker_learned_neighborhood,Subiculum_Entorhinal_cl3,0.3584905660377358,0.38,0.3689320388349514,200
SQUIDPY_SLIDESEQV2,marker_only,Astrocytes,0.3782608695652174,0.435,0.4046511627906977,200
SQUIDPY_SLIDESEQV2,marker_only,CA1_CA2_CA3_Subiculum,0.43506493506493504,0.335,0.37853107344632764,200
SQUIDPY_SLIDESEQV2,marker_only,DentatePyramids,0.27672955974842767,0.22,0.24512534818941503,200
SQUIDPY_SLIDESEQV2,marker_only,Endothelial_Stalk,0.31343283582089554,0.21,0.251497005988024,200
SQUIDPY_SLIDESEQV2,marker_only,Endothelial_Tip,0.36363636363636365,0.36,0.36180904522613067,200
SQUIDPY_SLIDESEQV2,marker_only,Ependymal,0.5182186234817814,0.64,0.5727069351230424,200
SQUIDPY_SLIDESEQV2,marker_only,Interneurons,0.3617021276595745,0.51,0.4232365145228216,200
SQUIDPY_SLIDESEQV2,marker_only,Microglia,0.5443037974683544,0.43,0.4804469273743017,200
SQUIDPY_SLIDESEQV2,marker_only,Mural,0.28225806451612906,0.175,0.2160493827160494,200
SQUIDPY_SLIDESEQV2,marker_only,Neurogenesis,0.2903225806451613,0.225,0.2535211267605634,200
SQUIDPY_SLIDESEQV2,marker_only,Oligodendrocytes,0.46684350132625996,0.88,0.6100519930675911,200
SQUIDPY_SLIDESEQV2,marker_only,Polydendrocytes,0.3851851851851852,0.26,0.31044776119402984,200
SQUIDPY_SLIDESEQV2,marker_only,Subiculum_Entorhinal_cl2,0.4067796610169492,0.48,0.44036697247706424,200
SQUIDPY_SLIDESEQV2,marker_only,Subiculum_Entorhinal_cl3,0.35545023696682465,0.375,0.36496350364963503,200
SQUIDPY_SLIDESEQV2,marker_spatial_smoothing,Astrocytes,0.37339055793991416,0.435,0.40184757505773666,200
SQUIDPY_SLIDESEQV2,marker_spatial_smoothing,CA1_CA2_CA3_Subiculum,0.43661971830985913,0.31,0.36257309941520466,200
SQUIDPY_SLIDESEQV2,marker_spatial_smoothing,DentatePyramids,0.3006134969325153,0.245,0.2699724517906336,200
SQUIDPY_SLIDESEQV2,marker_spatial_smoothing,Endothelial_Stalk,0.3007518796992481,0.2,0.24024024024024027,200
SQUIDPY_SLIDESEQV2,marker_spatial_smoothing,Endothelial_Tip,0.37948717948717947,0.37,0.37468354430379747,200
SQUIDPY_SLIDESEQV2,marker_spatial_smoothing,Ependymal,0.5019011406844106,0.66,0.5701943844492441,200
SQUIDPY_SLIDESEQV2,marker_spatial_smoothing,Interneurons,0.3597122302158273,0.5,0.41841004184100417,200
SQUIDPY_SLIDESEQV2,marker_spatial_smoothing,Microglia,0.5341614906832298,0.43,0.47645429362880887,200
SQUIDPY_SLIDESEQV2,marker_spatial_smoothing,Mural,0.2734375,0.175,0.21341463414634146,200
SQUIDPY_SLIDESEQV2,marker_spatial_smoothing,Neurogenesis,0.2894736842105263,0.22,0.25,200
SQUIDPY_SLIDESEQV2,marker_spatial_smoothing,Oligodendrocytes,0.47043010752688175,0.875,0.6118881118881119,200
SQUIDPY_SLIDESEQV2,marker_spatial_smoothing,Polydendrocytes,0.3643410852713178,0.235,0.2857142857142857,200
SQUIDPY_SLIDESEQV2,marker_spatial_smoothing,Subiculum_Entorhinal_cl2,0.4110169491525424,0.485,0.44495412844036697,200
SQUIDPY_SLIDESEQV2,marker_spatial_smoothing,Subiculum_Entorhinal_cl3,0.3674418604651163,0.395,0.3807228915662651,200
SQUIDPY_SLIDESEQV2,marker_spatial_smoothing_random_graph,Astrocytes,0.3782608695652174,0.435,0.4046511627906977,200
SQUIDPY_SLIDESEQV2,marker_spatial_smoothing_random_graph,CA1_CA2_CA3_Subiculum,0.44,0.33,0.3771428571428571,200
SQUIDPY_SLIDESEQV2,marker_spatial_smoothing_random_graph,DentatePyramids,0.2948717948717949,0.23,0.2584269662921348,200
SQUIDPY_SLIDESEQV2,marker_spatial_smoothing_random_graph,Endothelial_Stalk,0.3115942028985507,0.215,0.2544378698224852,200
SQUIDPY_SLIDESEQV2,marker_spatial_smoothing_random_graph,Endothelial_Tip,0.3697916666666667,0.355,0.3622448979591837,200
SQUIDPY_SLIDESEQV2,marker_spatial_smoothing_random_graph,Ependymal,0.5176470588235295,0.66,0.5802197802197803,200
SQUIDPY_SLIDESEQV2,marker_spatial_smoothing_random_graph,Interneurons,0.36395759717314485,0.515,0.42650103519668736,200
SQUIDPY_SLIDESEQV2,marker_spatial_smoothing_random_graph,Microglia,0.5269461077844312,0.44,0.47956403269754766,200
SQUIDPY_SLIDESEQV2,marker_spatial_smoothing_random_graph,Mural,0.2845528455284553,0.175,0.21671826625386995,200
SQUIDPY_SLIDESEQV2,marker_spatial_smoothing_random_graph,Neurogenesis,0.2913907284768212,0.22,0.2507122507122507,200
SQUIDPY_SLIDESEQV2,marker_spatial_smoothing_random_graph,Oligodendrocytes,0.47802197802197804,0.87,0.6170212765957447,200
SQUIDPY_SLIDESEQV2,marker_spatial_smoothing_random_graph,Polydendrocytes,0.36231884057971014,0.25,0.29585798816568043,200
SQUIDPY_SLIDESEQV2,marker_spatial_smoothing_random_graph,Subiculum_Entorhinal_cl2,0.401673640167364,0.48,0.43735763097949887,200
SQUIDPY_SLIDESEQV2,marker_spatial_smoothing_random_graph,Subiculum_Entorhinal_cl3,0.3598130841121495,0.385,0.3719806763285024,200
SQUIDPY_VISIUM_FLUO,learned_permuted_prior,Amygdala,0.34306569343065696,0.3263888888888889,0.33451957295373663,144
SQUIDPY_VISIUM_FLUO,learned_permuted_prior,Cortex_1,0.9329896907216495,0.6033333333333334,0.7327935222672065,300
SQUIDPY_VISIUM_FLUO,learned_permuted_prior,Cortex_2,0.7028985507246377,0.7265917602996255,0.714548802946593,267
SQUIDPY_VISIUM_FLUO,learned_permuted_prior,Cortex_3,0.8267326732673267,0.7198275862068966,0.7695852534562211,232
SQUIDPY_VISIUM_FLUO,learned_permuted_prior,Cortex_4,0.21428571428571427,0.026200873362445413,0.046692607003891044,229
SQUIDPY_VISIUM_FLUO,learned_permuted_prior,Cortex_5,0.6640625,0.46195652173913043,0.5448717948717949,184
SQUIDPY_VISIUM_FLUO,learned_permuted_prior,Dentate_gyrus,0.02127659574468085,0.02702702702702703,0.023809523809523808,37
SQUIDPY_VISIUM_FLUO,learned_permuted_prior,Fiber_tracts,0.7168458781362007,0.8163265306122449,0.7633587786259541,245
SQUIDPY_VISIUM_FLUO,learned_permuted_prior,Hippocampus,0.49873417721518987,0.7606177606177607,0.6024464831804281,259
SQUIDPY_VISIUM_FLUO,learned_permuted_prior,Hypothalamus_1,0.6538461538461539,0.22869955156950672,0.3388704318936877,223
SQUIDPY_VISIUM_FLUO,learned_permuted_prior,Hypothalamus_2,0.5537974683544303,0.9776536312849162,0.707070707070707,179
SQUIDPY_VISIUM_FLUO,learned_permuted_prior,Lateral_ventricle,0.3191489361702128,0.9574468085106383,0.4787234042553192,47
SQUIDPY_VISIUM_FLUO,learned_permuted_prior,Striatum,0.5113636363636364,0.6,0.5521472392638037,75
SQUIDPY_VISIUM_FLUO,learned_permuted_prior,Thalamus_1,0.7470238095238095,0.9691119691119691,0.8436974789915967,259
SQUIDPY_VISIUM_FLUO,learned_permuted_prior,Thalamus_2,0.5,0.7397260273972602,0.5966850828729282,73
SQUIDPY_VISIUM_FLUO,learned_random_graph,Amygdala,0.5689655172413793,0.22916666666666666,0.32673267326732675,144
SQUIDPY_VISIUM_FLUO,learned_random_graph,Cortex_1,0.8111111111111111,0.4866666666666667,0.6083333333333334,300
SQUIDPY_VISIUM_FLUO,learned_random_graph,Cortex_2,0.737037037037037,0.7453183520599251,0.7411545623836127,267
SQUIDPY_VISIUM_FLUO,learned_random_graph,Cortex_3,0.8545454545454545,0.6077586206896551,0.7103274559193954,232
SQUIDPY_VISIUM_FLUO,learned_random_graph,Cortex_4,0.4222222222222222,0.24890829694323144,0.3131868131868132,229
SQUIDPY_VISIUM_FLUO,learned_random_graph,Cortex_5,0.4891304347826087,0.24456521739130435,0.3260869565217391,184
SQUIDPY_VISIUM_FLUO,learned_random_graph,Dentate_gyrus,0.010869565217391304,0.02702702702702703,0.015503875968992248,37
SQUIDPY_VISIUM_FLUO,learned_random_graph,Fiber_tracts,0.696113074204947,0.8040816326530612,0.7462121212121212,245
SQUIDPY_VISIUM_FLUO,learned_random_graph,Hippocampus,0.7542372881355932,0.6872586872586872,0.719191919191919,259
SQUIDPY_VISIUM_FLUO,learned_random_graph,Hypothalamus_1,0.6666666666666666,0.08968609865470852,0.15810276679841898,223
SQUIDPY_VISIUM_FLUO,learned_random_graph,Hypothalamus_2,0.48179271708683474,0.9608938547486033,0.6417910447761195,179
SQUIDPY_VISIUM_FLUO,learned_random_graph,Lateral_ventricle,0.304635761589404,0.9787234042553191,0.46464646464646464,47
SQUIDPY_VISIUM_FLUO,learned_random_graph,Striatum,0.4,0.88,0.55,75
SQUIDPY_VISIUM_FLUO,learned_random_graph,Thalamus_1,0.7051282051282052,0.8494208494208494,0.7705779334500876,259
SQUIDPY_VISIUM_FLUO,learned_random_graph,Thalamus_2,0.21145374449339208,0.6575342465753424,0.32,73
SQUIDPY_VISIUM_FLUO,marker_context_specific_neighborhood,Amygdala,0.5194805194805194,0.2777777777777778,0.36199095022624433,144
SQUIDPY_VISIUM_FLUO,marker_context_specific_neighborhood,Cortex_1,0.75,0.51,0.6071428571428571,300
SQUIDPY_VISIUM_FLUO,marker_context_specific_neighborhood,Cortex_2,0.6514657980456026,0.7490636704119851,0.6968641114982579,267
SQUIDPY_VISIUM_FLUO,marker_context_specific_neighborhood,Cortex_3,0.8053691275167785,0.5172413793103449,0.6299212598425197,232
SQUIDPY_VISIUM_FLUO,marker_context_specific_neighborhood,Cortex_4,0.4025974025974026,0.13537117903930132,0.20261437908496735,229
SQUIDPY_VISIUM_FLUO,marker_context_specific_neighborhood,Cortex_5,0.574468085106383,0.29347826086956524,0.3884892086330936,184
SQUIDPY_VISIUM_FLUO,marker_context_specific_neighborhood,Dentate_gyrus,0.011904761904761904,0.02702702702702703,0.01652892561983471,37
SQUIDPY_VISIUM_FLUO,marker_context_specific_neighborhood,Fiber_tracts,0.7653846153846153,0.8122448979591836,0.788118811881188,245
SQUIDPY_VISIUM_FLUO,marker_context_specific_neighborhood,Hippocampus,0.6653543307086615,0.6525096525096525,0.658869395711501,259
SQUIDPY_VISIUM_FLUO,marker_context_specific_neighborhood,Hypothalamus_1,0.47058823529411764,0.10762331838565023,0.17518248175182485,223
SQUIDPY_VISIUM_FLUO,marker_context_specific_neighborhood,Hypothalamus_2,0.4523809523809524,0.9553072625698324,0.6140035906642729,179
SQUIDPY_VISIUM_FLUO,marker_context_specific_neighborhood,Lateral_ventricle,0.2883435582822086,1.0,0.4476190476190476,47
SQUIDPY_VISIUM_FLUO,marker_context_specific_neighborhood,Striatum,0.4,0.96,0.5647058823529413,75
SQUIDPY_VISIUM_FLUO,marker_context_specific_neighborhood,Thalamus_1,0.6713881019830028,0.915057915057915,0.7745098039215687,259
SQUIDPY_VISIUM_FLUO,marker_context_specific_neighborhood,Thalamus_2,0.39344262295081966,0.6575342465753424,0.4923076923076923,73
SQUIDPY_VISIUM_FLUO,marker_learned_neighborhood,Amygdala,0.8205128205128205,0.2222222222222222,0.34972677595628415,144
SQUIDPY_VISIUM_FLUO,marker_learned_neighborhood,Cortex_1,0.779467680608365,0.6833333333333333,0.7282415630550623,300
SQUIDPY_VISIUM_FLUO,marker_learned_neighborhood,Cortex_2,0.7627737226277372,0.7827715355805244,0.7726432532347505,267
SQUIDPY_VISIUM_FLUO,marker_learned_neighborhood,Cortex_3,0.8306010928961749,0.6551724137931034,0.7325301204819278,232
SQUIDPY_VISIUM_FLUO,marker_learned_neighborhood,Cortex_4,0.45652173913043476,0.18340611353711792,0.2616822429906542,229
SQUIDPY_VISIUM_FLUO,marker_learned_neighborhood,Cortex_5,0.5210084033613446,0.33695652173913043,0.40924092409240925,184
SQUIDPY_VISIUM_FLUO,marker_learned_neighborhood,Dentate_gyrus,0.013333333333333334,0.02702702702702703,0.01785714285714286,37
SQUIDPY_VISIUM_FLUO,marker_learned_neighborhood,Fiber_tracts,0.7613636363636364,0.8204081632653061,0.7897838899803535,245
SQUIDPY_VISIUM_FLUO,marker_learned_neighborhood,Hippocampus,0.7738095238095238,0.752895752895753,0.7632093933463797,259
SQUIDPY_VISIUM_FLUO,marker_learned_neighborhood,Hypothalamus_1,0.6896551724137931,0.08968609865470852,0.15873015873015872,223
SQUIDPY_VISIUM_FLUO,marker_learned_neighborhood,Hypothalamus_2,0.4701086956521739,0.9664804469273743,0.6325411334552102,179
SQUIDPY_VISIUM_FLUO,marker_learned_neighborhood,Lateral_ventricle,0.3560606060606061,1.0,0.5251396648044694,47
SQUIDPY_VISIUM_FLUO,marker_learned_neighborhood,Striatum,0.36082474226804123,0.9333333333333333,0.5204460966542751,75
SQUIDPY_VISIUM_FLUO,marker_learned_neighborhood,Thalamus_1,0.7625,0.9420849420849421,0.8428324697754749,259
SQUIDPY_VISIUM_FLUO,marker_learned_neighborhood,Thalamus_2,0.3221476510067114,0.6575342465753424,0.4324324324324324,73
SQUIDPY_VISIUM_FLUO,marker_only,Amygdala,0.5063291139240507,0.2777777777777778,0.3587443946188341,144
SQUIDPY_VISIUM_FLUO,marker_only,Cortex_1,0.7446808510638298,0.4666666666666667,0.5737704918032787,300
SQUIDPY_VISIUM_FLUO,marker_only,Cortex_2,0.6579804560260586,0.7565543071161048,0.7038327526132404,267
SQUIDPY_VISIUM_FLUO,marker_only,Cortex_3,0.7785714285714286,0.4698275862068966,0.5860215053763441,232
SQUIDPY_VISIUM_FLUO,marker_only,Cortex_4,0.34782608695652173,0.10480349344978165,0.1610738255033557,229
SQUIDPY_VISIUM_FLUO,marker_only,Cortex_5,0.5913978494623656,0.29891304347826086,0.3971119133574007,184
SQUIDPY_VISIUM_FLUO,marker_only,Dentate_gyrus,0.010869565217391304,0.02702702702702703,0.015503875968992248,37
SQUIDPY_VISIUM_FLUO,marker_only,Fiber_tracts,0.7584905660377359,0.8204081632653061,0.788235294117647,245
SQUIDPY_VISIUM_FLUO,marker_only,Hippocampus,0.6305970149253731,0.6525096525096525,0.6413662239089185,259
SQUIDPY_VISIUM_FLUO,marker_only,Hypothalamus_1,0.5098039215686274,0.11659192825112108,0.18978102189781024,223
SQUIDPY_VISIUM_FLUO,marker_only,Hypothalamus_2,0.4464751958224543,0.9553072625698324,0.608540925266904,179
SQUIDPY_VISIUM_FLUO,marker_only,Lateral_ventricle,0.2883435582822086,1.0,0.4476190476190476,47
SQUIDPY_VISIUM_FLUO,marker_only,Striatum,0.4011299435028249,0.9466666666666667,0.5634920634920635,75
SQUIDPY_VISIUM_FLUO,marker_only,Thalamus_1,0.6723646723646723,0.9111969111969112,0.7737704918032787,259
SQUIDPY_VISIUM_FLUO,marker_only,Thalamus_2,0.3779527559055118,0.6575342465753424,0.48,73
SQUIDPY_VISIUM_FLUO,marker_spatial_smoothing,Amygdala,0.5384615384615384,0.24305555555555555,0.33492822966507174,144
SQUIDPY_VISIUM_FLUO,marker_spatial_smoothing,Cortex_1,0.8505747126436781,0.49333333333333335,0.6244725738396625,300
SQUIDPY_VISIUM_FLUO,marker_spatial_smoothing,Cortex_2,0.6677631578947368,0.7602996254681648,0.7110332749562172,267
SQUIDPY_VISIUM_FLUO,marker_spatial_smoothing,Cortex_3,0.8636363636363636,0.5732758620689655,0.6891191709844561,232
SQUIDPY_VISIUM_FLUO,marker_spatial_smoothing,Cortex_4,0.3709677419354839,0.20087336244541484,0.26062322946175637,229
SQUIDPY_VISIUM_FLUO,marker_spatial_smoothing,Cortex_5,0.6,0.30978260869565216,0.4086021505376344,184
SQUIDPY_VISIUM_FLUO,marker_spatial_smoothing,Dentate_gyrus,0.012345679012345678,0.02702702702702703,0.01694915254237288,37
SQUIDPY_VISIUM_FLUO,marker_spatial_smoothing,Fiber_tracts,0.7595419847328244,0.8122448979591836,0.7850098619329389,245
SQUIDPY_VISIUM_FLUO,marker_spatial_smoothing,Hippocampus,0.717391304347826,0.637065637065637,0.6748466257668712,259
SQUIDPY_VISIUM_FLUO,marker_spatial_smoothing,Hypothalamus_1,0.4909090909090909,0.1210762331838565,0.19424460431654678,223
SQUIDPY_VISIUM_FLUO,marker_spatial_smoothing,Hypothalamus_2,0.46596858638743455,0.994413407821229,0.6345811051693404,179
SQUIDPY_VISIUM_FLUO,marker_spatial_smoothing,Lateral_ventricle,0.3092105263157895,1.0,0.4723618090452262,47
SQUIDPY_VISIUM_FLUO,marker_spatial_smoothing,Striatum,0.3802083333333333,0.9733333333333334,0.5468164794007491,75
SQUIDPY_VISIUM_FLUO,marker_spatial_smoothing,Thalamus_1,0.6740947075208914,0.9343629343629344,0.7831715210355988,259
SQUIDPY_VISIUM_FLUO,marker_spatial_smoothing,Thalamus_2,0.3951612903225806,0.6712328767123288,0.4974619289340102,73
SQUIDPY_VISIUM_FLUO,marker_spatial_smoothing_random_graph,Amygdala,0.5,0.2916666666666667,0.3684210526315789,144
SQUIDPY_VISIUM_FLUO,marker_spatial_smoothing_random_graph,Cortex_1,0.7783505154639175,0.5033333333333333,0.611336032388664,300
SQUIDPY_VISIUM_FLUO,marker_spatial_smoothing_random_graph,Cortex_2,0.6885813148788927,0.7453183520599251,0.7158273381294964,267
SQUIDPY_VISIUM_FLUO,marker_spatial_smoothing_random_graph,Cortex_3,0.8104575163398693,0.5344827586206896,0.6441558441558441,232
SQUIDPY_VISIUM_FLUO,marker_spatial_smoothing_random_graph,Cortex_4,0.38961038961038963,0.13100436681222707,0.19607843137254902,229
SQUIDPY_VISIUM_FLUO,marker_spatial_smoothing_random_graph,Cortex_5,0.5816326530612245,0.30978260869565216,0.40425531914893614,184
SQUIDPY_VISIUM_FLUO,marker_spatial_smoothing_random_graph,Dentate_gyrus,0.011904761904761904,0.02702702702702703,0.01652892561983471,37
SQUIDPY_VISIUM_FLUO,marker_spatial_smoothing_random_graph,Fiber_tracts,0.7851239669421488,0.7755102040816326,0.7802874743326488,245
SQUIDPY_VISIUM_FLUO,marker_spatial_smoothing_random_graph,Hippocampus,0.6640926640926641,0.6640926640926641,0.6640926640926641,259
SQUIDPY_VISIUM_FLUO,marker_spatial_smoothing_random_graph,Hypothalamus_1,0.48936170212765956,0.1031390134529148,0.17037037037037037,223
SQUIDPY_VISIUM_FLUO,marker_spatial_smoothing_random_graph,Hypothalamus_2,0.46524064171123,0.9720670391061452,0.6292947558770343,179
SQUIDPY_VISIUM_FLUO,marker_spatial_smoothing_random_graph,Lateral_ventricle,0.2640449438202247,1.0,0.4177777777777777,47
SQUIDPY_VISIUM_FLUO,marker_spatial_smoothing_random_graph,Striatum,0.35751295336787564,0.92,0.5149253731343283,75
SQUIDPY_VISIUM_FLUO,marker_spatial_smoothing_random_graph,Thalamus_1,0.6731301939058172,0.9382239382239382,0.7838709677419355,259
SQUIDPY_VISIUM_FLUO,marker_spatial_smoothing_random_graph,Thalamus_2,0.36666666666666664,0.6027397260273972,0.4559585492227979,73
SQUIDPY_VISIUM_HNE,learned_permuted_prior,Cortex_1,0.7071129707112971,0.5950704225352113,0.6462715105162524,284
SQUIDPY_VISIUM_HNE,learned_permuted_prior,Cortex_2,0.7884615384615384,0.31906614785992216,0.4542936288088642,257
SQUIDPY_VISIUM_HNE,learned_permuted_prior,Cortex_3,0.8085106382978723,0.7786885245901639,0.7933194154488517,244
SQUIDPY_VISIUM_HNE,learned_permuted_prior,Cortex_4,0.5945945945945946,0.5365853658536586,0.5641025641025641,164
SQUIDPY_VISIUM_HNE,learned_permuted_prior,Cortex_5,0.41363636363636364,0.7054263565891473,0.5214899713467049,129
SQUIDPY_VISIUM_HNE,learned_permuted_prior,Fiber_tract,0.7094339622641509,0.831858407079646,0.7657841140529532,226
SQUIDPY_VISIUM_HNE,learned_permuted_prior,Hippocampus,0.7133333333333334,0.481981981981982,0.5752688172043011,222
SQUIDPY_VISIUM_HNE,learned_permuted_prior,Hypothalamus_1,0.5579268292682927,0.8798076923076923,0.6828358208955225,208
SQUIDPY_VISIUM_HNE,learned_permuted_prior,Hypothalamus_2,0.6206896551724138,0.2706766917293233,0.3769633507853403,133
SQUIDPY_VISIUM_HNE,learned_permuted_prior,Lateral_ventricle,0.5247524752475248,0.5047619047619047,0.5145631067961165,105
SQUIDPY_VISIUM_HNE,learned_permuted_prior,Pyramidal_layer,0.45652173913043476,1.0,0.626865671641791,42
SQUIDPY_VISIUM_HNE,learned_permuted_prior,Pyramidal_layer_dentate_gyrus,0.4715447154471545,0.8529411764705882,0.6073298429319373,68
SQUIDPY_VISIUM_HNE,learned_permuted_prior,Striatum,0.562962962962963,0.49673202614379086,0.5277777777777778,153
SQUIDPY_VISIUM_HNE,learned_permuted_prior,Thalamus_1,0.6675675675675675,0.946360153256705,0.7828843106180665,261
SQUIDPY_VISIUM_HNE,learned_permuted_prior,Thalamus_2,0.48333333333333334,0.3020833333333333,0.37179487179487175,192
SQUIDPY_VISIUM_HNE,learned_random_graph,Cortex_1,0.5,0.31690140845070425,0.3879310344827586,284
SQUIDPY_VISIUM_HNE,learned_random_graph,Cortex_2,0.8833333333333333,0.20622568093385213,0.33438485804416407,257
SQUIDPY_VISIUM_HNE,learned_random_graph,Cortex_3,0.7914691943127962,0.6844262295081968,0.734065934065934,244
SQUIDPY_VISIUM_HNE,learned_random_graph,Cortex_4,0.5126903553299492,0.6158536585365854,0.5595567867036011,164
SQUIDPY_VISIUM_HNE,learned_random_graph,Cortex_5,0.36909871244635195,0.6666666666666666,0.47513812154696133,129
SQUIDPY_VISIUM_HNE,learned_random_graph,Fiber_tract,0.7577092511013216,0.7610619469026548,0.7593818984547461,226
SQUIDPY_VISIUM_HNE,learned_random_graph,Hippocampus,0.6571428571428571,0.6216216216216216,0.6388888888888888,222
SQUIDPY_VISIUM_HNE,learned_random_graph,Hypothalamus_1,0.3422222222222222,0.3701923076923077,0.3556581986143187,208
SQUIDPY_VISIUM_HNE,learned_random_graph,Hypothalamus_2,0.3333333333333333,0.015037593984962405,0.02877697841726619,133
SQUIDPY_VISIUM_HNE,learned_random_graph,Lateral_ventricle,0.5925925925925926,0.45714285714285713,0.5161290322580645,105
SQUIDPY_VISIUM_HNE,learned_random_graph,Pyramidal_layer,0.358974358974359,1.0,0.5283018867924528,42
SQUIDPY_VISIUM_HNE,learned_random_graph,Pyramidal_layer_dentate_gyrus,0.5274725274725275,0.7058823529411765,0.6037735849056604,68
SQUIDPY_VISIUM_HNE,learned_random_graph,Striatum,0.4024896265560166,0.6339869281045751,0.4923857868020305,153
SQUIDPY_VISIUM_HNE,learned_random_graph,Thalamus_1,0.581453634085213,0.8888888888888888,0.703030303030303,261
SQUIDPY_VISIUM_HNE,learned_random_graph,Thalamus_2,0.3238095238095238,0.3541666666666667,0.3383084577114428,192
SQUIDPY_VISIUM_HNE,marker_context_specific_neighborhood,Cortex_1,0.6368421052631579,0.426056338028169,0.510548523206751,284
SQUIDPY_VISIUM_HNE,marker_context_specific_neighborhood,Cortex_2,0.6666666666666666,0.20233463035019456,0.31044776119402984,257
SQUIDPY_VISIUM_HNE,marker_context_specific_neighborhood,Cortex_3,0.746606334841629,0.6762295081967213,0.7096774193548387,244
SQUIDPY_VISIUM_HNE,marker_context_specific_neighborhood,Cortex_4,0.7101449275362319,0.5975609756097561,0.6490066225165563,164
SQUIDPY_VISIUM_HNE,marker_context_specific_neighborhood,Cortex_5,0.39147286821705424,0.7829457364341085,0.5219638242894057,129
SQUIDPY_VISIUM_HNE,marker_context_specific_neighborhood,Fiber_tract,0.8416289592760181,0.8230088495575221,0.8322147651006712,226
SQUIDPY_VISIUM_HNE,marker_context_specific_neighborhood,Hippocampus,0.7083333333333334,0.6126126126126126,0.6570048309178743,222
SQUIDPY_VISIUM_HNE,marker_context_specific_neighborhood,Hypothalamus_1,0.2773109243697479,0.3173076923076923,0.29596412556053814,208
SQUIDPY_VISIUM_HNE,marker_context_specific_neighborhood,Hypothalamus_2,0.7619047619047619,0.12030075187969924,0.20779220779220778,133
SQUIDPY_VISIUM_HNE,marker_context_specific_neighborhood,Lateral_ventricle,0.43902439024390244,0.34285714285714286,0.3850267379679144,105
SQUIDPY_VISIUM_HNE,marker_context_specific_neighborhood,Pyramidal_layer,0.37168141592920356,1.0,0.5419354838709677,42
SQUIDPY_VISIUM_HNE,marker_context_specific_neighborhood,Pyramidal_layer_dentate_gyrus,0.49523809523809526,0.7647058823529411,0.6011560693641619,68
SQUIDPY_VISIUM_HNE,marker_context_specific_neighborhood,Striatum,0.3684210526315789,0.5947712418300654,0.455,153
SQUIDPY_VISIUM_HNE,marker_context_specific_neighborhood,Thalamus_1,0.6130653266331658,0.9348659003831418,0.7405159332321698,261
SQUIDPY_VISIUM_HNE,marker_context_specific_neighborhood,Thalamus_2,0.3279569892473118,0.3177083333333333,0.32275132275132273,192
SQUIDPY_VISIUM_HNE,marker_learned_neighborhood,Cortex_1,0.5975609756097561,0.34507042253521125,0.4375,284
SQUIDPY_VISIUM_HNE,marker_learned_neighborhood,Cortex_2,0.8382352941176471,0.22178988326848248,0.3507692307692308,257
SQUIDPY_VISIUM_HNE,marker_learned_neighborhood,Cortex_3,0.7991071428571429,0.7336065573770492,0.7649572649572649,244
SQUIDPY_VISIUM_HNE,marker_learned_neighborhood,Cortex_4,0.5384615384615384,0.6402439024390244,0.584958217270195,164
SQUIDPY_VISIUM_HNE,marker_learned_neighborhood,Cortex_5,0.3786008230452675,0.7131782945736435,0.49462365591397855,129
SQUIDPY_VISIUM_HNE,marker_learned_neighborhood,Fiber_tract,0.7676348547717843,0.8185840707964602,0.7922912205567453,226
SQUIDPY_VISIUM_HNE,marker_learned_neighborhood,Hippocampus,0.6764705882352942,0.6216216216216216,0.6478873239436619,222
SQUIDPY_VISIUM_HNE,marker_learned_neighborhood,Hypothalamus_1,0.3514644351464435,0.40384615384615385,0.37583892617449666,208
SQUIDPY_VISIUM_HNE,marker_learned_neighborhood,Hypothalamus_2,0.6,0.045112781954887216,0.0839160839160839,133
SQUIDPY_VISIUM_HNE,marker_learned_neighborhood,Lateral_ventricle,0.5647058823529412,0.45714285714285713,0.5052631578947369,105
SQUIDPY_VISIUM_HNE,marker_learned_neighborhood,Pyramidal_layer,0.358974358974359,1.0,0.5283018867924528,42
SQUIDPY_VISIUM_HNE,marker_learned_neighborhood,Pyramidal_layer_dentate_gyrus,0.5824175824175825,0.7794117647058824,0.6666666666666667,68
SQUIDPY_VISIUM_HNE,marker_learned_neighborhood,Striatum,0.3875,0.6078431372549019,0.4732824427480916,153
SQUIDPY_VISIUM_HNE,marker_learned_neighborhood,Thalamus_1,0.597051597051597,0.9310344827586207,0.7275449101796407,261
SQUIDPY_VISIUM_HNE,marker_learned_neighborhood,Thalamus_2,0.375,0.3125,0.3409090909090909,192
SQUIDPY_VISIUM_HNE,marker_only,Cortex_1,0.6388888888888888,0.24295774647887325,0.3520408163265306,284
SQUIDPY_VISIUM_HNE,marker_only,Cortex_2,0.7090909090909091,0.1517509727626459,0.24999999999999997,257
SQUIDPY_VISIUM_HNE,marker_only,Cortex_3,0.7717842323651453,0.7622950819672131,0.7670103092783506,244
SQUIDPY_VISIUM_HNE,marker_only,Cortex_4,0.5393939393939394,0.5426829268292683,0.5410334346504561,164
SQUIDPY_VISIUM_HNE,marker_only,Cortex_5,0.3333333333333333,0.627906976744186,0.43548387096774194,129
SQUIDPY_VISIUM_HNE,marker_only,Fiber_tract,0.7661290322580645,0.8407079646017699,0.8016877637130801,226
SQUIDPY_VISIUM_HNE,marker_only,Hippocampus,0.6053811659192825,0.6081081081081081,0.6067415730337079,222
SQUIDPY_VISIUM_HNE,marker_only,Hypothalamus_1,0.25125628140703515,0.2403846153846154,0.24570024570024568,208
SQUIDPY_VISIUM_HNE,marker_only,Hypothalamus_2,0.8333333333333334,0.11278195488721804,0.19867549668874168,133
SQUIDPY_VISIUM_HNE,marker_only,Lateral_ventricle,0.5368421052631579,0.4857142857142857,0.51,105
SQUIDPY_VISIUM_HNE,marker_only,Pyramidal_layer,0.2876712328767123,1.0,0.44680851063829785,42
SQUIDPY_VISIUM_HNE,marker_only,Pyramidal_layer_dentate_gyrus,0.39622641509433965,0.6176470588235294,0.48275862068965514,68
SQUIDPY_VISIUM_HNE,marker_only,Striatum,0.38493723849372385,0.6013071895424836,0.4693877551020408,153
SQUIDPY_VISIUM_HNE,marker_only,Thalamus_1,0.5898058252427184,0.9310344827586207,0.7221396731054978,261
SQUIDPY_VISIUM_HNE,marker_only,Thalamus_2,0.3157894736842105,0.3125,0.31413612565445026,192
SQUIDPY_VISIUM_HNE,marker_spatial_smoothing,Cortex_1,0.6363636363636364,0.39436619718309857,0.4869565217391304,284
SQUIDPY_VISIUM_HNE,marker_spatial_smoothing,Cortex_2,0.873015873015873,0.2140077821011673,0.34375000000000006,257
SQUIDPY_VISIUM_HNE,marker_spatial_smoothing,Cortex_3,0.8423423423423423,0.7663934426229508,0.8025751072961373,244
SQUIDPY_VISIUM_HNE,marker_spatial_smoothing,Cortex_4,0.5555555555555556,0.4878048780487805,0.5194805194805195,164
SQUIDPY_VISIUM_HNE,marker_spatial_smoothing,Cortex_5,0.37344398340248963,0.6976744186046512,0.4864864864864865,129
SQUIDPY_VISIUM_HNE,marker_spatial_smoothing,Fiber_tract,0.7842323651452282,0.8362831858407079,0.8094218415417558,226
SQUIDPY_VISIUM_HNE,marker_spatial_smoothing,Hippocampus,0.672566371681416,0.6846846846846847,0.6785714285714286,222
SQUIDPY_VISIUM_HNE,marker_spatial_smoothing,Hypothalamus_1,0.3665338645418327,0.4423076923076923,0.4008714596949891,208
SQUIDPY_VISIUM_HNE,marker_spatial_smoothing,Hypothalamus_2,0.8095238095238095,0.12781954887218044,0.22077922077922077,133
SQUIDPY_VISIUM_HNE,marker_spatial_smoothing,Lateral_ventricle,0.61,0.580952380952381,0.5951219512195122,105
SQUIDPY_VISIUM_HNE,marker_spatial_smoothing,Pyramidal_layer,0.37168141592920356,1.0,0.5419354838709677,42
SQUIDPY_VISIUM_HNE,marker_spatial_smoothing,Pyramidal_layer_dentate_gyrus,0.5531914893617021,0.7647058823529411,0.6419753086419752,68
SQUIDPY_VISIUM_HNE,marker_spatial_smoothing,Striatum,0.391304347826087,0.6470588235294118,0.4876847290640394,153
SQUIDPY_VISIUM_HNE,marker_spatial_smoothing,Thalamus_1,0.5917874396135265,0.9386973180076629,0.725925925925926,261
SQUIDPY_VISIUM_HNE,marker_spatial_smoothing,Thalamus_2,0.46511627906976744,0.3125,0.3738317757009346,192
SQUIDPY_VISIUM_HNE,marker_spatial_smoothing_random_graph,Cortex_1,0.6745562130177515,0.4014084507042254,0.5033112582781457,284
SQUIDPY_VISIUM_HNE,marker_spatial_smoothing_random_graph,Cortex_2,0.8192771084337349,0.26459143968871596,0.4,257
SQUIDPY_VISIUM_HNE,marker_spatial_smoothing_random_graph,Cortex_3,0.8647342995169082,0.7336065573770492,0.7937915742793791,244
SQUIDPY_VISIUM_HNE,marker_spatial_smoothing_random_graph,Cortex_4,0.5961538461538461,0.5670731707317073,0.5812499999999999,164
SQUIDPY_VISIUM_HNE,marker_spatial_smoothing_random_graph,Cortex_5,0.3706896551724138,0.6666666666666666,0.47645429362880887,129
SQUIDPY_VISIUM_HNE,marker_spatial_smoothing_random_graph,Fiber_tract,0.8190045248868778,0.8008849557522124,0.8098434004474272,226
SQUIDPY_VISIUM_HNE,marker_spatial_smoothing_random_graph,Hippocampus,0.6425339366515838,0.6396396396396397,0.6410835214446954,222
SQUIDPY_VISIUM_HNE,marker_spatial_smoothing_random_graph,Hypothalamus_1,0.3013698630136986,0.3173076923076923,0.30913348946135827,208
SQUIDPY_VISIUM_HNE,marker_spatial_smoothing_random_graph,Hypothalamus_2,0.7857142857142857,0.24812030075187969,0.3771428571428571,133
SQUIDPY_VISIUM_HNE,marker_spatial_smoothing_random_graph,Lateral_ventricle,0.6111111111111112,0.5238095238095238,0.5641025641025642,105
SQUIDPY_VISIUM_HNE,marker_spatial_smoothing_random_graph,Pyramidal_layer,0.3230769230769231,1.0,0.48837209302325585,42
SQUIDPY_VISIUM_HNE,marker_spatial_smoothing_random_graph,Pyramidal_layer_dentate_gyrus,0.5434782608695652,0.7352941176470589,0.625,68
SQUIDPY_VISIUM_HNE,marker_spatial_smoothing_random_graph,Striatum,0.38996138996138996,0.6601307189542484,0.4902912621359223,153
SQUIDPY_VISIUM_HNE,marker_spatial_smoothing_random_graph,Thalamus_1,0.5945945945945946,0.9272030651340997,0.724550898203593,261
SQUIDPY_VISIUM_HNE,marker_spatial_smoothing_random_graph,Thalamus_2,0.3875,0.3229166666666667,0.3522727272727273,192
