dataset_id,fold,model,model_id,marker,train_accuracy,train_macro_f1,spatial_smoothing,learned_neighborhood,context_specific
GSE202623_LESION,1,marker_only,0,1.5,0.7058545797922569,0.6188936561608134,,,
GSE202623_LESION,1,marker_spatial_smoothing,3,1.5,0.7067988668555241,0.623950329487077,0.2,,
GSE202623_LESION,1,marker_spatial_smoothing,2,1.5,0.7086874409820585,0.6233900593161841,0.1,,
GSE202623_LESION,1,marker_spatial_smoothing,4,1.5,0.7016052880075543,0.6222643282490217,0.5,,
GSE202623_LESION,1,marker_spatial_smoothing,1,1.5,0.7077431539187913,0.6220774150891466,0.05,,
GSE202623_LESION,1,marker_spatial_smoothing,0,1.5,0.7058545797922569,0.6188936561608134,0.0,,
GSE202623_LESION,1,marker_spatial_smoothing,5,1.5,0.6850802644003777,0.6012176241648648,1.0,,
GSE202623_LESION,1,marker_spatial_smoothing_random_graph,0,1.5,0.7058545797922569,0.6188936561608134,0.0,,
GSE202623_LESION,1,marker_spatial_smoothing_random_graph,1,1.5,0.7053824362606232,0.617363140274214,0.05,,
GSE202623_LESION,1,marker_spatial_smoothing_random_graph,2,1.5,0.7030217186024551,0.6153603793433229,0.1,,
GSE202623_LESION,1,marker_spatial_smoothing_random_graph,3,1.5,0.6987724268177526,0.6110957844787049,0.2,,
GSE202623_LESION,1,marker_spatial_smoothing_random_graph,4,1.5,0.6912181303116147,0.6048623862724749,0.5,,
GSE202623_LESION,1,marker_spatial_smoothing_random_graph,5,1.5,0.6756373937677054,0.5888751497815445,1.0,,
GSE202623_LESION,1,marker_learned_neighborhood,2,1.5,0.7115203021718602,0.6254037322986927,,0.1,
GSE202623_LESION,1,marker_learned_neighborhood,3,1.5,0.7091595845136922,0.6229175460786465,,0.2,
GSE202623_LESION,1,marker_learned_neighborhood,1,1.5,0.7082152974504249,0.622102424403947,,0.05,
GSE202623_LESION,1,marker_learned_neighborhood,4,1.5,0.6997167138810199,0.6212761983067465,,0.5,
GSE202623_LESION,1,marker_learned_neighborhood,0,1.5,0.7058545797922569,0.6188936561608134,,0.0,
GSE202623_LESION,1,marker_learned_neighborhood,5,1.5,0.6742209631728046,0.6074874340912779,,1.0,
GSE202623_LESION,1,marker_context_specific_neighborhood,3,1.5,0.7162417374881964,0.6253440725532013,,,0.2
GSE202623_LESION,1,marker_context_specific_neighborhood,1,1.5,0.7086874409820585,0.6244104225715246,,,0.05
GSE202623_LESION,1,marker_context_specific_neighborhood,2,1.5,0.7129367327667611,0.6242058658547938,,,0.1
GSE202623_LESION,1,marker_context_specific_neighborhood,0,1.5,0.7058545797922569,0.6188936561608134,,,0.0
GSE202623_LESION,1,marker_context_specific_neighborhood,4,1.5,0.7110481586402266,0.6090991677019544,,,0.5
GSE202623_LESION,1,marker_context_specific_neighborhood,5,1.5,0.6789423984891407,0.5807632284074453,,,1.0
GSE202623_LESION,1,learned_random_graph,2,1.5,0.7138810198300283,0.6253334696583392,,0.1,
GSE202623_LESION,1,learned_random_graph,1,1.5,0.7096317280453258,0.6234608677895406,,0.05,
GSE202623_LESION,1,learned_random_graph,3,1.5,0.7138810198300283,0.623398966080613,,0.2,
GSE202623_LESION,1,learned_random_graph,0,1.5,0.7058545797922569,0.6188936561608134,,0.0,
GSE202623_LESION,1,learned_random_graph,4,1.5,0.7039660056657224,0.6146660700973738,,0.5,
GSE202623_LESION,1,learned_random_graph,5,1.5,0.669971671388102,0.5928098181720183,,1.0,
GSE202623_LESION,1,learned_permuted_prior,1,1.5,0.7124645892351275,0.6279546287043808,,0.05,
GSE202623_LESION,1,learned_permuted_prior,2,1.5,0.714353163361662,0.6250155471359187,,0.1,
GSE202623_LESION,1,learned_permuted_prior,0,1.5,0.7058545797922569,0.6188936561608134,,0.0,
GSE202623_LESION,1,learned_permuted_prior,3,1.5,0.7157695939565628,0.6079988851490218,,0.2,
GSE202623_LESION,1,learned_permuted_prior,4,1.5,0.6959395656279509,0.5716529516335582,,0.5,
GSE202623_LESION,1,learned_permuted_prior,5,1.5,0.6562795089707271,0.5239003259352035,,1.0,
GSE202623_LESION,2,marker_only,0,1.5,0.7004089979550102,0.6042193102213477,,,
GSE202623_LESION,2,marker_spatial_smoothing,0,1.5,0.7004089979550102,0.6042193102213477,0.0,,
GSE202623_LESION,2,marker_spatial_smoothing,1,1.5,0.7014314928425358,0.6041202132901301,0.05,,
GSE202623_LESION,2,marker_spatial_smoothing,2,1.5,0.696319018404908,0.5994494481192222,0.1,,
GSE202623_LESION,2,marker_spatial_smoothing,3,1.5,0.691717791411043,0.5968454655319041,0.2,,
GSE202623_LESION,2,marker_spatial_smoothing,4,1.5,0.6886503067484663,0.5960837355918213,0.5,,
GSE202623_LESION,2,marker_spatial_smoothing,5,1.5,0.6738241308793456,0.5887768954166255,1.0,,
GSE202623_LESION,2,marker_spatial_smoothing_random_graph,0,1.5,0.7004089979550102,0.6042193102213477,0.0,,
GSE202623_LESION,2,marker_spatial_smoothing_random_graph,1,1.5,0.700920245398773,0.6035251431616621,0.05,,
GSE202623_LESION,2,marker_spatial_smoothing_random_graph,2,1.5,0.6952965235173824,0.5997687624649375,0.1,,
GSE202623_LESION,2,marker_spatial_smoothing_random_graph,3,1.5,0.6901840490797546,0.5980648795216038,0.2,,
GSE202623_LESION,2,marker_spatial_smoothing_random_graph,5,1.5,0.6630879345603272,0.5860477187592692,1.0,,
GSE202623_LESION,2,marker_spatial_smoothing_random_graph,4,1.5,0.6753578732106339,0.5860147940025091,0.5,,
GSE202623_LESION,2,marker_learned_neighborhood,4,1.5,0.7183026584867076,0.6248812605886784,,0.5,
GSE202623_LESION,2,marker_learned_neighborhood,3,1.5,0.7152351738241309,0.6174082863407204,,0.2,
GSE202623_LESION,2,marker_learned_neighborhood,5,1.5,0.6993865030674846,0.6109968317827872,,1.0,
GSE202623_LESION,2,marker_learned_neighborhood,2,1.5,0.7080777096114519,0.6098846674563535,,0.1,
GSE202623_LESION,2,marker_learned_neighborhood,1,1.5,0.7050102249488752,0.6068525739588149,,0.05,
GSE202623_LESION,2,marker_learned_neighborhood,0,1.5,0.7004089979550102,0.6042193102213477,,0.0,
GSE202623_LESION,2,marker_context_specific_neighborhood,3,1.5,0.7060327198364008,0.61315391580913,,,0.2
GSE202623_LESION,2,marker_context_specific_neighborhood,2,1.5,0.7034764826175869,0.6101558718030116,,,0.1
GSE202623_LESION,2,marker_context_specific_neighborhood,4,1.5,0.7004089979550102,0.6078210335423313,,,0.5
GSE202623_LESION,2,marker_context_specific_neighborhood,1,1.5,0.6998977505112475,0.6065298209372576,,,0.05
GSE202623_LESION,2,marker_context_specific_neighborhood,0,1.5,0.7004089979550102,0.6042193102213477,,,0.0
GSE202623_LESION,2,marker_context_specific_neighborhood,5,1.5,0.6830265848670757,0.5945339367169094,,,1.0
GSE202623_LESION,2,learned_random_graph,3,1.5,0.7106339468302658,0.6070524460306599,,0.2,
GSE202623_LESION,2,learned_random_graph,4,1.5,0.7044989775051125,0.6067702220839353,,0.5,
GSE202623_LESION,2,learned_random_graph,1,1.5,0.7039877300613497,0.6053205970391082,,0.05,
GSE202623_LESION,2,learned_random_graph,0,1.5,0.7004089979550102,0.6042193102213477,,0.0,
GSE202623_LESION,2,learned_random_graph,2,1.5,0.7024539877300614,0.6039442962199971,,0.1,
GSE202623_LESION,2,learned_random_graph,5,1.5,0.6748466257668712,0.5845261383633169,,1.0,
GSE202623_LESION,2,learned_permuted_prior,0,1.5,0.7004089979550102,0.6042193102213477,,0.0,
GSE202623_LESION,2,learned_permuted_prior,1,1.5,0.6912065439672802,0.5979051872352574,,0.05,
GSE202623_LESION,2,learned_permuted_prior,2,1.5,0.6896728016359919,0.5894112966973049,,0.1,
GSE202623_LESION,2,learned_permuted_prior,3,1.5,0.6753578732106339,0.5690658960439712,,0.2,
GSE202623_LESION,2,learned_permuted_prior,4,1.5,0.6155419222903885,0.5172390014219825,,0.5,
GSE202623_LESION,2,learned_permuted_prior,5,1.5,0.5352760736196319,0.4645537724666845,,1.0,
GSE202623_LESION,3,marker_only,0,1.5,0.6917844060701204,0.6338596487418655,,,
GSE202623_LESION,3,marker_spatial_smoothing,3,1.5,0.6928309785452642,0.6454706335636107,0.2,,
GSE202623_LESION,3,marker_spatial_smoothing,2,1.5,0.6912611198325485,0.642126497597409,0.1,,
GSE202623_LESION,3,marker_spatial_smoothing,1,1.5,0.6902145473574045,0.6350991341061653,0.05,,
GSE202623_LESION,3,marker_spatial_smoothing,0,1.5,0.6917844060701204,0.6338596487418655,0.0,,
GSE202623_LESION,3,marker_spatial_smoothing,4,1.5,0.6818419675562533,0.6255094191419001,0.5,,
GSE202623_LESION,3,marker_spatial_smoothing,5,1.5,0.6656200941915228,0.6044972282811184,1.0,,
GSE202623_LESION,3,marker_spatial_smoothing_random_graph,3,1.5,0.6891679748822606,0.6429916846610179,0.2,,
GSE202623_LESION,3,marker_spatial_smoothing_random_graph,2,1.5,0.6881214024071167,0.6400580543143282,0.1,,
GSE202623_LESION,3,marker_spatial_smoothing_random_graph,1,1.5,0.6923076923076923,0.6392043611118742,0.05,,
GSE202623_LESION,3,marker_spatial_smoothing_random_graph,0,1.5,0.6917844060701204,0.6338596487418655,0.0,,
GSE202623_LESION,3,marker_spatial_smoothing_random_graph,4,1.5,0.6708529565672423,0.6212616425731906,0.5,,
GSE202623_LESION,3,marker_spatial_smoothing_random_graph,5,1.5,0.6556776556776557,0.5972147614368222,1.0,,
GSE202623_LESION,3,marker_learned_neighborhood,1,1.5,0.6917844060701204,0.6345561397735255,,0.05,
GSE202623_LESION,3,marker_learned_neighborhood,2,1.5,0.6912611198325485,0.6338643704105658,,0.1,
GSE202623_LESION,3,marker_learned_neighborhood,0,1.5,0.6917844060701204,0.6338596487418655,,0.0,
GSE202623_LESION,3,marker_learned_neighborhood,3,1.5,0.6828885400313972,0.6215906164412337,,0.2,
GSE202623_LESION,3,marker_learned_neighborhood,4,1.5,0.6760858189429618,0.6213267434452616,,0.5,
GSE202623_LESION,3,marker_learned_neighborhood,5,1.5,0.6556776556776557,0.6012054165476431,,1.0,
GSE202623_LESION,3,marker_context_specific_neighborhood,1,1.5,0.6917844060701204,0.6348013903133627,,,0.05
GSE202623_LESION,3,marker_context_specific_neighborhood,0,1.5,0.6917844060701204,0.6338596487418655,,,0.0
GSE202623_LESION,3,marker_context_specific_neighborhood,2,1.5,0.6881214024071167,0.6287502706290288,,,0.1
GSE202623_LESION,3,marker_context_specific_neighborhood,3,1.5,0.683935112506541,0.6281484248139771,,,0.2
GSE202623_LESION,3,marker_context_specific_neighborhood,4,1.5,0.6787022501308215,0.6164506456874359,,,0.5
GSE202623_LESION,3,marker_context_specific_neighborhood,5,1.5,0.6347462061747776,0.5752122668033628,,,1.0
GSE202623_LESION,3,learned_random_graph,1,1.5,0.6881214024071167,0.6340615280815092,,0.05,
GSE202623_LESION,3,learned_random_graph,0,1.5,0.6917844060701204,0.6338596487418655,,0.0,
GSE202623_LESION,3,learned_random_graph,3,1.5,0.6928309785452642,0.6333919676457131,,0.2,
GSE202623_LESION,3,learned_random_graph,2,1.5,0.6860282574568289,0.627021228839739,,0.1,
GSE202623_LESION,3,learned_random_graph,4,1.5,0.6807953950811093,0.6196906002569564,,0.5,
GSE202623_LESION,3,learned_random_graph,5,1.5,0.6473050758765044,0.5881757516776608,,1.0,
GSE202623_LESION,3,learned_permuted_prior,1,1.5,0.6970172684458399,0.6476600785043487,,0.05,
GSE202623_LESION,3,learned_permuted_prior,2,1.5,0.6991104133961277,0.6449994074647987,,0.1,
GSE202623_LESION,3,learned_permuted_prior,0,1.5,0.6917844060701204,0.6338596487418655,,0.0,
GSE202623_LESION,3,learned_permuted_prior,3,1.5,0.6912611198325485,0.6289844426720883,,0.2,
GSE202623_LESION,3,learned_permuted_prior,4,1.5,0.6724228152799582,0.5747379103165029,,0.5,
GSE202623_LESION,3,learned_permuted_prior,5,1.5,0.6331763474620618,0.5192363611218422,,1.0,
GSE202623_LESION,4,marker_only,0,1.5,0.7120079720976582,0.5982742589956864,,,
GSE202623_LESION,4,marker_spatial_smoothing,0,1.5,0.7120079720976582,0.5982742589956864,0.0,,
GSE202623_LESION,4,marker_spatial_smoothing,1,1.5,0.7095166915794718,0.595753407669923,0.05,,
GSE202623_LESION,4,marker_spatial_smoothing,2,1.5,0.7080219232685601,0.5922301681391984,0.1,,
GSE202623_LESION,4,marker_spatial_smoothing,3,1.5,0.700548081714001,0.5861356877361119,0.2,,
GSE202623_LESION,4,marker_spatial_smoothing,4,1.5,0.6905829596412556,0.5769086488031308,0.5,,
GSE202623_LESION,4,marker_spatial_smoothing,5,1.5,0.669157947184853,0.5615530906714103,1.0,,
GSE202623_LESION,4,marker_spatial_smoothing_random_graph,0,1.5,0.7120079720976582,0.5982742589956864,0.0,,
GSE202623_LESION,4,marker_spatial_smoothing_random_graph,1,1.5,0.7090184354758345,0.5943603151597239,0.05,,
GSE202623_LESION,4,marker_spatial_smoothing_random_graph,2,1.5,0.706028898854011,0.5925331884964695,0.1,,
GSE202623_LESION,4,marker_spatial_smoothing_random_graph,3,1.5,0.7035376183358246,0.5909083037028784,0.2,,
GSE202623_LESION,4,marker_spatial_smoothing_random_graph,4,1.5,0.693074240159442,0.5806284344964958,0.5,,
GSE202623_LESION,4,marker_spatial_smoothing_random_graph,5,1.5,0.6711509715994021,0.5630462261396064,1.0,,
GSE202623_LESION,4,marker_learned_neighborhood,0,1.5,0.7120079720976582,0.5982742589956864,,0.0,
GSE202623_LESION,4,marker_learned_neighborhood,1,1.5,0.7115097159940209,0.5967290936261925,,0.05,
GSE202623_LESION,4,marker_learned_neighborhood,2,1.5,0.7095166915794718,0.5966930236396857,,0.1,
GSE202623_LESION,4,marker_learned_neighborhood,3,1.5,0.7035376183358246,0.5901514515566413,,0.2,
GSE202623_LESION,4,marker_learned_neighborhood,4,1.5,0.6925759840558047,0.5837302301398513,,0.5,
GSE202623_LESION,4,marker_learned_neighborhood,5,1.5,0.6661684105630294,0.5737880854420421,,1.0,
GSE202623_LESION,4,marker_context_specific_neighborhood,0,1.5,0.7120079720976582,0.5982742589956864,,,0.0
GSE202623_LESION,4,marker_context_specific_neighborhood,1,1.5,0.7144992526158446,0.597773090591102,,,0.05
GSE202623_LESION,4,marker_context_specific_neighborhood,2,1.5,0.7085201793721974,0.5873694241852078,,,0.1
GSE202623_LESION,4,marker_context_specific_neighborhood,3,1.5,0.7080219232685601,0.5827659183855565,,,0.2
GSE202623_LESION,4,marker_context_specific_neighborhood,4,1.5,0.6865969108121575,0.560998431215437,,,0.5
GSE202623_LESION,4,marker_context_specific_neighborhood,5,1.5,0.6447433981066268,0.5319976457283078,,,1.0
GSE202623_LESION,4,learned_random_graph,0,1.5,0.7120079720976582,0.5982742589956864,,0.0,
GSE202623_LESION,4,learned_random_graph,2,1.5,0.7105132037867464,0.5975939608558718,,0.1,
GSE202623_LESION,4,learned_random_graph,3,1.5,0.7090184354758345,0.5972940604806574,,0.2,
GSE202623_LESION,4,learned_random_graph,1,1.5,0.7115097159940209,0.5966768810274055,,0.05,
GSE202623_LESION,4,learned_random_graph,4,1.5,0.6995515695067265,0.5878380021964215,,0.5,
GSE202623_LESION,4,learned_random_graph,5,1.5,0.6686596910812157,0.5734122093472558,,1.0,
GSE202623_LESION,4,learned_permuted_prior,0,1.5,0.7120079720976582,0.5982742589956864,,0.0,
GSE202623_LESION,4,learned_permuted_prior,1,1.5,0.7144992526158446,0.5948687596781614,,0.05,
GSE202623_LESION,4,learned_permuted_prior,2,1.5,0.7149975087194819,0.5920989300105541,,0.1,
GSE202623_LESION,4,learned_permuted_prior,3,1.5,0.7164922770303936,0.5881371870423455,,0.2,
GSE202623_LESION,4,learned_permuted_prior,4,1.5,0.6975585450921774,0.5620232228386088,,0.5,
GSE202623_LESION,4,learned_permuted_prior,5,1.5,0.6671649227703039,0.5212428705305635,,1.0,
GSE202623_LESION,5,marker_only,0,1.5,0.7248459958932238,0.6397673877726097,,,
GSE202623_LESION,5,marker_spatial_smoothing,0,1.5,0.7248459958932238,0.6397673877726097,0.0,,
GSE202623_LESION,5,marker_spatial_smoothing,3,1.5,0.7227926078028748,0.6352155773017633,0.2,,
GSE202623_LESION,5,marker_spatial_smoothing,2,1.5,0.7222792607802875,0.634993427537538,0.1,,
GSE202623_LESION,5,marker_spatial_smoothing,1,1.5,0.721252566735113,0.6347057385162869,0.05,,
GSE202623_LESION,5,marker_spatial_smoothing,4,1.5,0.7094455852156057,0.6220164338591267,0.5,,
GSE202623_LESION,5,marker_spatial_smoothing,5,1.5,0.6909650924024641,0.6026569136329307,1.0,,
GSE202623_LESION,5,marker_spatial_smoothing_random_graph,0,1.5,0.7248459958932238,0.6397673877726097,0.0,,
GSE202623_LESION,5,marker_spatial_smoothing_random_graph,1,1.5,0.7217659137577002,0.6375232828162001,0.05,,
GSE202623_LESION,5,marker_spatial_smoothing_random_graph,2,1.5,0.7222792607802875,0.6346232300458083,0.1,,
GSE202623_LESION,5,marker_spatial_smoothing_random_graph,3,1.5,0.7197125256673511,0.6334455166258021,0.2,,
GSE202623_LESION,5,marker_spatial_smoothing_random_graph,4,1.5,0.7027720739219713,0.6203480823208536,0.5,,
GSE202623_LESION,5,marker_spatial_smoothing_random_graph,5,1.5,0.6873716632443532,0.6021738727879205,1.0,,
GSE202623_LESION,5,marker_learned_neighborhood,4,1.5,0.7340862422997947,0.6546367957357089,,0.5,
GSE202623_LESION,5,marker_learned_neighborhood,2,1.5,0.7351129363449692,0.6507820923941737,,0.1,
GSE202623_LESION,5,marker_learned_neighborhood,1,1.5,0.731006160164271,0.6456739402994358,,0.05,
GSE202623_LESION,5,marker_learned_neighborhood,3,1.5,0.7325462012320328,0.6455280978557822,,0.2,
GSE202623_LESION,5,marker_learned_neighborhood,0,1.5,0.7248459958932238,0.6397673877726097,,0.0,
GSE202623_LESION,5,marker_learned_neighborhood,5,1.5,0.7017453798767967,0.6355347118267408,,1.0,
GSE202623_LESION,5,marker_context_specific_neighborhood,0,1.5,0.7248459958932238,0.6397673877726097,,,0.0
GSE202623_LESION,5,marker_context_specific_neighborhood,1,1.5,0.7243326488706365,0.632141907877446,,,0.05
GSE202623_LESION,5,marker_context_specific_neighborhood,2,1.5,0.7268993839835729,0.6276656364803002,,,0.1
GSE202623_LESION,5,marker_context_specific_neighborhood,3,1.5,0.7166324435318275,0.6109162148330458,,,0.2
GSE202623_LESION,5,marker_context_specific_neighborhood,4,1.5,0.6873716632443532,0.5790389774859441,,,0.5
GSE202623_LESION,5,marker_context_specific_neighborhood,5,1.5,0.635523613963039,0.5325670933293164,,,1.0
GSE202623_LESION,5,learned_random_graph,2,1.5,0.7381930184804928,0.6513109517455786,,0.1,
GSE202623_LESION,5,learned_random_graph,3,1.5,0.7376796714579056,0.6503365944938849,,0.2,
GSE202623_LESION,5,learned_random_graph,1,1.5,0.7304928131416838,0.6460995747608849,,0.05,
GSE202623_LESION,5,learned_random_graph,4,1.5,0.7315195071868583,0.6456451976025983,,0.5,
GSE202623_LESION,5,learned_random_graph,0,1.5,0.7248459958932238,0.6397673877726097,,0.0,
GSE202623_LESION,5,learned_random_graph,5,1.5,0.6930184804928131,0.6194023189368807,,1.0,
GSE202623_LESION,5,learned_permuted_prior,2,1.5,0.7315195071868583,0.6416104809336021,,0.1,
GSE202623_LESION,5,learned_permuted_prior,1,1.5,0.7274127310061602,0.6405827613140954,,0.05,
GSE202623_LESION,5,learned_permuted_prior,0,1.5,0.7248459958932238,0.6397673877726097,,0.0,
GSE202623_LESION,5,learned_permuted_prior,3,1.5,0.7351129363449692,0.6359113881168185,,0.2,
GSE202623_LESION,5,learned_permuted_prior,4,1.5,0.7263860369609856,0.6134417022378051,,0.5,
GSE202623_LESION,5,learned_permuted_prior,5,1.5,0.715605749486653,0.6047411710905473,,1.0,
SQUIDPY_SEQFISH,1,marker_only,0,1.5,0.7702257761053621,0.7168707419597352,,,
SQUIDPY_SEQFISH,1,marker_spatial_smoothing,4,1.5,0.7732831608654751,0.7200244849754504,0.5,,
SQUIDPY_SEQFISH,1,marker_spatial_smoothing,3,1.5,0.7728127939793038,0.7199078583271619,0.2,,
SQUIDPY_SEQFISH,1,marker_spatial_smoothing,1,1.5,0.7716368767638758,0.718947466315826,0.05,,
SQUIDPY_SEQFISH,1,marker_spatial_smoothing,2,1.5,0.770931326434619,0.7176739670607324,0.1,,
SQUIDPY_SEQFISH,1,marker_spatial_smoothing,0,1.5,0.7702257761053621,0.7168707419597352,0.0,,
SQUIDPY_SEQFISH,1,marker_spatial_smoothing,5,1.5,0.7690498588899342,0.7140672859796267,1.0,,
SQUIDPY_SEQFISH,1,marker_spatial_smoothing_random_graph,4,1.5,0.7704609595484478,0.7205409045888702,0.5,,
SQUIDPY_SEQFISH,1,marker_spatial_smoothing_random_graph,3,1.5,0.7702257761053621,0.7193278849036463,0.2,,
SQUIDPY_SEQFISH,1,marker_spatial_smoothing_random_graph,1,1.5,0.7699905926622765,0.717726707156826,0.05,,
SQUIDPY_SEQFISH,1,marker_spatial_smoothing_random_graph,2,1.5,0.7695202257761053,0.7176836651062497,0.1,,
SQUIDPY_SEQFISH,1,marker_spatial_smoothing_random_graph,0,1.5,0.7702257761053621,0.7168707419597352,0.0,,
SQUIDPY_SEQFISH,1,marker_spatial_smoothing_random_graph,5,1.5,0.7589369708372531,0.7067546059990039,1.0,,
SQUIDPY_SEQFISH,1,marker_learned_neighborhood,2,1.5,0.7704609595484478,0.7180323503417014,,0.1,
SQUIDPY_SEQFISH,1,marker_learned_neighborhood,3,1.5,0.769755409219191,0.7177831760850131,,0.2,
SQUIDPY_SEQFISH,1,marker_learned_neighborhood,0,1.5,0.7702257761053621,0.7168707419597352,,0.0,
SQUIDPY_SEQFISH,1,marker_learned_neighborhood,1,1.5,0.7683443085606774,0.715213340054211,,0.05,
SQUIDPY_SEQFISH,1,marker_learned_neighborhood,4,1.5,0.7603480714957667,0.7096130909905641,,0.5,
SQUIDPY_SEQFISH,1,marker_learned_neighborhood,5,1.5,0.7382408278457196,0.6877930549313923,,1.0,
SQUIDPY_SEQFISH,1,marker_context_specific_neighborhood,1,1.5,0.7718720602069614,0.7199946089856164,,,0.05
SQUIDPY_SEQFISH,1,marker_context_specific_neighborhood,3,1.5,0.7716368767638758,0.7198442929607042,,,0.2
SQUIDPY_SEQFISH,1,marker_context_specific_neighborhood,2,1.5,0.7699905926622765,0.7172248634646774,,,0.1
SQUIDPY_SEQFISH,1,marker_context_specific_neighborhood,0,1.5,0.7702257761053621,0.7168707419597352,,,0.0
SQUIDPY_SEQFISH,1,marker_context_specific_neighborhood,4,1.5,0.760818438381938,0.709635703585022,,,0.5
SQUIDPY_SEQFISH,1,marker_context_specific_neighborhood,5,1.5,0.7405926622765757,0.6859902758404685,,,1.0
SQUIDPY_SEQFISH,1,learned_random_graph,0,1.5,0.7702257761053621,0.7168707419597352,,0.0,
SQUIDPY_SEQFISH,1,learned_random_graph,2,1.5,0.769755409219191,0.7167833380743517,,0.1,
SQUIDPY_SEQFISH,1,learned_random_graph,1,1.5,0.768579492003763,0.7153284470376937,,0.05,
SQUIDPY_SEQFISH,1,learned_random_graph,3,1.5,0.7631702728127939,0.7087454191285287,,0.2,
SQUIDPY_SEQFISH,1,learned_random_graph,4,1.5,0.7467074317968015,0.6924811062918006,,0.5,
SQUIDPY_SEQFISH,1,learned_random_graph,5,1.5,0.7137817497648166,0.6594791122797187,,1.0,
SQUIDPY_SEQFISH,1,learned_permuted_prior,0,1.5,0.7702257761053621,0.7168707419597352,,0.0,
SQUIDPY_SEQFISH,1,learned_permuted_prior,1,1.5,0.7706961429915334,0.7159020922669991,,0.05,
SQUIDPY_SEQFISH,1,learned_permuted_prior,2,1.5,0.7690498588899342,0.7117742495312773,,0.1,
SQUIDPY_SEQFISH,1,learned_permuted_prior,3,1.5,0.7714016933207902,0.711448530027552,,0.2,
SQUIDPY_SEQFISH,1,learned_permuted_prior,4,1.5,0.7678739416745061,0.7009212201951548,,0.5,
SQUIDPY_SEQFISH,1,learned_permuted_prior,5,1.5,0.751175917215428,0.6712313884080716,,1.0,
SQUIDPY_SEQFISH,2,marker_only,0,1.5,0.7469744509188705,0.6984391072868101,,,
SQUIDPY_SEQFISH,2,marker_spatial_smoothing,1,1.5,0.7483191393993724,0.6999099284965834,0.05,,
SQUIDPY_SEQFISH,2,marker_spatial_smoothing,2,1.5,0.7483191393993724,0.6998077710626559,0.1,,
SQUIDPY_SEQFISH,2,marker_spatial_smoothing,0,1.5,0.7469744509188705,0.6984391072868101,0.0,,
SQUIDPY_SEQFISH,2,marker_spatial_smoothing,3,1.5,0.7480950246526221,0.6981772053601512,0.2,,
SQUIDPY_SEQFISH,2,marker_spatial_smoothing,4,1.5,0.7503361721201255,0.698066231070101,0.5,,
SQUIDPY_SEQFISH,2,marker_spatial_smoothing,5,1.5,0.7492155983863739,0.693637738273333,1.0,,
SQUIDPY_SEQFISH,2,marker_spatial_smoothing_random_graph,3,1.5,0.7476467951591215,0.6984807924669361,0.2,,
SQUIDPY_SEQFISH,2,marker_spatial_smoothing_random_graph,1,1.5,0.7471985656656208,0.6984566783452739,0.05,,
SQUIDPY_SEQFISH,2,marker_spatial_smoothing_random_graph,0,1.5,0.7469744509188705,0.6984391072868101,0.0,,
SQUIDPY_SEQFISH,2,marker_spatial_smoothing_random_graph,2,1.5,0.7471985656656208,0.6982902714908085,0.1,,
SQUIDPY_SEQFISH,2,marker_spatial_smoothing_random_graph,4,1.5,0.7429403854773644,0.6933532679090392,0.5,,
SQUIDPY_SEQFISH,2,marker_spatial_smoothing_random_graph,5,1.5,0.7330793366203496,0.681506796007739,1.0,,
SQUIDPY_SEQFISH,2,marker_learned_neighborhood,3,1.5,0.7485432541461228,0.7016040164113122,,0.2,
SQUIDPY_SEQFISH,2,marker_learned_neighborhood,2,1.5,0.7480950246526221,0.700551249154724,,0.1,
SQUIDPY_SEQFISH,2,marker_learned_neighborhood,4,1.5,0.7460779919318691,0.700428710241746,,0.5,
SQUIDPY_SEQFISH,2,marker_learned_neighborhood,1,1.5,0.7478709099058718,0.7003236011411169,,0.05,
SQUIDPY_SEQFISH,2,marker_learned_neighborhood,0,1.5,0.7469744509188705,0.6984391072868101,,0.0,
SQUIDPY_SEQFISH,2,marker_learned_neighborhood,5,1.5,0.7310623038995966,0.684258523703801,,1.0,
SQUIDPY_SEQFISH,2,marker_context_specific_neighborhood,3,1.5,0.7492155983863739,0.7023218598927603,,,0.2
SQUIDPY_SEQFISH,2,marker_context_specific_neighborhood,1,1.5,0.7492155983863739,0.7009207097181738,,,0.05
SQUIDPY_SEQFISH,2,marker_context_specific_neighborhood,2,1.5,0.7474226804123711,0.6993664682922491,,,0.1
SQUIDPY_SEQFISH,2,marker_context_specific_neighborhood,0,1.5,0.7469744509188705,0.6984391072868101,,,0.0
SQUIDPY_SEQFISH,2,marker_context_specific_neighborhood,4,1.5,0.740699238009861,0.691451155781583,,,0.5
SQUIDPY_SEQFISH,2,marker_context_specific_neighborhood,5,1.5,0.7169430748543254,0.6671647223756996,,,1.0
SQUIDPY_SEQFISH,2,learned_random_graph,1,1.5,0.7476467951591215,0.6993434976578379,,0.05,
SQUIDPY_SEQFISH,2,learned_random_graph,2,1.5,0.7474226804123711,0.6988362737345827,,0.1,
SQUIDPY_SEQFISH,2,learned_random_graph,3,1.5,0.7456297624383684,0.6987653985505429,,0.2,
SQUIDPY_SEQFISH,2,learned_random_graph,0,1.5,0.7469744509188705,0.6984391072868101,,0.0,
SQUIDPY_SEQFISH,2,learned_random_graph,4,1.5,0.7355445988346033,0.688189892523594,,0.5,
SQUIDPY_SEQFISH,2,learned_random_graph,5,1.5,0.6996862393545495,0.6507330415355368,,1.0,
SQUIDPY_SEQFISH,2,learned_permuted_prior,0,1.5,0.7469744509188705,0.6984391072868101,,0.0,
SQUIDPY_SEQFISH,2,learned_permuted_prior,1,1.5,0.7463021066786194,0.6972345764678869,,0.05,
SQUIDPY_SEQFISH,2,learned_permuted_prior,2,1.5,0.7438368444643657,0.6944687533091889,,0.1,
SQUIDPY_SEQFISH,2,learned_permuted_prior,3,1.5,0.7427162707306141,0.6914028678960389,,0.2,
SQUIDPY_SEQFISH,2,learned_permuted_prior,4,1.5,0.7312864186463469,0.6732217423987149,,0.5,
SQUIDPY_SEQFISH,2,learned_permuted_prior,5,1.5,0.7068579112505603,0.6452065477382537,,1.0,
SQUIDPY_SEQFISH,3,marker_only,0,1.5,0.7114355231143552,0.6726739847737851,,,
SQUIDPY_SEQFISH,3,marker_spatial_smoothing,2,1.5,0.7155717761557178,0.6780667633650903,0.1,,
SQUIDPY_SEQFISH,3,marker_spatial_smoothing,3,1.5,0.7167883211678832,0.6780403717257131,0.2,,
SQUIDPY_SEQFISH,3,marker_spatial_smoothing,4,1.5,0.7167883211678832,0.6761034015102646,0.5,,
SQUIDPY_SEQFISH,3,marker_spatial_smoothing,1,1.5,0.71338199513382,0.6755658297896624,0.05,,
SQUIDPY_SEQFISH,3,marker_spatial_smoothing,0,1.5,0.7114355231143552,0.6726739847737851,0.0,,
SQUIDPY_SEQFISH,3,marker_spatial_smoothing,5,1.5,0.7128953771289538,0.669713014610226,1.0,,
SQUIDPY_SEQFISH,3,marker_spatial_smoothing_random_graph,2,1.5,0.7148418491484185,0.6766682495062037,0.1,,
SQUIDPY_SEQFISH,3,marker_spatial_smoothing_random_graph,1,1.5,0.71338199513382,0.6753981312134228,0.05,,
SQUIDPY_SEQFISH,3,marker_spatial_smoothing_random_graph,3,1.5,0.71338199513382,0.6748046517752039,0.2,,
SQUIDPY_SEQFISH,3,marker_spatial_smoothing_random_graph,0,1.5,0.7114355231143552,0.6726739847737851,0.0,,
SQUIDPY_SEQFISH,3,marker_spatial_smoothing_random_graph,4,1.5,0.7087591240875912,0.6672110444013591,0.5,,
SQUIDPY_SEQFISH,3,marker_spatial_smoothing_random_graph,5,1.5,0.7019464720194647,0.6577454259437865,1.0,,
SQUIDPY_SEQFISH,3,marker_learned_neighborhood,4,1.5,0.7184914841849148,0.6843444764724412,,0.5,
SQUIDPY_SEQFISH,3,marker_learned_neighborhood,3,1.5,0.7184914841849148,0.6827638513854125,,0.2,
SQUIDPY_SEQFISH,3,marker_learned_neighborhood,2,1.5,0.7177615571776156,0.6812019234269969,,0.1,
SQUIDPY_SEQFISH,3,marker_learned_neighborhood,1,1.5,0.7141119221411192,0.6766812653102608,,0.05,
SQUIDPY_SEQFISH,3,marker_learned_neighborhood,0,1.5,0.7114355231143552,0.6726739847737851,,0.0,
SQUIDPY_SEQFISH,3,marker_learned_neighborhood,5,1.5,0.7014598540145985,0.6684304242596304,,1.0,
SQUIDPY_SEQFISH,3,marker_context_specific_neighborhood,2,1.5,0.7160583941605839,0.6785268206384125,,,0.1
SQUIDPY_SEQFISH,3,marker_context_specific_neighborhood,3,1.5,0.7153284671532847,0.6784303172522633,,,0.2
SQUIDPY_SEQFISH,3,marker_context_specific_neighborhood,1,1.5,0.7143552311435523,0.6764443604017154,,,0.05
SQUIDPY_SEQFISH,3,marker_context_specific_neighborhood,4,1.5,0.7126520681265207,0.675035711376939,,,0.5
SQUIDPY_SEQFISH,3,marker_context_specific_neighborhood,0,1.5,0.7114355231143552,0.6726739847737851,,,0.0
SQUIDPY_SEQFISH,3,marker_context_specific_neighborhood,5,1.5,0.6924574209245742,0.6525679768848478,,,1.0
SQUIDPY_SEQFISH,3,learned_random_graph,2,1.5,0.716301703163017,0.6785671415984703,,0.1,
SQUIDPY_SEQFISH,3,learned_random_graph,3,1.5,0.7141119221411192,0.6759942231789628,,0.2,
SQUIDPY_SEQFISH,3,learned_random_graph,1,1.5,0.7138686131386861,0.6758472024523584,,0.05,
SQUIDPY_SEQFISH,3,learned_random_graph,0,1.5,0.7114355231143552,0.6726739847737851,,0.0,
SQUIDPY_SEQFISH,3,learned_random_graph,4,1.5,0.7055961070559611,0.6687775233644403,,0.5,
SQUIDPY_SEQFISH,3,learned_random_graph,5,1.5,0.6844282238442823,0.6467843592657649,,1.0,
SQUIDPY_SEQFISH,3,learned_permuted_prior,2,1.5,0.7143552311435523,0.6777453748401314,,0.1,
SQUIDPY_SEQFISH,3,learned_permuted_prior,1,1.5,0.7141119221411192,0.6762701105216978,,0.05,
SQUIDPY_SEQFISH,3,learned_permuted_prior,3,1.5,0.713625304136253,0.6761468247292617,,0.2,
SQUIDPY_SEQFISH,3,learned_permuted_prior,0,1.5,0.7114355231143552,0.6726739847737851,,0.0,
SQUIDPY_SEQFISH,3,learned_permuted_prior,4,1.5,0.702676399026764,0.6643386348055822,,0.5,
SQUIDPY_SEQFISH,3,learned_permuted_prior,5,1.5,0.672992700729927,0.6314095492834603,,1.0,
SQUIDPY_SEQFISH,4,marker_only,0,1.5,0.7620859444941809,0.7077503181737363,,,
SQUIDPY_SEQFISH,4,marker_spatial_smoothing,3,1.5,0.7658907788719785,0.7093627129147559,0.2,,
SQUIDPY_SEQFISH,4,marker_spatial_smoothing,0,1.5,0.7620859444941809,0.7077503181737363,0.0,,
SQUIDPY_SEQFISH,4,marker_spatial_smoothing,1,1.5,0.7634288272157564,0.7076372649872399,0.05,,
SQUIDPY_SEQFISH,4,marker_spatial_smoothing,2,1.5,0.7641002685765443,0.7068203174781362,0.1,,
SQUIDPY_SEQFISH,4,marker_spatial_smoothing,4,1.5,0.7656669650850493,0.7059628133544689,0.5,,
SQUIDPY_SEQFISH,4,marker_spatial_smoothing,5,1.5,0.7638764547896151,0.7029897895658721,1.0,,
SQUIDPY_SEQFISH,4,marker_spatial_smoothing_random_graph,2,1.5,0.7634288272157564,0.7083626279320919,0.1,,
SQUIDPY_SEQFISH,4,marker_spatial_smoothing_random_graph,0,1.5,0.7620859444941809,0.7077503181737363,0.0,,
SQUIDPY_SEQFISH,4,marker_spatial_smoothing_random_graph,1,1.5,0.7632050134288272,0.7076494496884567,0.05,,
SQUIDPY_SEQFISH,4,marker_spatial_smoothing_random_graph,3,1.5,0.7629811996418979,0.7056612760996551,0.2,,
SQUIDPY_SEQFISH,4,marker_spatial_smoothing_random_graph,4,1.5,0.7600716204118174,0.7010242612744683,0.5,,
SQUIDPY_SEQFISH,4,marker_spatial_smoothing_random_graph,5,1.5,0.752461951656222,0.6922105848480867,1.0,,
SQUIDPY_SEQFISH,4,marker_learned_neighborhood,2,1.5,0.7652193375111906,0.7106932903828154,,0.1,
SQUIDPY_SEQFISH,4,marker_learned_neighborhood,3,1.5,0.76544315129812,0.7106260417842803,,0.2,
SQUIDPY_SEQFISH,4,marker_learned_neighborhood,1,1.5,0.7643240823634736,0.7097207427073157,,0.05,
SQUIDPY_SEQFISH,4,marker_learned_neighborhood,4,1.5,0.7629811996418979,0.7081971486500438,,0.5,
SQUIDPY_SEQFISH,4,marker_learned_neighborhood,0,1.5,0.7620859444941809,0.7077503181737363,,0.0,
SQUIDPY_SEQFISH,4,marker_learned_neighborhood,5,1.5,0.7479856759176365,0.6955139156239502,,1.0,
SQUIDPY_SEQFISH,4,marker_context_specific_neighborhood,2,1.5,0.7681289167412713,0.7142683050624763,,,0.1
SQUIDPY_SEQFISH,4,marker_context_specific_neighborhood,3,1.5,0.7681289167412713,0.7132968283504585,,,0.2
SQUIDPY_SEQFISH,4,marker_context_specific_neighborhood,1,1.5,0.7652193375111906,0.711357023180712,,,0.05
SQUIDPY_SEQFISH,4,marker_context_specific_neighborhood,0,1.5,0.7620859444941809,0.7077503181737363,,,0.0
SQUIDPY_SEQFISH,4,marker_context_specific_neighborhood,4,1.5,0.7607430617726052,0.7058130916887115,,,0.5
SQUIDPY_SEQFISH,4,marker_context_specific_neighborhood,5,1.5,0.7412712623097583,0.6845120270752967,,,1.0
SQUIDPY_SEQFISH,4,learned_random_graph,1,1.5,0.7627573858549687,0.7085265080114284,,0.05,
SQUIDPY_SEQFISH,4,learned_random_graph,0,1.5,0.7620859444941809,0.7077503181737363,,0.0,
SQUIDPY_SEQFISH,4,learned_random_graph,2,1.5,0.7625335720680394,0.7058982651008938,,0.1,
SQUIDPY_SEQFISH,4,learned_random_graph,3,1.5,0.7636526410026858,0.7057808338374212,,0.2,
SQUIDPY_SEQFISH,4,learned_random_graph,4,1.5,0.7529095792300806,0.6936220593663888,,0.5,
SQUIDPY_SEQFISH,4,learned_random_graph,5,1.5,0.7215756490599821,0.6641356297018104,,1.0,
SQUIDPY_SEQFISH,4,learned_permuted_prior,0,1.5,0.7620859444941809,0.7077503181737363,,0.0,
SQUIDPY_SEQFISH,4,learned_permuted_prior,1,1.5,0.7641002685765443,0.7072641238579593,,0.05,
SQUIDPY_SEQFISH,4,learned_permuted_prior,2,1.5,0.7643240823634736,0.7046269164997023,,0.1,
SQUIDPY_SEQFISH,4,learned_permuted_prior,3,1.5,0.7641002685765443,0.7041290155890132,,0.2,
SQUIDPY_SEQFISH,4,learned_permuted_prior,4,1.5,0.7551477170993733,0.6932990722801767,,0.5,
SQUIDPY_SEQFISH,4,learned_permuted_prior,5,1.5,0.7343330349149507,0.6715087796217907,,1.0,
SQUIDPY_SEQFISH,5,marker_only,0,1.5,0.7403846153846154,0.6864517004187436,,,
SQUIDPY_SEQFISH,5,marker_spatial_smoothing,1,1.5,0.7422607879924953,0.6893220195794635,0.05,,
SQUIDPY_SEQFISH,5,marker_spatial_smoothing,2,1.5,0.7420262664165104,0.6884505455948338,0.1,,
SQUIDPY_SEQFISH,5,marker_spatial_smoothing,3,1.5,0.7408536585365854,0.6868150181351492,0.2,,
SQUIDPY_SEQFISH,5,marker_spatial_smoothing,0,1.5,0.7403846153846154,0.6864517004187436,0.0,,
SQUIDPY_SEQFISH,5,marker_spatial_smoothing,4,1.5,0.7382739212007504,0.6813058713721146,0.5,,
SQUIDPY_SEQFISH,5,marker_spatial_smoothing,5,1.5,0.7319418386491557,0.6735014368670933,1.0,,
SQUIDPY_SEQFISH,5,marker_spatial_smoothing_random_graph,1,1.5,0.7408536585365854,0.6878749859721252,0.05,,
SQUIDPY_SEQFISH,5,marker_spatial_smoothing_random_graph,2,1.5,0.7399155722326454,0.6874780899118773,0.1,,
SQUIDPY_SEQFISH,5,marker_spatial_smoothing_random_graph,0,1.5,0.7403846153846154,0.6864517004187436,0.0,,
SQUIDPY_SEQFISH,5,marker_spatial_smoothing_random_graph,3,1.5,0.7394465290806754,0.6858643944681595,0.2,,
SQUIDPY_SEQFISH,5,marker_spatial_smoothing_random_graph,4,1.5,0.7293621013133208,0.6756129542447342,0.5,,
SQUIDPY_SEQFISH,5,marker_spatial_smoothing_random_graph,5,1.5,0.7157598499061913,0.6595710812509259,1.0,,
SQUIDPY_SEQFISH,5,marker_learned_neighborhood,4,1.5,0.7427298311444653,0.6949555560142121,,0.5,
SQUIDPY_SEQFISH,5,marker_learned_neighborhood,3,1.5,0.7462476547842402,0.6948279645758277,,0.2,
SQUIDPY_SEQFISH,5,marker_learned_neighborhood,2,1.5,0.7453095684803002,0.6937650649846182,,0.1,
SQUIDPY_SEQFISH,5,marker_learned_neighborhood,1,1.5,0.7422607879924953,0.6899791496526729,,0.05,
SQUIDPY_SEQFISH,5,marker_learned_neighborhood,0,1.5,0.7403846153846154,0.6864517004187436,,0.0,
SQUIDPY_SEQFISH,5,marker_learned_neighborhood,5,1.5,0.7310037523452158,0.6853972111823244,,1.0,
SQUIDPY_SEQFISH,5,marker_context_specific_neighborhood,2,1.5,0.7415572232645403,0.6896621011785712,,,0.1
SQUIDPY_SEQFISH,5,marker_context_specific_neighborhood,3,1.5,0.7410881801125704,0.6893597596274653,,,0.2
SQUIDPY_SEQFISH,5,marker_context_specific_neighborhood,1,1.5,0.7410881801125704,0.6887920644652951,,,0.05
SQUIDPY_SEQFISH,5,marker_context_specific_neighborhood,4,1.5,0.7342870544090057,0.6887873639789037,,,0.5
SQUIDPY_SEQFISH,5,marker_context_specific_neighborhood,0,1.5,0.7403846153846154,0.6864517004187436,,,0.0
SQUIDPY_SEQFISH,5,marker_context_specific_neighborhood,5,1.5,0.7138836772983115,0.6694643031399011,,,1.0
SQUIDPY_SEQFISH,5,learned_random_graph,1,1.5,0.7420262664165104,0.6896461208066075,,0.05,
SQUIDPY_SEQFISH,5,learned_random_graph,2,1.5,0.7420262664165104,0.6891542800310988,,0.1,
SQUIDPY_SEQFISH,5,learned_random_graph,3,1.5,0.7410881801125704,0.6888968213089265,,0.2,
SQUIDPY_SEQFISH,5,learned_random_graph,0,1.5,0.7403846153846154,0.6864517004187436,,0.0,
SQUIDPY_SEQFISH,5,learned_random_graph,4,1.5,0.7335834896810507,0.6821967076461752,,0.5,
SQUIDPY_SEQFISH,5,learned_random_graph,5,1.5,0.7077861163227017,0.6556815171273798,,1.0,
SQUIDPY_SEQFISH,5,learned_permuted_prior,1,1.5,0.7450750469043153,0.6914529071073624,,0.05,
SQUIDPY_SEQFISH,5,learned_permuted_prior,2,1.5,0.7431988742964353,0.6883330543657463,,0.1,
SQUIDPY_SEQFISH,5,learned_permuted_prior,0,1.5,0.7403846153846154,0.6864517004187436,,0.0,
SQUIDPY_SEQFISH,5,learned_permuted_prior,3,1.5,0.7434333958724203,0.6864125591383211,,0.2,
SQUIDPY_SEQFISH,5,learned_permuted_prior,4,1.5,0.7317073170731707,0.6723536066873285,,0.5,
SQUIDPY_SEQFISH,5,learned_permuted_prior,5,1.5,0.7059099437148217,0.6417187168576131,,1.0,
SQUIDPY_MERFISH,1,marker_only,0,1.5,0.8151515151515152,0.7664712455707509,,,
SQUIDPY_MERFISH,1,marker_spatial_smoothing,1,1.5,0.8166666666666667,0.7677452408129622,0.05,,
SQUIDPY_MERFISH,1,marker_spatial_smoothing,2,1.5,0.8166666666666667,0.766982945756348,0.1,,
SQUIDPY_MERFISH,1,marker_spatial_smoothing,0,1.5,0.8151515151515152,0.7664712455707509,0.0,,
SQUIDPY_MERFISH,1,marker_spatial_smoothing,3,1.5,0.8157575757575758,0.7644819504526237,0.2,,
SQUIDPY_MERFISH,1,marker_spatial_smoothing,4,1.5,0.816969696969697,0.7640301310163273,0.5,,
SQUIDPY_MERFISH,1,marker_spatial_smoothing,5,1.5,0.8148484848484848,0.761061139502213,1.0,,
SQUIDPY_MERFISH,1,marker_spatial_smoothing_random_graph,5,1.5,0.8181818181818182,0.7719711665317388,1.0,,
SQUIDPY_MERFISH,1,marker_spatial_smoothing_random_graph,4,1.5,0.8166666666666667,0.7682352356335126,0.5,,
SQUIDPY_MERFISH,1,marker_spatial_smoothing_random_graph,1,1.5,0.8157575757575758,0.7669333354022718,0.05,,
SQUIDPY_MERFISH,1,marker_spatial_smoothing_random_graph,2,1.5,0.8166666666666667,0.7667560254516358,0.1,,
SQUIDPY_MERFISH,1,marker_spatial_smoothing_random_graph,3,1.5,0.816969696969697,0.7667330735591615,0.2,,
SQUIDPY_MERFISH,1,marker_spatial_smoothing_random_graph,0,1.5,0.8151515151515152,0.7664712455707509,0.0,,
SQUIDPY_MERFISH,1,marker_learned_neighborhood,2,1.5,0.8172727272727273,0.7700881976033728,,0.1,
SQUIDPY_MERFISH,1,marker_learned_neighborhood,3,1.5,0.8184848484848485,0.7694012466718214,,0.2,
SQUIDPY_MERFISH,1,marker_learned_neighborhood,1,1.5,0.8157575757575758,0.7687390913592225,,0.05,
SQUIDPY_MERFISH,1,marker_learned_neighborhood,0,1.5,0.8151515151515152,0.7664712455707509,,0.0,
SQUIDPY_MERFISH,1,marker_learned_neighborhood,4,1.5,0.8133333333333334,0.7597525789022066,,0.5,
SQUIDPY_MERFISH,1,marker_learned_neighborhood,5,1.5,0.7921212121212121,0.7352897032318891,,1.0,
SQUIDPY_MERFISH,1,marker_context_specific_neighborhood,2,1.5,0.8163636363636364,0.7675524087425701,,,0.1
SQUIDPY_MERFISH,1,marker_context_specific_neighborhood,1,1.5,0.8154545454545454,0.7668512711183192,,,0.05
SQUIDPY_MERFISH,1,marker_context_specific_neighborhood,0,1.5,0.8151515151515152,0.7664712455707509,,,0.0
SQUIDPY_MERFISH,1,marker_context_specific_neighborhood,3,1.5,0.8154545454545454,0.7642616246079567,,,0.2
SQUIDPY_MERFISH,1,marker_context_specific_neighborhood,4,1.5,0.8078787878787879,0.7499659628129189,,,0.5
SQUIDPY_MERFISH,1,marker_context_specific_neighborhood,5,1.5,0.786060606060606,0.7235319129322378,,,1.0
SQUIDPY_MERFISH,1,learned_random_graph,2,1.5,0.8166666666666667,0.770171961126667,,0.1,
SQUIDPY_MERFISH,1,learned_random_graph,1,1.5,0.8151515151515152,0.7676267937725159,,0.05,
SQUIDPY_MERFISH,1,learned_random_graph,0,1.5,0.8151515151515152,0.7664712455707509,,0.0,
SQUIDPY_MERFISH,1,learned_random_graph,3,1.5,0.8145454545454546,0.765844941484256,,0.2,
SQUIDPY_MERFISH,1,learned_random_graph,4,1.5,0.8021212121212121,0.748824929566044,,0.5,
SQUIDPY_MERFISH,1,learned_random_graph,5,1.5,0.7696969696969697,0.7163821420384601,,1.0,
SQUIDPY_MERFISH,1,learned_permuted_prior,1,1.5,0.816060606060606,0.7675217821044414,,0.05,
SQUIDPY_MERFISH,1,learned_permuted_prior,0,1.5,0.8151515151515152,0.7664712455707509,,0.0,
SQUIDPY_MERFISH,1,learned_permuted_prior,2,1.5,0.813939393939394,0.7649874475809164,,0.1,
SQUIDPY_MERFISH,1,learned_permuted_prior,3,1.5,0.8103030303030303,0.7608040192792177,,0.2,
SQUIDPY_MERFISH,1,learned_permuted_prior,4,1.5,0.7884848484848485,0.742909277883341,,0.5,
SQUIDPY_MERFISH,1,learned_permuted_prior,5,1.5,0.7496969696969698,0.7086399255126707,,1.0,
SQUIDPY_MERFISH,2,marker_only,0,1.5,0.7855464159811986,0.7484634814292881,,,
SQUIDPY_MERFISH,2,marker_spatial_smoothing,4,1.5,0.7920094007050529,0.7579616839002717,0.5,,
SQUIDPY_MERFISH,2,marker_spatial_smoothing,5,1.5,0.7878965922444183,0.7542148527767264,1.0,,
SQUIDPY_MERFISH,2,marker_spatial_smoothing,3,1.5,0.7887779083431258,0.75305236263511,0.2,,
SQUIDPY_MERFISH,2,marker_spatial_smoothing,2,1.5,0.7870152761457109,0.7513352710024286,0.1,,
SQUIDPY_MERFISH,2,marker_spatial_smoothing,1,1.5,0.7867215041128085,0.750012763904489,0.05,,
SQUIDPY_MERFISH,2,marker_spatial_smoothing,0,1.5,0.7855464159811986,0.7484634814292881,0.0,,
SQUIDPY_MERFISH,2,marker_spatial_smoothing_random_graph,5,1.5,0.7917156286721504,0.7606471755311343,1.0,,
SQUIDPY_MERFISH,2,marker_spatial_smoothing_random_graph,4,1.5,0.7911280846063454,0.7584475846796327,0.5,,
SQUIDPY_MERFISH,2,marker_spatial_smoothing_random_graph,3,1.5,0.7893654524089306,0.7544805192912326,0.2,,
SQUIDPY_MERFISH,2,marker_spatial_smoothing_random_graph,2,1.5,0.7881903642773208,0.7527155951643594,0.1,,
SQUIDPY_MERFISH,2,marker_spatial_smoothing_random_graph,1,1.5,0.7876028202115158,0.7519656485389216,0.05,,
SQUIDPY_MERFISH,2,marker_spatial_smoothing_random_graph,0,1.5,0.7855464159811986,0.7484634814292881,0.0,,
SQUIDPY_MERFISH,2,marker_learned_neighborhood,2,1.5,0.7920094007050529,0.75563001907278,,0.1,
SQUIDPY_MERFISH,2,marker_learned_neighborhood,3,1.5,0.7902467685076381,0.7534105406194654,,0.2,
SQUIDPY_MERFISH,2,marker_learned_neighborhood,1,1.5,0.7890716803760282,0.7529180662458834,,0.05,
SQUIDPY_MERFISH,2,marker_learned_neighborhood,0,1.5,0.7855464159811986,0.7484634814292881,,0.0,
SQUIDPY_MERFISH,2,marker_learned_neighborhood,4,1.5,0.7823149236192715,0.7406754514922633,,0.5,
SQUIDPY_MERFISH,2,marker_learned_neighborhood,5,1.5,0.763807285546416,0.7184322716353801,,1.0,
SQUIDPY_MERFISH,2,marker_context_specific_neighborhood,1,1.5,0.7873090481786134,0.749731288766274,,,0.05
SQUIDPY_MERFISH,2,marker_context_specific_neighborhood,0,1.5,0.7855464159811986,0.7484634814292881,,,0.0
SQUIDPY_MERFISH,2,marker_context_specific_neighborhood,2,1.5,0.7873090481786134,0.7482657455761924,,,0.1
SQUIDPY_MERFISH,2,marker_context_specific_neighborhood,3,1.5,0.782021151586369,0.7394409513337364,,,0.2
SQUIDPY_MERFISH,2,marker_context_specific_neighborhood,4,1.5,0.7737955346650999,0.7291321283032305,,,0.5
SQUIDPY_MERFISH,2,marker_context_specific_neighborhood,5,1.5,0.7596944770857814,0.7149591363817497,,,1.0
SQUIDPY_MERFISH,2,learned_random_graph,1,1.5,0.7861339600470035,0.7488591948075907,,0.05,
SQUIDPY_MERFISH,2,learned_random_graph,2,1.5,0.785840188014101,0.7487326104265623,,0.1,
SQUIDPY_MERFISH,2,learned_random_graph,0,1.5,0.7855464159811986,0.7484634814292881,,0.0,
SQUIDPY_MERFISH,2,learned_random_graph,3,1.5,0.7846650998824912,0.7475347347819861,,0.2,
SQUIDPY_MERFISH,2,learned_random_graph,4,1.5,0.7755581668625147,0.7377235502512316,,0.5,
SQUIDPY_MERFISH,2,learned_random_graph,5,1.5,0.7461809635722679,0.7016395590809213,,1.0,
SQUIDPY_MERFISH,2,learned_permuted_prior,2,1.5,0.7925969447708578,0.7601446664108772,,0.1,
SQUIDPY_MERFISH,2,learned_permuted_prior,3,1.5,0.7899529964747356,0.7592699128248768,,0.2,
SQUIDPY_MERFISH,2,learned_permuted_prior,1,1.5,0.790834312573443,0.7577772480196638,,0.05,
SQUIDPY_MERFISH,2,learned_permuted_prior,0,1.5,0.7855464159811986,0.7484634814292881,,0.0,
SQUIDPY_MERFISH,2,learned_permuted_prior,4,1.5,0.7690951821386603,0.7356231261138507,,0.5,
SQUIDPY_MERFISH,2,learned_permuted_prior,5,1.5,0.745593419506463,0.714611852293577,,1.0,
SQUIDPY_MERFISH,3,marker_only,0,1.5,0.8083357792779572,0.7819293231703195,,,
SQUIDPY_MERFISH,3,marker_spatial_smoothing,3,1.5,0.8130319929556795,0.7869572859173365,0.2,,
SQUIDPY_MERFISH,3,marker_spatial_smoothing,4,1.5,0.8127384796008218,0.7863286596239408,0.5,,
SQUIDPY_MERFISH,3,marker_spatial_smoothing,2,1.5,0.8103903727619607,0.783385627192549,0.1,,
SQUIDPY_MERFISH,3,marker_spatial_smoothing,1,1.5,0.8095098326973877,0.7832041919855839,0.05,,
SQUIDPY_MERFISH,3,marker_spatial_smoothing,5,1.5,0.8121514528911066,0.7824918435918203,1.0,,
SQUIDPY_MERFISH,3,marker_spatial_smoothing,0,1.5,0.8083357792779572,0.7819293231703195,0.0,,
SQUIDPY_MERFISH,3,marker_spatial_smoothing_random_graph,2,1.5,0.8109773994716759,0.7845772051036748,0.1,,
SQUIDPY_MERFISH,3,marker_spatial_smoothing_random_graph,1,1.5,0.8095098326973877,0.7828785255233374,0.05,,
SQUIDPY_MERFISH,3,marker_spatial_smoothing_random_graph,4,1.5,0.8100968594071031,0.7823722446162477,0.5,,
SQUIDPY_MERFISH,3,marker_spatial_smoothing_random_graph,3,1.5,0.8089228059876724,0.781990002254591,0.2,,
SQUIDPY_MERFISH,3,marker_spatial_smoothing_random_graph,0,1.5,0.8083357792779572,0.7819293231703195,0.0,,
SQUIDPY_MERFISH,3,marker_spatial_smoothing_random_graph,5,1.5,0.8071617258585265,0.7781998149502868,1.0,,
SQUIDPY_MERFISH,3,marker_learned_neighborhood,1,1.5,0.8121514528911066,0.7872652554198307,,0.05,
SQUIDPY_MERFISH,3,marker_learned_neighborhood,2,1.5,0.8118579395362489,0.7871645640723398,,0.1,
SQUIDPY_MERFISH,3,marker_learned_neighborhood,3,1.5,0.8109773994716759,0.7851732758882723,,0.2,
SQUIDPY_MERFISH,3,marker_learned_neighborhood,0,1.5,0.8083357792779572,0.7819293231703195,,0.0,
SQUIDPY_MERFISH,3,marker_learned_neighborhood,4,1.5,0.805987672439096,0.7737823158272369,,0.5,
SQUIDPY_MERFISH,3,marker_learned_neighborhood,5,1.5,0.7848547108893454,0.7476367682937143,,1.0,
SQUIDPY_MERFISH,3,marker_context_specific_neighborhood,1,1.5,0.8098033460522454,0.7838318250755596,,,0.05
SQUIDPY_MERFISH,3,marker_context_specific_neighborhood,2,1.5,0.8098033460522454,0.7828145414572079,,,0.1
SQUIDPY_MERFISH,3,marker_context_specific_neighborhood,0,1.5,0.8083357792779572,0.7819293231703195,,,0.0
SQUIDPY_MERFISH,3,marker_context_specific_neighborhood,3,1.5,0.8089228059876724,0.7784389995564026,,,0.2
SQUIDPY_MERFISH,3,marker_context_specific_neighborhood,4,1.5,0.7948341649545054,0.7612077722622964,,,0.5
SQUIDPY_MERFISH,3,marker_context_specific_neighborhood,5,1.5,0.757851482242442,0.723217593690691,,,1.0
SQUIDPY_MERFISH,3,learned_random_graph,2,1.5,0.8092163193425301,0.7842972281486473,,0.1,
SQUIDPY_MERFISH,3,learned_random_graph,1,1.5,0.8092163193425301,0.7836400801050636,,0.05,
SQUIDPY_MERFISH,3,learned_random_graph,3,1.5,0.8077487525682419,0.7823128526350528,,0.2,
SQUIDPY_MERFISH,3,learned_random_graph,0,1.5,0.8083357792779572,0.7819293231703195,,0.0,
SQUIDPY_MERFISH,3,learned_random_graph,4,1.5,0.7983563252127972,0.7669716010227584,,0.5,
SQUIDPY_MERFISH,3,learned_random_graph,5,1.5,0.7675374229527443,0.7313599926966474,,1.0,
SQUIDPY_MERFISH,3,learned_permuted_prior,0,1.5,0.8083357792779572,0.7819293231703195,,0.0,
SQUIDPY_MERFISH,3,learned_permuted_prior,1,1.5,0.8048136190196654,0.7787395835170002,,0.05,
SQUIDPY_MERFISH,3,learned_permuted_prior,2,1.5,0.7986498385676548,0.7738993499746731,,0.1,
SQUIDPY_MERFISH,3,learned_permuted_prior,3,1.5,0.7851482242442032,0.7600540969235149,,0.2,
SQUIDPY_MERFISH,3,learned_permuted_prior,4,1.5,0.7522747285001468,0.7304962368631194,,0.5,
SQUIDPY_MERFISH,3,learned_permuted_prior,5,1.5,0.6926915174640446,0.6750513814049645,,1.0,
SQUIDPY_MERFISH,4,marker_only,0,1.5,0.8164768921634293,0.8045182373064131,,,
SQUIDPY_MERFISH,4,marker_spatial_smoothing,3,1.5,0.8241795043536504,0.8116297187703682,0.2,,
SQUIDPY_MERFISH,4,marker_spatial_smoothing,4,1.5,0.8241795043536504,0.810002334645714,0.5,,
SQUIDPY_MERFISH,4,marker_spatial_smoothing,2,1.5,0.8184862692565305,0.8067952272602097,0.1,,
SQUIDPY_MERFISH,4,marker_spatial_smoothing,5,1.5,0.8241795043536504,0.8061990797696502,1.0,,
SQUIDPY_MERFISH,4,marker_spatial_smoothing,1,1.5,0.8181513730743469,0.8054059178458675,0.05,,
SQUIDPY_MERFISH,4,marker_spatial_smoothing,0,1.5,0.8164768921634293,0.8045182373064131,0.0,,
SQUIDPY_MERFISH,4,marker_spatial_smoothing_random_graph,3,1.5,0.8204956463496316,0.8084901576996842,0.2,,
SQUIDPY_MERFISH,4,marker_spatial_smoothing_random_graph,5,1.5,0.825184192900201,0.8081511590610693,1.0,,
SQUIDPY_MERFISH,4,marker_spatial_smoothing_random_graph,4,1.5,0.8221701272605493,0.8080541121990524,0.5,,
SQUIDPY_MERFISH,4,marker_spatial_smoothing_random_graph,2,1.5,0.8178164768921634,0.805989517807277,0.1,,
SQUIDPY_MERFISH,4,marker_spatial_smoothing_random_graph,1,1.5,0.8174815807099799,0.8048591986634325,0.05,,
SQUIDPY_MERFISH,4,marker_spatial_smoothing_random_graph,0,1.5,0.8164768921634293,0.8045182373064131,0.0,,
SQUIDPY_MERFISH,4,marker_learned_neighborhood,2,1.5,0.8171466845277964,0.8052925774148025,,0.1,
SQUIDPY_MERFISH,4,marker_learned_neighborhood,0,1.5,0.8164768921634293,0.8045182373064131,,0.0,
SQUIDPY_MERFISH,4,marker_learned_neighborhood,1,1.5,0.8161419959812458,0.804169611756107,,0.05,
SQUIDPY_MERFISH,4,marker_learned_neighborhood,3,1.5,0.8181513730743469,0.8039220839213438,,0.2,
SQUIDPY_MERFISH,4,marker_learned_neighborhood,4,1.5,0.8114534494306765,0.7903285623643815,,0.5,
SQUIDPY_MERFISH,4,marker_learned_neighborhood,5,1.5,0.7886805090421969,0.7608624993445157,,1.0,
SQUIDPY_MERFISH,4,marker_context_specific_neighborhood,3,1.5,0.8191560616208975,0.8069071196642955,,,0.2
SQUIDPY_MERFISH,4,marker_context_specific_neighborhood,0,1.5,0.8164768921634293,0.8045182373064131,,,0.0
SQUIDPY_MERFISH,4,marker_context_specific_neighborhood,1,1.5,0.8151373074346953,0.8031844921390479,,,0.05
SQUIDPY_MERFISH,4,marker_context_specific_neighborhood,2,1.5,0.8148024112525117,0.8018981442814898,,,0.1
SQUIDPY_MERFISH,4,marker_context_specific_neighborhood,4,1.5,0.8107836570663094,0.7913258721643939,,,0.5
SQUIDPY_MERFISH,4,marker_context_specific_neighborhood,5,1.5,0.775954454119223,0.7513081493782231,,,1.0
SQUIDPY_MERFISH,4,learned_random_graph,1,1.5,0.8168117883456129,0.805529972201749,,0.05,
SQUIDPY_MERFISH,4,learned_random_graph,0,1.5,0.8164768921634293,0.8045182373064131,,0.0,
SQUIDPY_MERFISH,4,learned_random_graph,2,1.5,0.8154722036168788,0.8035924059316215,,0.1,
SQUIDPY_MERFISH,4,learned_random_graph,3,1.5,0.8144675150703282,0.8000700783081091,,0.2,
SQUIDPY_MERFISH,4,learned_random_graph,4,1.5,0.8054253181513731,0.7854323406982063,,0.5,
SQUIDPY_MERFISH,4,learned_random_graph,5,1.5,0.7853315472203617,0.7506563283297223,,1.0,
SQUIDPY_MERFISH,4,learned_permuted_prior,1,1.5,0.8208305425318151,0.8075446987659287,,0.05,
SQUIDPY_MERFISH,4,learned_permuted_prior,0,1.5,0.8164768921634293,0.8045182373064131,,0.0,
SQUIDPY_MERFISH,4,learned_permuted_prior,2,1.5,0.8161419959812458,0.802613748742978,,0.1,
SQUIDPY_MERFISH,4,learned_permuted_prior,3,1.5,0.8117883456128601,0.7982602067165767,,0.2,
SQUIDPY_MERFISH,4,learned_permuted_prior,4,1.5,0.7749497655726725,0.7579375901822156,,0.5,
SQUIDPY_MERFISH,4,learned_permuted_prior,5,1.5,0.7213663764233088,0.6993375987553296,,1.0,
SQUIDPY_MERFISH,5,marker_only,0,1.5,0.8183923255044657,0.7871967385099116,,,
SQUIDPY_MERFISH,5,marker_spatial_smoothing,4,1.5,0.8220310949388026,0.7909318524601151,0.5,,
SQUIDPY_MERFISH,5,marker_spatial_smoothing,3,1.5,0.8200463116109825,0.789659032737575,0.2,,
SQUIDPY_MERFISH,5,marker_spatial_smoothing,1,1.5,0.8177307310618591,0.7879509392660485,0.05,,
SQUIDPY_MERFISH,5,marker_spatial_smoothing,0,1.5,0.8183923255044657,0.7871967385099116,0.0,,
SQUIDPY_MERFISH,5,marker_spatial_smoothing,2,1.5,0.8170691366192524,0.7867225028933813,0.1,,
SQUIDPY_MERFISH,5,marker_spatial_smoothing,5,1.5,0.8180615282831625,0.7852877249507043,1.0,,
SQUIDPY_MERFISH,5,marker_spatial_smoothing_random_graph,1,1.5,0.8173999338405558,0.7879053478687396,0.05,,
SQUIDPY_MERFISH,5,marker_spatial_smoothing_random_graph,0,1.5,0.8183923255044657,0.7871967385099116,0.0,,
SQUIDPY_MERFISH,5,marker_spatial_smoothing_random_graph,3,1.5,0.816738339397949,0.7868494671293683,0.2,,
SQUIDPY_MERFISH,5,marker_spatial_smoothing_random_graph,2,1.5,0.8157459477340391,0.7857770389572506,0.1,,
SQUIDPY_MERFISH,5,marker_spatial_smoothing_random_graph,4,1.5,0.814753556070129,0.7845557185880818,0.5,,
SQUIDPY_MERFISH,5,marker_spatial_smoothing_random_graph,5,1.5,0.8124379755210056,0.7824143482184194,1.0,,
SQUIDPY_MERFISH,5,marker_learned_neighborhood,3,1.5,0.8220310949388026,0.7932349205942513,,0.2,
SQUIDPY_MERFISH,5,marker_learned_neighborhood,4,1.5,0.8193847171683758,0.7907534855257057,,0.5,
SQUIDPY_MERFISH,5,marker_learned_neighborhood,2,1.5,0.8190539199470724,0.7892319880289371,,0.1,
SQUIDPY_MERFISH,5,marker_learned_neighborhood,1,1.5,0.8183923255044657,0.7885880838868761,,0.05,
SQUIDPY_MERFISH,5,marker_learned_neighborhood,0,1.5,0.8183923255044657,0.7871967385099116,,0.0,
SQUIDPY_MERFISH,5,marker_learned_neighborhood,5,1.5,0.7972213033410519,0.7699032300185084,,1.0,
SQUIDPY_MERFISH,5,marker_context_specific_neighborhood,0,1.5,0.8183923255044657,0.7871967385099116,,,0.0
SQUIDPY_MERFISH,5,marker_context_specific_neighborhood,1,1.5,0.8121071782997022,0.7823159471144164,,,0.05
SQUIDPY_MERFISH,5,marker_context_specific_neighborhood,2,1.5,0.8117763810783989,0.7818625287956407,,,0.1
SQUIDPY_MERFISH,5,marker_context_specific_neighborhood,3,1.5,0.8124379755210056,0.7815646048812975,,,0.2
SQUIDPY_MERFISH,5,marker_context_specific_neighborhood,4,1.5,0.800198478332782,0.7640270071367599,,,0.5
SQUIDPY_MERFISH,5,marker_context_specific_neighborhood,5,1.5,0.7773734700628515,0.7367751704708109,,,1.0
SQUIDPY_MERFISH,5,learned_random_graph,0,1.5,0.8183923255044657,0.7871967385099116,,0.0,
SQUIDPY_MERFISH,5,learned_random_graph,2,1.5,0.8140919616275223,0.7841344487802253,,0.1,
SQUIDPY_MERFISH,5,learned_random_graph,1,1.5,0.8154151505127357,0.7840607808579759,,0.05,
SQUIDPY_MERFISH,5,learned_random_graph,3,1.5,0.8144227588488256,0.7838541056782351,,0.2,
SQUIDPY_MERFISH,5,learned_random_graph,4,1.5,0.8008600727753887,0.7702187632207715,,0.5,
SQUIDPY_MERFISH,5,learned_random_graph,5,1.5,0.772080714521998,0.7397405101787634,,1.0,
SQUIDPY_MERFISH,5,learned_permuted_prior,0,1.5,0.8183923255044657,0.7871967385099116,,0.0,
SQUIDPY_MERFISH,5,learned_permuted_prior,1,1.5,0.8121071782997022,0.7801242933734163,,0.05,
SQUIDPY_MERFISH,5,learned_permuted_prior,2,1.5,0.8068144227588488,0.7749115139112316,,0.1,
SQUIDPY_MERFISH,5,learned_permuted_prior,3,1.5,0.8005292755540854,0.7681866740793474,,0.2,
SQUIDPY_MERFISH,5,learned_permuted_prior,4,1.5,0.7760502811776381,0.7431689944018706,,0.5,
SQUIDPY_MERFISH,5,learned_permuted_prior,5,1.5,0.7337082368508104,0.6977516760798211,,1.0,
SQUIDPY_SLIDESEQV2,1,marker_only,0,1.5,0.4706904038211029,0.45709215608871884,,,
SQUIDPY_SLIDESEQV2,1,marker_spatial_smoothing,3,1.5,0.47372991749891447,0.45986145466709155,0.2,,
SQUIDPY_SLIDESEQV2,1,marker_spatial_smoothing,2,1.5,0.4732957012592271,0.4597580492322377,0.1,,
SQUIDPY_SLIDESEQV2,1,marker_spatial_smoothing,1,1.5,0.4715588363004776,0.4579700875558708,0.05,,
SQUIDPY_SLIDESEQV2,1,marker_spatial_smoothing,4,1.5,0.47286148501953973,0.45775416296149624,0.5,,
SQUIDPY_SLIDESEQV2,1,marker_spatial_smoothing,0,1.5,0.4706904038211029,0.45709215608871884,0.0,,
SQUIDPY_SLIDESEQV2,1,marker_spatial_smoothing,5,1.5,0.46678245766391663,0.45092890765921206,1.0,,
SQUIDPY_SLIDESEQV2,1,marker_spatial_smoothing_random_graph,3,1.5,0.47416413373860183,0.46056027779570957,0.2,,
SQUIDPY_SLIDESEQV2,1,marker_spatial_smoothing_random_graph,4,1.5,0.471993052540165,0.45861698893596203,0.5,,
SQUIDPY_SLIDESEQV2,1,marker_spatial_smoothing_random_graph,2,1.5,0.471993052540165,0.457983996448647,0.1,,
SQUIDPY_SLIDESEQV2,1,marker_spatial_smoothing_random_graph,1,1.5,0.4715588363004776,0.4577407661523115,0.05,,
SQUIDPY_SLIDESEQV2,1,marker_spatial_smoothing_random_graph,0,1.5,0.4706904038211029,0.45709215608871884,0.0,,
SQUIDPY_SLIDESEQV2,1,marker_spatial_smoothing_random_graph,5,1.5,0.46678245766391663,0.45270099660351903,1.0,,
SQUIDPY_SLIDESEQV2,1,marker_learned_neighborhood,0,1.5,0.4706904038211029,0.45709215608871884,,0.0,
SQUIDPY_SLIDESEQV2,1,marker_learned_neighborhood,2,1.5,0.4706904038211029,0.4567045291554474,,0.1,
SQUIDPY_SLIDESEQV2,1,marker_learned_neighborhood,1,1.5,0.46938775510204084,0.4553103831385057,,0.05,
SQUIDPY_SLIDESEQV2,1,marker_learned_neighborhood,3,1.5,0.46938775510204084,0.45477437716657293,,0.2,
SQUIDPY_SLIDESEQV2,1,marker_learned_neighborhood,4,1.5,0.46330872774641774,0.447113460389901,,0.5,
SQUIDPY_SLIDESEQV2,1,marker_learned_neighborhood,5,1.5,0.44594007815892317,0.4278706084519777,,1.0,
SQUIDPY_SLIDESEQV2,1,marker_context_specific_neighborhood,2,1.5,0.4715588363004776,0.4577928974018896,,,0.1
SQUIDPY_SLIDESEQV2,1,marker_context_specific_neighborhood,0,1.5,0.4706904038211029,0.45709215608871884,,,0.0
SQUIDPY_SLIDESEQV2,1,marker_context_specific_neighborhood,3,1.5,0.4698219713417282,0.4561897672927077,,,0.2
SQUIDPY_SLIDESEQV2,1,marker_context_specific_neighborhood,1,1.5,0.4702561875814155,0.45618088234195653,,,0.05
SQUIDPY_SLIDESEQV2,1,marker_context_specific_neighborhood,4,1.5,0.46200607902735563,0.44783113621170745,,,0.5
SQUIDPY_SLIDESEQV2,1,marker_context_specific_neighborhood,5,1.5,0.435084672166739,0.42131608182044594,,,1.0
SQUIDPY_SLIDESEQV2,1,learned_random_graph,0,1.5,0.4706904038211029,0.45709215608871884,,0.0,
SQUIDPY_SLIDESEQV2,1,learned_random_graph,2,1.5,0.4706904038211029,0.45699218670942454,,0.1,
SQUIDPY_SLIDESEQV2,1,learned_random_graph,1,1.5,0.4702561875814155,0.45625279179124634,,0.05,
SQUIDPY_SLIDESEQV2,1,learned_random_graph,3,1.5,0.467216673903604,0.4528701279410669,,0.2,
SQUIDPY_SLIDESEQV2,1,learned_random_graph,4,1.5,0.457663916630482,0.44100276111713926,,0.5,
SQUIDPY_SLIDESEQV2,1,learned_random_graph,5,1.5,0.4259661311333044,0.4070738278683302,,1.0,
SQUIDPY_SLIDESEQV2,1,learned_permuted_prior,0,1.5,0.4706904038211029,0.45709215608871884,,0.0,
SQUIDPY_SLIDESEQV2,1,learned_permuted_prior,2,1.5,0.46938775510204084,0.454429451904467,,0.1,
SQUIDPY_SLIDESEQV2,1,learned_permuted_prior,1,1.5,0.46895353886235347,0.4544214339788533,,0.05,
SQUIDPY_SLIDESEQV2,1,learned_permuted_prior,3,1.5,0.46678245766391663,0.4509455661310913,,0.2,
SQUIDPY_SLIDESEQV2,1,learned_permuted_prior,4,1.5,0.44984802431610943,0.43124599730860913,,0.5,
SQUIDPY_SLIDESEQV2,1,learned_permuted_prior,5,1.5,0.41293964394268345,0.3896814833397679,,1.0,
SQUIDPY_SLIDESEQV2,2,marker_only,0,1.5,0.4665750915750916,0.4555124320153129,,,
SQUIDPY_SLIDESEQV2,2,marker_spatial_smoothing,4,1.5,0.46703296703296704,0.4571831085327802,0.5,,
SQUIDPY_SLIDESEQV2,2,marker_spatial_smoothing,0,1.5,0.4665750915750916,0.4555124320153129,0.0,,
SQUIDPY_SLIDESEQV2,2,marker_spatial_smoothing,1,1.5,0.4661172161172161,0.45487934285802256,0.05,,
SQUIDPY_SLIDESEQV2,2,marker_spatial_smoothing,2,1.5,0.4652014652014652,0.45437908568780677,0.1,,
SQUIDPY_SLIDESEQV2,2,marker_spatial_smoothing,3,1.5,0.4642857142857143,0.4535318948107651,0.2,,
SQUIDPY_SLIDESEQV2,2,marker_spatial_smoothing,5,1.5,0.4610805860805861,0.4516276007598704,1.0,,
SQUIDPY_SLIDESEQV2,2,marker_spatial_smoothing_random_graph,3,1.5,0.4674908424908425,0.45670041293088615,0.2,,
SQUIDPY_SLIDESEQV2,2,marker_spatial_smoothing_random_graph,4,1.5,0.4661172161172161,0.4556778948598117,0.5,,
SQUIDPY_SLIDESEQV2,2,marker_spatial_smoothing_random_graph,0,1.5,0.4665750915750916,0.4555124320153129,0.0,,
SQUIDPY_SLIDESEQV2,2,marker_spatial_smoothing_random_graph,1,1.5,0.4661172161172161,0.4549816843097135,0.05,,
SQUIDPY_SLIDESEQV2,2,marker_spatial_smoothing_random_graph,2,1.5,0.46565934065934067,0.4544444279333031,0.1,,
SQUIDPY_SLIDESEQV2,2,marker_spatial_smoothing_random_graph,5,1.5,0.4610805860805861,0.4515333311631258,1.0,,
SQUIDPY_SLIDESEQV2,2,marker_learned_neighborhood,0,1.5,0.4665750915750916,0.4555124320153129,,0.0,
SQUIDPY_SLIDESEQV2,2,marker_learned_neighborhood,2,1.5,0.4642857142857143,0.4534498729744049,,0.1,
SQUIDPY_SLIDESEQV2,2,marker_learned_neighborhood,1,1.5,0.46382783882783885,0.4529616353107732,,0.05,
SQUIDPY_SLIDESEQV2,2,marker_learned_neighborhood,3,1.5,0.461996336996337,0.44993968659858957,,0.2,
SQUIDPY_SLIDESEQV2,2,marker_learned_neighborhood,4,1.5,0.4610805860805861,0.4486638655696559,,0.5,
SQUIDPY_SLIDESEQV2,2,marker_learned_neighborhood,5,1.5,0.44734432234432236,0.4332210067819152,,1.0,
SQUIDPY_SLIDESEQV2,2,marker_context_specific_neighborhood,3,1.5,0.47115384615384615,0.4605256448095768,,,0.2
SQUIDPY_SLIDESEQV2,2,marker_context_specific_neighborhood,2,1.5,0.4693223443223443,0.45828133375713936,,,0.1
SQUIDPY_SLIDESEQV2,2,marker_context_specific_neighborhood,1,1.5,0.4674908424908425,0.4559433938963878,,,0.05
SQUIDPY_SLIDESEQV2,2,marker_context_specific_neighborhood,0,1.5,0.4665750915750916,0.4555124320153129,,,0.0
SQUIDPY_SLIDESEQV2,2,marker_context_specific_neighborhood,4,1.5,0.46474358974358976,0.45507356070163424,,,0.5
SQUIDPY_SLIDESEQV2,2,marker_context_specific_neighborhood,5,1.5,0.44459706959706957,0.4347639895953534,,,1.0
SQUIDPY_SLIDESEQV2,2,learned_random_graph,0,1.5,0.4665750915750916,0.4555124320153129,,0.0,
SQUIDPY_SLIDESEQV2,2,learned_random_graph,1,1.5,0.46565934065934067,0.45446815732253304,,0.05,
SQUIDPY_SLIDESEQV2,2,learned_random_graph,2,1.5,0.4624542124542125,0.4516293997192567,,0.1,
SQUIDPY_SLIDESEQV2,2,learned_random_graph,3,1.5,0.4606227106227106,0.44852249175954345,,0.2,
SQUIDPY_SLIDESEQV2,2,learned_random_graph,4,1.5,0.44871794871794873,0.43480976087564965,,0.5,
SQUIDPY_SLIDESEQV2,2,learned_random_graph,5,1.5,0.4271978021978022,0.41077699162122777,,1.0,
SQUIDPY_SLIDESEQV2,2,learned_permuted_prior,0,1.5,0.4665750915750916,0.4555124320153129,,0.0,
SQUIDPY_SLIDESEQV2,2,learned_permuted_prior,2,1.5,0.46291208791208793,0.4527245030510162,,0.1,
SQUIDPY_SLIDESEQV2,2,learned_permuted_prior,1,1.5,0.4633699633699634,0.45262966599185034,,0.05,
SQUIDPY_SLIDESEQV2,2,learned_permuted_prior,3,1.5,0.4606227106227106,0.44904327002459316,,0.2,
SQUIDPY_SLIDESEQV2,2,learned_permuted_prior,4,1.5,0.4391025641025641,0.4260347839278197,,0.5,
SQUIDPY_SLIDESEQV2,2,learned_permuted_prior,5,1.5,0.4024725274725275,0.3888215842117404,,1.0,
SQUIDPY_SLIDESEQV2,3,marker_only,0,1.5,0.49024707412223667,0.478343158052644,,,
SQUIDPY_SLIDESEQV2,3,marker_spatial_smoothing,3,1.5,0.49241439098396184,0.480194278383013,0.2,,
SQUIDPY_SLIDESEQV2,3,marker_spatial_smoothing,2,1.5,0.49154746423927176,0.47950232354594896,0.1,,
SQUIDPY_SLIDESEQV2,3,marker_spatial_smoothing,1,1.5,0.49111400086692675,0.47914434686515667,0.05,,
SQUIDPY_SLIDESEQV2,3,marker_spatial_smoothing,0,1.5,0.49024707412223667,0.478343158052644,0.0,,
SQUIDPY_SLIDESEQV2,3,marker_spatial_smoothing,5,1.5,0.48981361074989166,0.4771774735439642,1.0,,
SQUIDPY_SLIDESEQV2,3,marker_spatial_smoothing,4,1.5,0.4859124403987863,0.474098530483028,0.5,,
SQUIDPY_SLIDESEQV2,3,marker_spatial_smoothing_random_graph,4,1.5,0.4932813177286519,0.48111331664757756,0.5,,
SQUIDPY_SLIDESEQV2,3,marker_spatial_smoothing_random_graph,2,1.5,0.49241439098396184,0.4809039290799717,0.1,,
SQUIDPY_SLIDESEQV2,3,marker_spatial_smoothing_random_graph,5,1.5,0.49241439098396184,0.48058631504235105,1.0,,
SQUIDPY_SLIDESEQV2,3,marker_spatial_smoothing_random_graph,1,1.5,0.49154746423927176,0.4799398963427422,0.05,,
SQUIDPY_SLIDESEQV2,3,marker_spatial_smoothing_random_graph,3,1.5,0.49024707412223667,0.4784838197258952,0.2,,
SQUIDPY_SLIDESEQV2,3,marker_spatial_smoothing_random_graph,0,1.5,0.49024707412223667,0.478343158052644,0.0,,
SQUIDPY_SLIDESEQV2,3,marker_learned_neighborhood,2,1.5,0.494148244473342,0.4824568074053991,,0.1,
SQUIDPY_SLIDESEQV2,3,marker_learned_neighborhood,3,1.5,0.493714781100997,0.4818266521713853,,0.2,
SQUIDPY_SLIDESEQV2,3,marker_learned_neighborhood,1,1.5,0.4932813177286519,0.48163779110042115,,0.05,
SQUIDPY_SLIDESEQV2,3,marker_learned_neighborhood,0,1.5,0.49024707412223667,0.478343158052644,,0.0,
SQUIDPY_SLIDESEQV2,3,marker_learned_neighborhood,4,1.5,0.48201127004768096,0.4698774144967722,,0.5,
SQUIDPY_SLIDESEQV2,3,marker_learned_neighborhood,5,1.5,0.47074122236671,0.4571111220856348,,1.0,
SQUIDPY_SLIDESEQV2,3,marker_context_specific_neighborhood,1,1.5,0.49111400086692675,0.47896597451504336,,,0.05
SQUIDPY_SLIDESEQV2,3,marker_context_specific_neighborhood,2,1.5,0.49111400086692675,0.4787819180463225,,,0.1
SQUIDPY_SLIDESEQV2,3,marker_context_specific_neighborhood,0,1.5,0.49024707412223667,0.478343158052644,,,0.0
SQUIDPY_SLIDESEQV2,3,marker_context_specific_neighborhood,3,1.5,0.4880797572605115,0.47447137912793275,,,0.2
SQUIDPY_SLIDESEQV2,3,marker_context_specific_neighborhood,4,1.5,0.4759427828348505,0.46060329962018093,,,0.5
SQUIDPY_SLIDESEQV2,3,marker_context_specific_neighborhood,5,1.5,0.44733420026007803,0.4294050094712168,,,1.0
SQUIDPY_SLIDESEQV2,3,learned_random_graph,1,1.5,0.4919809276116168,0.4802697887947724,,0.05,
SQUIDPY_SLIDESEQV2,3,learned_random_graph,3,1.5,0.4919809276116168,0.4801648001983166,,0.2,
SQUIDPY_SLIDESEQV2,3,learned_random_graph,2,1.5,0.49111400086692675,0.4798708658332672,,0.1,
SQUIDPY_SLIDESEQV2,3,learned_random_graph,0,1.5,0.49024707412223667,0.478343158052644,,0.0,
SQUIDPY_SLIDESEQV2,3,learned_random_graph,4,1.5,0.48157780667533595,0.4676412722378153,,0.5,
SQUIDPY_SLIDESEQV2,3,learned_random_graph,5,1.5,0.44993498049414826,0.43445673451857486,,1.0,
SQUIDPY_SLIDESEQV2,3,learned_permuted_prior,1,1.5,0.4928478543563069,0.4806930220031221,,0.05,
SQUIDPY_SLIDESEQV2,3,learned_permuted_prior,0,1.5,0.49024707412223667,0.478343158052644,,0.0,
SQUIDPY_SLIDESEQV2,3,learned_permuted_prior,2,1.5,0.48981361074989166,0.478064009965776,,0.1,
SQUIDPY_SLIDESEQV2,3,learned_permuted_prior,3,1.5,0.4885132206328565,0.4767126175885971,,0.2,
SQUIDPY_SLIDESEQV2,3,learned_permuted_prior,4,1.5,0.4750758560901604,0.463058978689123,,0.5,
SQUIDPY_SLIDESEQV2,3,learned_permuted_prior,5,1.5,0.45210229735587343,0.4397146112649186,,1.0,
SQUIDPY_SLIDESEQV2,4,marker_only,0,1.5,0.4780701754385965,0.4656248533048722,,,
SQUIDPY_SLIDESEQV2,4,marker_spatial_smoothing,5,1.5,0.4824561403508772,0.47012951645515116,1.0,,
SQUIDPY_SLIDESEQV2,4,marker_spatial_smoothing,3,1.5,0.4824561403508772,0.4695260346978603,0.2,,
SQUIDPY_SLIDESEQV2,4,marker_spatial_smoothing,4,1.5,0.4789473684210526,0.4662390159723387,0.5,,
SQUIDPY_SLIDESEQV2,4,marker_spatial_smoothing,2,1.5,0.4789473684210526,0.4660352438281739,0.1,,
SQUIDPY_SLIDESEQV2,4,marker_spatial_smoothing,0,1.5,0.4780701754385965,0.4656248533048722,0.0,,
SQUIDPY_SLIDESEQV2,4,marker_spatial_smoothing,1,1.5,0.4780701754385965,0.46514482600211843,0.05,,
SQUIDPY_SLIDESEQV2,4,marker_spatial_smoothing_random_graph,2,1.5,0.481140350877193,0.4686393151159661,0.1,,
SQUIDPY_SLIDESEQV2,4,marker_spatial_smoothing_random_graph,3,1.5,0.47982456140350876,0.46710995339597927,0.2,,
SQUIDPY_SLIDESEQV2,4,marker_spatial_smoothing_random_graph,0,1.5,0.4780701754385965,0.4656248533048722,0.0,,
SQUIDPY_SLIDESEQV2,4,marker_spatial_smoothing_random_graph,1,1.5,0.4776315789473684,0.4649946300515067,0.05,,
SQUIDPY_SLIDESEQV2,4,marker_spatial_smoothing_random_graph,4,1.5,0.4758771929824561,0.46369941363104106,0.5,,
SQUIDPY_SLIDESEQV2,4,marker_spatial_smoothing_random_graph,5,1.5,0.4679824561403509,0.4554729428251941,1.0,,
SQUIDPY_SLIDESEQV2,4,marker_learned_neighborhood,0,1.5,0.4780701754385965,0.4656248533048722,,0.0,
SQUIDPY_SLIDESEQV2,4,marker_learned_neighborhood,1,1.5,0.47850877192982455,0.465600645208134,,0.05,
SQUIDPY_SLIDESEQV2,4,marker_learned_neighborhood,3,1.5,0.4776315789473684,0.4654432158261465,,0.2,
SQUIDPY_SLIDESEQV2,4,marker_learned_neighborhood,2,1.5,0.4763157894736842,0.46338878277939793,,0.1,
SQUIDPY_SLIDESEQV2,4,marker_learned_neighborhood,4,1.5,0.4710526315789474,0.45826328070052763,,0.5,
SQUIDPY_SLIDESEQV2,4,marker_learned_neighborhood,5,1.5,0.4513157894736842,0.43535977472856324,,1.0,
SQUIDPY_SLIDESEQV2,4,marker_context_specific_neighborhood,1,1.5,0.47982456140350876,0.4671286372882051,,,0.05
SQUIDPY_SLIDESEQV2,4,marker_context_specific_neighborhood,2,1.5,0.4789473684210526,0.4661240206107357,,,0.1
SQUIDPY_SLIDESEQV2,4,marker_context_specific_neighborhood,0,1.5,0.4780701754385965,0.4656248533048722,,,0.0
SQUIDPY_SLIDESEQV2,4,marker_context_specific_neighborhood,3,1.5,0.47412280701754383,0.46211652932906133,,,0.2
SQUIDPY_SLIDESEQV2,4,marker_context_specific_neighborhood,4,1.5,0.4504385964912281,0.44069789091074746,,,0.5
SQUIDPY_SLIDESEQV2,4,marker_context_specific_neighborhood,5,1.5,0.3986842105263158,0.3856690142935216,,,1.0
SQUIDPY_SLIDESEQV2,4,learned_random_graph,1,1.5,0.4807017543859649,0.46805933289621693,,0.05,
SQUIDPY_SLIDESEQV2,4,learned_random_graph,2,1.5,0.4789473684210526,0.4660811701347282,,0.1,
SQUIDPY_SLIDESEQV2,4,learned_random_graph,0,1.5,0.4780701754385965,0.4656248533048722,,0.0,
SQUIDPY_SLIDESEQV2,4,learned_random_graph,3,1.5,0.4732456140350877,0.45985563147323427,,0.2,
SQUIDPY_SLIDESEQV2,4,learned_random_graph,4,1.5,0.45526315789473687,0.44129462703327776,,0.5,
SQUIDPY_SLIDESEQV2,4,learned_random_graph,5,1.5,0.42894736842105263,0.41276173499307073,,1.0,
SQUIDPY_SLIDESEQV2,4,learned_permuted_prior,1,1.5,0.48026315789473684,0.46762947048278936,,0.05,
SQUIDPY_SLIDESEQV2,4,learned_permuted_prior,0,1.5,0.4780701754385965,0.4656248533048722,,0.0,
SQUIDPY_SLIDESEQV2,4,learned_permuted_prior,2,1.5,0.4763157894736842,0.46380775691580833,,0.1,
SQUIDPY_SLIDESEQV2,4,learned_permuted_prior,3,1.5,0.47368421052631576,0.4609940550655,,0.2,
SQUIDPY_SLIDESEQV2,4,learned_permuted_prior,4,1.5,0.46228070175438596,0.44933120189716147,,0.5,
SQUIDPY_SLIDESEQV2,4,learned_permuted_prior,5,1.5,0.425,0.40988001914822464,,1.0,
SQUIDPY_SLIDESEQV2,5,marker_only,0,1.5,0.48777046095954846,0.4780790179023269,,,
SQUIDPY_SLIDESEQV2,5,marker_spatial_smoothing,0,1.5,0.48777046095954846,0.4780790179023269,0.0,,
SQUIDPY_SLIDESEQV2,5,marker_spatial_smoothing,1,1.5,0.4854186265286924,0.4754395356481993,0.05,,
SQUIDPY_SLIDESEQV2,5,marker_spatial_smoothing,2,1.5,0.48494825964252114,0.4751549344851679,0.1,,
SQUIDPY_SLIDESEQV2,5,marker_spatial_smoothing,3,1.5,0.48400752587017876,0.47430273143325286,0.2,,
SQUIDPY_SLIDESEQV2,5,marker_spatial_smoothing,4,1.5,0.4821260583254939,0.47200522384312144,0.5,,
SQUIDPY_SLIDESEQV2,5,marker_spatial_smoothing,5,1.5,0.4760112888052681,0.4649342654846372,1.0,,
SQUIDPY_SLIDESEQV2,5,marker_spatial_smoothing_random_graph,1,1.5,0.48824082784571965,0.4788712821056083,0.05,,
SQUIDPY_SLIDESEQV2,5,marker_spatial_smoothing_random_graph,3,1.5,0.48777046095954846,0.4782762016166879,0.2,,
SQUIDPY_SLIDESEQV2,5,marker_spatial_smoothing_random_graph,0,1.5,0.48777046095954846,0.4780790179023269,0.0,,
SQUIDPY_SLIDESEQV2,5,marker_spatial_smoothing_random_graph,2,1.5,0.4873000940733772,0.4779842630207531,0.1,,
SQUIDPY_SLIDESEQV2,5,marker_spatial_smoothing_random_graph,4,1.5,0.4863593603010348,0.47629898861470904,0.5,,
SQUIDPY_SLIDESEQV2,5,marker_spatial_smoothing_random_graph,5,1.5,0.4830667920978363,0.4735119082200559,1.0,,
SQUIDPY_SLIDESEQV2,5,marker_learned_neighborhood,0,1.5,0.48777046095954846,0.4780790179023269,,0.0,
SQUIDPY_SLIDESEQV2,5,marker_learned_neighborhood,1,1.5,0.4863593603010348,0.476457637246178,,0.05,
SQUIDPY_SLIDESEQV2,5,marker_learned_neighborhood,3,1.5,0.48400752587017876,0.47382654778776473,,0.2,
SQUIDPY_SLIDESEQV2,5,marker_learned_neighborhood,2,1.5,0.48400752587017876,0.4737891875833701,,0.1,
SQUIDPY_SLIDESEQV2,5,marker_learned_neighborhood,4,1.5,0.4793038570084666,0.4675074636685079,,0.5,
SQUIDPY_SLIDESEQV2,5,marker_learned_neighborhood,5,1.5,0.46989651928504234,0.4584008352033893,,1.0,
SQUIDPY_SLIDESEQV2,5,marker_context_specific_neighborhood,3,1.5,0.4891815616180621,0.4791867046798945,,,0.2
SQUIDPY_SLIDESEQV2,5,marker_context_specific_neighborhood,0,1.5,0.48777046095954846,0.4780790179023269,,,0.0
SQUIDPY_SLIDESEQV2,5,marker_context_specific_neighborhood,2,1.5,0.48777046095954846,0.47769710116182884,,,0.1
SQUIDPY_SLIDESEQV2,5,marker_context_specific_neighborhood,1,1.5,0.4873000940733772,0.4775589977029833,,,0.05
SQUIDPY_SLIDESEQV2,5,marker_context_specific_neighborhood,4,1.5,0.4816556914393227,0.47131939383706617,,,0.5
SQUIDPY_SLIDESEQV2,5,marker_context_specific_neighborhood,5,1.5,0.4553151458137347,0.44693280166189037,,,1.0
SQUIDPY_SLIDESEQV2,5,learned_random_graph,1,1.5,0.4887111947318909,0.47873908474463717,,0.05,
SQUIDPY_SLIDESEQV2,5,learned_random_graph,0,1.5,0.48777046095954846,0.4780790179023269,,0.0,
SQUIDPY_SLIDESEQV2,5,learned_random_graph,3,1.5,0.4863593603010348,0.4755642475521261,,0.2,
SQUIDPY_SLIDESEQV2,5,learned_random_graph,2,1.5,0.48447789275634995,0.4741648493511544,,0.1,
SQUIDPY_SLIDESEQV2,5,learned_random_graph,4,1.5,0.4755409219190969,0.4647833914348666,,0.5,
SQUIDPY_SLIDESEQV2,5,learned_random_graph,5,1.5,0.4510818438381938,0.43936732459193495,,1.0,
SQUIDPY_SLIDESEQV2,5,learned_permuted_prior,0,1.5,0.48777046095954846,0.4780790179023269,,0.0,
SQUIDPY_SLIDESEQV2,5,learned_permuted_prior,1,1.5,0.48447789275634995,0.47438280836332886,,0.05,
SQUIDPY_SLIDESEQV2,5,learned_permuted_prior,2,1.5,0.4816556914393227,0.4714304786380174,,0.1,
SQUIDPY_SLIDESEQV2,5,learned_permuted_prior,3,1.5,0.48024459078080906,0.46924154765186843,,0.2,
SQUIDPY_SLIDESEQV2,5,learned_permuted_prior,4,1.5,0.46989651928504234,0.45752140745387243,,0.5,
SQUIDPY_SLIDESEQV2,5,learned_permuted_prior,5,1.5,0.4280338664158043,0.4122100069821825,,1.0,
SQUIDPY_MIBITOF,1,marker_only,0,1.5,0.552821997105644,0.5053605150681844,,,
SQUIDPY_MIBITOF,1,marker_spatial_smoothing,5,1.5,0.5701881331403763,0.5333197056168548,1.0,,
SQUIDPY_MIBITOF,1,marker_spatial_smoothing,4,1.5,0.5716353111432706,0.531786807873777,0.5,,
SQUIDPY_MIBITOF,1,marker_spatial_smoothing,3,1.5,0.5564399421128798,0.5126798828780038,0.2,,
SQUIDPY_MIBITOF,1,marker_spatial_smoothing,2,1.5,0.5549927641099855,0.5102663719738421,0.1,,
SQUIDPY_MIBITOF,1,marker_spatial_smoothing,1,1.5,0.5557163531114327,0.5101532392980728,0.05,,
SQUIDPY_MIBITOF,1,marker_spatial_smoothing,0,1.5,0.552821997105644,0.5053605150681844,0.0,,
SQUIDPY_MIBITOF,1,marker_spatial_smoothing_random_graph,5,1.5,0.5817655571635311,0.5482865323426926,1.0,,
SQUIDPY_MIBITOF,1,marker_spatial_smoothing_random_graph,4,1.5,0.5701881331403763,0.5321762826706089,0.5,,
SQUIDPY_MIBITOF,1,marker_spatial_smoothing_random_graph,3,1.5,0.5586107091172214,0.5156016220713622,0.2,,
SQUIDPY_MIBITOF,1,marker_spatial_smoothing_random_graph,2,1.5,0.5557163531114327,0.5118911533421988,0.1,,
SQUIDPY_MIBITOF,1,marker_spatial_smoothing_random_graph,1,1.5,0.5549927641099855,0.5097638983507773,0.05,,
SQUIDPY_MIBITOF,1,marker_spatial_smoothing_random_graph,0,1.5,0.552821997105644,0.5053605150681844,0.0,,
SQUIDPY_MIBITOF,1,marker_learned_neighborhood,3,1.5,0.5629522431259045,0.5199985060358405,,0.2,
SQUIDPY_MIBITOF,1,marker_learned_neighborhood,4,1.5,0.557163531114327,0.5168253862645987,,0.5,
SQUIDPY_MIBITOF,1,marker_learned_neighborhood,5,1.5,0.548480463096961,0.5088626769759292,,1.0,
SQUIDPY_MIBITOF,1,marker_learned_neighborhood,1,1.5,0.5535455861070911,0.5073857894698597,,0.05,
SQUIDPY_MIBITOF,1,marker_learned_neighborhood,2,1.5,0.5520984081041969,0.5063090680048303,,0.1,
SQUIDPY_MIBITOF,1,marker_learned_neighborhood,0,1.5,0.552821997105644,0.5053605150681844,,0.0,
SQUIDPY_MIBITOF,1,marker_context_specific_neighborhood,3,1.5,0.5535455861070911,0.5094071234010829,,,0.2
SQUIDPY_MIBITOF,1,marker_context_specific_neighborhood,4,1.5,0.5506512301013025,0.5083528195717847,,,0.5
SQUIDPY_MIBITOF,1,marker_context_specific_neighborhood,1,1.5,0.5535455861070911,0.5073543518529121,,,0.05
SQUIDPY_MIBITOF,1,marker_context_specific_neighborhood,0,1.5,0.552821997105644,0.5053605150681844,,,0.0
SQUIDPY_MIBITOF,1,marker_context_specific_neighborhood,2,1.5,0.5492040520984081,0.5034102479931553,,,0.1
SQUIDPY_MIBITOF,1,marker_context_specific_neighborhood,5,1.5,0.5267727930535456,0.4894440324861448,,,1.0
SQUIDPY_MIBITOF,1,learned_random_graph,4,1.5,0.557163531114327,0.5107383093300566,,0.5,
SQUIDPY_MIBITOF,1,learned_random_graph,3,1.5,0.5557163531114327,0.5069621702065342,,0.2,
SQUIDPY_MIBITOF,1,learned_random_graph,2,1.5,0.5542691751085383,0.5058273818457091,,0.1,
SQUIDPY_MIBITOF,1,learned_random_graph,0,1.5,0.552821997105644,0.5053605150681844,,0.0,
SQUIDPY_MIBITOF,1,learned_random_graph,1,1.5,0.5520984081041969,0.5047892491745369,,0.05,
SQUIDPY_MIBITOF,1,learned_random_graph,5,1.5,0.5253256150506512,0.4804081745515488,,1.0,
SQUIDPY_MIBITOF,1,learned_permuted_prior,3,1.5,0.5586107091172214,0.5123929708735353,,0.2,
SQUIDPY_MIBITOF,1,learned_permuted_prior,4,1.5,0.5549927641099855,0.5123534043507085,,0.5,
SQUIDPY_MIBITOF,1,learned_permuted_prior,2,1.5,0.5549927641099855,0.5097390011733246,,0.1,
SQUIDPY_MIBITOF,1,learned_permuted_prior,1,1.5,0.5549927641099855,0.5094062785675091,,0.05,
SQUIDPY_MIBITOF,1,learned_permuted_prior,0,1.5,0.552821997105644,0.5053605150681844,,0.0,
SQUIDPY_MIBITOF,1,learned_permuted_prior,5,1.5,0.5303907380607815,0.4902394941705118,,1.0,
SQUIDPY_MIBITOF,2,marker_only,0,1.5,0.7035905271199389,0.6538985005472462,,,
SQUIDPY_MIBITOF,2,marker_spatial_smoothing,3,1.5,0.7051184110007639,0.6564941070444638,0.2,,
SQUIDPY_MIBITOF,2,marker_spatial_smoothing,4,1.5,0.7051184110007639,0.6546244794873641,0.5,,
SQUIDPY_MIBITOF,2,marker_spatial_smoothing,0,1.5,0.7035905271199389,0.6538985005472462,0.0,,
SQUIDPY_MIBITOF,2,marker_spatial_smoothing,1,1.5,0.7020626432391138,0.6524996031299319,0.05,,
SQUIDPY_MIBITOF,2,marker_spatial_smoothing,2,1.5,0.7012987012987013,0.6522642334239004,0.1,,
SQUIDPY_MIBITOF,2,marker_spatial_smoothing,5,1.5,0.7035905271199389,0.6522223048332996,1.0,,
SQUIDPY_MIBITOF,2,marker_spatial_smoothing_random_graph,5,1.5,0.7043544690603514,0.6561313510940712,1.0,,
SQUIDPY_MIBITOF,2,marker_spatial_smoothing_random_graph,3,1.5,0.7058823529411765,0.6555085496812378,0.2,,
SQUIDPY_MIBITOF,2,marker_spatial_smoothing_random_graph,4,1.5,0.7043544690603514,0.6549965171896988,0.5,,
SQUIDPY_MIBITOF,2,marker_spatial_smoothing_random_graph,2,1.5,0.7043544690603514,0.6545915771144569,0.1,,
SQUIDPY_MIBITOF,2,marker_spatial_smoothing_random_graph,0,1.5,0.7035905271199389,0.6538985005472462,0.0,,
SQUIDPY_MIBITOF,2,marker_spatial_smoothing_random_graph,1,1.5,0.7035905271199389,0.6538434412738898,0.05,,
SQUIDPY_MIBITOF,2,marker_learned_neighborhood,2,1.5,0.7081741787624141,0.6593593009780535,,0.1,
SQUIDPY_MIBITOF,2,marker_learned_neighborhood,3,1.5,0.7089381207028266,0.6592718159392348,,0.2,
SQUIDPY_MIBITOF,2,marker_learned_neighborhood,1,1.5,0.7058823529411765,0.656590949280352,,0.05,
SQUIDPY_MIBITOF,2,marker_learned_neighborhood,4,1.5,0.7081741787624141,0.6556256945727845,,0.5,
SQUIDPY_MIBITOF,2,marker_learned_neighborhood,0,1.5,0.7035905271199389,0.6538985005472462,,0.0,
SQUIDPY_MIBITOF,2,marker_learned_neighborhood,5,1.5,0.7074102368220015,0.6538785631584276,,1.0,
SQUIDPY_MIBITOF,2,marker_context_specific_neighborhood,3,1.5,0.7135217723453018,0.6643622880509197,,,0.2
SQUIDPY_MIBITOF,2,marker_context_specific_neighborhood,4,1.5,0.7135217723453018,0.6613779029483625,,,0.5
SQUIDPY_MIBITOF,2,marker_context_specific_neighborhood,2,1.5,0.7081741787624141,0.6590556676095313,,,0.1
SQUIDPY_MIBITOF,2,marker_context_specific_neighborhood,1,1.5,0.706646294881589,0.6573883804227454,,,0.05
SQUIDPY_MIBITOF,2,marker_context_specific_neighborhood,0,1.5,0.7035905271199389,0.6538985005472462,,,0.0
SQUIDPY_MIBITOF,2,marker_context_specific_neighborhood,5,1.5,0.6997708174178763,0.6395955506071982,,,1.0
SQUIDPY_MIBITOF,2,learned_random_graph,0,1.5,0.7035905271199389,0.6538985005472462,,0.0,
SQUIDPY_MIBITOF,2,learned_random_graph,2,1.5,0.7012987012987013,0.6489341718668412,,0.1,
SQUIDPY_MIBITOF,2,learned_random_graph,1,1.5,0.6990068754774638,0.6477951270034144,,0.05,
SQUIDPY_MIBITOF,2,learned_random_graph,3,1.5,0.6982429335370511,0.6452316035382166,,0.2,
SQUIDPY_MIBITOF,2,learned_random_graph,4,1.5,0.6745607333842628,0.6246809690973931,,0.5,
SQUIDPY_MIBITOF,2,learned_random_graph,5,1.5,0.6073338426279603,0.5558606630798798,,1.0,
SQUIDPY_MIBITOF,2,learned_permuted_prior,0,1.5,0.7035905271199389,0.6538985005472462,,0.0,
SQUIDPY_MIBITOF,2,learned_permuted_prior,1,1.5,0.6990068754774638,0.6491996993871734,,0.05,
SQUIDPY_MIBITOF,2,learned_permuted_prior,2,1.5,0.6959511077158136,0.6467485808742691,,0.1,
SQUIDPY_MIBITOF,2,learned_permuted_prior,3,1.5,0.6852559205500381,0.6330428686697291,,0.2,
SQUIDPY_MIBITOF,2,learned_permuted_prior,4,1.5,0.6592818945760123,0.6022875616931579,,0.5,
SQUIDPY_MIBITOF,2,learned_permuted_prior,5,1.5,0.6195569136745608,0.5581749516416039,,1.0,
SQUIDPY_MIBITOF,3,marker_only,0,1.5,0.5498874718679669,0.5251470203773643,,,
SQUIDPY_MIBITOF,3,marker_spatial_smoothing,5,1.5,0.5506376594148538,0.5330209435375917,1.0,,
SQUIDPY_MIBITOF,3,marker_spatial_smoothing,4,1.5,0.5528882220555139,0.5329101847879129,0.5,,
SQUIDPY_MIBITOF,3,marker_spatial_smoothing,3,1.5,0.5506376594148538,0.5283803582514592,0.2,,
SQUIDPY_MIBITOF,3,marker_spatial_smoothing,2,1.5,0.5491372843210802,0.5253612124192653,0.1,,
SQUIDPY_MIBITOF,3,marker_spatial_smoothing,0,1.5,0.5498874718679669,0.5251470203773643,0.0,,
SQUIDPY_MIBITOF,3,marker_spatial_smoothing,1,1.5,0.5483870967741935,0.5240215231962684,0.05,,
SQUIDPY_MIBITOF,3,marker_spatial_smoothing_random_graph,5,1.5,0.5611402850712678,0.5437966960299976,1.0,,
SQUIDPY_MIBITOF,3,marker_spatial_smoothing_random_graph,4,1.5,0.5633908477119279,0.5433226178050847,0.5,,
SQUIDPY_MIBITOF,3,marker_spatial_smoothing_random_graph,3,1.5,0.5543885971492873,0.5322289930879538,0.2,,
SQUIDPY_MIBITOF,3,marker_spatial_smoothing_random_graph,2,1.5,0.5536384096024006,0.5293757045640949,0.1,,
SQUIDPY_MIBITOF,3,marker_spatial_smoothing_random_graph,1,1.5,0.5498874718679669,0.5260070830245219,0.05,,
SQUIDPY_MIBITOF,3,marker_spatial_smoothing_random_graph,0,1.5,0.5498874718679669,0.5251470203773643,0.0,,
SQUIDPY_MIBITOF,3,marker_learned_neighborhood,3,1.5,0.5506376594148538,0.5280478976176606,,0.2,
SQUIDPY_MIBITOF,3,marker_learned_neighborhood,2,1.5,0.5498874718679669,0.5259811234548535,,0.1,
SQUIDPY_MIBITOF,3,marker_learned_neighborhood,0,1.5,0.5498874718679669,0.5251470203773643,,0.0,
SQUIDPY_MIBITOF,3,marker_learned_neighborhood,1,1.5,0.5491372843210802,0.5244189824686496,,0.05,
SQUIDPY_MIBITOF,3,marker_learned_neighborhood,4,1.5,0.5461365341335334,0.5242238415818011,,0.5,
SQUIDPY_MIBITOF,3,marker_learned_neighborhood,5,1.5,0.5356339084771192,0.513197073793633,,1.0,
SQUIDPY_MIBITOF,3,marker_context_specific_neighborhood,3,1.5,0.5513878469617405,0.5309075165310956,,,0.2
SQUIDPY_MIBITOF,3,marker_context_specific_neighborhood,4,1.5,0.5461365341335334,0.5265924669679571,,,0.5
SQUIDPY_MIBITOF,3,marker_context_specific_neighborhood,0,1.5,0.5498874718679669,0.5251470203773643,,,0.0
SQUIDPY_MIBITOF,3,marker_context_specific_neighborhood,2,1.5,0.5476369092273068,0.5248407909534442,,,0.1
SQUIDPY_MIBITOF,3,marker_context_specific_neighborhood,1,1.5,0.5498874718679669,0.5245443293647231,,,0.05
SQUIDPY_MIBITOF,3,marker_context_specific_neighborhood,5,1.5,0.5191297824456114,0.5061969502749364,,,1.0
SQUIDPY_MIBITOF,3,learned_random_graph,0,1.5,0.5498874718679669,0.5251470203773643,,0.0,
SQUIDPY_MIBITOF,3,learned_random_graph,2,1.5,0.5491372843210802,0.5249510595732713,,0.1,
SQUIDPY_MIBITOF,3,learned_random_graph,3,1.5,0.5476369092273068,0.5232663028460769,,0.2,
SQUIDPY_MIBITOF,3,learned_random_graph,1,1.5,0.5476369092273068,0.5231726941529797,,0.05,
SQUIDPY_MIBITOF,3,learned_random_graph,4,1.5,0.5416354088522131,0.5226160954108785,,0.5,
SQUIDPY_MIBITOF,3,learned_random_graph,5,1.5,0.5033758439609902,0.48903633148210335,,1.0,
SQUIDPY_MIBITOF,3,learned_permuted_prior,0,1.5,0.5498874718679669,0.5251470203773643,,0.0,
SQUIDPY_MIBITOF,3,learned_permuted_prior,1,1.5,0.5468867216804201,0.5220362786637529,,0.05,
SQUIDPY_MIBITOF,3,learned_permuted_prior,3,1.5,0.5453863465866466,0.5210678871823615,,0.2,
SQUIDPY_MIBITOF,3,learned_permuted_prior,2,1.5,0.5438859714928732,0.5188118092912481,,0.1,
SQUIDPY_MIBITOF,3,learned_permuted_prior,4,1.5,0.5348837209302325,0.5123820937385245,,0.5,
SQUIDPY_MIBITOF,3,learned_permuted_prior,5,1.5,0.5153788447111778,0.490865876595065,,1.0,
SQUIDPY_VISIUM_FLUO,1,marker_only,0,1.5,0.6888888888888889,0.6411186149907903,,,
SQUIDPY_VISIUM_FLUO,1,marker_spatial_smoothing,5,1.5,0.7133786848072562,0.6686110271311423,1.0,,
SQUIDPY_VISIUM_FLUO,1,marker_spatial_smoothing,4,1.5,0.7015873015873015,0.6547851877833877,0.5,,
SQUIDPY_VISIUM_FLUO,1,marker_spatial_smoothing,3,1.5,0.6970521541950113,0.6509731606916769,0.2,,
SQUIDPY_VISIUM_FLUO,1,marker_spatial_smoothing,2,1.5,0.6934240362811791,0.6463350965530874,0.1,,
SQUIDPY_VISIUM_FLUO,1,marker_spatial_smoothing,1,1.5,0.691609977324263,0.643917634749867,0.05,,
SQUIDPY_VISIUM_FLUO,1,marker_spatial_smoothing,0,1.5,0.6888888888888889,0.6411186149907903,0.0,,
SQUIDPY_VISIUM_FLUO,1,marker_spatial_smoothing_random_graph,5,1.5,0.6988662131519274,0.6499365059294586,1.0,,
SQUIDPY_VISIUM_FLUO,1,marker_spatial_smoothing_random_graph,4,1.5,0.6979591836734694,0.6488175604952333,0.5,,
SQUIDPY_VISIUM_FLUO,1,marker_spatial_smoothing_random_graph,2,1.5,0.6943310657596372,0.6472154257318723,0.1,,
SQUIDPY_VISIUM_FLUO,1,marker_spatial_smoothing_random_graph,3,1.5,0.6947845804988663,0.6467054770183169,0.2,,
SQUIDPY_VISIUM_FLUO,1,marker_spatial_smoothing_random_graph,1,1.5,0.691609977324263,0.6439129443859516,0.05,,
SQUIDPY_VISIUM_FLUO,1,marker_spatial_smoothing_random_graph,0,1.5,0.6888888888888889,0.6411186149907903,0.0,,
SQUIDPY_VISIUM_FLUO,1,marker_learned_neighborhood,5,1.5,0.7206349206349206,0.7204467345805572,,1.0,
SQUIDPY_VISIUM_FLUO,1,marker_learned_neighborhood,4,1.5,0.7219954648526077,0.7204317701781359,,0.5,
SQUIDPY_VISIUM_FLUO,1,marker_learned_neighborhood,3,1.5,0.7124716553287982,0.6648605127444202,,0.2,
SQUIDPY_VISIUM_FLUO,1,marker_learned_neighborhood,2,1.5,0.7038548752834467,0.6572097954172612,,0.1,
SQUIDPY_VISIUM_FLUO,1,marker_learned_neighborhood,1,1.5,0.6965986394557823,0.6496789177106433,,0.05,
SQUIDPY_VISIUM_FLUO,1,marker_learned_neighborhood,0,1.5,0.6888888888888889,0.6411186149907903,,0.0,
SQUIDPY_VISIUM_FLUO,1,marker_context_specific_neighborhood,3,1.5,0.6975056689342404,0.6510557126217399,,,0.2
SQUIDPY_VISIUM_FLUO,1,marker_context_specific_neighborhood,2,1.5,0.6956916099773243,0.6495654602409362,,,0.1
SQUIDPY_VISIUM_FLUO,1,marker_context_specific_neighborhood,1,1.5,0.6925170068027211,0.6452945214898256,,,0.05
SQUIDPY_VISIUM_FLUO,1,marker_context_specific_neighborhood,0,1.5,0.6888888888888889,0.6411186149907903,,,0.0
SQUIDPY_VISIUM_FLUO,1,marker_context_specific_neighborhood,4,1.5,0.6780045351473923,0.635640851974107,,,0.5
SQUIDPY_VISIUM_FLUO,1,marker_context_specific_neighborhood,5,1.5,0.6290249433106576,0.5935905704896848,,,1.0
SQUIDPY_VISIUM_FLUO,1,learned_random_graph,5,1.5,0.7106575963718821,0.7120103043041421,,1.0,
SQUIDPY_VISIUM_FLUO,1,learned_random_graph,4,1.5,0.7301587301587301,0.6838089303341348,,0.5,
SQUIDPY_VISIUM_FLUO,1,learned_random_graph,3,1.5,0.7165532879818595,0.670357107179423,,0.2,
SQUIDPY_VISIUM_FLUO,1,learned_random_graph,2,1.5,0.7043083900226758,0.6585783402276209,,0.1,
SQUIDPY_VISIUM_FLUO,1,learned_random_graph,1,1.5,0.6984126984126984,0.6523542644644351,,0.05,
SQUIDPY_VISIUM_FLUO,1,learned_random_graph,0,1.5,0.6888888888888889,0.6411186149907903,,0.0,
SQUIDPY_VISIUM_FLUO,1,learned_permuted_prior,5,1.5,0.727437641723356,0.6826728680166055,,1.0,
SQUIDPY_VISIUM_FLUO,1,learned_permuted_prior,4,1.5,0.7242630385487528,0.6783355252906903,,0.5,
SQUIDPY_VISIUM_FLUO,1,learned_permuted_prior,3,1.5,0.7165532879818595,0.6690352710796174,,0.2,
SQUIDPY_VISIUM_FLUO,1,learned_permuted_prior,2,1.5,0.7024943310657596,0.6549835713664744,,0.1,
SQUIDPY_VISIUM_FLUO,1,learned_permuted_prior,1,1.5,0.6984126984126984,0.6504649197680632,,0.05,
SQUIDPY_VISIUM_FLUO,1,learned_permuted_prior,0,1.5,0.6888888888888889,0.6411186149907903,,0.0,
SQUIDPY_VISIUM_FLUO,2,marker_only,0,1.5,0.7375339981867634,0.6931671246901934,,,
SQUIDPY_VISIUM_FLUO,2,marker_spatial_smoothing,5,1.5,0.7493200362647325,0.7114770822578048,1.0,,
SQUIDPY_VISIUM_FLUO,2,marker_spatial_smoothing,4,1.5,0.7479601087941976,0.7063280921035258,0.5,,
SQUIDPY_VISIUM_FLUO,2,marker_spatial_smoothing,3,1.5,0.7438803263825929,0.7008935509134516,0.2,,
SQUIDPY_VISIUM_FLUO,2,marker_spatial_smoothing,2,1.5,0.7384406165004533,0.6951021990051008,0.1,,
SQUIDPY_VISIUM_FLUO,2,marker_spatial_smoothing,0,1.5,0.7375339981867634,0.6931671246901934,0.0,,
SQUIDPY_VISIUM_FLUO,2,marker_spatial_smoothing,1,1.5,0.7375339981867634,0.6931538556971721,0.05,,
SQUIDPY_VISIUM_FLUO,2,marker_spatial_smoothing_random_graph,1,1.5,0.7388939256572983,0.694542796110592,0.05,,
SQUIDPY_VISIUM_FLUO,2,marker_spatial_smoothing_random_graph,2,1.5,0.7379873073436083,0.6940138126914924,0.1,,
SQUIDPY_VISIUM_FLUO,2,marker_spatial_smoothing_random_graph,3,1.5,0.7375339981867634,0.69368322762344,0.2,,
SQUIDPY_VISIUM_FLUO,2,marker_spatial_smoothing_random_graph,0,1.5,0.7375339981867634,0.6931671246901934,0.0,,
SQUIDPY_VISIUM_FLUO,2,marker_spatial_smoothing_random_graph,4,1.5,0.728921124206709,0.6854225522791169,0.5,,
SQUIDPY_VISIUM_FLUO,2,marker_spatial_smoothing_random_graph,5,1.5,0.7207615593834995,0.6789525191784158,1.0,,
SQUIDPY_VISIUM_FLUO,2,marker_learned_neighborhood,1,1.5,0.7398005439709883,0.6937605492318666,,0.05,
SQUIDPY_VISIUM_FLUO,2,marker_learned_neighborhood,0,1.5,0.7375339981867634,0.6931671246901934,,0.0,
SQUIDPY_VISIUM_FLUO,2,marker_learned_neighborhood,2,1.5,0.7348141432456936,0.6854410948080918,,0.1,
SQUIDPY_VISIUM_FLUO,2,marker_learned_neighborhood,3,1.5,0.728921124206709,0.6741893142906709,,0.2,
SQUIDPY_VISIUM_FLUO,2,marker_learned_neighborhood,4,1.5,0.7207615593834995,0.6675845264055741,,0.5,
SQUIDPY_VISIUM_FLUO,2,marker_learned_neighborhood,5,1.5,0.6985494106980961,0.6407953794912532,,1.0,
SQUIDPY_VISIUM_FLUO,2,marker_context_specific_neighborhood,0,1.5,0.7375339981867634,0.6931671246901934,,,0.0
SQUIDPY_VISIUM_FLUO,2,marker_context_specific_neighborhood,1,1.5,0.7343608340888486,0.6914785334985848,,,0.05
SQUIDPY_VISIUM_FLUO,2,marker_context_specific_neighborhood,2,1.5,0.7307343608340888,0.6898079231322838,,,0.1
SQUIDPY_VISIUM_FLUO,2,marker_context_specific_neighborhood,3,1.5,0.7230281051677244,0.6832608746275421,,,0.2
SQUIDPY_VISIUM_FLUO,2,marker_context_specific_neighborhood,4,1.5,0.6808703535811423,0.6446199094068669,,,0.5
SQUIDPY_VISIUM_FLUO,2,marker_context_specific_neighborhood,5,1.5,0.5589301903898459,0.5412534317094974,,,1.0
SQUIDPY_VISIUM_FLUO,2,learned_random_graph,0,1.5,0.7375339981867634,0.6931671246901934,,0.0,
SQUIDPY_VISIUM_FLUO,2,learned_random_graph,1,1.5,0.7379873073436083,0.6919912416273434,,0.05,
SQUIDPY_VISIUM_FLUO,2,learned_random_graph,2,1.5,0.7357207615593835,0.6881232380147342,,0.1,
SQUIDPY_VISIUM_FLUO,2,learned_random_graph,3,1.5,0.7320942883046238,0.6834451031628098,,0.2,
SQUIDPY_VISIUM_FLUO,2,learned_random_graph,4,1.5,0.7048957388939256,0.6549247794056413,,0.5,
SQUIDPY_VISIUM_FLUO,2,learned_random_graph,5,1.5,0.6414324569356301,0.6023632196806583,,1.0,
SQUIDPY_VISIUM_FLUO,2,learned_permuted_prior,5,1.5,0.8463281958295558,0.824684774477857,,1.0,
SQUIDPY_VISIUM_FLUO,2,learned_permuted_prior,4,1.5,0.8309156844968268,0.8006009628488272,,0.5,
SQUIDPY_VISIUM_FLUO,2,learned_permuted_prior,3,1.5,0.7964641885766093,0.7591585029418061,,0.2,
SQUIDPY_VISIUM_FLUO,2,learned_permuted_prior,2,1.5,0.7733454215775158,0.7332929899097668,,0.1,
SQUIDPY_VISIUM_FLUO,2,learned_permuted_prior,1,1.5,0.7592928377153219,0.7176397719879988,,0.05,
SQUIDPY_VISIUM_FLUO,2,learned_permuted_prior,0,1.5,0.7375339981867634,0.6931671246901934,,0.0,
SQUIDPY_VISIUM_FLUO,3,marker_only,0,1.5,0.725201072386059,0.6693573367355781,,,
SQUIDPY_VISIUM_FLUO,3,marker_spatial_smoothing,3,1.5,0.72609472743521,0.6744062073966188,0.2,,
SQUIDPY_VISIUM_FLUO,3,marker_spatial_smoothing,4,1.5,0.724307417336908,0.6739012563691771,0.5,,
SQUIDPY_VISIUM_FLUO,3,marker_spatial_smoothing,2,1.5,0.7247542448614834,0.6700580192224381,0.1,,
SQUIDPY_VISIUM_FLUO,3,marker_spatial_smoothing,5,1.5,0.7184986595174263,0.6700551293333091,1.0,,
SQUIDPY_VISIUM_FLUO,3,marker_spatial_smoothing,1,1.5,0.724307417336908,0.669803996233446,0.05,,
SQUIDPY_VISIUM_FLUO,3,marker_spatial_smoothing,0,1.5,0.725201072386059,0.6693573367355781,0.0,,
SQUIDPY_VISIUM_FLUO,3,marker_spatial_smoothing_random_graph,3,1.5,0.7229669347631814,0.6703279707838353,0.2,,
SQUIDPY_VISIUM_FLUO,3,marker_spatial_smoothing_random_graph,2,1.5,0.7238605898123325,0.6697659084314928,0.1,,
SQUIDPY_VISIUM_FLUO,3,marker_spatial_smoothing_random_graph,0,1.5,0.725201072386059,0.6693573367355781,0.0,,
SQUIDPY_VISIUM_FLUO,3,marker_spatial_smoothing_random_graph,1,1.5,0.7247542448614834,0.6692310271114124,0.05,,
SQUIDPY_VISIUM_FLUO,3,marker_spatial_smoothing_random_graph,4,1.5,0.7207327971403038,0.6675961695541911,0.5,,
SQUIDPY_VISIUM_FLUO,3,marker_spatial_smoothing_random_graph,5,1.5,0.7184986595174263,0.6647989906405194,1.0,,
SQUIDPY_VISIUM_FLUO,3,marker_learned_neighborhood,0,1.5,0.725201072386059,0.6693573367355781,,0.0,
SQUIDPY_VISIUM_FLUO,3,marker_learned_neighborhood,1,1.5,0.7238605898123325,0.6646282708621393,,0.05,
SQUIDPY_VISIUM_FLUO,3,marker_learned_neighborhood,2,1.5,0.7238605898123325,0.6625357540463448,,0.1,
SQUIDPY_VISIUM_FLUO,3,marker_learned_neighborhood,3,1.5,0.7220732797140303,0.6581967522624305,,0.2,
SQUIDPY_VISIUM_FLUO,3,marker_learned_neighborhood,4,1.5,0.707774798927614,0.6331219350838205,,0.5,
SQUIDPY_VISIUM_FLUO,3,marker_learned_neighborhood,5,1.5,0.6796246648793566,0.5982119472692474,,1.0,
SQUIDPY_VISIUM_FLUO,3,marker_context_specific_neighborhood,0,1.5,0.725201072386059,0.6693573367355781,,,0.0
SQUIDPY_VISIUM_FLUO,3,marker_context_specific_neighborhood,1,1.5,0.7225201072386059,0.6651410773469133,,,0.05
SQUIDPY_VISIUM_FLUO,3,marker_context_specific_neighborhood,2,1.5,0.7202859696157283,0.6605825475315334,,,0.1
SQUIDPY_VISIUM_FLUO,3,marker_context_specific_neighborhood,3,1.5,0.710455764075067,0.6496592845517208,,,0.2
SQUIDPY_VISIUM_FLUO,3,marker_context_specific_neighborhood,4,1.5,0.6845397676496873,0.6241719440778094,,,0.5
SQUIDPY_VISIUM_FLUO,3,marker_context_specific_neighborhood,5,1.5,0.5920464700625558,0.5464894991717564,,,1.0
SQUIDPY_VISIUM_FLUO,3,learned_random_graph,1,1.5,0.7278820375335121,0.6729127178146995,,0.05,
SQUIDPY_VISIUM_FLUO,3,learned_random_graph,0,1.5,0.725201072386059,0.6693573367355781,,0.0,
SQUIDPY_VISIUM_FLUO,3,learned_random_graph,2,1.5,0.7274352100089365,0.6693162858517938,,0.1,
SQUIDPY_VISIUM_FLUO,3,learned_random_graph,3,1.5,0.7274352100089365,0.6665735936824958,,0.2,
SQUIDPY_VISIUM_FLUO,3,learned_random_graph,4,1.5,0.7238605898123325,0.6568245621841678,,0.5,
SQUIDPY_VISIUM_FLUO,3,learned_random_graph,5,1.5,0.6791778373547811,0.6119269559650419,,1.0,
SQUIDPY_VISIUM_FLUO,3,learned_permuted_prior,4,1.5,0.756478999106345,0.7120167271764956,,0.5,
SQUIDPY_VISIUM_FLUO,3,learned_permuted_prior,3,1.5,0.7524575513851653,0.7010742732926085,,0.2,
SQUIDPY_VISIUM_FLUO,3,learned_permuted_prior,5,1.5,0.7390527256478999,0.6901643715727935,,1.0,
SQUIDPY_VISIUM_FLUO,3,learned_permuted_prior,2,1.5,0.741733690795353,0.6878855274091434,,0.1,
SQUIDPY_VISIUM_FLUO,3,learned_permuted_prior,1,1.5,0.7332439678284183,0.6784093076869868,,0.05,
SQUIDPY_VISIUM_FLUO,3,learned_permuted_prior,0,1.5,0.725201072386059,0.6693573367355781,,0.0,
SQUIDPY_VISIUM_FLUO,4,marker_only,0,1.5,0.6802939825447865,0.5985798023071476,,,
SQUIDPY_VISIUM_FLUO,4,marker_spatial_smoothing,5,1.5,0.6789159393661002,0.6118064951233358,1.0,,
SQUIDPY_VISIUM_FLUO,4,marker_spatial_smoothing,4,1.5,0.6793752870923289,0.6058671429850198,0.5,,
SQUIDPY_VISIUM_FLUO,4,marker_spatial_smoothing,3,1.5,0.6807533302710151,0.6033874394560178,0.2,,
SQUIDPY_VISIUM_FLUO,4,marker_spatial_smoothing,1,1.5,0.6812126779972439,0.600285742354304,0.05,,
SQUIDPY_VISIUM_FLUO,4,marker_spatial_smoothing,2,1.5,0.6798346348185577,0.5992338218283156,0.1,,
SQUIDPY_VISIUM_FLUO,4,marker_spatial_smoothing,0,1.5,0.6802939825447865,0.5985798023071476,0.0,,
SQUIDPY_VISIUM_FLUO,4,marker_spatial_smoothing_random_graph,4,1.5,0.6807533302710151,0.6063721607901954,0.5,,
SQUIDPY_VISIUM_FLUO,4,marker_spatial_smoothing_random_graph,5,1.5,0.6770785484611851,0.6050877743042353,1.0,,
SQUIDPY_VISIUM_FLUO,4,marker_spatial_smoothing_random_graph,2,1.5,0.6807533302710151,0.6005717390643743,0.1,,
SQUIDPY_VISIUM_FLUO,4,marker_spatial_smoothing_random_graph,3,1.5,0.6789159393661002,0.6000874542994649,0.2,,
SQUIDPY_VISIUM_FLUO,4,marker_spatial_smoothing_random_graph,1,1.5,0.6802939825447865,0.5993994732376695,0.05,,
SQUIDPY_VISIUM_FLUO,4,marker_spatial_smoothing_random_graph,0,1.5,0.6802939825447865,0.5985798023071476,0.0,,
SQUIDPY_VISIUM_FLUO,4,marker_learned_neighborhood,4,1.5,0.6995865870463941,0.6375411632742665,,0.5,
SQUIDPY_VISIUM_FLUO,4,marker_learned_neighborhood,5,1.5,0.6977491961414791,0.6280097556685655,,1.0,
SQUIDPY_VISIUM_FLUO,4,marker_learned_neighborhood,1,1.5,0.6839687643546164,0.6016820882126596,,0.05,
SQUIDPY_VISIUM_FLUO,4,marker_learned_neighborhood,2,1.5,0.6844281120808452,0.599000463668692,,0.1,
SQUIDPY_VISIUM_FLUO,4,marker_learned_neighborhood,0,1.5,0.6802939825447865,0.5985798023071476,,0.0,
SQUIDPY_VISIUM_FLUO,4,marker_learned_neighborhood,3,1.5,0.686724850711989,0.5961410959667098,,0.2,
SQUIDPY_VISIUM_FLUO,4,marker_context_specific_neighborhood,1,1.5,0.6779972439136426,0.5991196186163864,,,0.05
SQUIDPY_VISIUM_FLUO,4,marker_context_specific_neighborhood,0,1.5,0.6802939825447865,0.5985798023071476,,,0.0
SQUIDPY_VISIUM_FLUO,4,marker_context_specific_neighborhood,2,1.5,0.6747818098300413,0.5969236113726046,,,0.1
SQUIDPY_VISIUM_FLUO,4,marker_context_specific_neighborhood,3,1.5,0.6637574644005512,0.5827494703713151,,,0.2
SQUIDPY_VISIUM_FLUO,4,marker_context_specific_neighborhood,4,1.5,0.641708773541571,0.5662597565741406,,,0.5
SQUIDPY_VISIUM_FLUO,4,marker_context_specific_neighborhood,5,1.5,0.5939366100137804,0.5543336795870757,,,1.0
SQUIDPY_VISIUM_FLUO,4,learned_random_graph,4,1.5,0.684887459807074,0.6376974034315223,,0.5,
SQUIDPY_VISIUM_FLUO,4,learned_random_graph,5,1.5,0.6674322462103812,0.6152121711499818,,1.0,
SQUIDPY_VISIUM_FLUO,4,learned_random_graph,2,1.5,0.6871841984382178,0.6045565309182284,,0.1,
SQUIDPY_VISIUM_FLUO,4,learned_random_graph,1,1.5,0.6858061552595315,0.6039837042766332,,0.05,
SQUIDPY_VISIUM_FLUO,4,learned_random_graph,3,1.5,0.6876435461644465,0.6034441358671095,,0.2,
SQUIDPY_VISIUM_FLUO,4,learned_random_graph,0,1.5,0.6802939825447865,0.5985798023071476,,0.0,
SQUIDPY_VISIUM_FLUO,4,learned_permuted_prior,5,1.5,0.8047772163527791,0.7566862364442569,,1.0,
SQUIDPY_VISIUM_FLUO,4,learned_permuted_prior,4,1.5,0.780431786862655,0.7174316085921916,,0.5,
SQUIDPY_VISIUM_FLUO,4,learned_permuted_prior,3,1.5,0.7349563619660082,0.6615275485062754,,0.2,
SQUIDPY_VISIUM_FLUO,4,learned_permuted_prior,2,1.5,0.712907671107028,0.6365411149690874,,0.1,
SQUIDPY_VISIUM_FLUO,4,learned_permuted_prior,1,1.5,0.6940744143316491,0.6167391641974017,,0.05,
SQUIDPY_VISIUM_FLUO,4,learned_permuted_prior,0,1.5,0.6802939825447865,0.5985798023071476,,0.0,
SQUIDPY_VISIUM_FLUO,5,marker_only,0,1.5,0.707227813357731,0.6653511063356025,,,
SQUIDPY_VISIUM_FLUO,5,marker_spatial_smoothing,2,1.5,0.7081427264409881,0.6661062266757182,0.1,,
SQUIDPY_VISIUM_FLUO,5,marker_spatial_smoothing,4,1.5,0.7095150960658737,0.6660047748826737,0.5,,
SQUIDPY_VISIUM_FLUO,5,marker_spatial_smoothing,0,1.5,0.707227813357731,0.6653511063356025,0.0,,
SQUIDPY_VISIUM_FLUO,5,marker_spatial_smoothing,1,1.5,0.7067703568161025,0.6649577632740887,0.05,,
SQUIDPY_VISIUM_FLUO,5,marker_spatial_smoothing,5,1.5,0.7090576395242452,0.6646004683066083,1.0,,
SQUIDPY_VISIUM_FLUO,5,marker_spatial_smoothing,3,1.5,0.707227813357731,0.6645228361561708,0.2,,
SQUIDPY_VISIUM_FLUO,5,marker_spatial_smoothing_random_graph,3,1.5,0.7099725526075022,0.6666890367356861,0.2,,
SQUIDPY_VISIUM_FLUO,5,marker_spatial_smoothing_random_graph,1,1.5,0.7076852698993595,0.6655046408364157,0.05,,
SQUIDPY_VISIUM_FLUO,5,marker_spatial_smoothing_random_graph,2,1.5,0.7086001829826166,0.665482708370832,0.1,,
SQUIDPY_VISIUM_FLUO,5,marker_spatial_smoothing_random_graph,0,1.5,0.707227813357731,0.6653511063356025,0.0,,
SQUIDPY_VISIUM_FLUO,5,marker_spatial_smoothing_random_graph,4,1.5,0.7099725526075022,0.6651571990392053,0.5,,
SQUIDPY_VISIUM_FLUO,5,marker_spatial_smoothing_random_graph,5,1.5,0.7086001829826166,0.6603308531186627,1.0,,
SQUIDPY_VISIUM_FLUO,5,marker_learned_neighborhood,5,1.5,0.6857273559011894,0.6855039543403018,,1.0,
SQUIDPY_VISIUM_FLUO,5,marker_learned_neighborhood,3,1.5,0.7108874656907593,0.6659740764155296,,0.2,
SQUIDPY_VISIUM_FLUO,5,marker_learned_neighborhood,0,1.5,0.707227813357731,0.6653511063356025,,0.0,
SQUIDPY_VISIUM_FLUO,5,marker_learned_neighborhood,2,1.5,0.7049405306495883,0.6613638007066276,,0.1,
SQUIDPY_VISIUM_FLUO,5,marker_learned_neighborhood,1,1.5,0.7040256175663312,0.6604336644290215,,0.05,
SQUIDPY_VISIUM_FLUO,5,marker_learned_neighborhood,4,1.5,0.6994510521500458,0.6470084938738856,,0.5,
SQUIDPY_VISIUM_FLUO,5,marker_context_specific_neighborhood,3,1.5,0.7031107044830741,0.667831143855688,,,0.2
SQUIDPY_VISIUM_FLUO,5,marker_context_specific_neighborhood,1,1.5,0.7067703568161025,0.666068346007899,,,0.05
SQUIDPY_VISIUM_FLUO,5,marker_context_specific_neighborhood,2,1.5,0.7040256175663312,0.6654025459593351,,,0.1
SQUIDPY_VISIUM_FLUO,5,marker_context_specific_neighborhood,0,1.5,0.707227813357731,0.6653511063356025,,,0.0
SQUIDPY_VISIUM_FLUO,5,marker_context_specific_neighborhood,4,1.5,0.6688014638609332,0.6394524877793293,,,0.5
SQUIDPY_VISIUM_FLUO,5,marker_context_specific_neighborhood,5,1.5,0.6230558096980787,0.5950805213018725,,,1.0
SQUIDPY_VISIUM_FLUO,5,learned_random_graph,3,1.5,0.7145471180237878,0.670638772321923,,0.2,
SQUIDPY_VISIUM_FLUO,5,learned_random_graph,2,1.5,0.7113449222323879,0.6692680284700778,,0.1,
SQUIDPY_VISIUM_FLUO,5,learned_random_graph,0,1.5,0.707227813357731,0.6653511063356025,,0.0,
SQUIDPY_VISIUM_FLUO,5,learned_random_graph,4,1.5,0.7168344007319305,0.6638004761733906,,0.5,
SQUIDPY_VISIUM_FLUO,5,learned_random_graph,1,1.5,0.7053979871912168,0.6629783816223708,,0.05,
SQUIDPY_VISIUM_FLUO,5,learned_random_graph,5,1.5,0.6893870082342177,0.6389118608044474,,1.0,
SQUIDPY_VISIUM_FLUO,5,learned_permuted_prior,5,1.5,0.7698993595608418,0.7531307274290766,,1.0,
SQUIDPY_VISIUM_FLUO,5,learned_permuted_prior,4,1.5,0.7671546203110704,0.741934752024467,,0.5,
SQUIDPY_VISIUM_FLUO,5,learned_permuted_prior,3,1.5,0.7438243366880146,0.7118421323955934,,0.2,
SQUIDPY_VISIUM_FLUO,5,learned_permuted_prior,2,1.5,0.727355901189387,0.6921328188851682,,0.1,
SQUIDPY_VISIUM_FLUO,5,learned_permuted_prior,1,1.5,0.7177493138151876,0.6794562941087398,,0.05,
SQUIDPY_VISIUM_FLUO,5,learned_permuted_prior,0,1.5,0.707227813357731,0.6653511063356025,,0.0,
SQUIDPY_VISIUM_HNE,1,marker_only,0,1.5,0.7640075973409307,0.7258166090539064,,,
SQUIDPY_VISIUM_HNE,1,marker_spatial_smoothing,5,1.5,0.7943969610636278,0.7696198266491032,1.0,,
SQUIDPY_VISIUM_HNE,1,marker_spatial_smoothing,4,1.5,0.7849002849002849,0.7562740458329922,0.5,,
SQUIDPY_VISIUM_HNE,1,marker_spatial_smoothing,3,1.5,0.7749287749287749,0.7414118657895215,0.2,,
SQUIDPY_VISIUM_HNE,1,marker_spatial_smoothing,2,1.5,0.7716049382716049,0.7365058131691161,0.1,,
SQUIDPY_VISIUM_HNE,1,marker_spatial_smoothing,1,1.5,0.7678062678062678,0.7296092136399556,0.05,,
SQUIDPY_VISIUM_HNE,1,marker_spatial_smoothing,0,1.5,0.7640075973409307,0.7258166090539064,0.0,,
SQUIDPY_VISIUM_HNE,1,marker_spatial_smoothing_random_graph,5,1.5,0.8005698005698005,0.779562323659086,1.0,,
SQUIDPY_VISIUM_HNE,1,marker_spatial_smoothing_random_graph,4,1.5,0.7924976258309592,0.7660900932527134,0.5,,
SQUIDPY_VISIUM_HNE,1,marker_spatial_smoothing_random_graph,3,1.5,0.7815764482431149,0.7497083267952881,0.2,,
SQUIDPY_VISIUM_HNE,1,marker_spatial_smoothing_random_graph,2,1.5,0.7725546058879392,0.7356528629252762,0.1,,
SQUIDPY_VISIUM_HNE,1,marker_spatial_smoothing_random_graph,1,1.5,0.7687559354226021,0.7293867807529129,0.05,,
SQUIDPY_VISIUM_HNE,1,marker_spatial_smoothing_random_graph,0,1.5,0.7640075973409307,0.7258166090539064,0.0,,
SQUIDPY_VISIUM_HNE,1,marker_learned_neighborhood,3,1.5,0.7934472934472935,0.7687145589910787,,0.2,
SQUIDPY_VISIUM_HNE,1,marker_learned_neighborhood,4,1.5,0.7948717948717948,0.7678174269355967,,0.5,
SQUIDPY_VISIUM_HNE,1,marker_learned_neighborhood,5,1.5,0.7592592592592593,0.7646637926617422,,1.0,
SQUIDPY_VISIUM_HNE,1,marker_learned_neighborhood,2,1.5,0.7839506172839507,0.7536465649696279,,0.1,
SQUIDPY_VISIUM_HNE,1,marker_learned_neighborhood,1,1.5,0.775403608736942,0.7382309652361368,,0.05,
SQUIDPY_VISIUM_HNE,1,marker_learned_neighborhood,0,1.5,0.7640075973409307,0.7258166090539064,,0.0,
SQUIDPY_VISIUM_HNE,1,marker_context_specific_neighborhood,3,1.5,0.7801519468186134,0.7520068136028293,,,0.2
SQUIDPY_VISIUM_HNE,1,marker_context_specific_neighborhood,4,1.5,0.7701804368471035,0.7488463830149069,,,0.5
SQUIDPY_VISIUM_HNE,1,marker_context_specific_neighborhood,2,1.5,0.775403608736942,0.7441471024666542,,,0.1
SQUIDPY_VISIUM_HNE,1,marker_context_specific_neighborhood,1,1.5,0.7687559354226021,0.733667952123587,,,0.05
SQUIDPY_VISIUM_HNE,1,marker_context_specific_neighborhood,0,1.5,0.7640075973409307,0.7258166090539064,,,0.0
SQUIDPY_VISIUM_HNE,1,marker_context_specific_neighborhood,5,1.5,0.7188983855650523,0.7040408838891189,,,1.0
SQUIDPY_VISIUM_HNE,1,learned_random_graph,3,1.5,0.7972459639126306,0.7666404583513269,,0.2,
SQUIDPY_VISIUM_HNE,1,learned_random_graph,2,1.5,0.7830009496676164,0.7467920983784903,,0.1,
SQUIDPY_VISIUM_HNE,1,learned_random_graph,4,1.5,0.7792022792022792,0.7435214249974071,,0.5,
SQUIDPY_VISIUM_HNE,1,learned_random_graph,1,1.5,0.7749287749287749,0.7365186835954038,,0.05,
SQUIDPY_VISIUM_HNE,1,learned_random_graph,0,1.5,0.7640075973409307,0.7258166090539064,,0.0,
SQUIDPY_VISIUM_HNE,1,learned_random_graph,5,1.5,0.7236467236467237,0.6809567385472379,,1.0,
SQUIDPY_VISIUM_HNE,1,learned_permuted_prior,3,1.5,0.7725546058879392,0.7338483250846288,,0.2,
SQUIDPY_VISIUM_HNE,1,learned_permuted_prior,2,1.5,0.7711301044634378,0.7305527292721526,,0.1,
SQUIDPY_VISIUM_HNE,1,learned_permuted_prior,1,1.5,0.768281101614435,0.728499018795903,,0.05,
SQUIDPY_VISIUM_HNE,1,learned_permuted_prior,0,1.5,0.7640075973409307,0.7258166090539064,,0.0,
SQUIDPY_VISIUM_HNE,1,learned_permuted_prior,4,1.5,0.7526115859449193,0.7114896185853686,,0.5,
SQUIDPY_VISIUM_HNE,1,learned_permuted_prior,5,1.5,0.7293447293447294,0.6808894995193272,,1.0,
SQUIDPY_VISIUM_HNE,2,marker_only,0,1.5,0.6898823529411765,0.6502383757384262,,,
SQUIDPY_VISIUM_HNE,2,marker_spatial_smoothing,5,1.5,0.7110588235294117,0.6852010218723151,1.0,,
SQUIDPY_VISIUM_HNE,2,marker_spatial_smoothing,4,1.5,0.7035294117647058,0.671144429332461,0.5,,
SQUIDPY_VISIUM_HNE,2,marker_spatial_smoothing,3,1.5,0.6974117647058824,0.6630671317311612,0.2,,
SQUIDPY_VISIUM_HNE,2,marker_spatial_smoothing,2,1.5,0.6927058823529412,0.6555680184748347,0.1,,
SQUIDPY_VISIUM_HNE,2,marker_spatial_smoothing,1,1.5,0.6912941176470588,0.6524649084633866,0.05,,
SQUIDPY_VISIUM_HNE,2,marker_spatial_smoothing,0,1.5,0.6898823529411765,0.6502383757384262,0.0,,
SQUIDPY_VISIUM_HNE,2,marker_spatial_smoothing_random_graph,5,1.5,0.7044705882352941,0.6806486517017568,1.0,,
SQUIDPY_VISIUM_HNE,2,marker_spatial_smoothing_random_graph,4,1.5,0.704,0.6723706252359823,0.5,,
SQUIDPY_VISIUM_HNE,2,marker_spatial_smoothing_random_graph,3,1.5,0.6955294117647058,0.6600456342438173,0.2,,
SQUIDPY_VISIUM_HNE,2,marker_spatial_smoothing_random_graph,2,1.5,0.6931764705882353,0.6555134224146735,0.1,,
SQUIDPY_VISIUM_HNE,2,marker_spatial_smoothing_random_graph,1,1.5,0.6908235294117647,0.6518369925806934,0.05,,
SQUIDPY_VISIUM_HNE,2,marker_spatial_smoothing_random_graph,0,1.5,0.6898823529411765,0.6502383757384262,0.0,,
SQUIDPY_VISIUM_HNE,2,marker_learned_neighborhood,2,1.5,0.7096470588235294,0.6692376367998273,,0.1,
SQUIDPY_VISIUM_HNE,2,marker_learned_neighborhood,4,1.5,0.7035294117647058,0.6666142587312368,,0.5,
SQUIDPY_VISIUM_HNE,2,marker_learned_neighborhood,3,1.5,0.7101176470588235,0.6656347614638042,,0.2,
SQUIDPY_VISIUM_HNE,2,marker_learned_neighborhood,1,1.5,0.7025882352941176,0.6643066490013889,,0.05,
SQUIDPY_VISIUM_HNE,2,marker_learned_neighborhood,0,1.5,0.6898823529411765,0.6502383757384262,,0.0,
SQUIDPY_VISIUM_HNE,2,marker_learned_neighborhood,5,1.5,0.6550588235294118,0.6169586665586996,,1.0,
SQUIDPY_VISIUM_HNE,2,marker_context_specific_neighborhood,5,1.5,0.6687058823529411,0.6687592160420283,,,1.0
SQUIDPY_VISIUM_HNE,2,marker_context_specific_neighborhood,3,1.5,0.7068235294117647,0.6662168525182458,,,0.2
SQUIDPY_VISIUM_HNE,2,marker_context_specific_neighborhood,2,1.5,0.7011764705882353,0.6615306997475423,,,0.1
SQUIDPY_VISIUM_HNE,2,marker_context_specific_neighborhood,4,1.5,0.7002352941176471,0.6602599164528329,,,0.5
SQUIDPY_VISIUM_HNE,2,marker_context_specific_neighborhood,1,1.5,0.6992941176470588,0.6601992909053463,,,0.05
SQUIDPY_VISIUM_HNE,2,marker_context_specific_neighborhood,0,1.5,0.6898823529411765,0.6502383757384262,,,0.0
SQUIDPY_VISIUM_HNE,2,learned_random_graph,3,1.5,0.707764705882353,0.6661984002284655,,0.2,
SQUIDPY_VISIUM_HNE,2,learned_random_graph,2,1.5,0.7072941176470589,0.6652508965265062,,0.1,
SQUIDPY_VISIUM_HNE,2,learned_random_graph,1,1.5,0.6988235294117647,0.6584854358496913,,0.05,
SQUIDPY_VISIUM_HNE,2,learned_random_graph,0,1.5,0.6898823529411765,0.6502383757384262,,0.0,
SQUIDPY_VISIUM_HNE,2,learned_random_graph,4,1.5,0.6865882352941176,0.6480660841806043,,0.5,
SQUIDPY_VISIUM_HNE,2,learned_random_graph,5,1.5,0.6258823529411764,0.5791291923174992,,1.0,
SQUIDPY_VISIUM_HNE,2,learned_permuted_prior,5,1.5,0.7543529411764706,0.7409377083444967,,1.0,
SQUIDPY_VISIUM_HNE,2,learned_permuted_prior,4,1.5,0.7505882352941177,0.7335355887126034,,0.5,
SQUIDPY_VISIUM_HNE,2,learned_permuted_prior,3,1.5,0.7232941176470589,0.6958103716907015,,0.2,
SQUIDPY_VISIUM_HNE,2,learned_permuted_prior,2,1.5,0.7087058823529412,0.6759317949830529,,0.1,
SQUIDPY_VISIUM_HNE,2,learned_permuted_prior,1,1.5,0.6992941176470588,0.6628360985769839,,0.05,
SQUIDPY_VISIUM_HNE,2,learned_permuted_prior,0,1.5,0.6898823529411765,0.6502383757384262,,0.0,
SQUIDPY_VISIUM_HNE,3,marker_only,0,1.5,0.7371587228135122,0.686548213135788,,,
SQUIDPY_VISIUM_HNE,3,marker_spatial_smoothing,5,1.5,0.7602961591855623,0.7228510734968646,1.0,,
SQUIDPY_VISIUM_HNE,3,marker_spatial_smoothing,4,1.5,0.7533549282739472,0.7130688211989153,0.5,,
SQUIDPY_VISIUM_HNE,3,marker_spatial_smoothing,3,1.5,0.7473391948172142,0.6997979049061299,0.2,,
SQUIDPY_VISIUM_HNE,3,marker_spatial_smoothing,2,1.5,0.7399352151781583,0.6902243117346296,0.1,,
SQUIDPY_VISIUM_HNE,3,marker_spatial_smoothing,0,1.5,0.7371587228135122,0.686548213135788,0.0,,
SQUIDPY_VISIUM_HNE,3,marker_spatial_smoothing,1,1.5,0.7376214715409533,0.6861230112372035,0.05,,
SQUIDPY_VISIUM_HNE,3,marker_spatial_smoothing_random_graph,5,1.5,0.7561314206385933,0.7204744714580426,1.0,,
SQUIDPY_VISIUM_HNE,3,marker_spatial_smoothing_random_graph,4,1.5,0.7501156871818603,0.7089654750465804,0.5,,
SQUIDPY_VISIUM_HNE,3,marker_spatial_smoothing_random_graph,3,1.5,0.7468764460897732,0.7013455413779177,0.2,,
SQUIDPY_VISIUM_HNE,3,marker_spatial_smoothing_random_graph,2,1.5,0.7459509486348913,0.6983326134317733,0.1,,
SQUIDPY_VISIUM_HNE,3,marker_spatial_smoothing_random_graph,1,1.5,0.7399352151781583,0.689330602438714,0.05,,
SQUIDPY_VISIUM_HNE,3,marker_spatial_smoothing_random_graph,0,1.5,0.7371587228135122,0.686548213135788,0.0,,
SQUIDPY_VISIUM_HNE,3,marker_learned_neighborhood,3,1.5,0.7579824155483572,0.7144227008658571,,0.2,
SQUIDPY_VISIUM_HNE,3,marker_learned_neighborhood,4,1.5,0.7501156871818603,0.7140992381783202,,0.5,
SQUIDPY_VISIUM_HNE,3,marker_learned_neighborhood,2,1.5,0.7565941693660343,0.7124169998971303,,0.1,
SQUIDPY_VISIUM_HNE,3,marker_learned_neighborhood,1,1.5,0.7501156871818603,0.7030851321808339,,0.05,
SQUIDPY_VISIUM_HNE,3,marker_learned_neighborhood,0,1.5,0.7371587228135122,0.686548213135788,,0.0,
SQUIDPY_VISIUM_HNE,3,marker_learned_neighborhood,5,1.5,0.7015270708005553,0.6591304478151413,,1.0,
SQUIDPY_VISIUM_HNE,3,marker_context_specific_neighborhood,3,1.5,0.7454881999074503,0.7000620664456985,,,0.2
SQUIDPY_VISIUM_HNE,3,marker_context_specific_neighborhood,2,1.5,0.7459509486348913,0.6954017397950337,,,0.1
SQUIDPY_VISIUM_HNE,3,marker_context_specific_neighborhood,1,1.5,0.7445627024525683,0.6942179662862505,,,0.05
SQUIDPY_VISIUM_HNE,3,marker_context_specific_neighborhood,0,1.5,0.7371587228135122,0.686548213135788,,,0.0
SQUIDPY_VISIUM_HNE,3,marker_context_specific_neighborhood,4,1.5,0.7167977788061083,0.6641333043307752,,,0.5
SQUIDPY_VISIUM_HNE,3,marker_context_specific_neighborhood,5,1.5,0.6432207311429894,0.5818413820107988,,,1.0
SQUIDPY_VISIUM_HNE,3,learned_random_graph,2,1.5,0.7510411846367423,0.7043234573822564,,0.1,
SQUIDPY_VISIUM_HNE,3,learned_random_graph,3,1.5,0.7473391948172142,0.700276149927445,,0.2,
SQUIDPY_VISIUM_HNE,3,learned_random_graph,1,1.5,0.7473391948172142,0.6990639442099504,,0.05,
SQUIDPY_VISIUM_HNE,3,learned_random_graph,0,1.5,0.7371587228135122,0.686548213135788,,0.0,
SQUIDPY_VISIUM_HNE,3,learned_random_graph,4,1.5,0.7200370198981952,0.6748630927382337,,0.5,
SQUIDPY_VISIUM_HNE,3,learned_random_graph,5,1.5,0.6409069875057843,0.5944930346970079,,1.0,
SQUIDPY_VISIUM_HNE,3,learned_permuted_prior,5,1.5,0.7737158722813512,0.7702276445901987,,1.0,
SQUIDPY_VISIUM_HNE,3,learned_permuted_prior,4,1.5,0.7792688570106432,0.7698506159021131,,0.5,
SQUIDPY_VISIUM_HNE,3,learned_permuted_prior,3,1.5,0.7806571031929662,0.7556533553104405,,0.2,
SQUIDPY_VISIUM_HNE,3,learned_permuted_prior,2,1.5,0.7635354002776492,0.7284233979701761,,0.1,
SQUIDPY_VISIUM_HNE,3,learned_permuted_prior,1,1.5,0.7524294308190652,0.7127594634294471,,0.05,
SQUIDPY_VISIUM_HNE,3,learned_permuted_prior,0,1.5,0.7371587228135122,0.686548213135788,,0.0,
SQUIDPY_VISIUM_HNE,4,marker_only,0,1.5,0.7177344475394615,0.6790691402657416,,,
SQUIDPY_VISIUM_HNE,4,marker_spatial_smoothing,5,1.5,0.7400185701021356,0.716494094226139,1.0,,
SQUIDPY_VISIUM_HNE,4,marker_spatial_smoothing,4,1.5,0.7335190343546889,0.7026746929099048,0.5,,
SQUIDPY_VISIUM_HNE,4,marker_spatial_smoothing,3,1.5,0.7288765088207985,0.6926809509291381,0.2,,
SQUIDPY_VISIUM_HNE,4,marker_spatial_smoothing,2,1.5,0.72330547818013,0.6857531739056095,0.1,,
SQUIDPY_VISIUM_HNE,4,marker_spatial_smoothing,1,1.5,0.7191272051996286,0.6807834552390598,0.05,,
SQUIDPY_VISIUM_HNE,4,marker_spatial_smoothing,0,1.5,0.7177344475394615,0.6790691402657416,0.0,,
SQUIDPY_VISIUM_HNE,4,marker_spatial_smoothing_random_graph,5,1.5,0.7506963788300836,0.7296766655656495,1.0,,
SQUIDPY_VISIUM_HNE,4,marker_spatial_smoothing_random_graph,4,1.5,0.7414113277623027,0.7133168491536055,0.5,,
SQUIDPY_VISIUM_HNE,4,marker_spatial_smoothing_random_graph,3,1.5,0.7284122562674095,0.6942775399338383,0.2,,
SQUIDPY_VISIUM_HNE,4,marker_spatial_smoothing_random_graph,2,1.5,0.7256267409470752,0.6882767151619079,0.1,,
SQUIDPY_VISIUM_HNE,4,marker_spatial_smoothing_random_graph,1,1.5,0.7191272051996286,0.6803322226022892,0.05,,
SQUIDPY_VISIUM_HNE,4,marker_spatial_smoothing_random_graph,0,1.5,0.7177344475394615,0.6790691402657416,0.0,,
SQUIDPY_VISIUM_HNE,4,marker_learned_neighborhood,3,1.5,0.7372330547818013,0.6991866043433899,,0.2,
SQUIDPY_VISIUM_HNE,4,marker_learned_neighborhood,2,1.5,0.733983286908078,0.6986454615443904,,0.1,
SQUIDPY_VISIUM_HNE,4,marker_learned_neighborhood,4,1.5,0.7381615598885793,0.6953423827228316,,0.5,
SQUIDPY_VISIUM_HNE,4,marker_learned_neighborhood,1,1.5,0.7284122562674095,0.6907476679654686,,0.05,
SQUIDPY_VISIUM_HNE,4,marker_learned_neighborhood,5,1.5,0.7038068709377902,0.6849787408429032,,1.0,
SQUIDPY_VISIUM_HNE,4,marker_learned_neighborhood,0,1.5,0.7177344475394615,0.6790691402657416,,0.0,
SQUIDPY_VISIUM_HNE,4,marker_context_specific_neighborhood,2,1.5,0.7163416898792944,0.6802689863420623,,,0.1
SQUIDPY_VISIUM_HNE,4,marker_context_specific_neighborhood,0,1.5,0.7177344475394615,0.6790691402657416,,,0.0
SQUIDPY_VISIUM_HNE,4,marker_context_specific_neighborhood,3,1.5,0.7107706592386258,0.67603553637815,,,0.2
SQUIDPY_VISIUM_HNE,4,marker_context_specific_neighborhood,1,1.5,0.713091922005571,0.674555060732848,,,0.05
SQUIDPY_VISIUM_HNE,4,marker_context_specific_neighborhood,4,1.5,0.659238625812442,0.6271536196677157,,,0.5
SQUIDPY_VISIUM_HNE,4,marker_context_specific_neighborhood,5,1.5,0.5547818012999072,0.514877684516562,,,1.0
SQUIDPY_VISIUM_HNE,4,learned_random_graph,3,1.5,0.7330547818012999,0.6941745147119341,,0.2,
SQUIDPY_VISIUM_HNE,4,learned_random_graph,2,1.5,0.7293407613741876,0.6910749228867566,,0.1,
SQUIDPY_VISIUM_HNE,4,learned_random_graph,1,1.5,0.7246982358402971,0.6864931771716948,,0.05,
SQUIDPY_VISIUM_HNE,4,learned_random_graph,0,1.5,0.7177344475394615,0.6790691402657416,,0.0,
SQUIDPY_VISIUM_HNE,4,learned_random_graph,4,1.5,0.7042711234911792,0.6541193317463946,,0.5,
SQUIDPY_VISIUM_HNE,4,learned_random_graph,5,1.5,0.6620241411327762,0.6372940542220754,,1.0,
SQUIDPY_VISIUM_HNE,4,learned_permuted_prior,4,1.5,0.7948003714020427,0.7747209662891212,,0.5,
SQUIDPY_VISIUM_HNE,4,learned_permuted_prior,3,1.5,0.7790157845868152,0.7590515284111835,,0.2,
SQUIDPY_VISIUM_HNE,4,learned_permuted_prior,5,1.5,0.7799442896935933,0.7459807086718241,,1.0,
SQUIDPY_VISIUM_HNE,4,learned_permuted_prior,2,1.5,0.7530176415970288,0.7241722356147862,,0.1,
SQUIDPY_VISIUM_HNE,4,learned_permuted_prior,1,1.5,0.7367688022284122,0.7015669881212144,,0.05,
SQUIDPY_VISIUM_HNE,4,learned_permuted_prior,0,1.5,0.7177344475394615,0.6790691402657416,,0.0,
SQUIDPY_VISIUM_HNE,5,marker_only,0,1.5,0.6903898458748867,0.6385751792162025,,,
SQUIDPY_VISIUM_HNE,5,marker_spatial_smoothing,5,1.5,0.7017225747960109,0.6564531258217925,1.0,,
SQUIDPY_VISIUM_HNE,5,marker_spatial_smoothing,4,1.5,0.7021758839528558,0.6555360049203629,0.5,,
SQUIDPY_VISIUM_HNE,5,marker_spatial_smoothing,3,1.5,0.6976427923844062,0.645435111937913,0.2,,
SQUIDPY_VISIUM_HNE,5,marker_spatial_smoothing,2,1.5,0.6953762466001813,0.6432155057029892,0.1,,
SQUIDPY_VISIUM_HNE,5,marker_spatial_smoothing,1,1.5,0.6926563916591115,0.6409677283090517,0.05,,
SQUIDPY_VISIUM_HNE,5,marker_spatial_smoothing,0,1.5,0.6903898458748867,0.6385751792162025,0.0,,
SQUIDPY_VISIUM_HNE,5,marker_spatial_smoothing_random_graph,5,1.5,0.699456029011786,0.6528923213741282,1.0,,
SQUIDPY_VISIUM_HNE,5,marker_spatial_smoothing_random_graph,2,1.5,0.6958295557570263,0.6450284945444936,0.1,,
SQUIDPY_VISIUM_HNE,5,marker_spatial_smoothing_random_graph,1,1.5,0.6926563916591115,0.6418054169995703,0.05,,
SQUIDPY_VISIUM_HNE,5,marker_spatial_smoothing_random_graph,4,1.5,0.6922030825022666,0.6414654873211898,0.5,,
SQUIDPY_VISIUM_HNE,5,marker_spatial_smoothing_random_graph,3,1.5,0.6935630099728014,0.6404318809456234,0.2,,
SQUIDPY_VISIUM_HNE,5,marker_spatial_smoothing_random_graph,0,1.5,0.6903898458748867,0.6385751792162025,0.0,,
SQUIDPY_VISIUM_HNE,5,marker_learned_neighborhood,4,1.5,0.7162284678150499,0.7132606544473251,,0.5,
SQUIDPY_VISIUM_HNE,5,marker_learned_neighborhood,5,1.5,0.7053490480507706,0.6938454254938208,,1.0,
SQUIDPY_VISIUM_HNE,5,marker_learned_neighborhood,3,1.5,0.7126019945602902,0.6635272623548143,,0.2,
SQUIDPY_VISIUM_HNE,5,marker_learned_neighborhood,2,1.5,0.7089755213055303,0.6597584420777743,,0.1,
SQUIDPY_VISIUM_HNE,5,marker_learned_neighborhood,1,1.5,0.7012692656391659,0.6500631830894098,,0.05,
SQUIDPY_VISIUM_HNE,5,marker_learned_neighborhood,0,1.5,0.6903898458748867,0.6385751792162025,,0.0,
SQUIDPY_VISIUM_HNE,5,marker_context_specific_neighborhood,4,1.5,0.7035358114233907,0.6636088380538114,,,0.5
SQUIDPY_VISIUM_HNE,5,marker_context_specific_neighborhood,3,1.5,0.7067089755213055,0.6614415883930124,,,0.2
SQUIDPY_VISIUM_HNE,5,marker_context_specific_neighborhood,2,1.5,0.7044424297370807,0.6580502121959074,,,0.1
SQUIDPY_VISIUM_HNE,5,marker_context_specific_neighborhood,1,1.5,0.6980961015412511,0.6485675799263181,,,0.05
SQUIDPY_VISIUM_HNE,5,marker_context_specific_neighborhood,0,1.5,0.6903898458748867,0.6385751792162025,,,0.0
SQUIDPY_VISIUM_HNE,5,marker_context_specific_neighborhood,5,1.5,0.672257479601088,0.6241578512048385,,,1.0
SQUIDPY_VISIUM_HNE,5,learned_random_graph,4,1.5,0.6962828649138713,0.6865776598329754,,0.5,
SQUIDPY_VISIUM_HNE,5,learned_random_graph,3,1.5,0.7058023572076156,0.653294262687686,,0.2,
SQUIDPY_VISIUM_HNE,5,learned_random_graph,2,1.5,0.7012692656391659,0.6486551018397899,,0.1,
SQUIDPY_VISIUM_HNE,5,learned_random_graph,1,1.5,0.6976427923844062,0.6462273694682329,,0.05,
SQUIDPY_VISIUM_HNE,5,learned_random_graph,0,1.5,0.6903898458748867,0.6385751792162025,,0.0,
SQUIDPY_VISIUM_HNE,5,learned_random_graph,5,1.5,0.6631912964641886,0.6329351856016296,,1.0,
SQUIDPY_VISIUM_HNE,5,learned_permuted_prior,4,1.5,0.7543064369900272,0.7267365322795657,,0.5,
SQUIDPY_VISIUM_HNE,5,learned_permuted_prior,5,1.5,0.7497733454215775,0.7228331927817891,,1.0,
SQUIDPY_VISIUM_HNE,5,learned_permuted_prior,3,1.5,0.7330009066183137,0.7016932441746737,,0.2,
SQUIDPY_VISIUM_HNE,5,learned_permuted_prior,2,1.5,0.713961922030825,0.673967436394244,,0.1,
SQUIDPY_VISIUM_HNE,5,learned_permuted_prior,1,1.5,0.7039891205802358,0.6561266713123417,,0.05,
SQUIDPY_VISIUM_HNE,5,learned_permuted_prior,0,1.5,0.6903898458748867,0.6385751792162025,,0.0,
SQUIDPY_IMC,1,marker_only,0,1.5,0.4033674963396779,0.4180738617915746,,,
SQUIDPY_IMC,1,marker_spatial_smoothing,5,1.5,0.43045387994143486,0.4337846615213051,1.0,,
SQUIDPY_IMC,1,marker_spatial_smoothing,4,1.5,0.41874084919472915,0.4267202053759,0.5,,
SQUIDPY_IMC,1,marker_spatial_smoothing,1,1.5,0.40775988286969256,0.42160985568117726,0.05,,
SQUIDPY_IMC,1,marker_spatial_smoothing,3,1.5,0.40775988286969256,0.42105117226148164,0.2,,
SQUIDPY_IMC,1,marker_spatial_smoothing,2,1.5,0.4062957540263543,0.42027173250183925,0.1,,
SQUIDPY_IMC,1,marker_spatial_smoothing,0,1.5,0.4033674963396779,0.4180738617915746,0.0,,
SQUIDPY_IMC,1,marker_spatial_smoothing_random_graph,4,1.5,0.424597364568082,0.4335734856478532,0.5,,
SQUIDPY_IMC,1,marker_spatial_smoothing_random_graph,3,1.5,0.40922401171303074,0.4224603512197391,0.2,,
SQUIDPY_IMC,1,marker_spatial_smoothing_random_graph,1,1.5,0.40483162518301613,0.419808473155609,0.05,,
SQUIDPY_IMC,1,marker_spatial_smoothing_random_graph,2,1.5,0.4055636896046852,0.41945277030787753,0.1,,
SQUIDPY_IMC,1,marker_spatial_smoothing_random_graph,0,1.5,0.4033674963396779,0.4180738617915746,0.0,,
SQUIDPY_IMC,1,marker_spatial_smoothing_random_graph,5,1.5,0.4407027818448023,0.4042498277320561,1.0,,
SQUIDPY_IMC,1,marker_learned_neighborhood,4,1.5,0.40483162518301613,0.41934712722145395,,0.5,
SQUIDPY_IMC,1,marker_learned_neighborhood,0,1.5,0.4033674963396779,0.4180738617915746,,0.0,
SQUIDPY_IMC,1,marker_learned_neighborhood,1,1.5,0.4019033674963397,0.418060619102809,,0.05,
SQUIDPY_IMC,1,marker_learned_neighborhood,3,1.5,0.4019033674963397,0.41710333042152337,,0.2,
SQUIDPY_IMC,1,marker_learned_neighborhood,2,1.5,0.40043923865300146,0.4158837741557016,,0.1,
SQUIDPY_IMC,1,marker_learned_neighborhood,5,1.5,0.39604685212298685,0.40697690853119955,,1.0,
SQUIDPY_IMC,1,marker_context_specific_neighborhood,4,1.5,0.410688140556369,0.4274861066182047,,,0.5
SQUIDPY_IMC,1,marker_context_specific_neighborhood,2,1.5,0.40702781844802344,0.4231039406959861,,,0.1
SQUIDPY_IMC,1,marker_context_specific_neighborhood,3,1.5,0.404099560761347,0.42051501858433094,,,0.2
SQUIDPY_IMC,1,marker_context_specific_neighborhood,1,1.5,0.40483162518301613,0.4193861462422771,,,0.05
SQUIDPY_IMC,1,marker_context_specific_neighborhood,0,1.5,0.4033674963396779,0.4180738617915746,,,0.0
SQUIDPY_IMC,1,marker_context_specific_neighborhood,5,1.5,0.3945827232796486,0.3729626347723655,,,1.0
SQUIDPY_IMC,1,learned_random_graph,0,1.5,0.4033674963396779,0.4180738617915746,,0.0,
SQUIDPY_IMC,1,learned_random_graph,3,1.5,0.4019033674963397,0.4179196842738796,,0.2,
SQUIDPY_IMC,1,learned_random_graph,2,1.5,0.39751098096632503,0.4148209047484359,,0.1,
SQUIDPY_IMC,1,learned_random_graph,1,1.5,0.39824304538799415,0.4141373964530154,,0.05,
SQUIDPY_IMC,1,learned_random_graph,4,1.5,0.4011713030746706,0.4097753208683123,,0.5,
SQUIDPY_IMC,1,learned_random_graph,5,1.5,0.3938506588579795,0.4003826174133892,,1.0,
SQUIDPY_IMC,1,learned_permuted_prior,2,1.5,0.40483162518301613,0.420647007506569,,0.1,
SQUIDPY_IMC,1,learned_permuted_prior,1,1.5,0.4033674963396779,0.4186529923229584,,0.05,
SQUIDPY_IMC,1,learned_permuted_prior,0,1.5,0.4033674963396779,0.4180738617915746,,0.0,
SQUIDPY_IMC,1,learned_permuted_prior,3,1.5,0.4019033674963397,0.3785898413689052,,0.2,
SQUIDPY_IMC,1,learned_permuted_prior,4,1.5,0.38945827232796487,0.3726762863981527,,0.5,
SQUIDPY_IMC,1,learned_permuted_prior,5,1.5,0.3814055636896047,0.3713115438901415,,1.0,
SQUIDPY_IMC,2,marker_only,0,1.5,0.4143605086013463,0.3860833293531505,,,
SQUIDPY_IMC,2,marker_spatial_smoothing,3,1.5,0.418848167539267,0.3864845557467047,0.2,,
SQUIDPY_IMC,2,marker_spatial_smoothing,2,1.5,0.4158563949139865,0.38608576079211687,0.1,,
SQUIDPY_IMC,2,marker_spatial_smoothing,0,1.5,0.4143605086013463,0.3860833293531505,0.0,,
SQUIDPY_IMC,2,marker_spatial_smoothing,1,1.5,0.41361256544502617,0.3847998879427968,0.05,,
SQUIDPY_IMC,2,marker_spatial_smoothing,4,1.5,0.42034405385190726,0.3834748388139955,0.5,,
SQUIDPY_IMC,2,marker_spatial_smoothing,5,1.5,0.41660433807030667,0.3738046506355653,1.0,,
SQUIDPY_IMC,2,marker_spatial_smoothing_random_graph,2,1.5,0.4195961106955871,0.38809881232382143,0.1,,
SQUIDPY_IMC,2,marker_spatial_smoothing_random_graph,4,1.5,0.42782348541510845,0.38778331695526996,0.5,,
SQUIDPY_IMC,2,marker_spatial_smoothing_random_graph,3,1.5,0.42109199700822736,0.3867677878754289,0.2,,
SQUIDPY_IMC,2,marker_spatial_smoothing_random_graph,5,1.5,0.4330590875093493,0.3866101317950237,1.0,,
SQUIDPY_IMC,2,marker_spatial_smoothing_random_graph,1,1.5,0.4158563949139865,0.386397781916225,0.05,,
SQUIDPY_IMC,2,marker_spatial_smoothing_random_graph,0,1.5,0.4143605086013463,0.3860833293531505,0.0,,
SQUIDPY_IMC,2,marker_learned_neighborhood,1,1.5,0.4158563949139865,0.3867872317379847,,0.05,
SQUIDPY_IMC,2,marker_learned_neighborhood,2,1.5,0.41660433807030667,0.38656821766724186,,0.1,
SQUIDPY_IMC,2,marker_learned_neighborhood,0,1.5,0.4143605086013463,0.3860833293531505,,0.0,
SQUIDPY_IMC,2,marker_learned_neighborhood,3,1.5,0.4091249065071055,0.3792654551602192,,0.2,
SQUIDPY_IMC,2,marker_learned_neighborhood,4,1.5,0.4023934181002244,0.3728472191024484,,0.5,
SQUIDPY_IMC,2,marker_learned_neighborhood,5,1.5,0.39267015706806285,0.3619510801885278,,1.0,
SQUIDPY_IMC,2,marker_context_specific_neighborhood,2,1.5,0.4158563949139865,0.3867102687626336,,,0.1
SQUIDPY_IMC,2,marker_context_specific_neighborhood,3,1.5,0.41735228122662676,0.3866313244192959,,,0.2
SQUIDPY_IMC,2,marker_context_specific_neighborhood,0,1.5,0.4143605086013463,0.3860833293531505,,,0.0
SQUIDPY_IMC,2,marker_context_specific_neighborhood,1,1.5,0.4143605086013463,0.3856147413451716,,,0.05
SQUIDPY_IMC,2,marker_context_specific_neighborhood,4,1.5,0.4181002243829469,0.38506568054351925,,,0.5
SQUIDPY_IMC,2,marker_context_specific_neighborhood,5,1.5,0.406133133881825,0.3700497214336646,,,1.0
SQUIDPY_IMC,2,learned_random_graph,2,1.5,0.42034405385190726,0.38933362753047196,,0.1,
SQUIDPY_IMC,2,learned_random_graph,3,1.5,0.42333582647718776,0.3891685467487539,,0.2,
SQUIDPY_IMC,2,learned_random_graph,1,1.5,0.418848167539267,0.38912099513451825,,0.05,
SQUIDPY_IMC,2,learned_random_graph,0,1.5,0.4143605086013463,0.3860833293531505,,0.0,
SQUIDPY_IMC,2,learned_random_graph,4,1.5,0.40762902019446523,0.37443897923140557,,0.5,
SQUIDPY_IMC,2,learned_random_graph,5,1.5,0.387434554973822,0.3615754856281226,,1.0,
SQUIDPY_IMC,2,learned_permuted_prior,3,1.5,0.44278234854151083,0.4413059967184626,,0.2,
SQUIDPY_IMC,2,learned_permuted_prior,4,1.5,0.45774121166791326,0.41193297083838504,,0.5,
SQUIDPY_IMC,2,learned_permuted_prior,2,1.5,0.4360508601346298,0.3966824402503058,,0.1,
SQUIDPY_IMC,2,learned_permuted_prior,5,1.5,0.4338070306656694,0.39483839463450665,,1.0,
SQUIDPY_IMC,2,learned_permuted_prior,1,1.5,0.42333582647718776,0.3899116820170007,,0.05,
SQUIDPY_IMC,2,learned_permuted_prior,0,1.5,0.4143605086013463,0.3860833293531505,,0.0,
SQUIDPY_IMC,3,marker_only,0,1.5,0.38923829489867223,0.4084667700570576,,,
SQUIDPY_IMC,3,marker_spatial_smoothing,5,1.5,0.40670859538784065,0.41711982562863276,1.0,,
SQUIDPY_IMC,3,marker_spatial_smoothing,2,1.5,0.39343116701607267,0.4116940448451942,0.1,,
SQUIDPY_IMC,3,marker_spatial_smoothing,4,1.5,0.39552760307477286,0.4108441694968172,0.5,,
SQUIDPY_IMC,3,marker_spatial_smoothing,1,1.5,0.39063591893780575,0.4099402892508536,0.05,,
SQUIDPY_IMC,3,marker_spatial_smoothing,3,1.5,0.3920335429769392,0.4093228184416521,0.2,,
SQUIDPY_IMC,3,marker_spatial_smoothing,0,1.5,0.38923829489867223,0.4084667700570576,0.0,,
SQUIDPY_IMC,3,marker_spatial_smoothing_random_graph,5,1.5,0.40950384346610763,0.4177598268197974,1.0,,
SQUIDPY_IMC,3,marker_spatial_smoothing_random_graph,4,1.5,0.403214535290007,0.41670857735462985,0.5,,
SQUIDPY_IMC,3,marker_spatial_smoothing_random_graph,1,1.5,0.3920335429769392,0.41110190135562386,0.05,,
SQUIDPY_IMC,3,marker_spatial_smoothing_random_graph,3,1.5,0.39482879105520613,0.41108925269558494,0.2,,
SQUIDPY_IMC,3,marker_spatial_smoothing_random_graph,2,1.5,0.3920335429769392,0.41073965910452215,0.1,,
SQUIDPY_IMC,3,marker_spatial_smoothing_random_graph,0,1.5,0.38923829489867223,0.4084667700570576,0.0,,
SQUIDPY_IMC,3,marker_learned_neighborhood,4,1.5,0.39832285115303984,0.4148087162082229,,0.5,
SQUIDPY_IMC,3,marker_learned_neighborhood,3,1.5,0.3976240391334731,0.4138337081949758,,0.2,
SQUIDPY_IMC,3,marker_learned_neighborhood,2,1.5,0.3913347309573725,0.4099595056718865,,0.1,
SQUIDPY_IMC,3,marker_learned_neighborhood,1,1.5,0.39063591893780575,0.4094225440194433,,0.05,
SQUIDPY_IMC,3,marker_learned_neighborhood,0,1.5,0.38923829489867223,0.4084667700570576,,0.0,
SQUIDPY_IMC,3,marker_learned_neighborhood,5,1.5,0.39343116701607267,0.40702953473993053,,1.0,
SQUIDPY_IMC,3,marker_context_specific_neighborhood,0,1.5,0.38923829489867223,0.4084667700570576,,,0.0
SQUIDPY_IMC,3,marker_context_specific_neighborhood,1,1.5,0.3885394828791055,0.4065817932497101,,,0.05
SQUIDPY_IMC,3,marker_context_specific_neighborhood,2,1.5,0.38714185883997204,0.4043592823765062,,,0.1
SQUIDPY_IMC,3,marker_context_specific_neighborhood,3,1.5,0.3829489867225716,0.3996977737353031,,,0.2
SQUIDPY_IMC,3,marker_context_specific_neighborhood,4,1.5,0.37176799440950387,0.3540459977730712,,,0.5
SQUIDPY_IMC,3,marker_context_specific_neighborhood,5,1.5,0.350104821802935,0.3357422067723755,,,1.0
SQUIDPY_IMC,3,learned_random_graph,4,1.5,0.41020265548567436,0.4215295310106044,,0.5,
SQUIDPY_IMC,3,learned_random_graph,3,1.5,0.39902166317260657,0.41441011835577557,,0.2,
SQUIDPY_IMC,3,learned_random_graph,1,1.5,0.39063591893780575,0.40898495095398235,,0.05,
SQUIDPY_IMC,3,learned_random_graph,2,1.5,0.39273235499650594,0.40861373450935556,,0.1,
SQUIDPY_IMC,3,learned_random_graph,0,1.5,0.38923829489867223,0.4084667700570576,,0.0,
SQUIDPY_IMC,3,learned_random_graph,5,1.5,0.4025157232704403,0.378402553749611,,1.0,
SQUIDPY_IMC,3,learned_permuted_prior,0,1.5,0.38923829489867223,0.4084667700570576,,0.0,
SQUIDPY_IMC,3,learned_permuted_prior,3,1.5,0.3864430468204053,0.40209935584548007,,0.2,
SQUIDPY_IMC,3,learned_permuted_prior,2,1.5,0.3836477987421384,0.4015439658104046,,0.1,
SQUIDPY_IMC,3,learned_permuted_prior,1,1.5,0.3822501747030049,0.4004815925095347,,0.05,
SQUIDPY_IMC,3,learned_permuted_prior,4,1.5,0.36617749825296997,0.3504471469445259,,0.5,
SQUIDPY_IMC,3,learned_permuted_prior,5,1.5,0.3326345213137666,0.32682680308434064,,1.0,
SQUIDPY_IMC,4,marker_only,0,1.5,0.3990578734858681,0.41609663542727054,,,
SQUIDPY_IMC,4,marker_spatial_smoothing,4,1.5,0.4152086137281292,0.4236968239612267,0.5,,
SQUIDPY_IMC,4,marker_spatial_smoothing,0,1.5,0.3990578734858681,0.41609663542727054,0.0,,
SQUIDPY_IMC,4,marker_spatial_smoothing,1,1.5,0.4004037685060565,0.41513793405224864,0.05,,
SQUIDPY_IMC,4,marker_spatial_smoothing,2,1.5,0.4004037685060565,0.4137679981354398,0.1,,
SQUIDPY_IMC,4,marker_spatial_smoothing,3,1.5,0.40107671601615075,0.4132624323208069,0.2,,
SQUIDPY_IMC,4,marker_spatial_smoothing,5,1.5,0.42934051144010765,0.3940134439557118,1.0,,
SQUIDPY_IMC,4,marker_spatial_smoothing_random_graph,4,1.5,0.41318977119784656,0.4231715128485846,0.5,,
SQUIDPY_IMC,4,marker_spatial_smoothing_random_graph,3,1.5,0.40713324360699865,0.4205196859535909,0.2,,
SQUIDPY_IMC,4,marker_spatial_smoothing_random_graph,2,1.5,0.4044414535666218,0.4196536168785725,0.1,,
SQUIDPY_IMC,4,marker_spatial_smoothing_random_graph,0,1.5,0.3990578734858681,0.41609663542727054,0.0,,
SQUIDPY_IMC,4,marker_spatial_smoothing_random_graph,1,1.5,0.3990578734858681,0.41534644433989554,0.05,,
SQUIDPY_IMC,4,marker_spatial_smoothing_random_graph,5,1.5,0.4266487213997308,0.3929728844423984,1.0,,
SQUIDPY_IMC,4,marker_learned_neighborhood,4,1.5,0.4064602960969044,0.4186947120106247,,0.5,
SQUIDPY_IMC,4,marker_learned_neighborhood,1,1.5,0.40174966352624497,0.41762237460602636,,0.05,
SQUIDPY_IMC,4,marker_learned_neighborhood,2,1.5,0.40174966352624497,0.41697744966253325,,0.1,
SQUIDPY_IMC,4,marker_learned_neighborhood,0,1.5,0.3990578734858681,0.41609663542727054,,0.0,
SQUIDPY_IMC,4,marker_learned_neighborhood,3,1.5,0.3990578734858681,0.4139933114265343,,0.2,
SQUIDPY_IMC,4,marker_learned_neighborhood,5,1.5,0.4064602960969044,0.38007203650743776,,1.0,
SQUIDPY_IMC,4,marker_context_specific_neighborhood,0,1.5,0.3990578734858681,0.41609663542727054,,,0.0
SQUIDPY_IMC,4,marker_context_specific_neighborhood,1,1.5,0.3977119784656797,0.41455921606066637,,,0.05
SQUIDPY_IMC,4,marker_context_specific_neighborhood,2,1.5,0.3977119784656797,0.4141737687568372,,,0.1
SQUIDPY_IMC,4,marker_context_specific_neighborhood,3,1.5,0.39569313593539707,0.4122063049793985,,,0.2
SQUIDPY_IMC,4,marker_context_specific_neighborhood,4,1.5,0.392328398384926,0.407311082146363,,,0.5
SQUIDPY_IMC,4,marker_context_specific_neighborhood,5,1.5,0.373485868102288,0.3887131481802976,,,1.0
SQUIDPY_IMC,4,learned_random_graph,4,1.5,0.42126514131897713,0.43124653097726,,0.5,
SQUIDPY_IMC,4,learned_random_graph,3,1.5,0.4104979811574697,0.4252841391540996,,0.2,
SQUIDPY_IMC,4,learned_random_graph,1,1.5,0.40107671601615075,0.41765670804725497,,0.05,
SQUIDPY_IMC,4,learned_random_graph,2,1.5,0.40174966352624497,0.4174731512998616,,0.1,
SQUIDPY_IMC,4,learned_random_graph,0,1.5,0.3990578734858681,0.41609663542727054,,0.0,
SQUIDPY_IMC,4,learned_random_graph,5,1.5,0.4185733512786003,0.3872532967947179,,1.0,
SQUIDPY_IMC,4,learned_permuted_prior,1,1.5,0.40242261103633914,0.4182820709671294,,0.05,
SQUIDPY_IMC,4,learned_permuted_prior,0,1.5,0.3990578734858681,0.41609663542727054,,0.0,
SQUIDPY_IMC,4,learned_permuted_prior,2,1.5,0.39703903095558546,0.4107315102555204,,0.1,
SQUIDPY_IMC,4,learned_permuted_prior,3,1.5,0.3916554508748318,0.40125468835148564,,0.2,
SQUIDPY_IMC,4,learned_permuted_prior,4,1.5,0.3835800807537012,0.38190881971955404,,0.5,
SQUIDPY_IMC,4,learned_permuted_prior,5,1.5,0.35935397039030953,0.3224426586408445,,1.0,
SQUIDPY_IMC,5,marker_only,0,1.5,0.4107669616519174,0.3961946321151284,,,
SQUIDPY_IMC,5,marker_spatial_smoothing,5,1.5,0.4299410029498525,0.40142881730418273,1.0,,
SQUIDPY_IMC,5,marker_spatial_smoothing,4,1.5,0.42330383480825956,0.4000058944002643,0.5,,
SQUIDPY_IMC,5,marker_spatial_smoothing,3,1.5,0.4174041297935103,0.39829133742213935,0.2,,
SQUIDPY_IMC,5,marker_spatial_smoothing,2,1.5,0.4144542772861357,0.39799656892403007,0.1,,
SQUIDPY_IMC,5,marker_spatial_smoothing,1,1.5,0.413716814159292,0.3978211768527016,0.05,,
SQUIDPY_IMC,5,marker_spatial_smoothing,0,1.5,0.4107669616519174,0.3961946321151284,0.0,,
SQUIDPY_IMC,5,marker_spatial_smoothing_random_graph,5,1.5,0.43215339233038347,0.4024827374272115,1.0,,
SQUIDPY_IMC,5,marker_spatial_smoothing_random_graph,4,1.5,0.42551622418879054,0.39978317429921195,0.5,,
SQUIDPY_IMC,5,marker_spatial_smoothing_random_graph,2,1.5,0.415929203539823,0.3986274040580111,0.1,,
SQUIDPY_IMC,5,marker_spatial_smoothing_random_graph,1,1.5,0.41297935103244837,0.39706730474645185,0.05,,
SQUIDPY_IMC,5,marker_spatial_smoothing_random_graph,0,1.5,0.4107669616519174,0.3961946321151284,0.0,,
SQUIDPY_IMC,5,marker_spatial_smoothing_random_graph,3,1.5,0.4174041297935103,0.3958060148389391,0.2,,
SQUIDPY_IMC,5,marker_learned_neighborhood,3,1.5,0.41814159292035397,0.3998666682521206,,0.2,
SQUIDPY_IMC,5,marker_learned_neighborhood,2,1.5,0.4166666666666667,0.3993676638139048,,0.1,
SQUIDPY_IMC,5,marker_learned_neighborhood,1,1.5,0.41297935103244837,0.3974882212212185,,0.05,
SQUIDPY_IMC,5,marker_learned_neighborhood,4,1.5,0.41814159292035397,0.3971272355700997,,0.5,
SQUIDPY_IMC,5,marker_learned_neighborhood,0,1.5,0.4107669616519174,0.3961946321151284,,0.0,
SQUIDPY_IMC,5,marker_learned_neighborhood,5,1.5,0.41150442477876104,0.38564206672596735,,1.0,
SQUIDPY_IMC,5,marker_context_specific_neighborhood,4,1.5,0.4269911504424779,0.4037334613575212,,,0.5
SQUIDPY_IMC,5,marker_context_specific_neighborhood,3,1.5,0.4218289085545723,0.4030921325239371,,,0.2
SQUIDPY_IMC,5,marker_context_specific_neighborhood,2,1.5,0.4174041297935103,0.4008595783926079,,,0.1
SQUIDPY_IMC,5,marker_context_specific_neighborhood,1,1.5,0.4166666666666667,0.40078493769367163,,,0.05
SQUIDPY_IMC,5,marker_context_specific_neighborhood,5,1.5,0.42035398230088494,0.39850968983922447,,,1.0
SQUIDPY_IMC,5,marker_context_specific_neighborhood,0,1.5,0.4107669616519174,0.3961946321151284,,,0.0
SQUIDPY_IMC,5,learned_random_graph,2,1.5,0.4225663716814159,0.4030564717751364,,0.1,
SQUIDPY_IMC,5,learned_random_graph,1,1.5,0.41887905604719766,0.40221149351968327,,0.05,
SQUIDPY_IMC,5,learned_random_graph,3,1.5,0.4196165191740413,0.39922580353500153,,0.2,
SQUIDPY_IMC,5,learned_random_graph,0,1.5,0.4107669616519174,0.3961946321151284,,0.0,
SQUIDPY_IMC,5,learned_random_graph,4,1.5,0.4078171091445428,0.3843826610004506,,0.5,
SQUIDPY_IMC,5,learned_random_graph,5,1.5,0.39085545722713866,0.3674496004606066,,1.0,
SQUIDPY_IMC,5,learned_permuted_prior,0,1.5,0.4107669616519174,0.3961946321151284,,0.0,
SQUIDPY_IMC,5,learned_permuted_prior,1,1.5,0.40707964601769914,0.3939836583789082,,0.05,
SQUIDPY_IMC,5,learned_permuted_prior,2,1.5,0.3997050147492625,0.38579580684030484,,0.1,
SQUIDPY_IMC,5,learned_permuted_prior,3,1.5,0.3893805309734513,0.3750198936653323,,0.2,
SQUIDPY_IMC,5,learned_permuted_prior,4,1.5,0.37905604719764013,0.36326825328277823,,0.5,
SQUIDPY_IMC,5,learned_permuted_prior,5,1.5,0.33702064896755163,0.3307749350894562,,1.0,
GEO_GSE240015_VISIUM_THYMUS_DOMAIN,1,marker_only,0,1.5,0.4879453040662109,0.458740142635625,,,
GEO_GSE240015_VISIUM_THYMUS_DOMAIN,1,marker_spatial_smoothing,5,1.5,0.5188916876574308,0.4820109466252488,1.0,,
GEO_GSE240015_VISIUM_THYMUS_DOMAIN,1,marker_spatial_smoothing,4,1.5,0.506657070888809,0.47209236037992686,0.5,,
GEO_GSE240015_VISIUM_THYMUS_DOMAIN,1,marker_spatial_smoothing,2,1.5,0.4933429291111911,0.4632141695482449,0.1,,
GEO_GSE240015_VISIUM_THYMUS_DOMAIN,1,marker_spatial_smoothing,3,1.5,0.4951421374595178,0.46290415395481366,0.2,,
GEO_GSE240015_VISIUM_THYMUS_DOMAIN,1,marker_spatial_smoothing,1,1.5,0.49082403742353364,0.46089280159360535,0.05,,
GEO_GSE240015_VISIUM_THYMUS_DOMAIN,1,marker_spatial_smoothing,0,1.5,0.4879453040662109,0.458740142635625,0.0,,
GEO_GSE240015_VISIUM_THYMUS_DOMAIN,1,marker_spatial_smoothing_random_graph,5,1.5,0.5192515293270961,0.48882496464052966,1.0,,
GEO_GSE240015_VISIUM_THYMUS_DOMAIN,1,marker_spatial_smoothing_random_graph,4,1.5,0.5095358042461317,0.47884599961078733,0.5,,
GEO_GSE240015_VISIUM_THYMUS_DOMAIN,1,marker_spatial_smoothing_random_graph,3,1.5,0.5001799208348326,0.4700687090633722,0.2,,
GEO_GSE240015_VISIUM_THYMUS_DOMAIN,1,marker_spatial_smoothing_random_graph,2,1.5,0.49226340410219505,0.46265424578291575,0.1,,
GEO_GSE240015_VISIUM_THYMUS_DOMAIN,1,marker_spatial_smoothing_random_graph,1,1.5,0.4904641957538683,0.4614942986353038,0.05,,
GEO_GSE240015_VISIUM_THYMUS_DOMAIN,1,marker_spatial_smoothing_random_graph,0,1.5,0.4879453040662109,0.458740142635625,0.0,,
GEO_GSE240015_VISIUM_THYMUS_DOMAIN,1,marker_learned_neighborhood,5,1.5,0.5127743792731199,0.47953751042145676,,1.0,
GEO_GSE240015_VISIUM_THYMUS_DOMAIN,1,marker_learned_neighborhood,3,1.5,0.5080964375674704,0.4748068083541754,,0.2,
GEO_GSE240015_VISIUM_THYMUS_DOMAIN,1,marker_learned_neighborhood,4,1.5,0.5073767542281397,0.47472242473715814,,0.5,
GEO_GSE240015_VISIUM_THYMUS_DOMAIN,1,marker_learned_neighborhood,2,1.5,0.4958618207988485,0.46551101086480773,,0.1,
GEO_GSE240015_VISIUM_THYMUS_DOMAIN,1,marker_learned_neighborhood,1,1.5,0.4926232457718604,0.46305223198957446,,0.05,
GEO_GSE240015_VISIUM_THYMUS_DOMAIN,1,marker_learned_neighborhood,0,1.5,0.4879453040662109,0.458740142635625,,0.0,
GEO_GSE240015_VISIUM_THYMUS_DOMAIN,1,marker_context_specific_neighborhood,2,1.5,0.4897445124145376,0.46193469726064157,,,0.1
GEO_GSE240015_VISIUM_THYMUS_DOMAIN,1,marker_context_specific_neighborhood,3,1.5,0.48758546239654554,0.46084735921188924,,,0.2
GEO_GSE240015_VISIUM_THYMUS_DOMAIN,1,marker_context_specific_neighborhood,1,1.5,0.4883051457358762,0.460235909420974,,,0.05
GEO_GSE240015_VISIUM_THYMUS_DOMAIN,1,marker_context_specific_neighborhood,0,1.5,0.4879453040662109,0.458740142635625,,,0.0
GEO_GSE240015_VISIUM_THYMUS_DOMAIN,1,marker_context_specific_neighborhood,4,1.5,0.4742713206189277,0.4499606527138671,,,0.5
GEO_GSE240015_VISIUM_THYMUS_DOMAIN,1,marker_context_specific_neighborhood,5,1.5,0.45052177042101477,0.4280256553287174,,,1.0
GEO_GSE240015_VISIUM_THYMUS_DOMAIN,1,learned_random_graph,5,1.5,0.5487585462396546,0.5061341081466474,,1.0,
GEO_GSE240015_VISIUM_THYMUS_DOMAIN,1,learned_random_graph,4,1.5,0.5293270960777258,0.4917675299829583,,0.5,
GEO_GSE240015_VISIUM_THYMUS_DOMAIN,1,learned_random_graph,3,1.5,0.5113350125944585,0.4776898760678558,,0.2,
GEO_GSE240015_VISIUM_THYMUS_DOMAIN,1,learned_random_graph,2,1.5,0.501619287513494,0.4697396291747339,,0.1,
GEO_GSE240015_VISIUM_THYMUS_DOMAIN,1,learned_random_graph,1,1.5,0.4933429291111911,0.4638223982334476,,0.05,
GEO_GSE240015_VISIUM_THYMUS_DOMAIN,1,learned_random_graph,0,1.5,0.4879453040662109,0.458740142635625,,0.0,
GEO_GSE240015_VISIUM_THYMUS_DOMAIN,1,learned_permuted_prior,4,1.5,0.5167326376394387,0.48334064093204326,,0.5,
GEO_GSE240015_VISIUM_THYMUS_DOMAIN,1,learned_permuted_prior,5,1.5,0.5145735876214466,0.47724464139795003,,1.0,
GEO_GSE240015_VISIUM_THYMUS_DOMAIN,1,learned_permuted_prior,3,1.5,0.5059373875494783,0.4753004886848524,,0.2,
GEO_GSE240015_VISIUM_THYMUS_DOMAIN,1,learned_permuted_prior,2,1.5,0.5001799208348326,0.46880361816549576,,0.1,
GEO_GSE240015_VISIUM_THYMUS_DOMAIN,1,learned_permuted_prior,1,1.5,0.4926232457718604,0.4632965019233862,,0.05,
GEO_GSE240015_VISIUM_THYMUS_DOMAIN,1,learned_permuted_prior,0,1.5,0.4879453040662109,0.458740142635625,,0.0,
GEO_GSE240015_VISIUM_THYMUS_DOMAIN,2,marker_only,0,1.5,0.4973368841544607,0.4533913137210108,,,
GEO_GSE240015_VISIUM_THYMUS_DOMAIN,2,marker_spatial_smoothing,5,1.5,0.5179760319573902,0.4736234072055208,1.0,,
GEO_GSE240015_VISIUM_THYMUS_DOMAIN,2,marker_spatial_smoothing,4,1.5,0.5096537949400799,0.46601474487741634,0.5,,
GEO_GSE240015_VISIUM_THYMUS_DOMAIN,2,marker_spatial_smoothing,3,1.5,0.5036617842876165,0.4600601739177647,0.2,,
GEO_GSE240015_VISIUM_THYMUS_DOMAIN,2,marker_spatial_smoothing,2,1.5,0.501664447403462,0.4573393393359082,0.1,,
GEO_GSE240015_VISIUM_THYMUS_DOMAIN,2,marker_spatial_smoothing,1,1.5,0.49833555259653795,0.4536989242628414,0.05,,
GEO_GSE240015_VISIUM_THYMUS_DOMAIN,2,marker_spatial_smoothing,0,1.5,0.4973368841544607,0.4533913137210108,0.0,,
GEO_GSE240015_VISIUM_THYMUS_DOMAIN,2,marker_spatial_smoothing_random_graph,5,1.5,0.5086551264980027,0.4693375032460488,1.0,,
GEO_GSE240015_VISIUM_THYMUS_DOMAIN,2,marker_spatial_smoothing_random_graph,4,1.5,0.5063249001331558,0.4645765094580413,0.5,,
GEO_GSE240015_VISIUM_THYMUS_DOMAIN,2,marker_spatial_smoothing_random_graph,3,1.5,0.5036617842876165,0.4606031851607918,0.2,,
GEO_GSE240015_VISIUM_THYMUS_DOMAIN,2,marker_spatial_smoothing_random_graph,2,1.5,0.5003328894806924,0.4568276399558847,0.1,,
GEO_GSE240015_VISIUM_THYMUS_DOMAIN,2,marker_spatial_smoothing_random_graph,1,1.5,0.4980026631158455,0.45434118157386655,0.05,,
GEO_GSE240015_VISIUM_THYMUS_DOMAIN,2,marker_spatial_smoothing_random_graph,0,1.5,0.4973368841544607,0.4533913137210108,0.0,,
GEO_GSE240015_VISIUM_THYMUS_DOMAIN,2,marker_learned_neighborhood,4,1.5,0.5059920106524634,0.46696394124708096,,0.5,
GEO_GSE240015_VISIUM_THYMUS_DOMAIN,2,marker_learned_neighborhood,5,1.5,0.5006657789613849,0.4642143762211336,,1.0,
GEO_GSE240015_VISIUM_THYMUS_DOMAIN,2,marker_learned_neighborhood,3,1.5,0.5069906790945407,0.4638778162451066,,0.2,
GEO_GSE240015_VISIUM_THYMUS_DOMAIN,2,marker_learned_neighborhood,2,1.5,0.5033288948069241,0.4591421479377284,,0.1,
GEO_GSE240015_VISIUM_THYMUS_DOMAIN,2,marker_learned_neighborhood,1,1.5,0.5009986684420772,0.4561010492406901,,0.05,
GEO_GSE240015_VISIUM_THYMUS_DOMAIN,2,marker_learned_neighborhood,0,1.5,0.4973368841544607,0.4533913137210108,,0.0,
GEO_GSE240015_VISIUM_THYMUS_DOMAIN,2,marker_context_specific_neighborhood,0,1.5,0.4973368841544607,0.4533913137210108,,,0.0
GEO_GSE240015_VISIUM_THYMUS_DOMAIN,2,marker_context_specific_neighborhood,1,1.5,0.49766977363515313,0.4531894635296357,,,0.05
GEO_GSE240015_VISIUM_THYMUS_DOMAIN,2,marker_context_specific_neighborhood,2,1.5,0.4933422103861518,0.44852392648042866,,,0.1
GEO_GSE240015_VISIUM_THYMUS_DOMAIN,2,marker_context_specific_neighborhood,3,1.5,0.4836884154460719,0.43961525569978416,,,0.2
GEO_GSE240015_VISIUM_THYMUS_DOMAIN,2,marker_context_specific_neighborhood,4,1.5,0.45639147802929425,0.4109740920958738,,,0.5
GEO_GSE240015_VISIUM_THYMUS_DOMAIN,2,marker_context_specific_neighborhood,5,1.5,0.4151131824234354,0.3683263042272441,,,1.0
GEO_GSE240015_VISIUM_THYMUS_DOMAIN,2,learned_random_graph,4,1.5,0.5223035952063915,0.4776800042206134,,0.5,
GEO_GSE240015_VISIUM_THYMUS_DOMAIN,2,learned_random_graph,3,1.5,0.5143142476697736,0.4695330480327936,,0.2,
GEO_GSE240015_VISIUM_THYMUS_DOMAIN,2,learned_random_graph,5,1.5,0.5136484687083888,0.4688122052969084,,1.0,
GEO_GSE240015_VISIUM_THYMUS_DOMAIN,2,learned_random_graph,2,1.5,0.5083222370173103,0.4630971789724916,,0.1,
GEO_GSE240015_VISIUM_THYMUS_DOMAIN,2,learned_random_graph,1,1.5,0.5029960053262317,0.4576050679547046,,0.05,
GEO_GSE240015_VISIUM_THYMUS_DOMAIN,2,learned_random_graph,0,1.5,0.4973368841544607,0.4533913137210108,,0.0,
GEO_GSE240015_VISIUM_THYMUS_DOMAIN,2,learned_permuted_prior,5,1.5,0.5286284953395473,0.48290962374998814,,1.0,
GEO_GSE240015_VISIUM_THYMUS_DOMAIN,2,learned_permuted_prior,4,1.5,0.5206391478029294,0.4746680381828537,,0.5,
GEO_GSE240015_VISIUM_THYMUS_DOMAIN,2,learned_permuted_prior,3,1.5,0.5106524633821571,0.4644761015477973,,0.2,
GEO_GSE240015_VISIUM_THYMUS_DOMAIN,2,learned_permuted_prior,2,1.5,0.5056591211717709,0.46031976117406503,,0.1,
GEO_GSE240015_VISIUM_THYMUS_DOMAIN,2,learned_permuted_prior,1,1.5,0.5009986684420772,0.45655217668143827,,0.05,
GEO_GSE240015_VISIUM_THYMUS_DOMAIN,2,learned_permuted_prior,0,1.5,0.4973368841544607,0.4533913137210108,,0.0,
GEO_GSE240015_VISIUM_THYMUS_DOMAIN,3,marker_only,0,1.5,0.446,0.3899709167178416,,,
GEO_GSE240015_VISIUM_THYMUS_DOMAIN,3,marker_spatial_smoothing,5,1.5,0.4602857142857143,0.4090695356326866,1.0,,
GEO_GSE240015_VISIUM_THYMUS_DOMAIN,3,marker_spatial_smoothing,4,1.5,0.454,0.401073583400551,0.5,,
GEO_GSE240015_VISIUM_THYMUS_DOMAIN,3,marker_spatial_smoothing,3,1.5,0.4511428571428571,0.39732803721651205,0.2,,
GEO_GSE240015_VISIUM_THYMUS_DOMAIN,3,marker_spatial_smoothing,0,1.5,0.446,0.3899709167178416,0.0,,
GEO_GSE240015_VISIUM_THYMUS_DOMAIN,3,marker_spatial_smoothing,2,1.5,0.446,0.3897359439467148,0.1,,
GEO_GSE240015_VISIUM_THYMUS_DOMAIN,3,marker_spatial_smoothing,1,1.5,0.446,0.3892302182237518,0.05,,
GEO_GSE240015_VISIUM_THYMUS_DOMAIN,3,marker_spatial_smoothing_random_graph,4,1.5,0.44857142857142857,0.39836610389476995,0.5,,
GEO_GSE240015_VISIUM_THYMUS_DOMAIN,3,marker_spatial_smoothing_random_graph,5,1.5,0.4471428571428571,0.396863133964153,1.0,,
GEO_GSE240015_VISIUM_THYMUS_DOMAIN,3,marker_spatial_smoothing_random_graph,3,1.5,0.44771428571428573,0.394273462986485,0.2,,
GEO_GSE240015_VISIUM_THYMUS_DOMAIN,3,marker_spatial_smoothing_random_graph,0,1.5,0.446,0.3899709167178416,0.0,,
GEO_GSE240015_VISIUM_THYMUS_DOMAIN,3,marker_spatial_smoothing_random_graph,1,1.5,0.44571428571428573,0.3897506111833863,0.05,,
GEO_GSE240015_VISIUM_THYMUS_DOMAIN,3,marker_spatial_smoothing_random_graph,2,1.5,0.44542857142857145,0.38919878163135346,0.1,,
GEO_GSE240015_VISIUM_THYMUS_DOMAIN,3,marker_learned_neighborhood,4,1.5,0.45,0.3991709734105821,,0.5,
GEO_GSE240015_VISIUM_THYMUS_DOMAIN,3,marker_learned_neighborhood,3,1.5,0.45057142857142857,0.396249814732862,,0.2,
GEO_GSE240015_VISIUM_THYMUS_DOMAIN,3,marker_learned_neighborhood,2,1.5,0.4471428571428571,0.39235850477470985,,0.1,
GEO_GSE240015_VISIUM_THYMUS_DOMAIN,3,marker_learned_neighborhood,0,1.5,0.446,0.3899709167178416,,0.0,
GEO_GSE240015_VISIUM_THYMUS_DOMAIN,3,marker_learned_neighborhood,1,1.5,0.44485714285714284,0.3892270584161928,,0.05,
GEO_GSE240015_VISIUM_THYMUS_DOMAIN,3,marker_learned_neighborhood,5,1.5,0.438,0.3861055255753436,,1.0,
GEO_GSE240015_VISIUM_THYMUS_DOMAIN,3,marker_context_specific_neighborhood,3,1.5,0.44285714285714284,0.39321927430323167,,,0.2
GEO_GSE240015_VISIUM_THYMUS_DOMAIN,3,marker_context_specific_neighborhood,2,1.5,0.44542857142857145,0.3922104068211312,,,0.1
GEO_GSE240015_VISIUM_THYMUS_DOMAIN,3,marker_context_specific_neighborhood,0,1.5,0.446,0.3899709167178416,,,0.0
GEO_GSE240015_VISIUM_THYMUS_DOMAIN,3,marker_context_specific_neighborhood,1,1.5,0.444,0.38933088931765514,,,0.05
GEO_GSE240015_VISIUM_THYMUS_DOMAIN,3,marker_context_specific_neighborhood,4,1.5,0.428,0.3829507783072508,,,0.5
GEO_GSE240015_VISIUM_THYMUS_DOMAIN,3,marker_context_specific_neighborhood,5,1.5,0.4197142857142857,0.3778304869375417,,,1.0
GEO_GSE240015_VISIUM_THYMUS_DOMAIN,3,learned_random_graph,4,1.5,0.4665714285714286,0.4041798843870226,,0.5,
GEO_GSE240015_VISIUM_THYMUS_DOMAIN,3,learned_random_graph,3,1.5,0.4602857142857143,0.4021976509524011,,0.2,
GEO_GSE240015_VISIUM_THYMUS_DOMAIN,3,learned_random_graph,2,1.5,0.4554285714285714,0.39683175664899034,,0.1,
GEO_GSE240015_VISIUM_THYMUS_DOMAIN,3,learned_random_graph,1,1.5,0.4502857142857143,0.39219651289736446,,0.05,
GEO_GSE240015_VISIUM_THYMUS_DOMAIN,3,learned_random_graph,0,1.5,0.446,0.3899709167178416,,0.0,
GEO_GSE240015_VISIUM_THYMUS_DOMAIN,3,learned_random_graph,5,1.5,0.45714285714285713,0.3851796595402446,,1.0,
GEO_GSE240015_VISIUM_THYMUS_DOMAIN,3,learned_permuted_prior,3,1.5,0.44971428571428573,0.39645072353511623,,0.2,
GEO_GSE240015_VISIUM_THYMUS_DOMAIN,3,learned_permuted_prior,2,1.5,0.44857142857142857,0.3949168271140725,,0.1,
GEO_GSE240015_VISIUM_THYMUS_DOMAIN,3,learned_permuted_prior,1,1.5,0.44685714285714284,0.3903481593984826,,0.05,
GEO_GSE240015_VISIUM_THYMUS_DOMAIN,3,learned_permuted_prior,0,1.5,0.446,0.3899709167178416,,0.0,
GEO_GSE240015_VISIUM_THYMUS_DOMAIN,3,learned_permuted_prior,4,1.5,0.4337142857142857,0.3809335730431076,,0.5,
GEO_GSE240015_VISIUM_THYMUS_DOMAIN,3,learned_permuted_prior,5,1.5,0.4102857142857143,0.3581046986359999,,1.0,
GEO_GSE240015_VISIUM_THYMUS_DOMAIN,4,marker_only,0,1.5,0.46701846965699206,0.4090456782247562,,,
GEO_GSE240015_VISIUM_THYMUS_DOMAIN,4,marker_spatial_smoothing,5,1.5,0.49307387862796836,0.4367588700323788,1.0,,
GEO_GSE240015_VISIUM_THYMUS_DOMAIN,4,marker_spatial_smoothing,4,1.5,0.48548812664907653,0.42908303508555135,0.5,,
GEO_GSE240015_VISIUM_THYMUS_DOMAIN,4,marker_spatial_smoothing,3,1.5,0.47559366754617416,0.4191117804518215,0.2,,
GEO_GSE240015_VISIUM_THYMUS_DOMAIN,4,marker_spatial_smoothing,2,1.5,0.4683377308707124,0.4112518414126719,0.1,,
GEO_GSE240015_VISIUM_THYMUS_DOMAIN,4,marker_spatial_smoothing,1,1.5,0.46701846965699206,0.40948356181490564,0.05,,
GEO_GSE240015_VISIUM_THYMUS_DOMAIN,4,marker_spatial_smoothing,0,1.5,0.46701846965699206,0.4090456782247562,0.0,,
GEO_GSE240015_VISIUM_THYMUS_DOMAIN,4,marker_spatial_smoothing_random_graph,5,1.5,0.4868073878627968,0.4359737870140614,1.0,,
GEO_GSE240015_VISIUM_THYMUS_DOMAIN,4,marker_spatial_smoothing_random_graph,4,1.5,0.48350923482849606,0.4306513654771091,0.5,,
GEO_GSE240015_VISIUM_THYMUS_DOMAIN,4,marker_spatial_smoothing_random_graph,3,1.5,0.47493403693931396,0.42028695401059807,0.2,,
GEO_GSE240015_VISIUM_THYMUS_DOMAIN,4,marker_spatial_smoothing_random_graph,2,1.5,0.46899736147757254,0.41270386671841053,0.1,,
GEO_GSE240015_VISIUM_THYMUS_DOMAIN,4,marker_spatial_smoothing_random_graph,1,1.5,0.4673482849604222,0.41037599464681307,0.05,,
GEO_GSE240015_VISIUM_THYMUS_DOMAIN,4,marker_spatial_smoothing_random_graph,0,1.5,0.46701846965699206,0.4090456782247562,0.0,,
GEO_GSE240015_VISIUM_THYMUS_DOMAIN,4,marker_learned_neighborhood,4,1.5,0.47493403693931396,0.4274814323217762,,0.5,
GEO_GSE240015_VISIUM_THYMUS_DOMAIN,4,marker_learned_neighborhood,3,1.5,0.4808707124010554,0.4256789264619191,,0.2,
GEO_GSE240015_VISIUM_THYMUS_DOMAIN,4,marker_learned_neighborhood,2,1.5,0.4746042216358839,0.4185120741095111,,0.1,
GEO_GSE240015_VISIUM_THYMUS_DOMAIN,4,marker_learned_neighborhood,5,1.5,0.4558047493403694,0.4147803651011807,,1.0,
GEO_GSE240015_VISIUM_THYMUS_DOMAIN,4,marker_learned_neighborhood,1,1.5,0.4699868073878628,0.4146745063559276,,0.05,
GEO_GSE240015_VISIUM_THYMUS_DOMAIN,4,marker_learned_neighborhood,0,1.5,0.46701846965699206,0.4090456782247562,,0.0,
GEO_GSE240015_VISIUM_THYMUS_DOMAIN,4,marker_context_specific_neighborhood,2,1.5,0.46602902374670185,0.4117545602071356,,,0.1
GEO_GSE240015_VISIUM_THYMUS_DOMAIN,4,marker_context_specific_neighborhood,1,1.5,0.4647097625329815,0.4091209716585716,,,0.05
GEO_GSE240015_VISIUM_THYMUS_DOMAIN,4,marker_context_specific_neighborhood,0,1.5,0.46701846965699206,0.4090456782247562,,,0.0
GEO_GSE240015_VISIUM_THYMUS_DOMAIN,4,marker_context_specific_neighborhood,3,1.5,0.45481530343007914,0.4060888988807913,,,0.2
GEO_GSE240015_VISIUM_THYMUS_DOMAIN,4,marker_context_specific_neighborhood,4,1.5,0.41589709762532984,0.3819938722318272,,,0.5
GEO_GSE240015_VISIUM_THYMUS_DOMAIN,4,marker_context_specific_neighborhood,5,1.5,0.3786279683377309,0.3525435212019113,,,1.0
GEO_GSE240015_VISIUM_THYMUS_DOMAIN,4,learned_random_graph,4,1.5,0.49868073878627966,0.44314498379182304,,0.5,
GEO_GSE240015_VISIUM_THYMUS_DOMAIN,4,learned_random_graph,5,1.5,0.5,0.4429547870907291,,1.0,
GEO_GSE240015_VISIUM_THYMUS_DOMAIN,4,learned_random_graph,3,1.5,0.48515831134564646,0.42892119031060605,,0.2,
GEO_GSE240015_VISIUM_THYMUS_DOMAIN,4,learned_random_graph,2,1.5,0.47493403693931396,0.4179806244400452,,0.1,
GEO_GSE240015_VISIUM_THYMUS_DOMAIN,4,learned_random_graph,1,1.5,0.47130606860158314,0.4151527873180863,,0.05,
GEO_GSE240015_VISIUM_THYMUS_DOMAIN,4,learned_random_graph,0,1.5,0.46701846965699206,0.4090456782247562,,0.0,
GEO_GSE240015_VISIUM_THYMUS_DOMAIN,4,learned_permuted_prior,3,1.5,0.46932717678100266,0.4141334453432037,,0.2,
GEO_GSE240015_VISIUM_THYMUS_DOMAIN,4,learned_permuted_prior,2,1.5,0.46899736147757254,0.41188546407779264,,0.1,
GEO_GSE240015_VISIUM_THYMUS_DOMAIN,4,learned_permuted_prior,0,1.5,0.46701846965699206,0.4090456782247562,,0.0,
GEO_GSE240015_VISIUM_THYMUS_DOMAIN,4,learned_permuted_prior,1,1.5,0.4663588390501319,0.4087799912904276,,0.05,
GEO_GSE240015_VISIUM_THYMUS_DOMAIN,4,learned_permuted_prior,4,1.5,0.46273087071240104,0.4060664207303316,,0.5,
GEO_GSE240015_VISIUM_THYMUS_DOMAIN,4,learned_permuted_prior,5,1.5,0.4313984168865435,0.3837677817881872,,1.0,
GEO_GSE240015_VISIUM_THYMUS_DOMAIN,5,marker_only,0,1.5,0.5055639097744361,0.45571980814697083,,,
GEO_GSE240015_VISIUM_THYMUS_DOMAIN,5,marker_spatial_smoothing,5,1.5,0.5254135338345864,0.47423120891890513,1.0,,
GEO_GSE240015_VISIUM_THYMUS_DOMAIN,5,marker_spatial_smoothing,4,1.5,0.5184962406015038,0.4684035413193033,0.5,,
GEO_GSE240015_VISIUM_THYMUS_DOMAIN,5,marker_spatial_smoothing,3,1.5,0.5112781954887218,0.46132433438832243,0.2,,
GEO_GSE240015_VISIUM_THYMUS_DOMAIN,5,marker_spatial_smoothing,2,1.5,0.510375939849624,0.46111540190817746,0.1,,
GEO_GSE240015_VISIUM_THYMUS_DOMAIN,5,marker_spatial_smoothing,1,1.5,0.5070676691729323,0.4580816304444234,0.05,,
GEO_GSE240015_VISIUM_THYMUS_DOMAIN,5,marker_spatial_smoothing,0,1.5,0.5055639097744361,0.45571980814697083,0.0,,
GEO_GSE240015_VISIUM_THYMUS_DOMAIN,5,marker_spatial_smoothing_random_graph,5,1.5,0.5190977443609023,0.4729415191348418,1.0,,
GEO_GSE240015_VISIUM_THYMUS_DOMAIN,5,marker_spatial_smoothing_random_graph,4,1.5,0.5148872180451127,0.4685599333981271,0.5,,
GEO_GSE240015_VISIUM_THYMUS_DOMAIN,5,marker_spatial_smoothing_random_graph,3,1.5,0.5133834586466165,0.46494489467497824,0.2,,
GEO_GSE240015_VISIUM_THYMUS_DOMAIN,5,marker_spatial_smoothing_random_graph,2,1.5,0.509172932330827,0.4606503988848227,0.1,,
GEO_GSE240015_VISIUM_THYMUS_DOMAIN,5,marker_spatial_smoothing_random_graph,1,1.5,0.5067669172932331,0.458240884972848,0.05,,
GEO_GSE240015_VISIUM_THYMUS_DOMAIN,5,marker_spatial_smoothing_random_graph,0,1.5,0.5055639097744361,0.45571980814697083,0.0,,
GEO_GSE240015_VISIUM_THYMUS_DOMAIN,5,marker_learned_neighborhood,4,1.5,0.5106766917293233,0.46848326237906185,,0.5,
GEO_GSE240015_VISIUM_THYMUS_DOMAIN,5,marker_learned_neighborhood,3,1.5,0.5142857142857142,0.4681964088190115,,0.2,
GEO_GSE240015_VISIUM_THYMUS_DOMAIN,5,marker_learned_neighborhood,5,1.5,0.5046616541353384,0.4677746879177886,,1.0,
GEO_GSE240015_VISIUM_THYMUS_DOMAIN,5,marker_learned_neighborhood,2,1.5,0.5136842105263157,0.4655794230932488,,0.1,
GEO_GSE240015_VISIUM_THYMUS_DOMAIN,5,marker_learned_neighborhood,1,1.5,0.5082706766917293,0.46034096117511525,,0.05,
GEO_GSE240015_VISIUM_THYMUS_DOMAIN,5,marker_learned_neighborhood,0,1.5,0.5055639097744361,0.45571980814697083,,0.0,
GEO_GSE240015_VISIUM_THYMUS_DOMAIN,5,marker_context_specific_neighborhood,1,1.5,0.5055639097744361,0.45727299690252543,,,0.05
GEO_GSE240015_VISIUM_THYMUS_DOMAIN,5,marker_context_specific_neighborhood,0,1.5,0.5055639097744361,0.45571980814697083,,,0.0
GEO_GSE240015_VISIUM_THYMUS_DOMAIN,5,marker_context_specific_neighborhood,2,1.5,0.5037593984962406,0.45440243001948966,,,0.1
GEO_GSE240015_VISIUM_THYMUS_DOMAIN,5,marker_context_specific_neighborhood,3,1.5,0.49353383458646616,0.44784094807706365,,,0.2
GEO_GSE240015_VISIUM_THYMUS_DOMAIN,5,marker_context_specific_neighborhood,4,1.5,0.46075187969924813,0.42210557846926616,,,0.5
GEO_GSE240015_VISIUM_THYMUS_DOMAIN,5,marker_context_specific_neighborhood,5,1.5,0.4207518796992481,0.38449800171625,,,1.0
GEO_GSE240015_VISIUM_THYMUS_DOMAIN,5,learned_random_graph,4,1.5,0.5257142857142857,0.4748070624749024,,0.5,
GEO_GSE240015_VISIUM_THYMUS_DOMAIN,5,learned_random_graph,3,1.5,0.5196992481203008,0.4712313323590393,,0.2,
GEO_GSE240015_VISIUM_THYMUS_DOMAIN,5,learned_random_graph,2,1.5,0.5166917293233083,0.4686644836946468,,0.1,
GEO_GSE240015_VISIUM_THYMUS_DOMAIN,5,learned_random_graph,5,1.5,0.5233082706766917,0.4685817606233907,,1.0,
GEO_GSE240015_VISIUM_THYMUS_DOMAIN,5,learned_random_graph,1,1.5,0.5109774436090225,0.4624237084691633,,0.05,
GEO_GSE240015_VISIUM_THYMUS_DOMAIN,5,learned_random_graph,0,1.5,0.5055639097744361,0.45571980814697083,,0.0,
GEO_GSE240015_VISIUM_THYMUS_DOMAIN,5,learned_permuted_prior,3,1.5,0.521203007518797,0.464489966885963,,0.2,
GEO_GSE240015_VISIUM_THYMUS_DOMAIN,5,learned_permuted_prior,2,1.5,0.5142857142857142,0.46057353430976394,,0.1,
GEO_GSE240015_VISIUM_THYMUS_DOMAIN,5,learned_permuted_prior,1,1.5,0.5088721804511278,0.4580748068119917,,0.05,
GEO_GSE240015_VISIUM_THYMUS_DOMAIN,5,learned_permuted_prior,0,1.5,0.5055639097744361,0.45571980814697083,,0.0,
GEO_GSE240015_VISIUM_THYMUS_DOMAIN,5,learned_permuted_prior,4,1.5,0.5172932330827068,0.44728660650644964,,0.5,
GEO_GSE240015_VISIUM_THYMUS_DOMAIN,5,learned_permuted_prior,5,1.5,0.5100751879699248,0.42464031026473337,,1.0,
GEO_GSE284005_MERSCOPE_MS,1,marker_only,0,1.5,0.5823223570190641,0.5540376640185783,,,
GEO_GSE284005_MERSCOPE_MS,1,marker_spatial_smoothing,3,1.5,0.58578856152513,0.5581006118838306,0.2,,
GEO_GSE284005_MERSCOPE_MS,1,marker_spatial_smoothing,4,1.5,0.5834777585210861,0.5563244189535698,0.5,,
GEO_GSE284005_MERSCOPE_MS,1,marker_spatial_smoothing,2,1.5,0.5841998844598498,0.5560402809166693,0.1,,
GEO_GSE284005_MERSCOPE_MS,1,marker_spatial_smoothing,1,1.5,0.5829000577700751,0.5544394819394389,0.05,,
GEO_GSE284005_MERSCOPE_MS,1,marker_spatial_smoothing,0,1.5,0.5823223570190641,0.5540376640185783,0.0,,
GEO_GSE284005_MERSCOPE_MS,1,marker_spatial_smoothing,5,1.5,0.5787117273252456,0.5522381484102786,1.0,,
GEO_GSE284005_MERSCOPE_MS,1,marker_spatial_smoothing_random_graph,1,1.5,0.5834777585210861,0.5549989504719405,0.05,,
GEO_GSE284005_MERSCOPE_MS,1,marker_spatial_smoothing_random_graph,3,1.5,0.5827556325823223,0.5549269467192388,0.2,,
GEO_GSE284005_MERSCOPE_MS,1,marker_spatial_smoothing_random_graph,2,1.5,0.5829000577700751,0.5546616545217301,0.1,,
GEO_GSE284005_MERSCOPE_MS,1,marker_spatial_smoothing_random_graph,0,1.5,0.5823223570190641,0.5540376640185783,0.0,,
GEO_GSE284005_MERSCOPE_MS,1,marker_spatial_smoothing_random_graph,4,1.5,0.5778451761987291,0.5512256789540748,0.5,,
GEO_GSE284005_MERSCOPE_MS,1,marker_spatial_smoothing_random_graph,5,1.5,0.5730791450028885,0.5461725526047736,1.0,,
GEO_GSE284005_MERSCOPE_MS,1,marker_learned_neighborhood,3,1.5,0.5869439630271519,0.5602649527254564,,0.2,
GEO_GSE284005_MERSCOPE_MS,1,marker_learned_neighborhood,2,1.5,0.5859329867128827,0.5580897982757536,,0.1,
GEO_GSE284005_MERSCOPE_MS,1,marker_learned_neighborhood,1,1.5,0.5849220103986135,0.5570215667875038,,0.05,
GEO_GSE284005_MERSCOPE_MS,1,marker_learned_neighborhood,4,1.5,0.5814558058925476,0.5567684285375605,,0.5,
GEO_GSE284005_MERSCOPE_MS,1,marker_learned_neighborhood,0,1.5,0.5823223570190641,0.5540376640185783,,0.0,
GEO_GSE284005_MERSCOPE_MS,1,marker_learned_neighborhood,5,1.5,0.55473714615829,0.5328731389981336,,1.0,
GEO_GSE284005_MERSCOPE_MS,1,marker_context_specific_neighborhood,3,1.5,0.5841998844598498,0.5571905060401426,,,0.2
GEO_GSE284005_MERSCOPE_MS,1,marker_context_specific_neighborhood,0,1.5,0.5823223570190641,0.5540376640185783,,,0.0
GEO_GSE284005_MERSCOPE_MS,1,marker_context_specific_neighborhood,2,1.5,0.5823223570190641,0.5537557104869426,,,0.1
GEO_GSE284005_MERSCOPE_MS,1,marker_context_specific_neighborhood,1,1.5,0.5820335066435587,0.5533468861115924,,,0.05
GEO_GSE284005_MERSCOPE_MS,1,marker_context_specific_neighborhood,4,1.5,0.572212593876372,0.5459619052059942,,,0.5
GEO_GSE284005_MERSCOPE_MS,1,marker_context_specific_neighborhood,5,1.5,0.5402946273830156,0.5165814048090349,,,1.0
GEO_GSE284005_MERSCOPE_MS,1,learned_random_graph,2,1.5,0.5830444829578278,0.5554113935067987,,0.1,
GEO_GSE284005_MERSCOPE_MS,1,learned_random_graph,1,1.5,0.5824667822068169,0.554297455969746,,0.05,
GEO_GSE284005_MERSCOPE_MS,1,learned_random_graph,0,1.5,0.5823223570190641,0.5540376640185783,,0.0,
GEO_GSE284005_MERSCOPE_MS,1,learned_random_graph,3,1.5,0.5791450028885038,0.5519905662302418,,0.2,
GEO_GSE284005_MERSCOPE_MS,1,learned_random_graph,4,1.5,0.5610918544194108,0.5359533117029737,,0.5,
GEO_GSE284005_MERSCOPE_MS,1,learned_random_graph,5,1.5,0.5300404390525708,0.5067214848371876,,1.0,
GEO_GSE284005_MERSCOPE_MS,1,learned_permuted_prior,1,1.5,0.5836221837088388,0.55528492765646,,0.05,
GEO_GSE284005_MERSCOPE_MS,1,learned_permuted_prior,0,1.5,0.5823223570190641,0.5540376640185783,,0.0,
GEO_GSE284005_MERSCOPE_MS,1,learned_permuted_prior,2,1.5,0.5808781051415367,0.5524235955012852,,0.1,
GEO_GSE284005_MERSCOPE_MS,1,learned_permuted_prior,3,1.5,0.5746678220681687,0.5464123522111621,,0.2,
GEO_GSE284005_MERSCOPE_MS,1,learned_permuted_prior,4,1.5,0.5413056036972848,0.5146968422166436,,0.5,
GEO_GSE284005_MERSCOPE_MS,1,learned_permuted_prior,5,1.5,0.4904679376083189,0.4667647825409947,,1.0,
GEO_GSE284005_MERSCOPE_MS,2,marker_only,0,1.5,0.5369704749679076,0.5295946923868822,,,
GEO_GSE284005_MERSCOPE_MS,2,marker_spatial_smoothing,5,1.5,0.5472400513478819,0.5420460626068161,1.0,,
GEO_GSE284005_MERSCOPE_MS,2,marker_spatial_smoothing,4,1.5,0.5444159178433889,0.5385328196507375,0.5,,
GEO_GSE284005_MERSCOPE_MS,2,marker_spatial_smoothing,3,1.5,0.5424903722721438,0.5354814154875451,0.2,,
GEO_GSE284005_MERSCOPE_MS,2,marker_spatial_smoothing,1,1.5,0.5396662387676509,0.5326319555239413,0.05,,
GEO_GSE284005_MERSCOPE_MS,2,marker_spatial_smoothing,2,1.5,0.5396662387676509,0.5324540846544246,0.1,,
GEO_GSE284005_MERSCOPE_MS,2,marker_spatial_smoothing,0,1.5,0.5369704749679076,0.5295946923868822,0.0,,
GEO_GSE284005_MERSCOPE_MS,2,marker_spatial_smoothing_random_graph,4,1.5,0.541976893453145,0.5361934837337686,0.5,,
GEO_GSE284005_MERSCOPE_MS,2,marker_spatial_smoothing_random_graph,5,1.5,0.5397946084724005,0.5354818110672342,1.0,,
GEO_GSE284005_MERSCOPE_MS,2,marker_spatial_smoothing_random_graph,3,1.5,0.5414634146341464,0.5347821984157409,0.2,,
GEO_GSE284005_MERSCOPE_MS,2,marker_spatial_smoothing_random_graph,2,1.5,0.5400513478818999,0.5329117796041547,0.1,,
GEO_GSE284005_MERSCOPE_MS,2,marker_spatial_smoothing_random_graph,1,1.5,0.5390243902439025,0.5320179912860468,0.05,,
GEO_GSE284005_MERSCOPE_MS,2,marker_spatial_smoothing_random_graph,0,1.5,0.5369704749679076,0.5295946923868822,0.0,,
GEO_GSE284005_MERSCOPE_MS,2,marker_learned_neighborhood,1,1.5,0.5405648267008986,0.5336328646804346,,0.05,
GEO_GSE284005_MERSCOPE_MS,2,marker_learned_neighborhood,2,1.5,0.5388960205391528,0.5318546940377333,,0.1,
GEO_GSE284005_MERSCOPE_MS,2,marker_learned_neighborhood,3,1.5,0.5388960205391528,0.5316610502287551,,0.2,
GEO_GSE284005_MERSCOPE_MS,2,marker_learned_neighborhood,0,1.5,0.5369704749679076,0.5295946923868822,,0.0,
GEO_GSE284005_MERSCOPE_MS,2,marker_learned_neighborhood,4,1.5,0.5295250320924262,0.5242410244152891,,0.5,
GEO_GSE284005_MERSCOPE_MS,2,marker_learned_neighborhood,5,1.5,0.506033376123235,0.5011218673072474,,1.0,
GEO_GSE284005_MERSCOPE_MS,2,marker_context_specific_neighborhood,3,1.5,0.5422336328626444,0.5342711081883387,,,0.2
GEO_GSE284005_MERSCOPE_MS,2,marker_context_specific_neighborhood,2,1.5,0.5418485237483954,0.5341018849161556,,,0.1
GEO_GSE284005_MERSCOPE_MS,2,marker_context_specific_neighborhood,1,1.5,0.5390243902439025,0.5312813625896127,,,0.05
GEO_GSE284005_MERSCOPE_MS,2,marker_context_specific_neighborhood,0,1.5,0.5369704749679076,0.5295946923868822,,,0.0
GEO_GSE284005_MERSCOPE_MS,2,marker_context_specific_neighborhood,4,1.5,0.5308087291399229,0.5089891353227497,,,0.5
GEO_GSE284005_MERSCOPE_MS,2,marker_context_specific_neighborhood,5,1.5,0.5014120667522465,0.4790316611958801,,,1.0
GEO_GSE284005_MERSCOPE_MS,2,learned_random_graph,1,1.5,0.537612323491656,0.5303091052829851,,0.05,
GEO_GSE284005_MERSCOPE_MS,2,learned_random_graph,2,1.5,0.5365853658536586,0.5297255414982117,,0.1,
GEO_GSE284005_MERSCOPE_MS,2,learned_random_graph,0,1.5,0.5369704749679076,0.5295946923868822,,0.0,
GEO_GSE284005_MERSCOPE_MS,2,learned_random_graph,3,1.5,0.5305519897304236,0.524211849876228,,0.2,
GEO_GSE284005_MERSCOPE_MS,2,learned_random_graph,4,1.5,0.516816431322208,0.5126449122075076,,0.5,
GEO_GSE284005_MERSCOPE_MS,2,learned_random_graph,5,1.5,0.48947368421052634,0.4869704558219195,,1.0,
GEO_GSE284005_MERSCOPE_MS,2,learned_permuted_prior,0,1.5,0.5369704749679076,0.5295946923868822,,0.0,
GEO_GSE284005_MERSCOPE_MS,2,learned_permuted_prior,1,1.5,0.5337612323491656,0.5273816435059945,,0.05,
GEO_GSE284005_MERSCOPE_MS,2,learned_permuted_prior,2,1.5,0.5306803594351733,0.524350779745375,,0.1,
GEO_GSE284005_MERSCOPE_MS,2,learned_permuted_prior,3,1.5,0.5228498074454428,0.5020943339516982,,0.2,
GEO_GSE284005_MERSCOPE_MS,2,learned_permuted_prior,4,1.5,0.4958921694480103,0.4762668896223061,,0.5,
GEO_GSE284005_MERSCOPE_MS,2,learned_permuted_prior,5,1.5,0.44120667522464696,0.4221113132946518,,1.0,
GEO_GSE284005_MERSCOPE_MS,3,marker_only,0,1.5,0.5467674449993252,0.524693500282548,,,
GEO_GSE284005_MERSCOPE_MS,3,marker_spatial_smoothing,4,1.5,0.5525711971926036,0.5324637588558726,0.5,,
GEO_GSE284005_MERSCOPE_MS,3,marker_spatial_smoothing,3,1.5,0.5516264003239304,0.5309004490198541,0.2,,
GEO_GSE284005_MERSCOPE_MS,3,marker_spatial_smoothing,5,1.5,0.5494668646241058,0.5300029412620845,1.0,,
GEO_GSE284005_MERSCOPE_MS,3,marker_spatial_smoothing,2,1.5,0.5494668646241058,0.5280870292580464,0.1,,
GEO_GSE284005_MERSCOPE_MS,3,marker_spatial_smoothing,1,1.5,0.5481171548117155,0.5265781143697918,0.05,,
GEO_GSE284005_MERSCOPE_MS,3,marker_spatial_smoothing,0,1.5,0.5467674449993252,0.524693500282548,0.0,,
GEO_GSE284005_MERSCOPE_MS,3,marker_spatial_smoothing_random_graph,4,1.5,0.5545957619111891,0.5349395330728646,0.5,,
GEO_GSE284005_MERSCOPE_MS,3,marker_spatial_smoothing_random_graph,5,1.5,0.5524362262113646,0.5332350715152058,1.0,,
GEO_GSE284005_MERSCOPE_MS,3,marker_spatial_smoothing_random_graph,3,1.5,0.5517613713051693,0.5301543603328716,0.2,,
GEO_GSE284005_MERSCOPE_MS,3,marker_spatial_smoothing_random_graph,2,1.5,0.550006748549062,0.5284590857953109,0.1,,
GEO_GSE284005_MERSCOPE_MS,3,marker_spatial_smoothing_random_graph,1,1.5,0.5497368065865839,0.5278952254133873,0.05,,
GEO_GSE284005_MERSCOPE_MS,3,marker_spatial_smoothing_random_graph,0,1.5,0.5467674449993252,0.524693500282548,0.0,,
GEO_GSE284005_MERSCOPE_MS,3,marker_learned_neighborhood,3,1.5,0.5562154136860575,0.535526766717461,,0.2,
GEO_GSE284005_MERSCOPE_MS,3,marker_learned_neighborhood,4,1.5,0.5548657038736672,0.5343514247817454,,0.5,
GEO_GSE284005_MERSCOPE_MS,3,marker_learned_neighborhood,2,1.5,0.5533810230800378,0.5321491388773897,,0.1,
GEO_GSE284005_MERSCOPE_MS,3,marker_learned_neighborhood,1,1.5,0.5517613713051693,0.5302897195127481,,0.05,
GEO_GSE284005_MERSCOPE_MS,3,marker_learned_neighborhood,0,1.5,0.5467674449993252,0.524693500282548,,0.0,
GEO_GSE284005_MERSCOPE_MS,3,marker_learned_neighborhood,5,1.5,0.5359697665002024,0.516714878128424,,1.0,
GEO_GSE284005_MERSCOPE_MS,3,marker_context_specific_neighborhood,2,1.5,0.5536509650425159,0.5326412621538986,,,0.1
GEO_GSE284005_MERSCOPE_MS,3,marker_context_specific_neighborhood,3,1.5,0.5533810230800378,0.5324710539618451,,,0.2
GEO_GSE284005_MERSCOPE_MS,3,marker_context_specific_neighborhood,1,1.5,0.5510865163989742,0.5295548492080409,,,0.05
GEO_GSE284005_MERSCOPE_MS,3,marker_context_specific_neighborhood,4,1.5,0.5475772708867593,0.528748546616176,,,0.5
GEO_GSE284005_MERSCOPE_MS,3,marker_context_specific_neighborhood,0,1.5,0.5467674449993252,0.524693500282548,,,0.0
GEO_GSE284005_MERSCOPE_MS,3,marker_context_specific_neighborhood,5,1.5,0.5201781616952356,0.5032018942562768,,,1.0
GEO_GSE284005_MERSCOPE_MS,3,learned_random_graph,2,1.5,0.5504116614927791,0.5283703512556305,,0.1,
GEO_GSE284005_MERSCOPE_MS,3,learned_random_graph,1,1.5,0.5489269806991497,0.5270848942080257,,0.05,
GEO_GSE284005_MERSCOPE_MS,3,learned_random_graph,3,1.5,0.5481171548117155,0.5262051776212501,,0.2,
GEO_GSE284005_MERSCOPE_MS,3,learned_random_graph,0,1.5,0.5467674449993252,0.524693500282548,,0.0,
GEO_GSE284005_MERSCOPE_MS,3,learned_random_graph,4,1.5,0.5338102308003779,0.5132594892587238,,0.5,
GEO_GSE284005_MERSCOPE_MS,3,learned_random_graph,5,1.5,0.5103252800647861,0.49094310283428505,,1.0,
GEO_GSE284005_MERSCOPE_MS,3,learned_permuted_prior,0,1.5,0.5467674449993252,0.524693500282548,,0.0,
GEO_GSE284005_MERSCOPE_MS,3,learned_permuted_prior,1,1.5,0.5444729383182616,0.5227053225390862,,0.05,
GEO_GSE284005_MERSCOPE_MS,3,learned_permuted_prior,2,1.5,0.5358347955189634,0.5153101226649657,,0.1,
GEO_GSE284005_MERSCOPE_MS,3,learned_permuted_prior,3,1.5,0.5238223781886895,0.5049181772129284,,0.2,
GEO_GSE284005_MERSCOPE_MS,3,learned_permuted_prior,4,1.5,0.4888648940477797,0.47338231396739067,,0.5,
GEO_GSE284005_MERSCOPE_MS,3,learned_permuted_prior,5,1.5,0.4356863274396005,0.42253312180490105,,1.0,
GEO_GSE284005_MERSCOPE_MS,4,marker_only,0,1.5,0.5562403697996918,0.5541549725008801,,,
GEO_GSE284005_MERSCOPE_MS,4,marker_spatial_smoothing,4,1.5,0.5657421674370827,0.5652259489266164,0.5,,
GEO_GSE284005_MERSCOPE_MS,4,marker_spatial_smoothing,3,1.5,0.5611196712891628,0.5606414590827203,0.2,,
GEO_GSE284005_MERSCOPE_MS,4,marker_spatial_smoothing,2,1.5,0.5588084232152029,0.5571207265647985,0.1,,
GEO_GSE284005_MERSCOPE_MS,4,marker_spatial_smoothing,1,1.5,0.5571391884951207,0.5551615233129019,0.05,,
GEO_GSE284005_MERSCOPE_MS,4,marker_spatial_smoothing,0,1.5,0.5562403697996918,0.5541549725008801,0.0,,
GEO_GSE284005_MERSCOPE_MS,4,marker_spatial_smoothing,5,1.5,0.5615048793014895,0.54569839877168,1.0,,
GEO_GSE284005_MERSCOPE_MS,4,marker_spatial_smoothing_random_graph,4,1.5,0.5618900873138162,0.561786064439902,0.5,,
GEO_GSE284005_MERSCOPE_MS,4,marker_spatial_smoothing_random_graph,3,1.5,0.560220852593734,0.5594610470717346,0.2,,
GEO_GSE284005_MERSCOPE_MS,4,marker_spatial_smoothing_random_graph,2,1.5,0.5584232152028762,0.556607033033798,0.1,,
GEO_GSE284005_MERSCOPE_MS,4,marker_spatial_smoothing_random_graph,1,1.5,0.5568823831535696,0.5547767738226387,0.05,,
GEO_GSE284005_MERSCOPE_MS,4,marker_spatial_smoothing_random_graph,0,1.5,0.5562403697996918,0.5541549725008801,0.0,,
GEO_GSE284005_MERSCOPE_MS,4,marker_spatial_smoothing_random_graph,5,1.5,0.5577812018489985,0.5419201123776756,1.0,,
GEO_GSE284005_MERSCOPE_MS,4,marker_learned_neighborhood,2,1.5,0.5600924499229584,0.5583764108446031,,0.1,
GEO_GSE284005_MERSCOPE_MS,4,marker_learned_neighborhood,3,1.5,0.5597072419106317,0.5574814027104382,,0.2,
GEO_GSE284005_MERSCOPE_MS,4,marker_learned_neighborhood,1,1.5,0.5589368258859785,0.5570278909618622,,0.05,
GEO_GSE284005_MERSCOPE_MS,4,marker_learned_neighborhood,0,1.5,0.5562403697996918,0.5541549725008801,,0.0,
GEO_GSE284005_MERSCOPE_MS,4,marker_learned_neighborhood,4,1.5,0.5464817668207499,0.5437640036513454,,0.5,
GEO_GSE284005_MERSCOPE_MS,4,marker_learned_neighborhood,5,1.5,0.5110426296866974,0.5097422773852028,,1.0,
GEO_GSE284005_MERSCOPE_MS,4,marker_context_specific_neighborhood,2,1.5,0.5617616846430405,0.5595211430429159,,,0.1
GEO_GSE284005_MERSCOPE_MS,4,marker_context_specific_neighborhood,1,1.5,0.5585516178736518,0.5560838201812226,,,0.05
GEO_GSE284005_MERSCOPE_MS,4,marker_context_specific_neighborhood,0,1.5,0.5562403697996918,0.5541549725008801,,,0.0
GEO_GSE284005_MERSCOPE_MS,4,marker_context_specific_neighborhood,3,1.5,0.5618900873138162,0.5450576366006178,,,0.2
GEO_GSE284005_MERSCOPE_MS,4,marker_context_specific_neighborhood,4,1.5,0.5513610683102208,0.5363683710516796,,,0.5
GEO_GSE284005_MERSCOPE_MS,4,marker_context_specific_neighborhood,5,1.5,0.5096302003081664,0.49669285272560254,,,1.0
GEO_GSE284005_MERSCOPE_MS,4,learned_random_graph,2,1.5,0.5558551617873652,0.5551518438214263,,0.1,
GEO_GSE284005_MERSCOPE_MS,4,learned_random_graph,1,1.5,0.5561119671289163,0.5550250425369644,,0.05,
GEO_GSE284005_MERSCOPE_MS,4,learned_random_graph,0,1.5,0.5562403697996918,0.5541549725008801,,0.0,
GEO_GSE284005_MERSCOPE_MS,4,learned_random_graph,3,1.5,0.553030303030303,0.553345674464874,,0.2,
GEO_GSE284005_MERSCOPE_MS,4,learned_random_graph,4,1.5,0.5309450436569081,0.5312914788795868,,0.5,
GEO_GSE284005_MERSCOPE_MS,4,learned_random_graph,5,1.5,0.49049820236260916,0.49285054213845386,,1.0,
GEO_GSE284005_MERSCOPE_MS,4,learned_permuted_prior,1,1.5,0.5582948125321007,0.5564466403869899,,0.05,
GEO_GSE284005_MERSCOPE_MS,4,learned_permuted_prior,0,1.5,0.5562403697996918,0.5541549725008801,,0.0,
GEO_GSE284005_MERSCOPE_MS,4,learned_permuted_prior,2,1.5,0.5525166923472008,0.5370154130903114,,0.1,
GEO_GSE284005_MERSCOPE_MS,4,learned_permuted_prior,3,1.5,0.54070364663585,0.5269194741718961,,0.2,
GEO_GSE284005_MERSCOPE_MS,4,learned_permuted_prior,4,1.5,0.5061633281972265,0.4944915737296979,,0.5,
GEO_GSE284005_MERSCOPE_MS,4,learned_permuted_prior,5,1.5,0.45287621982537235,0.45384270888759903,,1.0,
GEO_GSE284005_MERSCOPE_MS,5,marker_only,0,1.5,0.5417047382848192,0.5360828658561186,,,
GEO_GSE284005_MERSCOPE_MS,5,marker_spatial_smoothing,3,1.5,0.5450985511029892,0.5382627482370352,0.2,,
GEO_GSE284005_MERSCOPE_MS,5,marker_spatial_smoothing,2,1.5,0.5443153635295653,0.5377049946212313,0.1,,
GEO_GSE284005_MERSCOPE_MS,5,marker_spatial_smoothing,1,1.5,0.542879519644955,0.5367491021394418,0.05,,
GEO_GSE284005_MERSCOPE_MS,5,marker_spatial_smoothing,0,1.5,0.5417047382848192,0.5360828658561186,0.0,,
GEO_GSE284005_MERSCOPE_MS,5,marker_spatial_smoothing,4,1.5,0.5466649262498369,0.5258137602933739,0.5,,
GEO_GSE284005_MERSCOPE_MS,5,marker_spatial_smoothing,5,1.5,0.5457512074141757,0.5240102382273532,1.0,,
GEO_GSE284005_MERSCOPE_MS,5,marker_spatial_smoothing_random_graph,4,1.5,0.54457642605404,0.5389488319113358,0.5,,
GEO_GSE284005_MERSCOPE_MS,5,marker_spatial_smoothing_random_graph,3,1.5,0.5444458947918026,0.5380217726658802,0.2,,
GEO_GSE284005_MERSCOPE_MS,5,marker_spatial_smoothing_random_graph,2,1.5,0.5435321759561415,0.5372659127588335,0.1,,
GEO_GSE284005_MERSCOPE_MS,5,marker_spatial_smoothing_random_graph,1,1.5,0.5430100509071922,0.5371295883195226,0.05,,
GEO_GSE284005_MERSCOPE_MS,5,marker_spatial_smoothing_random_graph,0,1.5,0.5417047382848192,0.5360828658561186,0.0,,
GEO_GSE284005_MERSCOPE_MS,5,marker_spatial_smoothing_random_graph,5,1.5,0.5392246443023104,0.5185298631567076,1.0,,
GEO_GSE284005_MERSCOPE_MS,5,marker_learned_neighborhood,2,1.5,0.5449680198407518,0.5392154428965293,,0.1,
GEO_GSE284005_MERSCOPE_MS,5,marker_learned_neighborhood,3,1.5,0.5450985511029892,0.5385115088723641,,0.2,
GEO_GSE284005_MERSCOPE_MS,5,marker_learned_neighborhood,1,1.5,0.5440543010050907,0.5382952648183921,,0.05,
GEO_GSE284005_MERSCOPE_MS,5,marker_learned_neighborhood,0,1.5,0.5417047382848192,0.5360828658561186,,0.0,
GEO_GSE284005_MERSCOPE_MS,5,marker_learned_neighborhood,4,1.5,0.536091894008615,0.5268044528301346,,0.5,
GEO_GSE284005_MERSCOPE_MS,5,marker_learned_neighborhood,5,1.5,0.5119436104947135,0.49973258209804755,,1.0,
GEO_GSE284005_MERSCOPE_MS,5,marker_context_specific_neighborhood,1,1.5,0.5443153635295653,0.5383395713848975,,,0.05
GEO_GSE284005_MERSCOPE_MS,5,marker_context_specific_neighborhood,2,1.5,0.5434016446939042,0.5373802538182226,,,0.1
GEO_GSE284005_MERSCOPE_MS,5,marker_context_specific_neighborhood,3,1.5,0.5420963320715312,0.5363740917343779,,,0.2
GEO_GSE284005_MERSCOPE_MS,5,marker_context_specific_neighborhood,0,1.5,0.5417047382848192,0.5360828658561186,,,0.0
GEO_GSE284005_MERSCOPE_MS,5,marker_context_specific_neighborhood,4,1.5,0.5286516120610887,0.5226625891856802,,,0.5
GEO_GSE284005_MERSCOPE_MS,5,marker_context_specific_neighborhood,5,1.5,0.4975851716486098,0.4931374914924911,,,1.0
GEO_GSE284005_MERSCOPE_MS,5,learned_random_graph,2,1.5,0.5430100509071922,0.5375455596398251,,0.1,
GEO_GSE284005_MERSCOPE_MS,5,learned_random_graph,1,1.5,0.5427489883827177,0.5370124867193868,,0.05,
GEO_GSE284005_MERSCOPE_MS,5,learned_random_graph,0,1.5,0.5417047382848192,0.5360828658561186,,0.0,
GEO_GSE284005_MERSCOPE_MS,5,learned_random_graph,3,1.5,0.5367445503198016,0.5301708904050565,,0.2,
GEO_GSE284005_MERSCOPE_MS,5,learned_random_graph,4,1.5,0.5226471739981725,0.5142030739254547,,0.5,
GEO_GSE284005_MERSCOPE_MS,5,learned_random_graph,5,1.5,0.4911891397989819,0.4821124060708957,,1.0,
GEO_GSE284005_MERSCOPE_MS,5,learned_permuted_prior,3,1.5,0.5323064874037332,0.5398538908684541,,0.2,
GEO_GSE284005_MERSCOPE_MS,5,learned_permuted_prior,0,1.5,0.5417047382848192,0.5360828658561186,,0.0,
GEO_GSE284005_MERSCOPE_MS,5,learned_permuted_prior,1,1.5,0.5423573945960057,0.535570196153337,,0.05,
GEO_GSE284005_MERSCOPE_MS,5,learned_permuted_prior,2,1.5,0.5423573945960057,0.5351484025658878,,0.1,
GEO_GSE284005_MERSCOPE_MS,5,learned_permuted_prior,4,1.5,0.5004568594178306,0.4928656629255854,,0.5,
GEO_GSE284005_MERSCOPE_MS,5,learned_permuted_prior,5,1.5,0.4542487925858243,0.44764742982047584,,1.0,
GEO_GSE327581_COSMX_AD_BRAIN,1,marker_only,0,1.5,0.6142458699849818,0.6021399897866266,,,
GEO_GSE327581_COSMX_AD_BRAIN,1,marker_spatial_smoothing,2,1.5,0.6157476936279769,0.6041423218039739,0.1,,
GEO_GSE327581_COSMX_AD_BRAIN,1,marker_spatial_smoothing,0,1.5,0.6142458699849818,0.6021399897866266,0.0,,
GEO_GSE327581_COSMX_AD_BRAIN,1,marker_spatial_smoothing,1,1.5,0.6142458699849818,0.6020055358628227,0.05,,
GEO_GSE327581_COSMX_AD_BRAIN,1,marker_spatial_smoothing,4,1.5,0.6168204248015448,0.5958312193609275,0.5,,
GEO_GSE327581_COSMX_AD_BRAIN,1,marker_spatial_smoothing,3,1.5,0.6170349710362583,0.5955489497599336,0.2,,
GEO_GSE327581_COSMX_AD_BRAIN,1,marker_spatial_smoothing,5,1.5,0.6086676678824287,0.5898545014939048,1.0,,
GEO_GSE327581_COSMX_AD_BRAIN,1,marker_spatial_smoothing_random_graph,1,1.5,0.6142458699849818,0.6026572375963218,0.05,,
GEO_GSE327581_COSMX_AD_BRAIN,1,marker_spatial_smoothing_random_graph,0,1.5,0.6142458699849818,0.6021399897866266,0.0,,
GEO_GSE327581_COSMX_AD_BRAIN,1,marker_spatial_smoothing_random_graph,3,1.5,0.6148895086891225,0.5939303508306316,0.2,,
GEO_GSE327581_COSMX_AD_BRAIN,1,marker_spatial_smoothing_random_graph,2,1.5,0.6144604162196954,0.5932203132980418,0.1,,
GEO_GSE327581_COSMX_AD_BRAIN,1,marker_spatial_smoothing_random_graph,4,1.5,0.6142458699849818,0.5931676436232292,0.5,,
GEO_GSE327581_COSMX_AD_BRAIN,1,marker_spatial_smoothing_random_graph,5,1.5,0.6099549452907101,0.5907101176695316,1.0,,
GEO_GSE327581_COSMX_AD_BRAIN,1,marker_learned_neighborhood,5,1.5,0.6200386183222485,0.6159386033592994,,1.0,
GEO_GSE327581_COSMX_AD_BRAIN,1,marker_learned_neighborhood,3,1.5,0.6245440892512336,0.613144599848029,,0.2,
GEO_GSE327581_COSMX_AD_BRAIN,1,marker_learned_neighborhood,4,1.5,0.6299077451190732,0.6108261704795539,,0.5,
GEO_GSE327581_COSMX_AD_BRAIN,1,marker_learned_neighborhood,2,1.5,0.6204677107916756,0.6082295101964662,,0.1,
GEO_GSE327581_COSMX_AD_BRAIN,1,marker_learned_neighborhood,1,1.5,0.6168204248015448,0.6041760067427068,,0.05,
GEO_GSE327581_COSMX_AD_BRAIN,1,marker_learned_neighborhood,0,1.5,0.6142458699849818,0.6021399897866266,,0.0,
GEO_GSE327581_COSMX_AD_BRAIN,1,marker_context_specific_neighborhood,1,1.5,0.6151040549238361,0.6021586720164325,,,0.05
GEO_GSE327581_COSMX_AD_BRAIN,1,marker_context_specific_neighborhood,0,1.5,0.6142458699849818,0.6021399897866266,,,0.0
GEO_GSE327581_COSMX_AD_BRAIN,1,marker_context_specific_neighborhood,2,1.5,0.6159622398626904,0.6021135396252926,,,0.1
GEO_GSE327581_COSMX_AD_BRAIN,1,marker_context_specific_neighborhood,4,1.5,0.6221840806693842,0.6003663469406366,,,0.5
GEO_GSE327581_COSMX_AD_BRAIN,1,marker_context_specific_neighborhood,3,1.5,0.6204677107916756,0.5961481097745667,,,0.2
GEO_GSE327581_COSMX_AD_BRAIN,1,marker_context_specific_neighborhood,5,1.5,0.6060931130658657,0.5832566202775056,,,1.0
GEO_GSE327581_COSMX_AD_BRAIN,1,learned_random_graph,0,1.5,0.6142458699849818,0.6021399897866266,,0.0,
GEO_GSE327581_COSMX_AD_BRAIN,1,learned_random_graph,3,1.5,0.611027676464278,0.6010438159671481,,0.2,
GEO_GSE327581_COSMX_AD_BRAIN,1,learned_random_graph,2,1.5,0.6116713151684188,0.6010202431904076,,0.1,
GEO_GSE327581_COSMX_AD_BRAIN,1,learned_random_graph,1,1.5,0.612100407637846,0.6008490578759436,,0.05,
GEO_GSE327581_COSMX_AD_BRAIN,1,learned_random_graph,4,1.5,0.5908603304012015,0.5719248911568382,,0.5,
GEO_GSE327581_COSMX_AD_BRAIN,1,learned_random_graph,5,1.5,0.5447328899377816,0.5270655810038737,,1.0,
GEO_GSE327581_COSMX_AD_BRAIN,1,learned_permuted_prior,0,1.5,0.6142458699849818,0.6021399897866266,,0.0,
GEO_GSE327581_COSMX_AD_BRAIN,1,learned_permuted_prior,3,1.5,0.6129585925767003,0.6017920533552862,,0.2,
GEO_GSE327581_COSMX_AD_BRAIN,1,learned_permuted_prior,2,1.5,0.6127440463419866,0.6004086497150168,,0.1,
GEO_GSE327581_COSMX_AD_BRAIN,1,learned_permuted_prior,1,1.5,0.6129585925767003,0.600300369886663,,0.05,
GEO_GSE327581_COSMX_AD_BRAIN,1,learned_permuted_prior,4,1.5,0.5951512550954731,0.571567038505271,,0.5,
GEO_GSE327581_COSMX_AD_BRAIN,1,learned_permuted_prior,5,1.5,0.5558892941428878,0.5293961405855361,,1.0,
GEO_GSE327581_COSMX_AD_BRAIN,2,marker_only,0,1.5,0.603027027027027,0.5839633157575206,,,
GEO_GSE327581_COSMX_AD_BRAIN,2,marker_spatial_smoothing,4,1.5,0.6092972972972973,0.5926067236447947,0.5,,
GEO_GSE327581_COSMX_AD_BRAIN,2,marker_spatial_smoothing,3,1.5,0.6082162162162162,0.5902509603547117,0.2,,
GEO_GSE327581_COSMX_AD_BRAIN,2,marker_spatial_smoothing,2,1.5,0.6049729729729729,0.586767821601269,0.1,,
GEO_GSE327581_COSMX_AD_BRAIN,2,marker_spatial_smoothing,1,1.5,0.6038918918918919,0.5853339040077856,0.05,,
GEO_GSE327581_COSMX_AD_BRAIN,2,marker_spatial_smoothing,0,1.5,0.603027027027027,0.5839633157575206,0.0,,
GEO_GSE327581_COSMX_AD_BRAIN,2,marker_spatial_smoothing,5,1.5,0.6006486486486486,0.5838193892705258,1.0,,
GEO_GSE327581_COSMX_AD_BRAIN,2,marker_spatial_smoothing_random_graph,4,1.5,0.6188108108108108,0.6034172844555162,0.5,,
GEO_GSE327581_COSMX_AD_BRAIN,2,marker_spatial_smoothing_random_graph,5,1.5,0.6121081081081081,0.5980391885569153,1.0,,
GEO_GSE327581_COSMX_AD_BRAIN,2,marker_spatial_smoothing_random_graph,3,1.5,0.611027027027027,0.593727913302612,0.2,,
GEO_GSE327581_COSMX_AD_BRAIN,2,marker_spatial_smoothing_random_graph,2,1.5,0.6073513513513513,0.5891208313197795,0.1,,
GEO_GSE327581_COSMX_AD_BRAIN,2,marker_spatial_smoothing_random_graph,1,1.5,0.6062702702702703,0.5877937990509385,0.05,,
GEO_GSE327581_COSMX_AD_BRAIN,2,marker_spatial_smoothing_random_graph,0,1.5,0.603027027027027,0.5839633157575206,0.0,,
GEO_GSE327581_COSMX_AD_BRAIN,2,marker_learned_neighborhood,4,1.5,0.6166486486486487,0.601312227822725,,0.5,
GEO_GSE327581_COSMX_AD_BRAIN,2,marker_learned_neighborhood,3,1.5,0.6164324324324324,0.5982208493643184,,0.2,
GEO_GSE327581_COSMX_AD_BRAIN,2,marker_learned_neighborhood,2,1.5,0.6088648648648649,0.5898650853153566,,0.1,
GEO_GSE327581_COSMX_AD_BRAIN,2,marker_learned_neighborhood,1,1.5,0.6084324324324324,0.5896104644938255,,0.05,
GEO_GSE327581_COSMX_AD_BRAIN,2,marker_learned_neighborhood,5,1.5,0.6025945945945946,0.5892985404473834,,1.0,
GEO_GSE327581_COSMX_AD_BRAIN,2,marker_learned_neighborhood,0,1.5,0.603027027027027,0.5839633157575206,,0.0,
GEO_GSE327581_COSMX_AD_BRAIN,2,marker_context_specific_neighborhood,4,1.5,0.6157837837837837,0.5961640716740453,,,0.5
GEO_GSE327581_COSMX_AD_BRAIN,2,marker_context_specific_neighborhood,3,1.5,0.6134054054054054,0.5943029750532427,,,0.2
GEO_GSE327581_COSMX_AD_BRAIN,2,marker_context_specific_neighborhood,2,1.5,0.609945945945946,0.5906953763737713,,,0.1
GEO_GSE327581_COSMX_AD_BRAIN,2,marker_context_specific_neighborhood,5,1.5,0.6073513513513513,0.5884719527278935,,,1.0
GEO_GSE327581_COSMX_AD_BRAIN,2,marker_context_specific_neighborhood,1,1.5,0.6064864864864865,0.5874254705258305,,,0.05
GEO_GSE327581_COSMX_AD_BRAIN,2,marker_context_specific_neighborhood,0,1.5,0.603027027027027,0.5839633157575206,,,0.0
GEO_GSE327581_COSMX_AD_BRAIN,2,learned_random_graph,3,1.5,0.6041081081081081,0.5869027585678286,,0.2,
GEO_GSE327581_COSMX_AD_BRAIN,2,learned_random_graph,1,1.5,0.6045405405405405,0.5863987976912657,,0.05,
GEO_GSE327581_COSMX_AD_BRAIN,2,learned_random_graph,2,1.5,0.6041081081081081,0.5858212088278744,,0.1,
GEO_GSE327581_COSMX_AD_BRAIN,2,learned_random_graph,0,1.5,0.603027027027027,0.5839633157575206,,0.0,
GEO_GSE327581_COSMX_AD_BRAIN,2,learned_random_graph,4,1.5,0.5842162162162162,0.5793347538736237,,0.5,
GEO_GSE327581_COSMX_AD_BRAIN,2,learned_random_graph,5,1.5,0.5347027027027027,0.5325220304037865,,1.0,
GEO_GSE327581_COSMX_AD_BRAIN,2,learned_permuted_prior,3,1.5,0.609945945945946,0.5956415934439538,,0.2,
GEO_GSE327581_COSMX_AD_BRAIN,2,learned_permuted_prior,2,1.5,0.6058378378378378,0.5895022149099415,,0.1,
GEO_GSE327581_COSMX_AD_BRAIN,2,learned_permuted_prior,1,1.5,0.6041081081081081,0.587252464880195,,0.05,
GEO_GSE327581_COSMX_AD_BRAIN,2,learned_permuted_prior,0,1.5,0.603027027027027,0.5839633157575206,,0.0,
GEO_GSE327581_COSMX_AD_BRAIN,2,learned_permuted_prior,4,1.5,0.5928648648648649,0.5797748998781815,,0.5,
GEO_GSE327581_COSMX_AD_BRAIN,2,learned_permuted_prior,5,1.5,0.5537297297297298,0.5428227854187605,,1.0,
GEO_GSE327581_COSMX_AD_BRAIN,3,marker_only,0,1.5,0.5698452530322041,0.5670700257546398,,,
GEO_GSE327581_COSMX_AD_BRAIN,3,marker_spatial_smoothing,3,1.5,0.5769552488498536,0.5747473283109922,0.2,,
GEO_GSE327581_COSMX_AD_BRAIN,3,marker_spatial_smoothing,2,1.5,0.5750731911334169,0.573122368518671,0.1,,
GEO_GSE327581_COSMX_AD_BRAIN,3,marker_spatial_smoothing,1,1.5,0.5744458385612714,0.5716967744083057,0.05,,
GEO_GSE327581_COSMX_AD_BRAIN,3,marker_spatial_smoothing,0,1.5,0.5698452530322041,0.5670700257546398,0.0,,
GEO_GSE327581_COSMX_AD_BRAIN,3,marker_spatial_smoothing,4,1.5,0.575491426181514,0.563058859388071,0.5,,
GEO_GSE327581_COSMX_AD_BRAIN,3,marker_spatial_smoothing,5,1.5,0.5692179004600586,0.5553208943394513,1.0,,
GEO_GSE327581_COSMX_AD_BRAIN,3,marker_spatial_smoothing_random_graph,3,1.5,0.5782099539941447,0.5756576765949255,0.2,,
GEO_GSE327581_COSMX_AD_BRAIN,3,marker_spatial_smoothing_random_graph,2,1.5,0.5750731911334169,0.5734940405853555,0.1,,
GEO_GSE327581_COSMX_AD_BRAIN,3,marker_spatial_smoothing_random_graph,1,1.5,0.5746549560853199,0.5722129775433668,0.05,,
GEO_GSE327581_COSMX_AD_BRAIN,3,marker_spatial_smoothing_random_graph,0,1.5,0.5698452530322041,0.5670700257546398,0.0,,
GEO_GSE327581_COSMX_AD_BRAIN,3,marker_spatial_smoothing_random_graph,4,1.5,0.5742367210372229,0.5601681586517719,0.5,,
GEO_GSE327581_COSMX_AD_BRAIN,3,marker_spatial_smoothing_random_graph,5,1.5,0.5648264324550397,0.5511576623232467,1.0,,
GEO_GSE327581_COSMX_AD_BRAIN,3,marker_learned_neighborhood,4,1.5,0.5857381848598913,0.5842735176317115,,0.5,
GEO_GSE327581_COSMX_AD_BRAIN,3,marker_learned_neighborhood,3,1.5,0.5853199498117942,0.5830713423973402,,0.2,
GEO_GSE327581_COSMX_AD_BRAIN,3,marker_learned_neighborhood,2,1.5,0.5811375993308239,0.5787175415961161,,0.1,
GEO_GSE327581_COSMX_AD_BRAIN,3,marker_learned_neighborhood,5,1.5,0.575491426181514,0.5762624794737276,,1.0,
GEO_GSE327581_COSMX_AD_BRAIN,3,marker_learned_neighborhood,1,1.5,0.5777917189460476,0.5753602132153502,,0.05,
GEO_GSE327581_COSMX_AD_BRAIN,3,marker_learned_neighborhood,0,1.5,0.5698452530322041,0.5670700257546398,,0.0,
GEO_GSE327581_COSMX_AD_BRAIN,3,marker_context_specific_neighborhood,2,1.5,0.5780008364700961,0.5747904469255836,,,0.1
GEO_GSE327581_COSMX_AD_BRAIN,3,marker_context_specific_neighborhood,3,1.5,0.5786281890422418,0.5746308416052506,,,0.2
GEO_GSE327581_COSMX_AD_BRAIN,3,marker_context_specific_neighborhood,1,1.5,0.5759096612296111,0.5730862054329795,,,0.05
GEO_GSE327581_COSMX_AD_BRAIN,3,marker_context_specific_neighborhood,4,1.5,0.5763278962777081,0.5727493669956496,,,0.5
GEO_GSE327581_COSMX_AD_BRAIN,3,marker_context_specific_neighborhood,0,1.5,0.5698452530322041,0.5670700257546398,,,0.0
GEO_GSE327581_COSMX_AD_BRAIN,3,marker_context_specific_neighborhood,5,1.5,0.5562526139690506,0.5435808147417701,,,1.0
GEO_GSE327581_COSMX_AD_BRAIN,3,learned_random_graph,1,1.5,0.5734002509410289,0.5711022621673418,,0.05,
GEO_GSE327581_COSMX_AD_BRAIN,3,learned_random_graph,2,1.5,0.5715181932245922,0.568942883447593,,0.1,
GEO_GSE327581_COSMX_AD_BRAIN,3,learned_random_graph,0,1.5,0.5698452530322041,0.5670700257546398,,0.0,
GEO_GSE327581_COSMX_AD_BRAIN,3,learned_random_graph,3,1.5,0.5683814303638645,0.5660274107393077,,0.2,
GEO_GSE327581_COSMX_AD_BRAIN,3,learned_random_graph,4,1.5,0.554788791300711,0.549994608330781,,0.5,
GEO_GSE327581_COSMX_AD_BRAIN,3,learned_random_graph,5,1.5,0.5117105813467169,0.49723814618065765,,1.0,
GEO_GSE327581_COSMX_AD_BRAIN,3,learned_permuted_prior,1,1.5,0.5729820158929319,0.5702443786016418,,0.05,
GEO_GSE327581_COSMX_AD_BRAIN,3,learned_permuted_prior,2,1.5,0.5725637808448348,0.5696239097743577,,0.1,
GEO_GSE327581_COSMX_AD_BRAIN,3,learned_permuted_prior,0,1.5,0.5698452530322041,0.5670700257546398,,0.0,
GEO_GSE327581_COSMX_AD_BRAIN,3,learned_permuted_prior,3,1.5,0.5708908406524467,0.5578908554817743,,0.2,
GEO_GSE327581_COSMX_AD_BRAIN,3,learned_permuted_prior,4,1.5,0.5524884985361773,0.5392035500090053,,0.5,
GEO_GSE327581_COSMX_AD_BRAIN,3,learned_permuted_prior,5,1.5,0.520702634880803,0.5053071062735531,,1.0,
GEO_GSE327581_COSMX_AD_BRAIN,4,marker_only,0,1.5,0.5580801633903497,0.5533523962068109,,,
GEO_GSE327581_COSMX_AD_BRAIN,4,marker_spatial_smoothing,4,1.5,0.5606331376053102,0.558286939123258,0.5,,
GEO_GSE327581_COSMX_AD_BRAIN,4,marker_spatial_smoothing,3,1.5,0.559611947919326,0.5560995427108381,0.2,,
GEO_GSE327581_COSMX_AD_BRAIN,4,marker_spatial_smoothing,1,1.5,0.55935665049783,0.5542658834193778,0.05,,
GEO_GSE327581_COSMX_AD_BRAIN,4,marker_spatial_smoothing,2,1.5,0.55935665049783,0.5539207074663236,0.1,,
GEO_GSE327581_COSMX_AD_BRAIN,4,marker_spatial_smoothing,0,1.5,0.5580801633903497,0.5533523962068109,0.0,,
GEO_GSE327581_COSMX_AD_BRAIN,4,marker_spatial_smoothing,5,1.5,0.5499106459024764,0.547395396487492,1.0,,
GEO_GSE327581_COSMX_AD_BRAIN,4,marker_spatial_smoothing_random_graph,4,1.5,0.5591013530763339,0.5696224246223655,0.5,,
GEO_GSE327581_COSMX_AD_BRAIN,4,marker_spatial_smoothing_random_graph,5,1.5,0.5494000510594843,0.5621305753498045,1.0,,
GEO_GSE327581_COSMX_AD_BRAIN,4,marker_spatial_smoothing_random_graph,3,1.5,0.5608884350268062,0.5591096654764455,0.2,,
GEO_GSE327581_COSMX_AD_BRAIN,4,marker_spatial_smoothing_random_graph,2,1.5,0.5608884350268062,0.5562632662489273,0.1,,
GEO_GSE327581_COSMX_AD_BRAIN,4,marker_spatial_smoothing_random_graph,1,1.5,0.55935665049783,0.5543598807034874,0.05,,
GEO_GSE327581_COSMX_AD_BRAIN,4,marker_spatial_smoothing_random_graph,0,1.5,0.5580801633903497,0.5533523962068109,0.0,,
GEO_GSE327581_COSMX_AD_BRAIN,4,marker_learned_neighborhood,4,1.5,0.5705897370436559,0.5686817921708786,,0.5,
GEO_GSE327581_COSMX_AD_BRAIN,4,marker_learned_neighborhood,3,1.5,0.5700791422006638,0.5676999282992139,,0.2,
GEO_GSE327581_COSMX_AD_BRAIN,4,marker_learned_neighborhood,2,1.5,0.5670155731427112,0.5638133828846413,,0.1,
GEO_GSE327581_COSMX_AD_BRAIN,4,marker_learned_neighborhood,1,1.5,0.5639520040847588,0.559308388871289,,0.05,
GEO_GSE327581_COSMX_AD_BRAIN,4,marker_learned_neighborhood,5,1.5,0.5636967066632627,0.5539073175233323,,1.0,
GEO_GSE327581_COSMX_AD_BRAIN,4,marker_learned_neighborhood,0,1.5,0.5580801633903497,0.5533523962068109,,0.0,
GEO_GSE327581_COSMX_AD_BRAIN,4,marker_context_specific_neighborhood,4,1.5,0.571355629308144,0.5692183024931192,,,0.5
GEO_GSE327581_COSMX_AD_BRAIN,4,marker_context_specific_neighborhood,3,1.5,0.5675261679857033,0.5634405182644914,,,0.2
GEO_GSE327581_COSMX_AD_BRAIN,4,marker_context_specific_neighborhood,2,1.5,0.565483788613735,0.5612739568556757,,,0.1
GEO_GSE327581_COSMX_AD_BRAIN,4,marker_context_specific_neighborhood,1,1.5,0.5626755169772786,0.5574486508979204,,,0.05
GEO_GSE327581_COSMX_AD_BRAIN,4,marker_context_specific_neighborhood,0,1.5,0.5580801633903497,0.5533523962068109,,,0.0
GEO_GSE327581_COSMX_AD_BRAIN,4,marker_context_specific_neighborhood,5,1.5,0.5621649221342865,0.5515414538409862,,,1.0
GEO_GSE327581_COSMX_AD_BRAIN,4,learned_random_graph,2,1.5,0.5601225427623181,0.5563685341930026,,0.1,
GEO_GSE327581_COSMX_AD_BRAIN,4,learned_random_graph,1,1.5,0.5598672453408221,0.5551923371023592,,0.05,
GEO_GSE327581_COSMX_AD_BRAIN,4,learned_random_graph,0,1.5,0.5580801633903497,0.5533523962068109,,0.0,
GEO_GSE327581_COSMX_AD_BRAIN,4,learned_random_graph,3,1.5,0.5565483788613735,0.5528365756606487,,0.2,
GEO_GSE327581_COSMX_AD_BRAIN,4,learned_random_graph,4,1.5,0.5363798825631861,0.532427059018323,,0.5,
GEO_GSE327581_COSMX_AD_BRAIN,4,learned_random_graph,5,1.5,0.4973193770742915,0.49240417882652315,,1.0,
GEO_GSE327581_COSMX_AD_BRAIN,4,learned_permuted_prior,0,1.5,0.5580801633903497,0.5533523962068109,,0.0,
GEO_GSE327581_COSMX_AD_BRAIN,4,learned_permuted_prior,2,1.5,0.5570589737043656,0.5512304647678108,,0.1,
GEO_GSE327581_COSMX_AD_BRAIN,4,learned_permuted_prior,1,1.5,0.5557824865968853,0.5506850188637598,,0.05,
GEO_GSE327581_COSMX_AD_BRAIN,4,learned_permuted_prior,3,1.5,0.5509318355884606,0.5451409136702313,,0.2,
GEO_GSE327581_COSMX_AD_BRAIN,4,learned_permuted_prior,4,1.5,0.5305080418687771,0.5330480038399902,,0.5,
GEO_GSE327581_COSMX_AD_BRAIN,4,learned_permuted_prior,5,1.5,0.4988511616032678,0.49796204498269403,,1.0,
GEO_GSE327581_COSMX_AD_BRAIN,5,marker_only,0,1.5,0.5865504358655044,0.5916438173864519,,,
GEO_GSE327581_COSMX_AD_BRAIN,5,marker_spatial_smoothing,1,1.5,0.5887920298879203,0.5940142884209992,0.05,,
GEO_GSE327581_COSMX_AD_BRAIN,5,marker_spatial_smoothing,0,1.5,0.5865504358655044,0.5916438173864519,0.0,,
GEO_GSE327581_COSMX_AD_BRAIN,5,marker_spatial_smoothing,3,1.5,0.5920298879202989,0.5858026805237534,0.2,,
GEO_GSE327581_COSMX_AD_BRAIN,5,marker_spatial_smoothing,2,1.5,0.5887920298879203,0.5823883901182967,0.1,,
GEO_GSE327581_COSMX_AD_BRAIN,5,marker_spatial_smoothing,4,1.5,0.5895392278953923,0.5820838405021633,0.5,,
GEO_GSE327581_COSMX_AD_BRAIN,5,marker_spatial_smoothing,5,1.5,0.5818181818181818,0.5702178055271864,1.0,,
GEO_GSE327581_COSMX_AD_BRAIN,5,marker_spatial_smoothing_random_graph,1,1.5,0.5897882938978829,0.5950683166796431,0.05,,
GEO_GSE327581_COSMX_AD_BRAIN,5,marker_spatial_smoothing_random_graph,0,1.5,0.5865504358655044,0.5916438173864519,0.0,,
GEO_GSE327581_COSMX_AD_BRAIN,5,marker_spatial_smoothing_random_graph,3,1.5,0.5935242839352428,0.587855122054716,0.2,,
GEO_GSE327581_COSMX_AD_BRAIN,5,marker_spatial_smoothing_random_graph,4,1.5,0.5930261519302615,0.5851013527206195,0.5,,
GEO_GSE327581_COSMX_AD_BRAIN,5,marker_spatial_smoothing_random_graph,2,1.5,0.5902864259028643,0.5847747856952329,0.1,,
GEO_GSE327581_COSMX_AD_BRAIN,5,marker_spatial_smoothing_random_graph,5,1.5,0.5835616438356165,0.5775411700236478,1.0,,
GEO_GSE327581_COSMX_AD_BRAIN,5,marker_learned_neighborhood,3,1.5,0.6,0.6044038035984508,,0.2,
GEO_GSE327581_COSMX_AD_BRAIN,5,marker_learned_neighborhood,4,1.5,0.5972602739726027,0.6025587772909253,,0.5,
GEO_GSE327581_COSMX_AD_BRAIN,5,marker_learned_neighborhood,2,1.5,0.5935242839352428,0.5975075643128006,,0.1,
GEO_GSE327581_COSMX_AD_BRAIN,5,marker_learned_neighborhood,1,1.5,0.5920298879202989,0.5966768214007092,,0.05,
GEO_GSE327581_COSMX_AD_BRAIN,5,marker_learned_neighborhood,0,1.5,0.5865504358655044,0.5916438173864519,,0.0,
GEO_GSE327581_COSMX_AD_BRAIN,5,marker_learned_neighborhood,5,1.5,0.5810709838107099,0.5847795293432643,,1.0,
GEO_GSE327581_COSMX_AD_BRAIN,5,marker_context_specific_neighborhood,3,1.5,0.6002490660024906,0.6034182203817663,,,0.2
GEO_GSE327581_COSMX_AD_BRAIN,5,marker_context_specific_neighborhood,2,1.5,0.5960149439601494,0.5991460516763497,,,0.1
GEO_GSE327581_COSMX_AD_BRAIN,5,marker_context_specific_neighborhood,1,1.5,0.5917808219178082,0.5962481850119296,,,0.05
GEO_GSE327581_COSMX_AD_BRAIN,5,marker_context_specific_neighborhood,0,1.5,0.5865504358655044,0.5916438173864519,,,0.0
GEO_GSE327581_COSMX_AD_BRAIN,5,marker_context_specific_neighborhood,4,1.5,0.600747198007472,0.5913933716715238,,,0.5
GEO_GSE327581_COSMX_AD_BRAIN,5,marker_context_specific_neighborhood,5,1.5,0.5818181818181818,0.5698320684232714,,,1.0
GEO_GSE327581_COSMX_AD_BRAIN,5,learned_random_graph,0,1.5,0.5865504358655044,0.5916438173864519,,0.0,
GEO_GSE327581_COSMX_AD_BRAIN,5,learned_random_graph,2,1.5,0.5865504358655044,0.591566936565782,,0.1,
GEO_GSE327581_COSMX_AD_BRAIN,5,learned_random_graph,1,1.5,0.5863013698630137,0.5913541847657822,,0.05,
GEO_GSE327581_COSMX_AD_BRAIN,5,learned_random_graph,3,1.5,0.5820672478206724,0.5870778881951412,,0.2,
GEO_GSE327581_COSMX_AD_BRAIN,5,learned_random_graph,4,1.5,0.5666251556662516,0.5710139316463475,,0.5,
GEO_GSE327581_COSMX_AD_BRAIN,5,learned_random_graph,5,1.5,0.5195516811955168,0.5189717329343,,1.0,
GEO_GSE327581_COSMX_AD_BRAIN,5,learned_permuted_prior,1,1.5,0.5872976338729763,0.5917160891639872,,0.05,
GEO_GSE327581_COSMX_AD_BRAIN,5,learned_permuted_prior,0,1.5,0.5865504358655044,0.5916438173864519,,0.0,
GEO_GSE327581_COSMX_AD_BRAIN,5,learned_permuted_prior,2,1.5,0.5860523038605231,0.5788689431726474,,0.1,
GEO_GSE327581_COSMX_AD_BRAIN,5,learned_permuted_prior,3,1.5,0.5788293897882939,0.5695981694394581,,0.2,
GEO_GSE327581_COSMX_AD_BRAIN,5,learned_permuted_prior,4,1.5,0.564134495641345,0.5521433203091854,,0.5,
GEO_GSE327581_COSMX_AD_BRAIN,5,learned_permuted_prior,5,1.5,0.5190535491905355,0.5012173166394751,,1.0,
GEO_GSE333737_MERSCOPE_PANCREAS_VASCULAR,1,marker_only,0,1.5,0.7762711864406779,0.7737347057654903,,,
GEO_GSE333737_MERSCOPE_PANCREAS_VASCULAR,1,marker_spatial_smoothing,4,1.5,0.7815980629539951,0.7793931822921146,0.5,,
GEO_GSE333737_MERSCOPE_PANCREAS_VASCULAR,1,marker_spatial_smoothing,3,1.5,0.7791767554479418,0.7769514821905902,0.2,,
GEO_GSE333737_MERSCOPE_PANCREAS_VASCULAR,1,marker_spatial_smoothing,2,1.5,0.7782082324455206,0.7758144635576933,0.1,,
GEO_GSE333737_MERSCOPE_PANCREAS_VASCULAR,1,marker_spatial_smoothing,5,1.5,0.7777239709443099,0.7757082222426717,1.0,,
GEO_GSE333737_MERSCOPE_PANCREAS_VASCULAR,1,marker_spatial_smoothing,1,1.5,0.7767554479418887,0.7742682092987708,0.05,,
GEO_GSE333737_MERSCOPE_PANCREAS_VASCULAR,1,marker_spatial_smoothing,0,1.5,0.7762711864406779,0.7737347057654903,0.0,,
GEO_GSE333737_MERSCOPE_PANCREAS_VASCULAR,1,marker_spatial_smoothing_random_graph,4,1.5,0.7854721549636804,0.7837282228806943,0.5,,
GEO_GSE333737_MERSCOPE_PANCREAS_VASCULAR,1,marker_spatial_smoothing_random_graph,3,1.5,0.7820823244552058,0.7799054889706751,0.2,,
GEO_GSE333737_MERSCOPE_PANCREAS_VASCULAR,1,marker_spatial_smoothing_random_graph,5,1.5,0.7791767554479418,0.7777545397175336,1.0,,
GEO_GSE333737_MERSCOPE_PANCREAS_VASCULAR,1,marker_spatial_smoothing_random_graph,2,1.5,0.7782082324455206,0.7758225734299695,0.1,,
GEO_GSE333737_MERSCOPE_PANCREAS_VASCULAR,1,marker_spatial_smoothing_random_graph,1,1.5,0.7777239709443099,0.7752453801883613,0.05,,
GEO_GSE333737_MERSCOPE_PANCREAS_VASCULAR,1,marker_spatial_smoothing_random_graph,0,1.5,0.7762711864406779,0.7737347057654903,0.0,,
GEO_GSE333737_MERSCOPE_PANCREAS_VASCULAR,1,marker_learned_neighborhood,2,1.5,0.7767554479418887,0.7742609486754046,,0.1,
GEO_GSE333737_MERSCOPE_PANCREAS_VASCULAR,1,marker_learned_neighborhood,0,1.5,0.7762711864406779,0.7737347057654903,,0.0,
GEO_GSE333737_MERSCOPE_PANCREAS_VASCULAR,1,marker_learned_neighborhood,1,1.5,0.773365617433414,0.7707155522876047,,0.05,
GEO_GSE333737_MERSCOPE_PANCREAS_VASCULAR,1,marker_learned_neighborhood,3,1.5,0.7694915254237288,0.7666804411756347,,0.2,
GEO_GSE333737_MERSCOPE_PANCREAS_VASCULAR,1,marker_learned_neighborhood,4,1.5,0.735593220338983,0.7324723196032016,,0.5,
GEO_GSE333737_MERSCOPE_PANCREAS_VASCULAR,1,marker_learned_neighborhood,5,1.5,0.6624697336561743,0.6583163835085332,,1.0,
GEO_GSE333737_MERSCOPE_PANCREAS_VASCULAR,1,marker_context_specific_neighborhood,0,1.5,0.7762711864406779,0.7737347057654903,,,0.0
GEO_GSE333737_MERSCOPE_PANCREAS_VASCULAR,1,marker_context_specific_neighborhood,2,1.5,0.7753026634382567,0.7726380679778431,,,0.1
GEO_GSE333737_MERSCOPE_PANCREAS_VASCULAR,1,marker_context_specific_neighborhood,1,1.5,0.7723970944309927,0.7698356905636528,,,0.05
GEO_GSE333737_MERSCOPE_PANCREAS_VASCULAR,1,marker_context_specific_neighborhood,3,1.5,0.7690072639225182,0.7660377603491905,,,0.2
GEO_GSE333737_MERSCOPE_PANCREAS_VASCULAR,1,marker_context_specific_neighborhood,4,1.5,0.7336561743341404,0.7309720551137305,,,0.5
GEO_GSE333737_MERSCOPE_PANCREAS_VASCULAR,1,marker_context_specific_neighborhood,5,1.5,0.6513317191283293,0.6488194908695025,,,1.0
GEO_GSE333737_MERSCOPE_PANCREAS_VASCULAR,1,learned_random_graph,0,1.5,0.7762711864406779,0.7737347057654903,,0.0,
GEO_GSE333737_MERSCOPE_PANCREAS_VASCULAR,1,learned_random_graph,1,1.5,0.7757869249394673,0.7733983688918434,,0.05,
GEO_GSE333737_MERSCOPE_PANCREAS_VASCULAR,1,learned_random_graph,2,1.5,0.773365617433414,0.7709004800010755,,0.1,
GEO_GSE333737_MERSCOPE_PANCREAS_VASCULAR,1,learned_random_graph,3,1.5,0.7641646489104116,0.7620578716895695,,0.2,
GEO_GSE333737_MERSCOPE_PANCREAS_VASCULAR,1,learned_random_graph,4,1.5,0.723002421307506,0.7205317474775591,,0.5,
GEO_GSE333737_MERSCOPE_PANCREAS_VASCULAR,1,learned_random_graph,5,1.5,0.6508474576271186,0.64847513704013,,1.0,
GEO_GSE333737_MERSCOPE_PANCREAS_VASCULAR,1,learned_permuted_prior,0,1.5,0.7762711864406779,0.7737347057654903,,0.0,
GEO_GSE333737_MERSCOPE_PANCREAS_VASCULAR,1,learned_permuted_prior,1,1.5,0.7757869249394673,0.7733768120602482,,0.05,
GEO_GSE333737_MERSCOPE_PANCREAS_VASCULAR,1,learned_permuted_prior,2,1.5,0.773365617433414,0.7707379531835985,,0.1,
GEO_GSE333737_MERSCOPE_PANCREAS_VASCULAR,1,learned_permuted_prior,3,1.5,0.7680387409200968,0.7650027824049122,,0.2,
GEO_GSE333737_MERSCOPE_PANCREAS_VASCULAR,1,learned_permuted_prior,4,1.5,0.735593220338983,0.7316253142137324,,0.5,
GEO_GSE333737_MERSCOPE_PANCREAS_VASCULAR,1,learned_permuted_prior,5,1.5,0.6658595641646489,0.6614009505411563,,1.0,
GEO_GSE333737_MERSCOPE_PANCREAS_VASCULAR,2,marker_only,0,1.5,0.7976373908577299,0.7962608941083044,,,
GEO_GSE333737_MERSCOPE_PANCREAS_VASCULAR,2,marker_spatial_smoothing,3,1.5,0.8017462763225475,0.8004420689473639,0.2,,
GEO_GSE333737_MERSCOPE_PANCREAS_VASCULAR,2,marker_spatial_smoothing,4,1.5,0.8012326656394453,0.7998485152917103,0.5,,
GEO_GSE333737_MERSCOPE_PANCREAS_VASCULAR,2,marker_spatial_smoothing,2,1.5,0.7996918335901386,0.7983818581862423,0.1,,
GEO_GSE333737_MERSCOPE_PANCREAS_VASCULAR,2,marker_spatial_smoothing,5,1.5,0.7996918335901386,0.798343265389342,1.0,,
GEO_GSE333737_MERSCOPE_PANCREAS_VASCULAR,2,marker_spatial_smoothing,1,1.5,0.7981510015408321,0.7967913425470773,0.05,,
GEO_GSE333737_MERSCOPE_PANCREAS_VASCULAR,2,marker_spatial_smoothing,0,1.5,0.7976373908577299,0.7962608941083044,0.0,,
GEO_GSE333737_MERSCOPE_PANCREAS_VASCULAR,2,marker_spatial_smoothing_random_graph,3,1.5,0.7981510015408321,0.7967324359667045,0.2,,
GEO_GSE333737_MERSCOPE_PANCREAS_VASCULAR,2,marker_spatial_smoothing_random_graph,0,1.5,0.7976373908577299,0.7962608941083044,0.0,,
GEO_GSE333737_MERSCOPE_PANCREAS_VASCULAR,2,marker_spatial_smoothing_random_graph,2,1.5,0.7976373908577299,0.7962035253028925,0.1,,
GEO_GSE333737_MERSCOPE_PANCREAS_VASCULAR,2,marker_spatial_smoothing_random_graph,5,1.5,0.7966101694915254,0.7953098236568424,1.0,,
GEO_GSE333737_MERSCOPE_PANCREAS_VASCULAR,2,marker_spatial_smoothing_random_graph,1,1.5,0.7966101694915254,0.7951946480329581,0.05,,
GEO_GSE333737_MERSCOPE_PANCREAS_VASCULAR,2,marker_spatial_smoothing_random_graph,4,1.5,0.7960965588084232,0.7946136299356958,0.5,,
GEO_GSE333737_MERSCOPE_PANCREAS_VASCULAR,2,marker_learned_neighborhood,2,1.5,0.8012326656394453,0.7998339666665244,,0.1,
GEO_GSE333737_MERSCOPE_PANCREAS_VASCULAR,2,marker_learned_neighborhood,1,1.5,0.7991782229070364,0.797716258091627,,0.05,
GEO_GSE333737_MERSCOPE_PANCREAS_VASCULAR,2,marker_learned_neighborhood,3,1.5,0.7986646122239343,0.7970233937564308,,0.2,
GEO_GSE333737_MERSCOPE_PANCREAS_VASCULAR,2,marker_learned_neighborhood,0,1.5,0.7976373908577299,0.7962608941083044,,0.0,
GEO_GSE333737_MERSCOPE_PANCREAS_VASCULAR,2,marker_learned_neighborhood,4,1.5,0.7652799178222907,0.7628681528394486,,0.5,
GEO_GSE333737_MERSCOPE_PANCREAS_VASCULAR,2,marker_learned_neighborhood,5,1.5,0.6866974833076528,0.6834392574763284,,1.0,
GEO_GSE333737_MERSCOPE_PANCREAS_VASCULAR,2,marker_context_specific_neighborhood,2,1.5,0.7996918335901386,0.7981578763994778,,,0.1
GEO_GSE333737_MERSCOPE_PANCREAS_VASCULAR,2,marker_context_specific_neighborhood,1,1.5,0.7981510015408321,0.7966509392688834,,,0.05
GEO_GSE333737_MERSCOPE_PANCREAS_VASCULAR,2,marker_context_specific_neighborhood,0,1.5,0.7976373908577299,0.7962608941083044,,,0.0
GEO_GSE333737_MERSCOPE_PANCREAS_VASCULAR,2,marker_context_specific_neighborhood,3,1.5,0.7966101694915254,0.7947812555009437,,,0.2
GEO_GSE333737_MERSCOPE_PANCREAS_VASCULAR,2,marker_context_specific_neighborhood,4,1.5,0.7555213148433487,0.7532318032893672,,,0.5
GEO_GSE333737_MERSCOPE_PANCREAS_VASCULAR,2,marker_context_specific_neighborhood,5,1.5,0.6877247046738573,0.6852050872973622,,,1.0
GEO_GSE333737_MERSCOPE_PANCREAS_VASCULAR,2,learned_random_graph,1,1.5,0.8002054442732409,0.7988447904534673,,0.05,
GEO_GSE333737_MERSCOPE_PANCREAS_VASCULAR,2,learned_random_graph,2,1.5,0.7991782229070364,0.7977654744925402,,0.1,
GEO_GSE333737_MERSCOPE_PANCREAS_VASCULAR,2,learned_random_graph,0,1.5,0.7976373908577299,0.7962608941083044,,0.0,
GEO_GSE333737_MERSCOPE_PANCREAS_VASCULAR,2,learned_random_graph,3,1.5,0.7925012840267077,0.7908209796219463,,0.2,
GEO_GSE333737_MERSCOPE_PANCREAS_VASCULAR,2,learned_random_graph,4,1.5,0.7534668721109399,0.7511456940098951,,0.5,
GEO_GSE333737_MERSCOPE_PANCREAS_VASCULAR,2,learned_random_graph,5,1.5,0.6682074987159733,0.6651001625866173,,1.0,
GEO_GSE333737_MERSCOPE_PANCREAS_VASCULAR,2,learned_permuted_prior,2,1.5,0.8012326656394453,0.7998339666665244,,0.1,
GEO_GSE333737_MERSCOPE_PANCREAS_VASCULAR,2,learned_permuted_prior,1,1.5,0.7991782229070364,0.797716258091627,,0.05,
GEO_GSE333737_MERSCOPE_PANCREAS_VASCULAR,2,learned_permuted_prior,3,1.5,0.7986646122239343,0.7970233937564308,,0.2,
GEO_GSE333737_MERSCOPE_PANCREAS_VASCULAR,2,learned_permuted_prior,0,1.5,0.7976373908577299,0.7962608941083044,,0.0,
GEO_GSE333737_MERSCOPE_PANCREAS_VASCULAR,2,learned_permuted_prior,4,1.5,0.7652799178222907,0.7628681528394486,,0.5,
GEO_GSE333737_MERSCOPE_PANCREAS_VASCULAR,2,learned_permuted_prior,5,1.5,0.6866974833076528,0.6834392574763284,,1.0,
GEO_GSE333737_MERSCOPE_PANCREAS_VASCULAR,3,marker_only,0,1.5,0.7856121962839447,0.7835238288461095,,,
GEO_GSE333737_MERSCOPE_PANCREAS_VASCULAR,3,marker_spatial_smoothing,2,1.5,0.7908527870414483,0.7888839554209612,0.1,,
GEO_GSE333737_MERSCOPE_PANCREAS_VASCULAR,3,marker_spatial_smoothing,3,1.5,0.7898999523582658,0.7879727057610229,0.2,,
GEO_GSE333737_MERSCOPE_PANCREAS_VASCULAR,3,marker_spatial_smoothing,1,1.5,0.7894235350166746,0.7874424644082478,0.05,,
GEO_GSE333737_MERSCOPE_PANCREAS_VASCULAR,3,marker_spatial_smoothing,4,1.5,0.7865650309671272,0.7847880638542968,0.5,,
GEO_GSE333737_MERSCOPE_PANCREAS_VASCULAR,3,marker_spatial_smoothing,5,1.5,0.786088613625536,0.7846202448461671,1.0,,
GEO_GSE333737_MERSCOPE_PANCREAS_VASCULAR,3,marker_spatial_smoothing,0,1.5,0.7856121962839447,0.7835238288461095,0.0,,
GEO_GSE333737_MERSCOPE_PANCREAS_VASCULAR,3,marker_spatial_smoothing_random_graph,5,1.5,0.7898999523582658,0.7885019033792033,1.0,,
GEO_GSE333737_MERSCOPE_PANCREAS_VASCULAR,3,marker_spatial_smoothing_random_graph,4,1.5,0.7894235350166746,0.7877243290729485,0.5,,
GEO_GSE333737_MERSCOPE_PANCREAS_VASCULAR,3,marker_spatial_smoothing_random_graph,3,1.5,0.7889471176750834,0.7869780503337045,0.2,,
GEO_GSE333737_MERSCOPE_PANCREAS_VASCULAR,3,marker_spatial_smoothing_random_graph,2,1.5,0.7875178656503097,0.7854959322778058,0.1,,
GEO_GSE333737_MERSCOPE_PANCREAS_VASCULAR,3,marker_spatial_smoothing_random_graph,1,1.5,0.7865650309671272,0.7845531813865148,0.05,,
GEO_GSE333737_MERSCOPE_PANCREAS_VASCULAR,3,marker_spatial_smoothing_random_graph,0,1.5,0.7856121962839447,0.7835238288461095,0.0,,
GEO_GSE333737_MERSCOPE_PANCREAS_VASCULAR,3,marker_learned_neighborhood,2,1.5,0.7875178656503097,0.7854968455433465,,0.1,
GEO_GSE333737_MERSCOPE_PANCREAS_VASCULAR,3,marker_learned_neighborhood,1,1.5,0.786088613625536,0.7839509270349391,,0.05,
GEO_GSE333737_MERSCOPE_PANCREAS_VASCULAR,3,marker_learned_neighborhood,0,1.5,0.7856121962839447,0.7835238288461095,,0.0,
GEO_GSE333737_MERSCOPE_PANCREAS_VASCULAR,3,marker_learned_neighborhood,3,1.5,0.777989518818485,0.7757591280477244,,0.2,
GEO_GSE333737_MERSCOPE_PANCREAS_VASCULAR,3,marker_learned_neighborhood,4,1.5,0.7494044783230109,0.7462861940827092,,0.5,
GEO_GSE333737_MERSCOPE_PANCREAS_VASCULAR,3,marker_learned_neighborhood,5,1.5,0.6869938065745593,0.6833843848047272,,1.0,
GEO_GSE333737_MERSCOPE_PANCREAS_VASCULAR,3,marker_context_specific_neighborhood,0,1.5,0.7856121962839447,0.7835238288461095,,,0.0
GEO_GSE333737_MERSCOPE_PANCREAS_VASCULAR,3,marker_context_specific_neighborhood,1,1.5,0.7856121962839447,0.7834968999522542,,,0.05
GEO_GSE333737_MERSCOPE_PANCREAS_VASCULAR,3,marker_context_specific_neighborhood,2,1.5,0.7822772748928061,0.7800028873847619,,,0.1
GEO_GSE333737_MERSCOPE_PANCREAS_VASCULAR,3,marker_context_specific_neighborhood,3,1.5,0.7751310147689376,0.7726932884023179,,,0.2
GEO_GSE333737_MERSCOPE_PANCREAS_VASCULAR,3,marker_context_specific_neighborhood,4,1.5,0.7408289661743688,0.7377491519045827,,,0.5
GEO_GSE333737_MERSCOPE_PANCREAS_VASCULAR,3,marker_context_specific_neighborhood,5,1.5,0.6898523106241067,0.6863568504244035,,,1.0
GEO_GSE333737_MERSCOPE_PANCREAS_VASCULAR,3,learned_random_graph,1,1.5,0.786088613625536,0.784057308710765,,0.05,
GEO_GSE333737_MERSCOPE_PANCREAS_VASCULAR,3,learned_random_graph,0,1.5,0.7856121962839447,0.7835238288461095,,0.0,
GEO_GSE333737_MERSCOPE_PANCREAS_VASCULAR,3,learned_random_graph,2,1.5,0.7846593616007622,0.7825633702895393,,0.1,
GEO_GSE333737_MERSCOPE_PANCREAS_VASCULAR,3,learned_random_graph,3,1.5,0.7784659361600762,0.7764130179343505,,0.2,
GEO_GSE333737_MERSCOPE_PANCREAS_VASCULAR,3,learned_random_graph,4,1.5,0.7284421152929966,0.7251685557217633,,0.5,
GEO_GSE333737_MERSCOPE_PANCREAS_VASCULAR,3,learned_random_graph,5,1.5,0.6503096712720343,0.6474662138946987,,1.0,
GEO_GSE333737_MERSCOPE_PANCREAS_VASCULAR,3,learned_permuted_prior,2,1.5,0.7875178656503097,0.7854968455433465,,0.1,
GEO_GSE333737_MERSCOPE_PANCREAS_VASCULAR,3,learned_permuted_prior,1,1.5,0.786088613625536,0.7839509270349391,,0.05,
GEO_GSE333737_MERSCOPE_PANCREAS_VASCULAR,3,learned_permuted_prior,0,1.5,0.7856121962839447,0.7835238288461095,,0.0,
GEO_GSE333737_MERSCOPE_PANCREAS_VASCULAR,3,learned_permuted_prior,3,1.5,0.777989518818485,0.7757591280477244,,0.2,
GEO_GSE333737_MERSCOPE_PANCREAS_VASCULAR,3,learned_permuted_prior,4,1.5,0.7494044783230109,0.7462861940827092,,0.5,
GEO_GSE333737_MERSCOPE_PANCREAS_VASCULAR,3,learned_permuted_prior,5,1.5,0.6869938065745593,0.6833843848047272,,1.0,
GEO_GSE333737_MERSCOPE_PANCREAS_VASCULAR,4,marker_only,0,1.5,0.7832270720941638,0.7797740830027922,,,
GEO_GSE333737_MERSCOPE_PANCREAS_VASCULAR,4,marker_spatial_smoothing,4,1.5,0.7861696910250122,0.7832642907444459,0.5,,
GEO_GSE333737_MERSCOPE_PANCREAS_VASCULAR,4,marker_spatial_smoothing,3,1.5,0.7851888180480627,0.7819636875305718,0.2,,
GEO_GSE333737_MERSCOPE_PANCREAS_VASCULAR,4,marker_spatial_smoothing,2,1.5,0.7832270720941638,0.7798136702376757,0.1,,
GEO_GSE333737_MERSCOPE_PANCREAS_VASCULAR,4,marker_spatial_smoothing,0,1.5,0.7832270720941638,0.7797740830027922,0.0,,
GEO_GSE333737_MERSCOPE_PANCREAS_VASCULAR,4,marker_spatial_smoothing,1,1.5,0.7827366356056891,0.7793076382474761,0.05,,
GEO_GSE333737_MERSCOPE_PANCREAS_VASCULAR,4,marker_spatial_smoothing,5,1.5,0.7793035801863659,0.7761906551486412,1.0,,
GEO_GSE333737_MERSCOPE_PANCREAS_VASCULAR,4,marker_spatial_smoothing_random_graph,2,1.5,0.784698381559588,0.7812717239238126,0.1,,
GEO_GSE333737_MERSCOPE_PANCREAS_VASCULAR,4,marker_spatial_smoothing_random_graph,3,1.5,0.7842079450711132,0.7807887302789642,0.2,,
GEO_GSE333737_MERSCOPE_PANCREAS_VASCULAR,4,marker_spatial_smoothing_random_graph,4,1.5,0.7837175085826386,0.7804887573082058,0.5,,
GEO_GSE333737_MERSCOPE_PANCREAS_VASCULAR,4,marker_spatial_smoothing_random_graph,0,1.5,0.7832270720941638,0.7797740830027922,0.0,,
GEO_GSE333737_MERSCOPE_PANCREAS_VASCULAR,4,marker_spatial_smoothing_random_graph,1,1.5,0.7832270720941638,0.7797559058970698,0.05,,
GEO_GSE333737_MERSCOPE_PANCREAS_VASCULAR,4,marker_spatial_smoothing_random_graph,5,1.5,0.7817557626287396,0.7783789957234085,1.0,,
GEO_GSE333737_MERSCOPE_PANCREAS_VASCULAR,4,marker_learned_neighborhood,0,1.5,0.7832270720941638,0.7797740830027922,,0.0,
GEO_GSE333737_MERSCOPE_PANCREAS_VASCULAR,4,marker_learned_neighborhood,1,1.5,0.7827366356056891,0.7794399241636719,,0.05,
GEO_GSE333737_MERSCOPE_PANCREAS_VASCULAR,4,marker_learned_neighborhood,2,1.5,0.7788131436978911,0.7753469116657461,,0.1,
GEO_GSE333737_MERSCOPE_PANCREAS_VASCULAR,4,marker_learned_neighborhood,3,1.5,0.7758705247670427,0.7721876936665912,,0.2,
GEO_GSE333737_MERSCOPE_PANCREAS_VASCULAR,4,marker_learned_neighborhood,4,1.5,0.7346738597351643,0.7296835940906615,,0.5,
GEO_GSE333737_MERSCOPE_PANCREAS_VASCULAR,4,marker_learned_neighborhood,5,1.5,0.6709171162334477,0.6653040838657149,,1.0,
GEO_GSE333737_MERSCOPE_PANCREAS_VASCULAR,4,marker_context_specific_neighborhood,1,1.5,0.7837175085826386,0.7802266186274028,,,0.05
GEO_GSE333737_MERSCOPE_PANCREAS_VASCULAR,4,marker_context_specific_neighborhood,0,1.5,0.7832270720941638,0.7797740830027922,,,0.0
GEO_GSE333737_MERSCOPE_PANCREAS_VASCULAR,4,marker_context_specific_neighborhood,2,1.5,0.7812653261402648,0.777791232185326,,,0.1
GEO_GSE333737_MERSCOPE_PANCREAS_VASCULAR,4,marker_context_specific_neighborhood,3,1.5,0.7763609612555175,0.772774074349616,,,0.2
GEO_GSE333737_MERSCOPE_PANCREAS_VASCULAR,4,marker_context_specific_neighborhood,4,1.5,0.7415399705738107,0.7363339510926378,,,0.5
GEO_GSE333737_MERSCOPE_PANCREAS_VASCULAR,4,marker_context_specific_neighborhood,5,1.5,0.6777832270720942,0.672359528257347,,,1.0
GEO_GSE333737_MERSCOPE_PANCREAS_VASCULAR,4,learned_random_graph,0,1.5,0.7832270720941638,0.7797740830027922,,0.0,
GEO_GSE333737_MERSCOPE_PANCREAS_VASCULAR,4,learned_random_graph,1,1.5,0.7812653261402648,0.7777486318728519,,0.05,
GEO_GSE333737_MERSCOPE_PANCREAS_VASCULAR,4,learned_random_graph,2,1.5,0.7788131436978911,0.7750706279467247,,0.1,
GEO_GSE333737_MERSCOPE_PANCREAS_VASCULAR,4,learned_random_graph,3,1.5,0.769494850416871,0.765357285984389,,0.2,
GEO_GSE333737_MERSCOPE_PANCREAS_VASCULAR,4,learned_random_graph,4,1.5,0.7297694948504169,0.7244477205660111,,0.5,
GEO_GSE333737_MERSCOPE_PANCREAS_VASCULAR,4,learned_random_graph,5,1.5,0.6557135850907307,0.6497661486687693,,1.0,
GEO_GSE333737_MERSCOPE_PANCREAS_VASCULAR,4,learned_permuted_prior,2,1.5,0.7837175085826386,0.7803321742365339,,0.1,
GEO_GSE333737_MERSCOPE_PANCREAS_VASCULAR,4,learned_permuted_prior,1,1.5,0.7832270720941638,0.7798277139038567,,0.05,
GEO_GSE333737_MERSCOPE_PANCREAS_VASCULAR,4,learned_permuted_prior,0,1.5,0.7832270720941638,0.7797740830027922,,0.0,
GEO_GSE333737_MERSCOPE_PANCREAS_VASCULAR,4,learned_permuted_prior,3,1.5,0.7758705247670427,0.772268501584802,,0.2,
GEO_GSE333737_MERSCOPE_PANCREAS_VASCULAR,4,learned_permuted_prior,4,1.5,0.7484060814124571,0.7443645753061661,,0.5,
GEO_GSE333737_MERSCOPE_PANCREAS_VASCULAR,4,learned_permuted_prior,5,1.5,0.6748406081412457,0.6687761781120867,,1.0,
GEO_GSE333737_MERSCOPE_PANCREAS_VASCULAR,5,marker_only,0,1.5,0.7986206896551724,0.7959467818772973,,,
GEO_GSE333737_MERSCOPE_PANCREAS_VASCULAR,5,marker_spatial_smoothing,3,1.5,0.803448275862069,0.8007336910385658,0.2,,
GEO_GSE333737_MERSCOPE_PANCREAS_VASCULAR,5,marker_spatial_smoothing,2,1.5,0.8020689655172414,0.7995298327145033,0.1,,
GEO_GSE333737_MERSCOPE_PANCREAS_VASCULAR,5,marker_spatial_smoothing,4,1.5,0.8020689655172414,0.7992233137807733,0.5,,
GEO_GSE333737_MERSCOPE_PANCREAS_VASCULAR,5,marker_spatial_smoothing,5,1.5,0.8013793103448276,0.7987829796008851,1.0,,
GEO_GSE333737_MERSCOPE_PANCREAS_VASCULAR,5,marker_spatial_smoothing,1,1.5,0.7986206896551724,0.7959591240673772,0.05,,
GEO_GSE333737_MERSCOPE_PANCREAS_VASCULAR,5,marker_spatial_smoothing,0,1.5,0.7986206896551724,0.7959467818772973,0.0,,
GEO_GSE333737_MERSCOPE_PANCREAS_VASCULAR,5,marker_spatial_smoothing_random_graph,4,1.5,0.8048275862068965,0.8024667993726301,0.5,,
GEO_GSE333737_MERSCOPE_PANCREAS_VASCULAR,5,marker_spatial_smoothing_random_graph,3,1.5,0.8041379310344827,0.8011949889980008,0.2,,
GEO_GSE333737_MERSCOPE_PANCREAS_VASCULAR,5,marker_spatial_smoothing_random_graph,5,1.5,0.8027586206896552,0.8005483133067774,1.0,,
GEO_GSE333737_MERSCOPE_PANCREAS_VASCULAR,5,marker_spatial_smoothing_random_graph,2,1.5,0.8027586206896552,0.8000145739700474,0.1,,
GEO_GSE333737_MERSCOPE_PANCREAS_VASCULAR,5,marker_spatial_smoothing_random_graph,1,1.5,0.8006896551724138,0.7977873413632368,0.05,,
GEO_GSE333737_MERSCOPE_PANCREAS_VASCULAR,5,marker_spatial_smoothing_random_graph,0,1.5,0.7986206896551724,0.7959467818772973,0.0,,
GEO_GSE333737_MERSCOPE_PANCREAS_VASCULAR,5,marker_learned_neighborhood,1,1.5,0.803448275862069,0.800642886661602,,0.05,
GEO_GSE333737_MERSCOPE_PANCREAS_VASCULAR,5,marker_learned_neighborhood,2,1.5,0.7993103448275862,0.7962144281140453,,0.1,
GEO_GSE333737_MERSCOPE_PANCREAS_VASCULAR,5,marker_learned_neighborhood,0,1.5,0.7986206896551724,0.7959467818772973,,0.0,
GEO_GSE333737_MERSCOPE_PANCREAS_VASCULAR,5,marker_learned_neighborhood,3,1.5,0.7965517241379311,0.7930303725612544,,0.2,
GEO_GSE333737_MERSCOPE_PANCREAS_VASCULAR,5,marker_learned_neighborhood,4,1.5,0.7641379310344828,0.7591310129222772,,0.5,
GEO_GSE333737_MERSCOPE_PANCREAS_VASCULAR,5,marker_learned_neighborhood,5,1.5,0.6827586206896552,0.6771418178539056,,1.0,
GEO_GSE333737_MERSCOPE_PANCREAS_VASCULAR,5,marker_context_specific_neighborhood,1,1.5,0.8006896551724138,0.7978043597521915,,,0.05
GEO_GSE333737_MERSCOPE_PANCREAS_VASCULAR,5,marker_context_specific_neighborhood,2,1.5,0.7993103448275862,0.7961676153139609,,,0.1
GEO_GSE333737_MERSCOPE_PANCREAS_VASCULAR,5,marker_context_specific_neighborhood,0,1.5,0.7986206896551724,0.7959467818772973,,,0.0
GEO_GSE333737_MERSCOPE_PANCREAS_VASCULAR,5,marker_context_specific_neighborhood,3,1.5,0.7951724137931034,0.7914023392033478,,,0.2
GEO_GSE333737_MERSCOPE_PANCREAS_VASCULAR,5,marker_context_specific_neighborhood,4,1.5,0.7579310344827587,0.7519822917875647,,,0.5
GEO_GSE333737_MERSCOPE_PANCREAS_VASCULAR,5,marker_context_specific_neighborhood,5,1.5,0.6758620689655173,0.6682609021800469,,,1.0
GEO_GSE333737_MERSCOPE_PANCREAS_VASCULAR,5,learned_random_graph,1,1.5,0.8,0.7971620867584736,,0.05,
GEO_GSE333737_MERSCOPE_PANCREAS_VASCULAR,5,learned_random_graph,0,1.5,0.7986206896551724,0.7959467818772973,,0.0,
GEO_GSE333737_MERSCOPE_PANCREAS_VASCULAR,5,learned_random_graph,2,1.5,0.7979310344827586,0.7949655542151653,,0.1,
GEO_GSE333737_MERSCOPE_PANCREAS_VASCULAR,5,learned_random_graph,3,1.5,0.7889655172413793,0.7857719800442645,,0.2,
GEO_GSE333737_MERSCOPE_PANCREAS_VASCULAR,5,learned_random_graph,4,1.5,0.7482758620689656,0.7436220665573234,,0.5,
GEO_GSE333737_MERSCOPE_PANCREAS_VASCULAR,5,learned_random_graph,5,1.5,0.6731034482758621,0.6657895940376285,,1.0,
GEO_GSE333737_MERSCOPE_PANCREAS_VASCULAR,5,learned_permuted_prior,1,1.5,0.8006896551724138,0.7977261037263357,,0.05,
GEO_GSE333737_MERSCOPE_PANCREAS_VASCULAR,5,learned_permuted_prior,0,1.5,0.7986206896551724,0.7959467818772973,,0.0,
GEO_GSE333737_MERSCOPE_PANCREAS_VASCULAR,5,learned_permuted_prior,2,1.5,0.7972413793103448,0.7936029652743659,,0.1,
GEO_GSE333737_MERSCOPE_PANCREAS_VASCULAR,5,learned_permuted_prior,3,1.5,0.7944827586206896,0.790528468929803,,0.2,
GEO_GSE333737_MERSCOPE_PANCREAS_VASCULAR,5,learned_permuted_prior,4,1.5,0.756551724137931,0.7508114830150143,,0.5,
GEO_GSE333737_MERSCOPE_PANCREAS_VASCULAR,5,learned_permuted_prior,5,1.5,0.6834482758620689,0.6753767147567297,,1.0,
